TLS issuer binding=https://localhost:53807/realms/ops image=quay.io/keycloak/keycloak@sha256:1f91ac24e8d68b8189d5d53a8381464c1db0fcff479348d5de973a86b63d621c
{"Time":"2026-10-01T18:03:22.021424+08:00","Action":"start","Package":"ops-platform/test/integration"}
{"Time":"2026-10-01T18:03:22.633114+08:00","Action":"run","Package":"ops-platform/test/integration","Test":"TestRealArchiveTenantIAMTLS"}
{"Time":"2026-10-01T18:03:22.633217+08:00","Action":"output","Package":"ops-platform/test/integration","Test":"TestRealArchiveTenantIAMTLS","Output":"=== RUN   TestRealArchiveTenantIAMTLS\n","OutputType":"frame"}
{"Time":"2026-10-01T18:03:28.810846+08:00","Action":"output","Package":"ops-platform/test/integration","Test":"TestRealArchiveTenantIAMTLS","Output":"    archive_iam_test.go:145: owned TLS/IAM fixture image=docker.io/chrislusf/seaweedfs@sha256:d4cf67729aa8777e1a43a5b61d72e5b96179e4b7bac9a221cb14cbc2036cb32e id=96c96520d691599c4677c388dd1964d5f553b67549fad1a8eae739eb0ca32f4a bucket=sp03-iam-bd4fe272 tenants=2\n"}
{"Time":"2026-10-01T18:03:29.053788+08:00","Action":"output","Package":"ops-platform/test/integration","Test":"TestRealArchiveTenantIAMTLS","Output":"    archive_iam_test.go:189: HTTPS, independent CA, separate tenant principals, own-prefix access, foreign list/get rejection, global-principal rejection passed\n"}
{"Time":"2026-10-01T18:03:29.295664+08:00","Action":"output","Package":"ops-platform/test/integration","Test":"TestRealArchiveTenantIAMTLS","Output":"--- PASS: TestRealArchiveTenantIAMTLS (6.66s)\n","OutputType":"frame"}
{"Time":"2026-10-01T18:03:29.295709+08:00","Action":"pass","Package":"ops-platform/test/integration","Test":"TestRealArchiveTenantIAMTLS","Elapsed":6.66}
{"Time":"2026-10-01T18:03:29.295752+08:00","Action":"run","Package":"ops-platform/test/integration","Test":"TestRealOpenBaoTransitAndSeaweedS3AuditArchive"}
{"Time":"2026-10-01T18:03:29.295761+08:00","Action":"output","Package":"ops-platform/test/integration","Test":"TestRealOpenBaoTransitAndSeaweedS3AuditArchive","Output":"=== RUN   TestRealOpenBaoTransitAndSeaweedS3AuditArchive\n","OutputType":"frame"}
{"Time":"2026-10-01T18:03:29.589372+08:00","Action":"output","Package":"ops-platform/test/integration","Test":"TestRealOpenBaoTransitAndSeaweedS3AuditArchive","Output":"2026/10/01 18:03:29 OK   00001_roles_and_schemas.sql (9.66ms)\n"}
{"Time":"2026-10-01T18:03:29.589461+08:00","Action":"output","Package":"ops-platform/test/integration","Test":"TestRealOpenBaoTransitAndSeaweedS3AuditArchive","Output":"2026/10/01 18:03:29 goose: successfully migrated database to version: 1\n"}
{"Time":"2026-10-01T18:03:29.612887+08:00","Action":"output","Package":"ops-platform/test/integration","Test":"TestRealOpenBaoTransitAndSeaweedS3AuditArchive","Output":"2026/10/01 18:03:29 OK   00002_platform_meta.sql (14.21ms)\n"}
{"Time":"2026-10-01T18:03:29.619944+08:00","Action":"output","Package":"ops-platform/test/integration","Test":"TestRealOpenBaoTransitAndSeaweedS3AuditArchive","Output":"2026/10/01 18:03:29 OK   00003_finding.sql (6.72ms)\n"}
{"Time":"2026-10-01T18:03:29.624997+08:00","Action":"output","Package":"ops-platform/test/integration","Test":"TestRealOpenBaoTransitAndSeaweedS3AuditArchive","Output":"2026/10/01 18:03:29 OK   00004_incident.sql (4.87ms)\n"}
{"Time":"2026-10-01T18:03:29.630671+08:00","Action":"output","Package":"ops-platform/test/integration","Test":"TestRealOpenBaoTransitAndSeaweedS3AuditArchive","Output":"2026/10/01 18:03:29 OK   00005_investigation.sql (5.45ms)\n"}
{"Time":"2026-10-01T18:03:29.635968+08:00","Action":"output","Package":"ops-platform/test/integration","Test":"TestRealOpenBaoTransitAndSeaweedS3AuditArchive","Output":"2026/10/01 18:03:29 OK   00006_action_command.sql (5.08ms)\n"}
{"Time":"2026-10-01T18:03:29.643932+08:00","Action":"output","Package":"ops-platform/test/integration","Test":"TestRealOpenBaoTransitAndSeaweedS3AuditArchive","Output":"2026/10/01 18:03:29 OK   00007_audit.sql (7.71ms)\n"}
{"Time":"2026-10-01T18:03:29.65035+08:00","Action":"output","Package":"ops-platform/test/integration","Test":"TestRealOpenBaoTransitAndSeaweedS3AuditArchive","Output":"2026/10/01 18:03:29 OK   00008_rls.sql (6.27ms)\n"}
{"Time":"2026-10-01T18:03:29.656445+08:00","Action":"output","Package":"ops-platform/test/integration","Test":"TestRealOpenBaoTransitAndSeaweedS3AuditArchive","Output":"2026/10/01 18:03:29 OK   00009_idempotency_ledger.sql (5.92ms)\n"}
{"Time":"2026-10-01T18:03:29.660765+08:00","Action":"output","Package":"ops-platform/test/integration","Test":"TestRealOpenBaoTransitAndSeaweedS3AuditArchive","Output":"2026/10/01 18:03:29 OK   00010_tenant_provisioning.sql (4.15ms)\n"}
{"Time":"2026-10-01T18:03:29.666359+08:00","Action":"output","Package":"ops-platform/test/integration","Test":"TestRealOpenBaoTransitAndSeaweedS3AuditArchive","Output":"2026/10/01 18:03:29 OK   00011_source_registration_history.sql (5.46ms)\n"}
{"Time":"2026-10-01T18:03:29.674251+08:00","Action":"output","Package":"ops-platform/test/integration","Test":"TestRealOpenBaoTransitAndSeaweedS3AuditArchive","Output":"2026/10/01 18:03:29 OK   00012_config_registry_lifecycle.sql (7.72ms)\n"}
{"Time":"2026-10-01T18:03:29.68415+08:00","Action":"output","Package":"ops-platform/test/integration","Test":"TestRealOpenBaoTransitAndSeaweedS3AuditArchive","Output":"2026/10/01 18:03:29 OK   00013_audit_signed_segments.sql (9.59ms)\n"}
{"Time":"2026-10-01T18:03:29.688906+08:00","Action":"output","Package":"ops-platform/test/integration","Test":"TestRealOpenBaoTransitAndSeaweedS3AuditArchive","Output":"2026/10/01 18:03:29 OK   00014_audit_segment_predecessors.sql (4.6ms)\n"}
{"Time":"2026-10-01T18:03:29.691784+08:00","Action":"output","Package":"ops-platform/test/integration","Test":"TestRealOpenBaoTransitAndSeaweedS3AuditArchive","Output":"2026/10/01 18:03:29 OK   00015_source_schema_scope.sql (2.78ms)\n"}
{"Time":"2026-10-01T18:03:29.695425+08:00","Action":"output","Package":"ops-platform/test/integration","Test":"TestRealOpenBaoTransitAndSeaweedS3AuditArchive","Output":"2026/10/01 18:03:29 OK   00016_cluster_registration_metadata.sql (3.52ms)\n"}
{"Time":"2026-10-01T18:03:29.695453+08:00","Action":"output","Package":"ops-platform/test/integration","Test":"TestRealOpenBaoTransitAndSeaweedS3AuditArchive","Output":"2026/10/01 18:03:29 goose: successfully migrated database to version: 16\n"}
{"Time":"2026-10-01T18:03:29.743569+08:00","Action":"output","Package":"ops-platform/test/integration","Test":"TestRealOpenBaoTransitAndSeaweedS3AuditArchive","Output":"    archive_services_test.go:182: isolated S3 bucket=sp03-406f49da object=a915839e-a71b-4d0b-8b90-d91eb712f4bc digest=sha256:29e16a3c7cd8a747ca75df38a1eeb48a2e1ac0ca49630508c723320b21457c70; audit tenant=7d2841fd-29df-4b5a-936d-00b9df763b29 segment=01a0f6eb-482f-7626-86d8-649f6846eb7a seq=1 verified\n"}
{"Time":"2026-10-01T18:03:29.853418+08:00","Action":"output","Package":"ops-platform/test/integration","Test":"TestRealOpenBaoTransitAndSeaweedS3AuditArchive","Output":"--- PASS: TestRealOpenBaoTransitAndSeaweedS3AuditArchive (0.56s)\n","OutputType":"frame"}
{"Time":"2026-10-01T18:03:29.853615+08:00","Action":"pass","Package":"ops-platform/test/integration","Test":"TestRealOpenBaoTransitAndSeaweedS3AuditArchive","Elapsed":0.56}
{"Time":"2026-10-01T18:03:29.853696+08:00","Action":"run","Package":"ops-platform/test/integration","Test":"TestAuditSegmentsAppendConcurrentlyRecoverAndVerifyTenantScoped"}
{"Time":"2026-10-01T18:03:29.853722+08:00","Action":"output","Package":"ops-platform/test/integration","Test":"TestAuditSegmentsAppendConcurrentlyRecoverAndVerifyTenantScoped","Output":"=== RUN   TestAuditSegmentsAppendConcurrentlyRecoverAndVerifyTenantScoped\n","OutputType":"frame"}
{"Time":"2026-10-01T18:03:29.885479+08:00","Action":"output","Package":"ops-platform/test/integration","Test":"TestAuditSegmentsAppendConcurrentlyRecoverAndVerifyTenantScoped","Output":"2026/10/01 18:03:29 OK   00001_roles_and_schemas.sql (6.47ms)\n"}
{"Time":"2026-10-01T18:03:29.885643+08:00","Action":"output","Package":"ops-platform/test/integration","Test":"TestAuditSegmentsAppendConcurrentlyRecoverAndVerifyTenantScoped","Output":"2026/10/01 18:03:29 goose: successfully migrated database to version: 1\n"}
{"Time":"2026-10-01T18:03:29.905239+08:00","Action":"output","Package":"ops-platform/test/integration","Test":"TestAuditSegmentsAppendConcurrentlyRecoverAndVerifyTenantScoped","Output":"2026/10/01 18:03:29 OK   00002_platform_meta.sql (14.13ms)\n"}
{"Time":"2026-10-01T18:03:29.911637+08:00","Action":"output","Package":"ops-platform/test/integration","Test":"TestAuditSegmentsAppendConcurrentlyRecoverAndVerifyTenantScoped","Output":"2026/10/01 18:03:29 OK   00003_finding.sql (6.19ms)\n"}
{"Time":"2026-10-01T18:03:29.916693+08:00","Action":"output","Package":"ops-platform/test/integration","Test":"TestAuditSegmentsAppendConcurrentlyRecoverAndVerifyTenantScoped","Output":"2026/10/01 18:03:29 OK   00004_incident.sql (4.34ms)\n"}
{"Time":"2026-10-01T18:03:29.921519+08:00","Action":"output","Package":"ops-platform/test/integration","Test":"TestAuditSegmentsAppendConcurrentlyRecoverAndVerifyTenantScoped","Output":"2026/10/01 18:03:29 OK   00005_investigation.sql (4.67ms)\n"}
{"Time":"2026-10-01T18:03:29.927031+08:00","Action":"output","Package":"ops-platform/test/integration","Test":"TestAuditSegmentsAppendConcurrentlyRecoverAndVerifyTenantScoped","Output":"2026/10/01 18:03:29 OK   00006_action_command.sql (5ms)\n"}
{"Time":"2026-10-01T18:03:29.934845+08:00","Action":"output","Package":"ops-platform/test/integration","Test":"TestAuditSegmentsAppendConcurrentlyRecoverAndVerifyTenantScoped","Output":"2026/10/01 18:03:29 OK   00007_audit.sql (7.87ms)\n"}
{"Time":"2026-10-01T18:03:29.941532+08:00","Action":"output","Package":"ops-platform/test/integration","Test":"TestAuditSegmentsAppendConcurrentlyRecoverAndVerifyTenantScoped","Output":"2026/10/01 18:03:29 OK   00008_rls.sql (6.47ms)\n"}
{"Time":"2026-10-01T18:03:29.946401+08:00","Action":"output","Package":"ops-platform/test/integration","Test":"TestAuditSegmentsAppendConcurrentlyRecoverAndVerifyTenantScoped","Output":"2026/10/01 18:03:29 OK   00009_idempotency_ledger.sql (4.71ms)\n"}
{"Time":"2026-10-01T18:03:29.949438+08:00","Action":"output","Package":"ops-platform/test/integration","Test":"TestAuditSegmentsAppendConcurrentlyRecoverAndVerifyTenantScoped","Output":"2026/10/01 18:03:29 OK   00010_tenant_provisioning.sql (2.88ms)\n"}
{"Time":"2026-10-01T18:03:29.957525+08:00","Action":"output","Package":"ops-platform/test/integration","Test":"TestAuditSegmentsAppendConcurrentlyRecoverAndVerifyTenantScoped","Output":"2026/10/01 18:03:29 OK   00011_source_registration_history.sql (7.89ms)\n"}
{"Time":"2026-10-01T18:03:29.973855+08:00","Action":"output","Package":"ops-platform/test/integration","Test":"TestAuditSegmentsAppendConcurrentlyRecoverAndVerifyTenantScoped","Output":"2026/10/01 18:03:29 OK   00012_config_registry_lifecycle.sql (16.11ms)\n"}
{"Time":"2026-10-01T18:03:29.983129+08:00","Action":"output","Package":"ops-platform/test/integration","Test":"TestAuditSegmentsAppendConcurrentlyRecoverAndVerifyTenantScoped","Output":"2026/10/01 18:03:29 OK   00013_audit_signed_segments.sql (8.94ms)\n"}
{"Time":"2026-10-01T18:03:29.986596+08:00","Action":"output","Package":"ops-platform/test/integration","Test":"TestAuditSegmentsAppendConcurrentlyRecoverAndVerifyTenantScoped","Output":"2026/10/01 18:03:29 OK   00014_audit_segment_predecessors.sql (3.33ms)\n"}
{"Time":"2026-10-01T18:03:29.988385+08:00","Action":"output","Package":"ops-platform/test/integration","Test":"TestAuditSegmentsAppendConcurrentlyRecoverAndVerifyTenantScoped","Output":"2026/10/01 18:03:29 OK   00015_source_schema_scope.sql (1.72ms)\n"}
{"Time":"2026-10-01T18:03:29.990911+08:00","Action":"output","Package":"ops-platform/test/integration","Test":"TestAuditSegmentsAppendConcurrentlyRecoverAndVerifyTenantScoped","Output":"2026/10/01 18:03:29 OK   00016_cluster_registration_metadata.sql (2.45ms)\n"}
{"Time":"2026-10-01T18:03:29.990947+08:00","Action":"output","Package":"ops-platform/test/integration","Test":"TestAuditSegmentsAppendConcurrentlyRecoverAndVerifyTenantScoped","Output":"2026/10/01 18:03:29 goose: successfully migrated database to version: 16\n"}
{"Time":"2026-10-01T18:03:32.052312+08:00","Action":"output","Package":"ops-platform/test/integration","Test":"TestAuditSegmentsAppendConcurrentlyRecoverAndVerifyTenantScoped","Output":"--- PASS: TestAuditSegmentsAppendConcurrentlyRecoverAndVerifyTenantScoped (2.20s)\n","OutputType":"frame"}
{"Time":"2026-10-01T18:03:32.052925+08:00","Action":"pass","Package":"ops-platform/test/integration","Test":"TestAuditSegmentsAppendConcurrentlyRecoverAndVerifyTenantScoped","Elapsed":2.2}
{"Time":"2026-10-01T18:03:32.053014+08:00","Action":"run","Package":"ops-platform/test/integration","Test":"TestRoleBindingsAndStepUpSessions"}
{"Time":"2026-10-01T18:03:32.053043+08:00","Action":"output","Package":"ops-platform/test/integration","Test":"TestRoleBindingsAndStepUpSessions","Output":"=== RUN   TestRoleBindingsAndStepUpSessions\n","OutputType":"frame"}
{"Time":"2026-10-01T18:03:32.113151+08:00","Action":"output","Package":"ops-platform/test/integration","Test":"TestRoleBindingsAndStepUpSessions","Output":"2026/10/01 18:03:32 OK   00001_roles_and_schemas.sql (9.28ms)\n"}
{"Time":"2026-10-01T18:03:32.113202+08:00","Action":"output","Package":"ops-platform/test/integration","Test":"TestRoleBindingsAndStepUpSessions","Output":"2026/10/01 18:03:32 goose: successfully migrated database to version: 1\n"}
{"Time":"2026-10-01T18:03:32.139671+08:00","Action":"output","Package":"ops-platform/test/integration","Test":"TestRoleBindingsAndStepUpSessions","Output":"2026/10/01 18:03:32 OK   00002_platform_meta.sql (17.1ms)\n"}
{"Time":"2026-10-01T18:03:32.148019+08:00","Action":"output","Package":"ops-platform/test/integration","Test":"TestRoleBindingsAndStepUpSessions","Output":"2026/10/01 18:03:32 OK   00003_finding.sql (7.74ms)\n"}
{"Time":"2026-10-01T18:03:32.153548+08:00","Action":"output","Package":"ops-platform/test/integration","Test":"TestRoleBindingsAndStepUpSessions","Output":"2026/10/01 18:03:32 OK   00004_incident.sql (5.19ms)\n"}
{"Time":"2026-10-01T18:03:32.16003+08:00","Action":"output","Package":"ops-platform/test/integration","Test":"TestRoleBindingsAndStepUpSessions","Output":"2026/10/01 18:03:32 OK   00005_investigation.sql (6.2ms)\n"}
{"Time":"2026-10-01T18:03:32.166324+08:00","Action":"output","Package":"ops-platform/test/integration","Test":"TestRoleBindingsAndStepUpSessions","Output":"2026/10/01 18:03:32 OK   00006_action_command.sql (6.04ms)\n"}
{"Time":"2026-10-01T18:03:32.175965+08:00","Action":"output","Package":"ops-platform/test/integration","Test":"TestRoleBindingsAndStepUpSessions","Output":"2026/10/01 18:03:32 OK   00007_audit.sql (9.36ms)\n"}
{"Time":"2026-10-01T18:03:32.184677+08:00","Action":"output","Package":"ops-platform/test/integration","Test":"TestRoleBindingsAndStepUpSessions","Output":"2026/10/01 18:03:32 OK   00008_rls.sql (8.47ms)\n"}
{"Time":"2026-10-01T18:03:32.191596+08:00","Action":"output","Package":"ops-platform/test/integration","Test":"TestRoleBindingsAndStepUpSessions","Output":"2026/10/01 18:03:32 OK   00009_idempotency_ledger.sql (6.67ms)\n"}
{"Time":"2026-10-01T18:03:32.196188+08:00","Action":"output","Package":"ops-platform/test/integration","Test":"TestRoleBindingsAndStepUpSessions","Output":"2026/10/01 18:03:32 OK   00010_tenant_provisioning.sql (4.45ms)\n"}
{"Time":"2026-10-01T18:03:32.20267+08:00","Action":"output","Package":"ops-platform/test/integration","Test":"TestRoleBindingsAndStepUpSessions","Output":"2026/10/01 18:03:32 OK   00011_source_registration_history.sql (6.27ms)\n"}
{"Time":"2026-10-01T18:03:32.211057+08:00","Action":"output","Package":"ops-platform/test/integration","Test":"TestRoleBindingsAndStepUpSessions","Output":"2026/10/01 18:03:32 OK   00012_config_registry_lifecycle.sql (8.14ms)\n"}
{"Time":"2026-10-01T18:03:32.221483+08:00","Action":"output","Package":"ops-platform/test/integration","Test":"TestRoleBindingsAndStepUpSessions","Output":"2026/10/01 18:03:32 OK   00013_audit_signed_segments.sql (10.17ms)\n"}
{"Time":"2026-10-01T18:03:32.226897+08:00","Action":"output","Package":"ops-platform/test/integration","Test":"TestRoleBindingsAndStepUpSessions","Output":"2026/10/01 18:03:32 OK   00014_audit_segment_predecessors.sql (5.27ms)\n"}
{"Time":"2026-10-01T18:03:32.230259+08:00","Action":"output","Package":"ops-platform/test/integration","Test":"TestRoleBindingsAndStepUpSessions","Output":"2026/10/01 18:03:32 OK   00015_source_schema_scope.sql (3.29ms)\n"}
{"Time":"2026-10-01T18:03:32.234439+08:00","Action":"output","Package":"ops-platform/test/integration","Test":"TestRoleBindingsAndStepUpSessions","Output":"2026/10/01 18:03:32 OK   00016_cluster_registration_metadata.sql (4.09ms)\n"}
{"Time":"2026-10-01T18:03:32.234488+08:00","Action":"output","Package":"ops-platform/test/integration","Test":"TestRoleBindingsAndStepUpSessions","Output":"2026/10/01 18:03:32 goose: successfully migrated database to version: 16\n"}
{"Time":"2026-10-01T18:03:32.316142+08:00","Action":"output","Package":"ops-platform/test/integration","Test":"TestRoleBindingsAndStepUpSessions","Output":"--- PASS: TestRoleBindingsAndStepUpSessions (0.26s)\n","OutputType":"frame"}
{"Time":"2026-10-01T18:03:32.316333+08:00","Action":"pass","Package":"ops-platform/test/integration","Test":"TestRoleBindingsAndStepUpSessions","Elapsed":0.26}
{"Time":"2026-10-01T18:03:32.316373+08:00","Action":"run","Package":"ops-platform/test/integration","Test":"TestConfigRegistryPublishesActivatesRollsBackAndPreservesHistory"}
{"Time":"2026-10-01T18:03:32.316393+08:00","Action":"output","Package":"ops-platform/test/integration","Test":"TestConfigRegistryPublishesActivatesRollsBackAndPreservesHistory","Output":"=== RUN   TestConfigRegistryPublishesActivatesRollsBackAndPreservesHistory\n","OutputType":"frame"}
{"Time":"2026-10-01T18:03:32.353096+08:00","Action":"output","Package":"ops-platform/test/integration","Test":"TestConfigRegistryPublishesActivatesRollsBackAndPreservesHistory","Output":"2026/10/01 18:03:32 OK   00001_roles_and_schemas.sql (6.41ms)\n"}
{"Time":"2026-10-01T18:03:32.353144+08:00","Action":"output","Package":"ops-platform/test/integration","Test":"TestConfigRegistryPublishesActivatesRollsBackAndPreservesHistory","Output":"2026/10/01 18:03:32 goose: successfully migrated database to version: 1\n"}
{"Time":"2026-10-01T18:03:32.371916+08:00","Action":"output","Package":"ops-platform/test/integration","Test":"TestConfigRegistryPublishesActivatesRollsBackAndPreservesHistory","Output":"2026/10/01 18:03:32 OK   00002_platform_meta.sql (12.83ms)\n"}
{"Time":"2026-10-01T18:03:32.377764+08:00","Action":"output","Package":"ops-platform/test/integration","Test":"TestConfigRegistryPublishesActivatesRollsBackAndPreservesHistory","Output":"2026/10/01 18:03:32 OK   00003_finding.sql (5.69ms)\n"}
{"Time":"2026-10-01T18:03:32.382359+08:00","Action":"output","Package":"ops-platform/test/integration","Test":"TestConfigRegistryPublishesActivatesRollsBackAndPreservesHistory","Output":"2026/10/01 18:03:32 OK   00004_incident.sql (4.21ms)\n"}
{"Time":"2026-10-01T18:03:32.386909+08:00","Action":"output","Package":"ops-platform/test/integration","Test":"TestConfigRegistryPublishesActivatesRollsBackAndPreservesHistory","Output":"2026/10/01 18:03:32 OK   00005_investigation.sql (4.44ms)\n"}
{"Time":"2026-10-01T18:03:32.391117+08:00","Action":"output","Package":"ops-platform/test/integration","Test":"TestConfigRegistryPublishesActivatesRollsBackAndPreservesHistory","Output":"2026/10/01 18:03:32 OK   00006_action_command.sql (4.09ms)\n"}
{"Time":"2026-10-01T18:03:32.397996+08:00","Action":"output","Package":"ops-platform/test/integration","Test":"TestConfigRegistryPublishesActivatesRollsBackAndPreservesHistory","Output":"2026/10/01 18:03:32 OK   00007_audit.sql (6.76ms)\n"}
{"Time":"2026-10-01T18:03:32.404862+08:00","Action":"output","Package":"ops-platform/test/integration","Test":"TestConfigRegistryPublishesActivatesRollsBackAndPreservesHistory","Output":"2026/10/01 18:03:32 OK   00008_rls.sql (6.75ms)\n"}
{"Time":"2026-10-01T18:03:32.411598+08:00","Action":"output","Package":"ops-platform/test/integration","Test":"TestConfigRegistryPublishesActivatesRollsBackAndPreservesHistory","Output":"2026/10/01 18:03:32 OK   00009_idempotency_ledger.sql (6.59ms)\n"}
{"Time":"2026-10-01T18:03:32.415262+08:00","Action":"output","Package":"ops-platform/test/integration","Test":"TestConfigRegistryPublishesActivatesRollsBackAndPreservesHistory","Output":"2026/10/01 18:03:32 OK   00010_tenant_provisioning.sql (3.53ms)\n"}
{"Time":"2026-10-01T18:03:32.420211+08:00","Action":"output","Package":"ops-platform/test/integration","Test":"TestConfigRegistryPublishesActivatesRollsBackAndPreservesHistory","Output":"2026/10/01 18:03:32 OK   00011_source_registration_history.sql (4.81ms)\n"}
{"Time":"2026-10-01T18:03:32.427088+08:00","Action":"output","Package":"ops-platform/test/integration","Test":"TestConfigRegistryPublishesActivatesRollsBackAndPreservesHistory","Output":"2026/10/01 18:03:32 OK   00012_config_registry_lifecycle.sql (6.69ms)\n"}
{"Time":"2026-10-01T18:03:32.43615+08:00","Action":"output","Package":"ops-platform/test/integration","Test":"TestConfigRegistryPublishesActivatesRollsBackAndPreservesHistory","Output":"2026/10/01 18:03:32 OK   00013_audit_signed_segments.sql (8.86ms)\n"}
{"Time":"2026-10-01T18:03:32.440355+08:00","Action":"output","Package":"ops-platform/test/integration","Test":"TestConfigRegistryPublishesActivatesRollsBackAndPreservesHistory","Output":"2026/10/01 18:03:32 OK   00014_audit_segment_predecessors.sql (4.06ms)\n"}
{"Time":"2026-10-01T18:03:32.442832+08:00","Action":"output","Package":"ops-platform/test/integration","Test":"TestConfigRegistryPublishesActivatesRollsBackAndPreservesHistory","Output":"2026/10/01 18:03:32 OK   00015_source_schema_scope.sql (2.4ms)\n"}
{"Time":"2026-10-01T18:03:32.445962+08:00","Action":"output","Package":"ops-platform/test/integration","Test":"TestConfigRegistryPublishesActivatesRollsBackAndPreservesHistory","Output":"2026/10/01 18:03:32 OK   00016_cluster_registration_metadata.sql (3.05ms)\n"}
{"Time":"2026-10-01T18:03:32.445984+08:00","Action":"output","Package":"ops-platform/test/integration","Test":"TestConfigRegistryPublishesActivatesRollsBackAndPreservesHistory","Output":"2026/10/01 18:03:32 goose: successfully migrated database to version: 16\n"}
{"Time":"2026-10-01T18:03:32.611885+08:00","Action":"output","Package":"ops-platform/test/integration","Test":"TestConfigRegistryPublishesActivatesRollsBackAndPreservesHistory","Output":"--- PASS: TestConfigRegistryPublishesActivatesRollsBackAndPreservesHistory (0.30s)\n","OutputType":"frame"}
{"Time":"2026-10-01T18:03:32.612087+08:00","Action":"pass","Package":"ops-platform/test/integration","Test":"TestConfigRegistryPublishesActivatesRollsBackAndPreservesHistory","Elapsed":0.3}
{"Time":"2026-10-01T18:03:32.612134+08:00","Action":"run","Package":"ops-platform/test/integration","Test":"TestIdempotencyLedgerSchema"}
{"Time":"2026-10-01T18:03:32.61216+08:00","Action":"output","Package":"ops-platform/test/integration","Test":"TestIdempotencyLedgerSchema","Output":"=== RUN   TestIdempotencyLedgerSchema\n","OutputType":"frame"}
{"Time":"2026-10-01T18:03:32.650019+08:00","Action":"output","Package":"ops-platform/test/integration","Test":"TestIdempotencyLedgerSchema","Output":"2026/10/01 18:03:32 OK   00001_roles_and_schemas.sql (8.39ms)\n"}
{"Time":"2026-10-01T18:03:32.650193+08:00","Action":"output","Package":"ops-platform/test/integration","Test":"TestIdempotencyLedgerSchema","Output":"2026/10/01 18:03:32 goose: successfully migrated database to version: 1\n"}
{"Time":"2026-10-01T18:03:32.670461+08:00","Action":"output","Package":"ops-platform/test/integration","Test":"TestIdempotencyLedgerSchema","Output":"2026/10/01 18:03:32 OK   00002_platform_meta.sql (14.35ms)\n"}
{"Time":"2026-10-01T18:03:32.676201+08:00","Action":"output","Package":"ops-platform/test/integration","Test":"TestIdempotencyLedgerSchema","Output":"2026/10/01 18:03:32 OK   00003_finding.sql (5.59ms)\n"}
{"Time":"2026-10-01T18:03:32.680359+08:00","Action":"output","Package":"ops-platform/test/integration","Test":"TestIdempotencyLedgerSchema","Output":"2026/10/01 18:03:32 OK   00004_incident.sql (4.04ms)\n"}
{"Time":"2026-10-01T18:03:32.685015+08:00","Action":"output","Package":"ops-platform/test/integration","Test":"TestIdempotencyLedgerSchema","Output":"2026/10/01 18:03:32 OK   00005_investigation.sql (4.5ms)\n"}
{"Time":"2026-10-01T18:03:32.689588+08:00","Action":"output","Package":"ops-platform/test/integration","Test":"TestIdempotencyLedgerSchema","Output":"2026/10/01 18:03:32 OK   00006_action_command.sql (4.39ms)\n"}
{"Time":"2026-10-01T18:03:32.696556+08:00","Action":"output","Package":"ops-platform/test/integration","Test":"TestIdempotencyLedgerSchema","Output":"2026/10/01 18:03:32 OK   00007_audit.sql (6.77ms)\n"}
{"Time":"2026-10-01T18:03:32.7032+08:00","Action":"output","Package":"ops-platform/test/integration","Test":"TestIdempotencyLedgerSchema","Output":"2026/10/01 18:03:32 OK   00008_rls.sql (6.5ms)\n"}
{"Time":"2026-10-01T18:03:32.708389+08:00","Action":"output","Package":"ops-platform/test/integration","Test":"TestIdempotencyLedgerSchema","Output":"2026/10/01 18:03:32 OK   00009_idempotency_ledger.sql (5.02ms)\n"}
{"Time":"2026-10-01T18:03:32.71116+08:00","Action":"output","Package":"ops-platform/test/integration","Test":"TestIdempotencyLedgerSchema","Output":"2026/10/01 18:03:32 OK   00010_tenant_provisioning.sql (2.67ms)\n"}
{"Time":"2026-10-01T18:03:32.715861+08:00","Action":"output","Package":"ops-platform/test/integration","Test":"TestIdempotencyLedgerSchema","Output":"2026/10/01 18:03:32 OK   00011_source_registration_history.sql (4.59ms)\n"}
{"Time":"2026-10-01T18:03:32.722787+08:00","Action":"output","Package":"ops-platform/test/integration","Test":"TestIdempotencyLedgerSchema","Output":"2026/10/01 18:03:32 OK   00012_config_registry_lifecycle.sql (6.74ms)\n"}
{"Time":"2026-10-01T18:03:32.73164+08:00","Action":"output","Package":"ops-platform/test/integration","Test":"TestIdempotencyLedgerSchema","Output":"2026/10/01 18:03:32 OK   00013_audit_signed_segments.sql (8.62ms)\n"}
{"Time":"2026-10-01T18:03:32.736499+08:00","Action":"output","Package":"ops-platform/test/integration","Test":"TestIdempotencyLedgerSchema","Output":"2026/10/01 18:03:32 OK   00014_audit_segment_predecessors.sql (4.73ms)\n"}
{"Time":"2026-10-01T18:03:32.740589+08:00","Action":"output","Package":"ops-platform/test/integration","Test":"TestIdempotencyLedgerSchema","Output":"2026/10/01 18:03:32 OK   00015_source_schema_scope.sql (3.96ms)\n"}
{"Time":"2026-10-01T18:03:32.745197+08:00","Action":"output","Package":"ops-platform/test/integration","Test":"TestIdempotencyLedgerSchema","Output":"2026/10/01 18:03:32 OK   00016_cluster_registration_metadata.sql (4.46ms)\n"}
{"Time":"2026-10-01T18:03:32.745255+08:00","Action":"output","Package":"ops-platform/test/integration","Test":"TestIdempotencyLedgerSchema","Output":"2026/10/01 18:03:32 goose: successfully migrated database to version: 16\n"}
{"Time":"2026-10-01T18:03:32.901842+08:00","Action":"output","Package":"ops-platform/test/integration","Test":"TestIdempotencyLedgerSchema","Output":"--- PASS: TestIdempotencyLedgerSchema (0.29s)\n","OutputType":"frame"}
{"Time":"2026-10-01T18:03:32.902084+08:00","Action":"pass","Package":"ops-platform/test/integration","Test":"TestIdempotencyLedgerSchema","Elapsed":0.29}
{"Time":"2026-10-01T18:03:32.90215+08:00","Action":"run","Package":"ops-platform/test/integration","Test":"TestIdempotencyLedger"}
{"Time":"2026-10-01T18:03:32.902176+08:00","Action":"output","Package":"ops-platform/test/integration","Test":"TestIdempotencyLedger","Output":"=== RUN   TestIdempotencyLedger\n","OutputType":"frame"}
{"Time":"2026-10-01T18:03:32.939084+08:00","Action":"output","Package":"ops-platform/test/integration","Test":"TestIdempotencyLedger","Output":"2026/10/01 18:03:32 OK   00001_roles_and_schemas.sql (7.81ms)\n"}
{"Time":"2026-10-01T18:03:32.939135+08:00","Action":"output","Package":"ops-platform/test/integration","Test":"TestIdempotencyLedger","Output":"2026/10/01 18:03:32 goose: successfully migrated database to version: 1\n"}
{"Time":"2026-10-01T18:03:32.959231+08:00","Action":"output","Package":"ops-platform/test/integration","Test":"TestIdempotencyLedger","Output":"2026/10/01 18:03:32 OK   00002_platform_meta.sql (13.32ms)\n"}
{"Time":"2026-10-01T18:03:32.964855+08:00","Action":"output","Package":"ops-platform/test/integration","Test":"TestIdempotencyLedger","Output":"2026/10/01 18:03:32 OK   00003_finding.sql (5.48ms)\n"}
{"Time":"2026-10-01T18:03:32.969482+08:00","Action":"output","Package":"ops-platform/test/integration","Test":"TestIdempotencyLedger","Output":"2026/10/01 18:03:32 OK   00004_incident.sql (4.2ms)\n"}
{"Time":"2026-10-01T18:03:32.976761+08:00","Action":"output","Package":"ops-platform/test/integration","Test":"TestIdempotencyLedger","Output":"2026/10/01 18:03:32 OK   00005_investigation.sql (7.12ms)\n"}
{"Time":"2026-10-01T18:03:32.981235+08:00","Action":"output","Package":"ops-platform/test/integration","Test":"TestIdempotencyLedger","Output":"2026/10/01 18:03:32 OK   00006_action_command.sql (4.33ms)\n"}
{"Time":"2026-10-01T18:03:32.988622+08:00","Action":"output","Package":"ops-platform/test/integration","Test":"TestIdempotencyLedger","Output":"2026/10/01 18:03:32 OK   00007_audit.sql (7.24ms)\n"}
{"Time":"2026-10-01T18:03:32.995938+08:00","Action":"output","Package":"ops-platform/test/integration","Test":"TestIdempotencyLedger","Output":"2026/10/01 18:03:32 OK   00008_rls.sql (7.15ms)\n"}
{"Time":"2026-10-01T18:03:33.002101+08:00","Action":"output","Package":"ops-platform/test/integration","Test":"TestIdempotencyLedger","Output":"2026/10/01 18:03:33 OK   00009_idempotency_ledger.sql (5.95ms)\n"}
{"Time":"2026-10-01T18:03:33.006568+08:00","Action":"output","Package":"ops-platform/test/integration","Test":"TestIdempotencyLedger","Output":"2026/10/01 18:03:33 OK   00010_tenant_provisioning.sql (4.28ms)\n"}
{"Time":"2026-10-01T18:03:33.012066+08:00","Action":"output","Package":"ops-platform/test/integration","Test":"TestIdempotencyLedger","Output":"2026/10/01 18:03:33 OK   00011_source_registration_history.sql (5.12ms)\n"}
{"Time":"2026-10-01T18:03:33.019052+08:00","Action":"output","Package":"ops-platform/test/integration","Test":"TestIdempotencyLedger","Output":"2026/10/01 18:03:33 OK   00012_config_registry_lifecycle.sql (6.82ms)\n"}
{"Time":"2026-10-01T18:03:33.028353+08:00","Action":"output","Package":"ops-platform/test/integration","Test":"TestIdempotencyLedger","Output":"2026/10/01 18:03:33 OK   00013_audit_signed_segments.sql (9.06ms)\n"}
{"Time":"2026-10-01T18:03:33.032971+08:00","Action":"output","Package":"ops-platform/test/integration","Test":"TestIdempotencyLedger","Output":"2026/10/01 18:03:33 OK   00014_audit_segment_predecessors.sql (4.49ms)\n"}
{"Time":"2026-10-01T18:03:33.03586+08:00","Action":"output","Package":"ops-platform/test/integration","Test":"TestIdempotencyLedger","Output":"2026/10/01 18:03:33 OK   00015_source_schema_scope.sql (2.77ms)\n"}
{"Time":"2026-10-01T18:03:33.039328+08:00","Action":"output","Package":"ops-platform/test/integration","Test":"TestIdempotencyLedger","Output":"2026/10/01 18:03:33 OK   00016_cluster_registration_metadata.sql (3.34ms)\n"}
{"Time":"2026-10-01T18:03:33.039362+08:00","Action":"output","Package":"ops-platform/test/integration","Test":"TestIdempotencyLedger","Output":"2026/10/01 18:03:33 goose: successfully migrated database to version: 16\n"}
{"Time":"2026-10-01T18:03:33.159378+08:00","Action":"output","Package":"ops-platform/test/integration","Test":"TestIdempotencyLedger","Output":"--- PASS: TestIdempotencyLedger (0.26s)\n","OutputType":"frame"}
{"Time":"2026-10-01T18:03:33.159464+08:00","Action":"pass","Package":"ops-platform/test/integration","Test":"TestIdempotencyLedger","Elapsed":0.26}
{"Time":"2026-10-01T18:03:33.159505+08:00","Action":"run","Package":"ops-platform/test/integration","Test":"TestIdempotencyHTTPMiddleware"}
{"Time":"2026-10-01T18:03:33.159526+08:00","Action":"output","Package":"ops-platform/test/integration","Test":"TestIdempotencyHTTPMiddleware","Output":"=== RUN   TestIdempotencyHTTPMiddleware\n","OutputType":"frame"}
{"Time":"2026-10-01T18:03:33.195542+08:00","Action":"output","Package":"ops-platform/test/integration","Test":"TestIdempotencyHTTPMiddleware","Output":"2026/10/01 18:03:33 OK   00001_roles_and_schemas.sql (7.4ms)\n"}
{"Time":"2026-10-01T18:03:33.19559+08:00","Action":"output","Package":"ops-platform/test/integration","Test":"TestIdempotencyHTTPMiddleware","Output":"2026/10/01 18:03:33 goose: successfully migrated database to version: 1\n"}
{"Time":"2026-10-01T18:03:33.218299+08:00","Action":"output","Package":"ops-platform/test/integration","Test":"TestIdempotencyHTTPMiddleware","Output":"2026/10/01 18:03:33 OK   00002_platform_meta.sql (13.69ms)\n"}
{"Time":"2026-10-01T18:03:33.224326+08:00","Action":"output","Package":"ops-platform/test/integration","Test":"TestIdempotencyHTTPMiddleware","Output":"2026/10/01 18:03:33 OK   00003_finding.sql (5.82ms)\n"}
{"Time":"2026-10-01T18:03:33.229241+08:00","Action":"output","Package":"ops-platform/test/integration","Test":"TestIdempotencyHTTPMiddleware","Output":"2026/10/01 18:03:33 OK   00004_incident.sql (4.71ms)\n"}
{"Time":"2026-10-01T18:03:33.233548+08:00","Action":"output","Package":"ops-platform/test/integration","Test":"TestIdempotencyHTTPMiddleware","Output":"2026/10/01 18:03:33 OK   00005_investigation.sql (4.11ms)\n"}
{"Time":"2026-10-01T18:03:33.237547+08:00","Action":"output","Package":"ops-platform/test/integration","Test":"TestIdempotencyHTTPMiddleware","Output":"2026/10/01 18:03:33 OK   00006_action_command.sql (3.8ms)\n"}
{"Time":"2026-10-01T18:03:33.243999+08:00","Action":"output","Package":"ops-platform/test/integration","Test":"TestIdempotencyHTTPMiddleware","Output":"2026/10/01 18:03:33 OK   00007_audit.sql (6.23ms)\n"}
{"Time":"2026-10-01T18:03:33.249668+08:00","Action":"output","Package":"ops-platform/test/integration","Test":"TestIdempotencyHTTPMiddleware","Output":"2026/10/01 18:03:33 OK   00008_rls.sql (5.5ms)\n"}
{"Time":"2026-10-01T18:03:33.254269+08:00","Action":"output","Package":"ops-platform/test/integration","Test":"TestIdempotencyHTTPMiddleware","Output":"2026/10/01 18:03:33 OK   00009_idempotency_ledger.sql (4.41ms)\n"}
{"Time":"2026-10-01T18:03:33.257451+08:00","Action":"output","Package":"ops-platform/test/integration","Test":"TestIdempotencyHTTPMiddleware","Output":"2026/10/01 18:03:33 OK   00010_tenant_provisioning.sql (3.02ms)\n"}
{"Time":"2026-10-01T18:03:33.261952+08:00","Action":"output","Package":"ops-platform/test/integration","Test":"TestIdempotencyHTTPMiddleware","Output":"2026/10/01 18:03:33 OK   00011_source_registration_history.sql (4.34ms)\n"}
{"Time":"2026-10-01T18:03:33.268453+08:00","Action":"output","Package":"ops-platform/test/integration","Test":"TestIdempotencyHTTPMiddleware","Output":"2026/10/01 18:03:33 OK   00012_config_registry_lifecycle.sql (6.27ms)\n"}
{"Time":"2026-10-01T18:03:33.276084+08:00","Action":"output","Package":"ops-platform/test/integration","Test":"TestIdempotencyHTTPMiddleware","Output":"2026/10/01 18:03:33 OK   00013_audit_signed_segments.sql (7.34ms)\n"}
{"Time":"2026-10-01T18:03:33.279705+08:00","Action":"output","Package":"ops-platform/test/integration","Test":"TestIdempotencyHTTPMiddleware","Output":"2026/10/01 18:03:33 OK   00014_audit_segment_predecessors.sql (3.47ms)\n"}
{"Time":"2026-10-01T18:03:33.281508+08:00","Action":"output","Package":"ops-platform/test/integration","Test":"TestIdempotencyHTTPMiddleware","Output":"2026/10/01 18:03:33 OK   00015_source_schema_scope.sql (1.71ms)\n"}
{"Time":"2026-10-01T18:03:33.283983+08:00","Action":"output","Package":"ops-platform/test/integration","Test":"TestIdempotencyHTTPMiddleware","Output":"2026/10/01 18:03:33 OK   00016_cluster_registration_metadata.sql (2.38ms)\n"}
{"Time":"2026-10-01T18:03:33.284019+08:00","Action":"output","Package":"ops-platform/test/integration","Test":"TestIdempotencyHTTPMiddleware","Output":"2026/10/01 18:03:33 goose: successfully migrated database to version: 16\n"}
{"Time":"2026-10-01T18:03:33.334279+08:00","Action":"output","Package":"ops-platform/test/integration","Test":"TestIdempotencyHTTPMiddleware","Output":"--- PASS: TestIdempotencyHTTPMiddleware (0.17s)\n","OutputType":"frame"}
{"Time":"2026-10-01T18:03:33.334353+08:00","Action":"pass","Package":"ops-platform/test/integration","Test":"TestIdempotencyHTTPMiddleware","Elapsed":0.17}
{"Time":"2026-10-01T18:03:33.334386+08:00","Action":"run","Package":"ops-platform/test/integration","Test":"TestKeycloakAuthorizationCodePKCEAndStepUp"}
{"Time":"2026-10-01T18:03:33.334406+08:00","Action":"output","Package":"ops-platform/test/integration","Test":"TestKeycloakAuthorizationCodePKCEAndStepUp","Output":"=== RUN   TestKeycloakAuthorizationCodePKCEAndStepUp\n","OutputType":"frame"}
{"Time":"2026-10-01T18:04:00.331482+08:00","Action":"output","Package":"ops-platform/test/integration","Test":"TestKeycloakAuthorizationCodePKCEAndStepUp","Output":"2026/10/01 18:04:00 OK   00001_roles_and_schemas.sql (9.01ms)\n"}
{"Time":"2026-10-01T18:04:00.331584+08:00","Action":"output","Package":"ops-platform/test/integration","Test":"TestKeycloakAuthorizationCodePKCEAndStepUp","Output":"2026/10/01 18:04:00 goose: successfully migrated database to version: 1\n"}
{"Time":"2026-10-01T18:04:00.358916+08:00","Action":"output","Package":"ops-platform/test/integration","Test":"TestKeycloakAuthorizationCodePKCEAndStepUp","Output":"2026/10/01 18:04:00 OK   00002_platform_meta.sql (15.97ms)\n"}
{"Time":"2026-10-01T18:04:00.367215+08:00","Action":"output","Package":"ops-platform/test/integration","Test":"TestKeycloakAuthorizationCodePKCEAndStepUp","Output":"2026/10/01 18:04:00 OK   00003_finding.sql (7.36ms)\n"}
{"Time":"2026-10-01T18:04:00.373556+08:00","Action":"output","Package":"ops-platform/test/integration","Test":"TestKeycloakAuthorizationCodePKCEAndStepUp","Output":"2026/10/01 18:04:00 OK   00004_incident.sql (6.1ms)\n"}
{"Time":"2026-10-01T18:04:00.379265+08:00","Action":"output","Package":"ops-platform/test/integration","Test":"TestKeycloakAuthorizationCodePKCEAndStepUp","Output":"2026/10/01 18:04:00 OK   00005_investigation.sql (5.46ms)\n"}
{"Time":"2026-10-01T18:04:00.386534+08:00","Action":"output","Package":"ops-platform/test/integration","Test":"TestKeycloakAuthorizationCodePKCEAndStepUp","Output":"2026/10/01 18:04:00 OK   00006_action_command.sql (6.94ms)\n"}
{"Time":"2026-10-01T18:04:00.400107+08:00","Action":"output","Package":"ops-platform/test/integration","Test":"TestKeycloakAuthorizationCodePKCEAndStepUp","Output":"2026/10/01 18:04:00 OK   00007_audit.sql (12.25ms)\n"}
{"Time":"2026-10-01T18:04:00.414059+08:00","Action":"output","Package":"ops-platform/test/integration","Test":"TestKeycloakAuthorizationCodePKCEAndStepUp","Output":"2026/10/01 18:04:00 OK   00008_rls.sql (14.45ms)\n"}
{"Time":"2026-10-01T18:04:00.437872+08:00","Action":"output","Package":"ops-platform/test/integration","Test":"TestKeycloakAuthorizationCodePKCEAndStepUp","Output":"2026/10/01 18:04:00 OK   00009_idempotency_ledger.sql (23.13ms)\n"}
{"Time":"2026-10-01T18:04:00.444736+08:00","Action":"output","Package":"ops-platform/test/integration","Test":"TestKeycloakAuthorizationCodePKCEAndStepUp","Output":"2026/10/01 18:04:00 OK   00010_tenant_provisioning.sql (6.84ms)\n"}
{"Time":"2026-10-01T18:04:00.452197+08:00","Action":"output","Package":"ops-platform/test/integration","Test":"TestKeycloakAuthorizationCodePKCEAndStepUp","Output":"2026/10/01 18:04:00 OK   00011_source_registration_history.sql (7.32ms)\n"}
{"Time":"2026-10-01T18:04:00.460678+08:00","Action":"output","Package":"ops-platform/test/integration","Test":"TestKeycloakAuthorizationCodePKCEAndStepUp","Output":"2026/10/01 18:04:00 OK   00012_config_registry_lifecycle.sql (8.33ms)\n"}
{"Time":"2026-10-01T18:04:00.470636+08:00","Action":"output","Package":"ops-platform/test/integration","Test":"TestKeycloakAuthorizationCodePKCEAndStepUp","Output":"2026/10/01 18:04:00 OK   00013_audit_signed_segments.sql (9.73ms)\n"}
{"Time":"2026-10-01T18:04:00.475036+08:00","Action":"output","Package":"ops-platform/test/integration","Test":"TestKeycloakAuthorizationCodePKCEAndStepUp","Output":"2026/10/01 18:04:00 OK   00014_audit_segment_predecessors.sql (4.23ms)\n"}
{"Time":"2026-10-01T18:04:00.477514+08:00","Action":"output","Package":"ops-platform/test/integration","Test":"TestKeycloakAuthorizationCodePKCEAndStepUp","Output":"2026/10/01 18:04:00 OK   00015_source_schema_scope.sql (2.41ms)\n"}
{"Time":"2026-10-01T18:04:00.480677+08:00","Action":"output","Package":"ops-platform/test/integration","Test":"TestKeycloakAuthorizationCodePKCEAndStepUp","Output":"2026/10/01 18:04:00 OK   00016_cluster_registration_metadata.sql (3.09ms)\n"}
{"Time":"2026-10-01T18:04:00.480738+08:00","Action":"output","Package":"ops-platform/test/integration","Test":"TestKeycloakAuthorizationCodePKCEAndStepUp","Output":"2026/10/01 18:04:00 goose: successfully migrated database to version: 16\n"}
{"Time":"2026-10-01T18:04:00.519552+08:00","Action":"output","Package":"ops-platform/test/integration","Test":"TestKeycloakAuthorizationCodePKCEAndStepUp","Output":"{\"time\":\"2026-10-01T18:04:00.519474+08:00\",\"level\":\"INFO\",\"msg\":\"http request complete\",\"request_id\":\"01a0f6eb-c082-723a-811c-98f0db521f67\",\"trace_id\":\"4bf92f3577b34da6a3ce929d0e0e4736\",\"span_id\":\"f09578b2d45c84f6\",\"method\":\"GET\",\"status_code\":200,\"duration_ms\":5}\n"}
{"Time":"2026-10-01T18:04:00.521817+08:00","Action":"output","Package":"ops-platform/test/integration","Test":"TestKeycloakAuthorizationCodePKCEAndStepUp","Output":"{\"time\":\"2026-10-01T18:04:00.52177+08:00\",\"level\":\"INFO\",\"msg\":\"http request complete\",\"request_id\":\"01a0f6eb-c087-7a87-8fe9-379a4f9da868\",\"trace_id\":\"4bf92f3577b34da6a3ce929d0e0e4736\",\"span_id\":\"592d1e0391b0bca3\",\"method\":\"GET\",\"status_code\":200,\"duration_ms\":2}\n"}
{"Time":"2026-10-01T18:04:00.523792+08:00","Action":"output","Package":"ops-platform/test/integration","Test":"TestKeycloakAuthorizationCodePKCEAndStepUp","Output":"{\"time\":\"2026-10-01T18:04:00.523748+08:00\",\"level\":\"INFO\",\"msg\":\"http request complete\",\"request_id\":\"01a0f6eb-c089-7e19-93f0-bce191bf5fa8\",\"trace_id\":\"4bf92f3577b34da6a3ce929d0e0e4736\",\"span_id\":\"a7a8e210121d8bf9\",\"method\":\"GET\",\"status_code\":200,\"duration_ms\":1}\n"}
{"Time":"2026-10-01T18:04:00.525847+08:00","Action":"output","Package":"ops-platform/test/integration","Test":"TestKeycloakAuthorizationCodePKCEAndStepUp","Output":"{\"time\":\"2026-10-01T18:04:00.525808+08:00\",\"level\":\"INFO\",\"msg\":\"http request complete\",\"request_id\":\"01a0f6eb-c08b-7de6-8898-916704e04471\",\"trace_id\":\"4bf92f3577b34da6a3ce929d0e0e4736\",\"span_id\":\"e29d783bbb77e611\",\"method\":\"GET\",\"status_code\":200,\"duration_ms\":1}\n"}
{"Time":"2026-10-01T18:04:00.527391+08:00","Action":"output","Package":"ops-platform/test/integration","Test":"TestKeycloakAuthorizationCodePKCEAndStepUp","Output":"{\"time\":\"2026-10-01T18:04:00.527365+08:00\",\"level\":\"INFO\",\"msg\":\"http request complete\",\"request_id\":\"01a0f6eb-c08d-7e5b-ae53-cb1cac5e4f37\",\"trace_id\":\"4bf92f3577b34da6a3ce929d0e0e4736\",\"span_id\":\"25d060992e9dcb30\",\"method\":\"GET\",\"status_code\":200,\"duration_ms\":1}\n"}
{"Time":"2026-10-01T18:04:00.528925+08:00","Action":"output","Package":"ops-platform/test/integration","Test":"TestKeycloakAuthorizationCodePKCEAndStepUp","Output":"{\"time\":\"2026-10-01T18:04:00.528886+08:00\",\"level\":\"INFO\",\"msg\":\"http request complete\",\"request_id\":\"01a0f6eb-c08f-7795-8410-0d4bc118fa2c\",\"trace_id\":\"4bf92f3577b34da6a3ce929d0e0e4736\",\"span_id\":\"fb0bbe3b12b2fc16\",\"method\":\"GET\",\"status_code\":200,\"duration_ms\":1}\n"}
{"Time":"2026-10-01T18:04:00.535126+08:00","Action":"output","Package":"ops-platform/test/integration","Test":"TestKeycloakAuthorizationCodePKCEAndStepUp","Output":"{\"time\":\"2026-10-01T18:04:00.535071+08:00\",\"level\":\"INFO\",\"msg\":\"http request complete\",\"request_id\":\"01a0f6eb-c091-701f-a9d7-fa4765c01045\",\"trace_id\":\"352c9ca94498db810563af41aec4b921\",\"span_id\":\"bab06a9858c2ffdf\",\"method\":\"POST\",\"status_code\":201,\"duration_ms\":5}\n"}
{"Time":"2026-10-01T18:04:00.539022+08:00","Action":"output","Package":"ops-platform/test/integration","Test":"TestKeycloakAuthorizationCodePKCEAndStepUp","Output":"{\"time\":\"2026-10-01T18:04:00.538973+08:00\",\"level\":\"INFO\",\"msg\":\"http request complete\",\"request_id\":\"01a0f6eb-c097-747c-852d-ba842d192cdb\",\"trace_id\":\"e6f13d741c74167895466700019b87bf\",\"span_id\":\"f0bfc53477ab511e\",\"method\":\"POST\",\"status_code\":201,\"duration_ms\":3}\n"}
{"Time":"2026-10-01T18:04:00.539159+08:00","Action":"output","Package":"ops-platform/test/integration","Test":"TestKeycloakAuthorizationCodePKCEAndStepUp","Output":"    keycloak_test.go:155: actual APIApp served six management routes and replayed claim-bound step-up using real Keycloak JWT and distinct database login\n"}
{"Time":"2026-10-01T18:04:00.54009+08:00","Action":"output","Package":"ops-platform/test/integration","Test":"TestKeycloakAuthorizationCodePKCEAndStepUp","Output":"{\"time\":\"2026-10-01T18:04:00.540049+08:00\",\"level\":\"WARN\",\"msg\":\"trace export failed\",\"signal\":\"traces\"}\n"}
{"Time":"2026-10-01T18:04:00.541494+08:00","Action":"output","Package":"ops-platform/test/integration","Test":"TestKeycloakAuthorizationCodePKCEAndStepUp","Output":"{\"time\":\"2026-10-01T18:04:00.541461+08:00\",\"level\":\"INFO\",\"msg\":\"http request complete\",\"request_id\":\"01a0f6eb-c09c-72ca-81f2-a11f3846537e\",\"trace_id\":\"726e0d955789772a600550ea3c37e41c\",\"span_id\":\"c35ad4cb6b1d8b88\",\"method\":\"GET\",\"status_code\":200,\"duration_ms\":1}\n"}
{"Time":"2026-10-01T18:04:00.541564+08:00","Action":"output","Package":"ops-platform/test/integration","Test":"TestKeycloakAuthorizationCodePKCEAndStepUp","Output":"    keycloak_test.go:155: actual OTLP connection refusal reported degradation; authenticated management read continued\n"}
{"Time":"2026-10-01T18:04:01.579045+08:00","Action":"output","Package":"ops-platform/test/integration","Test":"TestKeycloakAuthorizationCodePKCEAndStepUp","Output":"    keycloak_test.go:155: actual authenticated API stdout collected and queried in isolated VictoriaLogs\n"}
{"Time":"2026-10-01T18:04:01.729471+08:00","Action":"output","Package":"ops-platform/test/integration","Test":"TestKeycloakAuthorizationCodePKCEAndStepUp","Output":"--- PASS: TestKeycloakAuthorizationCodePKCEAndStepUp (28.40s)\n","OutputType":"frame"}
{"Time":"2026-10-01T18:04:01.729648+08:00","Action":"pass","Package":"ops-platform/test/integration","Test":"TestKeycloakAuthorizationCodePKCEAndStepUp","Elapsed":28.4}
{"Time":"2026-10-01T18:04:01.729683+08:00","Action":"run","Package":"ops-platform/test/integration","Test":"TestFailedForwardMigrationRollsBackAndCanRecover"}
{"Time":"2026-10-01T18:04:01.729696+08:00","Action":"output","Package":"ops-platform/test/integration","Test":"TestFailedForwardMigrationRollsBackAndCanRecover","Output":"=== RUN   TestFailedForwardMigrationRollsBackAndCanRecover\n","OutputType":"frame"}
{"Time":"2026-10-01T18:04:01.776294+08:00","Action":"output","Package":"ops-platform/test/integration","Test":"TestFailedForwardMigrationRollsBackAndCanRecover","Output":"2026/10/01 18:04:01 OK   00001_roles_and_schemas.sql (6.63ms)\n"}
{"Time":"2026-10-01T18:04:01.776454+08:00","Action":"output","Package":"ops-platform/test/integration","Test":"TestFailedForwardMigrationRollsBackAndCanRecover","Output":"2026/10/01 18:04:01 goose: successfully migrated database to version: 1\n"}
{"Time":"2026-10-01T18:04:01.794806+08:00","Action":"output","Package":"ops-platform/test/integration","Test":"TestFailedForwardMigrationRollsBackAndCanRecover","Output":"2026/10/01 18:04:01 OK   00002_platform_meta.sql (13.15ms)\n"}
{"Time":"2026-10-01T18:04:01.800163+08:00","Action":"output","Package":"ops-platform/test/integration","Test":"TestFailedForwardMigrationRollsBackAndCanRecover","Output":"2026/10/01 18:04:01 OK   00003_finding.sql (5.16ms)\n"}
{"Time":"2026-10-01T18:04:01.804065+08:00","Action":"output","Package":"ops-platform/test/integration","Test":"TestFailedForwardMigrationRollsBackAndCanRecover","Output":"2026/10/01 18:04:01 OK   00004_incident.sql (3.65ms)\n"}
{"Time":"2026-10-01T18:04:01.808259+08:00","Action":"output","Package":"ops-platform/test/integration","Test":"TestFailedForwardMigrationRollsBackAndCanRecover","Output":"2026/10/01 18:04:01 OK   00005_investigation.sql (4.02ms)\n"}
{"Time":"2026-10-01T18:04:01.812156+08:00","Action":"output","Package":"ops-platform/test/integration","Test":"TestFailedForwardMigrationRollsBackAndCanRecover","Output":"2026/10/01 18:04:01 OK   00006_action_command.sql (3.69ms)\n"}
{"Time":"2026-10-01T18:04:01.818761+08:00","Action":"output","Package":"ops-platform/test/integration","Test":"TestFailedForwardMigrationRollsBackAndCanRecover","Output":"2026/10/01 18:04:01 OK   00007_audit.sql (6.37ms)\n"}
{"Time":"2026-10-01T18:04:01.824912+08:00","Action":"output","Package":"ops-platform/test/integration","Test":"TestFailedForwardMigrationRollsBackAndCanRecover","Output":"2026/10/01 18:04:01 OK   00008_rls.sql (5.92ms)\n"}
{"Time":"2026-10-01T18:04:01.829459+08:00","Action":"output","Package":"ops-platform/test/integration","Test":"TestFailedForwardMigrationRollsBackAndCanRecover","Output":"2026/10/01 18:04:01 OK   00009_idempotency_ledger.sql (4.29ms)\n"}
{"Time":"2026-10-01T18:04:01.832636+08:00","Action":"output","Package":"ops-platform/test/integration","Test":"TestFailedForwardMigrationRollsBackAndCanRecover","Output":"2026/10/01 18:04:01 OK   00010_tenant_provisioning.sql (2.98ms)\n"}
{"Time":"2026-10-01T18:04:01.837343+08:00","Action":"output","Package":"ops-platform/test/integration","Test":"TestFailedForwardMigrationRollsBackAndCanRecover","Output":"2026/10/01 18:04:01 OK   00011_source_registration_history.sql (4.47ms)\n"}
{"Time":"2026-10-01T18:04:01.844001+08:00","Action":"output","Package":"ops-platform/test/integration","Test":"TestFailedForwardMigrationRollsBackAndCanRecover","Output":"2026/10/01 18:04:01 OK   00012_config_registry_lifecycle.sql (6.34ms)\n"}
{"Time":"2026-10-01T18:04:01.851879+08:00","Action":"output","Package":"ops-platform/test/integration","Test":"TestFailedForwardMigrationRollsBackAndCanRecover","Output":"2026/10/01 18:04:01 OK   00013_audit_signed_segments.sql (7.52ms)\n"}
{"Time":"2026-10-01T18:04:01.855114+08:00","Action":"output","Package":"ops-platform/test/integration","Test":"TestFailedForwardMigrationRollsBackAndCanRecover","Output":"2026/10/01 18:04:01 OK   00014_audit_segment_predecessors.sql (3.13ms)\n"}
{"Time":"2026-10-01T18:04:01.856913+08:00","Action":"output","Package":"ops-platform/test/integration","Test":"TestFailedForwardMigrationRollsBackAndCanRecover","Output":"2026/10/01 18:04:01 OK   00015_source_schema_scope.sql (1.67ms)\n"}
{"Time":"2026-10-01T18:04:01.859388+08:00","Action":"output","Package":"ops-platform/test/integration","Test":"TestFailedForwardMigrationRollsBackAndCanRecover","Output":"2026/10/01 18:04:01 OK   00016_cluster_registration_metadata.sql (2.34ms)\n"}
{"Time":"2026-10-01T18:04:01.859427+08:00","Action":"output","Package":"ops-platform/test/integration","Test":"TestFailedForwardMigrationRollsBackAndCanRecover","Output":"2026/10/01 18:04:01 goose: successfully migrated database to version: 16\n"}
{"Time":"2026-10-01T18:04:01.880243+08:00","Action":"output","Package":"ops-platform/test/integration","Test":"TestFailedForwardMigrationRollsBackAndCanRecover","Output":"2026/10/01 18:04:01 OK   00017_review_failure.sql (1.76ms)\n"}
{"Time":"2026-10-01T18:04:01.880289+08:00","Action":"output","Package":"ops-platform/test/integration","Test":"TestFailedForwardMigrationRollsBackAndCanRecover","Output":"2026/10/01 18:04:01 goose: successfully migrated database to version: 17\n"}
{"Time":"2026-10-01T18:04:01.880305+08:00","Action":"output","Package":"ops-platform/test/integration","Test":"TestFailedForwardMigrationRollsBackAndCanRecover","Output":"    migration_recovery_test.go:71: deliberate SQL division-by-zero rolled back DDL/version; corrected unapplied forward migration succeeded as migration_role\n"}
{"Time":"2026-10-01T18:04:01.911987+08:00","Action":"output","Package":"ops-platform/test/integration","Test":"TestFailedForwardMigrationRollsBackAndCanRecover","Output":"--- PASS: TestFailedForwardMigrationRollsBackAndCanRecover (0.18s)\n","OutputType":"frame"}
{"Time":"2026-10-01T18:04:01.912202+08:00","Action":"pass","Package":"ops-platform/test/integration","Test":"TestFailedForwardMigrationRollsBackAndCanRecover","Elapsed":0.18}
{"Time":"2026-10-01T18:04:01.912244+08:00","Action":"run","Package":"ops-platform/test/integration","Test":"TestMigrationScriptsAreForwardOnlyAndContiguous"}
{"Time":"2026-10-01T18:04:01.912264+08:00","Action":"output","Package":"ops-platform/test/integration","Test":"TestMigrationScriptsAreForwardOnlyAndContiguous","Output":"=== RUN   TestMigrationScriptsAreForwardOnlyAndContiguous\n","OutputType":"frame"}
{"Time":"2026-10-01T18:04:01.913782+08:00","Action":"output","Package":"ops-platform/test/integration","Test":"TestMigrationScriptsAreForwardOnlyAndContiguous","Output":"--- PASS: TestMigrationScriptsAreForwardOnlyAndContiguous (0.00s)\n","OutputType":"frame"}
{"Time":"2026-10-01T18:04:01.913814+08:00","Action":"pass","Package":"ops-platform/test/integration","Test":"TestMigrationScriptsAreForwardOnlyAndContiguous","Elapsed":0}
{"Time":"2026-10-01T18:04:01.913835+08:00","Action":"run","Package":"ops-platform/test/integration","Test":"TestMigrationsAndRoles"}
{"Time":"2026-10-01T18:04:01.913851+08:00","Action":"output","Package":"ops-platform/test/integration","Test":"TestMigrationsAndRoles","Output":"=== RUN   TestMigrationsAndRoles\n","OutputType":"frame"}
{"Time":"2026-10-01T18:04:01.946229+08:00","Action":"output","Package":"ops-platform/test/integration","Test":"TestMigrationsAndRoles","Output":"2026/10/01 18:04:01 OK   00001_roles_and_schemas.sql (6.69ms)\n"}
{"Time":"2026-10-01T18:04:01.946417+08:00","Action":"output","Package":"ops-platform/test/integration","Test":"TestMigrationsAndRoles","Output":"2026/10/01 18:04:01 goose: successfully migrated database to version: 1\n"}
{"Time":"2026-10-01T18:04:01.966138+08:00","Action":"output","Package":"ops-platform/test/integration","Test":"TestMigrationsAndRoles","Output":"2026/10/01 18:04:01 OK   00002_platform_meta.sql (14.27ms)\n"}
{"Time":"2026-10-01T18:04:01.971524+08:00","Action":"output","Package":"ops-platform/test/integration","Test":"TestMigrationsAndRoles","Output":"2026/10/01 18:04:01 OK   00003_finding.sql (5.21ms)\n"}
{"Time":"2026-10-01T18:04:01.975282+08:00","Action":"output","Package":"ops-platform/test/integration","Test":"TestMigrationsAndRoles","Output":"2026/10/01 18:04:01 OK   00004_incident.sql (3.58ms)\n"}
{"Time":"2026-10-01T18:04:01.979288+08:00","Action":"output","Package":"ops-platform/test/integration","Test":"TestMigrationsAndRoles","Output":"2026/10/01 18:04:01 OK   00005_investigation.sql (3.84ms)\n"}
{"Time":"2026-10-01T18:04:01.982953+08:00","Action":"output","Package":"ops-platform/test/integration","Test":"TestMigrationsAndRoles","Output":"2026/10/01 18:04:01 OK   00006_action_command.sql (3.51ms)\n"}
{"Time":"2026-10-01T18:04:01.989456+08:00","Action":"output","Package":"ops-platform/test/integration","Test":"TestMigrationsAndRoles","Output":"2026/10/01 18:04:01 OK   00007_audit.sql (6.27ms)\n"}
{"Time":"2026-10-01T18:04:01.995583+08:00","Action":"output","Package":"ops-platform/test/integration","Test":"TestMigrationsAndRoles","Output":"2026/10/01 18:04:01 OK   00008_rls.sql (5.95ms)\n"}
{"Time":"2026-10-01T18:04:02.000531+08:00","Action":"output","Package":"ops-platform/test/integration","Test":"TestMigrationsAndRoles","Output":"2026/10/01 18:04:02 OK   00009_idempotency_ledger.sql (4.75ms)\n"}
{"Time":"2026-10-01T18:04:02.003368+08:00","Action":"output","Package":"ops-platform/test/integration","Test":"TestMigrationsAndRoles","Output":"2026/10/01 18:04:02 OK   00010_tenant_provisioning.sql (2.69ms)\n"}
{"Time":"2026-10-01T18:04:02.007325+08:00","Action":"output","Package":"ops-platform/test/integration","Test":"TestMigrationsAndRoles","Output":"2026/10/01 18:04:02 OK   00011_source_registration_history.sql (3.82ms)\n"}
{"Time":"2026-10-01T18:04:02.014179+08:00","Action":"output","Package":"ops-platform/test/integration","Test":"TestMigrationsAndRoles","Output":"2026/10/01 18:04:02 OK   00012_config_registry_lifecycle.sql (6.6ms)\n"}
{"Time":"2026-10-01T18:04:02.021795+08:00","Action":"output","Package":"ops-platform/test/integration","Test":"TestMigrationsAndRoles","Output":"2026/10/01 18:04:02 OK   00013_audit_signed_segments.sql (7.37ms)\n"}
{"Time":"2026-10-01T18:04:02.027012+08:00","Action":"output","Package":"ops-platform/test/integration","Test":"TestMigrationsAndRoles","Output":"2026/10/01 18:04:02 OK   00014_audit_segment_predecessors.sql (5.04ms)\n"}
{"Time":"2026-10-01T18:04:02.02874+08:00","Action":"output","Package":"ops-platform/test/integration","Test":"TestMigrationsAndRoles","Output":"2026/10/01 18:04:02 OK   00015_source_schema_scope.sql (1.66ms)\n"}
{"Time":"2026-10-01T18:04:02.031149+08:00","Action":"output","Package":"ops-platform/test/integration","Test":"TestMigrationsAndRoles","Output":"2026/10/01 18:04:02 OK   00016_cluster_registration_metadata.sql (2.3ms)\n"}
{"Time":"2026-10-01T18:04:02.031203+08:00","Action":"output","Package":"ops-platform/test/integration","Test":"TestMigrationsAndRoles","Output":"2026/10/01 18:04:02 goose: successfully migrated database to version: 16\n"}
{"Time":"2026-10-01T18:04:02.064909+08:00","Action":"output","Package":"ops-platform/test/integration","Test":"TestMigrationsAndRoles","Output":"--- PASS: TestMigrationsAndRoles (0.15s)\n","OutputType":"frame"}
{"Time":"2026-10-01T18:04:02.065062+08:00","Action":"pass","Package":"ops-platform/test/integration","Test":"TestMigrationsAndRoles","Elapsed":0.15}
{"Time":"2026-10-01T18:04:02.065104+08:00","Action":"run","Package":"ops-platform/test/integration","Test":"TestMigrationsUpgradeVersionOneData"}
{"Time":"2026-10-01T18:04:02.065121+08:00","Action":"output","Package":"ops-platform/test/integration","Test":"TestMigrationsUpgradeVersionOneData","Output":"=== RUN   TestMigrationsUpgradeVersionOneData\n","OutputType":"frame"}
{"Time":"2026-10-01T18:04:02.099516+08:00","Action":"output","Package":"ops-platform/test/integration","Test":"TestMigrationsUpgradeVersionOneData","Output":"2026/10/01 18:04:02 OK   00001_roles_and_schemas.sql (7.34ms)\n"}
{"Time":"2026-10-01T18:04:02.099686+08:00","Action":"output","Package":"ops-platform/test/integration","Test":"TestMigrationsUpgradeVersionOneData","Output":"2026/10/01 18:04:02 goose: successfully migrated database to version: 1\n"}
{"Time":"2026-10-01T18:04:02.119513+08:00","Action":"output","Package":"ops-platform/test/integration","Test":"TestMigrationsUpgradeVersionOneData","Output":"2026/10/01 18:04:02 OK   00002_platform_meta.sql (13.08ms)\n"}
{"Time":"2026-10-01T18:04:02.124472+08:00","Action":"output","Package":"ops-platform/test/integration","Test":"TestMigrationsUpgradeVersionOneData","Output":"2026/10/01 18:04:02 OK   00003_finding.sql (4.76ms)\n"}
{"Time":"2026-10-01T18:04:02.128007+08:00","Action":"output","Package":"ops-platform/test/integration","Test":"TestMigrationsUpgradeVersionOneData","Output":"2026/10/01 18:04:02 OK   00004_incident.sql (3.35ms)\n"}
{"Time":"2026-10-01T18:04:02.132202+08:00","Action":"output","Package":"ops-platform/test/integration","Test":"TestMigrationsUpgradeVersionOneData","Output":"2026/10/01 18:04:02 OK   00005_investigation.sql (4.03ms)\n"}
{"Time":"2026-10-01T18:04:02.136277+08:00","Action":"output","Package":"ops-platform/test/integration","Test":"TestMigrationsUpgradeVersionOneData","Output":"2026/10/01 18:04:02 OK   00006_action_command.sql (3.85ms)\n"}
{"Time":"2026-10-01T18:04:02.142851+08:00","Action":"output","Package":"ops-platform/test/integration","Test":"TestMigrationsUpgradeVersionOneData","Output":"2026/10/01 18:04:02 OK   00007_audit.sql (6.35ms)\n"}
{"Time":"2026-10-01T18:04:02.148132+08:00","Action":"output","Package":"ops-platform/test/integration","Test":"TestMigrationsUpgradeVersionOneData","Output":"2026/10/01 18:04:02 OK   00008_rls.sql (5.15ms)\n"}
{"Time":"2026-10-01T18:04:02.152494+08:00","Action":"output","Package":"ops-platform/test/integration","Test":"TestMigrationsUpgradeVersionOneData","Output":"2026/10/01 18:04:02 OK   00009_idempotency_ledger.sql (4.17ms)\n"}
{"Time":"2026-10-01T18:04:02.155007+08:00","Action":"output","Package":"ops-platform/test/integration","Test":"TestMigrationsUpgradeVersionOneData","Output":"2026/10/01 18:04:02 OK   00010_tenant_provisioning.sql (2.4ms)\n"}
{"Time":"2026-10-01T18:04:02.158853+08:00","Action":"output","Package":"ops-platform/test/integration","Test":"TestMigrationsUpgradeVersionOneData","Output":"2026/10/01 18:04:02 OK   00011_source_registration_history.sql (3.73ms)\n"}
{"Time":"2026-10-01T18:04:02.164395+08:00","Action":"output","Package":"ops-platform/test/integration","Test":"TestMigrationsUpgradeVersionOneData","Output":"2026/10/01 18:04:02 OK   00012_config_registry_lifecycle.sql (5.4ms)\n"}
{"Time":"2026-10-01T18:04:02.171706+08:00","Action":"output","Package":"ops-platform/test/integration","Test":"TestMigrationsUpgradeVersionOneData","Output":"2026/10/01 18:04:02 OK   00013_audit_signed_segments.sql (7.13ms)\n"}
{"Time":"2026-10-01T18:04:02.175371+08:00","Action":"output","Package":"ops-platform/test/integration","Test":"TestMigrationsUpgradeVersionOneData","Output":"2026/10/01 18:04:02 OK   00014_audit_segment_predecessors.sql (3.52ms)\n"}
{"Time":"2026-10-01T18:04:02.177172+08:00","Action":"output","Package":"ops-platform/test/integration","Test":"TestMigrationsUpgradeVersionOneData","Output":"2026/10/01 18:04:02 OK   00015_source_schema_scope.sql (1.71ms)\n"}
{"Time":"2026-10-01T18:04:02.179727+08:00","Action":"output","Package":"ops-platform/test/integration","Test":"TestMigrationsUpgradeVersionOneData","Output":"2026/10/01 18:04:02 OK   00016_cluster_registration_metadata.sql (2.47ms)\n"}
{"Time":"2026-10-01T18:04:02.179762+08:00","Action":"output","Package":"ops-platform/test/integration","Test":"TestMigrationsUpgradeVersionOneData","Output":"2026/10/01 18:04:02 goose: successfully migrated database to version: 16\n"}
{"Time":"2026-10-01T18:04:02.340953+08:00","Action":"output","Package":"ops-platform/test/integration","Test":"TestMigrationsUpgradeVersionOneData","Output":"--- PASS: TestMigrationsUpgradeVersionOneData (0.28s)\n","OutputType":"frame"}
{"Time":"2026-10-01T18:04:02.341024+08:00","Action":"pass","Package":"ops-platform/test/integration","Test":"TestMigrationsUpgradeVersionOneData","Elapsed":0.28}
{"Time":"2026-10-01T18:04:02.341047+08:00","Action":"run","Package":"ops-platform/test/integration","Test":"TestWithTenantTxIsolatesTenantsAndUsesAppendOnlyAudit"}
{"Time":"2026-10-01T18:04:02.341056+08:00","Action":"output","Package":"ops-platform/test/integration","Test":"TestWithTenantTxIsolatesTenantsAndUsesAppendOnlyAudit","Output":"=== RUN   TestWithTenantTxIsolatesTenantsAndUsesAppendOnlyAudit\n","OutputType":"frame"}
{"Time":"2026-10-01T18:04:02.399758+08:00","Action":"output","Package":"ops-platform/test/integration","Test":"TestWithTenantTxIsolatesTenantsAndUsesAppendOnlyAudit","Output":"2026/10/01 18:04:02 OK   00001_roles_and_schemas.sql (10.33ms)\n"}
{"Time":"2026-10-01T18:04:02.399831+08:00","Action":"output","Package":"ops-platform/test/integration","Test":"TestWithTenantTxIsolatesTenantsAndUsesAppendOnlyAudit","Output":"2026/10/01 18:04:02 goose: successfully migrated database to version: 1\n"}
{"Time":"2026-10-01T18:04:02.427891+08:00","Action":"output","Package":"ops-platform/test/integration","Test":"TestWithTenantTxIsolatesTenantsAndUsesAppendOnlyAudit","Output":"2026/10/01 18:04:02 OK   00002_platform_meta.sql (18.7ms)\n"}
{"Time":"2026-10-01T18:04:02.436351+08:00","Action":"output","Package":"ops-platform/test/integration","Test":"TestWithTenantTxIsolatesTenantsAndUsesAppendOnlyAudit","Output":"2026/10/01 18:04:02 OK   00003_finding.sql (8.21ms)\n"}
{"Time":"2026-10-01T18:04:02.44287+08:00","Action":"output","Package":"ops-platform/test/integration","Test":"TestWithTenantTxIsolatesTenantsAndUsesAppendOnlyAudit","Output":"2026/10/01 18:04:02 OK   00004_incident.sql (6.27ms)\n"}
{"Time":"2026-10-01T18:04:02.448623+08:00","Action":"output","Package":"ops-platform/test/integration","Test":"TestWithTenantTxIsolatesTenantsAndUsesAppendOnlyAudit","Output":"2026/10/01 18:04:02 OK   00005_investigation.sql (5.57ms)\n"}
{"Time":"2026-10-01T18:04:02.455148+08:00","Action":"output","Package":"ops-platform/test/integration","Test":"TestWithTenantTxIsolatesTenantsAndUsesAppendOnlyAudit","Output":"2026/10/01 18:04:02 OK   00006_action_command.sql (6.27ms)\n"}
{"Time":"2026-10-01T18:04:02.464444+08:00","Action":"output","Package":"ops-platform/test/integration","Test":"TestWithTenantTxIsolatesTenantsAndUsesAppendOnlyAudit","Output":"2026/10/01 18:04:02 OK   00007_audit.sql (9.11ms)\n"}
{"Time":"2026-10-01T18:04:02.473584+08:00","Action":"output","Package":"ops-platform/test/integration","Test":"TestWithTenantTxIsolatesTenantsAndUsesAppendOnlyAudit","Output":"2026/10/01 18:04:02 OK   00008_rls.sql (8.9ms)\n"}
{"Time":"2026-10-01T18:04:02.480822+08:00","Action":"output","Package":"ops-platform/test/integration","Test":"TestWithTenantTxIsolatesTenantsAndUsesAppendOnlyAudit","Output":"2026/10/01 18:04:02 OK   00009_idempotency_ledger.sql (6.97ms)\n"}
{"Time":"2026-10-01T18:04:02.486418+08:00","Action":"output","Package":"ops-platform/test/integration","Test":"TestWithTenantTxIsolatesTenantsAndUsesAppendOnlyAudit","Output":"2026/10/01 18:04:02 OK   00010_tenant_provisioning.sql (5.29ms)\n"}
{"Time":"2026-10-01T18:04:02.493539+08:00","Action":"output","Package":"ops-platform/test/integration","Test":"TestWithTenantTxIsolatesTenantsAndUsesAppendOnlyAudit","Output":"2026/10/01 18:04:02 OK   00011_source_registration_history.sql (6.88ms)\n"}
{"Time":"2026-10-01T18:04:02.503254+08:00","Action":"output","Package":"ops-platform/test/integration","Test":"TestWithTenantTxIsolatesTenantsAndUsesAppendOnlyAudit","Output":"2026/10/01 18:04:02 OK   00012_config_registry_lifecycle.sql (9.41ms)\n"}
{"Time":"2026-10-01T18:04:02.514799+08:00","Action":"output","Package":"ops-platform/test/integration","Test":"TestWithTenantTxIsolatesTenantsAndUsesAppendOnlyAudit","Output":"2026/10/01 18:04:02 OK   00013_audit_signed_segments.sql (11.15ms)\n"}
{"Time":"2026-10-01T18:04:02.520098+08:00","Action":"output","Package":"ops-platform/test/integration","Test":"TestWithTenantTxIsolatesTenantsAndUsesAppendOnlyAudit","Output":"2026/10/01 18:04:02 OK   00014_audit_segment_predecessors.sql (5.12ms)\n"}
{"Time":"2026-10-01T18:04:02.524357+08:00","Action":"output","Package":"ops-platform/test/integration","Test":"TestWithTenantTxIsolatesTenantsAndUsesAppendOnlyAudit","Output":"2026/10/01 18:04:02 OK   00015_source_schema_scope.sql (4.09ms)\n"}
{"Time":"2026-10-01T18:04:02.529332+08:00","Action":"output","Package":"ops-platform/test/integration","Test":"TestWithTenantTxIsolatesTenantsAndUsesAppendOnlyAudit","Output":"2026/10/01 18:04:02 OK   00016_cluster_registration_metadata.sql (4.8ms)\n"}
{"Time":"2026-10-01T18:04:02.529384+08:00","Action":"output","Package":"ops-platform/test/integration","Test":"TestWithTenantTxIsolatesTenantsAndUsesAppendOnlyAudit","Output":"2026/10/01 18:04:02 goose: successfully migrated database to version: 16\n"}
{"Time":"2026-10-01T18:04:02.621992+08:00","Action":"output","Package":"ops-platform/test/integration","Test":"TestWithTenantTxIsolatesTenantsAndUsesAppendOnlyAudit","Output":"--- PASS: TestWithTenantTxIsolatesTenantsAndUsesAppendOnlyAudit (0.28s)\n","OutputType":"frame"}
{"Time":"2026-10-01T18:04:02.622051+08:00","Action":"pass","Package":"ops-platform/test/integration","Test":"TestWithTenantTxIsolatesTenantsAndUsesAppendOnlyAudit","Elapsed":0.28}
{"Time":"2026-10-01T18:04:02.622077+08:00","Action":"run","Package":"ops-platform/test/integration","Test":"TestRealVictoriaMetricsScrapesPlatformProcessMetric"}
{"Time":"2026-10-01T18:04:02.622087+08:00","Action":"output","Package":"ops-platform/test/integration","Test":"TestRealVictoriaMetricsScrapesPlatformProcessMetric","Output":"=== RUN   TestRealVictoriaMetricsScrapesPlatformProcessMetric\n","OutputType":"frame"}
{"Time":"2026-10-01T18:04:02.624549+08:00","Action":"output","Package":"ops-platform/test/integration","Test":"TestRealVictoriaMetricsScrapesPlatformProcessMetric","Output":"--- PASS: TestRealVictoriaMetricsScrapesPlatformProcessMetric (0.00s)\n","OutputType":"frame"}
{"Time":"2026-10-01T18:04:02.624578+08:00","Action":"pass","Package":"ops-platform/test/integration","Test":"TestRealVictoriaMetricsScrapesPlatformProcessMetric","Elapsed":0}
{"Time":"2026-10-01T18:04:02.624589+08:00","Action":"run","Package":"ops-platform/test/integration","Test":"TestRealVictoriaLogsAcceptsStructuredPlatformStdout"}
{"Time":"2026-10-01T18:04:02.624597+08:00","Action":"output","Package":"ops-platform/test/integration","Test":"TestRealVictoriaLogsAcceptsStructuredPlatformStdout","Output":"=== RUN   TestRealVictoriaLogsAcceptsStructuredPlatformStdout\n","OutputType":"frame"}
{"Time":"2026-10-01T18:04:03.633177+08:00","Action":"output","Package":"ops-platform/test/integration","Test":"TestRealVictoriaLogsAcceptsStructuredPlatformStdout","Output":"--- PASS: TestRealVictoriaLogsAcceptsStructuredPlatformStdout (1.01s)\n","OutputType":"frame"}
{"Time":"2026-10-01T18:04:03.633564+08:00","Action":"pass","Package":"ops-platform/test/integration","Test":"TestRealVictoriaLogsAcceptsStructuredPlatformStdout","Elapsed":1.01}
{"Time":"2026-10-01T18:04:03.633858+08:00","Action":"run","Package":"ops-platform/test/integration","Test":"TestRealProjectedPodTokensAuthenticateOpenBaoAndWorkloadMTLS"}
{"Time":"2026-10-01T18:04:03.6341+08:00","Action":"output","Package":"ops-platform/test/integration","Test":"TestRealProjectedPodTokensAuthenticateOpenBaoAndWorkloadMTLS","Output":"=== RUN   TestRealProjectedPodTokensAuthenticateOpenBaoAndWorkloadMTLS\n","OutputType":"frame"}
{"Time":"2026-10-01T18:04:03.863002+08:00","Action":"output","Package":"ops-platform/test/integration","Test":"TestRealProjectedPodTokensAuthenticateOpenBaoAndWorkloadMTLS","Output":"2026/10/01 18:04:03 http: TLS handshake error from 127.0.0.1:54303: tls: client didn't provide a certificate\n"}
{"Time":"2026-10-01T18:04:03.863081+08:00","Action":"output","Package":"ops-platform/test/integration","Test":"TestRealProjectedPodTokensAuthenticateOpenBaoAndWorkloadMTLS","Output":"    projected_workload_test.go:133: real Pod-bound TokenReview accepted three workload identities, denied unauthorized SA/namespace/audience; Investigator and test Runner mTLS completed without forwarded JWT\n"}
{"Time":"2026-10-01T18:04:03.863168+08:00","Action":"output","Package":"ops-platform/test/integration","Test":"TestRealProjectedPodTokensAuthenticateOpenBaoAndWorkloadMTLS","Output":"--- PASS: TestRealProjectedPodTokensAuthenticateOpenBaoAndWorkloadMTLS (0.23s)\n","OutputType":"frame"}
{"Time":"2026-10-01T18:04:03.863188+08:00","Action":"pass","Package":"ops-platform/test/integration","Test":"TestRealProjectedPodTokensAuthenticateOpenBaoAndWorkloadMTLS","Elapsed":0.23}
{"Time":"2026-10-01T18:04:03.863202+08:00","Action":"run","Package":"ops-platform/test/integration","Test":"TestRuntimeDatabaseLoginCannotRegainOwnerOrOtherProcess"}
{"Time":"2026-10-01T18:04:03.863209+08:00","Action":"output","Package":"ops-platform/test/integration","Test":"TestRuntimeDatabaseLoginCannotRegainOwnerOrOtherProcess","Output":"=== RUN   TestRuntimeDatabaseLoginCannotRegainOwnerOrOtherProcess\n","OutputType":"frame"}
{"Time":"2026-10-01T18:04:03.923517+08:00","Action":"output","Package":"ops-platform/test/integration","Test":"TestRuntimeDatabaseLoginCannotRegainOwnerOrOtherProcess","Output":"2026/10/01 18:04:03 OK   00001_roles_and_schemas.sql (9.62ms)\n"}
{"Time":"2026-10-01T18:04:03.941057+08:00","Action":"output","Package":"ops-platform/test/integration","Test":"TestRuntimeDatabaseLoginCannotRegainOwnerOrOtherProcess","Output":"2026/10/01 18:04:03 OK   00002_platform_meta.sql (17.15ms)\n"}
{"Time":"2026-10-01T18:04:03.948998+08:00","Action":"output","Package":"ops-platform/test/integration","Test":"TestRuntimeDatabaseLoginCannotRegainOwnerOrOtherProcess","Output":"2026/10/01 18:04:03 OK   00003_finding.sql (7.66ms)\n"}
{"Time":"2026-10-01T18:04:03.9551+08:00","Action":"output","Package":"ops-platform/test/integration","Test":"TestRuntimeDatabaseLoginCannotRegainOwnerOrOtherProcess","Output":"2026/10/01 18:04:03 OK   00004_incident.sql (5.91ms)\n"}
{"Time":"2026-10-01T18:04:03.96178+08:00","Action":"output","Package":"ops-platform/test/integration","Test":"TestRuntimeDatabaseLoginCannotRegainOwnerOrOtherProcess","Output":"2026/10/01 18:04:03 OK   00005_investigation.sql (6.48ms)\n"}
{"Time":"2026-10-01T18:04:03.968153+08:00","Action":"output","Package":"ops-platform/test/integration","Test":"TestRuntimeDatabaseLoginCannotRegainOwnerOrOtherProcess","Output":"2026/10/01 18:04:03 OK   00006_action_command.sql (6.11ms)\n"}
{"Time":"2026-10-01T18:04:03.975417+08:00","Action":"output","Package":"ops-platform/test/integration","Test":"TestRuntimeDatabaseLoginCannotRegainOwnerOrOtherProcess","Output":"2026/10/01 18:04:03 OK   00007_audit.sql (6.97ms)\n"}
{"Time":"2026-10-01T18:04:03.984012+08:00","Action":"output","Package":"ops-platform/test/integration","Test":"TestRuntimeDatabaseLoginCannotRegainOwnerOrOtherProcess","Output":"2026/10/01 18:04:03 OK   00008_rls.sql (8.42ms)\n"}
{"Time":"2026-10-01T18:04:03.990019+08:00","Action":"output","Package":"ops-platform/test/integration","Test":"TestRuntimeDatabaseLoginCannotRegainOwnerOrOtherProcess","Output":"2026/10/01 18:04:03 OK   00009_idempotency_ledger.sql (5.86ms)\n"}
{"Time":"2026-10-01T18:04:03.99559+08:00","Action":"output","Package":"ops-platform/test/integration","Test":"TestRuntimeDatabaseLoginCannotRegainOwnerOrOtherProcess","Output":"2026/10/01 18:04:03 OK   00010_tenant_provisioning.sql (5.44ms)\n"}
{"Time":"2026-10-01T18:04:04.008032+08:00","Action":"output","Package":"ops-platform/test/integration","Test":"TestRuntimeDatabaseLoginCannotRegainOwnerOrOtherProcess","Output":"2026/10/01 18:04:04 OK   00011_source_registration_history.sql (12.21ms)\n"}
{"Time":"2026-10-01T18:04:04.019571+08:00","Action":"output","Package":"ops-platform/test/integration","Test":"TestRuntimeDatabaseLoginCannotRegainOwnerOrOtherProcess","Output":"2026/10/01 18:04:04 OK   00012_config_registry_lifecycle.sql (11.36ms)\n"}
{"Time":"2026-10-01T18:04:04.030078+08:00","Action":"output","Package":"ops-platform/test/integration","Test":"TestRuntimeDatabaseLoginCannotRegainOwnerOrOtherProcess","Output":"2026/10/01 18:04:04 OK   00013_audit_signed_segments.sql (10.32ms)\n"}
{"Time":"2026-10-01T18:04:04.035725+08:00","Action":"output","Package":"ops-platform/test/integration","Test":"TestRuntimeDatabaseLoginCannotRegainOwnerOrOtherProcess","Output":"2026/10/01 18:04:04 OK   00014_audit_segment_predecessors.sql (5.51ms)\n"}
{"Time":"2026-10-01T18:04:04.040086+08:00","Action":"output","Package":"ops-platform/test/integration","Test":"TestRuntimeDatabaseLoginCannotRegainOwnerOrOtherProcess","Output":"2026/10/01 18:04:04 OK   00015_source_schema_scope.sql (4.23ms)\n"}
{"Time":"2026-10-01T18:04:04.0444+08:00","Action":"output","Package":"ops-platform/test/integration","Test":"TestRuntimeDatabaseLoginCannotRegainOwnerOrOtherProcess","Output":"2026/10/01 18:04:04 OK   00016_cluster_registration_metadata.sql (4.14ms)\n"}
{"Time":"2026-10-01T18:04:04.044455+08:00","Action":"output","Package":"ops-platform/test/integration","Test":"TestRuntimeDatabaseLoginCannotRegainOwnerOrOtherProcess","Output":"2026/10/01 18:04:04 goose: successfully migrated database to version: 16\n"}
{"Time":"2026-10-01T18:04:04.118092+08:00","Action":"output","Package":"ops-platform/test/integration","Test":"TestRuntimeDatabaseLoginCannotRegainOwnerOrOtherProcess","Output":"--- PASS: TestRuntimeDatabaseLoginCannotRegainOwnerOrOtherProcess (0.25s)\n","OutputType":"frame"}
{"Time":"2026-10-01T18:04:04.11815+08:00","Action":"pass","Package":"ops-platform/test/integration","Test":"TestRuntimeDatabaseLoginCannotRegainOwnerOrOtherProcess","Elapsed":0.25}
{"Time":"2026-10-01T18:04:04.11817+08:00","Action":"run","Package":"ops-platform/test/integration","Test":"TestRuntimeProfileFixtureMatchesLockedEndpoints"}
{"Time":"2026-10-01T18:04:04.11818+08:00","Action":"output","Package":"ops-platform/test/integration","Test":"TestRuntimeProfileFixtureMatchesLockedEndpoints","Output":"=== RUN   TestRuntimeProfileFixtureMatchesLockedEndpoints\n","OutputType":"frame"}
{"Time":"2026-10-01T18:04:04.1201+08:00","Action":"output","Package":"ops-platform/test/integration","Test":"TestRuntimeProfileFixtureMatchesLockedEndpoints","Output":"--- PASS: TestRuntimeProfileFixtureMatchesLockedEndpoints (0.00s)\n","OutputType":"frame"}
{"Time":"2026-10-01T18:04:04.120145+08:00","Action":"pass","Package":"ops-platform/test/integration","Test":"TestRuntimeProfileFixtureMatchesLockedEndpoints","Elapsed":0}
{"Time":"2026-10-01T18:04:04.12017+08:00","Action":"run","Package":"ops-platform/test/integration","Test":"TestSourceRegistrationsAreTenantBoundRevisionedAndAudited"}
{"Time":"2026-10-01T18:04:04.120187+08:00","Action":"output","Package":"ops-platform/test/integration","Test":"TestSourceRegistrationsAreTenantBoundRevisionedAndAudited","Output":"=== RUN   TestSourceRegistrationsAreTenantBoundRevisionedAndAudited\n","OutputType":"frame"}
{"Time":"2026-10-01T18:04:04.157356+08:00","Action":"output","Package":"ops-platform/test/integration","Test":"TestSourceRegistrationsAreTenantBoundRevisionedAndAudited","Output":"2026/10/01 18:04:04 OK   00001_roles_and_schemas.sql (7.74ms)\n"}
{"Time":"2026-10-01T18:04:04.157395+08:00","Action":"output","Package":"ops-platform/test/integration","Test":"TestSourceRegistrationsAreTenantBoundRevisionedAndAudited","Output":"2026/10/01 18:04:04 goose: successfully migrated database to version: 1\n"}
{"Time":"2026-10-01T18:04:04.177181+08:00","Action":"output","Package":"ops-platform/test/integration","Test":"TestSourceRegistrationsAreTenantBoundRevisionedAndAudited","Output":"2026/10/01 18:04:04 OK   00002_platform_meta.sql (13.66ms)\n"}
{"Time":"2026-10-01T18:04:04.182729+08:00","Action":"output","Package":"ops-platform/test/integration","Test":"TestSourceRegistrationsAreTenantBoundRevisionedAndAudited","Output":"2026/10/01 18:04:04 OK   00003_finding.sql (5.37ms)\n"}
{"Time":"2026-10-01T18:04:04.186878+08:00","Action":"output","Package":"ops-platform/test/integration","Test":"TestSourceRegistrationsAreTenantBoundRevisionedAndAudited","Output":"2026/10/01 18:04:04 OK   00004_incident.sql (4.01ms)\n"}
{"Time":"2026-10-01T18:04:04.191534+08:00","Action":"output","Package":"ops-platform/test/integration","Test":"TestSourceRegistrationsAreTenantBoundRevisionedAndAudited","Output":"2026/10/01 18:04:04 OK   00005_investigation.sql (4.51ms)\n"}
{"Time":"2026-10-01T18:04:04.195706+08:00","Action":"output","Package":"ops-platform/test/integration","Test":"TestSourceRegistrationsAreTenantBoundRevisionedAndAudited","Output":"2026/10/01 18:04:04 OK   00006_action_command.sql (4.05ms)\n"}
{"Time":"2026-10-01T18:04:04.202737+08:00","Action":"output","Package":"ops-platform/test/integration","Test":"TestSourceRegistrationsAreTenantBoundRevisionedAndAudited","Output":"2026/10/01 18:04:04 OK   00007_audit.sql (6.87ms)\n"}
{"Time":"2026-10-01T18:04:04.20932+08:00","Action":"output","Package":"ops-platform/test/integration","Test":"TestSourceRegistrationsAreTenantBoundRevisionedAndAudited","Output":"2026/10/01 18:04:04 OK   00008_rls.sql (6.42ms)\n"}
{"Time":"2026-10-01T18:04:04.214629+08:00","Action":"output","Package":"ops-platform/test/integration","Test":"TestSourceRegistrationsAreTenantBoundRevisionedAndAudited","Output":"2026/10/01 18:04:04 OK   00009_idempotency_ledger.sql (5.12ms)\n"}
{"Time":"2026-10-01T18:04:04.218205+08:00","Action":"output","Package":"ops-platform/test/integration","Test":"TestSourceRegistrationsAreTenantBoundRevisionedAndAudited","Output":"2026/10/01 18:04:04 OK   00010_tenant_provisioning.sql (3.5ms)\n"}
{"Time":"2026-10-01T18:04:04.22301+08:00","Action":"output","Package":"ops-platform/test/integration","Test":"TestSourceRegistrationsAreTenantBoundRevisionedAndAudited","Output":"2026/10/01 18:04:04 OK   00011_source_registration_history.sql (4.68ms)\n"}
{"Time":"2026-10-01T18:04:04.229658+08:00","Action":"output","Package":"ops-platform/test/integration","Test":"TestSourceRegistrationsAreTenantBoundRevisionedAndAudited","Output":"2026/10/01 18:04:04 OK   00012_config_registry_lifecycle.sql (6.51ms)\n"}
{"Time":"2026-10-01T18:04:04.238934+08:00","Action":"output","Package":"ops-platform/test/integration","Test":"TestSourceRegistrationsAreTenantBoundRevisionedAndAudited","Output":"2026/10/01 18:04:04 OK   00013_audit_signed_segments.sql (9.06ms)\n"}
{"Time":"2026-10-01T18:04:04.243546+08:00","Action":"output","Package":"ops-platform/test/integration","Test":"TestSourceRegistrationsAreTenantBoundRevisionedAndAudited","Output":"2026/10/01 18:04:04 OK   00014_audit_segment_predecessors.sql (4.44ms)\n"}
{"Time":"2026-10-01T18:04:04.246326+08:00","Action":"output","Package":"ops-platform/test/integration","Test":"TestSourceRegistrationsAreTenantBoundRevisionedAndAudited","Output":"2026/10/01 18:04:04 OK   00015_source_schema_scope.sql (2.66ms)\n"}
{"Time":"2026-10-01T18:04:04.249811+08:00","Action":"output","Package":"ops-platform/test/integration","Test":"TestSourceRegistrationsAreTenantBoundRevisionedAndAudited","Output":"2026/10/01 18:04:04 OK   00016_cluster_registration_metadata.sql (3.39ms)\n"}
{"Time":"2026-10-01T18:04:04.249854+08:00","Action":"output","Package":"ops-platform/test/integration","Test":"TestSourceRegistrationsAreTenantBoundRevisionedAndAudited","Output":"2026/10/01 18:04:04 goose: successfully migrated database to version: 16\n"}
{"Time":"2026-10-01T18:04:04.278378+08:00","Action":"run","Package":"ops-platform/test/integration","Test":"TestSourceRegistrationsAreTenantBoundRevisionedAndAudited/payload-tenant"}
{"Time":"2026-10-01T18:04:04.278428+08:00","Action":"output","Package":"ops-platform/test/integration","Test":"TestSourceRegistrationsAreTenantBoundRevisionedAndAudited/payload-tenant","Output":"=== RUN   TestSourceRegistrationsAreTenantBoundRevisionedAndAudited/payload-tenant\n","OutputType":"frame"}
{"Time":"2026-10-01T18:04:04.278952+08:00","Action":"output","Package":"ops-platform/test/integration","Test":"TestSourceRegistrationsAreTenantBoundRevisionedAndAudited/payload-tenant","Output":"--- PASS: TestSourceRegistrationsAreTenantBoundRevisionedAndAudited/payload-tenant (0.00s)\n","OutputType":"frame"}
{"Time":"2026-10-01T18:04:04.27897+08:00","Action":"pass","Package":"ops-platform/test/integration","Test":"TestSourceRegistrationsAreTenantBoundRevisionedAndAudited/payload-tenant","Elapsed":0}
{"Time":"2026-10-01T18:04:04.278983+08:00","Action":"run","Package":"ops-platform/test/integration","Test":"TestSourceRegistrationsAreTenantBoundRevisionedAndAudited/payload-cluster"}
{"Time":"2026-10-01T18:04:04.278993+08:00","Action":"output","Package":"ops-platform/test/integration","Test":"TestSourceRegistrationsAreTenantBoundRevisionedAndAudited/payload-cluster","Output":"=== RUN   TestSourceRegistrationsAreTenantBoundRevisionedAndAudited/payload-cluster\n","OutputType":"frame"}
{"Time":"2026-10-01T18:04:04.279485+08:00","Action":"output","Package":"ops-platform/test/integration","Test":"TestSourceRegistrationsAreTenantBoundRevisionedAndAudited/payload-cluster","Output":"--- PASS: TestSourceRegistrationsAreTenantBoundRevisionedAndAudited/payload-cluster (0.00s)\n","OutputType":"frame"}
{"Time":"2026-10-01T18:04:04.279499+08:00","Action":"pass","Package":"ops-platform/test/integration","Test":"TestSourceRegistrationsAreTenantBoundRevisionedAndAudited/payload-cluster","Elapsed":0}
{"Time":"2026-10-01T18:04:04.371189+08:00","Action":"output","Package":"ops-platform/test/integration","Test":"TestSourceRegistrationsAreTenantBoundRevisionedAndAudited","Output":"--- PASS: TestSourceRegistrationsAreTenantBoundRevisionedAndAudited (0.25s)\n","OutputType":"frame"}
{"Time":"2026-10-01T18:04:04.371392+08:00","Action":"pass","Package":"ops-platform/test/integration","Test":"TestSourceRegistrationsAreTenantBoundRevisionedAndAudited","Elapsed":0.25}
{"Time":"2026-10-01T18:04:04.371446+08:00","Action":"run","Package":"ops-platform/test/integration","Test":"TestRevokedStepUpCannotBeRecreatedByReplayingSameJWT"}
{"Time":"2026-10-01T18:04:04.371471+08:00","Action":"output","Package":"ops-platform/test/integration","Test":"TestRevokedStepUpCannotBeRecreatedByReplayingSameJWT","Output":"=== RUN   TestRevokedStepUpCannotBeRecreatedByReplayingSameJWT\n","OutputType":"frame"}
{"Time":"2026-10-01T18:04:04.408779+08:00","Action":"output","Package":"ops-platform/test/integration","Test":"TestRevokedStepUpCannotBeRecreatedByReplayingSameJWT","Output":"2026/10/01 18:04:04 OK   00001_roles_and_schemas.sql (6.82ms)\n"}
{"Time":"2026-10-01T18:04:04.424561+08:00","Action":"output","Package":"ops-platform/test/integration","Test":"TestRevokedStepUpCannotBeRecreatedByReplayingSameJWT","Output":"2026/10/01 18:04:04 OK   00002_platform_meta.sql (15.49ms)\n"}
{"Time":"2026-10-01T18:04:04.430231+08:00","Action":"output","Package":"ops-platform/test/integration","Test":"TestRevokedStepUpCannotBeRecreatedByReplayingSameJWT","Output":"2026/10/01 18:04:04 OK   00003_finding.sql (5.47ms)\n"}
{"Time":"2026-10-01T18:04:04.434432+08:00","Action":"output","Package":"ops-platform/test/integration","Test":"TestRevokedStepUpCannotBeRecreatedByReplayingSameJWT","Output":"2026/10/01 18:04:04 OK   00004_incident.sql (4.11ms)\n"}
{"Time":"2026-10-01T18:04:04.439155+08:00","Action":"output","Package":"ops-platform/test/integration","Test":"TestRevokedStepUpCannotBeRecreatedByReplayingSameJWT","Output":"2026/10/01 18:04:04 OK   00005_investigation.sql (4.52ms)\n"}
{"Time":"2026-10-01T18:04:04.445403+08:00","Action":"output","Package":"ops-platform/test/integration","Test":"TestRevokedStepUpCannotBeRecreatedByReplayingSameJWT","Output":"2026/10/01 18:04:04 OK   00006_action_command.sql (6.06ms)\n"}
{"Time":"2026-10-01T18:04:04.452027+08:00","Action":"output","Package":"ops-platform/test/integration","Test":"TestRevokedStepUpCannotBeRecreatedByReplayingSameJWT","Output":"2026/10/01 18:04:04 OK   00007_audit.sql (6.39ms)\n"}
{"Time":"2026-10-01T18:04:04.458493+08:00","Action":"output","Package":"ops-platform/test/integration","Test":"TestRevokedStepUpCannotBeRecreatedByReplayingSameJWT","Output":"2026/10/01 18:04:04 OK   00008_rls.sql (6.27ms)\n"}
{"Time":"2026-10-01T18:04:04.463733+08:00","Action":"output","Package":"ops-platform/test/integration","Test":"TestRevokedStepUpCannotBeRecreatedByReplayingSameJWT","Output":"2026/10/01 18:04:04 OK   00009_idempotency_ledger.sql (5.02ms)\n"}
{"Time":"2026-10-01T18:04:04.466728+08:00","Action":"output","Package":"ops-platform/test/integration","Test":"TestRevokedStepUpCannotBeRecreatedByReplayingSameJWT","Output":"2026/10/01 18:04:04 OK   00010_tenant_provisioning.sql (2.9ms)\n"}
{"Time":"2026-10-01T18:04:04.471073+08:00","Action":"output","Package":"ops-platform/test/integration","Test":"TestRevokedStepUpCannotBeRecreatedByReplayingSameJWT","Output":"2026/10/01 18:04:04 OK   00011_source_registration_history.sql (4.19ms)\n"}
{"Time":"2026-10-01T18:04:04.47781+08:00","Action":"output","Package":"ops-platform/test/integration","Test":"TestRevokedStepUpCannotBeRecreatedByReplayingSameJWT","Output":"2026/10/01 18:04:04 OK   00012_config_registry_lifecycle.sql (6.55ms)\n"}
{"Time":"2026-10-01T18:04:04.50066+08:00","Action":"output","Package":"ops-platform/test/integration","Test":"TestRevokedStepUpCannotBeRecreatedByReplayingSameJWT","Output":"2026/10/01 18:04:04 OK   00013_audit_signed_segments.sql (22.64ms)\n"}
{"Time":"2026-10-01T18:04:04.50522+08:00","Action":"output","Package":"ops-platform/test/integration","Test":"TestRevokedStepUpCannotBeRecreatedByReplayingSameJWT","Output":"2026/10/01 18:04:04 OK   00014_audit_segment_predecessors.sql (4.35ms)\n"}
{"Time":"2026-10-01T18:04:04.507232+08:00","Action":"output","Package":"ops-platform/test/integration","Test":"TestRevokedStepUpCannotBeRecreatedByReplayingSameJWT","Output":"2026/10/01 18:04:04 OK   00015_source_schema_scope.sql (1.89ms)\n"}
{"Time":"2026-10-01T18:04:04.510117+08:00","Action":"output","Package":"ops-platform/test/integration","Test":"TestRevokedStepUpCannotBeRecreatedByReplayingSameJWT","Output":"2026/10/01 18:04:04 OK   00016_cluster_registration_metadata.sql (2.75ms)\n"}
{"Time":"2026-10-01T18:04:04.510157+08:00","Action":"output","Package":"ops-platform/test/integration","Test":"TestRevokedStepUpCannotBeRecreatedByReplayingSameJWT","Output":"2026/10/01 18:04:04 goose: successfully migrated database to version: 16\n"}
{"Time":"2026-10-01T18:04:04.550609+08:00","Action":"output","Package":"ops-platform/test/integration","Test":"TestRevokedStepUpCannotBeRecreatedByReplayingSameJWT","Output":"--- PASS: TestRevokedStepUpCannotBeRecreatedByReplayingSameJWT (0.18s)\n","OutputType":"frame"}
{"Time":"2026-10-01T18:04:04.550803+08:00","Action":"pass","Package":"ops-platform/test/integration","Test":"TestRevokedStepUpCannotBeRecreatedByReplayingSameJWT","Elapsed":0.18}
{"Time":"2026-10-01T18:04:04.550843+08:00","Action":"run","Package":"ops-platform/test/integration","Test":"TestTenantProvisioningAndRoleBindingRevisions"}
{"Time":"2026-10-01T18:04:04.550863+08:00","Action":"output","Package":"ops-platform/test/integration","Test":"TestTenantProvisioningAndRoleBindingRevisions","Output":"=== RUN   TestTenantProvisioningAndRoleBindingRevisions\n","OutputType":"frame"}
{"Time":"2026-10-01T18:04:04.58385+08:00","Action":"output","Package":"ops-platform/test/integration","Test":"TestTenantProvisioningAndRoleBindingRevisions","Output":"2026/10/01 18:04:04 OK   00001_roles_and_schemas.sql (6.43ms)\n"}
{"Time":"2026-10-01T18:04:04.584033+08:00","Action":"output","Package":"ops-platform/test/integration","Test":"TestTenantProvisioningAndRoleBindingRevisions","Output":"2026/10/01 18:04:04 goose: successfully migrated database to version: 1\n"}
{"Time":"2026-10-01T18:04:04.602668+08:00","Action":"output","Package":"ops-platform/test/integration","Test":"TestTenantProvisioningAndRoleBindingRevisions","Output":"2026/10/01 18:04:04 OK   00002_platform_meta.sql (13.63ms)\n"}
{"Time":"2026-10-01T18:04:04.607842+08:00","Action":"output","Package":"ops-platform/test/integration","Test":"TestTenantProvisioningAndRoleBindingRevisions","Output":"2026/10/01 18:04:04 OK   00003_finding.sql (5ms)\n"}
{"Time":"2026-10-01T18:04:04.611297+08:00","Action":"output","Package":"ops-platform/test/integration","Test":"TestTenantProvisioningAndRoleBindingRevisions","Output":"2026/10/01 18:04:04 OK   00004_incident.sql (3.3ms)\n"}
{"Time":"2026-10-01T18:04:04.615317+08:00","Action":"output","Package":"ops-platform/test/integration","Test":"TestTenantProvisioningAndRoleBindingRevisions","Output":"2026/10/01 18:04:04 OK   00005_investigation.sql (3.85ms)\n"}
{"Time":"2026-10-01T18:04:04.619157+08:00","Action":"output","Package":"ops-platform/test/integration","Test":"TestTenantProvisioningAndRoleBindingRevisions","Output":"2026/10/01 18:04:04 OK   00006_action_command.sql (3.66ms)\n"}
{"Time":"2026-10-01T18:04:04.625437+08:00","Action":"output","Package":"ops-platform/test/integration","Test":"TestTenantProvisioningAndRoleBindingRevisions","Output":"2026/10/01 18:04:04 OK   00007_audit.sql (6.06ms)\n"}
{"Time":"2026-10-01T18:04:04.631402+08:00","Action":"output","Package":"ops-platform/test/integration","Test":"TestTenantProvisioningAndRoleBindingRevisions","Output":"2026/10/01 18:04:04 OK   00008_rls.sql (5.88ms)\n"}
{"Time":"2026-10-01T18:04:04.635897+08:00","Action":"output","Package":"ops-platform/test/integration","Test":"TestTenantProvisioningAndRoleBindingRevisions","Output":"2026/10/01 18:04:04 OK   00009_idempotency_ledger.sql (4.24ms)\n"}
{"Time":"2026-10-01T18:04:04.638698+08:00","Action":"output","Package":"ops-platform/test/integration","Test":"TestTenantProvisioningAndRoleBindingRevisions","Output":"2026/10/01 18:04:04 OK   00010_tenant_provisioning.sql (2.62ms)\n"}
{"Time":"2026-10-01T18:04:04.642852+08:00","Action":"output","Package":"ops-platform/test/integration","Test":"TestTenantProvisioningAndRoleBindingRevisions","Output":"2026/10/01 18:04:04 OK   00011_source_registration_history.sql (3.96ms)\n"}
{"Time":"2026-10-01T18:04:04.649238+08:00","Action":"output","Package":"ops-platform/test/integration","Test":"TestTenantProvisioningAndRoleBindingRevisions","Output":"2026/10/01 18:04:04 OK   00012_config_registry_lifecycle.sql (6.17ms)\n"}
{"Time":"2026-10-01T18:04:04.657653+08:00","Action":"output","Package":"ops-platform/test/integration","Test":"TestTenantProvisioningAndRoleBindingRevisions","Output":"2026/10/01 18:04:04 OK   00013_audit_signed_segments.sql (8.07ms)\n"}
{"Time":"2026-10-01T18:04:04.661041+08:00","Action":"output","Package":"ops-platform/test/integration","Test":"TestTenantProvisioningAndRoleBindingRevisions","Output":"2026/10/01 18:04:04 OK   00014_audit_segment_predecessors.sql (3.27ms)\n"}
{"Time":"2026-10-01T18:04:04.662866+08:00","Action":"output","Package":"ops-platform/test/integration","Test":"TestTenantProvisioningAndRoleBindingRevisions","Output":"2026/10/01 18:04:04 OK   00015_source_schema_scope.sql (1.75ms)\n"}
{"Time":"2026-10-01T18:04:04.665369+08:00","Action":"output","Package":"ops-platform/test/integration","Test":"TestTenantProvisioningAndRoleBindingRevisions","Output":"2026/10/01 18:04:04 OK   00016_cluster_registration_metadata.sql (2.43ms)\n"}
{"Time":"2026-10-01T18:04:04.665406+08:00","Action":"output","Package":"ops-platform/test/integration","Test":"TestTenantProvisioningAndRoleBindingRevisions","Output":"2026/10/01 18:04:04 goose: successfully migrated database to version: 16\n"}
{"Time":"2026-10-01T18:04:04.719364+08:00","Action":"output","Package":"ops-platform/test/integration","Test":"TestTenantProvisioningAndRoleBindingRevisions","Output":"--- PASS: TestTenantProvisioningAndRoleBindingRevisions (0.17s)\n","OutputType":"frame"}
{"Time":"2026-10-01T18:04:04.719526+08:00","Action":"pass","Package":"ops-platform/test/integration","Test":"TestTenantProvisioningAndRoleBindingRevisions","Elapsed":0.17}
{"Time":"2026-10-01T18:04:04.719554+08:00","Action":"run","Package":"ops-platform/test/integration","Test":"TestRealAuditWorkerProjectedLoginResumesPendingAfterArchiveOutage"}
{"Time":"2026-10-01T18:04:04.719569+08:00","Action":"output","Package":"ops-platform/test/integration","Test":"TestRealAuditWorkerProjectedLoginResumesPendingAfterArchiveOutage","Output":"=== RUN   TestRealAuditWorkerProjectedLoginResumesPendingAfterArchiveOutage\n","OutputType":"frame"}
{"Time":"2026-10-01T18:04:04.753419+08:00","Action":"output","Package":"ops-platform/test/integration","Test":"TestRealAuditWorkerProjectedLoginResumesPendingAfterArchiveOutage","Output":"2026/10/01 18:04:04 OK   00001_roles_and_schemas.sql (5.79ms)\n"}
{"Time":"2026-10-01T18:04:04.766108+08:00","Action":"output","Package":"ops-platform/test/integration","Test":"TestRealAuditWorkerProjectedLoginResumesPendingAfterArchiveOutage","Output":"2026/10/01 18:04:04 OK   00002_platform_meta.sql (12.39ms)\n"}
{"Time":"2026-10-01T18:04:04.771428+08:00","Action":"output","Package":"ops-platform/test/integration","Test":"TestRealAuditWorkerProjectedLoginResumesPendingAfterArchiveOutage","Output":"2026/10/01 18:04:04 OK   00003_finding.sql (5.13ms)\n"}
{"Time":"2026-10-01T18:04:04.775063+08:00","Action":"output","Package":"ops-platform/test/integration","Test":"TestRealAuditWorkerProjectedLoginResumesPendingAfterArchiveOutage","Output":"2026/10/01 18:04:04 OK   00004_incident.sql (3.49ms)\n"}
{"Time":"2026-10-01T18:04:04.779144+08:00","Action":"output","Package":"ops-platform/test/integration","Test":"TestRealAuditWorkerProjectedLoginResumesPendingAfterArchiveOutage","Output":"2026/10/01 18:04:04 OK   00005_investigation.sql (3.91ms)\n"}
{"Time":"2026-10-01T18:04:04.783026+08:00","Action":"output","Package":"ops-platform/test/integration","Test":"TestRealAuditWorkerProjectedLoginResumesPendingAfterArchiveOutage","Output":"2026/10/01 18:04:04 OK   00006_action_command.sql (3.7ms)\n"}
{"Time":"2026-10-01T18:04:04.78903+08:00","Action":"output","Package":"ops-platform/test/integration","Test":"TestRealAuditWorkerProjectedLoginResumesPendingAfterArchiveOutage","Output":"2026/10/01 18:04:04 OK   00007_audit.sql (5.75ms)\n"}
{"Time":"2026-10-01T18:04:04.794802+08:00","Action":"output","Package":"ops-platform/test/integration","Test":"TestRealAuditWorkerProjectedLoginResumesPendingAfterArchiveOutage","Output":"2026/10/01 18:04:04 OK   00008_rls.sql (5.57ms)\n"}
{"Time":"2026-10-01T18:04:04.799896+08:00","Action":"output","Package":"ops-platform/test/integration","Test":"TestRealAuditWorkerProjectedLoginResumesPendingAfterArchiveOutage","Output":"2026/10/01 18:04:04 OK   00009_idempotency_ledger.sql (4.86ms)\n"}
{"Time":"2026-10-01T18:04:04.803219+08:00","Action":"output","Package":"ops-platform/test/integration","Test":"TestRealAuditWorkerProjectedLoginResumesPendingAfterArchiveOutage","Output":"2026/10/01 18:04:04 OK   00010_tenant_provisioning.sql (3.09ms)\n"}
{"Time":"2026-10-01T18:04:04.807373+08:00","Action":"output","Package":"ops-platform/test/integration","Test":"TestRealAuditWorkerProjectedLoginResumesPendingAfterArchiveOutage","Output":"2026/10/01 18:04:04 OK   00011_source_registration_history.sql (4ms)\n"}
{"Time":"2026-10-01T18:04:04.813385+08:00","Action":"output","Package":"ops-platform/test/integration","Test":"TestRealAuditWorkerProjectedLoginResumesPendingAfterArchiveOutage","Output":"2026/10/01 18:04:04 OK   00012_config_registry_lifecycle.sql (5.81ms)\n"}
{"Time":"2026-10-01T18:04:04.821021+08:00","Action":"output","Package":"ops-platform/test/integration","Test":"TestRealAuditWorkerProjectedLoginResumesPendingAfterArchiveOutage","Output":"2026/10/01 18:04:04 OK   00013_audit_signed_segments.sql (7.35ms)\n"}
{"Time":"2026-10-01T18:04:04.824303+08:00","Action":"output","Package":"ops-platform/test/integration","Test":"TestRealAuditWorkerProjectedLoginResumesPendingAfterArchiveOutage","Output":"2026/10/01 18:04:04 OK   00014_audit_segment_predecessors.sql (3.15ms)\n"}
{"Time":"2026-10-01T18:04:04.825981+08:00","Action":"output","Package":"ops-platform/test/integration","Test":"TestRealAuditWorkerProjectedLoginResumesPendingAfterArchiveOutage","Output":"2026/10/01 18:04:04 OK   00015_source_schema_scope.sql (1.61ms)\n"}
{"Time":"2026-10-01T18:04:04.828328+08:00","Action":"output","Package":"ops-platform/test/integration","Test":"TestRealAuditWorkerProjectedLoginResumesPendingAfterArchiveOutage","Output":"2026/10/01 18:04:04 OK   00016_cluster_registration_metadata.sql (2.27ms)\n"}
{"Time":"2026-10-01T18:04:04.828358+08:00","Action":"output","Package":"ops-platform/test/integration","Test":"TestRealAuditWorkerProjectedLoginResumesPendingAfterArchiveOutage","Output":"2026/10/01 18:04:04 goose: successfully migrated database to version: 16\n"}
{"Time":"2026-10-01T18:04:09.689654+08:00","Action":"output","Package":"ops-platform/test/integration","Test":"TestRealAuditWorkerProjectedLoginResumesPendingAfterArchiveOutage","Output":"    worker_runtime_test.go:62: owned TLS/IAM fixture image=docker.io/chrislusf/seaweedfs@sha256:d4cf67729aa8777e1a43a5b61d72e5b96179e4b7bac9a221cb14cbc2036cb32e id=316a8fd123d77eaa7f82d91fdf7fb72d2ee055d439113a605a654d70edcb17fb bucket=sp03-worker-9919784e tenants=2\n"}
{"Time":"2026-10-01T18:04:12.524576+08:00","Action":"output","Package":"ops-platform/test/integration","Test":"TestRealAuditWorkerProjectedLoginResumesPendingAfterArchiveOutage","Output":"    worker_runtime_test.go:85: start worker with archive endpoint=http://127.0.0.1:1 bucket=sp03-worker-9919784e\n"}
{"Time":"2026-10-01T18:04:13.251612+08:00","Action":"output","Package":"ops-platform/test/integration","Test":"TestRealAuditWorkerProjectedLoginResumesPendingAfterArchiveOutage","Output":"    worker_runtime_test.go:85: start worker with archive endpoint=https://localhost:32787 bucket=sp03-worker-9919784e\n"}
{"Time":"2026-10-01T18:04:13.734764+08:00","Action":"output","Package":"ops-platform/test/integration","Test":"TestRealAuditWorkerProjectedLoginResumesPendingAfterArchiveOutage","Output":"    worker_runtime_test.go:168: actual cmd/platform-worker OS processes used projected-token login and worker-only DB login=sp03_worker_deb975448e524416a8b56966d61bd1c9; first_pid=23328 exit_signal=SIGKILL second_pid=23329 exit_code=0; restart resumed tenants=01a0f6eb-d180-7207-9316-a275afa78154,01a0f6eb-d180-720b-9a2a-b40cafcf5cd5 after S3 refusal; pending=0 max_proof_delay_seconds=368.761 bucket=sp03-worker-9919784e\n"}
{"Time":"2026-10-01T18:04:14.081151+08:00","Action":"output","Package":"ops-platform/test/integration","Test":"TestRealAuditWorkerProjectedLoginResumesPendingAfterArchiveOutage","Output":"--- PASS: TestRealAuditWorkerProjectedLoginResumesPendingAfterArchiveOutage (9.36s)\n","OutputType":"frame"}
{"Time":"2026-10-01T18:04:14.081227+08:00","Action":"pass","Package":"ops-platform/test/integration","Test":"TestRealAuditWorkerProjectedLoginResumesPendingAfterArchiveOutage","Elapsed":9.36}
{"Time":"2026-10-01T18:04:14.081261+08:00","Action":"run","Package":"ops-platform/test/integration","Test":"TestRealOpenBaoWorkloadPKIIssuanceAndRevocation"}
{"Time":"2026-10-01T18:04:14.081278+08:00","Action":"output","Package":"ops-platform/test/integration","Test":"TestRealOpenBaoWorkloadPKIIssuanceAndRevocation","Output":"=== RUN   TestRealOpenBaoWorkloadPKIIssuanceAndRevocation\n","OutputType":"frame"}
{"Time":"2026-10-01T18:04:14.101158+08:00","Action":"output","Package":"ops-platform/test/integration","Test":"TestRealOpenBaoWorkloadPKIIssuanceAndRevocation","Output":"    workload_identity_test.go:86: isolated OpenBao workload role=platform-workload-ops-api certificate_serial=655aeccf287eda55d6cbd6d7c80a71e4a48fe08 cert_ttl=1h0m30s revoked_crl_verified=true\n"}
{"Time":"2026-10-01T18:04:14.101272+08:00","Action":"output","Package":"ops-platform/test/integration","Test":"TestRealOpenBaoWorkloadPKIIssuanceAndRevocation","Output":"--- PASS: TestRealOpenBaoWorkloadPKIIssuanceAndRevocation (0.02s)\n","OutputType":"frame"}
{"Time":"2026-10-01T18:04:14.101291+08:00","Action":"pass","Package":"ops-platform/test/integration","Test":"TestRealOpenBaoWorkloadPKIIssuanceAndRevocation","Elapsed":0.02}
{"Time":"2026-10-01T18:04:14.101307+08:00","Action":"output","Package":"ops-platform/test/integration","Output":"PASS\n","OutputType":"frame"}
{"Time":"2026-10-01T18:04:14.106972+08:00","Action":"output","Package":"ops-platform/test/integration","Output":"ok  \tops-platform/test/integration\t52.086s\n"}
{"Time":"2026-10-01T18:04:14.107068+08:00","Action":"pass","Package":"ops-platform/test/integration","Elapsed":52.086}
Acceptance report: 26 tests passed; zero skips.
