{"Time":"2026-10-01T16:35:20.706057+08:00","Action":"start","Package":"ops-platform/test/integration"}
{"Time":"2026-10-01T16:35:21.421193+08:00","Action":"run","Package":"ops-platform/test/integration","Test":"TestRealOpenBaoTransitAndSeaweedS3AuditArchive"}
{"Time":"2026-10-01T16:35:21.42125+08:00","Action":"output","Package":"ops-platform/test/integration","Test":"TestRealOpenBaoTransitAndSeaweedS3AuditArchive","Output":"=== RUN   TestRealOpenBaoTransitAndSeaweedS3AuditArchive\n","OutputType":"frame"}
{"Time":"2026-10-01T16:35:21.714259+08:00","Action":"output","Package":"ops-platform/test/integration","Test":"TestRealOpenBaoTransitAndSeaweedS3AuditArchive","Output":"2026/10/01 16:35:21 OK   00001_roles_and_schemas.sql (10.91ms)\n"}
{"Time":"2026-10-01T16:35:21.714295+08:00","Action":"output","Package":"ops-platform/test/integration","Test":"TestRealOpenBaoTransitAndSeaweedS3AuditArchive","Output":"2026/10/01 16:35:21 goose: successfully migrated database to version: 1\n"}
{"Time":"2026-10-01T16:35:21.737571+08:00","Action":"output","Package":"ops-platform/test/integration","Test":"TestRealOpenBaoTransitAndSeaweedS3AuditArchive","Output":"2026/10/01 16:35:21 OK   00002_platform_meta.sql (14.53ms)\n"}
{"Time":"2026-10-01T16:35:21.744895+08:00","Action":"output","Package":"ops-platform/test/integration","Test":"TestRealOpenBaoTransitAndSeaweedS3AuditArchive","Output":"2026/10/01 16:35:21 OK   00003_finding.sql (6.94ms)\n"}
{"Time":"2026-10-01T16:35:21.74982+08:00","Action":"output","Package":"ops-platform/test/integration","Test":"TestRealOpenBaoTransitAndSeaweedS3AuditArchive","Output":"2026/10/01 16:35:21 OK   00004_incident.sql (4.76ms)\n"}
{"Time":"2026-10-01T16:35:21.755901+08:00","Action":"output","Package":"ops-platform/test/integration","Test":"TestRealOpenBaoTransitAndSeaweedS3AuditArchive","Output":"2026/10/01 16:35:21 OK   00005_investigation.sql (5.92ms)\n"}
{"Time":"2026-10-01T16:35:21.922739+08:00","Action":"output","Package":"ops-platform/test/integration","Test":"TestRealOpenBaoTransitAndSeaweedS3AuditArchive","Output":"2026/10/01 16:35:21 OK   00006_action_command.sql (166.7ms)\n"}
{"Time":"2026-10-01T16:35:21.969337+08:00","Action":"output","Package":"ops-platform/test/integration","Test":"TestRealOpenBaoTransitAndSeaweedS3AuditArchive","Output":"2026/10/01 16:35:21 OK   00007_audit.sql (46.35ms)\n"}
{"Time":"2026-10-01T16:35:22.102491+08:00","Action":"output","Package":"ops-platform/test/integration","Test":"TestRealOpenBaoTransitAndSeaweedS3AuditArchive","Output":"2026/10/01 16:35:22 OK   00008_rls.sql (132.99ms)\n"}
{"Time":"2026-10-01T16:35:22.15512+08:00","Action":"output","Package":"ops-platform/test/integration","Test":"TestRealOpenBaoTransitAndSeaweedS3AuditArchive","Output":"2026/10/01 16:35:22 OK   00009_idempotency_ledger.sql (51.83ms)\n"}
{"Time":"2026-10-01T16:35:22.213379+08:00","Action":"output","Package":"ops-platform/test/integration","Test":"TestRealOpenBaoTransitAndSeaweedS3AuditArchive","Output":"2026/10/01 16:35:22 OK   00010_tenant_provisioning.sql (58.07ms)\n"}
{"Time":"2026-10-01T16:35:22.241995+08:00","Action":"output","Package":"ops-platform/test/integration","Test":"TestRealOpenBaoTransitAndSeaweedS3AuditArchive","Output":"2026/10/01 16:35:22 OK   00011_source_registration_history.sql (28.49ms)\n"}
{"Time":"2026-10-01T16:35:22.275307+08:00","Action":"output","Package":"ops-platform/test/integration","Test":"TestRealOpenBaoTransitAndSeaweedS3AuditArchive","Output":"2026/10/01 16:35:22 OK   00012_config_registry_lifecycle.sql (33.12ms)\n"}
{"Time":"2026-10-01T16:35:22.596744+08:00","Action":"output","Package":"ops-platform/test/integration","Test":"TestRealOpenBaoTransitAndSeaweedS3AuditArchive","Output":"2026/10/01 16:35:22 OK   00013_audit_signed_segments.sql (321.19ms)\n"}
{"Time":"2026-10-01T16:35:22.625902+08:00","Action":"output","Package":"ops-platform/test/integration","Test":"TestRealOpenBaoTransitAndSeaweedS3AuditArchive","Output":"2026/10/01 16:35:22 OK   00014_audit_segment_predecessors.sql (28.97ms)\n"}
{"Time":"2026-10-01T16:35:22.632123+08:00","Action":"output","Package":"ops-platform/test/integration","Test":"TestRealOpenBaoTransitAndSeaweedS3AuditArchive","Output":"2026/10/01 16:35:22 OK   00015_source_schema_scope.sql (6.09ms)\n"}
{"Time":"2026-10-01T16:35:22.68707+08:00","Action":"output","Package":"ops-platform/test/integration","Test":"TestRealOpenBaoTransitAndSeaweedS3AuditArchive","Output":"2026/10/01 16:35:22 OK   00016_cluster_registration_metadata.sql (54.67ms)\n"}
{"Time":"2026-10-01T16:35:22.687454+08:00","Action":"output","Package":"ops-platform/test/integration","Test":"TestRealOpenBaoTransitAndSeaweedS3AuditArchive","Output":"2026/10/01 16:35:22 goose: successfully migrated database to version: 16\n"}
{"Time":"2026-10-01T16:35:22.931126+08:00","Action":"output","Package":"ops-platform/test/integration","Test":"TestRealOpenBaoTransitAndSeaweedS3AuditArchive","Output":"    archive_services_test.go:182: isolated S3 bucket=sp03-9018086e object=2d451d93-b3a9-43f2-b961-867e26a9f0ae digest=sha256:29e16a3c7cd8a747ca75df38a1eeb48a2e1ac0ca49630508c723320b21457c70; audit tenant=c79b1d14-8ca2-4917-a6c8-ce342a437bb9 segment=01a0f69a-9c13-76f1-9c28-a8e3add9999e seq=1 verified\n"}
{"Time":"2026-10-01T16:35:23.74136+08:00","Action":"output","Package":"ops-platform/test/integration","Test":"TestRealOpenBaoTransitAndSeaweedS3AuditArchive","Output":"--- PASS: TestRealOpenBaoTransitAndSeaweedS3AuditArchive (2.32s)\n","OutputType":"frame"}
{"Time":"2026-10-01T16:35:23.741392+08:00","Action":"pass","Package":"ops-platform/test/integration","Test":"TestRealOpenBaoTransitAndSeaweedS3AuditArchive","Elapsed":2.32}
{"Time":"2026-10-01T16:35:23.741416+08:00","Action":"run","Package":"ops-platform/test/integration","Test":"TestAuditSegmentsAppendConcurrentlyRecoverAndVerifyTenantScoped"}
{"Time":"2026-10-01T16:35:23.74142+08:00","Action":"output","Package":"ops-platform/test/integration","Test":"TestAuditSegmentsAppendConcurrentlyRecoverAndVerifyTenantScoped","Output":"=== RUN   TestAuditSegmentsAppendConcurrentlyRecoverAndVerifyTenantScoped\n","OutputType":"frame"}
{"Time":"2026-10-01T16:35:23.775357+08:00","Action":"output","Package":"ops-platform/test/integration","Test":"TestAuditSegmentsAppendConcurrentlyRecoverAndVerifyTenantScoped","Output":"2026/10/01 16:35:23 OK   00001_roles_and_schemas.sql (6.41ms)\n"}
{"Time":"2026-10-01T16:35:23.775382+08:00","Action":"output","Package":"ops-platform/test/integration","Test":"TestAuditSegmentsAppendConcurrentlyRecoverAndVerifyTenantScoped","Output":"2026/10/01 16:35:23 goose: successfully migrated database to version: 1\n"}
{"Time":"2026-10-01T16:35:23.793034+08:00","Action":"output","Package":"ops-platform/test/integration","Test":"TestAuditSegmentsAppendConcurrentlyRecoverAndVerifyTenantScoped","Output":"2026/10/01 16:35:23 OK   00002_platform_meta.sql (12.34ms)\n"}
{"Time":"2026-10-01T16:35:23.798707+08:00","Action":"output","Package":"ops-platform/test/integration","Test":"TestAuditSegmentsAppendConcurrentlyRecoverAndVerifyTenantScoped","Output":"2026/10/01 16:35:23 OK   00003_finding.sql (5.61ms)\n"}
{"Time":"2026-10-01T16:35:23.802606+08:00","Action":"output","Package":"ops-platform/test/integration","Test":"TestAuditSegmentsAppendConcurrentlyRecoverAndVerifyTenantScoped","Output":"2026/10/01 16:35:23 OK   00004_incident.sql (3.84ms)\n"}
{"Time":"2026-10-01T16:35:23.807016+08:00","Action":"output","Package":"ops-platform/test/integration","Test":"TestAuditSegmentsAppendConcurrentlyRecoverAndVerifyTenantScoped","Output":"2026/10/01 16:35:23 OK   00005_investigation.sql (4.37ms)\n"}
{"Time":"2026-10-01T16:35:23.811003+08:00","Action":"output","Package":"ops-platform/test/integration","Test":"TestAuditSegmentsAppendConcurrentlyRecoverAndVerifyTenantScoped","Output":"2026/10/01 16:35:23 OK   00006_action_command.sql (3.93ms)\n"}
{"Time":"2026-10-01T16:35:23.81713+08:00","Action":"output","Package":"ops-platform/test/integration","Test":"TestAuditSegmentsAppendConcurrentlyRecoverAndVerifyTenantScoped","Output":"2026/10/01 16:35:23 OK   00007_audit.sql (6.07ms)\n"}
{"Time":"2026-10-01T16:35:23.823527+08:00","Action":"output","Package":"ops-platform/test/integration","Test":"TestAuditSegmentsAppendConcurrentlyRecoverAndVerifyTenantScoped","Output":"2026/10/01 16:35:23 OK   00008_rls.sql (6.34ms)\n"}
{"Time":"2026-10-01T16:35:23.828482+08:00","Action":"output","Package":"ops-platform/test/integration","Test":"TestAuditSegmentsAppendConcurrentlyRecoverAndVerifyTenantScoped","Output":"2026/10/01 16:35:23 OK   00009_idempotency_ledger.sql (4.89ms)\n"}
{"Time":"2026-10-01T16:35:23.831253+08:00","Action":"output","Package":"ops-platform/test/integration","Test":"TestAuditSegmentsAppendConcurrentlyRecoverAndVerifyTenantScoped","Output":"2026/10/01 16:35:23 OK   00010_tenant_provisioning.sql (2.72ms)\n"}
{"Time":"2026-10-01T16:35:23.835897+08:00","Action":"output","Package":"ops-platform/test/integration","Test":"TestAuditSegmentsAppendConcurrentlyRecoverAndVerifyTenantScoped","Output":"2026/10/01 16:35:23 OK   00011_source_registration_history.sql (4.59ms)\n"}
{"Time":"2026-10-01T16:35:23.842332+08:00","Action":"output","Package":"ops-platform/test/integration","Test":"TestAuditSegmentsAppendConcurrentlyRecoverAndVerifyTenantScoped","Output":"2026/10/01 16:35:23 OK   00012_config_registry_lifecycle.sql (6.37ms)\n"}
{"Time":"2026-10-01T16:35:23.849924+08:00","Action":"output","Package":"ops-platform/test/integration","Test":"TestAuditSegmentsAppendConcurrentlyRecoverAndVerifyTenantScoped","Output":"2026/10/01 16:35:23 OK   00013_audit_signed_segments.sql (7.51ms)\n"}
{"Time":"2026-10-01T16:35:23.854205+08:00","Action":"output","Package":"ops-platform/test/integration","Test":"TestAuditSegmentsAppendConcurrentlyRecoverAndVerifyTenantScoped","Output":"2026/10/01 16:35:23 OK   00014_audit_segment_predecessors.sql (4.21ms)\n"}
{"Time":"2026-10-01T16:35:23.856908+08:00","Action":"output","Package":"ops-platform/test/integration","Test":"TestAuditSegmentsAppendConcurrentlyRecoverAndVerifyTenantScoped","Output":"2026/10/01 16:35:23 OK   00015_source_schema_scope.sql (2.67ms)\n"}
{"Time":"2026-10-01T16:35:23.860232+08:00","Action":"output","Package":"ops-platform/test/integration","Test":"TestAuditSegmentsAppendConcurrentlyRecoverAndVerifyTenantScoped","Output":"2026/10/01 16:35:23 OK   00016_cluster_registration_metadata.sql (3.29ms)\n"}
{"Time":"2026-10-01T16:35:23.860243+08:00","Action":"output","Package":"ops-platform/test/integration","Test":"TestAuditSegmentsAppendConcurrentlyRecoverAndVerifyTenantScoped","Output":"2026/10/01 16:35:23 goose: successfully migrated database to version: 16\n"}
{"Time":"2026-10-01T16:35:25.595396+08:00","Action":"output","Package":"ops-platform/test/integration","Test":"TestAuditSegmentsAppendConcurrentlyRecoverAndVerifyTenantScoped","Output":"--- PASS: TestAuditSegmentsAppendConcurrentlyRecoverAndVerifyTenantScoped (1.85s)\n","OutputType":"frame"}
{"Time":"2026-10-01T16:35:25.595606+08:00","Action":"pass","Package":"ops-platform/test/integration","Test":"TestAuditSegmentsAppendConcurrentlyRecoverAndVerifyTenantScoped","Elapsed":1.85}
{"Time":"2026-10-01T16:35:25.595632+08:00","Action":"run","Package":"ops-platform/test/integration","Test":"TestRoleBindingsAndStepUpSessions"}
{"Time":"2026-10-01T16:35:25.595637+08:00","Action":"output","Package":"ops-platform/test/integration","Test":"TestRoleBindingsAndStepUpSessions","Output":"=== RUN   TestRoleBindingsAndStepUpSessions\n","OutputType":"frame"}
{"Time":"2026-10-01T16:35:25.645677+08:00","Action":"output","Package":"ops-platform/test/integration","Test":"TestRoleBindingsAndStepUpSessions","Output":"2026/10/01 16:35:25 OK   00001_roles_and_schemas.sql (7.59ms)\n"}
{"Time":"2026-10-01T16:35:25.645717+08:00","Action":"output","Package":"ops-platform/test/integration","Test":"TestRoleBindingsAndStepUpSessions","Output":"2026/10/01 16:35:25 goose: successfully migrated database to version: 1\n"}
{"Time":"2026-10-01T16:35:25.668245+08:00","Action":"output","Package":"ops-platform/test/integration","Test":"TestRoleBindingsAndStepUpSessions","Output":"2026/10/01 16:35:25 OK   00002_platform_meta.sql (15.04ms)\n"}
{"Time":"2026-10-01T16:35:25.674558+08:00","Action":"output","Package":"ops-platform/test/integration","Test":"TestRoleBindingsAndStepUpSessions","Output":"2026/10/01 16:35:25 OK   00003_finding.sql (6.22ms)\n"}
{"Time":"2026-10-01T16:35:25.67923+08:00","Action":"output","Package":"ops-platform/test/integration","Test":"TestRoleBindingsAndStepUpSessions","Output":"2026/10/01 16:35:25 OK   00004_incident.sql (4.61ms)\n"}
{"Time":"2026-10-01T16:35:25.684368+08:00","Action":"output","Package":"ops-platform/test/integration","Test":"TestRoleBindingsAndStepUpSessions","Output":"2026/10/01 16:35:25 OK   00005_investigation.sql (5.08ms)\n"}
{"Time":"2026-10-01T16:35:25.688794+08:00","Action":"output","Package":"ops-platform/test/integration","Test":"TestRoleBindingsAndStepUpSessions","Output":"2026/10/01 16:35:25 OK   00006_action_command.sql (4.35ms)\n"}
{"Time":"2026-10-01T16:35:25.698805+08:00","Action":"output","Package":"ops-platform/test/integration","Test":"TestRoleBindingsAndStepUpSessions","Output":"2026/10/01 16:35:25 OK   00007_audit.sql (9.93ms)\n"}
{"Time":"2026-10-01T16:35:25.70499+08:00","Action":"output","Package":"ops-platform/test/integration","Test":"TestRoleBindingsAndStepUpSessions","Output":"2026/10/01 16:35:25 OK   00008_rls.sql (6.13ms)\n"}
{"Time":"2026-10-01T16:35:25.710288+08:00","Action":"output","Package":"ops-platform/test/integration","Test":"TestRoleBindingsAndStepUpSessions","Output":"2026/10/01 16:35:25 OK   00009_idempotency_ledger.sql (5.24ms)\n"}
{"Time":"2026-10-01T16:35:25.71302+08:00","Action":"output","Package":"ops-platform/test/integration","Test":"TestRoleBindingsAndStepUpSessions","Output":"2026/10/01 16:35:25 OK   00010_tenant_provisioning.sql (2.68ms)\n"}
{"Time":"2026-10-01T16:35:25.718002+08:00","Action":"output","Package":"ops-platform/test/integration","Test":"TestRoleBindingsAndStepUpSessions","Output":"2026/10/01 16:35:25 OK   00011_source_registration_history.sql (4.93ms)\n"}
{"Time":"2026-10-01T16:35:25.724291+08:00","Action":"output","Package":"ops-platform/test/integration","Test":"TestRoleBindingsAndStepUpSessions","Output":"2026/10/01 16:35:25 OK   00012_config_registry_lifecycle.sql (6.22ms)\n"}
{"Time":"2026-10-01T16:35:25.732082+08:00","Action":"output","Package":"ops-platform/test/integration","Test":"TestRoleBindingsAndStepUpSessions","Output":"2026/10/01 16:35:25 OK   00013_audit_signed_segments.sql (7.69ms)\n"}
{"Time":"2026-10-01T16:35:25.736688+08:00","Action":"output","Package":"ops-platform/test/integration","Test":"TestRoleBindingsAndStepUpSessions","Output":"2026/10/01 16:35:25 OK   00014_audit_segment_predecessors.sql (4.55ms)\n"}
{"Time":"2026-10-01T16:35:25.739451+08:00","Action":"output","Package":"ops-platform/test/integration","Test":"TestRoleBindingsAndStepUpSessions","Output":"2026/10/01 16:35:25 OK   00015_source_schema_scope.sql (2.73ms)\n"}
{"Time":"2026-10-01T16:35:25.742332+08:00","Action":"output","Package":"ops-platform/test/integration","Test":"TestRoleBindingsAndStepUpSessions","Output":"2026/10/01 16:35:25 OK   00016_cluster_registration_metadata.sql (2.85ms)\n"}
{"Time":"2026-10-01T16:35:25.742341+08:00","Action":"output","Package":"ops-platform/test/integration","Test":"TestRoleBindingsAndStepUpSessions","Output":"2026/10/01 16:35:25 goose: successfully migrated database to version: 16\n"}
{"Time":"2026-10-01T16:35:25.810412+08:00","Action":"output","Package":"ops-platform/test/integration","Test":"TestRoleBindingsAndStepUpSessions","Output":"--- PASS: TestRoleBindingsAndStepUpSessions (0.21s)\n","OutputType":"frame"}
{"Time":"2026-10-01T16:35:25.810432+08:00","Action":"pass","Package":"ops-platform/test/integration","Test":"TestRoleBindingsAndStepUpSessions","Elapsed":0.21}
{"Time":"2026-10-01T16:35:25.810451+08:00","Action":"run","Package":"ops-platform/test/integration","Test":"TestConfigRegistryPublishesActivatesRollsBackAndPreservesHistory"}
{"Time":"2026-10-01T16:35:25.810455+08:00","Action":"output","Package":"ops-platform/test/integration","Test":"TestConfigRegistryPublishesActivatesRollsBackAndPreservesHistory","Output":"=== RUN   TestConfigRegistryPublishesActivatesRollsBackAndPreservesHistory\n","OutputType":"frame"}
{"Time":"2026-10-01T16:35:25.842983+08:00","Action":"output","Package":"ops-platform/test/integration","Test":"TestConfigRegistryPublishesActivatesRollsBackAndPreservesHistory","Output":"2026/10/01 16:35:25 OK   00001_roles_and_schemas.sql (6.26ms)\n"}
{"Time":"2026-10-01T16:35:25.843006+08:00","Action":"output","Package":"ops-platform/test/integration","Test":"TestConfigRegistryPublishesActivatesRollsBackAndPreservesHistory","Output":"2026/10/01 16:35:25 goose: successfully migrated database to version: 1\n"}
{"Time":"2026-10-01T16:35:25.858315+08:00","Action":"output","Package":"ops-platform/test/integration","Test":"TestConfigRegistryPublishesActivatesRollsBackAndPreservesHistory","Output":"2026/10/01 16:35:25 OK   00002_platform_meta.sql (10.63ms)\n"}
{"Time":"2026-10-01T16:35:25.862587+08:00","Action":"output","Package":"ops-platform/test/integration","Test":"TestConfigRegistryPublishesActivatesRollsBackAndPreservesHistory","Output":"2026/10/01 16:35:25 OK   00003_finding.sql (4.21ms)\n"}
{"Time":"2026-10-01T16:35:25.865273+08:00","Action":"output","Package":"ops-platform/test/integration","Test":"TestConfigRegistryPublishesActivatesRollsBackAndPreservesHistory","Output":"2026/10/01 16:35:25 OK   00004_incident.sql (2.65ms)\n"}
{"Time":"2026-10-01T16:35:25.869091+08:00","Action":"output","Package":"ops-platform/test/integration","Test":"TestConfigRegistryPublishesActivatesRollsBackAndPreservesHistory","Output":"2026/10/01 16:35:25 OK   00005_investigation.sql (3.77ms)\n"}
{"Time":"2026-10-01T16:35:25.874646+08:00","Action":"output","Package":"ops-platform/test/integration","Test":"TestConfigRegistryPublishesActivatesRollsBackAndPreservesHistory","Output":"2026/10/01 16:35:25 OK   00006_action_command.sql (5.5ms)\n"}
{"Time":"2026-10-01T16:35:25.881191+08:00","Action":"output","Package":"ops-platform/test/integration","Test":"TestConfigRegistryPublishesActivatesRollsBackAndPreservesHistory","Output":"2026/10/01 16:35:25 OK   00007_audit.sql (6.48ms)\n"}
{"Time":"2026-10-01T16:35:25.886605+08:00","Action":"output","Package":"ops-platform/test/integration","Test":"TestConfigRegistryPublishesActivatesRollsBackAndPreservesHistory","Output":"2026/10/01 16:35:25 OK   00008_rls.sql (5.36ms)\n"}
{"Time":"2026-10-01T16:35:25.890781+08:00","Action":"output","Package":"ops-platform/test/integration","Test":"TestConfigRegistryPublishesActivatesRollsBackAndPreservesHistory","Output":"2026/10/01 16:35:25 OK   00009_idempotency_ledger.sql (4.11ms)\n"}
{"Time":"2026-10-01T16:35:25.893199+08:00","Action":"output","Package":"ops-platform/test/integration","Test":"TestConfigRegistryPublishesActivatesRollsBackAndPreservesHistory","Output":"2026/10/01 16:35:25 OK   00010_tenant_provisioning.sql (2.38ms)\n"}
{"Time":"2026-10-01T16:35:25.896985+08:00","Action":"output","Package":"ops-platform/test/integration","Test":"TestConfigRegistryPublishesActivatesRollsBackAndPreservesHistory","Output":"2026/10/01 16:35:25 OK   00011_source_registration_history.sql (3.74ms)\n"}
{"Time":"2026-10-01T16:35:25.902466+08:00","Action":"output","Package":"ops-platform/test/integration","Test":"TestConfigRegistryPublishesActivatesRollsBackAndPreservesHistory","Output":"2026/10/01 16:35:25 OK   00012_config_registry_lifecycle.sql (5.42ms)\n"}
{"Time":"2026-10-01T16:35:25.909134+08:00","Action":"output","Package":"ops-platform/test/integration","Test":"TestConfigRegistryPublishesActivatesRollsBackAndPreservesHistory","Output":"2026/10/01 16:35:25 OK   00013_audit_signed_segments.sql (6.58ms)\n"}
{"Time":"2026-10-01T16:35:25.912877+08:00","Action":"output","Package":"ops-platform/test/integration","Test":"TestConfigRegistryPublishesActivatesRollsBackAndPreservesHistory","Output":"2026/10/01 16:35:25 OK   00014_audit_segment_predecessors.sql (3.68ms)\n"}
{"Time":"2026-10-01T16:35:25.915116+08:00","Action":"output","Package":"ops-platform/test/integration","Test":"TestConfigRegistryPublishesActivatesRollsBackAndPreservesHistory","Output":"2026/10/01 16:35:25 OK   00015_source_schema_scope.sql (2.2ms)\n"}
{"Time":"2026-10-01T16:35:25.91788+08:00","Action":"output","Package":"ops-platform/test/integration","Test":"TestConfigRegistryPublishesActivatesRollsBackAndPreservesHistory","Output":"2026/10/01 16:35:25 OK   00016_cluster_registration_metadata.sql (2.73ms)\n"}
{"Time":"2026-10-01T16:35:25.917898+08:00","Action":"output","Package":"ops-platform/test/integration","Test":"TestConfigRegistryPublishesActivatesRollsBackAndPreservesHistory","Output":"2026/10/01 16:35:25 goose: successfully migrated database to version: 16\n"}
{"Time":"2026-10-01T16:35:26.169583+08:00","Action":"output","Package":"ops-platform/test/integration","Test":"TestConfigRegistryPublishesActivatesRollsBackAndPreservesHistory","Output":"--- PASS: TestConfigRegistryPublishesActivatesRollsBackAndPreservesHistory (0.36s)\n","OutputType":"frame"}
{"Time":"2026-10-01T16:35:26.169609+08:00","Action":"pass","Package":"ops-platform/test/integration","Test":"TestConfigRegistryPublishesActivatesRollsBackAndPreservesHistory","Elapsed":0.36}
{"Time":"2026-10-01T16:35:26.169616+08:00","Action":"run","Package":"ops-platform/test/integration","Test":"TestIdempotencyLedgerSchema"}
{"Time":"2026-10-01T16:35:26.169619+08:00","Action":"output","Package":"ops-platform/test/integration","Test":"TestIdempotencyLedgerSchema","Output":"=== RUN   TestIdempotencyLedgerSchema\n","OutputType":"frame"}
{"Time":"2026-10-01T16:35:26.204631+08:00","Action":"output","Package":"ops-platform/test/integration","Test":"TestIdempotencyLedgerSchema","Output":"2026/10/01 16:35:26 OK   00001_roles_and_schemas.sql (6.01ms)\n"}
{"Time":"2026-10-01T16:35:26.204656+08:00","Action":"output","Package":"ops-platform/test/integration","Test":"TestIdempotencyLedgerSchema","Output":"2026/10/01 16:35:26 goose: successfully migrated database to version: 1\n"}
{"Time":"2026-10-01T16:35:26.222777+08:00","Action":"output","Package":"ops-platform/test/integration","Test":"TestIdempotencyLedgerSchema","Output":"2026/10/01 16:35:26 OK   00002_platform_meta.sql (12.32ms)\n"}
{"Time":"2026-10-01T16:35:26.228929+08:00","Action":"output","Package":"ops-platform/test/integration","Test":"TestIdempotencyLedgerSchema","Output":"2026/10/01 16:35:26 OK   00003_finding.sql (5.95ms)\n"}
{"Time":"2026-10-01T16:35:26.232878+08:00","Action":"output","Package":"ops-platform/test/integration","Test":"TestIdempotencyLedgerSchema","Output":"2026/10/01 16:35:26 OK   00004_incident.sql (3.87ms)\n"}
{"Time":"2026-10-01T16:35:26.236739+08:00","Action":"output","Package":"ops-platform/test/integration","Test":"TestIdempotencyLedgerSchema","Output":"2026/10/01 16:35:26 OK   00005_investigation.sql (3.83ms)\n"}
{"Time":"2026-10-01T16:35:26.241223+08:00","Action":"output","Package":"ops-platform/test/integration","Test":"TestIdempotencyLedgerSchema","Output":"2026/10/01 16:35:26 OK   00006_action_command.sql (4.44ms)\n"}
{"Time":"2026-10-01T16:35:26.247689+08:00","Action":"output","Package":"ops-platform/test/integration","Test":"TestIdempotencyLedgerSchema","Output":"2026/10/01 16:35:26 OK   00007_audit.sql (6.4ms)\n"}
{"Time":"2026-10-01T16:35:26.253504+08:00","Action":"output","Package":"ops-platform/test/integration","Test":"TestIdempotencyLedgerSchema","Output":"2026/10/01 16:35:26 OK   00008_rls.sql (5.76ms)\n"}
{"Time":"2026-10-01T16:35:26.258463+08:00","Action":"output","Package":"ops-platform/test/integration","Test":"TestIdempotencyLedgerSchema","Output":"2026/10/01 16:35:26 OK   00009_idempotency_ledger.sql (4.9ms)\n"}
{"Time":"2026-10-01T16:35:26.261248+08:00","Action":"output","Package":"ops-platform/test/integration","Test":"TestIdempotencyLedgerSchema","Output":"2026/10/01 16:35:26 OK   00010_tenant_provisioning.sql (2.73ms)\n"}
{"Time":"2026-10-01T16:35:26.265785+08:00","Action":"output","Package":"ops-platform/test/integration","Test":"TestIdempotencyLedgerSchema","Output":"2026/10/01 16:35:26 OK   00011_source_registration_history.sql (4.49ms)\n"}
{"Time":"2026-10-01T16:35:26.271551+08:00","Action":"output","Package":"ops-platform/test/integration","Test":"TestIdempotencyLedgerSchema","Output":"2026/10/01 16:35:26 OK   00012_config_registry_lifecycle.sql (5.71ms)\n"}
{"Time":"2026-10-01T16:35:26.279336+08:00","Action":"output","Package":"ops-platform/test/integration","Test":"TestIdempotencyLedgerSchema","Output":"2026/10/01 16:35:26 OK   00013_audit_signed_segments.sql (7.7ms)\n"}
{"Time":"2026-10-01T16:35:26.283514+08:00","Action":"output","Package":"ops-platform/test/integration","Test":"TestIdempotencyLedgerSchema","Output":"2026/10/01 16:35:26 OK   00014_audit_segment_predecessors.sql (4.11ms)\n"}
{"Time":"2026-10-01T16:35:26.286058+08:00","Action":"output","Package":"ops-platform/test/integration","Test":"TestIdempotencyLedgerSchema","Output":"2026/10/01 16:35:26 OK   00015_source_schema_scope.sql (2.51ms)\n"}
{"Time":"2026-10-01T16:35:26.289358+08:00","Action":"output","Package":"ops-platform/test/integration","Test":"TestIdempotencyLedgerSchema","Output":"2026/10/01 16:35:26 OK   00016_cluster_registration_metadata.sql (3.26ms)\n"}
{"Time":"2026-10-01T16:35:26.289375+08:00","Action":"output","Package":"ops-platform/test/integration","Test":"TestIdempotencyLedgerSchema","Output":"2026/10/01 16:35:26 goose: successfully migrated database to version: 16\n"}
{"Time":"2026-10-01T16:35:26.328126+08:00","Action":"output","Package":"ops-platform/test/integration","Test":"TestIdempotencyLedgerSchema","Output":"--- PASS: TestIdempotencyLedgerSchema (0.16s)\n","OutputType":"frame"}
{"Time":"2026-10-01T16:35:26.328143+08:00","Action":"pass","Package":"ops-platform/test/integration","Test":"TestIdempotencyLedgerSchema","Elapsed":0.16}
{"Time":"2026-10-01T16:35:26.328152+08:00","Action":"run","Package":"ops-platform/test/integration","Test":"TestIdempotencyLedger"}
{"Time":"2026-10-01T16:35:26.328155+08:00","Action":"output","Package":"ops-platform/test/integration","Test":"TestIdempotencyLedger","Output":"=== RUN   TestIdempotencyLedger\n","OutputType":"frame"}
{"Time":"2026-10-01T16:35:26.361349+08:00","Action":"output","Package":"ops-platform/test/integration","Test":"TestIdempotencyLedger","Output":"2026/10/01 16:35:26 OK   00001_roles_and_schemas.sql (6.78ms)\n"}
{"Time":"2026-10-01T16:35:26.361375+08:00","Action":"output","Package":"ops-platform/test/integration","Test":"TestIdempotencyLedger","Output":"2026/10/01 16:35:26 goose: successfully migrated database to version: 1\n"}
{"Time":"2026-10-01T16:35:26.380132+08:00","Action":"output","Package":"ops-platform/test/integration","Test":"TestIdempotencyLedger","Output":"2026/10/01 16:35:26 OK   00002_platform_meta.sql (13.59ms)\n"}
{"Time":"2026-10-01T16:35:26.387815+08:00","Action":"output","Package":"ops-platform/test/integration","Test":"TestIdempotencyLedger","Output":"2026/10/01 16:35:26 OK   00003_finding.sql (7.62ms)\n"}
{"Time":"2026-10-01T16:35:26.391464+08:00","Action":"output","Package":"ops-platform/test/integration","Test":"TestIdempotencyLedger","Output":"2026/10/01 16:35:26 OK   00004_incident.sql (3.61ms)\n"}
{"Time":"2026-10-01T16:35:26.395558+08:00","Action":"output","Package":"ops-platform/test/integration","Test":"TestIdempotencyLedger","Output":"2026/10/01 16:35:26 OK   00005_investigation.sql (4.05ms)\n"}
{"Time":"2026-10-01T16:35:26.399529+08:00","Action":"output","Package":"ops-platform/test/integration","Test":"TestIdempotencyLedger","Output":"2026/10/01 16:35:26 OK   00006_action_command.sql (3.93ms)\n"}
{"Time":"2026-10-01T16:35:26.405588+08:00","Action":"output","Package":"ops-platform/test/integration","Test":"TestIdempotencyLedger","Output":"2026/10/01 16:35:26 OK   00007_audit.sql (6ms)\n"}
{"Time":"2026-10-01T16:35:26.412117+08:00","Action":"output","Package":"ops-platform/test/integration","Test":"TestIdempotencyLedger","Output":"2026/10/01 16:35:26 OK   00008_rls.sql (6.48ms)\n"}
{"Time":"2026-10-01T16:35:26.416956+08:00","Action":"output","Package":"ops-platform/test/integration","Test":"TestIdempotencyLedger","Output":"2026/10/01 16:35:26 OK   00009_idempotency_ledger.sql (4.77ms)\n"}
{"Time":"2026-10-01T16:35:26.41971+08:00","Action":"output","Package":"ops-platform/test/integration","Test":"TestIdempotencyLedger","Output":"2026/10/01 16:35:26 OK   00010_tenant_provisioning.sql (2.71ms)\n"}
{"Time":"2026-10-01T16:35:26.424007+08:00","Action":"output","Package":"ops-platform/test/integration","Test":"TestIdempotencyLedger","Output":"2026/10/01 16:35:26 OK   00011_source_registration_history.sql (4.25ms)\n"}
{"Time":"2026-10-01T16:35:26.430186+08:00","Action":"output","Package":"ops-platform/test/integration","Test":"TestIdempotencyLedger","Output":"2026/10/01 16:35:26 OK   00012_config_registry_lifecycle.sql (6.11ms)\n"}
{"Time":"2026-10-01T16:35:26.437222+08:00","Action":"output","Package":"ops-platform/test/integration","Test":"TestIdempotencyLedger","Output":"2026/10/01 16:35:26 OK   00013_audit_signed_segments.sql (6.96ms)\n"}
{"Time":"2026-10-01T16:35:26.441043+08:00","Action":"output","Package":"ops-platform/test/integration","Test":"TestIdempotencyLedger","Output":"2026/10/01 16:35:26 OK   00014_audit_segment_predecessors.sql (3.75ms)\n"}
{"Time":"2026-10-01T16:35:26.443438+08:00","Action":"output","Package":"ops-platform/test/integration","Test":"TestIdempotencyLedger","Output":"2026/10/01 16:35:26 OK   00015_source_schema_scope.sql (2.38ms)\n"}
{"Time":"2026-10-01T16:35:26.4463+08:00","Action":"output","Package":"ops-platform/test/integration","Test":"TestIdempotencyLedger","Output":"2026/10/01 16:35:26 OK   00016_cluster_registration_metadata.sql (2.82ms)\n"}
{"Time":"2026-10-01T16:35:26.44631+08:00","Action":"output","Package":"ops-platform/test/integration","Test":"TestIdempotencyLedger","Output":"2026/10/01 16:35:26 goose: successfully migrated database to version: 16\n"}
{"Time":"2026-10-01T16:35:26.543862+08:00","Action":"output","Package":"ops-platform/test/integration","Test":"TestIdempotencyLedger","Output":"--- PASS: TestIdempotencyLedger (0.22s)\n","OutputType":"frame"}
{"Time":"2026-10-01T16:35:26.543959+08:00","Action":"pass","Package":"ops-platform/test/integration","Test":"TestIdempotencyLedger","Elapsed":0.22}
{"Time":"2026-10-01T16:35:26.543972+08:00","Action":"run","Package":"ops-platform/test/integration","Test":"TestIdempotencyHTTPMiddleware"}
{"Time":"2026-10-01T16:35:26.543976+08:00","Action":"output","Package":"ops-platform/test/integration","Test":"TestIdempotencyHTTPMiddleware","Output":"=== RUN   TestIdempotencyHTTPMiddleware\n","OutputType":"frame"}
{"Time":"2026-10-01T16:35:26.58735+08:00","Action":"output","Package":"ops-platform/test/integration","Test":"TestIdempotencyHTTPMiddleware","Output":"2026/10/01 16:35:26 OK   00001_roles_and_schemas.sql (5.17ms)\n"}
{"Time":"2026-10-01T16:35:26.587383+08:00","Action":"output","Package":"ops-platform/test/integration","Test":"TestIdempotencyHTTPMiddleware","Output":"2026/10/01 16:35:26 goose: successfully migrated database to version: 1\n"}
{"Time":"2026-10-01T16:35:26.602405+08:00","Action":"output","Package":"ops-platform/test/integration","Test":"TestIdempotencyHTTPMiddleware","Output":"2026/10/01 16:35:26 OK   00002_platform_meta.sql (10.99ms)\n"}
{"Time":"2026-10-01T16:35:26.606907+08:00","Action":"output","Package":"ops-platform/test/integration","Test":"TestIdempotencyHTTPMiddleware","Output":"2026/10/01 16:35:26 OK   00003_finding.sql (4.44ms)\n"}
{"Time":"2026-10-01T16:35:26.609739+08:00","Action":"output","Package":"ops-platform/test/integration","Test":"TestIdempotencyHTTPMiddleware","Output":"2026/10/01 16:35:26 OK   00004_incident.sql (2.78ms)\n"}
{"Time":"2026-10-01T16:35:26.612926+08:00","Action":"output","Package":"ops-platform/test/integration","Test":"TestIdempotencyHTTPMiddleware","Output":"2026/10/01 16:35:26 OK   00005_investigation.sql (3.14ms)\n"}
{"Time":"2026-10-01T16:35:26.616156+08:00","Action":"output","Package":"ops-platform/test/integration","Test":"TestIdempotencyHTTPMiddleware","Output":"2026/10/01 16:35:26 OK   00006_action_command.sql (3.18ms)\n"}
{"Time":"2026-10-01T16:35:26.62143+08:00","Action":"output","Package":"ops-platform/test/integration","Test":"TestIdempotencyHTTPMiddleware","Output":"2026/10/01 16:35:26 OK   00007_audit.sql (5.21ms)\n"}
{"Time":"2026-10-01T16:35:26.626342+08:00","Action":"output","Package":"ops-platform/test/integration","Test":"TestIdempotencyHTTPMiddleware","Output":"2026/10/01 16:35:26 OK   00008_rls.sql (4.86ms)\n"}
{"Time":"2026-10-01T16:35:26.630058+08:00","Action":"output","Package":"ops-platform/test/integration","Test":"TestIdempotencyHTTPMiddleware","Output":"2026/10/01 16:35:26 OK   00009_idempotency_ledger.sql (3.65ms)\n"}
{"Time":"2026-10-01T16:35:26.631919+08:00","Action":"output","Package":"ops-platform/test/integration","Test":"TestIdempotencyHTTPMiddleware","Output":"2026/10/01 16:35:26 OK   00010_tenant_provisioning.sql (1.81ms)\n"}
{"Time":"2026-10-01T16:35:26.635188+08:00","Action":"output","Package":"ops-platform/test/integration","Test":"TestIdempotencyHTTPMiddleware","Output":"2026/10/01 16:35:26 OK   00011_source_registration_history.sql (3.22ms)\n"}
{"Time":"2026-10-01T16:35:26.639816+08:00","Action":"output","Package":"ops-platform/test/integration","Test":"TestIdempotencyHTTPMiddleware","Output":"2026/10/01 16:35:26 OK   00012_config_registry_lifecycle.sql (4.57ms)\n"}
{"Time":"2026-10-01T16:35:26.645431+08:00","Action":"output","Package":"ops-platform/test/integration","Test":"TestIdempotencyHTTPMiddleware","Output":"2026/10/01 16:35:26 OK   00013_audit_signed_segments.sql (5.54ms)\n"}
{"Time":"2026-10-01T16:35:26.648242+08:00","Action":"output","Package":"ops-platform/test/integration","Test":"TestIdempotencyHTTPMiddleware","Output":"2026/10/01 16:35:26 OK   00014_audit_segment_predecessors.sql (2.76ms)\n"}
{"Time":"2026-10-01T16:35:26.650062+08:00","Action":"output","Package":"ops-platform/test/integration","Test":"TestIdempotencyHTTPMiddleware","Output":"2026/10/01 16:35:26 OK   00015_source_schema_scope.sql (1.79ms)\n"}
{"Time":"2026-10-01T16:35:26.652148+08:00","Action":"output","Package":"ops-platform/test/integration","Test":"TestIdempotencyHTTPMiddleware","Output":"2026/10/01 16:35:26 OK   00016_cluster_registration_metadata.sql (2.05ms)\n"}
{"Time":"2026-10-01T16:35:26.652157+08:00","Action":"output","Package":"ops-platform/test/integration","Test":"TestIdempotencyHTTPMiddleware","Output":"2026/10/01 16:35:26 goose: successfully migrated database to version: 16\n"}
{"Time":"2026-10-01T16:35:26.691943+08:00","Action":"output","Package":"ops-platform/test/integration","Test":"TestIdempotencyHTTPMiddleware","Output":"--- PASS: TestIdempotencyHTTPMiddleware (0.15s)\n","OutputType":"frame"}
{"Time":"2026-10-01T16:35:26.691966+08:00","Action":"pass","Package":"ops-platform/test/integration","Test":"TestIdempotencyHTTPMiddleware","Elapsed":0.15}
{"Time":"2026-10-01T16:35:26.691974+08:00","Action":"run","Package":"ops-platform/test/integration","Test":"TestKeycloakAuthorizationCodePKCEAndStepUp"}
{"Time":"2026-10-01T16:35:26.691977+08:00","Action":"output","Package":"ops-platform/test/integration","Test":"TestKeycloakAuthorizationCodePKCEAndStepUp","Output":"=== RUN   TestKeycloakAuthorizationCodePKCEAndStepUp\n","OutputType":"frame"}
{"Time":"2026-10-01T16:35:30.399692+08:00","Action":"output","Package":"ops-platform/test/integration","Test":"TestKeycloakAuthorizationCodePKCEAndStepUp","Output":"2026/10/01 16:35:30 OK   00001_roles_and_schemas.sql (36.53ms)\n"}
{"Time":"2026-10-01T16:35:30.39977+08:00","Action":"output","Package":"ops-platform/test/integration","Test":"TestKeycloakAuthorizationCodePKCEAndStepUp","Output":"2026/10/01 16:35:30 goose: successfully migrated database to version: 1\n"}
{"Time":"2026-10-01T16:35:30.442045+08:00","Action":"output","Package":"ops-platform/test/integration","Test":"TestKeycloakAuthorizationCodePKCEAndStepUp","Output":"2026/10/01 16:35:30 OK   00002_platform_meta.sql (29.27ms)\n"}
{"Time":"2026-10-01T16:35:30.463701+08:00","Action":"output","Package":"ops-platform/test/integration","Test":"TestKeycloakAuthorizationCodePKCEAndStepUp","Output":"2026/10/01 16:35:30 OK   00003_finding.sql (21.27ms)\n"}
{"Time":"2026-10-01T16:35:30.472427+08:00","Action":"output","Package":"ops-platform/test/integration","Test":"TestKeycloakAuthorizationCodePKCEAndStepUp","Output":"2026/10/01 16:35:30 OK   00004_incident.sql (8.51ms)\n"}
{"Time":"2026-10-01T16:35:30.482861+08:00","Action":"output","Package":"ops-platform/test/integration","Test":"TestKeycloakAuthorizationCodePKCEAndStepUp","Output":"2026/10/01 16:35:30 OK   00005_investigation.sql (10.21ms)\n"}
{"Time":"2026-10-01T16:35:30.496223+08:00","Action":"output","Package":"ops-platform/test/integration","Test":"TestKeycloakAuthorizationCodePKCEAndStepUp","Output":"2026/10/01 16:35:30 OK   00006_action_command.sql (13.17ms)\n"}
{"Time":"2026-10-01T16:35:30.519219+08:00","Action":"output","Package":"ops-platform/test/integration","Test":"TestKeycloakAuthorizationCodePKCEAndStepUp","Output":"2026/10/01 16:35:30 OK   00007_audit.sql (22.1ms)\n"}
{"Time":"2026-10-01T16:35:30.533326+08:00","Action":"output","Package":"ops-platform/test/integration","Test":"TestKeycloakAuthorizationCodePKCEAndStepUp","Output":"2026/10/01 16:35:30 OK   00008_rls.sql (14.47ms)\n"}
{"Time":"2026-10-01T16:35:30.565239+08:00","Action":"output","Package":"ops-platform/test/integration","Test":"TestKeycloakAuthorizationCodePKCEAndStepUp","Output":"2026/10/01 16:35:30 OK   00009_idempotency_ledger.sql (27.86ms)\n"}
{"Time":"2026-10-01T16:35:30.601284+08:00","Action":"output","Package":"ops-platform/test/integration","Test":"TestKeycloakAuthorizationCodePKCEAndStepUp","Output":"2026/10/01 16:35:30 OK   00010_tenant_provisioning.sql (39.32ms)\n"}
{"Time":"2026-10-01T16:35:30.631187+08:00","Action":"output","Package":"ops-platform/test/integration","Test":"TestKeycloakAuthorizationCodePKCEAndStepUp","Output":"2026/10/01 16:35:30 OK   00011_source_registration_history.sql (30.04ms)\n"}
{"Time":"2026-10-01T16:35:30.655446+08:00","Action":"output","Package":"ops-platform/test/integration","Test":"TestKeycloakAuthorizationCodePKCEAndStepUp","Output":"2026/10/01 16:35:30 OK   00012_config_registry_lifecycle.sql (24.22ms)\n"}
{"Time":"2026-10-01T16:35:30.671573+08:00","Action":"output","Package":"ops-platform/test/integration","Test":"TestKeycloakAuthorizationCodePKCEAndStepUp","Output":"2026/10/01 16:35:30 OK   00013_audit_signed_segments.sql (15.86ms)\n"}
{"Time":"2026-10-01T16:35:30.678508+08:00","Action":"output","Package":"ops-platform/test/integration","Test":"TestKeycloakAuthorizationCodePKCEAndStepUp","Output":"2026/10/01 16:35:30 OK   00014_audit_segment_predecessors.sql (6.72ms)\n"}
{"Time":"2026-10-01T16:35:30.682161+08:00","Action":"output","Package":"ops-platform/test/integration","Test":"TestKeycloakAuthorizationCodePKCEAndStepUp","Output":"2026/10/01 16:35:30 OK   00015_source_schema_scope.sql (3.59ms)\n"}
{"Time":"2026-10-01T16:35:30.690893+08:00","Action":"output","Package":"ops-platform/test/integration","Test":"TestKeycloakAuthorizationCodePKCEAndStepUp","Output":"2026/10/01 16:35:30 OK   00016_cluster_registration_metadata.sql (8.63ms)\n"}
{"Time":"2026-10-01T16:35:30.690944+08:00","Action":"output","Package":"ops-platform/test/integration","Test":"TestKeycloakAuthorizationCodePKCEAndStepUp","Output":"2026/10/01 16:35:30 goose: successfully migrated database to version: 16\n"}
{"Time":"2026-10-01T16:35:30.767063+08:00","Action":"output","Package":"ops-platform/test/integration","Test":"TestKeycloakAuthorizationCodePKCEAndStepUp","Output":"{\"time\":\"2026-10-01T16:35:30.767013+08:00\",\"level\":\"INFO\",\"msg\":\"http request complete\",\"request_id\":\"01a0f69a-bb48-7098-a32f-bb693f779860\",\"trace_id\":\"4bf92f3577b34da6a3ce929d0e0e4736\",\"span_id\":\"a881a1153389fe75\",\"method\":\"GET\",\"status_code\":200,\"duration_ms\":6}\n"}
{"Time":"2026-10-01T16:35:30.770251+08:00","Action":"output","Package":"ops-platform/test/integration","Test":"TestKeycloakAuthorizationCodePKCEAndStepUp","Output":"{\"time\":\"2026-10-01T16:35:30.770194+08:00\",\"level\":\"INFO\",\"msg\":\"http request complete\",\"request_id\":\"01a0f69a-bb4f-7441-8957-1f116b8d0ea8\",\"trace_id\":\"4bf92f3577b34da6a3ce929d0e0e4736\",\"span_id\":\"88e7a861f0910c37\",\"method\":\"GET\",\"status_code\":200,\"duration_ms\":2}\n"}
{"Time":"2026-10-01T16:35:30.772584+08:00","Action":"output","Package":"ops-platform/test/integration","Test":"TestKeycloakAuthorizationCodePKCEAndStepUp","Output":"{\"time\":\"2026-10-01T16:35:30.772543+08:00\",\"level\":\"INFO\",\"msg\":\"http request complete\",\"request_id\":\"01a0f69a-bb52-7591-9aef-4ebe1caa6d45\",\"trace_id\":\"4bf92f3577b34da6a3ce929d0e0e4736\",\"span_id\":\"daa4f0b016ad3dda\",\"method\":\"GET\",\"status_code\":200,\"duration_ms\":2}\n"}
{"Time":"2026-10-01T16:35:30.776777+08:00","Action":"output","Package":"ops-platform/test/integration","Test":"TestKeycloakAuthorizationCodePKCEAndStepUp","Output":"{\"time\":\"2026-10-01T16:35:30.776654+08:00\",\"level\":\"INFO\",\"msg\":\"http request complete\",\"request_id\":\"01a0f69a-bb54-7bdf-900a-4574e12dfe19\",\"trace_id\":\"4bf92f3577b34da6a3ce929d0e0e4736\",\"span_id\":\"253ca2b2438a8915\",\"method\":\"GET\",\"status_code\":200,\"duration_ms\":3}\n"}
{"Time":"2026-10-01T16:35:30.77999+08:00","Action":"output","Package":"ops-platform/test/integration","Test":"TestKeycloakAuthorizationCodePKCEAndStepUp","Output":"{\"time\":\"2026-10-01T16:35:30.779936+08:00\",\"level\":\"INFO\",\"msg\":\"http request complete\",\"request_id\":\"01a0f69a-bb58-7d81-a01c-e0faab67024c\",\"trace_id\":\"4bf92f3577b34da6a3ce929d0e0e4736\",\"span_id\":\"9ac7bc69708c0643\",\"method\":\"GET\",\"status_code\":200,\"duration_ms\":3}\n"}
{"Time":"2026-10-01T16:35:30.782366+08:00","Action":"output","Package":"ops-platform/test/integration","Test":"TestKeycloakAuthorizationCodePKCEAndStepUp","Output":"{\"time\":\"2026-10-01T16:35:30.782309+08:00\",\"level\":\"INFO\",\"msg\":\"http request complete\",\"request_id\":\"01a0f69a-bb5c-71f7-8f23-8a1696a471e7\",\"trace_id\":\"4bf92f3577b34da6a3ce929d0e0e4736\",\"span_id\":\"1185f6456f4df5fa\",\"method\":\"GET\",\"status_code\":200,\"duration_ms\":2}\n"}
{"Time":"2026-10-01T16:35:30.836659+08:00","Action":"output","Package":"ops-platform/test/integration","Test":"TestKeycloakAuthorizationCodePKCEAndStepUp","Output":"{\"time\":\"2026-10-01T16:35:30.83659+08:00\",\"level\":\"INFO\",\"msg\":\"http request complete\",\"request_id\":\"01a0f69a-bb5e-7860-b004-4dd10a516a59\",\"trace_id\":\"994f8c42b539dc3d647dda3793ac4ada\",\"span_id\":\"e7b948469a23a8bb\",\"method\":\"POST\",\"status_code\":201,\"duration_ms\":53}\n"}
{"Time":"2026-10-01T16:35:30.846569+08:00","Action":"output","Package":"ops-platform/test/integration","Test":"TestKeycloakAuthorizationCodePKCEAndStepUp","Output":"{\"time\":\"2026-10-01T16:35:30.846517+08:00\",\"level\":\"INFO\",\"msg\":\"http request complete\",\"request_id\":\"01a0f69a-bb94-7c7b-b3ef-f6bff162ac16\",\"trace_id\":\"b4106cb99c06df78b5b0916cf9da9476\",\"span_id\":\"9fa2e70ff6209a01\",\"method\":\"POST\",\"status_code\":201,\"duration_ms\":9}\n"}
{"Time":"2026-10-01T16:35:30.846651+08:00","Action":"output","Package":"ops-platform/test/integration","Test":"TestKeycloakAuthorizationCodePKCEAndStepUp","Output":"    keycloak_test.go:155: actual APIApp served six management routes and replayed claim-bound step-up using real Keycloak JWT and distinct database login\n"}
{"Time":"2026-10-01T16:35:30.847332+08:00","Action":"output","Package":"ops-platform/test/integration","Test":"TestKeycloakAuthorizationCodePKCEAndStepUp","Output":"{\"time\":\"2026-10-01T16:35:30.847305+08:00\",\"level\":\"WARN\",\"msg\":\"trace export failed\",\"signal\":\"traces\"}\n"}
{"Time":"2026-10-01T16:35:30.849799+08:00","Action":"output","Package":"ops-platform/test/integration","Test":"TestKeycloakAuthorizationCodePKCEAndStepUp","Output":"{\"time\":\"2026-10-01T16:35:30.849728+08:00\",\"level\":\"INFO\",\"msg\":\"http request complete\",\"request_id\":\"01a0f69a-bb9f-75ad-9dc7-bd59f81d655f\",\"trace_id\":\"aae21ca9c86b41592216ead663c779bb\",\"span_id\":\"3a4badbf6f209cf5\",\"method\":\"GET\",\"status_code\":200,\"duration_ms\":2}\n"}
{"Time":"2026-10-01T16:35:30.849884+08:00","Action":"output","Package":"ops-platform/test/integration","Test":"TestKeycloakAuthorizationCodePKCEAndStepUp","Output":"    keycloak_test.go:155: actual OTLP connection refusal reported degradation; authenticated management read continued\n"}
{"Time":"2026-10-01T16:35:31.880384+08:00","Action":"output","Package":"ops-platform/test/integration","Test":"TestKeycloakAuthorizationCodePKCEAndStepUp","Output":"    keycloak_test.go:155: actual authenticated API stdout collected and queried in isolated VictoriaLogs\n"}
{"Time":"2026-10-01T16:35:32.009061+08:00","Action":"output","Package":"ops-platform/test/integration","Test":"TestKeycloakAuthorizationCodePKCEAndStepUp","Output":"--- PASS: TestKeycloakAuthorizationCodePKCEAndStepUp (5.32s)\n","OutputType":"frame"}
{"Time":"2026-10-01T16:35:32.009163+08:00","Action":"pass","Package":"ops-platform/test/integration","Test":"TestKeycloakAuthorizationCodePKCEAndStepUp","Elapsed":5.32}
{"Time":"2026-10-01T16:35:32.009174+08:00","Action":"run","Package":"ops-platform/test/integration","Test":"TestFailedForwardMigrationRollsBackAndCanRecover"}
{"Time":"2026-10-01T16:35:32.009184+08:00","Action":"output","Package":"ops-platform/test/integration","Test":"TestFailedForwardMigrationRollsBackAndCanRecover","Output":"=== RUN   TestFailedForwardMigrationRollsBackAndCanRecover\n","OutputType":"frame"}
{"Time":"2026-10-01T16:35:32.071092+08:00","Action":"output","Package":"ops-platform/test/integration","Test":"TestFailedForwardMigrationRollsBackAndCanRecover","Output":"2026/10/01 16:35:32 OK   00001_roles_and_schemas.sql (16.35ms)\n"}
{"Time":"2026-10-01T16:35:32.071145+08:00","Action":"output","Package":"ops-platform/test/integration","Test":"TestFailedForwardMigrationRollsBackAndCanRecover","Output":"2026/10/01 16:35:32 goose: successfully migrated database to version: 1\n"}
{"Time":"2026-10-01T16:35:32.104037+08:00","Action":"output","Package":"ops-platform/test/integration","Test":"TestFailedForwardMigrationRollsBackAndCanRecover","Output":"2026/10/01 16:35:32 OK   00002_platform_meta.sql (23.71ms)\n"}
{"Time":"2026-10-01T16:35:32.116386+08:00","Action":"output","Package":"ops-platform/test/integration","Test":"TestFailedForwardMigrationRollsBackAndCanRecover","Output":"2026/10/01 16:35:32 OK   00003_finding.sql (12ms)\n"}
{"Time":"2026-10-01T16:35:32.127391+08:00","Action":"output","Package":"ops-platform/test/integration","Test":"TestFailedForwardMigrationRollsBackAndCanRecover","Output":"2026/10/01 16:35:32 OK   00004_incident.sql (11.06ms)\n"}
{"Time":"2026-10-01T16:35:32.136907+08:00","Action":"output","Package":"ops-platform/test/integration","Test":"TestFailedForwardMigrationRollsBackAndCanRecover","Output":"2026/10/01 16:35:32 OK   00005_investigation.sql (9ms)\n"}
{"Time":"2026-10-01T16:35:32.146216+08:00","Action":"output","Package":"ops-platform/test/integration","Test":"TestFailedForwardMigrationRollsBackAndCanRecover","Output":"2026/10/01 16:35:32 OK   00006_action_command.sql (9.48ms)\n"}
{"Time":"2026-10-01T16:35:32.161554+08:00","Action":"output","Package":"ops-platform/test/integration","Test":"TestFailedForwardMigrationRollsBackAndCanRecover","Output":"2026/10/01 16:35:32 OK   00007_audit.sql (15.01ms)\n"}
{"Time":"2026-10-01T16:35:32.174938+08:00","Action":"output","Package":"ops-platform/test/integration","Test":"TestFailedForwardMigrationRollsBackAndCanRecover","Output":"2026/10/01 16:35:32 OK   00008_rls.sql (13.34ms)\n"}
{"Time":"2026-10-01T16:35:32.186215+08:00","Action":"output","Package":"ops-platform/test/integration","Test":"TestFailedForwardMigrationRollsBackAndCanRecover","Output":"2026/10/01 16:35:32 OK   00009_idempotency_ledger.sql (11.17ms)\n"}
{"Time":"2026-10-01T16:35:32.195357+08:00","Action":"output","Package":"ops-platform/test/integration","Test":"TestFailedForwardMigrationRollsBackAndCanRecover","Output":"2026/10/01 16:35:32 OK   00010_tenant_provisioning.sql (8.92ms)\n"}
{"Time":"2026-10-01T16:35:32.21381+08:00","Action":"output","Package":"ops-platform/test/integration","Test":"TestFailedForwardMigrationRollsBackAndCanRecover","Output":"2026/10/01 16:35:32 OK   00011_source_registration_history.sql (18.11ms)\n"}
{"Time":"2026-10-01T16:35:32.228653+08:00","Action":"output","Package":"ops-platform/test/integration","Test":"TestFailedForwardMigrationRollsBackAndCanRecover","Output":"2026/10/01 16:35:32 OK   00012_config_registry_lifecycle.sql (14.95ms)\n"}
{"Time":"2026-10-01T16:35:32.273598+08:00","Action":"output","Package":"ops-platform/test/integration","Test":"TestFailedForwardMigrationRollsBackAndCanRecover","Output":"2026/10/01 16:35:32 OK   00013_audit_signed_segments.sql (44.03ms)\n"}
{"Time":"2026-10-01T16:35:32.293161+08:00","Action":"output","Package":"ops-platform/test/integration","Test":"TestFailedForwardMigrationRollsBackAndCanRecover","Output":"2026/10/01 16:35:32 OK   00014_audit_segment_predecessors.sql (20.14ms)\n"}
{"Time":"2026-10-01T16:35:32.306485+08:00","Action":"output","Package":"ops-platform/test/integration","Test":"TestFailedForwardMigrationRollsBackAndCanRecover","Output":"2026/10/01 16:35:32 OK   00015_source_schema_scope.sql (13.17ms)\n"}
{"Time":"2026-10-01T16:35:32.337877+08:00","Action":"output","Package":"ops-platform/test/integration","Test":"TestFailedForwardMigrationRollsBackAndCanRecover","Output":"2026/10/01 16:35:32 OK   00016_cluster_registration_metadata.sql (31.14ms)\n"}
{"Time":"2026-10-01T16:35:32.337945+08:00","Action":"output","Package":"ops-platform/test/integration","Test":"TestFailedForwardMigrationRollsBackAndCanRecover","Output":"2026/10/01 16:35:32 goose: successfully migrated database to version: 16\n"}
{"Time":"2026-10-01T16:35:32.413247+08:00","Action":"output","Package":"ops-platform/test/integration","Test":"TestFailedForwardMigrationRollsBackAndCanRecover","Output":"2026/10/01 16:35:32 OK   00017_review_failure.sql (6.28ms)\n"}
{"Time":"2026-10-01T16:35:32.41327+08:00","Action":"output","Package":"ops-platform/test/integration","Test":"TestFailedForwardMigrationRollsBackAndCanRecover","Output":"2026/10/01 16:35:32 goose: successfully migrated database to version: 17\n"}
{"Time":"2026-10-01T16:35:32.413274+08:00","Action":"output","Package":"ops-platform/test/integration","Test":"TestFailedForwardMigrationRollsBackAndCanRecover","Output":"    migration_recovery_test.go:71: deliberate SQL division-by-zero rolled back DDL/version; corrected unapplied forward migration succeeded as migration_role\n"}
{"Time":"2026-10-01T16:35:32.632303+08:00","Action":"output","Package":"ops-platform/test/integration","Test":"TestFailedForwardMigrationRollsBackAndCanRecover","Output":"--- PASS: TestFailedForwardMigrationRollsBackAndCanRecover (0.62s)\n","OutputType":"frame"}
{"Time":"2026-10-01T16:35:32.632327+08:00","Action":"pass","Package":"ops-platform/test/integration","Test":"TestFailedForwardMigrationRollsBackAndCanRecover","Elapsed":0.62}
{"Time":"2026-10-01T16:35:32.632334+08:00","Action":"run","Package":"ops-platform/test/integration","Test":"TestMigrationScriptsAreForwardOnlyAndContiguous"}
{"Time":"2026-10-01T16:35:32.632338+08:00","Action":"output","Package":"ops-platform/test/integration","Test":"TestMigrationScriptsAreForwardOnlyAndContiguous","Output":"=== RUN   TestMigrationScriptsAreForwardOnlyAndContiguous\n","OutputType":"frame"}
{"Time":"2026-10-01T16:35:32.632623+08:00","Action":"output","Package":"ops-platform/test/integration","Test":"TestMigrationScriptsAreForwardOnlyAndContiguous","Output":"--- PASS: TestMigrationScriptsAreForwardOnlyAndContiguous (0.00s)\n","OutputType":"frame"}
{"Time":"2026-10-01T16:35:32.63263+08:00","Action":"pass","Package":"ops-platform/test/integration","Test":"TestMigrationScriptsAreForwardOnlyAndContiguous","Elapsed":0}
{"Time":"2026-10-01T16:35:32.632633+08:00","Action":"run","Package":"ops-platform/test/integration","Test":"TestMigrationsAndRoles"}
{"Time":"2026-10-01T16:35:32.632638+08:00","Action":"output","Package":"ops-platform/test/integration","Test":"TestMigrationsAndRoles","Output":"=== RUN   TestMigrationsAndRoles\n","OutputType":"frame"}
{"Time":"2026-10-01T16:35:32.783166+08:00","Action":"output","Package":"ops-platform/test/integration","Test":"TestMigrationsAndRoles","Output":"2026/10/01 16:35:32 OK   00001_roles_and_schemas.sql (30.03ms)\n"}
{"Time":"2026-10-01T16:35:32.783198+08:00","Action":"output","Package":"ops-platform/test/integration","Test":"TestMigrationsAndRoles","Output":"2026/10/01 16:35:32 goose: successfully migrated database to version: 1\n"}
{"Time":"2026-10-01T16:35:32.835077+08:00","Action":"output","Package":"ops-platform/test/integration","Test":"TestMigrationsAndRoles","Output":"2026/10/01 16:35:32 OK   00002_platform_meta.sql (39.49ms)\n"}
{"Time":"2026-10-01T16:35:32.84983+08:00","Action":"output","Package":"ops-platform/test/integration","Test":"TestMigrationsAndRoles","Output":"2026/10/01 16:35:32 OK   00003_finding.sql (14.69ms)\n"}
{"Time":"2026-10-01T16:35:32.860403+08:00","Action":"output","Package":"ops-platform/test/integration","Test":"TestMigrationsAndRoles","Output":"2026/10/01 16:35:32 OK   00004_incident.sql (10.4ms)\n"}
{"Time":"2026-10-01T16:35:32.878953+08:00","Action":"output","Package":"ops-platform/test/integration","Test":"TestMigrationsAndRoles","Output":"2026/10/01 16:35:32 OK   00005_investigation.sql (18.33ms)\n"}
{"Time":"2026-10-01T16:35:32.891825+08:00","Action":"output","Package":"ops-platform/test/integration","Test":"TestMigrationsAndRoles","Output":"2026/10/01 16:35:32 OK   00006_action_command.sql (12.81ms)\n"}
{"Time":"2026-10-01T16:35:32.905947+08:00","Action":"output","Package":"ops-platform/test/integration","Test":"TestMigrationsAndRoles","Output":"2026/10/01 16:35:32 OK   00007_audit.sql (13.95ms)\n"}
{"Time":"2026-10-01T16:35:32.948231+08:00","Action":"output","Package":"ops-platform/test/integration","Test":"TestMigrationsAndRoles","Output":"2026/10/01 16:35:32 OK   00008_rls.sql (42.17ms)\n"}
{"Time":"2026-10-01T16:35:32.963837+08:00","Action":"output","Package":"ops-platform/test/integration","Test":"TestMigrationsAndRoles","Output":"2026/10/01 16:35:32 OK   00009_idempotency_ledger.sql (15.47ms)\n"}
{"Time":"2026-10-01T16:35:32.970004+08:00","Action":"output","Package":"ops-platform/test/integration","Test":"TestMigrationsAndRoles","Output":"2026/10/01 16:35:32 OK   00010_tenant_provisioning.sql (6.07ms)\n"}
{"Time":"2026-10-01T16:35:32.977473+08:00","Action":"output","Package":"ops-platform/test/integration","Test":"TestMigrationsAndRoles","Output":"2026/10/01 16:35:32 OK   00011_source_registration_history.sql (7.37ms)\n"}
{"Time":"2026-10-01T16:35:32.988486+08:00","Action":"output","Package":"ops-platform/test/integration","Test":"TestMigrationsAndRoles","Output":"2026/10/01 16:35:32 OK   00012_config_registry_lifecycle.sql (10.73ms)\n"}
{"Time":"2026-10-01T16:35:33.003389+08:00","Action":"output","Package":"ops-platform/test/integration","Test":"TestMigrationsAndRoles","Output":"2026/10/01 16:35:33 OK   00013_audit_signed_segments.sql (14.77ms)\n"}
{"Time":"2026-10-01T16:35:33.01049+08:00","Action":"output","Package":"ops-platform/test/integration","Test":"TestMigrationsAndRoles","Output":"2026/10/01 16:35:33 OK   00014_audit_segment_predecessors.sql (6.99ms)\n"}
{"Time":"2026-10-01T16:35:33.015142+08:00","Action":"output","Package":"ops-platform/test/integration","Test":"TestMigrationsAndRoles","Output":"2026/10/01 16:35:33 OK   00015_source_schema_scope.sql (4.59ms)\n"}
{"Time":"2026-10-01T16:35:33.019278+08:00","Action":"output","Package":"ops-platform/test/integration","Test":"TestMigrationsAndRoles","Output":"2026/10/01 16:35:33 OK   00016_cluster_registration_metadata.sql (4.08ms)\n"}
{"Time":"2026-10-01T16:35:33.019297+08:00","Action":"output","Package":"ops-platform/test/integration","Test":"TestMigrationsAndRoles","Output":"2026/10/01 16:35:33 goose: successfully migrated database to version: 16\n"}
{"Time":"2026-10-01T16:35:33.081881+08:00","Action":"output","Package":"ops-platform/test/integration","Test":"TestMigrationsAndRoles","Output":"--- PASS: TestMigrationsAndRoles (0.45s)\n","OutputType":"frame"}
{"Time":"2026-10-01T16:35:33.082012+08:00","Action":"pass","Package":"ops-platform/test/integration","Test":"TestMigrationsAndRoles","Elapsed":0.45}
{"Time":"2026-10-01T16:35:33.082022+08:00","Action":"run","Package":"ops-platform/test/integration","Test":"TestMigrationsUpgradeVersionOneData"}
{"Time":"2026-10-01T16:35:33.082026+08:00","Action":"output","Package":"ops-platform/test/integration","Test":"TestMigrationsUpgradeVersionOneData","Output":"=== RUN   TestMigrationsUpgradeVersionOneData\n","OutputType":"frame"}
{"Time":"2026-10-01T16:35:33.133014+08:00","Action":"output","Package":"ops-platform/test/integration","Test":"TestMigrationsUpgradeVersionOneData","Output":"2026/10/01 16:35:33 OK   00001_roles_and_schemas.sql (9.71ms)\n"}
{"Time":"2026-10-01T16:35:33.133047+08:00","Action":"output","Package":"ops-platform/test/integration","Test":"TestMigrationsUpgradeVersionOneData","Output":"2026/10/01 16:35:33 goose: successfully migrated database to version: 1\n"}
{"Time":"2026-10-01T16:35:33.16513+08:00","Action":"output","Package":"ops-platform/test/integration","Test":"TestMigrationsUpgradeVersionOneData","Output":"2026/10/01 16:35:33 OK   00002_platform_meta.sql (21.82ms)\n"}
{"Time":"2026-10-01T16:35:33.175287+08:00","Action":"output","Package":"ops-platform/test/integration","Test":"TestMigrationsUpgradeVersionOneData","Output":"2026/10/01 16:35:33 OK   00003_finding.sql (10.01ms)\n"}
{"Time":"2026-10-01T16:35:33.181758+08:00","Action":"output","Package":"ops-platform/test/integration","Test":"TestMigrationsUpgradeVersionOneData","Output":"2026/10/01 16:35:33 OK   00004_incident.sql (6.36ms)\n"}
{"Time":"2026-10-01T16:35:33.187678+08:00","Action":"output","Package":"ops-platform/test/integration","Test":"TestMigrationsUpgradeVersionOneData","Output":"2026/10/01 16:35:33 OK   00005_investigation.sql (5.68ms)\n"}
{"Time":"2026-10-01T16:35:33.193382+08:00","Action":"output","Package":"ops-platform/test/integration","Test":"TestMigrationsUpgradeVersionOneData","Output":"2026/10/01 16:35:33 OK   00006_action_command.sql (5.63ms)\n"}
{"Time":"2026-10-01T16:35:33.202936+08:00","Action":"output","Package":"ops-platform/test/integration","Test":"TestMigrationsUpgradeVersionOneData","Output":"2026/10/01 16:35:33 OK   00007_audit.sql (9.35ms)\n"}
{"Time":"2026-10-01T16:35:33.21275+08:00","Action":"output","Package":"ops-platform/test/integration","Test":"TestMigrationsUpgradeVersionOneData","Output":"2026/10/01 16:35:33 OK   00008_rls.sql (9.7ms)\n"}
{"Time":"2026-10-01T16:35:33.221258+08:00","Action":"output","Package":"ops-platform/test/integration","Test":"TestMigrationsUpgradeVersionOneData","Output":"2026/10/01 16:35:33 OK   00009_idempotency_ledger.sql (8.41ms)\n"}
{"Time":"2026-10-01T16:35:33.225808+08:00","Action":"output","Package":"ops-platform/test/integration","Test":"TestMigrationsUpgradeVersionOneData","Output":"2026/10/01 16:35:33 OK   00010_tenant_provisioning.sql (4.33ms)\n"}
{"Time":"2026-10-01T16:35:33.231726+08:00","Action":"output","Package":"ops-platform/test/integration","Test":"TestMigrationsUpgradeVersionOneData","Output":"2026/10/01 16:35:33 OK   00011_source_registration_history.sql (5.82ms)\n"}
{"Time":"2026-10-01T16:35:33.241338+08:00","Action":"output","Package":"ops-platform/test/integration","Test":"TestMigrationsUpgradeVersionOneData","Output":"2026/10/01 16:35:33 OK   00012_config_registry_lifecycle.sql (9.42ms)\n"}
{"Time":"2026-10-01T16:35:33.259515+08:00","Action":"output","Package":"ops-platform/test/integration","Test":"TestMigrationsUpgradeVersionOneData","Output":"2026/10/01 16:35:33 OK   00013_audit_signed_segments.sql (17.97ms)\n"}
{"Time":"2026-10-01T16:35:33.266682+08:00","Action":"output","Package":"ops-platform/test/integration","Test":"TestMigrationsUpgradeVersionOneData","Output":"2026/10/01 16:35:33 OK   00014_audit_segment_predecessors.sql (7.02ms)\n"}
{"Time":"2026-10-01T16:35:33.271361+08:00","Action":"output","Package":"ops-platform/test/integration","Test":"TestMigrationsUpgradeVersionOneData","Output":"2026/10/01 16:35:33 OK   00015_source_schema_scope.sql (4.52ms)\n"}
{"Time":"2026-10-01T16:35:33.27607+08:00","Action":"output","Package":"ops-platform/test/integration","Test":"TestMigrationsUpgradeVersionOneData","Output":"2026/10/01 16:35:33 OK   00016_cluster_registration_metadata.sql (4.66ms)\n"}
{"Time":"2026-10-01T16:35:33.276146+08:00","Action":"output","Package":"ops-platform/test/integration","Test":"TestMigrationsUpgradeVersionOneData","Output":"2026/10/01 16:35:33 goose: successfully migrated database to version: 16\n"}
{"Time":"2026-10-01T16:35:33.345087+08:00","Action":"output","Package":"ops-platform/test/integration","Test":"TestMigrationsUpgradeVersionOneData","Output":"--- PASS: TestMigrationsUpgradeVersionOneData (0.26s)\n","OutputType":"frame"}
{"Time":"2026-10-01T16:35:33.34515+08:00","Action":"pass","Package":"ops-platform/test/integration","Test":"TestMigrationsUpgradeVersionOneData","Elapsed":0.26}
{"Time":"2026-10-01T16:35:33.345186+08:00","Action":"run","Package":"ops-platform/test/integration","Test":"TestWithTenantTxIsolatesTenantsAndUsesAppendOnlyAudit"}
{"Time":"2026-10-01T16:35:33.345196+08:00","Action":"output","Package":"ops-platform/test/integration","Test":"TestWithTenantTxIsolatesTenantsAndUsesAppendOnlyAudit","Output":"=== RUN   TestWithTenantTxIsolatesTenantsAndUsesAppendOnlyAudit\n","OutputType":"frame"}
{"Time":"2026-10-01T16:35:33.413361+08:00","Action":"output","Package":"ops-platform/test/integration","Test":"TestWithTenantTxIsolatesTenantsAndUsesAppendOnlyAudit","Output":"2026/10/01 16:35:33 OK   00001_roles_and_schemas.sql (21.04ms)\n"}
{"Time":"2026-10-01T16:35:33.413387+08:00","Action":"output","Package":"ops-platform/test/integration","Test":"TestWithTenantTxIsolatesTenantsAndUsesAppendOnlyAudit","Output":"2026/10/01 16:35:33 goose: successfully migrated database to version: 1\n"}
{"Time":"2026-10-01T16:35:33.462786+08:00","Action":"output","Package":"ops-platform/test/integration","Test":"TestWithTenantTxIsolatesTenantsAndUsesAppendOnlyAudit","Output":"2026/10/01 16:35:33 OK   00002_platform_meta.sql (34.68ms)\n"}
{"Time":"2026-10-01T16:35:33.478188+08:00","Action":"output","Package":"ops-platform/test/integration","Test":"TestWithTenantTxIsolatesTenantsAndUsesAppendOnlyAudit","Output":"2026/10/01 16:35:33 OK   00003_finding.sql (15.18ms)\n"}
{"Time":"2026-10-01T16:35:33.486563+08:00","Action":"output","Package":"ops-platform/test/integration","Test":"TestWithTenantTxIsolatesTenantsAndUsesAppendOnlyAudit","Output":"2026/10/01 16:35:33 OK   00004_incident.sql (8.27ms)\n"}
{"Time":"2026-10-01T16:35:33.494534+08:00","Action":"output","Package":"ops-platform/test/integration","Test":"TestWithTenantTxIsolatesTenantsAndUsesAppendOnlyAudit","Output":"2026/10/01 16:35:33 OK   00005_investigation.sql (7.62ms)\n"}
{"Time":"2026-10-01T16:35:33.522248+08:00","Action":"output","Package":"ops-platform/test/integration","Test":"TestWithTenantTxIsolatesTenantsAndUsesAppendOnlyAudit","Output":"2026/10/01 16:35:33 OK   00006_action_command.sql (27.7ms)\n"}
{"Time":"2026-10-01T16:35:33.533466+08:00","Action":"output","Package":"ops-platform/test/integration","Test":"TestWithTenantTxIsolatesTenantsAndUsesAppendOnlyAudit","Output":"2026/10/01 16:35:33 OK   00007_audit.sql (11.14ms)\n"}
{"Time":"2026-10-01T16:35:33.546045+08:00","Action":"output","Package":"ops-platform/test/integration","Test":"TestWithTenantTxIsolatesTenantsAndUsesAppendOnlyAudit","Output":"2026/10/01 16:35:33 OK   00008_rls.sql (12.37ms)\n"}
{"Time":"2026-10-01T16:35:33.574729+08:00","Action":"output","Package":"ops-platform/test/integration","Test":"TestWithTenantTxIsolatesTenantsAndUsesAppendOnlyAudit","Output":"2026/10/01 16:35:33 OK   00009_idempotency_ledger.sql (28.54ms)\n"}
{"Time":"2026-10-01T16:35:33.579766+08:00","Action":"output","Package":"ops-platform/test/integration","Test":"TestWithTenantTxIsolatesTenantsAndUsesAppendOnlyAudit","Output":"2026/10/01 16:35:33 OK   00010_tenant_provisioning.sql (4.86ms)\n"}
{"Time":"2026-10-01T16:35:33.587471+08:00","Action":"output","Package":"ops-platform/test/integration","Test":"TestWithTenantTxIsolatesTenantsAndUsesAppendOnlyAudit","Output":"2026/10/01 16:35:33 OK   00011_source_registration_history.sql (7.58ms)\n"}
{"Time":"2026-10-01T16:35:33.596861+08:00","Action":"output","Package":"ops-platform/test/integration","Test":"TestWithTenantTxIsolatesTenantsAndUsesAppendOnlyAudit","Output":"2026/10/01 16:35:33 OK   00012_config_registry_lifecycle.sql (9.2ms)\n"}
{"Time":"2026-10-01T16:35:33.610691+08:00","Action":"output","Package":"ops-platform/test/integration","Test":"TestWithTenantTxIsolatesTenantsAndUsesAppendOnlyAudit","Output":"2026/10/01 16:35:33 OK   00013_audit_signed_segments.sql (13.66ms)\n"}
{"Time":"2026-10-01T16:35:33.616912+08:00","Action":"output","Package":"ops-platform/test/integration","Test":"TestWithTenantTxIsolatesTenantsAndUsesAppendOnlyAudit","Output":"2026/10/01 16:35:33 OK   00014_audit_segment_predecessors.sql (6.12ms)\n"}
{"Time":"2026-10-01T16:35:33.620342+08:00","Action":"output","Package":"ops-platform/test/integration","Test":"TestWithTenantTxIsolatesTenantsAndUsesAppendOnlyAudit","Output":"2026/10/01 16:35:33 OK   00015_source_schema_scope.sql (3.4ms)\n"}
{"Time":"2026-10-01T16:35:33.624449+08:00","Action":"output","Package":"ops-platform/test/integration","Test":"TestWithTenantTxIsolatesTenantsAndUsesAppendOnlyAudit","Output":"2026/10/01 16:35:33 OK   00016_cluster_registration_metadata.sql (3.97ms)\n"}
{"Time":"2026-10-01T16:35:33.62447+08:00","Action":"output","Package":"ops-platform/test/integration","Test":"TestWithTenantTxIsolatesTenantsAndUsesAppendOnlyAudit","Output":"2026/10/01 16:35:33 goose: successfully migrated database to version: 16\n"}
{"Time":"2026-10-01T16:35:33.747309+08:00","Action":"output","Package":"ops-platform/test/integration","Test":"TestWithTenantTxIsolatesTenantsAndUsesAppendOnlyAudit","Output":"--- PASS: TestWithTenantTxIsolatesTenantsAndUsesAppendOnlyAudit (0.40s)\n","OutputType":"frame"}
{"Time":"2026-10-01T16:35:33.74738+08:00","Action":"pass","Package":"ops-platform/test/integration","Test":"TestWithTenantTxIsolatesTenantsAndUsesAppendOnlyAudit","Elapsed":0.4}
{"Time":"2026-10-01T16:35:33.747394+08:00","Action":"run","Package":"ops-platform/test/integration","Test":"TestRealVictoriaMetricsScrapesPlatformProcessMetric"}
{"Time":"2026-10-01T16:35:33.747401+08:00","Action":"output","Package":"ops-platform/test/integration","Test":"TestRealVictoriaMetricsScrapesPlatformProcessMetric","Output":"=== RUN   TestRealVictoriaMetricsScrapesPlatformProcessMetric\n","OutputType":"frame"}
{"Time":"2026-10-01T16:35:33.74931+08:00","Action":"output","Package":"ops-platform/test/integration","Test":"TestRealVictoriaMetricsScrapesPlatformProcessMetric","Output":"--- PASS: TestRealVictoriaMetricsScrapesPlatformProcessMetric (0.00s)\n","OutputType":"frame"}
{"Time":"2026-10-01T16:35:33.749336+08:00","Action":"pass","Package":"ops-platform/test/integration","Test":"TestRealVictoriaMetricsScrapesPlatformProcessMetric","Elapsed":0}
{"Time":"2026-10-01T16:35:33.749342+08:00","Action":"run","Package":"ops-platform/test/integration","Test":"TestRealVictoriaLogsAcceptsStructuredPlatformStdout"}
{"Time":"2026-10-01T16:35:33.749345+08:00","Action":"output","Package":"ops-platform/test/integration","Test":"TestRealVictoriaLogsAcceptsStructuredPlatformStdout","Output":"=== RUN   TestRealVictoriaLogsAcceptsStructuredPlatformStdout\n","OutputType":"frame"}
{"Time":"2026-10-01T16:35:34.761379+08:00","Action":"output","Package":"ops-platform/test/integration","Test":"TestRealVictoriaLogsAcceptsStructuredPlatformStdout","Output":"--- PASS: TestRealVictoriaLogsAcceptsStructuredPlatformStdout (1.01s)\n","OutputType":"frame"}
{"Time":"2026-10-01T16:35:34.761583+08:00","Action":"pass","Package":"ops-platform/test/integration","Test":"TestRealVictoriaLogsAcceptsStructuredPlatformStdout","Elapsed":1.01}
{"Time":"2026-10-01T16:35:34.761597+08:00","Action":"run","Package":"ops-platform/test/integration","Test":"TestRealProjectedPodTokensAuthenticateOpenBaoAndWorkloadMTLS"}
{"Time":"2026-10-01T16:35:34.761602+08:00","Action":"output","Package":"ops-platform/test/integration","Test":"TestRealProjectedPodTokensAuthenticateOpenBaoAndWorkloadMTLS","Output":"=== RUN   TestRealProjectedPodTokensAuthenticateOpenBaoAndWorkloadMTLS\n","OutputType":"frame"}
{"Time":"2026-10-01T16:35:34.824878+08:00","Action":"output","Package":"ops-platform/test/integration","Test":"TestRealProjectedPodTokensAuthenticateOpenBaoAndWorkloadMTLS","Output":"2026/10/01 16:35:34 http: TLS handshake error from 127.0.0.1:50620: tls: client didn't provide a certificate\n"}
{"Time":"2026-10-01T16:35:34.824922+08:00","Action":"output","Package":"ops-platform/test/integration","Test":"TestRealProjectedPodTokensAuthenticateOpenBaoAndWorkloadMTLS","Output":"    projected_workload_test.go:133: real Pod-bound TokenReview accepted three workload identities, denied unauthorized SA/namespace/audience; Investigator and test Runner mTLS completed without forwarded JWT\n"}
{"Time":"2026-10-01T16:35:34.824997+08:00","Action":"output","Package":"ops-platform/test/integration","Test":"TestRealProjectedPodTokensAuthenticateOpenBaoAndWorkloadMTLS","Output":"--- PASS: TestRealProjectedPodTokensAuthenticateOpenBaoAndWorkloadMTLS (0.06s)\n","OutputType":"frame"}
{"Time":"2026-10-01T16:35:34.82501+08:00","Action":"pass","Package":"ops-platform/test/integration","Test":"TestRealProjectedPodTokensAuthenticateOpenBaoAndWorkloadMTLS","Elapsed":0.06}
{"Time":"2026-10-01T16:35:34.825017+08:00","Action":"run","Package":"ops-platform/test/integration","Test":"TestRuntimeDatabaseLoginCannotRegainOwnerOrOtherProcess"}
{"Time":"2026-10-01T16:35:34.825021+08:00","Action":"output","Package":"ops-platform/test/integration","Test":"TestRuntimeDatabaseLoginCannotRegainOwnerOrOtherProcess","Output":"=== RUN   TestRuntimeDatabaseLoginCannotRegainOwnerOrOtherProcess\n","OutputType":"frame"}
{"Time":"2026-10-01T16:35:34.899586+08:00","Action":"output","Package":"ops-platform/test/integration","Test":"TestRuntimeDatabaseLoginCannotRegainOwnerOrOtherProcess","Output":"2026/10/01 16:35:34 OK   00001_roles_and_schemas.sql (7.66ms)\n"}
{"Time":"2026-10-01T16:35:34.912646+08:00","Action":"output","Package":"ops-platform/test/integration","Test":"TestRuntimeDatabaseLoginCannotRegainOwnerOrOtherProcess","Output":"2026/10/01 16:35:34 OK   00002_platform_meta.sql (12.96ms)\n"}
{"Time":"2026-10-01T16:35:34.919393+08:00","Action":"output","Package":"ops-platform/test/integration","Test":"TestRuntimeDatabaseLoginCannotRegainOwnerOrOtherProcess","Output":"2026/10/01 16:35:34 OK   00003_finding.sql (6.68ms)\n"}
{"Time":"2026-10-01T16:35:34.924142+08:00","Action":"output","Package":"ops-platform/test/integration","Test":"TestRuntimeDatabaseLoginCannotRegainOwnerOrOtherProcess","Output":"2026/10/01 16:35:34 OK   00004_incident.sql (4.7ms)\n"}
{"Time":"2026-10-01T16:35:34.929704+08:00","Action":"output","Package":"ops-platform/test/integration","Test":"TestRuntimeDatabaseLoginCannotRegainOwnerOrOtherProcess","Output":"2026/10/01 16:35:34 OK   00005_investigation.sql (5.51ms)\n"}
{"Time":"2026-10-01T16:35:34.933388+08:00","Action":"output","Package":"ops-platform/test/integration","Test":"TestRuntimeDatabaseLoginCannotRegainOwnerOrOtherProcess","Output":"2026/10/01 16:35:34 OK   00006_action_command.sql (3.63ms)\n"}
{"Time":"2026-10-01T16:35:34.940753+08:00","Action":"output","Package":"ops-platform/test/integration","Test":"TestRuntimeDatabaseLoginCannotRegainOwnerOrOtherProcess","Output":"2026/10/01 16:35:34 OK   00007_audit.sql (7.31ms)\n"}
{"Time":"2026-10-01T16:35:34.94786+08:00","Action":"output","Package":"ops-platform/test/integration","Test":"TestRuntimeDatabaseLoginCannotRegainOwnerOrOtherProcess","Output":"2026/10/01 16:35:34 OK   00008_rls.sql (7.05ms)\n"}
{"Time":"2026-10-01T16:35:34.954818+08:00","Action":"output","Package":"ops-platform/test/integration","Test":"TestRuntimeDatabaseLoginCannotRegainOwnerOrOtherProcess","Output":"2026/10/01 16:35:34 OK   00009_idempotency_ledger.sql (6.9ms)\n"}
{"Time":"2026-10-01T16:35:34.957452+08:00","Action":"output","Package":"ops-platform/test/integration","Test":"TestRuntimeDatabaseLoginCannotRegainOwnerOrOtherProcess","Output":"2026/10/01 16:35:34 OK   00010_tenant_provisioning.sql (2.59ms)\n"}
{"Time":"2026-10-01T16:35:34.962916+08:00","Action":"output","Package":"ops-platform/test/integration","Test":"TestRuntimeDatabaseLoginCannotRegainOwnerOrOtherProcess","Output":"2026/10/01 16:35:34 OK   00011_source_registration_history.sql (5.42ms)\n"}
{"Time":"2026-10-01T16:35:34.96948+08:00","Action":"output","Package":"ops-platform/test/integration","Test":"TestRuntimeDatabaseLoginCannotRegainOwnerOrOtherProcess","Output":"2026/10/01 16:35:34 OK   00012_config_registry_lifecycle.sql (6.5ms)\n"}
{"Time":"2026-10-01T16:35:34.977883+08:00","Action":"output","Package":"ops-platform/test/integration","Test":"TestRuntimeDatabaseLoginCannotRegainOwnerOrOtherProcess","Output":"2026/10/01 16:35:34 OK   00013_audit_signed_segments.sql (8.32ms)\n"}
{"Time":"2026-10-01T16:35:34.982703+08:00","Action":"output","Package":"ops-platform/test/integration","Test":"TestRuntimeDatabaseLoginCannotRegainOwnerOrOtherProcess","Output":"2026/10/01 16:35:34 OK   00014_audit_segment_predecessors.sql (4.76ms)\n"}
{"Time":"2026-10-01T16:35:34.986207+08:00","Action":"output","Package":"ops-platform/test/integration","Test":"TestRuntimeDatabaseLoginCannotRegainOwnerOrOtherProcess","Output":"2026/10/01 16:35:34 OK   00015_source_schema_scope.sql (3.47ms)\n"}
{"Time":"2026-10-01T16:35:34.990511+08:00","Action":"output","Package":"ops-platform/test/integration","Test":"TestRuntimeDatabaseLoginCannotRegainOwnerOrOtherProcess","Output":"2026/10/01 16:35:34 OK   00016_cluster_registration_metadata.sql (4.26ms)\n"}
{"Time":"2026-10-01T16:35:34.990525+08:00","Action":"output","Package":"ops-platform/test/integration","Test":"TestRuntimeDatabaseLoginCannotRegainOwnerOrOtherProcess","Output":"2026/10/01 16:35:34 goose: successfully migrated database to version: 16\n"}
{"Time":"2026-10-01T16:35:35.170415+08:00","Action":"output","Package":"ops-platform/test/integration","Test":"TestRuntimeDatabaseLoginCannotRegainOwnerOrOtherProcess","Output":"--- PASS: TestRuntimeDatabaseLoginCannotRegainOwnerOrOtherProcess (0.35s)\n","OutputType":"frame"}
{"Time":"2026-10-01T16:35:35.17044+08:00","Action":"pass","Package":"ops-platform/test/integration","Test":"TestRuntimeDatabaseLoginCannotRegainOwnerOrOtherProcess","Elapsed":0.35}
{"Time":"2026-10-01T16:35:35.170453+08:00","Action":"run","Package":"ops-platform/test/integration","Test":"TestRuntimeProfileFixtureMatchesLockedEndpoints"}
{"Time":"2026-10-01T16:35:35.170456+08:00","Action":"output","Package":"ops-platform/test/integration","Test":"TestRuntimeProfileFixtureMatchesLockedEndpoints","Output":"=== RUN   TestRuntimeProfileFixtureMatchesLockedEndpoints\n","OutputType":"frame"}
{"Time":"2026-10-01T16:35:35.171337+08:00","Action":"output","Package":"ops-platform/test/integration","Test":"TestRuntimeProfileFixtureMatchesLockedEndpoints","Output":"--- PASS: TestRuntimeProfileFixtureMatchesLockedEndpoints (0.00s)\n","OutputType":"frame"}
{"Time":"2026-10-01T16:35:35.171342+08:00","Action":"pass","Package":"ops-platform/test/integration","Test":"TestRuntimeProfileFixtureMatchesLockedEndpoints","Elapsed":0}
{"Time":"2026-10-01T16:35:35.171346+08:00","Action":"run","Package":"ops-platform/test/integration","Test":"TestSourceRegistrationsAreTenantBoundRevisionedAndAudited"}
{"Time":"2026-10-01T16:35:35.171349+08:00","Action":"output","Package":"ops-platform/test/integration","Test":"TestSourceRegistrationsAreTenantBoundRevisionedAndAudited","Output":"=== RUN   TestSourceRegistrationsAreTenantBoundRevisionedAndAudited\n","OutputType":"frame"}
{"Time":"2026-10-01T16:35:35.201364+08:00","Action":"output","Package":"ops-platform/test/integration","Test":"TestSourceRegistrationsAreTenantBoundRevisionedAndAudited","Output":"2026/10/01 16:35:35 OK   00001_roles_and_schemas.sql (6ms)\n"}
{"Time":"2026-10-01T16:35:35.201388+08:00","Action":"output","Package":"ops-platform/test/integration","Test":"TestSourceRegistrationsAreTenantBoundRevisionedAndAudited","Output":"2026/10/01 16:35:35 goose: successfully migrated database to version: 1\n"}
{"Time":"2026-10-01T16:35:35.218417+08:00","Action":"output","Package":"ops-platform/test/integration","Test":"TestSourceRegistrationsAreTenantBoundRevisionedAndAudited","Output":"2026/10/01 16:35:35 OK   00002_platform_meta.sql (11.96ms)\n"}
{"Time":"2026-10-01T16:35:35.223479+08:00","Action":"output","Package":"ops-platform/test/integration","Test":"TestSourceRegistrationsAreTenantBoundRevisionedAndAudited","Output":"2026/10/01 16:35:35 OK   00003_finding.sql (4.99ms)\n"}
{"Time":"2026-10-01T16:35:35.226978+08:00","Action":"output","Package":"ops-platform/test/integration","Test":"TestSourceRegistrationsAreTenantBoundRevisionedAndAudited","Output":"2026/10/01 16:35:35 OK   00004_incident.sql (3.46ms)\n"}
{"Time":"2026-10-01T16:35:35.231413+08:00","Action":"output","Package":"ops-platform/test/integration","Test":"TestSourceRegistrationsAreTenantBoundRevisionedAndAudited","Output":"2026/10/01 16:35:35 OK   00005_investigation.sql (4.38ms)\n"}
{"Time":"2026-10-01T16:35:35.235245+08:00","Action":"output","Package":"ops-platform/test/integration","Test":"TestSourceRegistrationsAreTenantBoundRevisionedAndAudited","Output":"2026/10/01 16:35:35 OK   00006_action_command.sql (3.77ms)\n"}
{"Time":"2026-10-01T16:35:35.241723+08:00","Action":"output","Package":"ops-platform/test/integration","Test":"TestSourceRegistrationsAreTenantBoundRevisionedAndAudited","Output":"2026/10/01 16:35:35 OK   00007_audit.sql (6.41ms)\n"}
{"Time":"2026-10-01T16:35:35.247625+08:00","Action":"output","Package":"ops-platform/test/integration","Test":"TestSourceRegistrationsAreTenantBoundRevisionedAndAudited","Output":"2026/10/01 16:35:35 OK   00008_rls.sql (5.85ms)\n"}
{"Time":"2026-10-01T16:35:35.252364+08:00","Action":"output","Package":"ops-platform/test/integration","Test":"TestSourceRegistrationsAreTenantBoundRevisionedAndAudited","Output":"2026/10/01 16:35:35 OK   00009_idempotency_ledger.sql (4.67ms)\n"}
{"Time":"2026-10-01T16:35:35.255299+08:00","Action":"output","Package":"ops-platform/test/integration","Test":"TestSourceRegistrationsAreTenantBoundRevisionedAndAudited","Output":"2026/10/01 16:35:35 OK   00010_tenant_provisioning.sql (2.88ms)\n"}
{"Time":"2026-10-01T16:35:35.259715+08:00","Action":"output","Package":"ops-platform/test/integration","Test":"TestSourceRegistrationsAreTenantBoundRevisionedAndAudited","Output":"2026/10/01 16:35:35 OK   00011_source_registration_history.sql (4.37ms)\n"}
{"Time":"2026-10-01T16:35:35.265829+08:00","Action":"output","Package":"ops-platform/test/integration","Test":"TestSourceRegistrationsAreTenantBoundRevisionedAndAudited","Output":"2026/10/01 16:35:35 OK   00012_config_registry_lifecycle.sql (6.05ms)\n"}
{"Time":"2026-10-01T16:35:35.272727+08:00","Action":"output","Package":"ops-platform/test/integration","Test":"TestSourceRegistrationsAreTenantBoundRevisionedAndAudited","Output":"2026/10/01 16:35:35 OK   00013_audit_signed_segments.sql (6.82ms)\n"}
{"Time":"2026-10-01T16:35:35.27645+08:00","Action":"output","Package":"ops-platform/test/integration","Test":"TestSourceRegistrationsAreTenantBoundRevisionedAndAudited","Output":"2026/10/01 16:35:35 OK   00014_audit_segment_predecessors.sql (3.67ms)\n"}
{"Time":"2026-10-01T16:35:35.278735+08:00","Action":"output","Package":"ops-platform/test/integration","Test":"TestSourceRegistrationsAreTenantBoundRevisionedAndAudited","Output":"2026/10/01 16:35:35 OK   00015_source_schema_scope.sql (2.25ms)\n"}
{"Time":"2026-10-01T16:35:35.281667+08:00","Action":"output","Package":"ops-platform/test/integration","Test":"TestSourceRegistrationsAreTenantBoundRevisionedAndAudited","Output":"2026/10/01 16:35:35 OK   00016_cluster_registration_metadata.sql (2.9ms)\n"}
{"Time":"2026-10-01T16:35:35.281679+08:00","Action":"output","Package":"ops-platform/test/integration","Test":"TestSourceRegistrationsAreTenantBoundRevisionedAndAudited","Output":"2026/10/01 16:35:35 goose: successfully migrated database to version: 16\n"}
{"Time":"2026-10-01T16:35:35.306587+08:00","Action":"run","Package":"ops-platform/test/integration","Test":"TestSourceRegistrationsAreTenantBoundRevisionedAndAudited/payload-tenant"}
{"Time":"2026-10-01T16:35:35.306613+08:00","Action":"output","Package":"ops-platform/test/integration","Test":"TestSourceRegistrationsAreTenantBoundRevisionedAndAudited/payload-tenant","Output":"=== RUN   TestSourceRegistrationsAreTenantBoundRevisionedAndAudited/payload-tenant\n","OutputType":"frame"}
{"Time":"2026-10-01T16:35:35.307023+08:00","Action":"output","Package":"ops-platform/test/integration","Test":"TestSourceRegistrationsAreTenantBoundRevisionedAndAudited/payload-tenant","Output":"--- PASS: TestSourceRegistrationsAreTenantBoundRevisionedAndAudited/payload-tenant (0.00s)\n","OutputType":"frame"}
{"Time":"2026-10-01T16:35:35.307028+08:00","Action":"pass","Package":"ops-platform/test/integration","Test":"TestSourceRegistrationsAreTenantBoundRevisionedAndAudited/payload-tenant","Elapsed":0}
{"Time":"2026-10-01T16:35:35.307034+08:00","Action":"run","Package":"ops-platform/test/integration","Test":"TestSourceRegistrationsAreTenantBoundRevisionedAndAudited/payload-cluster"}
{"Time":"2026-10-01T16:35:35.307037+08:00","Action":"output","Package":"ops-platform/test/integration","Test":"TestSourceRegistrationsAreTenantBoundRevisionedAndAudited/payload-cluster","Output":"=== RUN   TestSourceRegistrationsAreTenantBoundRevisionedAndAudited/payload-cluster\n","OutputType":"frame"}
{"Time":"2026-10-01T16:35:35.307411+08:00","Action":"output","Package":"ops-platform/test/integration","Test":"TestSourceRegistrationsAreTenantBoundRevisionedAndAudited/payload-cluster","Output":"--- PASS: TestSourceRegistrationsAreTenantBoundRevisionedAndAudited/payload-cluster (0.00s)\n","OutputType":"frame"}
{"Time":"2026-10-01T16:35:35.307419+08:00","Action":"pass","Package":"ops-platform/test/integration","Test":"TestSourceRegistrationsAreTenantBoundRevisionedAndAudited/payload-cluster","Elapsed":0}
{"Time":"2026-10-01T16:35:35.38122+08:00","Action":"output","Package":"ops-platform/test/integration","Test":"TestSourceRegistrationsAreTenantBoundRevisionedAndAudited","Output":"--- PASS: TestSourceRegistrationsAreTenantBoundRevisionedAndAudited (0.21s)\n","OutputType":"frame"}
{"Time":"2026-10-01T16:35:35.381315+08:00","Action":"pass","Package":"ops-platform/test/integration","Test":"TestSourceRegistrationsAreTenantBoundRevisionedAndAudited","Elapsed":0.21}
{"Time":"2026-10-01T16:35:35.381329+08:00","Action":"run","Package":"ops-platform/test/integration","Test":"TestRevokedStepUpCannotBeRecreatedByReplayingSameJWT"}
{"Time":"2026-10-01T16:35:35.381333+08:00","Action":"output","Package":"ops-platform/test/integration","Test":"TestRevokedStepUpCannotBeRecreatedByReplayingSameJWT","Output":"=== RUN   TestRevokedStepUpCannotBeRecreatedByReplayingSameJWT\n","OutputType":"frame"}
{"Time":"2026-10-01T16:35:35.411634+08:00","Action":"output","Package":"ops-platform/test/integration","Test":"TestRevokedStepUpCannotBeRecreatedByReplayingSameJWT","Output":"2026/10/01 16:35:35 OK   00001_roles_and_schemas.sql (5.18ms)\n"}
{"Time":"2026-10-01T16:35:35.421581+08:00","Action":"output","Package":"ops-platform/test/integration","Test":"TestRevokedStepUpCannotBeRecreatedByReplayingSameJWT","Output":"2026/10/01 16:35:35 OK   00002_platform_meta.sql (9.85ms)\n"}
{"Time":"2026-10-01T16:35:35.425924+08:00","Action":"output","Package":"ops-platform/test/integration","Test":"TestRevokedStepUpCannotBeRecreatedByReplayingSameJWT","Output":"2026/10/01 16:35:35 OK   00003_finding.sql (4.28ms)\n"}
{"Time":"2026-10-01T16:35:35.429565+08:00","Action":"output","Package":"ops-platform/test/integration","Test":"TestRevokedStepUpCannotBeRecreatedByReplayingSameJWT","Output":"2026/10/01 16:35:35 OK   00004_incident.sql (3.56ms)\n"}
{"Time":"2026-10-01T16:35:35.437676+08:00","Action":"output","Package":"ops-platform/test/integration","Test":"TestRevokedStepUpCannotBeRecreatedByReplayingSameJWT","Output":"2026/10/01 16:35:35 OK   00005_investigation.sql (8.04ms)\n"}
{"Time":"2026-10-01T16:35:35.441224+08:00","Action":"output","Package":"ops-platform/test/integration","Test":"TestRevokedStepUpCannotBeRecreatedByReplayingSameJWT","Output":"2026/10/01 16:35:35 OK   00006_action_command.sql (3.47ms)\n"}
{"Time":"2026-10-01T16:35:35.448814+08:00","Action":"output","Package":"ops-platform/test/integration","Test":"TestRevokedStepUpCannotBeRecreatedByReplayingSameJWT","Output":"2026/10/01 16:35:35 OK   00007_audit.sql (7.49ms)\n"}
{"Time":"2026-10-01T16:35:35.455512+08:00","Action":"output","Package":"ops-platform/test/integration","Test":"TestRevokedStepUpCannotBeRecreatedByReplayingSameJWT","Output":"2026/10/01 16:35:35 OK   00008_rls.sql (6.6ms)\n"}
{"Time":"2026-10-01T16:35:35.460559+08:00","Action":"output","Package":"ops-platform/test/integration","Test":"TestRevokedStepUpCannotBeRecreatedByReplayingSameJWT","Output":"2026/10/01 16:35:35 OK   00009_idempotency_ledger.sql (4.96ms)\n"}
{"Time":"2026-10-01T16:35:35.463014+08:00","Action":"output","Package":"ops-platform/test/integration","Test":"TestRevokedStepUpCannotBeRecreatedByReplayingSameJWT","Output":"2026/10/01 16:35:35 OK   00010_tenant_provisioning.sql (2.4ms)\n"}
{"Time":"2026-10-01T16:35:35.467964+08:00","Action":"output","Package":"ops-platform/test/integration","Test":"TestRevokedStepUpCannotBeRecreatedByReplayingSameJWT","Output":"2026/10/01 16:35:35 OK   00011_source_registration_history.sql (4.87ms)\n"}
{"Time":"2026-10-01T16:35:35.473943+08:00","Action":"output","Package":"ops-platform/test/integration","Test":"TestRevokedStepUpCannotBeRecreatedByReplayingSameJWT","Output":"2026/10/01 16:35:35 OK   00012_config_registry_lifecycle.sql (5.79ms)\n"}
{"Time":"2026-10-01T16:35:35.481559+08:00","Action":"output","Package":"ops-platform/test/integration","Test":"TestRevokedStepUpCannotBeRecreatedByReplayingSameJWT","Output":"2026/10/01 16:35:35 OK   00013_audit_signed_segments.sql (7.5ms)\n"}
{"Time":"2026-10-01T16:35:35.486537+08:00","Action":"output","Package":"ops-platform/test/integration","Test":"TestRevokedStepUpCannotBeRecreatedByReplayingSameJWT","Output":"2026/10/01 16:35:35 OK   00014_audit_segment_predecessors.sql (4.89ms)\n"}
{"Time":"2026-10-01T16:35:35.488667+08:00","Action":"output","Package":"ops-platform/test/integration","Test":"TestRevokedStepUpCannotBeRecreatedByReplayingSameJWT","Output":"2026/10/01 16:35:35 OK   00015_source_schema_scope.sql (2.05ms)\n"}
{"Time":"2026-10-01T16:35:35.49164+08:00","Action":"output","Package":"ops-platform/test/integration","Test":"TestRevokedStepUpCannotBeRecreatedByReplayingSameJWT","Output":"2026/10/01 16:35:35 OK   00016_cluster_registration_metadata.sql (2.93ms)\n"}
{"Time":"2026-10-01T16:35:35.491654+08:00","Action":"output","Package":"ops-platform/test/integration","Test":"TestRevokedStepUpCannotBeRecreatedByReplayingSameJWT","Output":"2026/10/01 16:35:35 goose: successfully migrated database to version: 16\n"}
{"Time":"2026-10-01T16:35:35.59058+08:00","Action":"output","Package":"ops-platform/test/integration","Test":"TestRevokedStepUpCannotBeRecreatedByReplayingSameJWT","Output":"--- PASS: TestRevokedStepUpCannotBeRecreatedByReplayingSameJWT (0.21s)\n","OutputType":"frame"}
{"Time":"2026-10-01T16:35:35.590648+08:00","Action":"pass","Package":"ops-platform/test/integration","Test":"TestRevokedStepUpCannotBeRecreatedByReplayingSameJWT","Elapsed":0.21}
{"Time":"2026-10-01T16:35:35.590663+08:00","Action":"run","Package":"ops-platform/test/integration","Test":"TestTenantProvisioningAndRoleBindingRevisions"}
{"Time":"2026-10-01T16:35:35.590671+08:00","Action":"output","Package":"ops-platform/test/integration","Test":"TestTenantProvisioningAndRoleBindingRevisions","Output":"=== RUN   TestTenantProvisioningAndRoleBindingRevisions\n","OutputType":"frame"}
{"Time":"2026-10-01T16:35:35.641009+08:00","Action":"output","Package":"ops-platform/test/integration","Test":"TestTenantProvisioningAndRoleBindingRevisions","Output":"2026/10/01 16:35:35 OK   00001_roles_and_schemas.sql (11.73ms)\n"}
{"Time":"2026-10-01T16:35:35.641033+08:00","Action":"output","Package":"ops-platform/test/integration","Test":"TestTenantProvisioningAndRoleBindingRevisions","Output":"2026/10/01 16:35:35 goose: successfully migrated database to version: 1\n"}
{"Time":"2026-10-01T16:35:35.67348+08:00","Action":"output","Package":"ops-platform/test/integration","Test":"TestTenantProvisioningAndRoleBindingRevisions","Output":"2026/10/01 16:35:35 OK   00002_platform_meta.sql (22.22ms)\n"}
{"Time":"2026-10-01T16:35:35.681745+08:00","Action":"output","Package":"ops-platform/test/integration","Test":"TestTenantProvisioningAndRoleBindingRevisions","Output":"2026/10/01 16:35:35 OK   00003_finding.sql (8.22ms)\n"}
{"Time":"2026-10-01T16:35:35.685674+08:00","Action":"output","Package":"ops-platform/test/integration","Test":"TestTenantProvisioningAndRoleBindingRevisions","Output":"2026/10/01 16:35:35 OK   00004_incident.sql (3.87ms)\n"}
{"Time":"2026-10-01T16:35:35.690134+08:00","Action":"output","Package":"ops-platform/test/integration","Test":"TestTenantProvisioningAndRoleBindingRevisions","Output":"2026/10/01 16:35:35 OK   00005_investigation.sql (4.41ms)\n"}
{"Time":"2026-10-01T16:35:35.694527+08:00","Action":"output","Package":"ops-platform/test/integration","Test":"TestTenantProvisioningAndRoleBindingRevisions","Output":"2026/10/01 16:35:35 OK   00006_action_command.sql (4.34ms)\n"}
{"Time":"2026-10-01T16:35:35.701207+08:00","Action":"output","Package":"ops-platform/test/integration","Test":"TestTenantProvisioningAndRoleBindingRevisions","Output":"2026/10/01 16:35:35 OK   00007_audit.sql (6.62ms)\n"}
{"Time":"2026-10-01T16:35:35.707434+08:00","Action":"output","Package":"ops-platform/test/integration","Test":"TestTenantProvisioningAndRoleBindingRevisions","Output":"2026/10/01 16:35:35 OK   00008_rls.sql (6.19ms)\n"}
{"Time":"2026-10-01T16:35:35.712266+08:00","Action":"output","Package":"ops-platform/test/integration","Test":"TestTenantProvisioningAndRoleBindingRevisions","Output":"2026/10/01 16:35:35 OK   00009_idempotency_ledger.sql (4.78ms)\n"}
{"Time":"2026-10-01T16:35:35.715431+08:00","Action":"output","Package":"ops-platform/test/integration","Test":"TestTenantProvisioningAndRoleBindingRevisions","Output":"2026/10/01 16:35:35 OK   00010_tenant_provisioning.sql (3.12ms)\n"}
{"Time":"2026-10-01T16:35:35.719632+08:00","Action":"output","Package":"ops-platform/test/integration","Test":"TestTenantProvisioningAndRoleBindingRevisions","Output":"2026/10/01 16:35:35 OK   00011_source_registration_history.sql (4.13ms)\n"}
{"Time":"2026-10-01T16:35:35.726185+08:00","Action":"output","Package":"ops-platform/test/integration","Test":"TestTenantProvisioningAndRoleBindingRevisions","Output":"2026/10/01 16:35:35 OK   00012_config_registry_lifecycle.sql (6.5ms)\n"}
{"Time":"2026-10-01T16:35:35.733825+08:00","Action":"output","Package":"ops-platform/test/integration","Test":"TestTenantProvisioningAndRoleBindingRevisions","Output":"2026/10/01 16:35:35 OK   00013_audit_signed_segments.sql (7.55ms)\n"}
{"Time":"2026-10-01T16:35:35.737325+08:00","Action":"output","Package":"ops-platform/test/integration","Test":"TestTenantProvisioningAndRoleBindingRevisions","Output":"2026/10/01 16:35:35 OK   00014_audit_segment_predecessors.sql (3.47ms)\n"}
{"Time":"2026-10-01T16:35:35.739694+08:00","Action":"output","Package":"ops-platform/test/integration","Test":"TestTenantProvisioningAndRoleBindingRevisions","Output":"2026/10/01 16:35:35 OK   00015_source_schema_scope.sql (2.34ms)\n"}
{"Time":"2026-10-01T16:35:35.742783+08:00","Action":"output","Package":"ops-platform/test/integration","Test":"TestTenantProvisioningAndRoleBindingRevisions","Output":"2026/10/01 16:35:35 OK   00016_cluster_registration_metadata.sql (3.05ms)\n"}
{"Time":"2026-10-01T16:35:35.742792+08:00","Action":"output","Package":"ops-platform/test/integration","Test":"TestTenantProvisioningAndRoleBindingRevisions","Output":"2026/10/01 16:35:35 goose: successfully migrated database to version: 16\n"}
{"Time":"2026-10-01T16:35:35.88606+08:00","Action":"output","Package":"ops-platform/test/integration","Test":"TestTenantProvisioningAndRoleBindingRevisions","Output":"--- PASS: TestTenantProvisioningAndRoleBindingRevisions (0.30s)\n","OutputType":"frame"}
{"Time":"2026-10-01T16:35:35.886083+08:00","Action":"pass","Package":"ops-platform/test/integration","Test":"TestTenantProvisioningAndRoleBindingRevisions","Elapsed":0.3}
{"Time":"2026-10-01T16:35:35.886091+08:00","Action":"run","Package":"ops-platform/test/integration","Test":"TestRealAuditWorkerProjectedLoginResumesPendingAfterArchiveOutage"}
{"Time":"2026-10-01T16:35:35.886095+08:00","Action":"output","Package":"ops-platform/test/integration","Test":"TestRealAuditWorkerProjectedLoginResumesPendingAfterArchiveOutage","Output":"=== RUN   TestRealAuditWorkerProjectedLoginResumesPendingAfterArchiveOutage\n","OutputType":"frame"}
{"Time":"2026-10-01T16:35:35.921103+08:00","Action":"output","Package":"ops-platform/test/integration","Test":"TestRealAuditWorkerProjectedLoginResumesPendingAfterArchiveOutage","Output":"2026/10/01 16:35:35 OK   00001_roles_and_schemas.sql (5.99ms)\n"}
{"Time":"2026-10-01T16:35:35.932655+08:00","Action":"output","Package":"ops-platform/test/integration","Test":"TestRealAuditWorkerProjectedLoginResumesPendingAfterArchiveOutage","Output":"2026/10/01 16:35:35 OK   00002_platform_meta.sql (11.46ms)\n"}
{"Time":"2026-10-01T16:35:35.938236+08:00","Action":"output","Package":"ops-platform/test/integration","Test":"TestRealAuditWorkerProjectedLoginResumesPendingAfterArchiveOutage","Output":"2026/10/01 16:35:35 OK   00003_finding.sql (5.52ms)\n"}
{"Time":"2026-10-01T16:35:35.94203+08:00","Action":"output","Package":"ops-platform/test/integration","Test":"TestRealAuditWorkerProjectedLoginResumesPendingAfterArchiveOutage","Output":"2026/10/01 16:35:35 OK   00004_incident.sql (3.75ms)\n"}
{"Time":"2026-10-01T16:35:35.946087+08:00","Action":"output","Package":"ops-platform/test/integration","Test":"TestRealAuditWorkerProjectedLoginResumesPendingAfterArchiveOutage","Output":"2026/10/01 16:35:35 OK   00005_investigation.sql (4.01ms)\n"}
{"Time":"2026-10-01T16:35:35.949985+08:00","Action":"output","Package":"ops-platform/test/integration","Test":"TestRealAuditWorkerProjectedLoginResumesPendingAfterArchiveOutage","Output":"2026/10/01 16:35:35 OK   00006_action_command.sql (3.85ms)\n"}
{"Time":"2026-10-01T16:35:35.955954+08:00","Action":"output","Package":"ops-platform/test/integration","Test":"TestRealAuditWorkerProjectedLoginResumesPendingAfterArchiveOutage","Output":"2026/10/01 16:35:35 OK   00007_audit.sql (5.9ms)\n"}
{"Time":"2026-10-01T16:35:35.961736+08:00","Action":"output","Package":"ops-platform/test/integration","Test":"TestRealAuditWorkerProjectedLoginResumesPendingAfterArchiveOutage","Output":"2026/10/01 16:35:35 OK   00008_rls.sql (5.74ms)\n"}
{"Time":"2026-10-01T16:35:35.966609+08:00","Action":"output","Package":"ops-platform/test/integration","Test":"TestRealAuditWorkerProjectedLoginResumesPendingAfterArchiveOutage","Output":"2026/10/01 16:35:35 OK   00009_idempotency_ledger.sql (4.81ms)\n"}
{"Time":"2026-10-01T16:35:35.970136+08:00","Action":"output","Package":"ops-platform/test/integration","Test":"TestRealAuditWorkerProjectedLoginResumesPendingAfterArchiveOutage","Output":"2026/10/01 16:35:35 OK   00010_tenant_provisioning.sql (3.47ms)\n"}
{"Time":"2026-10-01T16:35:35.97465+08:00","Action":"output","Package":"ops-platform/test/integration","Test":"TestRealAuditWorkerProjectedLoginResumesPendingAfterArchiveOutage","Output":"2026/10/01 16:35:35 OK   00011_source_registration_history.sql (4.46ms)\n"}
{"Time":"2026-10-01T16:35:35.980822+08:00","Action":"output","Package":"ops-platform/test/integration","Test":"TestRealAuditWorkerProjectedLoginResumesPendingAfterArchiveOutage","Output":"2026/10/01 16:35:35 OK   00012_config_registry_lifecycle.sql (6.11ms)\n"}
{"Time":"2026-10-01T16:35:35.988294+08:00","Action":"output","Package":"ops-platform/test/integration","Test":"TestRealAuditWorkerProjectedLoginResumesPendingAfterArchiveOutage","Output":"2026/10/01 16:35:35 OK   00013_audit_signed_segments.sql (7.39ms)\n"}
{"Time":"2026-10-01T16:35:35.992361+08:00","Action":"output","Package":"ops-platform/test/integration","Test":"TestRealAuditWorkerProjectedLoginResumesPendingAfterArchiveOutage","Output":"2026/10/01 16:35:35 OK   00014_audit_segment_predecessors.sql (4.03ms)\n"}
{"Time":"2026-10-01T16:35:35.994405+08:00","Action":"output","Package":"ops-platform/test/integration","Test":"TestRealAuditWorkerProjectedLoginResumesPendingAfterArchiveOutage","Output":"2026/10/01 16:35:35 OK   00015_source_schema_scope.sql (2.01ms)\n"}
{"Time":"2026-10-01T16:35:35.997196+08:00","Action":"output","Package":"ops-platform/test/integration","Test":"TestRealAuditWorkerProjectedLoginResumesPendingAfterArchiveOutage","Output":"2026/10/01 16:35:35 OK   00016_cluster_registration_metadata.sql (2.76ms)\n"}
{"Time":"2026-10-01T16:35:35.997207+08:00","Action":"output","Package":"ops-platform/test/integration","Test":"TestRealAuditWorkerProjectedLoginResumesPendingAfterArchiveOutage","Output":"2026/10/01 16:35:35 goose: successfully migrated database to version: 16\n"}
{"Time":"2026-10-01T16:35:41.950498+08:00","Action":"output","Package":"ops-platform/test/integration","Test":"TestRealAuditWorkerProjectedLoginResumesPendingAfterArchiveOutage","Output":"    worker_runtime_test.go:83: start worker with archive endpoint=http://127.0.0.1:1 bucket=sp03-worker-4653ab5d\n"}
{"Time":"2026-10-01T16:35:42.775849+08:00","Action":"output","Package":"ops-platform/test/integration","Test":"TestRealAuditWorkerProjectedLoginResumesPendingAfterArchiveOutage","Output":"    worker_runtime_test.go:83: start worker with archive endpoint=http://127.0.0.1:32775 bucket=sp03-worker-4653ab5d\n"}
{"Time":"2026-10-01T16:35:43.103263+08:00","Action":"output","Package":"ops-platform/test/integration","Test":"TestRealAuditWorkerProjectedLoginResumesPendingAfterArchiveOutage","Output":"    worker_runtime_test.go:166: actual cmd/platform-worker OS processes used projected-token login and worker-only DB login=sp03_worker_ca1e28b4a1f244b4bb28211980446ea9; first_pid=16308 exit_signal=SIGKILL second_pid=16310 exit_code=0; restart resumed tenants=01a0f69a-cfe1-772f-bfcd-753246c6f7ee,01a0f69a-cfe1-7730-8ff8-c6959da837e6 after S3 refusal; pending=0 max_proof_delay_seconds=367.002 bucket=sp03-worker-4653ab5d\n"}
{"Time":"2026-10-01T16:35:43.162116+08:00","Action":"output","Package":"ops-platform/test/integration","Test":"TestRealAuditWorkerProjectedLoginResumesPendingAfterArchiveOutage","Output":"--- PASS: TestRealAuditWorkerProjectedLoginResumesPendingAfterArchiveOutage (7.28s)\n","OutputType":"frame"}
{"Time":"2026-10-01T16:35:43.162207+08:00","Action":"pass","Package":"ops-platform/test/integration","Test":"TestRealAuditWorkerProjectedLoginResumesPendingAfterArchiveOutage","Elapsed":7.28}
{"Time":"2026-10-01T16:35:43.162223+08:00","Action":"run","Package":"ops-platform/test/integration","Test":"TestRealOpenBaoWorkloadPKIIssuanceAndRevocation"}
{"Time":"2026-10-01T16:35:43.162228+08:00","Action":"output","Package":"ops-platform/test/integration","Test":"TestRealOpenBaoWorkloadPKIIssuanceAndRevocation","Output":"=== RUN   TestRealOpenBaoWorkloadPKIIssuanceAndRevocation\n","OutputType":"frame"}
{"Time":"2026-10-01T16:35:43.174442+08:00","Action":"output","Package":"ops-platform/test/integration","Test":"TestRealOpenBaoWorkloadPKIIssuanceAndRevocation","Output":"    workload_identity_test.go:86: isolated OpenBao workload role=platform-workload-ops-api certificate_serial=34bd3fb424176553c42b05e86b31eb07400fe977 cert_ttl=1h0m30s revoked_crl_verified=true\n"}
{"Time":"2026-10-01T16:35:43.174478+08:00","Action":"output","Package":"ops-platform/test/integration","Test":"TestRealOpenBaoWorkloadPKIIssuanceAndRevocation","Output":"--- PASS: TestRealOpenBaoWorkloadPKIIssuanceAndRevocation (0.01s)\n","OutputType":"frame"}
{"Time":"2026-10-01T16:35:43.174485+08:00","Action":"pass","Package":"ops-platform/test/integration","Test":"TestRealOpenBaoWorkloadPKIIssuanceAndRevocation","Elapsed":0.01}
{"Time":"2026-10-01T16:35:43.174491+08:00","Action":"output","Package":"ops-platform/test/integration","Output":"PASS\n","OutputType":"frame"}
{"Time":"2026-10-01T16:35:43.176774+08:00","Action":"output","Package":"ops-platform/test/integration","Output":"ok  \tops-platform/test/integration\t22.470s\n"}
{"Time":"2026-10-01T16:35:43.17679+08:00","Action":"pass","Package":"ops-platform/test/integration","Elapsed":22.471}
Acceptance report: 25 tests passed; zero skips.
