{"Time":"2026-10-01T17:43:31.345005+08:00","Action":"start","Package":"ops-platform/test/integration"}
{"Time":"2026-10-01T17:43:32.017723+08:00","Action":"run","Package":"ops-platform/test/integration","Test":"TestRealArchiveTenantIAMTLS"}
{"Time":"2026-10-01T17:43:32.017851+08:00","Action":"output","Package":"ops-platform/test/integration","Test":"TestRealArchiveTenantIAMTLS","Output":"=== RUN   TestRealArchiveTenantIAMTLS\n","OutputType":"frame"}
{"Time":"2026-10-01T17:43:35.970405+08:00","Action":"output","Package":"ops-platform/test/integration","Test":"TestRealArchiveTenantIAMTLS","Output":"    archive_iam_test.go:145: owned TLS/IAM fixture image=docker.io/chrislusf/seaweedfs@sha256:d4cf67729aa8777e1a43a5b61d72e5b96179e4b7bac9a221cb14cbc2036cb32e id=3302f5158ba42b0f0de4818844839cf6216b515daff62824590c46cd342766be bucket=sp03-iam-ef67bf45 tenants=2\n"}
{"Time":"2026-10-01T17:43:36.248766+08:00","Action":"output","Package":"ops-platform/test/integration","Test":"TestRealArchiveTenantIAMTLS","Output":"    archive_iam_test.go:189: HTTPS, independent CA, separate tenant principals, own-prefix access, foreign list/get rejection, global-principal rejection passed\n"}
{"Time":"2026-10-01T17:43:36.568491+08:00","Action":"output","Package":"ops-platform/test/integration","Test":"TestRealArchiveTenantIAMTLS","Output":"--- PASS: TestRealArchiveTenantIAMTLS (4.55s)\n","OutputType":"frame"}
{"Time":"2026-10-01T17:43:36.568628+08:00","Action":"pass","Package":"ops-platform/test/integration","Test":"TestRealArchiveTenantIAMTLS","Elapsed":4.55}
{"Time":"2026-10-01T17:43:36.568699+08:00","Action":"run","Package":"ops-platform/test/integration","Test":"TestRealOpenBaoTransitAndSeaweedS3AuditArchive"}
{"Time":"2026-10-01T17:43:36.56871+08:00","Action":"output","Package":"ops-platform/test/integration","Test":"TestRealOpenBaoTransitAndSeaweedS3AuditArchive","Output":"=== RUN   TestRealOpenBaoTransitAndSeaweedS3AuditArchive\n","OutputType":"frame"}
{"Time":"2026-10-01T17:43:36.933455+08:00","Action":"output","Package":"ops-platform/test/integration","Test":"TestRealOpenBaoTransitAndSeaweedS3AuditArchive","Output":"2026/10/01 17:43:36 OK   00001_roles_and_schemas.sql (44.89ms)\n"}
{"Time":"2026-10-01T17:43:36.933542+08:00","Action":"output","Package":"ops-platform/test/integration","Test":"TestRealOpenBaoTransitAndSeaweedS3AuditArchive","Output":"2026/10/01 17:43:36 goose: successfully migrated database to version: 1\n"}
{"Time":"2026-10-01T17:43:36.957857+08:00","Action":"output","Package":"ops-platform/test/integration","Test":"TestRealOpenBaoTransitAndSeaweedS3AuditArchive","Output":"2026/10/01 17:43:36 OK   00002_platform_meta.sql (14.05ms)\n"}
{"Time":"2026-10-01T17:43:36.9648+08:00","Action":"output","Package":"ops-platform/test/integration","Test":"TestRealOpenBaoTransitAndSeaweedS3AuditArchive","Output":"2026/10/01 17:43:36 OK   00003_finding.sql (6.39ms)\n"}
{"Time":"2026-10-01T17:43:36.970082+08:00","Action":"output","Package":"ops-platform/test/integration","Test":"TestRealOpenBaoTransitAndSeaweedS3AuditArchive","Output":"2026/10/01 17:43:36 OK   00004_incident.sql (4.61ms)\n"}
{"Time":"2026-10-01T17:43:36.975624+08:00","Action":"output","Package":"ops-platform/test/integration","Test":"TestRealOpenBaoTransitAndSeaweedS3AuditArchive","Output":"2026/10/01 17:43:36 OK   00005_investigation.sql (4.98ms)\n"}
{"Time":"2026-10-01T17:43:36.980633+08:00","Action":"output","Package":"ops-platform/test/integration","Test":"TestRealOpenBaoTransitAndSeaweedS3AuditArchive","Output":"2026/10/01 17:43:36 OK   00006_action_command.sql (4.36ms)\n"}
{"Time":"2026-10-01T17:43:36.989023+08:00","Action":"output","Package":"ops-platform/test/integration","Test":"TestRealOpenBaoTransitAndSeaweedS3AuditArchive","Output":"2026/10/01 17:43:36 OK   00007_audit.sql (7.93ms)\n"}
{"Time":"2026-10-01T17:43:36.997386+08:00","Action":"output","Package":"ops-platform/test/integration","Test":"TestRealOpenBaoTransitAndSeaweedS3AuditArchive","Output":"2026/10/01 17:43:36 OK   00008_rls.sql (7.98ms)\n"}
{"Time":"2026-10-01T17:43:37.003396+08:00","Action":"output","Package":"ops-platform/test/integration","Test":"TestRealOpenBaoTransitAndSeaweedS3AuditArchive","Output":"2026/10/01 17:43:37 OK   00009_idempotency_ledger.sql (5.56ms)\n"}
{"Time":"2026-10-01T17:43:37.007792+08:00","Action":"output","Package":"ops-platform/test/integration","Test":"TestRealOpenBaoTransitAndSeaweedS3AuditArchive","Output":"2026/10/01 17:43:37 OK   00010_tenant_provisioning.sql (3.9ms)\n"}
{"Time":"2026-10-01T17:43:37.013873+08:00","Action":"output","Package":"ops-platform/test/integration","Test":"TestRealOpenBaoTransitAndSeaweedS3AuditArchive","Output":"2026/10/01 17:43:37 OK   00011_source_registration_history.sql (5.72ms)\n"}
{"Time":"2026-10-01T17:43:37.021846+08:00","Action":"output","Package":"ops-platform/test/integration","Test":"TestRealOpenBaoTransitAndSeaweedS3AuditArchive","Output":"2026/10/01 17:43:37 OK   00012_config_registry_lifecycle.sql (7.5ms)\n"}
{"Time":"2026-10-01T17:43:37.03085+08:00","Action":"output","Package":"ops-platform/test/integration","Test":"TestRealOpenBaoTransitAndSeaweedS3AuditArchive","Output":"2026/10/01 17:43:37 OK   00013_audit_signed_segments.sql (8.6ms)\n"}
{"Time":"2026-10-01T17:43:37.035751+08:00","Action":"output","Package":"ops-platform/test/integration","Test":"TestRealOpenBaoTransitAndSeaweedS3AuditArchive","Output":"2026/10/01 17:43:37 OK   00014_audit_segment_predecessors.sql (4.42ms)\n"}
{"Time":"2026-10-01T17:43:37.039336+08:00","Action":"output","Package":"ops-platform/test/integration","Test":"TestRealOpenBaoTransitAndSeaweedS3AuditArchive","Output":"2026/10/01 17:43:37 OK   00015_source_schema_scope.sql (3.13ms)\n"}
{"Time":"2026-10-01T17:43:37.045549+08:00","Action":"output","Package":"ops-platform/test/integration","Test":"TestRealOpenBaoTransitAndSeaweedS3AuditArchive","Output":"2026/10/01 17:43:37 OK   00016_cluster_registration_metadata.sql (5.18ms)\n"}
{"Time":"2026-10-01T17:43:37.04556+08:00","Action":"output","Package":"ops-platform/test/integration","Test":"TestRealOpenBaoTransitAndSeaweedS3AuditArchive","Output":"2026/10/01 17:43:37 goose: successfully migrated database to version: 16\n"}
{"Time":"2026-10-01T17:43:37.092346+08:00","Action":"output","Package":"ops-platform/test/integration","Test":"TestRealOpenBaoTransitAndSeaweedS3AuditArchive","Output":"    archive_services_test.go:182: isolated S3 bucket=sp03-aecc2084 object=f464b540-3d7c-4f54-acce-5d66a87e3170 digest=sha256:29e16a3c7cd8a747ca75df38a1eeb48a2e1ac0ca49630508c723320b21457c70; audit tenant=4473cb5a-6bfa-4d59-8049-4b8d7e38dcc2 segment=01a0f6d9-1567-7ad9-8e7d-aa0e0ab2c06a seq=1 verified\n"}
{"Time":"2026-10-01T17:43:37.158364+08:00","Action":"output","Package":"ops-platform/test/integration","Test":"TestRealOpenBaoTransitAndSeaweedS3AuditArchive","Output":"--- PASS: TestRealOpenBaoTransitAndSeaweedS3AuditArchive (0.59s)\n","OutputType":"frame"}
{"Time":"2026-10-01T17:43:37.158447+08:00","Action":"pass","Package":"ops-platform/test/integration","Test":"TestRealOpenBaoTransitAndSeaweedS3AuditArchive","Elapsed":0.59}
{"Time":"2026-10-01T17:43:37.158495+08:00","Action":"run","Package":"ops-platform/test/integration","Test":"TestAuditSegmentsAppendConcurrentlyRecoverAndVerifyTenantScoped"}
{"Time":"2026-10-01T17:43:37.158533+08:00","Action":"output","Package":"ops-platform/test/integration","Test":"TestAuditSegmentsAppendConcurrentlyRecoverAndVerifyTenantScoped","Output":"=== RUN   TestAuditSegmentsAppendConcurrentlyRecoverAndVerifyTenantScoped\n","OutputType":"frame"}
{"Time":"2026-10-01T17:43:37.197904+08:00","Action":"output","Package":"ops-platform/test/integration","Test":"TestAuditSegmentsAppendConcurrentlyRecoverAndVerifyTenantScoped","Output":"2026/10/01 17:43:37 OK   00001_roles_and_schemas.sql (7.11ms)\n"}
{"Time":"2026-10-01T17:43:37.197953+08:00","Action":"output","Package":"ops-platform/test/integration","Test":"TestAuditSegmentsAppendConcurrentlyRecoverAndVerifyTenantScoped","Output":"2026/10/01 17:43:37 goose: successfully migrated database to version: 1\n"}
{"Time":"2026-10-01T17:43:37.218662+08:00","Action":"output","Package":"ops-platform/test/integration","Test":"TestAuditSegmentsAppendConcurrentlyRecoverAndVerifyTenantScoped","Output":"2026/10/01 17:43:37 OK   00002_platform_meta.sql (14.17ms)\n"}
{"Time":"2026-10-01T17:43:37.224842+08:00","Action":"output","Package":"ops-platform/test/integration","Test":"TestAuditSegmentsAppendConcurrentlyRecoverAndVerifyTenantScoped","Output":"2026/10/01 17:43:37 OK   00003_finding.sql (5.93ms)\n"}
{"Time":"2026-10-01T17:43:37.228839+08:00","Action":"output","Package":"ops-platform/test/integration","Test":"TestAuditSegmentsAppendConcurrentlyRecoverAndVerifyTenantScoped","Output":"2026/10/01 17:43:37 OK   00004_incident.sql (3.86ms)\n"}
{"Time":"2026-10-01T17:43:37.233498+08:00","Action":"output","Package":"ops-platform/test/integration","Test":"TestAuditSegmentsAppendConcurrentlyRecoverAndVerifyTenantScoped","Output":"2026/10/01 17:43:37 OK   00005_investigation.sql (4.55ms)\n"}
{"Time":"2026-10-01T17:43:37.238253+08:00","Action":"output","Package":"ops-platform/test/integration","Test":"TestAuditSegmentsAppendConcurrentlyRecoverAndVerifyTenantScoped","Output":"2026/10/01 17:43:37 OK   00006_action_command.sql (4.53ms)\n"}
{"Time":"2026-10-01T17:43:37.245315+08:00","Action":"output","Package":"ops-platform/test/integration","Test":"TestAuditSegmentsAppendConcurrentlyRecoverAndVerifyTenantScoped","Output":"2026/10/01 17:43:37 OK   00007_audit.sql (6.88ms)\n"}
{"Time":"2026-10-01T17:43:37.251381+08:00","Action":"output","Package":"ops-platform/test/integration","Test":"TestAuditSegmentsAppendConcurrentlyRecoverAndVerifyTenantScoped","Output":"2026/10/01 17:43:37 OK   00008_rls.sql (5.94ms)\n"}
{"Time":"2026-10-01T17:43:37.256732+08:00","Action":"output","Package":"ops-platform/test/integration","Test":"TestAuditSegmentsAppendConcurrentlyRecoverAndVerifyTenantScoped","Output":"2026/10/01 17:43:37 OK   00009_idempotency_ledger.sql (5.18ms)\n"}
{"Time":"2026-10-01T17:43:37.260043+08:00","Action":"output","Package":"ops-platform/test/integration","Test":"TestAuditSegmentsAppendConcurrentlyRecoverAndVerifyTenantScoped","Output":"2026/10/01 17:43:37 OK   00010_tenant_provisioning.sql (3.14ms)\n"}
{"Time":"2026-10-01T17:43:37.264753+08:00","Action":"output","Package":"ops-platform/test/integration","Test":"TestAuditSegmentsAppendConcurrentlyRecoverAndVerifyTenantScoped","Output":"2026/10/01 17:43:37 OK   00011_source_registration_history.sql (4.56ms)\n"}
{"Time":"2026-10-01T17:43:37.271519+08:00","Action":"output","Package":"ops-platform/test/integration","Test":"TestAuditSegmentsAppendConcurrentlyRecoverAndVerifyTenantScoped","Output":"2026/10/01 17:43:37 OK   00012_config_registry_lifecycle.sql (6.56ms)\n"}
{"Time":"2026-10-01T17:43:37.280461+08:00","Action":"output","Package":"ops-platform/test/integration","Test":"TestAuditSegmentsAppendConcurrentlyRecoverAndVerifyTenantScoped","Output":"2026/10/01 17:43:37 OK   00013_audit_signed_segments.sql (8.68ms)\n"}
{"Time":"2026-10-01T17:43:37.284713+08:00","Action":"output","Package":"ops-platform/test/integration","Test":"TestAuditSegmentsAppendConcurrentlyRecoverAndVerifyTenantScoped","Output":"2026/10/01 17:43:37 OK   00014_audit_segment_predecessors.sql (4.08ms)\n"}
{"Time":"2026-10-01T17:43:37.28726+08:00","Action":"output","Package":"ops-platform/test/integration","Test":"TestAuditSegmentsAppendConcurrentlyRecoverAndVerifyTenantScoped","Output":"2026/10/01 17:43:37 OK   00015_source_schema_scope.sql (2.46ms)\n"}
{"Time":"2026-10-01T17:43:37.290707+08:00","Action":"output","Package":"ops-platform/test/integration","Test":"TestAuditSegmentsAppendConcurrentlyRecoverAndVerifyTenantScoped","Output":"2026/10/01 17:43:37 OK   00016_cluster_registration_metadata.sql (3.31ms)\n"}
{"Time":"2026-10-01T17:43:37.2908+08:00","Action":"output","Package":"ops-platform/test/integration","Test":"TestAuditSegmentsAppendConcurrentlyRecoverAndVerifyTenantScoped","Output":"2026/10/01 17:43:37 goose: successfully migrated database to version: 16\n"}
{"Time":"2026-10-01T17:43:39.296733+08:00","Action":"output","Package":"ops-platform/test/integration","Test":"TestAuditSegmentsAppendConcurrentlyRecoverAndVerifyTenantScoped","Output":"--- PASS: TestAuditSegmentsAppendConcurrentlyRecoverAndVerifyTenantScoped (2.14s)\n","OutputType":"frame"}
{"Time":"2026-10-01T17:43:39.297312+08:00","Action":"pass","Package":"ops-platform/test/integration","Test":"TestAuditSegmentsAppendConcurrentlyRecoverAndVerifyTenantScoped","Elapsed":2.14}
{"Time":"2026-10-01T17:43:39.297369+08:00","Action":"run","Package":"ops-platform/test/integration","Test":"TestRoleBindingsAndStepUpSessions"}
{"Time":"2026-10-01T17:43:39.297379+08:00","Action":"output","Package":"ops-platform/test/integration","Test":"TestRoleBindingsAndStepUpSessions","Output":"=== RUN   TestRoleBindingsAndStepUpSessions\n","OutputType":"frame"}
{"Time":"2026-10-01T17:43:39.379983+08:00","Action":"output","Package":"ops-platform/test/integration","Test":"TestRoleBindingsAndStepUpSessions","Output":"2026/10/01 17:43:39 OK   00001_roles_and_schemas.sql (11.64ms)\n"}
{"Time":"2026-10-01T17:43:39.380154+08:00","Action":"output","Package":"ops-platform/test/integration","Test":"TestRoleBindingsAndStepUpSessions","Output":"2026/10/01 17:43:39 goose: successfully migrated database to version: 1\n"}
{"Time":"2026-10-01T17:43:39.413488+08:00","Action":"output","Package":"ops-platform/test/integration","Test":"TestRoleBindingsAndStepUpSessions","Output":"2026/10/01 17:43:39 OK   00002_platform_meta.sql (20.95ms)\n"}
{"Time":"2026-10-01T17:43:39.424041+08:00","Action":"output","Package":"ops-platform/test/integration","Test":"TestRoleBindingsAndStepUpSessions","Output":"2026/10/01 17:43:39 OK   00003_finding.sql (7.85ms)\n"}
{"Time":"2026-10-01T17:43:39.430767+08:00","Action":"output","Package":"ops-platform/test/integration","Test":"TestRoleBindingsAndStepUpSessions","Output":"2026/10/01 17:43:39 OK   00004_incident.sql (6.47ms)\n"}
{"Time":"2026-10-01T17:43:39.440596+08:00","Action":"output","Package":"ops-platform/test/integration","Test":"TestRoleBindingsAndStepUpSessions","Output":"2026/10/01 17:43:39 OK   00005_investigation.sql (9.52ms)\n"}
{"Time":"2026-10-01T17:43:39.450693+08:00","Action":"output","Package":"ops-platform/test/integration","Test":"TestRoleBindingsAndStepUpSessions","Output":"2026/10/01 17:43:39 OK   00006_action_command.sql (9.64ms)\n"}
{"Time":"2026-10-01T17:43:39.462082+08:00","Action":"output","Package":"ops-platform/test/integration","Test":"TestRoleBindingsAndStepUpSessions","Output":"2026/10/01 17:43:39 OK   00007_audit.sql (11.07ms)\n"}
{"Time":"2026-10-01T17:43:39.472932+08:00","Action":"output","Package":"ops-platform/test/integration","Test":"TestRoleBindingsAndStepUpSessions","Output":"2026/10/01 17:43:39 OK   00008_rls.sql (10.6ms)\n"}
{"Time":"2026-10-01T17:43:39.481163+08:00","Action":"output","Package":"ops-platform/test/integration","Test":"TestRoleBindingsAndStepUpSessions","Output":"2026/10/01 17:43:39 OK   00009_idempotency_ledger.sql (7.64ms)\n"}
{"Time":"2026-10-01T17:43:39.490367+08:00","Action":"output","Package":"ops-platform/test/integration","Test":"TestRoleBindingsAndStepUpSessions","Output":"2026/10/01 17:43:39 OK   00010_tenant_provisioning.sql (7.52ms)\n"}
{"Time":"2026-10-01T17:43:39.499509+08:00","Action":"output","Package":"ops-platform/test/integration","Test":"TestRoleBindingsAndStepUpSessions","Output":"2026/10/01 17:43:39 OK   00011_source_registration_history.sql (8.83ms)\n"}
{"Time":"2026-10-01T17:43:39.509293+08:00","Action":"output","Package":"ops-platform/test/integration","Test":"TestRoleBindingsAndStepUpSessions","Output":"2026/10/01 17:43:39 OK   00012_config_registry_lifecycle.sql (9.63ms)\n"}
{"Time":"2026-10-01T17:43:39.521198+08:00","Action":"output","Package":"ops-platform/test/integration","Test":"TestRoleBindingsAndStepUpSessions","Output":"2026/10/01 17:43:39 OK   00013_audit_signed_segments.sql (11.71ms)\n"}
{"Time":"2026-10-01T17:43:39.526144+08:00","Action":"output","Package":"ops-platform/test/integration","Test":"TestRoleBindingsAndStepUpSessions","Output":"2026/10/01 17:43:39 OK   00014_audit_segment_predecessors.sql (4.81ms)\n"}
{"Time":"2026-10-01T17:43:39.528851+08:00","Action":"output","Package":"ops-platform/test/integration","Test":"TestRoleBindingsAndStepUpSessions","Output":"2026/10/01 17:43:39 OK   00015_source_schema_scope.sql (2.63ms)\n"}
{"Time":"2026-10-01T17:43:39.532362+08:00","Action":"output","Package":"ops-platform/test/integration","Test":"TestRoleBindingsAndStepUpSessions","Output":"2026/10/01 17:43:39 OK   00016_cluster_registration_metadata.sql (3.45ms)\n"}
{"Time":"2026-10-01T17:43:39.532376+08:00","Action":"output","Package":"ops-platform/test/integration","Test":"TestRoleBindingsAndStepUpSessions","Output":"2026/10/01 17:43:39 goose: successfully migrated database to version: 16\n"}
{"Time":"2026-10-01T17:43:39.597985+08:00","Action":"output","Package":"ops-platform/test/integration","Test":"TestRoleBindingsAndStepUpSessions","Output":"--- PASS: TestRoleBindingsAndStepUpSessions (0.30s)\n","OutputType":"frame"}
{"Time":"2026-10-01T17:43:39.598063+08:00","Action":"pass","Package":"ops-platform/test/integration","Test":"TestRoleBindingsAndStepUpSessions","Elapsed":0.3}
{"Time":"2026-10-01T17:43:39.598082+08:00","Action":"run","Package":"ops-platform/test/integration","Test":"TestConfigRegistryPublishesActivatesRollsBackAndPreservesHistory"}
{"Time":"2026-10-01T17:43:39.598093+08:00","Action":"output","Package":"ops-platform/test/integration","Test":"TestConfigRegistryPublishesActivatesRollsBackAndPreservesHistory","Output":"=== RUN   TestConfigRegistryPublishesActivatesRollsBackAndPreservesHistory\n","OutputType":"frame"}
{"Time":"2026-10-01T17:43:39.649689+08:00","Action":"output","Package":"ops-platform/test/integration","Test":"TestConfigRegistryPublishesActivatesRollsBackAndPreservesHistory","Output":"2026/10/01 17:43:39 OK   00001_roles_and_schemas.sql (10.47ms)\n"}
{"Time":"2026-10-01T17:43:39.649726+08:00","Action":"output","Package":"ops-platform/test/integration","Test":"TestConfigRegistryPublishesActivatesRollsBackAndPreservesHistory","Output":"2026/10/01 17:43:39 goose: successfully migrated database to version: 1\n"}
{"Time":"2026-10-01T17:43:39.680895+08:00","Action":"output","Package":"ops-platform/test/integration","Test":"TestConfigRegistryPublishesActivatesRollsBackAndPreservesHistory","Output":"2026/10/01 17:43:39 OK   00002_platform_meta.sql (19.31ms)\n"}
{"Time":"2026-10-01T17:43:39.691602+08:00","Action":"output","Package":"ops-platform/test/integration","Test":"TestConfigRegistryPublishesActivatesRollsBackAndPreservesHistory","Output":"2026/10/01 17:43:39 OK   00003_finding.sql (10.47ms)\n"}
{"Time":"2026-10-01T17:43:39.700803+08:00","Action":"output","Package":"ops-platform/test/integration","Test":"TestConfigRegistryPublishesActivatesRollsBackAndPreservesHistory","Output":"2026/10/01 17:43:39 OK   00004_incident.sql (8.81ms)\n"}
{"Time":"2026-10-01T17:43:39.70858+08:00","Action":"output","Package":"ops-platform/test/integration","Test":"TestConfigRegistryPublishesActivatesRollsBackAndPreservesHistory","Output":"2026/10/01 17:43:39 OK   00005_investigation.sql (7.58ms)\n"}
{"Time":"2026-10-01T17:43:39.726513+08:00","Action":"output","Package":"ops-platform/test/integration","Test":"TestConfigRegistryPublishesActivatesRollsBackAndPreservesHistory","Output":"2026/10/01 17:43:39 OK   00006_action_command.sql (17.71ms)\n"}
{"Time":"2026-10-01T17:43:39.738986+08:00","Action":"output","Package":"ops-platform/test/integration","Test":"TestConfigRegistryPublishesActivatesRollsBackAndPreservesHistory","Output":"2026/10/01 17:43:39 OK   00007_audit.sql (12.26ms)\n"}
{"Time":"2026-10-01T17:43:39.748374+08:00","Action":"output","Package":"ops-platform/test/integration","Test":"TestConfigRegistryPublishesActivatesRollsBackAndPreservesHistory","Output":"2026/10/01 17:43:39 OK   00008_rls.sql (9.18ms)\n"}
{"Time":"2026-10-01T17:43:39.756997+08:00","Action":"output","Package":"ops-platform/test/integration","Test":"TestConfigRegistryPublishesActivatesRollsBackAndPreservesHistory","Output":"2026/10/01 17:43:39 OK   00009_idempotency_ledger.sql (8.19ms)\n"}
{"Time":"2026-10-01T17:43:39.762455+08:00","Action":"output","Package":"ops-platform/test/integration","Test":"TestConfigRegistryPublishesActivatesRollsBackAndPreservesHistory","Output":"2026/10/01 17:43:39 OK   00010_tenant_provisioning.sql (5.2ms)\n"}
{"Time":"2026-10-01T17:43:39.768337+08:00","Action":"output","Package":"ops-platform/test/integration","Test":"TestConfigRegistryPublishesActivatesRollsBackAndPreservesHistory","Output":"2026/10/01 17:43:39 OK   00011_source_registration_history.sql (5.61ms)\n"}
{"Time":"2026-10-01T17:43:39.778625+08:00","Action":"output","Package":"ops-platform/test/integration","Test":"TestConfigRegistryPublishesActivatesRollsBackAndPreservesHistory","Output":"2026/10/01 17:43:39 OK   00012_config_registry_lifecycle.sql (9.91ms)\n"}
{"Time":"2026-10-01T17:43:39.790562+08:00","Action":"output","Package":"ops-platform/test/integration","Test":"TestConfigRegistryPublishesActivatesRollsBackAndPreservesHistory","Output":"2026/10/01 17:43:39 OK   00013_audit_signed_segments.sql (11.66ms)\n"}
{"Time":"2026-10-01T17:43:39.799188+08:00","Action":"output","Package":"ops-platform/test/integration","Test":"TestConfigRegistryPublishesActivatesRollsBackAndPreservesHistory","Output":"2026/10/01 17:43:39 OK   00014_audit_segment_predecessors.sql (8.4ms)\n"}
{"Time":"2026-10-01T17:43:39.805393+08:00","Action":"output","Package":"ops-platform/test/integration","Test":"TestConfigRegistryPublishesActivatesRollsBackAndPreservesHistory","Output":"2026/10/01 17:43:39 OK   00015_source_schema_scope.sql (6.11ms)\n"}
{"Time":"2026-10-01T17:43:39.8125+08:00","Action":"output","Package":"ops-platform/test/integration","Test":"TestConfigRegistryPublishesActivatesRollsBackAndPreservesHistory","Output":"2026/10/01 17:43:39 OK   00016_cluster_registration_metadata.sql (7ms)\n"}
{"Time":"2026-10-01T17:43:39.812549+08:00","Action":"output","Package":"ops-platform/test/integration","Test":"TestConfigRegistryPublishesActivatesRollsBackAndPreservesHistory","Output":"2026/10/01 17:43:39 goose: successfully migrated database to version: 16\n"}
{"Time":"2026-10-01T17:43:40.013065+08:00","Action":"output","Package":"ops-platform/test/integration","Test":"TestConfigRegistryPublishesActivatesRollsBackAndPreservesHistory","Output":"--- PASS: TestConfigRegistryPublishesActivatesRollsBackAndPreservesHistory (0.42s)\n","OutputType":"frame"}
{"Time":"2026-10-01T17:43:40.013125+08:00","Action":"pass","Package":"ops-platform/test/integration","Test":"TestConfigRegistryPublishesActivatesRollsBackAndPreservesHistory","Elapsed":0.42}
{"Time":"2026-10-01T17:43:40.013143+08:00","Action":"run","Package":"ops-platform/test/integration","Test":"TestIdempotencyLedgerSchema"}
{"Time":"2026-10-01T17:43:40.013153+08:00","Action":"output","Package":"ops-platform/test/integration","Test":"TestIdempotencyLedgerSchema","Output":"=== RUN   TestIdempotencyLedgerSchema\n","OutputType":"frame"}
{"Time":"2026-10-01T17:43:40.048226+08:00","Action":"output","Package":"ops-platform/test/integration","Test":"TestIdempotencyLedgerSchema","Output":"2026/10/01 17:43:40 OK   00001_roles_and_schemas.sql (6.43ms)\n"}
{"Time":"2026-10-01T17:43:40.048291+08:00","Action":"output","Package":"ops-platform/test/integration","Test":"TestIdempotencyLedgerSchema","Output":"2026/10/01 17:43:40 goose: successfully migrated database to version: 1\n"}
{"Time":"2026-10-01T17:43:40.067018+08:00","Action":"output","Package":"ops-platform/test/integration","Test":"TestIdempotencyLedgerSchema","Output":"2026/10/01 17:43:40 OK   00002_platform_meta.sql (13.31ms)\n"}
{"Time":"2026-10-01T17:43:40.072977+08:00","Action":"output","Package":"ops-platform/test/integration","Test":"TestIdempotencyLedgerSchema","Output":"2026/10/01 17:43:40 OK   00003_finding.sql (5.75ms)\n"}
{"Time":"2026-10-01T17:43:40.07715+08:00","Action":"output","Package":"ops-platform/test/integration","Test":"TestIdempotencyLedgerSchema","Output":"2026/10/01 17:43:40 OK   00004_incident.sql (4.01ms)\n"}
{"Time":"2026-10-01T17:43:40.082252+08:00","Action":"output","Package":"ops-platform/test/integration","Test":"TestIdempotencyLedgerSchema","Output":"2026/10/01 17:43:40 OK   00005_investigation.sql (4.68ms)\n"}
{"Time":"2026-10-01T17:43:40.086556+08:00","Action":"output","Package":"ops-platform/test/integration","Test":"TestIdempotencyLedgerSchema","Output":"2026/10/01 17:43:40 OK   00006_action_command.sql (4.15ms)\n"}
{"Time":"2026-10-01T17:43:40.093041+08:00","Action":"output","Package":"ops-platform/test/integration","Test":"TestIdempotencyLedgerSchema","Output":"2026/10/01 17:43:40 OK   00007_audit.sql (6.33ms)\n"}
{"Time":"2026-10-01T17:43:40.099354+08:00","Action":"output","Package":"ops-platform/test/integration","Test":"TestIdempotencyLedgerSchema","Output":"2026/10/01 17:43:40 OK   00008_rls.sql (6.19ms)\n"}
{"Time":"2026-10-01T17:43:40.104677+08:00","Action":"output","Package":"ops-platform/test/integration","Test":"TestIdempotencyLedgerSchema","Output":"2026/10/01 17:43:40 OK   00009_idempotency_ledger.sql (5.16ms)\n"}
{"Time":"2026-10-01T17:43:40.10841+08:00","Action":"output","Package":"ops-platform/test/integration","Test":"TestIdempotencyLedgerSchema","Output":"2026/10/01 17:43:40 OK   00010_tenant_provisioning.sql (3.61ms)\n"}
{"Time":"2026-10-01T17:43:40.113253+08:00","Action":"output","Package":"ops-platform/test/integration","Test":"TestIdempotencyLedgerSchema","Output":"2026/10/01 17:43:40 OK   00011_source_registration_history.sql (4.62ms)\n"}
{"Time":"2026-10-01T17:43:40.119674+08:00","Action":"output","Package":"ops-platform/test/integration","Test":"TestIdempotencyLedgerSchema","Output":"2026/10/01 17:43:40 OK   00012_config_registry_lifecycle.sql (6.27ms)\n"}
{"Time":"2026-10-01T17:43:40.127362+08:00","Action":"output","Package":"ops-platform/test/integration","Test":"TestIdempotencyLedgerSchema","Output":"2026/10/01 17:43:40 OK   00013_audit_signed_segments.sql (7.48ms)\n"}
{"Time":"2026-10-01T17:43:40.131758+08:00","Action":"output","Package":"ops-platform/test/integration","Test":"TestIdempotencyLedgerSchema","Output":"2026/10/01 17:43:40 OK   00014_audit_segment_predecessors.sql (4.24ms)\n"}
{"Time":"2026-10-01T17:43:40.133629+08:00","Action":"output","Package":"ops-platform/test/integration","Test":"TestIdempotencyLedgerSchema","Output":"2026/10/01 17:43:40 OK   00015_source_schema_scope.sql (1.74ms)\n"}
{"Time":"2026-10-01T17:43:40.136481+08:00","Action":"output","Package":"ops-platform/test/integration","Test":"TestIdempotencyLedgerSchema","Output":"2026/10/01 17:43:40 OK   00016_cluster_registration_metadata.sql (2.71ms)\n"}
{"Time":"2026-10-01T17:43:40.13655+08:00","Action":"output","Package":"ops-platform/test/integration","Test":"TestIdempotencyLedgerSchema","Output":"2026/10/01 17:43:40 goose: successfully migrated database to version: 16\n"}
{"Time":"2026-10-01T17:43:40.171288+08:00","Action":"output","Package":"ops-platform/test/integration","Test":"TestIdempotencyLedgerSchema","Output":"--- PASS: TestIdempotencyLedgerSchema (0.16s)\n","OutputType":"frame"}
{"Time":"2026-10-01T17:43:40.171341+08:00","Action":"pass","Package":"ops-platform/test/integration","Test":"TestIdempotencyLedgerSchema","Elapsed":0.16}
{"Time":"2026-10-01T17:43:40.171358+08:00","Action":"run","Package":"ops-platform/test/integration","Test":"TestIdempotencyLedger"}
{"Time":"2026-10-01T17:43:40.171365+08:00","Action":"output","Package":"ops-platform/test/integration","Test":"TestIdempotencyLedger","Output":"=== RUN   TestIdempotencyLedger\n","OutputType":"frame"}
{"Time":"2026-10-01T17:43:40.213688+08:00","Action":"output","Package":"ops-platform/test/integration","Test":"TestIdempotencyLedger","Output":"2026/10/01 17:43:40 OK   00001_roles_and_schemas.sql (7.22ms)\n"}
{"Time":"2026-10-01T17:43:40.213736+08:00","Action":"output","Package":"ops-platform/test/integration","Test":"TestIdempotencyLedger","Output":"2026/10/01 17:43:40 goose: successfully migrated database to version: 1\n"}
{"Time":"2026-10-01T17:43:40.235693+08:00","Action":"output","Package":"ops-platform/test/integration","Test":"TestIdempotencyLedger","Output":"2026/10/01 17:43:40 OK   00002_platform_meta.sql (14.38ms)\n"}
{"Time":"2026-10-01T17:43:40.242103+08:00","Action":"output","Package":"ops-platform/test/integration","Test":"TestIdempotencyLedger","Output":"2026/10/01 17:43:40 OK   00003_finding.sql (6.22ms)\n"}
{"Time":"2026-10-01T17:43:40.246597+08:00","Action":"output","Package":"ops-platform/test/integration","Test":"TestIdempotencyLedger","Output":"2026/10/01 17:43:40 OK   00004_incident.sql (4.33ms)\n"}
{"Time":"2026-10-01T17:43:40.251443+08:00","Action":"output","Package":"ops-platform/test/integration","Test":"TestIdempotencyLedger","Output":"2026/10/01 17:43:40 OK   00005_investigation.sql (4.71ms)\n"}
{"Time":"2026-10-01T17:43:40.256698+08:00","Action":"output","Package":"ops-platform/test/integration","Test":"TestIdempotencyLedger","Output":"2026/10/01 17:43:40 OK   00006_action_command.sql (5.06ms)\n"}
{"Time":"2026-10-01T17:43:40.265292+08:00","Action":"output","Package":"ops-platform/test/integration","Test":"TestIdempotencyLedger","Output":"2026/10/01 17:43:40 OK   00007_audit.sql (8.3ms)\n"}
{"Time":"2026-10-01T17:43:40.272932+08:00","Action":"output","Package":"ops-platform/test/integration","Test":"TestIdempotencyLedger","Output":"2026/10/01 17:43:40 OK   00008_rls.sql (7.4ms)\n"}
{"Time":"2026-10-01T17:43:40.279507+08:00","Action":"output","Package":"ops-platform/test/integration","Test":"TestIdempotencyLedger","Output":"2026/10/01 17:43:40 OK   00009_idempotency_ledger.sql (6.31ms)\n"}
{"Time":"2026-10-01T17:43:40.284245+08:00","Action":"output","Package":"ops-platform/test/integration","Test":"TestIdempotencyLedger","Output":"2026/10/01 17:43:40 OK   00010_tenant_provisioning.sql (4.57ms)\n"}
{"Time":"2026-10-01T17:43:40.289855+08:00","Action":"output","Package":"ops-platform/test/integration","Test":"TestIdempotencyLedger","Output":"2026/10/01 17:43:40 OK   00011_source_registration_history.sql (5.44ms)\n"}
{"Time":"2026-10-01T17:43:40.298112+08:00","Action":"output","Package":"ops-platform/test/integration","Test":"TestIdempotencyLedger","Output":"2026/10/01 17:43:40 OK   00012_config_registry_lifecycle.sql (7.85ms)\n"}
{"Time":"2026-10-01T17:43:40.308742+08:00","Action":"output","Package":"ops-platform/test/integration","Test":"TestIdempotencyLedger","Output":"2026/10/01 17:43:40 OK   00013_audit_signed_segments.sql (10.35ms)\n"}
{"Time":"2026-10-01T17:43:40.314+08:00","Action":"output","Package":"ops-platform/test/integration","Test":"TestIdempotencyLedger","Output":"2026/10/01 17:43:40 OK   00014_audit_segment_predecessors.sql (5.09ms)\n"}
{"Time":"2026-10-01T17:43:40.317066+08:00","Action":"output","Package":"ops-platform/test/integration","Test":"TestIdempotencyLedger","Output":"2026/10/01 17:43:40 OK   00015_source_schema_scope.sql (2.94ms)\n"}
{"Time":"2026-10-01T17:43:40.320954+08:00","Action":"output","Package":"ops-platform/test/integration","Test":"TestIdempotencyLedger","Output":"2026/10/01 17:43:40 OK   00016_cluster_registration_metadata.sql (3.74ms)\n"}
{"Time":"2026-10-01T17:43:40.321004+08:00","Action":"output","Package":"ops-platform/test/integration","Test":"TestIdempotencyLedger","Output":"2026/10/01 17:43:40 goose: successfully migrated database to version: 16\n"}
{"Time":"2026-10-01T17:43:40.4446+08:00","Action":"output","Package":"ops-platform/test/integration","Test":"TestIdempotencyLedger","Output":"--- PASS: TestIdempotencyLedger (0.27s)\n","OutputType":"frame"}
{"Time":"2026-10-01T17:43:40.444663+08:00","Action":"pass","Package":"ops-platform/test/integration","Test":"TestIdempotencyLedger","Elapsed":0.27}
{"Time":"2026-10-01T17:43:40.444681+08:00","Action":"run","Package":"ops-platform/test/integration","Test":"TestIdempotencyHTTPMiddleware"}
{"Time":"2026-10-01T17:43:40.444688+08:00","Action":"output","Package":"ops-platform/test/integration","Test":"TestIdempotencyHTTPMiddleware","Output":"=== RUN   TestIdempotencyHTTPMiddleware\n","OutputType":"frame"}
{"Time":"2026-10-01T17:43:40.48115+08:00","Action":"output","Package":"ops-platform/test/integration","Test":"TestIdempotencyHTTPMiddleware","Output":"2026/10/01 17:43:40 OK   00001_roles_and_schemas.sql (7.08ms)\n"}
{"Time":"2026-10-01T17:43:40.48124+08:00","Action":"output","Package":"ops-platform/test/integration","Test":"TestIdempotencyHTTPMiddleware","Output":"2026/10/01 17:43:40 goose: successfully migrated database to version: 1\n"}
{"Time":"2026-10-01T17:43:40.505102+08:00","Action":"output","Package":"ops-platform/test/integration","Test":"TestIdempotencyHTTPMiddleware","Output":"2026/10/01 17:43:40 OK   00002_platform_meta.sql (15.6ms)\n"}
{"Time":"2026-10-01T17:43:40.512102+08:00","Action":"output","Package":"ops-platform/test/integration","Test":"TestIdempotencyHTTPMiddleware","Output":"2026/10/01 17:43:40 OK   00003_finding.sql (6.28ms)\n"}
{"Time":"2026-10-01T17:43:40.516434+08:00","Action":"output","Package":"ops-platform/test/integration","Test":"TestIdempotencyHTTPMiddleware","Output":"2026/10/01 17:43:40 OK   00004_incident.sql (4.18ms)\n"}
{"Time":"2026-10-01T17:43:40.521331+08:00","Action":"output","Package":"ops-platform/test/integration","Test":"TestIdempotencyHTTPMiddleware","Output":"2026/10/01 17:43:40 OK   00005_investigation.sql (4.74ms)\n"}
{"Time":"2026-10-01T17:43:40.526215+08:00","Action":"output","Package":"ops-platform/test/integration","Test":"TestIdempotencyHTTPMiddleware","Output":"2026/10/01 17:43:40 OK   00006_action_command.sql (4.71ms)\n"}
{"Time":"2026-10-01T17:43:40.534034+08:00","Action":"output","Package":"ops-platform/test/integration","Test":"TestIdempotencyHTTPMiddleware","Output":"2026/10/01 17:43:40 OK   00007_audit.sql (7.62ms)\n"}
{"Time":"2026-10-01T17:43:40.541683+08:00","Action":"output","Package":"ops-platform/test/integration","Test":"TestIdempotencyHTTPMiddleware","Output":"2026/10/01 17:43:40 OK   00008_rls.sql (7.45ms)\n"}
{"Time":"2026-10-01T17:43:40.547579+08:00","Action":"output","Package":"ops-platform/test/integration","Test":"TestIdempotencyHTTPMiddleware","Output":"2026/10/01 17:43:40 OK   00009_idempotency_ledger.sql (5.72ms)\n"}
{"Time":"2026-10-01T17:43:40.551728+08:00","Action":"output","Package":"ops-platform/test/integration","Test":"TestIdempotencyHTTPMiddleware","Output":"2026/10/01 17:43:40 OK   00010_tenant_provisioning.sql (3.98ms)\n"}
{"Time":"2026-10-01T17:43:40.556857+08:00","Action":"output","Package":"ops-platform/test/integration","Test":"TestIdempotencyHTTPMiddleware","Output":"2026/10/01 17:43:40 OK   00011_source_registration_history.sql (4.95ms)\n"}
{"Time":"2026-10-01T17:43:40.564663+08:00","Action":"output","Package":"ops-platform/test/integration","Test":"TestIdempotencyHTTPMiddleware","Output":"2026/10/01 17:43:40 OK   00012_config_registry_lifecycle.sql (7.58ms)\n"}
{"Time":"2026-10-01T17:43:40.574601+08:00","Action":"output","Package":"ops-platform/test/integration","Test":"TestIdempotencyHTTPMiddleware","Output":"2026/10/01 17:43:40 OK   00013_audit_signed_segments.sql (9.66ms)\n"}
{"Time":"2026-10-01T17:43:40.580664+08:00","Action":"output","Package":"ops-platform/test/integration","Test":"TestIdempotencyHTTPMiddleware","Output":"2026/10/01 17:43:40 OK   00014_audit_segment_predecessors.sql (5.85ms)\n"}
{"Time":"2026-10-01T17:43:40.586713+08:00","Action":"output","Package":"ops-platform/test/integration","Test":"TestIdempotencyHTTPMiddleware","Output":"2026/10/01 17:43:40 OK   00015_source_schema_scope.sql (5.89ms)\n"}
{"Time":"2026-10-01T17:43:40.59141+08:00","Action":"output","Package":"ops-platform/test/integration","Test":"TestIdempotencyHTTPMiddleware","Output":"2026/10/01 17:43:40 OK   00016_cluster_registration_metadata.sql (4.44ms)\n"}
{"Time":"2026-10-01T17:43:40.591461+08:00","Action":"output","Package":"ops-platform/test/integration","Test":"TestIdempotencyHTTPMiddleware","Output":"2026/10/01 17:43:40 goose: successfully migrated database to version: 16\n"}
{"Time":"2026-10-01T17:43:40.666227+08:00","Action":"output","Package":"ops-platform/test/integration","Test":"TestIdempotencyHTTPMiddleware","Output":"--- PASS: TestIdempotencyHTTPMiddleware (0.22s)\n","OutputType":"frame"}
{"Time":"2026-10-01T17:43:40.666283+08:00","Action":"pass","Package":"ops-platform/test/integration","Test":"TestIdempotencyHTTPMiddleware","Elapsed":0.22}
{"Time":"2026-10-01T17:43:40.666303+08:00","Action":"run","Package":"ops-platform/test/integration","Test":"TestKeycloakAuthorizationCodePKCEAndStepUp"}
{"Time":"2026-10-01T17:43:40.66631+08:00","Action":"output","Package":"ops-platform/test/integration","Test":"TestKeycloakAuthorizationCodePKCEAndStepUp","Output":"=== RUN   TestKeycloakAuthorizationCodePKCEAndStepUp\n","OutputType":"frame"}
{"Time":"2026-10-01T17:44:00.306836+08:00","Action":"output","Package":"ops-platform/test/integration","Test":"TestKeycloakAuthorizationCodePKCEAndStepUp","Output":"2026/10/01 17:44:00 OK   00001_roles_and_schemas.sql (8.63ms)\n"}
{"Time":"2026-10-01T17:44:00.307157+08:00","Action":"output","Package":"ops-platform/test/integration","Test":"TestKeycloakAuthorizationCodePKCEAndStepUp","Output":"2026/10/01 17:44:00 goose: successfully migrated database to version: 1\n"}
{"Time":"2026-10-01T17:44:00.330674+08:00","Action":"output","Package":"ops-platform/test/integration","Test":"TestKeycloakAuthorizationCodePKCEAndStepUp","Output":"2026/10/01 17:44:00 OK   00002_platform_meta.sql (14.77ms)\n"}
{"Time":"2026-10-01T17:44:00.338405+08:00","Action":"output","Package":"ops-platform/test/integration","Test":"TestKeycloakAuthorizationCodePKCEAndStepUp","Output":"2026/10/01 17:44:00 OK   00003_finding.sql (7.59ms)\n"}
{"Time":"2026-10-01T17:44:00.343966+08:00","Action":"output","Package":"ops-platform/test/integration","Test":"TestKeycloakAuthorizationCodePKCEAndStepUp","Output":"2026/10/01 17:44:00 OK   00004_incident.sql (5.52ms)\n"}
{"Time":"2026-10-01T17:44:00.350435+08:00","Action":"output","Package":"ops-platform/test/integration","Test":"TestKeycloakAuthorizationCodePKCEAndStepUp","Output":"2026/10/01 17:44:00 OK   00005_investigation.sql (6.39ms)\n"}
{"Time":"2026-10-01T17:44:00.355581+08:00","Action":"output","Package":"ops-platform/test/integration","Test":"TestKeycloakAuthorizationCodePKCEAndStepUp","Output":"2026/10/01 17:44:00 OK   00006_action_command.sql (5ms)\n"}
{"Time":"2026-10-01T17:44:00.364043+08:00","Action":"output","Package":"ops-platform/test/integration","Test":"TestKeycloakAuthorizationCodePKCEAndStepUp","Output":"2026/10/01 17:44:00 OK   00007_audit.sql (7.96ms)\n"}
{"Time":"2026-10-01T17:44:00.371555+08:00","Action":"output","Package":"ops-platform/test/integration","Test":"TestKeycloakAuthorizationCodePKCEAndStepUp","Output":"2026/10/01 17:44:00 OK   00008_rls.sql (7.32ms)\n"}
{"Time":"2026-10-01T17:44:00.377597+08:00","Action":"output","Package":"ops-platform/test/integration","Test":"TestKeycloakAuthorizationCodePKCEAndStepUp","Output":"2026/10/01 17:44:00 OK   00009_idempotency_ledger.sql (5.83ms)\n"}
{"Time":"2026-10-01T17:44:00.381553+08:00","Action":"output","Package":"ops-platform/test/integration","Test":"TestKeycloakAuthorizationCodePKCEAndStepUp","Output":"2026/10/01 17:44:00 OK   00010_tenant_provisioning.sql (3.79ms)\n"}
{"Time":"2026-10-01T17:44:00.386733+08:00","Action":"output","Package":"ops-platform/test/integration","Test":"TestKeycloakAuthorizationCodePKCEAndStepUp","Output":"2026/10/01 17:44:00 OK   00011_source_registration_history.sql (5.04ms)\n"}
{"Time":"2026-10-01T17:44:00.393785+08:00","Action":"output","Package":"ops-platform/test/integration","Test":"TestKeycloakAuthorizationCodePKCEAndStepUp","Output":"2026/10/01 17:44:00 OK   00012_config_registry_lifecycle.sql (6.87ms)\n"}
{"Time":"2026-10-01T17:44:00.402595+08:00","Action":"output","Package":"ops-platform/test/integration","Test":"TestKeycloakAuthorizationCodePKCEAndStepUp","Output":"2026/10/01 17:44:00 OK   00013_audit_signed_segments.sql (8.58ms)\n"}
{"Time":"2026-10-01T17:44:00.406701+08:00","Action":"output","Package":"ops-platform/test/integration","Test":"TestKeycloakAuthorizationCodePKCEAndStepUp","Output":"2026/10/01 17:44:00 OK   00014_audit_segment_predecessors.sql (3.97ms)\n"}
{"Time":"2026-10-01T17:44:00.40972+08:00","Action":"output","Package":"ops-platform/test/integration","Test":"TestKeycloakAuthorizationCodePKCEAndStepUp","Output":"2026/10/01 17:44:00 OK   00015_source_schema_scope.sql (2.86ms)\n"}
{"Time":"2026-10-01T17:44:00.413477+08:00","Action":"output","Package":"ops-platform/test/integration","Test":"TestKeycloakAuthorizationCodePKCEAndStepUp","Output":"2026/10/01 17:44:00 OK   00016_cluster_registration_metadata.sql (3.67ms)\n"}
{"Time":"2026-10-01T17:44:00.413605+08:00","Action":"output","Package":"ops-platform/test/integration","Test":"TestKeycloakAuthorizationCodePKCEAndStepUp","Output":"2026/10/01 17:44:00 goose: successfully migrated database to version: 16\n"}
{"Time":"2026-10-01T17:44:00.449345+08:00","Action":"output","Package":"ops-platform/test/integration","Test":"TestKeycloakAuthorizationCodePKCEAndStepUp","Output":"{\"time\":\"2026-10-01T17:44:00.449294+08:00\",\"level\":\"INFO\",\"msg\":\"http request complete\",\"request_id\":\"01a0f6d9-70bc-7e2c-a350-4b35c00f6dd3\",\"trace_id\":\"4bf92f3577b34da6a3ce929d0e0e4736\",\"span_id\":\"9ab5d85e327ab138\",\"method\":\"GET\",\"status_code\":200,\"duration_ms\":4}\n"}
{"Time":"2026-10-01T17:44:00.451179+08:00","Action":"output","Package":"ops-platform/test/integration","Test":"TestKeycloakAuthorizationCodePKCEAndStepUp","Output":"{\"time\":\"2026-10-01T17:44:00.451154+08:00\",\"level\":\"INFO\",\"msg\":\"http request complete\",\"request_id\":\"01a0f6d9-70c1-76ce-8795-f6682fe7feaf\",\"trace_id\":\"4bf92f3577b34da6a3ce929d0e0e4736\",\"span_id\":\"b2014fb962af2989\",\"method\":\"GET\",\"status_code\":200,\"duration_ms\":1}\n"}
{"Time":"2026-10-01T17:44:00.453026+08:00","Action":"output","Package":"ops-platform/test/integration","Test":"TestKeycloakAuthorizationCodePKCEAndStepUp","Output":"{\"time\":\"2026-10-01T17:44:00.453004+08:00\",\"level\":\"INFO\",\"msg\":\"http request complete\",\"request_id\":\"01a0f6d9-70c3-7497-8449-31f14ce7fd93\",\"trace_id\":\"4bf92f3577b34da6a3ce929d0e0e4736\",\"span_id\":\"1785eee947c7ea7c\",\"method\":\"GET\",\"status_code\":200,\"duration_ms\":1}\n"}
{"Time":"2026-10-01T17:44:00.454839+08:00","Action":"output","Package":"ops-platform/test/integration","Test":"TestKeycloakAuthorizationCodePKCEAndStepUp","Output":"{\"time\":\"2026-10-01T17:44:00.454822+08:00\",\"level\":\"INFO\",\"msg\":\"http request complete\",\"request_id\":\"01a0f6d9-70c5-71fb-86d0-758aac6a854c\",\"trace_id\":\"4bf92f3577b34da6a3ce929d0e0e4736\",\"span_id\":\"99fa60dfaa4523e1\",\"method\":\"GET\",\"status_code\":200,\"duration_ms\":1}\n"}
{"Time":"2026-10-01T17:44:00.456185+08:00","Action":"output","Package":"ops-platform/test/integration","Test":"TestKeycloakAuthorizationCodePKCEAndStepUp","Output":"{\"time\":\"2026-10-01T17:44:00.456164+08:00\",\"level\":\"INFO\",\"msg\":\"http request complete\",\"request_id\":\"01a0f6d9-70c6-7e30-aadb-405c195e436f\",\"trace_id\":\"4bf92f3577b34da6a3ce929d0e0e4736\",\"span_id\":\"2d66dd8a1fb54dcf\",\"method\":\"GET\",\"status_code\":200,\"duration_ms\":1}\n"}
{"Time":"2026-10-01T17:44:00.457526+08:00","Action":"output","Package":"ops-platform/test/integration","Test":"TestKeycloakAuthorizationCodePKCEAndStepUp","Output":"{\"time\":\"2026-10-01T17:44:00.45751+08:00\",\"level\":\"INFO\",\"msg\":\"http request complete\",\"request_id\":\"01a0f6d9-70c8-74ca-8303-ab95a0acd2a5\",\"trace_id\":\"4bf92f3577b34da6a3ce929d0e0e4736\",\"span_id\":\"adeb4167cc7bdbd0\",\"method\":\"GET\",\"status_code\":200,\"duration_ms\":1}\n"}
{"Time":"2026-10-01T17:44:00.467374+08:00","Action":"output","Package":"ops-platform/test/integration","Test":"TestKeycloakAuthorizationCodePKCEAndStepUp","Output":"{\"time\":\"2026-10-01T17:44:00.467354+08:00\",\"level\":\"INFO\",\"msg\":\"http request complete\",\"request_id\":\"01a0f6d9-70c9-796a-b218-bcd31e94210d\",\"trace_id\":\"e8b02c4fc0f2c43e2eeced1312dd840a\",\"span_id\":\"671553df32a12147\",\"method\":\"POST\",\"status_code\":201,\"duration_ms\":9}\n"}
{"Time":"2026-10-01T17:44:00.471067+08:00","Action":"output","Package":"ops-platform/test/integration","Test":"TestKeycloakAuthorizationCodePKCEAndStepUp","Output":"{\"time\":\"2026-10-01T17:44:00.471046+08:00\",\"level\":\"INFO\",\"msg\":\"http request complete\",\"request_id\":\"01a0f6d9-70d3-775a-a7c7-ada2ada61608\",\"trace_id\":\"0581e60db8b34f292ee6bbdb3c4d6217\",\"span_id\":\"be490d1f38e134cd\",\"method\":\"POST\",\"status_code\":201,\"duration_ms\":3}\n"}
{"Time":"2026-10-01T17:44:00.471137+08:00","Action":"output","Package":"ops-platform/test/integration","Test":"TestKeycloakAuthorizationCodePKCEAndStepUp","Output":"    keycloak_test.go:155: actual APIApp served six management routes and replayed claim-bound step-up using real Keycloak JWT and distinct database login\n"}
{"Time":"2026-10-01T17:44:00.471745+08:00","Action":"output","Package":"ops-platform/test/integration","Test":"TestKeycloakAuthorizationCodePKCEAndStepUp","Output":"{\"time\":\"2026-10-01T17:44:00.471726+08:00\",\"level\":\"WARN\",\"msg\":\"trace export failed\",\"signal\":\"traces\"}\n"}
{"Time":"2026-10-01T17:44:00.472982+08:00","Action":"output","Package":"ops-platform/test/integration","Test":"TestKeycloakAuthorizationCodePKCEAndStepUp","Output":"{\"time\":\"2026-10-01T17:44:00.472962+08:00\",\"level\":\"INFO\",\"msg\":\"http request complete\",\"request_id\":\"01a0f6d9-70d7-7bf2-9a25-d17094f194be\",\"trace_id\":\"073c303f0f1da1b0bc5cd9d967e7a941\",\"span_id\":\"b8b44706da441a4d\",\"method\":\"GET\",\"status_code\":200,\"duration_ms\":1}\n"}
{"Time":"2026-10-01T17:44:00.473031+08:00","Action":"output","Package":"ops-platform/test/integration","Test":"TestKeycloakAuthorizationCodePKCEAndStepUp","Output":"    keycloak_test.go:155: actual OTLP connection refusal reported degradation; authenticated management read continued\n"}
{"Time":"2026-10-01T17:44:01.50484+08:00","Action":"output","Package":"ops-platform/test/integration","Test":"TestKeycloakAuthorizationCodePKCEAndStepUp","Output":"    keycloak_test.go:155: actual authenticated API stdout collected and queried in isolated VictoriaLogs\n"}
{"Time":"2026-10-01T17:44:01.623313+08:00","Action":"output","Package":"ops-platform/test/integration","Test":"TestKeycloakAuthorizationCodePKCEAndStepUp","Output":"--- PASS: TestKeycloakAuthorizationCodePKCEAndStepUp (20.96s)\n","OutputType":"frame"}
{"Time":"2026-10-01T17:44:01.623407+08:00","Action":"pass","Package":"ops-platform/test/integration","Test":"TestKeycloakAuthorizationCodePKCEAndStepUp","Elapsed":20.96}
{"Time":"2026-10-01T17:44:01.623437+08:00","Action":"run","Package":"ops-platform/test/integration","Test":"TestFailedForwardMigrationRollsBackAndCanRecover"}
{"Time":"2026-10-01T17:44:01.623456+08:00","Action":"output","Package":"ops-platform/test/integration","Test":"TestFailedForwardMigrationRollsBackAndCanRecover","Output":"=== RUN   TestFailedForwardMigrationRollsBackAndCanRecover\n","OutputType":"frame"}
{"Time":"2026-10-01T17:44:01.676922+08:00","Action":"output","Package":"ops-platform/test/integration","Test":"TestFailedForwardMigrationRollsBackAndCanRecover","Output":"2026/10/01 17:44:01 OK   00001_roles_and_schemas.sql (9.05ms)\n"}
{"Time":"2026-10-01T17:44:01.67703+08:00","Action":"output","Package":"ops-platform/test/integration","Test":"TestFailedForwardMigrationRollsBackAndCanRecover","Output":"2026/10/01 17:44:01 goose: successfully migrated database to version: 1\n"}
{"Time":"2026-10-01T17:44:01.700407+08:00","Action":"output","Package":"ops-platform/test/integration","Test":"TestFailedForwardMigrationRollsBackAndCanRecover","Output":"2026/10/01 17:44:01 OK   00002_platform_meta.sql (14.69ms)\n"}
{"Time":"2026-10-01T17:44:01.707694+08:00","Action":"output","Package":"ops-platform/test/integration","Test":"TestFailedForwardMigrationRollsBackAndCanRecover","Output":"2026/10/01 17:44:01 OK   00003_finding.sql (7.03ms)\n"}
{"Time":"2026-10-01T17:44:01.713611+08:00","Action":"output","Package":"ops-platform/test/integration","Test":"TestFailedForwardMigrationRollsBackAndCanRecover","Output":"2026/10/01 17:44:01 OK   00004_incident.sql (5.63ms)\n"}
{"Time":"2026-10-01T17:44:01.720269+08:00","Action":"output","Package":"ops-platform/test/integration","Test":"TestFailedForwardMigrationRollsBackAndCanRecover","Output":"2026/10/01 17:44:01 OK   00005_investigation.sql (6.35ms)\n"}
{"Time":"2026-10-01T17:44:01.725787+08:00","Action":"output","Package":"ops-platform/test/integration","Test":"TestFailedForwardMigrationRollsBackAndCanRecover","Output":"2026/10/01 17:44:01 OK   00006_action_command.sql (5.24ms)\n"}
{"Time":"2026-10-01T17:44:01.734073+08:00","Action":"output","Package":"ops-platform/test/integration","Test":"TestFailedForwardMigrationRollsBackAndCanRecover","Output":"2026/10/01 17:44:01 OK   00007_audit.sql (7.95ms)\n"}
{"Time":"2026-10-01T17:44:01.74239+08:00","Action":"output","Package":"ops-platform/test/integration","Test":"TestFailedForwardMigrationRollsBackAndCanRecover","Output":"2026/10/01 17:44:01 OK   00008_rls.sql (8.05ms)\n"}
{"Time":"2026-10-01T17:44:01.748896+08:00","Action":"output","Package":"ops-platform/test/integration","Test":"TestFailedForwardMigrationRollsBackAndCanRecover","Output":"2026/10/01 17:44:01 OK   00009_idempotency_ledger.sql (6.23ms)\n"}
{"Time":"2026-10-01T17:44:01.753017+08:00","Action":"output","Package":"ops-platform/test/integration","Test":"TestFailedForwardMigrationRollsBackAndCanRecover","Output":"2026/10/01 17:44:01 OK   00010_tenant_provisioning.sql (3.95ms)\n"}
{"Time":"2026-10-01T17:44:01.758614+08:00","Action":"output","Package":"ops-platform/test/integration","Test":"TestFailedForwardMigrationRollsBackAndCanRecover","Output":"2026/10/01 17:44:01 OK   00011_source_registration_history.sql (5.41ms)\n"}
{"Time":"2026-10-01T17:44:01.766541+08:00","Action":"output","Package":"ops-platform/test/integration","Test":"TestFailedForwardMigrationRollsBackAndCanRecover","Output":"2026/10/01 17:44:01 OK   00012_config_registry_lifecycle.sql (7.66ms)\n"}
{"Time":"2026-10-01T17:44:01.776033+08:00","Action":"output","Package":"ops-platform/test/integration","Test":"TestFailedForwardMigrationRollsBackAndCanRecover","Output":"2026/10/01 17:44:01 OK   00013_audit_signed_segments.sql (9.17ms)\n"}
{"Time":"2026-10-01T17:44:01.780196+08:00","Action":"output","Package":"ops-platform/test/integration","Test":"TestFailedForwardMigrationRollsBackAndCanRecover","Output":"2026/10/01 17:44:01 OK   00014_audit_segment_predecessors.sql (3.95ms)\n"}
{"Time":"2026-10-01T17:44:01.783321+08:00","Action":"output","Package":"ops-platform/test/integration","Test":"TestFailedForwardMigrationRollsBackAndCanRecover","Output":"2026/10/01 17:44:01 OK   00015_source_schema_scope.sql (2.99ms)\n"}
{"Time":"2026-10-01T17:44:01.787614+08:00","Action":"output","Package":"ops-platform/test/integration","Test":"TestFailedForwardMigrationRollsBackAndCanRecover","Output":"2026/10/01 17:44:01 OK   00016_cluster_registration_metadata.sql (4.01ms)\n"}
{"Time":"2026-10-01T17:44:01.787668+08:00","Action":"output","Package":"ops-platform/test/integration","Test":"TestFailedForwardMigrationRollsBackAndCanRecover","Output":"2026/10/01 17:44:01 goose: successfully migrated database to version: 16\n"}
{"Time":"2026-10-01T17:44:01.810438+08:00","Action":"output","Package":"ops-platform/test/integration","Test":"TestFailedForwardMigrationRollsBackAndCanRecover","Output":"2026/10/01 17:44:01 OK   00017_review_failure.sql (2.24ms)\n"}
{"Time":"2026-10-01T17:44:01.810485+08:00","Action":"output","Package":"ops-platform/test/integration","Test":"TestFailedForwardMigrationRollsBackAndCanRecover","Output":"2026/10/01 17:44:01 goose: successfully migrated database to version: 17\n"}
{"Time":"2026-10-01T17:44:01.810498+08:00","Action":"output","Package":"ops-platform/test/integration","Test":"TestFailedForwardMigrationRollsBackAndCanRecover","Output":"    migration_recovery_test.go:71: deliberate SQL division-by-zero rolled back DDL/version; corrected unapplied forward migration succeeded as migration_role\n"}
{"Time":"2026-10-01T17:44:01.853024+08:00","Action":"output","Package":"ops-platform/test/integration","Test":"TestFailedForwardMigrationRollsBackAndCanRecover","Output":"--- PASS: TestFailedForwardMigrationRollsBackAndCanRecover (0.23s)\n","OutputType":"frame"}
{"Time":"2026-10-01T17:44:01.853106+08:00","Action":"pass","Package":"ops-platform/test/integration","Test":"TestFailedForwardMigrationRollsBackAndCanRecover","Elapsed":0.23}
{"Time":"2026-10-01T17:44:01.853136+08:00","Action":"run","Package":"ops-platform/test/integration","Test":"TestMigrationScriptsAreForwardOnlyAndContiguous"}
{"Time":"2026-10-01T17:44:01.853158+08:00","Action":"output","Package":"ops-platform/test/integration","Test":"TestMigrationScriptsAreForwardOnlyAndContiguous","Output":"=== RUN   TestMigrationScriptsAreForwardOnlyAndContiguous\n","OutputType":"frame"}
{"Time":"2026-10-01T17:44:01.854346+08:00","Action":"output","Package":"ops-platform/test/integration","Test":"TestMigrationScriptsAreForwardOnlyAndContiguous","Output":"--- PASS: TestMigrationScriptsAreForwardOnlyAndContiguous (0.00s)\n","OutputType":"frame"}
{"Time":"2026-10-01T17:44:01.854367+08:00","Action":"pass","Package":"ops-platform/test/integration","Test":"TestMigrationScriptsAreForwardOnlyAndContiguous","Elapsed":0}
{"Time":"2026-10-01T17:44:01.854377+08:00","Action":"run","Package":"ops-platform/test/integration","Test":"TestMigrationsAndRoles"}
{"Time":"2026-10-01T17:44:01.854383+08:00","Action":"output","Package":"ops-platform/test/integration","Test":"TestMigrationsAndRoles","Output":"=== RUN   TestMigrationsAndRoles\n","OutputType":"frame"}
{"Time":"2026-10-01T17:44:01.8898+08:00","Action":"output","Package":"ops-platform/test/integration","Test":"TestMigrationsAndRoles","Output":"2026/10/01 17:44:01 OK   00001_roles_and_schemas.sql (7.08ms)\n"}
{"Time":"2026-10-01T17:44:01.889939+08:00","Action":"output","Package":"ops-platform/test/integration","Test":"TestMigrationsAndRoles","Output":"2026/10/01 17:44:01 goose: successfully migrated database to version: 1\n"}
{"Time":"2026-10-01T17:44:01.90744+08:00","Action":"output","Package":"ops-platform/test/integration","Test":"TestMigrationsAndRoles","Output":"2026/10/01 17:44:01 OK   00002_platform_meta.sql (11.99ms)\n"}
{"Time":"2026-10-01T17:44:01.913093+08:00","Action":"output","Package":"ops-platform/test/integration","Test":"TestMigrationsAndRoles","Output":"2026/10/01 17:44:01 OK   00003_finding.sql (5.5ms)\n"}
{"Time":"2026-10-01T17:44:01.916835+08:00","Action":"output","Package":"ops-platform/test/integration","Test":"TestMigrationsAndRoles","Output":"2026/10/01 17:44:01 OK   00004_incident.sql (3.65ms)\n"}
{"Time":"2026-10-01T17:44:01.921132+08:00","Action":"output","Package":"ops-platform/test/integration","Test":"TestMigrationsAndRoles","Output":"2026/10/01 17:44:01 OK   00005_investigation.sql (4.2ms)\n"}
{"Time":"2026-10-01T17:44:01.925347+08:00","Action":"output","Package":"ops-platform/test/integration","Test":"TestMigrationsAndRoles","Output":"2026/10/01 17:44:01 OK   00006_action_command.sql (4.11ms)\n"}
{"Time":"2026-10-01T17:44:01.932124+08:00","Action":"output","Package":"ops-platform/test/integration","Test":"TestMigrationsAndRoles","Output":"2026/10/01 17:44:01 OK   00007_audit.sql (6.61ms)\n"}
{"Time":"2026-10-01T17:44:01.939009+08:00","Action":"output","Package":"ops-platform/test/integration","Test":"TestMigrationsAndRoles","Output":"2026/10/01 17:44:01 OK   00008_rls.sql (6.74ms)\n"}
{"Time":"2026-10-01T17:44:01.944405+08:00","Action":"output","Package":"ops-platform/test/integration","Test":"TestMigrationsAndRoles","Output":"2026/10/01 17:44:01 OK   00009_idempotency_ledger.sql (5.15ms)\n"}
{"Time":"2026-10-01T17:44:01.948042+08:00","Action":"output","Package":"ops-platform/test/integration","Test":"TestMigrationsAndRoles","Output":"2026/10/01 17:44:01 OK   00010_tenant_provisioning.sql (3.46ms)\n"}
{"Time":"2026-10-01T17:44:01.95335+08:00","Action":"output","Package":"ops-platform/test/integration","Test":"TestMigrationsAndRoles","Output":"2026/10/01 17:44:01 OK   00011_source_registration_history.sql (5.1ms)\n"}
{"Time":"2026-10-01T17:44:01.96022+08:00","Action":"output","Package":"ops-platform/test/integration","Test":"TestMigrationsAndRoles","Output":"2026/10/01 17:44:01 OK   00012_config_registry_lifecycle.sql (6.65ms)\n"}
{"Time":"2026-10-01T17:44:01.969257+08:00","Action":"output","Package":"ops-platform/test/integration","Test":"TestMigrationsAndRoles","Output":"2026/10/01 17:44:01 OK   00013_audit_signed_segments.sql (8.81ms)\n"}
{"Time":"2026-10-01T17:44:01.974073+08:00","Action":"output","Package":"ops-platform/test/integration","Test":"TestMigrationsAndRoles","Output":"2026/10/01 17:44:01 OK   00014_audit_segment_predecessors.sql (4.65ms)\n"}
{"Time":"2026-10-01T17:44:01.976629+08:00","Action":"output","Package":"ops-platform/test/integration","Test":"TestMigrationsAndRoles","Output":"2026/10/01 17:44:01 OK   00015_source_schema_scope.sql (2.44ms)\n"}
{"Time":"2026-10-01T17:44:01.979679+08:00","Action":"output","Package":"ops-platform/test/integration","Test":"TestMigrationsAndRoles","Output":"2026/10/01 17:44:01 OK   00016_cluster_registration_metadata.sql (2.95ms)\n"}
{"Time":"2026-10-01T17:44:01.979706+08:00","Action":"output","Package":"ops-platform/test/integration","Test":"TestMigrationsAndRoles","Output":"2026/10/01 17:44:01 goose: successfully migrated database to version: 16\n"}
{"Time":"2026-10-01T17:44:02.023878+08:00","Action":"output","Package":"ops-platform/test/integration","Test":"TestMigrationsAndRoles","Output":"--- PASS: TestMigrationsAndRoles (0.17s)\n","OutputType":"frame"}
{"Time":"2026-10-01T17:44:02.023954+08:00","Action":"pass","Package":"ops-platform/test/integration","Test":"TestMigrationsAndRoles","Elapsed":0.17}
{"Time":"2026-10-01T17:44:02.02397+08:00","Action":"run","Package":"ops-platform/test/integration","Test":"TestMigrationsUpgradeVersionOneData"}
{"Time":"2026-10-01T17:44:02.023977+08:00","Action":"output","Package":"ops-platform/test/integration","Test":"TestMigrationsUpgradeVersionOneData","Output":"=== RUN   TestMigrationsUpgradeVersionOneData\n","OutputType":"frame"}
{"Time":"2026-10-01T17:44:02.060419+08:00","Action":"output","Package":"ops-platform/test/integration","Test":"TestMigrationsUpgradeVersionOneData","Output":"2026/10/01 17:44:02 OK   00001_roles_and_schemas.sql (6.29ms)\n"}
{"Time":"2026-10-01T17:44:02.060473+08:00","Action":"output","Package":"ops-platform/test/integration","Test":"TestMigrationsUpgradeVersionOneData","Output":"2026/10/01 17:44:02 goose: successfully migrated database to version: 1\n"}
{"Time":"2026-10-01T17:44:02.080852+08:00","Action":"output","Package":"ops-platform/test/integration","Test":"TestMigrationsUpgradeVersionOneData","Output":"2026/10/01 17:44:02 OK   00002_platform_meta.sql (12.93ms)\n"}
{"Time":"2026-10-01T17:44:02.087751+08:00","Action":"output","Package":"ops-platform/test/integration","Test":"TestMigrationsUpgradeVersionOneData","Output":"2026/10/01 17:44:02 OK   00003_finding.sql (6.71ms)\n"}
{"Time":"2026-10-01T17:44:02.092292+08:00","Action":"output","Package":"ops-platform/test/integration","Test":"TestMigrationsUpgradeVersionOneData","Output":"2026/10/01 17:44:02 OK   00004_incident.sql (4.39ms)\n"}
{"Time":"2026-10-01T17:44:02.096944+08:00","Action":"output","Package":"ops-platform/test/integration","Test":"TestMigrationsUpgradeVersionOneData","Output":"2026/10/01 17:44:02 OK   00005_investigation.sql (4.51ms)\n"}
{"Time":"2026-10-01T17:44:02.101244+08:00","Action":"output","Package":"ops-platform/test/integration","Test":"TestMigrationsUpgradeVersionOneData","Output":"2026/10/01 17:44:02 OK   00006_action_command.sql (4.18ms)\n"}
{"Time":"2026-10-01T17:44:02.107934+08:00","Action":"output","Package":"ops-platform/test/integration","Test":"TestMigrationsUpgradeVersionOneData","Output":"2026/10/01 17:44:02 OK   00007_audit.sql (6.54ms)\n"}
{"Time":"2026-10-01T17:44:02.11509+08:00","Action":"output","Package":"ops-platform/test/integration","Test":"TestMigrationsUpgradeVersionOneData","Output":"2026/10/01 17:44:02 OK   00008_rls.sql (6.97ms)\n"}
{"Time":"2026-10-01T17:44:02.120476+08:00","Action":"output","Package":"ops-platform/test/integration","Test":"TestMigrationsUpgradeVersionOneData","Output":"2026/10/01 17:44:02 OK   00009_idempotency_ledger.sql (5.17ms)\n"}
{"Time":"2026-10-01T17:44:02.124402+08:00","Action":"output","Package":"ops-platform/test/integration","Test":"TestMigrationsUpgradeVersionOneData","Output":"2026/10/01 17:44:02 OK   00010_tenant_provisioning.sql (3.77ms)\n"}
{"Time":"2026-10-01T17:44:02.129009+08:00","Action":"output","Package":"ops-platform/test/integration","Test":"TestMigrationsUpgradeVersionOneData","Output":"2026/10/01 17:44:02 OK   00011_source_registration_history.sql (4.47ms)\n"}
{"Time":"2026-10-01T17:44:02.135426+08:00","Action":"output","Package":"ops-platform/test/integration","Test":"TestMigrationsUpgradeVersionOneData","Output":"2026/10/01 17:44:02 OK   00012_config_registry_lifecycle.sql (6.25ms)\n"}
{"Time":"2026-10-01T17:44:02.144217+08:00","Action":"output","Package":"ops-platform/test/integration","Test":"TestMigrationsUpgradeVersionOneData","Output":"2026/10/01 17:44:02 OK   00013_audit_signed_segments.sql (8.58ms)\n"}
{"Time":"2026-10-01T17:44:02.148454+08:00","Action":"output","Package":"ops-platform/test/integration","Test":"TestMigrationsUpgradeVersionOneData","Output":"2026/10/01 17:44:02 OK   00014_audit_segment_predecessors.sql (4.08ms)\n"}
{"Time":"2026-10-01T17:44:02.15101+08:00","Action":"output","Package":"ops-platform/test/integration","Test":"TestMigrationsUpgradeVersionOneData","Output":"2026/10/01 17:44:02 OK   00015_source_schema_scope.sql (2.43ms)\n"}
{"Time":"2026-10-01T17:44:02.154354+08:00","Action":"output","Package":"ops-platform/test/integration","Test":"TestMigrationsUpgradeVersionOneData","Output":"2026/10/01 17:44:02 OK   00016_cluster_registration_metadata.sql (3.21ms)\n"}
{"Time":"2026-10-01T17:44:02.154411+08:00","Action":"output","Package":"ops-platform/test/integration","Test":"TestMigrationsUpgradeVersionOneData","Output":"2026/10/01 17:44:02 goose: successfully migrated database to version: 16\n"}
{"Time":"2026-10-01T17:44:02.189468+08:00","Action":"output","Package":"ops-platform/test/integration","Test":"TestMigrationsUpgradeVersionOneData","Output":"--- PASS: TestMigrationsUpgradeVersionOneData (0.17s)\n","OutputType":"frame"}
{"Time":"2026-10-01T17:44:02.189535+08:00","Action":"pass","Package":"ops-platform/test/integration","Test":"TestMigrationsUpgradeVersionOneData","Elapsed":0.17}
{"Time":"2026-10-01T17:44:02.189555+08:00","Action":"run","Package":"ops-platform/test/integration","Test":"TestWithTenantTxIsolatesTenantsAndUsesAppendOnlyAudit"}
{"Time":"2026-10-01T17:44:02.189565+08:00","Action":"output","Package":"ops-platform/test/integration","Test":"TestWithTenantTxIsolatesTenantsAndUsesAppendOnlyAudit","Output":"=== RUN   TestWithTenantTxIsolatesTenantsAndUsesAppendOnlyAudit\n","OutputType":"frame"}
{"Time":"2026-10-01T17:44:02.220921+08:00","Action":"output","Package":"ops-platform/test/integration","Test":"TestWithTenantTxIsolatesTenantsAndUsesAppendOnlyAudit","Output":"2026/10/01 17:44:02 OK   00001_roles_and_schemas.sql (6.27ms)\n"}
{"Time":"2026-10-01T17:44:02.220971+08:00","Action":"output","Package":"ops-platform/test/integration","Test":"TestWithTenantTxIsolatesTenantsAndUsesAppendOnlyAudit","Output":"2026/10/01 17:44:02 goose: successfully migrated database to version: 1\n"}
{"Time":"2026-10-01T17:44:02.238102+08:00","Action":"output","Package":"ops-platform/test/integration","Test":"TestWithTenantTxIsolatesTenantsAndUsesAppendOnlyAudit","Output":"2026/10/01 17:44:02 OK   00002_platform_meta.sql (11.78ms)\n"}
{"Time":"2026-10-01T17:44:02.244011+08:00","Action":"output","Package":"ops-platform/test/integration","Test":"TestWithTenantTxIsolatesTenantsAndUsesAppendOnlyAudit","Output":"2026/10/01 17:44:02 OK   00003_finding.sql (5.66ms)\n"}
{"Time":"2026-10-01T17:44:02.247954+08:00","Action":"output","Package":"ops-platform/test/integration","Test":"TestWithTenantTxIsolatesTenantsAndUsesAppendOnlyAudit","Output":"2026/10/01 17:44:02 OK   00004_incident.sql (3.82ms)\n"}
{"Time":"2026-10-01T17:44:02.252191+08:00","Action":"output","Package":"ops-platform/test/integration","Test":"TestWithTenantTxIsolatesTenantsAndUsesAppendOnlyAudit","Output":"2026/10/01 17:44:02 OK   00005_investigation.sql (4.14ms)\n"}
{"Time":"2026-10-01T17:44:02.256071+08:00","Action":"output","Package":"ops-platform/test/integration","Test":"TestWithTenantTxIsolatesTenantsAndUsesAppendOnlyAudit","Output":"2026/10/01 17:44:02 OK   00006_action_command.sql (3.78ms)\n"}
{"Time":"2026-10-01T17:44:02.262675+08:00","Action":"output","Package":"ops-platform/test/integration","Test":"TestWithTenantTxIsolatesTenantsAndUsesAppendOnlyAudit","Output":"2026/10/01 17:44:02 OK   00007_audit.sql (6.43ms)\n"}
{"Time":"2026-10-01T17:44:02.269227+08:00","Action":"output","Package":"ops-platform/test/integration","Test":"TestWithTenantTxIsolatesTenantsAndUsesAppendOnlyAudit","Output":"2026/10/01 17:44:02 OK   00008_rls.sql (6.38ms)\n"}
{"Time":"2026-10-01T17:44:02.274732+08:00","Action":"output","Package":"ops-platform/test/integration","Test":"TestWithTenantTxIsolatesTenantsAndUsesAppendOnlyAudit","Output":"2026/10/01 17:44:02 OK   00009_idempotency_ledger.sql (5.3ms)\n"}
{"Time":"2026-10-01T17:44:02.278196+08:00","Action":"output","Package":"ops-platform/test/integration","Test":"TestWithTenantTxIsolatesTenantsAndUsesAppendOnlyAudit","Output":"2026/10/01 17:44:02 OK   00010_tenant_provisioning.sql (3.33ms)\n"}
{"Time":"2026-10-01T17:44:02.283106+08:00","Action":"output","Package":"ops-platform/test/integration","Test":"TestWithTenantTxIsolatesTenantsAndUsesAppendOnlyAudit","Output":"2026/10/01 17:44:02 OK   00011_source_registration_history.sql (4.78ms)\n"}
{"Time":"2026-10-01T17:44:02.290948+08:00","Action":"output","Package":"ops-platform/test/integration","Test":"TestWithTenantTxIsolatesTenantsAndUsesAppendOnlyAudit","Output":"2026/10/01 17:44:02 OK   00012_config_registry_lifecycle.sql (7.67ms)\n"}
{"Time":"2026-10-01T17:44:02.299285+08:00","Action":"output","Package":"ops-platform/test/integration","Test":"TestWithTenantTxIsolatesTenantsAndUsesAppendOnlyAudit","Output":"2026/10/01 17:44:02 OK   00013_audit_signed_segments.sql (8.1ms)\n"}
{"Time":"2026-10-01T17:44:02.303749+08:00","Action":"output","Package":"ops-platform/test/integration","Test":"TestWithTenantTxIsolatesTenantsAndUsesAppendOnlyAudit","Output":"2026/10/01 17:44:02 OK   00014_audit_segment_predecessors.sql (4.3ms)\n"}
{"Time":"2026-10-01T17:44:02.306252+08:00","Action":"output","Package":"ops-platform/test/integration","Test":"TestWithTenantTxIsolatesTenantsAndUsesAppendOnlyAudit","Output":"2026/10/01 17:44:02 OK   00015_source_schema_scope.sql (2.38ms)\n"}
{"Time":"2026-10-01T17:44:02.309525+08:00","Action":"output","Package":"ops-platform/test/integration","Test":"TestWithTenantTxIsolatesTenantsAndUsesAppendOnlyAudit","Output":"2026/10/01 17:44:02 OK   00016_cluster_registration_metadata.sql (3.14ms)\n"}
{"Time":"2026-10-01T17:44:02.309566+08:00","Action":"output","Package":"ops-platform/test/integration","Test":"TestWithTenantTxIsolatesTenantsAndUsesAppendOnlyAudit","Output":"2026/10/01 17:44:02 goose: successfully migrated database to version: 16\n"}
{"Time":"2026-10-01T17:44:02.488729+08:00","Action":"output","Package":"ops-platform/test/integration","Test":"TestWithTenantTxIsolatesTenantsAndUsesAppendOnlyAudit","Output":"--- PASS: TestWithTenantTxIsolatesTenantsAndUsesAppendOnlyAudit (0.30s)\n","OutputType":"frame"}
{"Time":"2026-10-01T17:44:02.488881+08:00","Action":"pass","Package":"ops-platform/test/integration","Test":"TestWithTenantTxIsolatesTenantsAndUsesAppendOnlyAudit","Elapsed":0.3}
{"Time":"2026-10-01T17:44:02.488914+08:00","Action":"run","Package":"ops-platform/test/integration","Test":"TestRealVictoriaMetricsScrapesPlatformProcessMetric"}
{"Time":"2026-10-01T17:44:02.488925+08:00","Action":"output","Package":"ops-platform/test/integration","Test":"TestRealVictoriaMetricsScrapesPlatformProcessMetric","Output":"=== RUN   TestRealVictoriaMetricsScrapesPlatformProcessMetric\n","OutputType":"frame"}
{"Time":"2026-10-01T17:44:02.491978+08:00","Action":"output","Package":"ops-platform/test/integration","Test":"TestRealVictoriaMetricsScrapesPlatformProcessMetric","Output":"--- PASS: TestRealVictoriaMetricsScrapesPlatformProcessMetric (0.00s)\n","OutputType":"frame"}
{"Time":"2026-10-01T17:44:02.492033+08:00","Action":"pass","Package":"ops-platform/test/integration","Test":"TestRealVictoriaMetricsScrapesPlatformProcessMetric","Elapsed":0}
{"Time":"2026-10-01T17:44:02.492055+08:00","Action":"run","Package":"ops-platform/test/integration","Test":"TestRealVictoriaLogsAcceptsStructuredPlatformStdout"}
{"Time":"2026-10-01T17:44:02.492068+08:00","Action":"output","Package":"ops-platform/test/integration","Test":"TestRealVictoriaLogsAcceptsStructuredPlatformStdout","Output":"=== RUN   TestRealVictoriaLogsAcceptsStructuredPlatformStdout\n","OutputType":"frame"}
{"Time":"2026-10-01T17:44:03.498048+08:00","Action":"output","Package":"ops-platform/test/integration","Test":"TestRealVictoriaLogsAcceptsStructuredPlatformStdout","Output":"--- PASS: TestRealVictoriaLogsAcceptsStructuredPlatformStdout (1.01s)\n","OutputType":"frame"}
{"Time":"2026-10-01T17:44:03.498204+08:00","Action":"pass","Package":"ops-platform/test/integration","Test":"TestRealVictoriaLogsAcceptsStructuredPlatformStdout","Elapsed":1.01}
{"Time":"2026-10-01T17:44:03.498285+08:00","Action":"run","Package":"ops-platform/test/integration","Test":"TestRealProjectedPodTokensAuthenticateOpenBaoAndWorkloadMTLS"}
{"Time":"2026-10-01T17:44:03.498368+08:00","Action":"output","Package":"ops-platform/test/integration","Test":"TestRealProjectedPodTokensAuthenticateOpenBaoAndWorkloadMTLS","Output":"=== RUN   TestRealProjectedPodTokensAuthenticateOpenBaoAndWorkloadMTLS\n","OutputType":"frame"}
{"Time":"2026-10-01T17:44:03.64789+08:00","Action":"output","Package":"ops-platform/test/integration","Test":"TestRealProjectedPodTokensAuthenticateOpenBaoAndWorkloadMTLS","Output":"2026/10/01 17:44:03 http: TLS handshake error from 127.0.0.1:53140: tls: client didn't provide a certificate\n"}
{"Time":"2026-10-01T17:44:03.647988+08:00","Action":"output","Package":"ops-platform/test/integration","Test":"TestRealProjectedPodTokensAuthenticateOpenBaoAndWorkloadMTLS","Output":"    projected_workload_test.go:133: real Pod-bound TokenReview accepted three workload identities, denied unauthorized SA/namespace/audience; Investigator and test Runner mTLS completed without forwarded JWT\n"}
{"Time":"2026-10-01T17:44:03.648115+08:00","Action":"output","Package":"ops-platform/test/integration","Test":"TestRealProjectedPodTokensAuthenticateOpenBaoAndWorkloadMTLS","Output":"--- PASS: TestRealProjectedPodTokensAuthenticateOpenBaoAndWorkloadMTLS (0.15s)\n","OutputType":"frame"}
{"Time":"2026-10-01T17:44:03.648169+08:00","Action":"pass","Package":"ops-platform/test/integration","Test":"TestRealProjectedPodTokensAuthenticateOpenBaoAndWorkloadMTLS","Elapsed":0.15}
{"Time":"2026-10-01T17:44:03.648186+08:00","Action":"run","Package":"ops-platform/test/integration","Test":"TestRuntimeDatabaseLoginCannotRegainOwnerOrOtherProcess"}
{"Time":"2026-10-01T17:44:03.648192+08:00","Action":"output","Package":"ops-platform/test/integration","Test":"TestRuntimeDatabaseLoginCannotRegainOwnerOrOtherProcess","Output":"=== RUN   TestRuntimeDatabaseLoginCannotRegainOwnerOrOtherProcess\n","OutputType":"frame"}
{"Time":"2026-10-01T17:44:03.714877+08:00","Action":"output","Package":"ops-platform/test/integration","Test":"TestRuntimeDatabaseLoginCannotRegainOwnerOrOtherProcess","Output":"2026/10/01 17:44:03 OK   00001_roles_and_schemas.sql (10.04ms)\n"}
{"Time":"2026-10-01T17:44:03.731476+08:00","Action":"output","Package":"ops-platform/test/integration","Test":"TestRuntimeDatabaseLoginCannotRegainOwnerOrOtherProcess","Output":"2026/10/01 17:44:03 OK   00002_platform_meta.sql (16.4ms)\n"}
{"Time":"2026-10-01T17:44:03.738351+08:00","Action":"output","Package":"ops-platform/test/integration","Test":"TestRuntimeDatabaseLoginCannotRegainOwnerOrOtherProcess","Output":"2026/10/01 17:44:03 OK   00003_finding.sql (6.77ms)\n"}
{"Time":"2026-10-01T17:44:03.742957+08:00","Action":"output","Package":"ops-platform/test/integration","Test":"TestRuntimeDatabaseLoginCannotRegainOwnerOrOtherProcess","Output":"2026/10/01 17:44:03 OK   00004_incident.sql (4.52ms)\n"}
{"Time":"2026-10-01T17:44:03.749241+08:00","Action":"output","Package":"ops-platform/test/integration","Test":"TestRuntimeDatabaseLoginCannotRegainOwnerOrOtherProcess","Output":"2026/10/01 17:44:03 OK   00005_investigation.sql (6.11ms)\n"}
{"Time":"2026-10-01T17:44:03.754778+08:00","Action":"output","Package":"ops-platform/test/integration","Test":"TestRuntimeDatabaseLoginCannotRegainOwnerOrOtherProcess","Output":"2026/10/01 17:44:03 OK   00006_action_command.sql (5.34ms)\n"}
{"Time":"2026-10-01T17:44:03.763377+08:00","Action":"output","Package":"ops-platform/test/integration","Test":"TestRuntimeDatabaseLoginCannotRegainOwnerOrOtherProcess","Output":"2026/10/01 17:44:03 OK   00007_audit.sql (8.37ms)\n"}
{"Time":"2026-10-01T17:44:03.770632+08:00","Action":"output","Package":"ops-platform/test/integration","Test":"TestRuntimeDatabaseLoginCannotRegainOwnerOrOtherProcess","Output":"2026/10/01 17:44:03 OK   00008_rls.sql (7.07ms)\n"}
{"Time":"2026-10-01T17:44:03.776244+08:00","Action":"output","Package":"ops-platform/test/integration","Test":"TestRuntimeDatabaseLoginCannotRegainOwnerOrOtherProcess","Output":"2026/10/01 17:44:03 OK   00009_idempotency_ledger.sql (5.4ms)\n"}
{"Time":"2026-10-01T17:44:03.780695+08:00","Action":"output","Package":"ops-platform/test/integration","Test":"TestRuntimeDatabaseLoginCannotRegainOwnerOrOtherProcess","Output":"2026/10/01 17:44:03 OK   00010_tenant_provisioning.sql (4.23ms)\n"}
{"Time":"2026-10-01T17:44:03.787627+08:00","Action":"output","Package":"ops-platform/test/integration","Test":"TestRuntimeDatabaseLoginCannotRegainOwnerOrOtherProcess","Output":"2026/10/01 17:44:03 OK   00011_source_registration_history.sql (6.75ms)\n"}
{"Time":"2026-10-01T17:44:03.79661+08:00","Action":"output","Package":"ops-platform/test/integration","Test":"TestRuntimeDatabaseLoginCannotRegainOwnerOrOtherProcess","Output":"2026/10/01 17:44:03 OK   00012_config_registry_lifecycle.sql (8.86ms)\n"}
{"Time":"2026-10-01T17:44:03.806603+08:00","Action":"output","Package":"ops-platform/test/integration","Test":"TestRuntimeDatabaseLoginCannotRegainOwnerOrOtherProcess","Output":"2026/10/01 17:44:03 OK   00013_audit_signed_segments.sql (9.82ms)\n"}
{"Time":"2026-10-01T17:44:03.812192+08:00","Action":"output","Package":"ops-platform/test/integration","Test":"TestRuntimeDatabaseLoginCannotRegainOwnerOrOtherProcess","Output":"2026/10/01 17:44:03 OK   00014_audit_segment_predecessors.sql (5.42ms)\n"}
{"Time":"2026-10-01T17:44:03.815525+08:00","Action":"output","Package":"ops-platform/test/integration","Test":"TestRuntimeDatabaseLoginCannotRegainOwnerOrOtherProcess","Output":"2026/10/01 17:44:03 OK   00015_source_schema_scope.sql (3.28ms)\n"}
{"Time":"2026-10-01T17:44:03.82002+08:00","Action":"output","Package":"ops-platform/test/integration","Test":"TestRuntimeDatabaseLoginCannotRegainOwnerOrOtherProcess","Output":"2026/10/01 17:44:03 OK   00016_cluster_registration_metadata.sql (4.46ms)\n"}
{"Time":"2026-10-01T17:44:03.820036+08:00","Action":"output","Package":"ops-platform/test/integration","Test":"TestRuntimeDatabaseLoginCannotRegainOwnerOrOtherProcess","Output":"2026/10/01 17:44:03 goose: successfully migrated database to version: 16\n"}
{"Time":"2026-10-01T17:44:03.986107+08:00","Action":"output","Package":"ops-platform/test/integration","Test":"TestRuntimeDatabaseLoginCannotRegainOwnerOrOtherProcess","Output":"--- PASS: TestRuntimeDatabaseLoginCannotRegainOwnerOrOtherProcess (0.34s)\n","OutputType":"frame"}
{"Time":"2026-10-01T17:44:03.986174+08:00","Action":"pass","Package":"ops-platform/test/integration","Test":"TestRuntimeDatabaseLoginCannotRegainOwnerOrOtherProcess","Elapsed":0.34}
{"Time":"2026-10-01T17:44:03.986208+08:00","Action":"run","Package":"ops-platform/test/integration","Test":"TestRuntimeProfileFixtureMatchesLockedEndpoints"}
{"Time":"2026-10-01T17:44:03.986218+08:00","Action":"output","Package":"ops-platform/test/integration","Test":"TestRuntimeProfileFixtureMatchesLockedEndpoints","Output":"=== RUN   TestRuntimeProfileFixtureMatchesLockedEndpoints\n","OutputType":"frame"}
{"Time":"2026-10-01T17:44:03.988122+08:00","Action":"output","Package":"ops-platform/test/integration","Test":"TestRuntimeProfileFixtureMatchesLockedEndpoints","Output":"--- PASS: TestRuntimeProfileFixtureMatchesLockedEndpoints (0.00s)\n","OutputType":"frame"}
{"Time":"2026-10-01T17:44:03.988139+08:00","Action":"pass","Package":"ops-platform/test/integration","Test":"TestRuntimeProfileFixtureMatchesLockedEndpoints","Elapsed":0}
{"Time":"2026-10-01T17:44:03.988145+08:00","Action":"run","Package":"ops-platform/test/integration","Test":"TestSourceRegistrationsAreTenantBoundRevisionedAndAudited"}
{"Time":"2026-10-01T17:44:03.988148+08:00","Action":"output","Package":"ops-platform/test/integration","Test":"TestSourceRegistrationsAreTenantBoundRevisionedAndAudited","Output":"=== RUN   TestSourceRegistrationsAreTenantBoundRevisionedAndAudited\n","OutputType":"frame"}
{"Time":"2026-10-01T17:44:04.03368+08:00","Action":"output","Package":"ops-platform/test/integration","Test":"TestSourceRegistrationsAreTenantBoundRevisionedAndAudited","Output":"2026/10/01 17:44:04 OK   00001_roles_and_schemas.sql (9.02ms)\n"}
{"Time":"2026-10-01T17:44:04.033745+08:00","Action":"output","Package":"ops-platform/test/integration","Test":"TestSourceRegistrationsAreTenantBoundRevisionedAndAudited","Output":"2026/10/01 17:44:04 goose: successfully migrated database to version: 1\n"}
{"Time":"2026-10-01T17:44:04.054419+08:00","Action":"output","Package":"ops-platform/test/integration","Test":"TestSourceRegistrationsAreTenantBoundRevisionedAndAudited","Output":"2026/10/01 17:44:04 OK   00002_platform_meta.sql (13.55ms)\n"}
{"Time":"2026-10-01T17:44:04.060657+08:00","Action":"output","Package":"ops-platform/test/integration","Test":"TestSourceRegistrationsAreTenantBoundRevisionedAndAudited","Output":"2026/10/01 17:44:04 OK   00003_finding.sql (6.05ms)\n"}
{"Time":"2026-10-01T17:44:04.064956+08:00","Action":"output","Package":"ops-platform/test/integration","Test":"TestSourceRegistrationsAreTenantBoundRevisionedAndAudited","Output":"2026/10/01 17:44:04 OK   00004_incident.sql (4.11ms)\n"}
{"Time":"2026-10-01T17:44:04.069993+08:00","Action":"output","Package":"ops-platform/test/integration","Test":"TestSourceRegistrationsAreTenantBoundRevisionedAndAudited","Output":"2026/10/01 17:44:04 OK   00005_investigation.sql (4.8ms)\n"}
{"Time":"2026-10-01T17:44:04.074505+08:00","Action":"output","Package":"ops-platform/test/integration","Test":"TestSourceRegistrationsAreTenantBoundRevisionedAndAudited","Output":"2026/10/01 17:44:04 OK   00006_action_command.sql (4.32ms)\n"}
{"Time":"2026-10-01T17:44:04.081935+08:00","Action":"output","Package":"ops-platform/test/integration","Test":"TestSourceRegistrationsAreTenantBoundRevisionedAndAudited","Output":"2026/10/01 17:44:04 OK   00007_audit.sql (7.15ms)\n"}
{"Time":"2026-10-01T17:44:04.089157+08:00","Action":"output","Package":"ops-platform/test/integration","Test":"TestSourceRegistrationsAreTenantBoundRevisionedAndAudited","Output":"2026/10/01 17:44:04 OK   00008_rls.sql (6.94ms)\n"}
{"Time":"2026-10-01T17:44:04.094987+08:00","Action":"output","Package":"ops-platform/test/integration","Test":"TestSourceRegistrationsAreTenantBoundRevisionedAndAudited","Output":"2026/10/01 17:44:04 OK   00009_idempotency_ledger.sql (5.57ms)\n"}
{"Time":"2026-10-01T17:44:04.098823+08:00","Action":"output","Package":"ops-platform/test/integration","Test":"TestSourceRegistrationsAreTenantBoundRevisionedAndAudited","Output":"2026/10/01 17:44:04 OK   00010_tenant_provisioning.sql (3.61ms)\n"}
{"Time":"2026-10-01T17:44:04.104023+08:00","Action":"output","Package":"ops-platform/test/integration","Test":"TestSourceRegistrationsAreTenantBoundRevisionedAndAudited","Output":"2026/10/01 17:44:04 OK   00011_source_registration_history.sql (4.93ms)\n"}
{"Time":"2026-10-01T17:44:04.11103+08:00","Action":"output","Package":"ops-platform/test/integration","Test":"TestSourceRegistrationsAreTenantBoundRevisionedAndAudited","Output":"2026/10/01 17:44:04 OK   00012_config_registry_lifecycle.sql (6.73ms)\n"}
{"Time":"2026-10-01T17:44:04.120454+08:00","Action":"output","Package":"ops-platform/test/integration","Test":"TestSourceRegistrationsAreTenantBoundRevisionedAndAudited","Output":"2026/10/01 17:44:04 OK   00013_audit_signed_segments.sql (9.15ms)\n"}
{"Time":"2026-10-01T17:44:04.125049+08:00","Action":"output","Package":"ops-platform/test/integration","Test":"TestSourceRegistrationsAreTenantBoundRevisionedAndAudited","Output":"2026/10/01 17:44:04 OK   00014_audit_segment_predecessors.sql (4.44ms)\n"}
{"Time":"2026-10-01T17:44:04.127523+08:00","Action":"output","Package":"ops-platform/test/integration","Test":"TestSourceRegistrationsAreTenantBoundRevisionedAndAudited","Output":"2026/10/01 17:44:04 OK   00015_source_schema_scope.sql (2.33ms)\n"}
{"Time":"2026-10-01T17:44:04.130777+08:00","Action":"output","Package":"ops-platform/test/integration","Test":"TestSourceRegistrationsAreTenantBoundRevisionedAndAudited","Output":"2026/10/01 17:44:04 OK   00016_cluster_registration_metadata.sql (3.14ms)\n"}
{"Time":"2026-10-01T17:44:04.130801+08:00","Action":"output","Package":"ops-platform/test/integration","Test":"TestSourceRegistrationsAreTenantBoundRevisionedAndAudited","Output":"2026/10/01 17:44:04 goose: successfully migrated database to version: 16\n"}
{"Time":"2026-10-01T17:44:04.159035+08:00","Action":"run","Package":"ops-platform/test/integration","Test":"TestSourceRegistrationsAreTenantBoundRevisionedAndAudited/payload-tenant"}
{"Time":"2026-10-01T17:44:04.159172+08:00","Action":"output","Package":"ops-platform/test/integration","Test":"TestSourceRegistrationsAreTenantBoundRevisionedAndAudited/payload-tenant","Output":"=== RUN   TestSourceRegistrationsAreTenantBoundRevisionedAndAudited/payload-tenant\n","OutputType":"frame"}
{"Time":"2026-10-01T17:44:04.159667+08:00","Action":"output","Package":"ops-platform/test/integration","Test":"TestSourceRegistrationsAreTenantBoundRevisionedAndAudited/payload-tenant","Output":"--- PASS: TestSourceRegistrationsAreTenantBoundRevisionedAndAudited/payload-tenant (0.00s)\n","OutputType":"frame"}
{"Time":"2026-10-01T17:44:04.159686+08:00","Action":"pass","Package":"ops-platform/test/integration","Test":"TestSourceRegistrationsAreTenantBoundRevisionedAndAudited/payload-tenant","Elapsed":0}
{"Time":"2026-10-01T17:44:04.159698+08:00","Action":"run","Package":"ops-platform/test/integration","Test":"TestSourceRegistrationsAreTenantBoundRevisionedAndAudited/payload-cluster"}
{"Time":"2026-10-01T17:44:04.159706+08:00","Action":"output","Package":"ops-platform/test/integration","Test":"TestSourceRegistrationsAreTenantBoundRevisionedAndAudited/payload-cluster","Output":"=== RUN   TestSourceRegistrationsAreTenantBoundRevisionedAndAudited/payload-cluster\n","OutputType":"frame"}
{"Time":"2026-10-01T17:44:04.160256+08:00","Action":"output","Package":"ops-platform/test/integration","Test":"TestSourceRegistrationsAreTenantBoundRevisionedAndAudited/payload-cluster","Output":"--- PASS: TestSourceRegistrationsAreTenantBoundRevisionedAndAudited/payload-cluster (0.00s)\n","OutputType":"frame"}
{"Time":"2026-10-01T17:44:04.160278+08:00","Action":"pass","Package":"ops-platform/test/integration","Test":"TestSourceRegistrationsAreTenantBoundRevisionedAndAudited/payload-cluster","Elapsed":0}
{"Time":"2026-10-01T17:44:04.251492+08:00","Action":"output","Package":"ops-platform/test/integration","Test":"TestSourceRegistrationsAreTenantBoundRevisionedAndAudited","Output":"--- PASS: TestSourceRegistrationsAreTenantBoundRevisionedAndAudited (0.26s)\n","OutputType":"frame"}
{"Time":"2026-10-01T17:44:04.251622+08:00","Action":"pass","Package":"ops-platform/test/integration","Test":"TestSourceRegistrationsAreTenantBoundRevisionedAndAudited","Elapsed":0.26}
{"Time":"2026-10-01T17:44:04.251649+08:00","Action":"run","Package":"ops-platform/test/integration","Test":"TestRevokedStepUpCannotBeRecreatedByReplayingSameJWT"}
{"Time":"2026-10-01T17:44:04.251658+08:00","Action":"output","Package":"ops-platform/test/integration","Test":"TestRevokedStepUpCannotBeRecreatedByReplayingSameJWT","Output":"=== RUN   TestRevokedStepUpCannotBeRecreatedByReplayingSameJWT\n","OutputType":"frame"}
{"Time":"2026-10-01T17:44:04.286973+08:00","Action":"output","Package":"ops-platform/test/integration","Test":"TestRevokedStepUpCannotBeRecreatedByReplayingSameJWT","Output":"2026/10/01 17:44:04 OK   00001_roles_and_schemas.sql (6.76ms)\n"}
{"Time":"2026-10-01T17:44:04.29876+08:00","Action":"output","Package":"ops-platform/test/integration","Test":"TestRevokedStepUpCannotBeRecreatedByReplayingSameJWT","Output":"2026/10/01 17:44:04 OK   00002_platform_meta.sql (11.55ms)\n"}
{"Time":"2026-10-01T17:44:04.303939+08:00","Action":"output","Package":"ops-platform/test/integration","Test":"TestRevokedStepUpCannotBeRecreatedByReplayingSameJWT","Output":"2026/10/01 17:44:04 OK   00003_finding.sql (4.95ms)\n"}
{"Time":"2026-10-01T17:44:04.307495+08:00","Action":"output","Package":"ops-platform/test/integration","Test":"TestRevokedStepUpCannotBeRecreatedByReplayingSameJWT","Output":"2026/10/01 17:44:04 OK   00004_incident.sql (3.36ms)\n"}
{"Time":"2026-10-01T17:44:04.31156+08:00","Action":"output","Package":"ops-platform/test/integration","Test":"TestRevokedStepUpCannotBeRecreatedByReplayingSameJWT","Output":"2026/10/01 17:44:04 OK   00005_investigation.sql (3.88ms)\n"}
{"Time":"2026-10-01T17:44:04.316035+08:00","Action":"output","Package":"ops-platform/test/integration","Test":"TestRevokedStepUpCannotBeRecreatedByReplayingSameJWT","Output":"2026/10/01 17:44:04 OK   00006_action_command.sql (4.29ms)\n"}
{"Time":"2026-10-01T17:44:04.3222+08:00","Action":"output","Package":"ops-platform/test/integration","Test":"TestRevokedStepUpCannotBeRecreatedByReplayingSameJWT","Output":"2026/10/01 17:44:04 OK   00007_audit.sql (5.96ms)\n"}
{"Time":"2026-10-01T17:44:04.327968+08:00","Action":"output","Package":"ops-platform/test/integration","Test":"TestRevokedStepUpCannotBeRecreatedByReplayingSameJWT","Output":"2026/10/01 17:44:04 OK   00008_rls.sql (5.64ms)\n"}
{"Time":"2026-10-01T17:44:04.332484+08:00","Action":"output","Package":"ops-platform/test/integration","Test":"TestRevokedStepUpCannotBeRecreatedByReplayingSameJWT","Output":"2026/10/01 17:44:04 OK   00009_idempotency_ledger.sql (4.31ms)\n"}
{"Time":"2026-10-01T17:44:04.335449+08:00","Action":"output","Package":"ops-platform/test/integration","Test":"TestRevokedStepUpCannotBeRecreatedByReplayingSameJWT","Output":"2026/10/01 17:44:04 OK   00010_tenant_provisioning.sql (2.79ms)\n"}
{"Time":"2026-10-01T17:44:04.339544+08:00","Action":"output","Package":"ops-platform/test/integration","Test":"TestRevokedStepUpCannotBeRecreatedByReplayingSameJWT","Output":"2026/10/01 17:44:04 OK   00011_source_registration_history.sql (3.84ms)\n"}
{"Time":"2026-10-01T17:44:04.345348+08:00","Action":"output","Package":"ops-platform/test/integration","Test":"TestRevokedStepUpCannotBeRecreatedByReplayingSameJWT","Output":"2026/10/01 17:44:04 OK   00012_config_registry_lifecycle.sql (5.66ms)\n"}
{"Time":"2026-10-01T17:44:04.353437+08:00","Action":"output","Package":"ops-platform/test/integration","Test":"TestRevokedStepUpCannotBeRecreatedByReplayingSameJWT","Output":"2026/10/01 17:44:04 OK   00013_audit_signed_segments.sql (7.83ms)\n"}
{"Time":"2026-10-01T17:44:04.356975+08:00","Action":"output","Package":"ops-platform/test/integration","Test":"TestRevokedStepUpCannotBeRecreatedByReplayingSameJWT","Output":"2026/10/01 17:44:04 OK   00014_audit_segment_predecessors.sql (3.39ms)\n"}
{"Time":"2026-10-01T17:44:04.358699+08:00","Action":"output","Package":"ops-platform/test/integration","Test":"TestRevokedStepUpCannotBeRecreatedByReplayingSameJWT","Output":"2026/10/01 17:44:04 OK   00015_source_schema_scope.sql (1.61ms)\n"}
{"Time":"2026-10-01T17:44:04.361219+08:00","Action":"output","Package":"ops-platform/test/integration","Test":"TestRevokedStepUpCannotBeRecreatedByReplayingSameJWT","Output":"2026/10/01 17:44:04 OK   00016_cluster_registration_metadata.sql (2.44ms)\n"}
{"Time":"2026-10-01T17:44:04.361241+08:00","Action":"output","Package":"ops-platform/test/integration","Test":"TestRevokedStepUpCannotBeRecreatedByReplayingSameJWT","Output":"2026/10/01 17:44:04 goose: successfully migrated database to version: 16\n"}
{"Time":"2026-10-01T17:44:04.399562+08:00","Action":"output","Package":"ops-platform/test/integration","Test":"TestRevokedStepUpCannotBeRecreatedByReplayingSameJWT","Output":"--- PASS: TestRevokedStepUpCannotBeRecreatedByReplayingSameJWT (0.15s)\n","OutputType":"frame"}
{"Time":"2026-10-01T17:44:04.399617+08:00","Action":"pass","Package":"ops-platform/test/integration","Test":"TestRevokedStepUpCannotBeRecreatedByReplayingSameJWT","Elapsed":0.15}
{"Time":"2026-10-01T17:44:04.399631+08:00","Action":"run","Package":"ops-platform/test/integration","Test":"TestTenantProvisioningAndRoleBindingRevisions"}
{"Time":"2026-10-01T17:44:04.399659+08:00","Action":"output","Package":"ops-platform/test/integration","Test":"TestTenantProvisioningAndRoleBindingRevisions","Output":"=== RUN   TestTenantProvisioningAndRoleBindingRevisions\n","OutputType":"frame"}
{"Time":"2026-10-01T17:44:04.43054+08:00","Action":"output","Package":"ops-platform/test/integration","Test":"TestTenantProvisioningAndRoleBindingRevisions","Output":"2026/10/01 17:44:04 OK   00001_roles_and_schemas.sql (6.3ms)\n"}
{"Time":"2026-10-01T17:44:04.430604+08:00","Action":"output","Package":"ops-platform/test/integration","Test":"TestTenantProvisioningAndRoleBindingRevisions","Output":"2026/10/01 17:44:04 goose: successfully migrated database to version: 1\n"}
{"Time":"2026-10-01T17:44:04.449554+08:00","Action":"output","Package":"ops-platform/test/integration","Test":"TestTenantProvisioningAndRoleBindingRevisions","Output":"2026/10/01 17:44:04 OK   00002_platform_meta.sql (14.34ms)\n"}
{"Time":"2026-10-01T17:44:04.454597+08:00","Action":"output","Package":"ops-platform/test/integration","Test":"TestTenantProvisioningAndRoleBindingRevisions","Output":"2026/10/01 17:44:04 OK   00003_finding.sql (4.89ms)\n"}
{"Time":"2026-10-01T17:44:04.45844+08:00","Action":"output","Package":"ops-platform/test/integration","Test":"TestTenantProvisioningAndRoleBindingRevisions","Output":"2026/10/01 17:44:04 OK   00004_incident.sql (3.65ms)\n"}
{"Time":"2026-10-01T17:44:04.46275+08:00","Action":"output","Package":"ops-platform/test/integration","Test":"TestTenantProvisioningAndRoleBindingRevisions","Output":"2026/10/01 17:44:04 OK   00005_investigation.sql (4.09ms)\n"}
{"Time":"2026-10-01T17:44:04.472002+08:00","Action":"output","Package":"ops-platform/test/integration","Test":"TestTenantProvisioningAndRoleBindingRevisions","Output":"2026/10/01 17:44:04 OK   00006_action_command.sql (9.08ms)\n"}
{"Time":"2026-10-01T17:44:04.47921+08:00","Action":"output","Package":"ops-platform/test/integration","Test":"TestTenantProvisioningAndRoleBindingRevisions","Output":"2026/10/01 17:44:04 OK   00007_audit.sql (7ms)\n"}
{"Time":"2026-10-01T17:44:04.485765+08:00","Action":"output","Package":"ops-platform/test/integration","Test":"TestTenantProvisioningAndRoleBindingRevisions","Output":"2026/10/01 17:44:04 OK   00008_rls.sql (6.31ms)\n"}
{"Time":"2026-10-01T17:44:04.490826+08:00","Action":"output","Package":"ops-platform/test/integration","Test":"TestTenantProvisioningAndRoleBindingRevisions","Output":"2026/10/01 17:44:04 OK   00009_idempotency_ledger.sql (4.79ms)\n"}
{"Time":"2026-10-01T17:44:04.494365+08:00","Action":"output","Package":"ops-platform/test/integration","Test":"TestTenantProvisioningAndRoleBindingRevisions","Output":"2026/10/01 17:44:04 OK   00010_tenant_provisioning.sql (3.27ms)\n"}
{"Time":"2026-10-01T17:44:04.498882+08:00","Action":"output","Package":"ops-platform/test/integration","Test":"TestTenantProvisioningAndRoleBindingRevisions","Output":"2026/10/01 17:44:04 OK   00011_source_registration_history.sql (4.31ms)\n"}
{"Time":"2026-10-01T17:44:04.505258+08:00","Action":"output","Package":"ops-platform/test/integration","Test":"TestTenantProvisioningAndRoleBindingRevisions","Output":"2026/10/01 17:44:04 OK   00012_config_registry_lifecycle.sql (6.13ms)\n"}
{"Time":"2026-10-01T17:44:04.514178+08:00","Action":"output","Package":"ops-platform/test/integration","Test":"TestTenantProvisioningAndRoleBindingRevisions","Output":"2026/10/01 17:44:04 OK   00013_audit_signed_segments.sql (8.68ms)\n"}
{"Time":"2026-10-01T17:44:04.517945+08:00","Action":"output","Package":"ops-platform/test/integration","Test":"TestTenantProvisioningAndRoleBindingRevisions","Output":"2026/10/01 17:44:04 OK   00014_audit_segment_predecessors.sql (3.56ms)\n"}
{"Time":"2026-10-01T17:44:04.519906+08:00","Action":"output","Package":"ops-platform/test/integration","Test":"TestTenantProvisioningAndRoleBindingRevisions","Output":"2026/10/01 17:44:04 OK   00015_source_schema_scope.sql (1.73ms)\n"}
{"Time":"2026-10-01T17:44:04.522747+08:00","Action":"output","Package":"ops-platform/test/integration","Test":"TestTenantProvisioningAndRoleBindingRevisions","Output":"2026/10/01 17:44:04 OK   00016_cluster_registration_metadata.sql (2.35ms)\n"}
{"Time":"2026-10-01T17:44:04.522794+08:00","Action":"output","Package":"ops-platform/test/integration","Test":"TestTenantProvisioningAndRoleBindingRevisions","Output":"2026/10/01 17:44:04 goose: successfully migrated database to version: 16\n"}
{"Time":"2026-10-01T17:44:04.571363+08:00","Action":"output","Package":"ops-platform/test/integration","Test":"TestTenantProvisioningAndRoleBindingRevisions","Output":"--- PASS: TestTenantProvisioningAndRoleBindingRevisions (0.17s)\n","OutputType":"frame"}
{"Time":"2026-10-01T17:44:04.571426+08:00","Action":"pass","Package":"ops-platform/test/integration","Test":"TestTenantProvisioningAndRoleBindingRevisions","Elapsed":0.17}
{"Time":"2026-10-01T17:44:04.571445+08:00","Action":"run","Package":"ops-platform/test/integration","Test":"TestRealAuditWorkerProjectedLoginResumesPendingAfterArchiveOutage"}
{"Time":"2026-10-01T17:44:04.571454+08:00","Action":"output","Package":"ops-platform/test/integration","Test":"TestRealAuditWorkerProjectedLoginResumesPendingAfterArchiveOutage","Output":"=== RUN   TestRealAuditWorkerProjectedLoginResumesPendingAfterArchiveOutage\n","OutputType":"frame"}
{"Time":"2026-10-01T17:44:04.604369+08:00","Action":"output","Package":"ops-platform/test/integration","Test":"TestRealAuditWorkerProjectedLoginResumesPendingAfterArchiveOutage","Output":"2026/10/01 17:44:04 OK   00001_roles_and_schemas.sql (6.85ms)\n"}
{"Time":"2026-10-01T17:44:04.617986+08:00","Action":"output","Package":"ops-platform/test/integration","Test":"TestRealAuditWorkerProjectedLoginResumesPendingAfterArchiveOutage","Output":"2026/10/01 17:44:04 OK   00002_platform_meta.sql (12.38ms)\n"}
{"Time":"2026-10-01T17:44:04.623686+08:00","Action":"output","Package":"ops-platform/test/integration","Test":"TestRealAuditWorkerProjectedLoginResumesPendingAfterArchiveOutage","Output":"2026/10/01 17:44:04 OK   00003_finding.sql (5.54ms)\n"}
{"Time":"2026-10-01T17:44:04.627649+08:00","Action":"output","Package":"ops-platform/test/integration","Test":"TestRealAuditWorkerProjectedLoginResumesPendingAfterArchiveOutage","Output":"2026/10/01 17:44:04 OK   00004_incident.sql (3.81ms)\n"}
{"Time":"2026-10-01T17:44:04.631622+08:00","Action":"output","Package":"ops-platform/test/integration","Test":"TestRealAuditWorkerProjectedLoginResumesPendingAfterArchiveOutage","Output":"2026/10/01 17:44:04 OK   00005_investigation.sql (3.87ms)\n"}
{"Time":"2026-10-01T17:44:04.636632+08:00","Action":"output","Package":"ops-platform/test/integration","Test":"TestRealAuditWorkerProjectedLoginResumesPendingAfterArchiveOutage","Output":"2026/10/01 17:44:04 OK   00006_action_command.sql (4.86ms)\n"}
{"Time":"2026-10-01T17:44:04.642797+08:00","Action":"output","Package":"ops-platform/test/integration","Test":"TestRealAuditWorkerProjectedLoginResumesPendingAfterArchiveOutage","Output":"2026/10/01 17:44:04 OK   00007_audit.sql (6ms)\n"}
{"Time":"2026-10-01T17:44:04.648744+08:00","Action":"output","Package":"ops-platform/test/integration","Test":"TestRealAuditWorkerProjectedLoginResumesPendingAfterArchiveOutage","Output":"2026/10/01 17:44:04 OK   00008_rls.sql (5.82ms)\n"}
{"Time":"2026-10-01T17:44:04.653559+08:00","Action":"output","Package":"ops-platform/test/integration","Test":"TestRealAuditWorkerProjectedLoginResumesPendingAfterArchiveOutage","Output":"2026/10/01 17:44:04 OK   00009_idempotency_ledger.sql (4.69ms)\n"}
{"Time":"2026-10-01T17:44:04.656739+08:00","Action":"output","Package":"ops-platform/test/integration","Test":"TestRealAuditWorkerProjectedLoginResumesPendingAfterArchiveOutage","Output":"2026/10/01 17:44:04 OK   00010_tenant_provisioning.sql (3.06ms)\n"}
{"Time":"2026-10-01T17:44:04.664578+08:00","Action":"output","Package":"ops-platform/test/integration","Test":"TestRealAuditWorkerProjectedLoginResumesPendingAfterArchiveOutage","Output":"2026/10/01 17:44:04 OK   00011_source_registration_history.sql (7.71ms)\n"}
{"Time":"2026-10-01T17:44:04.670795+08:00","Action":"output","Package":"ops-platform/test/integration","Test":"TestRealAuditWorkerProjectedLoginResumesPendingAfterArchiveOutage","Output":"2026/10/01 17:44:04 OK   00012_config_registry_lifecycle.sql (6.07ms)\n"}
{"Time":"2026-10-01T17:44:04.678827+08:00","Action":"output","Package":"ops-platform/test/integration","Test":"TestRealAuditWorkerProjectedLoginResumesPendingAfterArchiveOutage","Output":"2026/10/01 17:44:04 OK   00013_audit_signed_segments.sql (7.86ms)\n"}
{"Time":"2026-10-01T17:44:04.682907+08:00","Action":"output","Package":"ops-platform/test/integration","Test":"TestRealAuditWorkerProjectedLoginResumesPendingAfterArchiveOutage","Output":"2026/10/01 17:44:04 OK   00014_audit_segment_predecessors.sql (3.93ms)\n"}
{"Time":"2026-10-01T17:44:04.685334+08:00","Action":"output","Package":"ops-platform/test/integration","Test":"TestRealAuditWorkerProjectedLoginResumesPendingAfterArchiveOutage","Output":"2026/10/01 17:44:04 OK   00015_source_schema_scope.sql (2.3ms)\n"}
{"Time":"2026-10-01T17:44:04.688202+08:00","Action":"output","Package":"ops-platform/test/integration","Test":"TestRealAuditWorkerProjectedLoginResumesPendingAfterArchiveOutage","Output":"2026/10/01 17:44:04 OK   00016_cluster_registration_metadata.sql (2.74ms)\n"}
{"Time":"2026-10-01T17:44:04.688229+08:00","Action":"output","Package":"ops-platform/test/integration","Test":"TestRealAuditWorkerProjectedLoginResumesPendingAfterArchiveOutage","Output":"2026/10/01 17:44:04 goose: successfully migrated database to version: 16\n"}
{"Time":"2026-10-01T17:44:08.830947+08:00","Action":"output","Package":"ops-platform/test/integration","Test":"TestRealAuditWorkerProjectedLoginResumesPendingAfterArchiveOutage","Output":"    worker_runtime_test.go:62: owned TLS/IAM fixture image=docker.io/chrislusf/seaweedfs@sha256:d4cf67729aa8777e1a43a5b61d72e5b96179e4b7bac9a221cb14cbc2036cb32e id=9ed6f4f2a9af130a3f2ee6ce28526693fc0fd6b54013db3cc2e75f8a4227c3bd bucket=sp03-worker-d2d063cc tenants=2\n"}
{"Time":"2026-10-01T17:44:14.516662+08:00","Action":"output","Package":"ops-platform/test/integration","Test":"TestRealAuditWorkerProjectedLoginResumesPendingAfterArchiveOutage","Output":"    worker_runtime_test.go:85: start worker with archive endpoint=http://127.0.0.1:1 bucket=sp03-worker-d2d063cc\n"}
{"Time":"2026-10-01T17:44:15.538373+08:00","Action":"output","Package":"ops-platform/test/integration","Test":"TestRealAuditWorkerProjectedLoginResumesPendingAfterArchiveOutage","Output":"    worker_runtime_test.go:85: start worker with archive endpoint=https://localhost:32783 bucket=sp03-worker-d2d063cc\n"}
{"Time":"2026-10-01T17:44:15.871203+08:00","Action":"output","Package":"ops-platform/test/integration","Test":"TestRealAuditWorkerProjectedLoginResumesPendingAfterArchiveOutage","Output":"    worker_runtime_test.go:168: actual cmd/platform-worker OS processes used projected-token login and worker-only DB login=sp03_worker_e24df558d5864b9fa30493ce1d537511; first_pid=21384 exit_signal=SIGKILL second_pid=21406 exit_code=0; restart resumed tenants=01a0f6d9-81a6-705d-b91a-da8188caa1cf,01a0f6d9-81a6-7061-803c-3b6e89e3ed96 after S3 refusal; pending=0 max_proof_delay_seconds=371.053 bucket=sp03-worker-d2d063cc\n"}
{"Time":"2026-10-01T17:44:16.167225+08:00","Action":"output","Package":"ops-platform/test/integration","Test":"TestRealAuditWorkerProjectedLoginResumesPendingAfterArchiveOutage","Output":"--- PASS: TestRealAuditWorkerProjectedLoginResumesPendingAfterArchiveOutage (11.60s)\n","OutputType":"frame"}
{"Time":"2026-10-01T17:44:16.1673+08:00","Action":"pass","Package":"ops-platform/test/integration","Test":"TestRealAuditWorkerProjectedLoginResumesPendingAfterArchiveOutage","Elapsed":11.6}
{"Time":"2026-10-01T17:44:16.167328+08:00","Action":"run","Package":"ops-platform/test/integration","Test":"TestRealOpenBaoWorkloadPKIIssuanceAndRevocation"}
{"Time":"2026-10-01T17:44:16.167343+08:00","Action":"output","Package":"ops-platform/test/integration","Test":"TestRealOpenBaoWorkloadPKIIssuanceAndRevocation","Output":"=== RUN   TestRealOpenBaoWorkloadPKIIssuanceAndRevocation\n","OutputType":"frame"}
{"Time":"2026-10-01T17:44:16.184735+08:00","Action":"output","Package":"ops-platform/test/integration","Test":"TestRealOpenBaoWorkloadPKIIssuanceAndRevocation","Output":"    workload_identity_test.go:86: isolated OpenBao workload role=platform-workload-ops-api certificate_serial=2fab74788fb96bff91aa32f73ad5fd18a9130be3 cert_ttl=1h0m30s revoked_crl_verified=true\n"}
{"Time":"2026-10-01T17:44:16.184805+08:00","Action":"output","Package":"ops-platform/test/integration","Test":"TestRealOpenBaoWorkloadPKIIssuanceAndRevocation","Output":"--- PASS: TestRealOpenBaoWorkloadPKIIssuanceAndRevocation (0.02s)\n","OutputType":"frame"}
{"Time":"2026-10-01T17:44:16.184818+08:00","Action":"pass","Package":"ops-platform/test/integration","Test":"TestRealOpenBaoWorkloadPKIIssuanceAndRevocation","Elapsed":0.02}
{"Time":"2026-10-01T17:44:16.184831+08:00","Action":"output","Package":"ops-platform/test/integration","Output":"PASS\n","OutputType":"frame"}
{"Time":"2026-10-01T17:44:16.190389+08:00","Action":"output","Package":"ops-platform/test/integration","Output":"ok  \tops-platform/test/integration\t44.845s\n"}
{"Time":"2026-10-01T17:44:16.190458+08:00","Action":"pass","Package":"ops-platform/test/integration","Elapsed":44.845}
Acceptance report: 26 tests passed; zero skips.
