{"Time":"2026-10-01T16:25:38.518191+08:00","Action":"start","Package":"ops-platform/test/integration"}
{"Time":"2026-10-01T16:25:39.10137+08:00","Action":"run","Package":"ops-platform/test/integration","Test":"TestRealOpenBaoTransitAndSeaweedS3AuditArchive"}
{"Time":"2026-10-01T16:25:39.101485+08:00","Action":"output","Package":"ops-platform/test/integration","Test":"TestRealOpenBaoTransitAndSeaweedS3AuditArchive","Output":"=== RUN   TestRealOpenBaoTransitAndSeaweedS3AuditArchive\n","OutputType":"frame"}
{"Time":"2026-10-01T16:25:39.478845+08:00","Action":"output","Package":"ops-platform/test/integration","Test":"TestRealOpenBaoTransitAndSeaweedS3AuditArchive","Output":"2026/10/01 16:25:39 OK   00001_roles_and_schemas.sql (17.89ms)\n"}
{"Time":"2026-10-01T16:25:39.478986+08:00","Action":"output","Package":"ops-platform/test/integration","Test":"TestRealOpenBaoTransitAndSeaweedS3AuditArchive","Output":"2026/10/01 16:25:39 goose: successfully migrated database to version: 1\n"}
{"Time":"2026-10-01T16:25:39.509377+08:00","Action":"output","Package":"ops-platform/test/integration","Test":"TestRealOpenBaoTransitAndSeaweedS3AuditArchive","Output":"2026/10/01 16:25:39 OK   00002_platform_meta.sql (20.3ms)\n"}
{"Time":"2026-10-01T16:25:39.518256+08:00","Action":"output","Package":"ops-platform/test/integration","Test":"TestRealOpenBaoTransitAndSeaweedS3AuditArchive","Output":"2026/10/01 16:25:39 OK   00003_finding.sql (8.57ms)\n"}
{"Time":"2026-10-01T16:25:39.526013+08:00","Action":"output","Package":"ops-platform/test/integration","Test":"TestRealOpenBaoTransitAndSeaweedS3AuditArchive","Output":"2026/10/01 16:25:39 OK   00004_incident.sql (6.66ms)\n"}
{"Time":"2026-10-01T16:25:39.533744+08:00","Action":"output","Package":"ops-platform/test/integration","Test":"TestRealOpenBaoTransitAndSeaweedS3AuditArchive","Output":"2026/10/01 16:25:39 OK   00005_investigation.sql (7.3ms)\n"}
{"Time":"2026-10-01T16:25:39.540475+08:00","Action":"output","Package":"ops-platform/test/integration","Test":"TestRealOpenBaoTransitAndSeaweedS3AuditArchive","Output":"2026/10/01 16:25:39 OK   00006_action_command.sql (6.34ms)\n"}
{"Time":"2026-10-01T16:25:39.550338+08:00","Action":"output","Package":"ops-platform/test/integration","Test":"TestRealOpenBaoTransitAndSeaweedS3AuditArchive","Output":"2026/10/01 16:25:39 OK   00007_audit.sql (9.5ms)\n"}
{"Time":"2026-10-01T16:25:39.558748+08:00","Action":"output","Package":"ops-platform/test/integration","Test":"TestRealOpenBaoTransitAndSeaweedS3AuditArchive","Output":"2026/10/01 16:25:39 OK   00008_rls.sql (8.17ms)\n"}
{"Time":"2026-10-01T16:25:39.566955+08:00","Action":"output","Package":"ops-platform/test/integration","Test":"TestRealOpenBaoTransitAndSeaweedS3AuditArchive","Output":"2026/10/01 16:25:39 OK   00009_idempotency_ledger.sql (7.87ms)\n"}
{"Time":"2026-10-01T16:25:39.572489+08:00","Action":"output","Package":"ops-platform/test/integration","Test":"TestRealOpenBaoTransitAndSeaweedS3AuditArchive","Output":"2026/10/01 16:25:39 OK   00010_tenant_provisioning.sql (5.22ms)\n"}
{"Time":"2026-10-01T16:25:39.579563+08:00","Action":"output","Package":"ops-platform/test/integration","Test":"TestRealOpenBaoTransitAndSeaweedS3AuditArchive","Output":"2026/10/01 16:25:39 OK   00011_source_registration_history.sql (6.79ms)\n"}
{"Time":"2026-10-01T16:25:39.589257+08:00","Action":"output","Package":"ops-platform/test/integration","Test":"TestRealOpenBaoTransitAndSeaweedS3AuditArchive","Output":"2026/10/01 16:25:39 OK   00012_config_registry_lifecycle.sql (9.35ms)\n"}
{"Time":"2026-10-01T16:25:39.600479+08:00","Action":"output","Package":"ops-platform/test/integration","Test":"TestRealOpenBaoTransitAndSeaweedS3AuditArchive","Output":"2026/10/01 16:25:39 OK   00013_audit_signed_segments.sql (10.85ms)\n"}
{"Time":"2026-10-01T16:25:39.606467+08:00","Action":"output","Package":"ops-platform/test/integration","Test":"TestRealOpenBaoTransitAndSeaweedS3AuditArchive","Output":"2026/10/01 16:25:39 OK   00014_audit_segment_predecessors.sql (5.75ms)\n"}
{"Time":"2026-10-01T16:25:39.60994+08:00","Action":"output","Package":"ops-platform/test/integration","Test":"TestRealOpenBaoTransitAndSeaweedS3AuditArchive","Output":"2026/10/01 16:25:39 OK   00015_source_schema_scope.sql (3.3ms)\n"}
{"Time":"2026-10-01T16:25:39.614373+08:00","Action":"output","Package":"ops-platform/test/integration","Test":"TestRealOpenBaoTransitAndSeaweedS3AuditArchive","Output":"2026/10/01 16:25:39 OK   00016_cluster_registration_metadata.sql (4.24ms)\n"}
{"Time":"2026-10-01T16:25:39.614419+08:00","Action":"output","Package":"ops-platform/test/integration","Test":"TestRealOpenBaoTransitAndSeaweedS3AuditArchive","Output":"2026/10/01 16:25:39 goose: successfully migrated database to version: 16\n"}
{"Time":"2026-10-01T16:25:39.665969+08:00","Action":"output","Package":"ops-platform/test/integration","Test":"TestRealOpenBaoTransitAndSeaweedS3AuditArchive","Output":"    archive_services_test.go:182: isolated S3 bucket=sp03-d50c465d object=240210ef-0557-4bd3-bbe8-f9e808120d9f digest=sha256:29e16a3c7cd8a747ca75df38a1eeb48a2e1ac0ca49630508c723320b21457c70; audit tenant=1b8d1f30-ab2a-4fcc-a9f5-aa29ff5fa38f segment=01a0f691-b62b-7ae5-a94a-6ab28f97118b seq=1 verified\n"}
{"Time":"2026-10-01T16:25:39.728233+08:00","Action":"output","Package":"ops-platform/test/integration","Test":"TestRealOpenBaoTransitAndSeaweedS3AuditArchive","Output":"--- PASS: TestRealOpenBaoTransitAndSeaweedS3AuditArchive (0.63s)\n","OutputType":"frame"}
{"Time":"2026-10-01T16:25:39.728442+08:00","Action":"pass","Package":"ops-platform/test/integration","Test":"TestRealOpenBaoTransitAndSeaweedS3AuditArchive","Elapsed":0.63}
{"Time":"2026-10-01T16:25:39.728603+08:00","Action":"run","Package":"ops-platform/test/integration","Test":"TestAuditSegmentsAppendConcurrentlyRecoverAndVerifyTenantScoped"}
{"Time":"2026-10-01T16:25:39.728646+08:00","Action":"output","Package":"ops-platform/test/integration","Test":"TestAuditSegmentsAppendConcurrentlyRecoverAndVerifyTenantScoped","Output":"=== RUN   TestAuditSegmentsAppendConcurrentlyRecoverAndVerifyTenantScoped\n","OutputType":"frame"}
{"Time":"2026-10-01T16:25:39.767611+08:00","Action":"output","Package":"ops-platform/test/integration","Test":"TestAuditSegmentsAppendConcurrentlyRecoverAndVerifyTenantScoped","Output":"2026/10/01 16:25:39 OK   00001_roles_and_schemas.sql (7.42ms)\n"}
{"Time":"2026-10-01T16:25:39.767676+08:00","Action":"output","Package":"ops-platform/test/integration","Test":"TestAuditSegmentsAppendConcurrentlyRecoverAndVerifyTenantScoped","Output":"2026/10/01 16:25:39 goose: successfully migrated database to version: 1\n"}
{"Time":"2026-10-01T16:25:39.787792+08:00","Action":"output","Package":"ops-platform/test/integration","Test":"TestAuditSegmentsAppendConcurrentlyRecoverAndVerifyTenantScoped","Output":"2026/10/01 16:25:39 OK   00002_platform_meta.sql (13.45ms)\n"}
{"Time":"2026-10-01T16:25:39.793687+08:00","Action":"output","Package":"ops-platform/test/integration","Test":"TestAuditSegmentsAppendConcurrentlyRecoverAndVerifyTenantScoped","Output":"2026/10/01 16:25:39 OK   00003_finding.sql (5.69ms)\n"}
{"Time":"2026-10-01T16:25:39.797862+08:00","Action":"output","Package":"ops-platform/test/integration","Test":"TestAuditSegmentsAppendConcurrentlyRecoverAndVerifyTenantScoped","Output":"2026/10/01 16:25:39 OK   00004_incident.sql (4.01ms)\n"}
{"Time":"2026-10-01T16:25:39.802745+08:00","Action":"output","Package":"ops-platform/test/integration","Test":"TestAuditSegmentsAppendConcurrentlyRecoverAndVerifyTenantScoped","Output":"2026/10/01 16:25:39 OK   00005_investigation.sql (4.67ms)\n"}
{"Time":"2026-10-01T16:25:39.807357+08:00","Action":"output","Package":"ops-platform/test/integration","Test":"TestAuditSegmentsAppendConcurrentlyRecoverAndVerifyTenantScoped","Output":"2026/10/01 16:25:39 OK   00006_action_command.sql (4.46ms)\n"}
{"Time":"2026-10-01T16:25:39.814963+08:00","Action":"output","Package":"ops-platform/test/integration","Test":"TestAuditSegmentsAppendConcurrentlyRecoverAndVerifyTenantScoped","Output":"2026/10/01 16:25:39 OK   00007_audit.sql (7.37ms)\n"}
{"Time":"2026-10-01T16:25:39.822137+08:00","Action":"output","Package":"ops-platform/test/integration","Test":"TestAuditSegmentsAppendConcurrentlyRecoverAndVerifyTenantScoped","Output":"2026/10/01 16:25:39 OK   00008_rls.sql (7ms)\n"}
{"Time":"2026-10-01T16:25:39.828257+08:00","Action":"output","Package":"ops-platform/test/integration","Test":"TestAuditSegmentsAppendConcurrentlyRecoverAndVerifyTenantScoped","Output":"2026/10/01 16:25:39 OK   00009_idempotency_ledger.sql (5.85ms)\n"}
{"Time":"2026-10-01T16:25:39.832615+08:00","Action":"output","Package":"ops-platform/test/integration","Test":"TestAuditSegmentsAppendConcurrentlyRecoverAndVerifyTenantScoped","Output":"2026/10/01 16:25:39 OK   00010_tenant_provisioning.sql (4.09ms)\n"}
{"Time":"2026-10-01T16:25:39.837619+08:00","Action":"output","Package":"ops-platform/test/integration","Test":"TestAuditSegmentsAppendConcurrentlyRecoverAndVerifyTenantScoped","Output":"2026/10/01 16:25:39 OK   00011_source_registration_history.sql (4.82ms)\n"}
{"Time":"2026-10-01T16:25:39.845153+08:00","Action":"output","Package":"ops-platform/test/integration","Test":"TestAuditSegmentsAppendConcurrentlyRecoverAndVerifyTenantScoped","Output":"2026/10/01 16:25:39 OK   00012_config_registry_lifecycle.sql (7.26ms)\n"}
{"Time":"2026-10-01T16:25:39.854312+08:00","Action":"output","Package":"ops-platform/test/integration","Test":"TestAuditSegmentsAppendConcurrentlyRecoverAndVerifyTenantScoped","Output":"2026/10/01 16:25:39 OK   00013_audit_signed_segments.sql (8.87ms)\n"}
{"Time":"2026-10-01T16:25:39.859108+08:00","Action":"output","Package":"ops-platform/test/integration","Test":"TestAuditSegmentsAppendConcurrentlyRecoverAndVerifyTenantScoped","Output":"2026/10/01 16:25:39 OK   00014_audit_segment_predecessors.sql (4.64ms)\n"}
{"Time":"2026-10-01T16:25:39.861978+08:00","Action":"output","Package":"ops-platform/test/integration","Test":"TestAuditSegmentsAppendConcurrentlyRecoverAndVerifyTenantScoped","Output":"2026/10/01 16:25:39 OK   00015_source_schema_scope.sql (2.74ms)\n"}
{"Time":"2026-10-01T16:25:39.865425+08:00","Action":"output","Package":"ops-platform/test/integration","Test":"TestAuditSegmentsAppendConcurrentlyRecoverAndVerifyTenantScoped","Output":"2026/10/01 16:25:39 OK   00016_cluster_registration_metadata.sql (3.33ms)\n"}
{"Time":"2026-10-01T16:25:39.865457+08:00","Action":"output","Package":"ops-platform/test/integration","Test":"TestAuditSegmentsAppendConcurrentlyRecoverAndVerifyTenantScoped","Output":"2026/10/01 16:25:39 goose: successfully migrated database to version: 16\n"}
{"Time":"2026-10-01T16:25:41.73473+08:00","Action":"output","Package":"ops-platform/test/integration","Test":"TestAuditSegmentsAppendConcurrentlyRecoverAndVerifyTenantScoped","Output":"--- PASS: TestAuditSegmentsAppendConcurrentlyRecoverAndVerifyTenantScoped (2.01s)\n","OutputType":"frame"}
{"Time":"2026-10-01T16:25:41.734848+08:00","Action":"pass","Package":"ops-platform/test/integration","Test":"TestAuditSegmentsAppendConcurrentlyRecoverAndVerifyTenantScoped","Elapsed":2.01}
{"Time":"2026-10-01T16:25:41.734912+08:00","Action":"run","Package":"ops-platform/test/integration","Test":"TestRoleBindingsAndStepUpSessions"}
{"Time":"2026-10-01T16:25:41.734929+08:00","Action":"output","Package":"ops-platform/test/integration","Test":"TestRoleBindingsAndStepUpSessions","Output":"=== RUN   TestRoleBindingsAndStepUpSessions\n","OutputType":"frame"}
{"Time":"2026-10-01T16:25:41.806507+08:00","Action":"output","Package":"ops-platform/test/integration","Test":"TestRoleBindingsAndStepUpSessions","Output":"2026/10/01 16:25:41 OK   00001_roles_and_schemas.sql (11.36ms)\n"}
{"Time":"2026-10-01T16:25:41.806551+08:00","Action":"output","Package":"ops-platform/test/integration","Test":"TestRoleBindingsAndStepUpSessions","Output":"2026/10/01 16:25:41 goose: successfully migrated database to version: 1\n"}
{"Time":"2026-10-01T16:25:41.833202+08:00","Action":"output","Package":"ops-platform/test/integration","Test":"TestRoleBindingsAndStepUpSessions","Output":"2026/10/01 16:25:41 OK   00002_platform_meta.sql (18.18ms)\n"}
{"Time":"2026-10-01T16:25:41.841485+08:00","Action":"output","Package":"ops-platform/test/integration","Test":"TestRoleBindingsAndStepUpSessions","Output":"2026/10/01 16:25:41 OK   00003_finding.sql (8.04ms)\n"}
{"Time":"2026-10-01T16:25:41.846012+08:00","Action":"output","Package":"ops-platform/test/integration","Test":"TestRoleBindingsAndStepUpSessions","Output":"2026/10/01 16:25:41 OK   00004_incident.sql (4.3ms)\n"}
{"Time":"2026-10-01T16:25:41.851532+08:00","Action":"output","Package":"ops-platform/test/integration","Test":"TestRoleBindingsAndStepUpSessions","Output":"2026/10/01 16:25:41 OK   00005_investigation.sql (5.45ms)\n"}
{"Time":"2026-10-01T16:25:41.856572+08:00","Action":"output","Package":"ops-platform/test/integration","Test":"TestRoleBindingsAndStepUpSessions","Output":"2026/10/01 16:25:41 OK   00006_action_command.sql (4.98ms)\n"}
{"Time":"2026-10-01T16:25:41.866285+08:00","Action":"output","Package":"ops-platform/test/integration","Test":"TestRoleBindingsAndStepUpSessions","Output":"2026/10/01 16:25:41 OK   00007_audit.sql (9.63ms)\n"}
{"Time":"2026-10-01T16:25:41.873831+08:00","Action":"output","Package":"ops-platform/test/integration","Test":"TestRoleBindingsAndStepUpSessions","Output":"2026/10/01 16:25:41 OK   00008_rls.sql (7.47ms)\n"}
{"Time":"2026-10-01T16:25:41.879249+08:00","Action":"output","Package":"ops-platform/test/integration","Test":"TestRoleBindingsAndStepUpSessions","Output":"2026/10/01 16:25:41 OK   00009_idempotency_ledger.sql (5.34ms)\n"}
{"Time":"2026-10-01T16:25:41.883262+08:00","Action":"output","Package":"ops-platform/test/integration","Test":"TestRoleBindingsAndStepUpSessions","Output":"2026/10/01 16:25:41 OK   00010_tenant_provisioning.sql (3.96ms)\n"}
{"Time":"2026-10-01T16:25:41.889059+08:00","Action":"output","Package":"ops-platform/test/integration","Test":"TestRoleBindingsAndStepUpSessions","Output":"2026/10/01 16:25:41 OK   00011_source_registration_history.sql (5.75ms)\n"}
{"Time":"2026-10-01T16:25:41.896512+08:00","Action":"output","Package":"ops-platform/test/integration","Test":"TestRoleBindingsAndStepUpSessions","Output":"2026/10/01 16:25:41 OK   00012_config_registry_lifecycle.sql (7.39ms)\n"}
{"Time":"2026-10-01T16:25:41.905519+08:00","Action":"output","Package":"ops-platform/test/integration","Test":"TestRoleBindingsAndStepUpSessions","Output":"2026/10/01 16:25:41 OK   00013_audit_signed_segments.sql (8.93ms)\n"}
{"Time":"2026-10-01T16:25:41.910571+08:00","Action":"output","Package":"ops-platform/test/integration","Test":"TestRoleBindingsAndStepUpSessions","Output":"2026/10/01 16:25:41 OK   00014_audit_segment_predecessors.sql (5ms)\n"}
{"Time":"2026-10-01T16:25:41.913861+08:00","Action":"output","Package":"ops-platform/test/integration","Test":"TestRoleBindingsAndStepUpSessions","Output":"2026/10/01 16:25:41 OK   00015_source_schema_scope.sql (3.24ms)\n"}
{"Time":"2026-10-01T16:25:41.918041+08:00","Action":"output","Package":"ops-platform/test/integration","Test":"TestRoleBindingsAndStepUpSessions","Output":"2026/10/01 16:25:41 OK   00016_cluster_registration_metadata.sql (4.15ms)\n"}
{"Time":"2026-10-01T16:25:41.918054+08:00","Action":"output","Package":"ops-platform/test/integration","Test":"TestRoleBindingsAndStepUpSessions","Output":"2026/10/01 16:25:41 goose: successfully migrated database to version: 16\n"}
{"Time":"2026-10-01T16:25:41.997513+08:00","Action":"output","Package":"ops-platform/test/integration","Test":"TestRoleBindingsAndStepUpSessions","Output":"--- PASS: TestRoleBindingsAndStepUpSessions (0.26s)\n","OutputType":"frame"}
{"Time":"2026-10-01T16:25:41.997537+08:00","Action":"pass","Package":"ops-platform/test/integration","Test":"TestRoleBindingsAndStepUpSessions","Elapsed":0.26}
{"Time":"2026-10-01T16:25:41.997553+08:00","Action":"run","Package":"ops-platform/test/integration","Test":"TestConfigRegistryPublishesActivatesRollsBackAndPreservesHistory"}
{"Time":"2026-10-01T16:25:41.997557+08:00","Action":"output","Package":"ops-platform/test/integration","Test":"TestConfigRegistryPublishesActivatesRollsBackAndPreservesHistory","Output":"=== RUN   TestConfigRegistryPublishesActivatesRollsBackAndPreservesHistory\n","OutputType":"frame"}
{"Time":"2026-10-01T16:25:42.034761+08:00","Action":"output","Package":"ops-platform/test/integration","Test":"TestConfigRegistryPublishesActivatesRollsBackAndPreservesHistory","Output":"2026/10/01 16:25:42 OK   00001_roles_and_schemas.sql (6.25ms)\n"}
{"Time":"2026-10-01T16:25:42.034949+08:00","Action":"output","Package":"ops-platform/test/integration","Test":"TestConfigRegistryPublishesActivatesRollsBackAndPreservesHistory","Output":"2026/10/01 16:25:42 goose: successfully migrated database to version: 1\n"}
{"Time":"2026-10-01T16:25:42.053806+08:00","Action":"output","Package":"ops-platform/test/integration","Test":"TestConfigRegistryPublishesActivatesRollsBackAndPreservesHistory","Output":"2026/10/01 16:25:42 OK   00002_platform_meta.sql (12.76ms)\n"}
{"Time":"2026-10-01T16:25:42.059797+08:00","Action":"output","Package":"ops-platform/test/integration","Test":"TestConfigRegistryPublishesActivatesRollsBackAndPreservesHistory","Output":"2026/10/01 16:25:42 OK   00003_finding.sql (5.82ms)\n"}
{"Time":"2026-10-01T16:25:42.063813+08:00","Action":"output","Package":"ops-platform/test/integration","Test":"TestConfigRegistryPublishesActivatesRollsBackAndPreservesHistory","Output":"2026/10/01 16:25:42 OK   00004_incident.sql (3.88ms)\n"}
{"Time":"2026-10-01T16:25:42.068563+08:00","Action":"output","Package":"ops-platform/test/integration","Test":"TestConfigRegistryPublishesActivatesRollsBackAndPreservesHistory","Output":"2026/10/01 16:25:42 OK   00005_investigation.sql (4.66ms)\n"}
{"Time":"2026-10-01T16:25:42.072766+08:00","Action":"output","Package":"ops-platform/test/integration","Test":"TestConfigRegistryPublishesActivatesRollsBackAndPreservesHistory","Output":"2026/10/01 16:25:42 OK   00006_action_command.sql (4.1ms)\n"}
{"Time":"2026-10-01T16:25:42.079241+08:00","Action":"output","Package":"ops-platform/test/integration","Test":"TestConfigRegistryPublishesActivatesRollsBackAndPreservesHistory","Output":"2026/10/01 16:25:42 OK   00007_audit.sql (6.35ms)\n"}
{"Time":"2026-10-01T16:25:42.085335+08:00","Action":"output","Package":"ops-platform/test/integration","Test":"TestConfigRegistryPublishesActivatesRollsBackAndPreservesHistory","Output":"2026/10/01 16:25:42 OK   00008_rls.sql (5.97ms)\n"}
{"Time":"2026-10-01T16:25:42.090532+08:00","Action":"output","Package":"ops-platform/test/integration","Test":"TestConfigRegistryPublishesActivatesRollsBackAndPreservesHistory","Output":"2026/10/01 16:25:42 OK   00009_idempotency_ledger.sql (5.07ms)\n"}
{"Time":"2026-10-01T16:25:42.093734+08:00","Action":"output","Package":"ops-platform/test/integration","Test":"TestConfigRegistryPublishesActivatesRollsBackAndPreservesHistory","Output":"2026/10/01 16:25:42 OK   00010_tenant_provisioning.sql (3.06ms)\n"}
{"Time":"2026-10-01T16:25:42.098217+08:00","Action":"output","Package":"ops-platform/test/integration","Test":"TestConfigRegistryPublishesActivatesRollsBackAndPreservesHistory","Output":"2026/10/01 16:25:42 OK   00011_source_registration_history.sql (4.36ms)\n"}
{"Time":"2026-10-01T16:25:42.105405+08:00","Action":"output","Package":"ops-platform/test/integration","Test":"TestConfigRegistryPublishesActivatesRollsBackAndPreservesHistory","Output":"2026/10/01 16:25:42 OK   00012_config_registry_lifecycle.sql (7.06ms)\n"}
{"Time":"2026-10-01T16:25:42.113585+08:00","Action":"output","Package":"ops-platform/test/integration","Test":"TestConfigRegistryPublishesActivatesRollsBackAndPreservesHistory","Output":"2026/10/01 16:25:42 OK   00013_audit_signed_segments.sql (7.98ms)\n"}
{"Time":"2026-10-01T16:25:42.117744+08:00","Action":"output","Package":"ops-platform/test/integration","Test":"TestConfigRegistryPublishesActivatesRollsBackAndPreservesHistory","Output":"2026/10/01 16:25:42 OK   00014_audit_segment_predecessors.sql (4.05ms)\n"}
{"Time":"2026-10-01T16:25:42.121096+08:00","Action":"output","Package":"ops-platform/test/integration","Test":"TestConfigRegistryPublishesActivatesRollsBackAndPreservesHistory","Output":"2026/10/01 16:25:42 OK   00015_source_schema_scope.sql (3.27ms)\n"}
{"Time":"2026-10-01T16:25:42.124861+08:00","Action":"output","Package":"ops-platform/test/integration","Test":"TestConfigRegistryPublishesActivatesRollsBackAndPreservesHistory","Output":"2026/10/01 16:25:42 OK   00016_cluster_registration_metadata.sql (3.65ms)\n"}
{"Time":"2026-10-01T16:25:42.125073+08:00","Action":"output","Package":"ops-platform/test/integration","Test":"TestConfigRegistryPublishesActivatesRollsBackAndPreservesHistory","Output":"2026/10/01 16:25:42 goose: successfully migrated database to version: 16\n"}
{"Time":"2026-10-01T16:25:42.299586+08:00","Action":"output","Package":"ops-platform/test/integration","Test":"TestConfigRegistryPublishesActivatesRollsBackAndPreservesHistory","Output":"--- PASS: TestConfigRegistryPublishesActivatesRollsBackAndPreservesHistory (0.30s)\n","OutputType":"frame"}
{"Time":"2026-10-01T16:25:42.29973+08:00","Action":"pass","Package":"ops-platform/test/integration","Test":"TestConfigRegistryPublishesActivatesRollsBackAndPreservesHistory","Elapsed":0.3}
{"Time":"2026-10-01T16:25:42.299756+08:00","Action":"run","Package":"ops-platform/test/integration","Test":"TestIdempotencyLedgerSchema"}
{"Time":"2026-10-01T16:25:42.299765+08:00","Action":"output","Package":"ops-platform/test/integration","Test":"TestIdempotencyLedgerSchema","Output":"=== RUN   TestIdempotencyLedgerSchema\n","OutputType":"frame"}
{"Time":"2026-10-01T16:25:42.331353+08:00","Action":"output","Package":"ops-platform/test/integration","Test":"TestIdempotencyLedgerSchema","Output":"2026/10/01 16:25:42 OK   00001_roles_and_schemas.sql (7.1ms)\n"}
{"Time":"2026-10-01T16:25:42.331516+08:00","Action":"output","Package":"ops-platform/test/integration","Test":"TestIdempotencyLedgerSchema","Output":"2026/10/01 16:25:42 goose: successfully migrated database to version: 1\n"}
{"Time":"2026-10-01T16:25:42.351873+08:00","Action":"output","Package":"ops-platform/test/integration","Test":"TestIdempotencyLedgerSchema","Output":"2026/10/01 16:25:42 OK   00002_platform_meta.sql (15.18ms)\n"}
{"Time":"2026-10-01T16:25:42.358011+08:00","Action":"output","Package":"ops-platform/test/integration","Test":"TestIdempotencyLedgerSchema","Output":"2026/10/01 16:25:42 OK   00003_finding.sql (5.42ms)\n"}
{"Time":"2026-10-01T16:25:42.362087+08:00","Action":"output","Package":"ops-platform/test/integration","Test":"TestIdempotencyLedgerSchema","Output":"2026/10/01 16:25:42 OK   00004_incident.sql (3.7ms)\n"}
{"Time":"2026-10-01T16:25:42.366202+08:00","Action":"output","Package":"ops-platform/test/integration","Test":"TestIdempotencyLedgerSchema","Output":"2026/10/01 16:25:42 OK   00005_investigation.sql (4.01ms)\n"}
{"Time":"2026-10-01T16:25:42.369982+08:00","Action":"output","Package":"ops-platform/test/integration","Test":"TestIdempotencyLedgerSchema","Output":"2026/10/01 16:25:42 OK   00006_action_command.sql (3.68ms)\n"}
{"Time":"2026-10-01T16:25:42.376034+08:00","Action":"output","Package":"ops-platform/test/integration","Test":"TestIdempotencyLedgerSchema","Output":"2026/10/01 16:25:42 OK   00007_audit.sql (5.95ms)\n"}
{"Time":"2026-10-01T16:25:42.382295+08:00","Action":"output","Package":"ops-platform/test/integration","Test":"TestIdempotencyLedgerSchema","Output":"2026/10/01 16:25:42 OK   00008_rls.sql (6.17ms)\n"}
{"Time":"2026-10-01T16:25:42.386748+08:00","Action":"output","Package":"ops-platform/test/integration","Test":"TestIdempotencyLedgerSchema","Output":"2026/10/01 16:25:42 OK   00009_idempotency_ledger.sql (4.34ms)\n"}
{"Time":"2026-10-01T16:25:42.390136+08:00","Action":"output","Package":"ops-platform/test/integration","Test":"TestIdempotencyLedgerSchema","Output":"2026/10/01 16:25:42 OK   00010_tenant_provisioning.sql (3.27ms)\n"}
{"Time":"2026-10-01T16:25:42.394784+08:00","Action":"output","Package":"ops-platform/test/integration","Test":"TestIdempotencyLedgerSchema","Output":"2026/10/01 16:25:42 OK   00011_source_registration_history.sql (4.42ms)\n"}
{"Time":"2026-10-01T16:25:42.400846+08:00","Action":"output","Package":"ops-platform/test/integration","Test":"TestIdempotencyLedgerSchema","Output":"2026/10/01 16:25:42 OK   00012_config_registry_lifecycle.sql (5.91ms)\n"}
{"Time":"2026-10-01T16:25:42.409239+08:00","Action":"output","Package":"ops-platform/test/integration","Test":"TestIdempotencyLedgerSchema","Output":"2026/10/01 16:25:42 OK   00013_audit_signed_segments.sql (8.22ms)\n"}
{"Time":"2026-10-01T16:25:42.413395+08:00","Action":"output","Package":"ops-platform/test/integration","Test":"TestIdempotencyLedgerSchema","Output":"2026/10/01 16:25:42 OK   00014_audit_segment_predecessors.sql (4.03ms)\n"}
{"Time":"2026-10-01T16:25:42.415601+08:00","Action":"output","Package":"ops-platform/test/integration","Test":"TestIdempotencyLedgerSchema","Output":"2026/10/01 16:25:42 OK   00015_source_schema_scope.sql (2.09ms)\n"}
{"Time":"2026-10-01T16:25:42.418471+08:00","Action":"output","Package":"ops-platform/test/integration","Test":"TestIdempotencyLedgerSchema","Output":"2026/10/01 16:25:42 OK   00016_cluster_registration_metadata.sql (2.75ms)\n"}
{"Time":"2026-10-01T16:25:42.418613+08:00","Action":"output","Package":"ops-platform/test/integration","Test":"TestIdempotencyLedgerSchema","Output":"2026/10/01 16:25:42 goose: successfully migrated database to version: 16\n"}
{"Time":"2026-10-01T16:25:42.462161+08:00","Action":"output","Package":"ops-platform/test/integration","Test":"TestIdempotencyLedgerSchema","Output":"--- PASS: TestIdempotencyLedgerSchema (0.16s)\n","OutputType":"frame"}
{"Time":"2026-10-01T16:25:42.462235+08:00","Action":"pass","Package":"ops-platform/test/integration","Test":"TestIdempotencyLedgerSchema","Elapsed":0.16}
{"Time":"2026-10-01T16:25:42.462271+08:00","Action":"run","Package":"ops-platform/test/integration","Test":"TestIdempotencyLedger"}
{"Time":"2026-10-01T16:25:42.462284+08:00","Action":"output","Package":"ops-platform/test/integration","Test":"TestIdempotencyLedger","Output":"=== RUN   TestIdempotencyLedger\n","OutputType":"frame"}
{"Time":"2026-10-01T16:25:42.50197+08:00","Action":"output","Package":"ops-platform/test/integration","Test":"TestIdempotencyLedger","Output":"2026/10/01 16:25:42 OK   00001_roles_and_schemas.sql (8.1ms)\n"}
{"Time":"2026-10-01T16:25:42.50203+08:00","Action":"output","Package":"ops-platform/test/integration","Test":"TestIdempotencyLedger","Output":"2026/10/01 16:25:42 goose: successfully migrated database to version: 1\n"}
{"Time":"2026-10-01T16:25:42.522787+08:00","Action":"output","Package":"ops-platform/test/integration","Test":"TestIdempotencyLedger","Output":"2026/10/01 16:25:42 OK   00002_platform_meta.sql (13.5ms)\n"}
{"Time":"2026-10-01T16:25:42.529276+08:00","Action":"output","Package":"ops-platform/test/integration","Test":"TestIdempotencyLedger","Output":"2026/10/01 16:25:42 OK   00003_finding.sql (6.3ms)\n"}
{"Time":"2026-10-01T16:25:42.533885+08:00","Action":"output","Package":"ops-platform/test/integration","Test":"TestIdempotencyLedger","Output":"2026/10/01 16:25:42 OK   00004_incident.sql (4.38ms)\n"}
{"Time":"2026-10-01T16:25:42.539042+08:00","Action":"output","Package":"ops-platform/test/integration","Test":"TestIdempotencyLedger","Output":"2026/10/01 16:25:42 OK   00005_investigation.sql (4.95ms)\n"}
{"Time":"2026-10-01T16:25:42.543725+08:00","Action":"output","Package":"ops-platform/test/integration","Test":"TestIdempotencyLedger","Output":"2026/10/01 16:25:42 OK   00006_action_command.sql (4.5ms)\n"}
{"Time":"2026-10-01T16:25:42.550657+08:00","Action":"output","Package":"ops-platform/test/integration","Test":"TestIdempotencyLedger","Output":"2026/10/01 16:25:42 OK   00007_audit.sql (6.79ms)\n"}
{"Time":"2026-10-01T16:25:42.557931+08:00","Action":"output","Package":"ops-platform/test/integration","Test":"TestIdempotencyLedger","Output":"2026/10/01 16:25:42 OK   00008_rls.sql (7.13ms)\n"}
{"Time":"2026-10-01T16:25:42.564529+08:00","Action":"output","Package":"ops-platform/test/integration","Test":"TestIdempotencyLedger","Output":"2026/10/01 16:25:42 OK   00009_idempotency_ledger.sql (6.37ms)\n"}
{"Time":"2026-10-01T16:25:42.569382+08:00","Action":"output","Package":"ops-platform/test/integration","Test":"TestIdempotencyLedger","Output":"2026/10/01 16:25:42 OK   00010_tenant_provisioning.sql (4.64ms)\n"}
{"Time":"2026-10-01T16:25:42.575086+08:00","Action":"output","Package":"ops-platform/test/integration","Test":"TestIdempotencyLedger","Output":"2026/10/01 16:25:42 OK   00011_source_registration_history.sql (5.55ms)\n"}
{"Time":"2026-10-01T16:25:42.58309+08:00","Action":"output","Package":"ops-platform/test/integration","Test":"TestIdempotencyLedger","Output":"2026/10/01 16:25:42 OK   00012_config_registry_lifecycle.sql (7.87ms)\n"}
{"Time":"2026-10-01T16:25:42.593262+08:00","Action":"output","Package":"ops-platform/test/integration","Test":"TestIdempotencyLedger","Output":"2026/10/01 16:25:42 OK   00013_audit_signed_segments.sql (9.86ms)\n"}
{"Time":"2026-10-01T16:25:42.598052+08:00","Action":"output","Package":"ops-platform/test/integration","Test":"TestIdempotencyLedger","Output":"2026/10/01 16:25:42 OK   00014_audit_segment_predecessors.sql (4.63ms)\n"}
{"Time":"2026-10-01T16:25:42.601036+08:00","Action":"output","Package":"ops-platform/test/integration","Test":"TestIdempotencyLedger","Output":"2026/10/01 16:25:42 OK   00015_source_schema_scope.sql (2.88ms)\n"}
{"Time":"2026-10-01T16:25:42.605584+08:00","Action":"output","Package":"ops-platform/test/integration","Test":"TestIdempotencyLedger","Output":"2026/10/01 16:25:42 OK   00016_cluster_registration_metadata.sql (4.4ms)\n"}
{"Time":"2026-10-01T16:25:42.605698+08:00","Action":"output","Package":"ops-platform/test/integration","Test":"TestIdempotencyLedger","Output":"2026/10/01 16:25:42 goose: successfully migrated database to version: 16\n"}
{"Time":"2026-10-01T16:25:42.722395+08:00","Action":"output","Package":"ops-platform/test/integration","Test":"TestIdempotencyLedger","Output":"--- PASS: TestIdempotencyLedger (0.26s)\n","OutputType":"frame"}
{"Time":"2026-10-01T16:25:42.722496+08:00","Action":"pass","Package":"ops-platform/test/integration","Test":"TestIdempotencyLedger","Elapsed":0.26}
{"Time":"2026-10-01T16:25:42.72253+08:00","Action":"run","Package":"ops-platform/test/integration","Test":"TestIdempotencyHTTPMiddleware"}
{"Time":"2026-10-01T16:25:42.722562+08:00","Action":"output","Package":"ops-platform/test/integration","Test":"TestIdempotencyHTTPMiddleware","Output":"=== RUN   TestIdempotencyHTTPMiddleware\n","OutputType":"frame"}
{"Time":"2026-10-01T16:25:42.754968+08:00","Action":"output","Package":"ops-platform/test/integration","Test":"TestIdempotencyHTTPMiddleware","Output":"2026/10/01 16:25:42 OK   00001_roles_and_schemas.sql (6.79ms)\n"}
{"Time":"2026-10-01T16:25:42.755052+08:00","Action":"output","Package":"ops-platform/test/integration","Test":"TestIdempotencyHTTPMiddleware","Output":"2026/10/01 16:25:42 goose: successfully migrated database to version: 1\n"}
{"Time":"2026-10-01T16:25:42.775804+08:00","Action":"output","Package":"ops-platform/test/integration","Test":"TestIdempotencyHTTPMiddleware","Output":"2026/10/01 16:25:42 OK   00002_platform_meta.sql (12.55ms)\n"}
{"Time":"2026-10-01T16:25:42.780859+08:00","Action":"output","Package":"ops-platform/test/integration","Test":"TestIdempotencyHTTPMiddleware","Output":"2026/10/01 16:25:42 OK   00003_finding.sql (4.89ms)\n"}
{"Time":"2026-10-01T16:25:42.78469+08:00","Action":"output","Package":"ops-platform/test/integration","Test":"TestIdempotencyHTTPMiddleware","Output":"2026/10/01 16:25:42 OK   00004_incident.sql (3.6ms)\n"}
{"Time":"2026-10-01T16:25:42.789102+08:00","Action":"output","Package":"ops-platform/test/integration","Test":"TestIdempotencyHTTPMiddleware","Output":"2026/10/01 16:25:42 OK   00005_investigation.sql (4.34ms)\n"}
{"Time":"2026-10-01T16:25:42.792862+08:00","Action":"output","Package":"ops-platform/test/integration","Test":"TestIdempotencyHTTPMiddleware","Output":"2026/10/01 16:25:42 OK   00006_action_command.sql (3.64ms)\n"}
{"Time":"2026-10-01T16:25:42.799299+08:00","Action":"output","Package":"ops-platform/test/integration","Test":"TestIdempotencyHTTPMiddleware","Output":"2026/10/01 16:25:42 OK   00007_audit.sql (6.32ms)\n"}
{"Time":"2026-10-01T16:25:42.805454+08:00","Action":"output","Package":"ops-platform/test/integration","Test":"TestIdempotencyHTTPMiddleware","Output":"2026/10/01 16:25:42 OK   00008_rls.sql (6.04ms)\n"}
{"Time":"2026-10-01T16:25:42.810253+08:00","Action":"output","Package":"ops-platform/test/integration","Test":"TestIdempotencyHTTPMiddleware","Output":"2026/10/01 16:25:42 OK   00009_idempotency_ledger.sql (4.64ms)\n"}
{"Time":"2026-10-01T16:25:42.813205+08:00","Action":"output","Package":"ops-platform/test/integration","Test":"TestIdempotencyHTTPMiddleware","Output":"2026/10/01 16:25:42 OK   00010_tenant_provisioning.sql (2.86ms)\n"}
{"Time":"2026-10-01T16:25:42.817395+08:00","Action":"output","Package":"ops-platform/test/integration","Test":"TestIdempotencyHTTPMiddleware","Output":"2026/10/01 16:25:42 OK   00011_source_registration_history.sql (4.1ms)\n"}
{"Time":"2026-10-01T16:25:42.823578+08:00","Action":"output","Package":"ops-platform/test/integration","Test":"TestIdempotencyHTTPMiddleware","Output":"2026/10/01 16:25:42 OK   00012_config_registry_lifecycle.sql (6.06ms)\n"}
{"Time":"2026-10-01T16:25:42.831942+08:00","Action":"output","Package":"ops-platform/test/integration","Test":"TestIdempotencyHTTPMiddleware","Output":"2026/10/01 16:25:42 OK   00013_audit_signed_segments.sql (8.13ms)\n"}
{"Time":"2026-10-01T16:25:42.835902+08:00","Action":"output","Package":"ops-platform/test/integration","Test":"TestIdempotencyHTTPMiddleware","Output":"2026/10/01 16:25:42 OK   00014_audit_segment_predecessors.sql (3.85ms)\n"}
{"Time":"2026-10-01T16:25:42.83834+08:00","Action":"output","Package":"ops-platform/test/integration","Test":"TestIdempotencyHTTPMiddleware","Output":"2026/10/01 16:25:42 OK   00015_source_schema_scope.sql (2.37ms)\n"}
{"Time":"2026-10-01T16:25:42.841328+08:00","Action":"output","Package":"ops-platform/test/integration","Test":"TestIdempotencyHTTPMiddleware","Output":"2026/10/01 16:25:42 OK   00016_cluster_registration_metadata.sql (2.88ms)\n"}
{"Time":"2026-10-01T16:25:42.841351+08:00","Action":"output","Package":"ops-platform/test/integration","Test":"TestIdempotencyHTTPMiddleware","Output":"2026/10/01 16:25:42 goose: successfully migrated database to version: 16\n"}
{"Time":"2026-10-01T16:25:42.900672+08:00","Action":"output","Package":"ops-platform/test/integration","Test":"TestIdempotencyHTTPMiddleware","Output":"--- PASS: TestIdempotencyHTTPMiddleware (0.18s)\n","OutputType":"frame"}
{"Time":"2026-10-01T16:25:42.900756+08:00","Action":"pass","Package":"ops-platform/test/integration","Test":"TestIdempotencyHTTPMiddleware","Elapsed":0.18}
{"Time":"2026-10-01T16:25:42.900791+08:00","Action":"run","Package":"ops-platform/test/integration","Test":"TestKeycloakAuthorizationCodePKCEAndStepUp"}
{"Time":"2026-10-01T16:25:42.900811+08:00","Action":"output","Package":"ops-platform/test/integration","Test":"TestKeycloakAuthorizationCodePKCEAndStepUp","Output":"=== RUN   TestKeycloakAuthorizationCodePKCEAndStepUp\n","OutputType":"frame"}
{"Time":"2026-10-01T16:26:00.300868+08:00","Action":"output","Package":"ops-platform/test/integration","Test":"TestKeycloakAuthorizationCodePKCEAndStepUp","Output":"2026/10/01 16:26:00 OK   00001_roles_and_schemas.sql (9.71ms)\n"}
{"Time":"2026-10-01T16:26:00.300979+08:00","Action":"output","Package":"ops-platform/test/integration","Test":"TestKeycloakAuthorizationCodePKCEAndStepUp","Output":"2026/10/01 16:26:00 goose: successfully migrated database to version: 1\n"}
{"Time":"2026-10-01T16:26:00.324713+08:00","Action":"output","Package":"ops-platform/test/integration","Test":"TestKeycloakAuthorizationCodePKCEAndStepUp","Output":"2026/10/01 16:26:00 OK   00002_platform_meta.sql (14.9ms)\n"}
{"Time":"2026-10-01T16:26:00.331823+08:00","Action":"output","Package":"ops-platform/test/integration","Test":"TestKeycloakAuthorizationCodePKCEAndStepUp","Output":"2026/10/01 16:26:00 OK   00003_finding.sql (6.87ms)\n"}
{"Time":"2026-10-01T16:26:00.338045+08:00","Action":"output","Package":"ops-platform/test/integration","Test":"TestKeycloakAuthorizationCodePKCEAndStepUp","Output":"2026/10/01 16:26:00 OK   00004_incident.sql (5.98ms)\n"}
{"Time":"2026-10-01T16:26:00.344374+08:00","Action":"output","Package":"ops-platform/test/integration","Test":"TestKeycloakAuthorizationCodePKCEAndStepUp","Output":"2026/10/01 16:26:00 OK   00005_investigation.sql (6.09ms)\n"}
{"Time":"2026-10-01T16:26:00.350186+08:00","Action":"output","Package":"ops-platform/test/integration","Test":"TestKeycloakAuthorizationCodePKCEAndStepUp","Output":"2026/10/01 16:26:00 OK   00006_action_command.sql (5.63ms)\n"}
{"Time":"2026-10-01T16:26:00.358496+08:00","Action":"output","Package":"ops-platform/test/integration","Test":"TestKeycloakAuthorizationCodePKCEAndStepUp","Output":"2026/10/01 16:26:00 OK   00007_audit.sql (8.11ms)\n"}
{"Time":"2026-10-01T16:26:00.366748+08:00","Action":"output","Package":"ops-platform/test/integration","Test":"TestKeycloakAuthorizationCodePKCEAndStepUp","Output":"2026/10/01 16:26:00 OK   00008_rls.sql (8.06ms)\n"}
{"Time":"2026-10-01T16:26:00.373851+08:00","Action":"output","Package":"ops-platform/test/integration","Test":"TestKeycloakAuthorizationCodePKCEAndStepUp","Output":"2026/10/01 16:26:00 OK   00009_idempotency_ledger.sql (6.77ms)\n"}
{"Time":"2026-10-01T16:26:00.378476+08:00","Action":"output","Package":"ops-platform/test/integration","Test":"TestKeycloakAuthorizationCodePKCEAndStepUp","Output":"2026/10/01 16:26:00 OK   00010_tenant_provisioning.sql (4.44ms)\n"}
{"Time":"2026-10-01T16:26:00.385334+08:00","Action":"output","Package":"ops-platform/test/integration","Test":"TestKeycloakAuthorizationCodePKCEAndStepUp","Output":"2026/10/01 16:26:00 OK   00011_source_registration_history.sql (6.67ms)\n"}
{"Time":"2026-10-01T16:26:00.39367+08:00","Action":"output","Package":"ops-platform/test/integration","Test":"TestKeycloakAuthorizationCodePKCEAndStepUp","Output":"2026/10/01 16:26:00 OK   00012_config_registry_lifecycle.sql (8.16ms)\n"}
{"Time":"2026-10-01T16:26:00.404859+08:00","Action":"output","Package":"ops-platform/test/integration","Test":"TestKeycloakAuthorizationCodePKCEAndStepUp","Output":"2026/10/01 16:26:00 OK   00013_audit_signed_segments.sql (10.89ms)\n"}
{"Time":"2026-10-01T16:26:00.410046+08:00","Action":"output","Package":"ops-platform/test/integration","Test":"TestKeycloakAuthorizationCodePKCEAndStepUp","Output":"2026/10/01 16:26:00 OK   00014_audit_segment_predecessors.sql (5.02ms)\n"}
{"Time":"2026-10-01T16:26:00.413237+08:00","Action":"output","Package":"ops-platform/test/integration","Test":"TestKeycloakAuthorizationCodePKCEAndStepUp","Output":"2026/10/01 16:26:00 OK   00015_source_schema_scope.sql (3.07ms)\n"}
{"Time":"2026-10-01T16:26:00.41868+08:00","Action":"output","Package":"ops-platform/test/integration","Test":"TestKeycloakAuthorizationCodePKCEAndStepUp","Output":"2026/10/01 16:26:00 OK   00016_cluster_registration_metadata.sql (5.36ms)\n"}
{"Time":"2026-10-01T16:26:00.418738+08:00","Action":"output","Package":"ops-platform/test/integration","Test":"TestKeycloakAuthorizationCodePKCEAndStepUp","Output":"2026/10/01 16:26:00 goose: successfully migrated database to version: 16\n"}
{"Time":"2026-10-01T16:26:00.4626+08:00","Action":"output","Package":"ops-platform/test/integration","Test":"TestKeycloakAuthorizationCodePKCEAndStepUp","Output":"{\"time\":\"2026-10-01T16:26:00.462537+08:00\",\"level\":\"INFO\",\"msg\":\"http request complete\",\"request_id\":\"01a0f692-078a-7641-a62d-a9b1b579dba3\",\"trace_id\":\"4bf92f3577b34da6a3ce929d0e0e4736\",\"span_id\":\"6a759b9441077839\",\"method\":\"GET\",\"status_code\":200,\"duration_ms\":4}\n"}
{"Time":"2026-10-01T16:26:00.464957+08:00","Action":"output","Package":"ops-platform/test/integration","Test":"TestKeycloakAuthorizationCodePKCEAndStepUp","Output":"{\"time\":\"2026-10-01T16:26:00.464917+08:00\",\"level\":\"INFO\",\"msg\":\"http request complete\",\"request_id\":\"01a0f692-078e-7b0c-ad20-3f7662abe255\",\"trace_id\":\"4bf92f3577b34da6a3ce929d0e0e4736\",\"span_id\":\"fe0bef07abf7d613\",\"method\":\"GET\",\"status_code\":200,\"duration_ms\":2}\n"}
{"Time":"2026-10-01T16:26:00.467195+08:00","Action":"output","Package":"ops-platform/test/integration","Test":"TestKeycloakAuthorizationCodePKCEAndStepUp","Output":"{\"time\":\"2026-10-01T16:26:00.467135+08:00\",\"level\":\"INFO\",\"msg\":\"http request complete\",\"request_id\":\"01a0f692-0791-71a9-ba29-4d424b12e3ef\",\"trace_id\":\"4bf92f3577b34da6a3ce929d0e0e4736\",\"span_id\":\"524d5e80d245b18f\",\"method\":\"GET\",\"status_code\":200,\"duration_ms\":1}\n"}
{"Time":"2026-10-01T16:26:00.469368+08:00","Action":"output","Package":"ops-platform/test/integration","Test":"TestKeycloakAuthorizationCodePKCEAndStepUp","Output":"{\"time\":\"2026-10-01T16:26:00.469313+08:00\",\"level\":\"INFO\",\"msg\":\"http request complete\",\"request_id\":\"01a0f692-0793-7505-b000-86c0269c468d\",\"trace_id\":\"4bf92f3577b34da6a3ce929d0e0e4736\",\"span_id\":\"697b8295f3ef9453\",\"method\":\"GET\",\"status_code\":200,\"duration_ms\":1}\n"}
{"Time":"2026-10-01T16:26:00.470992+08:00","Action":"output","Package":"ops-platform/test/integration","Test":"TestKeycloakAuthorizationCodePKCEAndStepUp","Output":"{\"time\":\"2026-10-01T16:26:00.470955+08:00\",\"level\":\"INFO\",\"msg\":\"http request complete\",\"request_id\":\"01a0f692-0795-776e-b9ae-92905a268040\",\"trace_id\":\"4bf92f3577b34da6a3ce929d0e0e4736\",\"span_id\":\"ffbf0bfe1f811c7f\",\"method\":\"GET\",\"status_code\":200,\"duration_ms\":1}\n"}
{"Time":"2026-10-01T16:26:00.472558+08:00","Action":"output","Package":"ops-platform/test/integration","Test":"TestKeycloakAuthorizationCodePKCEAndStepUp","Output":"{\"time\":\"2026-10-01T16:26:00.472523+08:00\",\"level\":\"INFO\",\"msg\":\"http request complete\",\"request_id\":\"01a0f692-0797-7157-9480-860752265dd0\",\"trace_id\":\"4bf92f3577b34da6a3ce929d0e0e4736\",\"span_id\":\"1535f214be42ef42\",\"method\":\"GET\",\"status_code\":200,\"duration_ms\":1}\n"}
{"Time":"2026-10-01T16:26:00.478037+08:00","Action":"output","Package":"ops-platform/test/integration","Test":"TestKeycloakAuthorizationCodePKCEAndStepUp","Output":"{\"time\":\"2026-10-01T16:26:00.478001+08:00\",\"level\":\"INFO\",\"msg\":\"http request complete\",\"request_id\":\"01a0f692-0798-7a19-8bdc-8c21ca5f1634\",\"trace_id\":\"0d08370e4b372f17a24d269b6f106d58\",\"span_id\":\"94d9954092f6237a\",\"method\":\"POST\",\"status_code\":201,\"duration_ms\":5}\n"}
{"Time":"2026-10-01T16:26:00.481144+08:00","Action":"output","Package":"ops-platform/test/integration","Test":"TestKeycloakAuthorizationCodePKCEAndStepUp","Output":"{\"time\":\"2026-10-01T16:26:00.481046+08:00\",\"level\":\"INFO\",\"msg\":\"http request complete\",\"request_id\":\"01a0f692-079e-7236-be32-59e311264c99\",\"trace_id\":\"475331f39461031655c087154e966923\",\"span_id\":\"17021e9bdd1741ef\",\"method\":\"POST\",\"status_code\":201,\"duration_ms\":2}\n"}
{"Time":"2026-10-01T16:26:00.481209+08:00","Action":"output","Package":"ops-platform/test/integration","Test":"TestKeycloakAuthorizationCodePKCEAndStepUp","Output":"    keycloak_test.go:155: actual APIApp served six management routes and replayed claim-bound step-up using real Keycloak JWT and distinct database login\n"}
{"Time":"2026-10-01T16:26:00.482149+08:00","Action":"output","Package":"ops-platform/test/integration","Test":"TestKeycloakAuthorizationCodePKCEAndStepUp","Output":"{\"time\":\"2026-10-01T16:26:00.482105+08:00\",\"level\":\"WARN\",\"msg\":\"trace export failed\",\"signal\":\"traces\"}\n"}
{"Time":"2026-10-01T16:26:00.483428+08:00","Action":"output","Package":"ops-platform/test/integration","Test":"TestKeycloakAuthorizationCodePKCEAndStepUp","Output":"{\"time\":\"2026-10-01T16:26:00.483402+08:00\",\"level\":\"INFO\",\"msg\":\"http request complete\",\"request_id\":\"01a0f692-07a2-7334-b378-3a93a7b7c6b1\",\"trace_id\":\"aff5fe3d1e35970b7c7012d9595bd316\",\"span_id\":\"cdaa560b87044aea\",\"method\":\"GET\",\"status_code\":200,\"duration_ms\":1}\n"}
{"Time":"2026-10-01T16:26:00.483489+08:00","Action":"output","Package":"ops-platform/test/integration","Test":"TestKeycloakAuthorizationCodePKCEAndStepUp","Output":"    keycloak_test.go:155: actual OTLP connection refusal reported degradation; authenticated management read continued\n"}
{"Time":"2026-10-01T16:26:01.520787+08:00","Action":"output","Package":"ops-platform/test/integration","Test":"TestKeycloakAuthorizationCodePKCEAndStepUp","Output":"    keycloak_test.go:155: actual authenticated API stdout collected and queried in isolated VictoriaLogs\n"}
{"Time":"2026-10-01T16:26:01.634111+08:00","Action":"output","Package":"ops-platform/test/integration","Test":"TestKeycloakAuthorizationCodePKCEAndStepUp","Output":"--- PASS: TestKeycloakAuthorizationCodePKCEAndStepUp (18.74s)\n","OutputType":"frame"}
{"Time":"2026-10-01T16:26:01.634311+08:00","Action":"pass","Package":"ops-platform/test/integration","Test":"TestKeycloakAuthorizationCodePKCEAndStepUp","Elapsed":18.74}
{"Time":"2026-10-01T16:26:01.634363+08:00","Action":"run","Package":"ops-platform/test/integration","Test":"TestFailedForwardMigrationRollsBackAndCanRecover"}
{"Time":"2026-10-01T16:26:01.634434+08:00","Action":"output","Package":"ops-platform/test/integration","Test":"TestFailedForwardMigrationRollsBackAndCanRecover","Output":"=== RUN   TestFailedForwardMigrationRollsBackAndCanRecover\n","OutputType":"frame"}
{"Time":"2026-10-01T16:26:01.716015+08:00","Action":"output","Package":"ops-platform/test/integration","Test":"TestFailedForwardMigrationRollsBackAndCanRecover","Output":"2026/10/01 16:26:01 OK   00001_roles_and_schemas.sql (11.26ms)\n"}
{"Time":"2026-10-01T16:26:01.716103+08:00","Action":"output","Package":"ops-platform/test/integration","Test":"TestFailedForwardMigrationRollsBackAndCanRecover","Output":"2026/10/01 16:26:01 goose: successfully migrated database to version: 1\n"}
{"Time":"2026-10-01T16:26:01.746272+08:00","Action":"output","Package":"ops-platform/test/integration","Test":"TestFailedForwardMigrationRollsBackAndCanRecover","Output":"2026/10/01 16:26:01 OK   00002_platform_meta.sql (17.37ms)\n"}
{"Time":"2026-10-01T16:26:01.754702+08:00","Action":"output","Package":"ops-platform/test/integration","Test":"TestFailedForwardMigrationRollsBackAndCanRecover","Output":"2026/10/01 16:26:01 OK   00003_finding.sql (8.22ms)\n"}
{"Time":"2026-10-01T16:26:01.760671+08:00","Action":"output","Package":"ops-platform/test/integration","Test":"TestFailedForwardMigrationRollsBackAndCanRecover","Output":"2026/10/01 16:26:01 OK   00004_incident.sql (5.8ms)\n"}
{"Time":"2026-10-01T16:26:01.766965+08:00","Action":"output","Package":"ops-platform/test/integration","Test":"TestFailedForwardMigrationRollsBackAndCanRecover","Output":"2026/10/01 16:26:01 OK   00005_investigation.sql (6.11ms)\n"}
{"Time":"2026-10-01T16:26:01.773436+08:00","Action":"output","Package":"ops-platform/test/integration","Test":"TestFailedForwardMigrationRollsBackAndCanRecover","Output":"2026/10/01 16:26:01 OK   00006_action_command.sql (6.14ms)\n"}
{"Time":"2026-10-01T16:26:01.783136+08:00","Action":"output","Package":"ops-platform/test/integration","Test":"TestFailedForwardMigrationRollsBackAndCanRecover","Output":"2026/10/01 16:26:01 OK   00007_audit.sql (9.33ms)\n"}
{"Time":"2026-10-01T16:26:01.79261+08:00","Action":"output","Package":"ops-platform/test/integration","Test":"TestFailedForwardMigrationRollsBackAndCanRecover","Output":"2026/10/01 16:26:01 OK   00008_rls.sql (9.24ms)\n"}
{"Time":"2026-10-01T16:26:01.799858+08:00","Action":"output","Package":"ops-platform/test/integration","Test":"TestFailedForwardMigrationRollsBackAndCanRecover","Output":"2026/10/01 16:26:01 OK   00009_idempotency_ledger.sql (7ms)\n"}
{"Time":"2026-10-01T16:26:01.804625+08:00","Action":"output","Package":"ops-platform/test/integration","Test":"TestFailedForwardMigrationRollsBackAndCanRecover","Output":"2026/10/01 16:26:01 OK   00010_tenant_provisioning.sql (4.52ms)\n"}
{"Time":"2026-10-01T16:26:01.809957+08:00","Action":"output","Package":"ops-platform/test/integration","Test":"TestFailedForwardMigrationRollsBackAndCanRecover","Output":"2026/10/01 16:26:01 OK   00011_source_registration_history.sql (5.1ms)\n"}
{"Time":"2026-10-01T16:26:01.818637+08:00","Action":"output","Package":"ops-platform/test/integration","Test":"TestFailedForwardMigrationRollsBackAndCanRecover","Output":"2026/10/01 16:26:01 OK   00012_config_registry_lifecycle.sql (8.41ms)\n"}
{"Time":"2026-10-01T16:26:01.831402+08:00","Action":"output","Package":"ops-platform/test/integration","Test":"TestFailedForwardMigrationRollsBackAndCanRecover","Output":"2026/10/01 16:26:01 OK   00013_audit_signed_segments.sql (9.79ms)\n"}
{"Time":"2026-10-01T16:26:01.837634+08:00","Action":"output","Package":"ops-platform/test/integration","Test":"TestFailedForwardMigrationRollsBackAndCanRecover","Output":"2026/10/01 16:26:01 OK   00014_audit_segment_predecessors.sql (5.7ms)\n"}
{"Time":"2026-10-01T16:26:01.841143+08:00","Action":"output","Package":"ops-platform/test/integration","Test":"TestFailedForwardMigrationRollsBackAndCanRecover","Output":"2026/10/01 16:26:01 OK   00015_source_schema_scope.sql (3.36ms)\n"}
{"Time":"2026-10-01T16:26:01.845019+08:00","Action":"output","Package":"ops-platform/test/integration","Test":"TestFailedForwardMigrationRollsBackAndCanRecover","Output":"2026/10/01 16:26:01 OK   00016_cluster_registration_metadata.sql (3.74ms)\n"}
{"Time":"2026-10-01T16:26:01.845052+08:00","Action":"output","Package":"ops-platform/test/integration","Test":"TestFailedForwardMigrationRollsBackAndCanRecover","Output":"2026/10/01 16:26:01 goose: successfully migrated database to version: 16\n"}
{"Time":"2026-10-01T16:26:01.870584+08:00","Action":"output","Package":"ops-platform/test/integration","Test":"TestFailedForwardMigrationRollsBackAndCanRecover","Output":"2026/10/01 16:26:01 OK   00017_review_failure.sql (2.95ms)\n"}
{"Time":"2026-10-01T16:26:01.870646+08:00","Action":"output","Package":"ops-platform/test/integration","Test":"TestFailedForwardMigrationRollsBackAndCanRecover","Output":"2026/10/01 16:26:01 goose: successfully migrated database to version: 17\n"}
{"Time":"2026-10-01T16:26:01.870698+08:00","Action":"output","Package":"ops-platform/test/integration","Test":"TestFailedForwardMigrationRollsBackAndCanRecover","Output":"    migration_recovery_test.go:71: deliberate SQL division-by-zero rolled back DDL/version; corrected unapplied forward migration succeeded as migration_role\n"}
{"Time":"2026-10-01T16:26:01.933004+08:00","Action":"output","Package":"ops-platform/test/integration","Test":"TestFailedForwardMigrationRollsBackAndCanRecover","Output":"--- PASS: TestFailedForwardMigrationRollsBackAndCanRecover (0.30s)\n","OutputType":"frame"}
{"Time":"2026-10-01T16:26:01.933203+08:00","Action":"pass","Package":"ops-platform/test/integration","Test":"TestFailedForwardMigrationRollsBackAndCanRecover","Elapsed":0.3}
{"Time":"2026-10-01T16:26:01.933227+08:00","Action":"run","Package":"ops-platform/test/integration","Test":"TestMigrationScriptsAreForwardOnlyAndContiguous"}
{"Time":"2026-10-01T16:26:01.933251+08:00","Action":"output","Package":"ops-platform/test/integration","Test":"TestMigrationScriptsAreForwardOnlyAndContiguous","Output":"=== RUN   TestMigrationScriptsAreForwardOnlyAndContiguous\n","OutputType":"frame"}
{"Time":"2026-10-01T16:26:01.934102+08:00","Action":"output","Package":"ops-platform/test/integration","Test":"TestMigrationScriptsAreForwardOnlyAndContiguous","Output":"--- PASS: TestMigrationScriptsAreForwardOnlyAndContiguous (0.00s)\n","OutputType":"frame"}
{"Time":"2026-10-01T16:26:01.934149+08:00","Action":"pass","Package":"ops-platform/test/integration","Test":"TestMigrationScriptsAreForwardOnlyAndContiguous","Elapsed":0}
{"Time":"2026-10-01T16:26:01.93416+08:00","Action":"run","Package":"ops-platform/test/integration","Test":"TestMigrationsAndRoles"}
{"Time":"2026-10-01T16:26:01.934167+08:00","Action":"output","Package":"ops-platform/test/integration","Test":"TestMigrationsAndRoles","Output":"=== RUN   TestMigrationsAndRoles\n","OutputType":"frame"}
{"Time":"2026-10-01T16:26:01.976966+08:00","Action":"output","Package":"ops-platform/test/integration","Test":"TestMigrationsAndRoles","Output":"2026/10/01 16:26:01 OK   00001_roles_and_schemas.sql (7.98ms)\n"}
{"Time":"2026-10-01T16:26:01.977024+08:00","Action":"output","Package":"ops-platform/test/integration","Test":"TestMigrationsAndRoles","Output":"2026/10/01 16:26:01 goose: successfully migrated database to version: 1\n"}
{"Time":"2026-10-01T16:26:01.999247+08:00","Action":"output","Package":"ops-platform/test/integration","Test":"TestMigrationsAndRoles","Output":"2026/10/01 16:26:01 OK   00002_platform_meta.sql (14.38ms)\n"}
{"Time":"2026-10-01T16:26:02.005519+08:00","Action":"output","Package":"ops-platform/test/integration","Test":"TestMigrationsAndRoles","Output":"2026/10/01 16:26:02 OK   00003_finding.sql (6.12ms)\n"}
{"Time":"2026-10-01T16:26:02.009943+08:00","Action":"output","Package":"ops-platform/test/integration","Test":"TestMigrationsAndRoles","Output":"2026/10/01 16:26:02 OK   00004_incident.sql (4.33ms)\n"}
{"Time":"2026-10-01T16:26:02.015326+08:00","Action":"output","Package":"ops-platform/test/integration","Test":"TestMigrationsAndRoles","Output":"2026/10/01 16:26:02 OK   00005_investigation.sql (5.25ms)\n"}
{"Time":"2026-10-01T16:26:02.020198+08:00","Action":"output","Package":"ops-platform/test/integration","Test":"TestMigrationsAndRoles","Output":"2026/10/01 16:26:02 OK   00006_action_command.sql (4.68ms)\n"}
{"Time":"2026-10-01T16:26:02.028307+08:00","Action":"output","Package":"ops-platform/test/integration","Test":"TestMigrationsAndRoles","Output":"2026/10/01 16:26:02 OK   00007_audit.sql (7.9ms)\n"}
{"Time":"2026-10-01T16:26:02.036438+08:00","Action":"output","Package":"ops-platform/test/integration","Test":"TestMigrationsAndRoles","Output":"2026/10/01 16:26:02 OK   00008_rls.sql (7.95ms)\n"}
{"Time":"2026-10-01T16:26:02.043723+08:00","Action":"output","Package":"ops-platform/test/integration","Test":"TestMigrationsAndRoles","Output":"2026/10/01 16:26:02 OK   00009_idempotency_ledger.sql (7.06ms)\n"}
{"Time":"2026-10-01T16:26:02.048905+08:00","Action":"output","Package":"ops-platform/test/integration","Test":"TestMigrationsAndRoles","Output":"2026/10/01 16:26:02 OK   00010_tenant_provisioning.sql (4.95ms)\n"}
{"Time":"2026-10-01T16:26:02.055302+08:00","Action":"output","Package":"ops-platform/test/integration","Test":"TestMigrationsAndRoles","Output":"2026/10/01 16:26:02 OK   00011_source_registration_history.sql (6.17ms)\n"}
{"Time":"2026-10-01T16:26:02.06395+08:00","Action":"output","Package":"ops-platform/test/integration","Test":"TestMigrationsAndRoles","Output":"2026/10/01 16:26:02 OK   00012_config_registry_lifecycle.sql (8.4ms)\n"}
{"Time":"2026-10-01T16:26:02.074214+08:00","Action":"output","Package":"ops-platform/test/integration","Test":"TestMigrationsAndRoles","Output":"2026/10/01 16:26:02 OK   00013_audit_signed_segments.sql (9.93ms)\n"}
{"Time":"2026-10-01T16:26:02.07941+08:00","Action":"output","Package":"ops-platform/test/integration","Test":"TestMigrationsAndRoles","Output":"2026/10/01 16:26:02 OK   00014_audit_segment_predecessors.sql (5.08ms)\n"}
{"Time":"2026-10-01T16:26:02.082444+08:00","Action":"output","Package":"ops-platform/test/integration","Test":"TestMigrationsAndRoles","Output":"2026/10/01 16:26:02 OK   00015_source_schema_scope.sql (2.95ms)\n"}
{"Time":"2026-10-01T16:26:02.086167+08:00","Action":"output","Package":"ops-platform/test/integration","Test":"TestMigrationsAndRoles","Output":"2026/10/01 16:26:02 OK   00016_cluster_registration_metadata.sql (3.6ms)\n"}
{"Time":"2026-10-01T16:26:02.086207+08:00","Action":"output","Package":"ops-platform/test/integration","Test":"TestMigrationsAndRoles","Output":"2026/10/01 16:26:02 goose: successfully migrated database to version: 16\n"}
{"Time":"2026-10-01T16:26:02.146554+08:00","Action":"output","Package":"ops-platform/test/integration","Test":"TestMigrationsAndRoles","Output":"--- PASS: TestMigrationsAndRoles (0.21s)\n","OutputType":"frame"}
{"Time":"2026-10-01T16:26:02.146614+08:00","Action":"pass","Package":"ops-platform/test/integration","Test":"TestMigrationsAndRoles","Elapsed":0.21}
{"Time":"2026-10-01T16:26:02.146658+08:00","Action":"run","Package":"ops-platform/test/integration","Test":"TestMigrationsUpgradeVersionOneData"}
{"Time":"2026-10-01T16:26:02.14667+08:00","Action":"output","Package":"ops-platform/test/integration","Test":"TestMigrationsUpgradeVersionOneData","Output":"=== RUN   TestMigrationsUpgradeVersionOneData\n","OutputType":"frame"}
{"Time":"2026-10-01T16:26:02.187763+08:00","Action":"output","Package":"ops-platform/test/integration","Test":"TestMigrationsUpgradeVersionOneData","Output":"2026/10/01 16:26:02 OK   00001_roles_and_schemas.sql (8.15ms)\n"}
{"Time":"2026-10-01T16:26:02.188031+08:00","Action":"output","Package":"ops-platform/test/integration","Test":"TestMigrationsUpgradeVersionOneData","Output":"2026/10/01 16:26:02 goose: successfully migrated database to version: 1\n"}
{"Time":"2026-10-01T16:26:02.211569+08:00","Action":"output","Package":"ops-platform/test/integration","Test":"TestMigrationsUpgradeVersionOneData","Output":"2026/10/01 16:26:02 OK   00002_platform_meta.sql (14.2ms)\n"}
{"Time":"2026-10-01T16:26:02.217894+08:00","Action":"output","Package":"ops-platform/test/integration","Test":"TestMigrationsUpgradeVersionOneData","Output":"2026/10/01 16:26:02 OK   00003_finding.sql (6.12ms)\n"}
{"Time":"2026-10-01T16:26:02.222334+08:00","Action":"output","Package":"ops-platform/test/integration","Test":"TestMigrationsUpgradeVersionOneData","Output":"2026/10/01 16:26:02 OK   00004_incident.sql (4.28ms)\n"}
{"Time":"2026-10-01T16:26:02.227447+08:00","Action":"output","Package":"ops-platform/test/integration","Test":"TestMigrationsUpgradeVersionOneData","Output":"2026/10/01 16:26:02 OK   00005_investigation.sql (4.98ms)\n"}
{"Time":"2026-10-01T16:26:02.232101+08:00","Action":"output","Package":"ops-platform/test/integration","Test":"TestMigrationsUpgradeVersionOneData","Output":"2026/10/01 16:26:02 OK   00006_action_command.sql (4.5ms)\n"}
{"Time":"2026-10-01T16:26:02.23962+08:00","Action":"output","Package":"ops-platform/test/integration","Test":"TestMigrationsUpgradeVersionOneData","Output":"2026/10/01 16:26:02 OK   00007_audit.sql (7.35ms)\n"}
{"Time":"2026-10-01T16:26:02.247099+08:00","Action":"output","Package":"ops-platform/test/integration","Test":"TestMigrationsUpgradeVersionOneData","Output":"2026/10/01 16:26:02 OK   00008_rls.sql (7.34ms)\n"}
{"Time":"2026-10-01T16:26:02.252976+08:00","Action":"output","Package":"ops-platform/test/integration","Test":"TestMigrationsUpgradeVersionOneData","Output":"2026/10/01 16:26:02 OK   00009_idempotency_ledger.sql (5.68ms)\n"}
{"Time":"2026-10-01T16:26:02.257011+08:00","Action":"output","Package":"ops-platform/test/integration","Test":"TestMigrationsUpgradeVersionOneData","Output":"2026/10/01 16:26:02 OK   00010_tenant_provisioning.sql (3.86ms)\n"}
{"Time":"2026-10-01T16:26:02.262312+08:00","Action":"output","Package":"ops-platform/test/integration","Test":"TestMigrationsUpgradeVersionOneData","Output":"2026/10/01 16:26:02 OK   00011_source_registration_history.sql (5.11ms)\n"}
{"Time":"2026-10-01T16:26:02.270276+08:00","Action":"output","Package":"ops-platform/test/integration","Test":"TestMigrationsUpgradeVersionOneData","Output":"2026/10/01 16:26:02 OK   00012_config_registry_lifecycle.sql (7.76ms)\n"}
{"Time":"2026-10-01T16:26:02.280783+08:00","Action":"output","Package":"ops-platform/test/integration","Test":"TestMigrationsUpgradeVersionOneData","Output":"2026/10/01 16:26:02 OK   00013_audit_signed_segments.sql (10.23ms)\n"}
{"Time":"2026-10-01T16:26:02.286194+08:00","Action":"output","Package":"ops-platform/test/integration","Test":"TestMigrationsUpgradeVersionOneData","Output":"2026/10/01 16:26:02 OK   00014_audit_segment_predecessors.sql (5.23ms)\n"}
{"Time":"2026-10-01T16:26:02.289207+08:00","Action":"output","Package":"ops-platform/test/integration","Test":"TestMigrationsUpgradeVersionOneData","Output":"2026/10/01 16:26:02 OK   00015_source_schema_scope.sql (2.88ms)\n"}
{"Time":"2026-10-01T16:26:02.292782+08:00","Action":"output","Package":"ops-platform/test/integration","Test":"TestMigrationsUpgradeVersionOneData","Output":"2026/10/01 16:26:02 OK   00016_cluster_registration_metadata.sql (3.46ms)\n"}
{"Time":"2026-10-01T16:26:02.29282+08:00","Action":"output","Package":"ops-platform/test/integration","Test":"TestMigrationsUpgradeVersionOneData","Output":"2026/10/01 16:26:02 goose: successfully migrated database to version: 16\n"}
{"Time":"2026-10-01T16:26:02.340224+08:00","Action":"output","Package":"ops-platform/test/integration","Test":"TestMigrationsUpgradeVersionOneData","Output":"--- PASS: TestMigrationsUpgradeVersionOneData (0.19s)\n","OutputType":"frame"}
{"Time":"2026-10-01T16:26:02.340422+08:00","Action":"pass","Package":"ops-platform/test/integration","Test":"TestMigrationsUpgradeVersionOneData","Elapsed":0.19}
{"Time":"2026-10-01T16:26:02.340442+08:00","Action":"run","Package":"ops-platform/test/integration","Test":"TestWithTenantTxIsolatesTenantsAndUsesAppendOnlyAudit"}
{"Time":"2026-10-01T16:26:02.340451+08:00","Action":"output","Package":"ops-platform/test/integration","Test":"TestWithTenantTxIsolatesTenantsAndUsesAppendOnlyAudit","Output":"=== RUN   TestWithTenantTxIsolatesTenantsAndUsesAppendOnlyAudit\n","OutputType":"frame"}
{"Time":"2026-10-01T16:26:02.379509+08:00","Action":"output","Package":"ops-platform/test/integration","Test":"TestWithTenantTxIsolatesTenantsAndUsesAppendOnlyAudit","Output":"2026/10/01 16:26:02 OK   00001_roles_and_schemas.sql (7.82ms)\n"}
{"Time":"2026-10-01T16:26:02.379565+08:00","Action":"output","Package":"ops-platform/test/integration","Test":"TestWithTenantTxIsolatesTenantsAndUsesAppendOnlyAudit","Output":"2026/10/01 16:26:02 goose: successfully migrated database to version: 1\n"}
{"Time":"2026-10-01T16:26:02.401143+08:00","Action":"output","Package":"ops-platform/test/integration","Test":"TestWithTenantTxIsolatesTenantsAndUsesAppendOnlyAudit","Output":"2026/10/01 16:26:02 OK   00002_platform_meta.sql (14.03ms)\n"}
{"Time":"2026-10-01T16:26:02.407127+08:00","Action":"output","Package":"ops-platform/test/integration","Test":"TestWithTenantTxIsolatesTenantsAndUsesAppendOnlyAudit","Output":"2026/10/01 16:26:02 OK   00003_finding.sql (5.77ms)\n"}
{"Time":"2026-10-01T16:26:02.412006+08:00","Action":"output","Package":"ops-platform/test/integration","Test":"TestWithTenantTxIsolatesTenantsAndUsesAppendOnlyAudit","Output":"2026/10/01 16:26:02 OK   00004_incident.sql (4.74ms)\n"}
{"Time":"2026-10-01T16:26:02.417305+08:00","Action":"output","Package":"ops-platform/test/integration","Test":"TestWithTenantTxIsolatesTenantsAndUsesAppendOnlyAudit","Output":"2026/10/01 16:26:02 OK   00005_investigation.sql (5.13ms)\n"}
{"Time":"2026-10-01T16:26:02.422005+08:00","Action":"output","Package":"ops-platform/test/integration","Test":"TestWithTenantTxIsolatesTenantsAndUsesAppendOnlyAudit","Output":"2026/10/01 16:26:02 OK   00006_action_command.sql (4.55ms)\n"}
{"Time":"2026-10-01T16:26:02.429308+08:00","Action":"output","Package":"ops-platform/test/integration","Test":"TestWithTenantTxIsolatesTenantsAndUsesAppendOnlyAudit","Output":"2026/10/01 16:26:02 OK   00007_audit.sql (7.15ms)\n"}
{"Time":"2026-10-01T16:26:02.437512+08:00","Action":"output","Package":"ops-platform/test/integration","Test":"TestWithTenantTxIsolatesTenantsAndUsesAppendOnlyAudit","Output":"2026/10/01 16:26:02 OK   00008_rls.sql (8.07ms)\n"}
{"Time":"2026-10-01T16:26:02.444179+08:00","Action":"output","Package":"ops-platform/test/integration","Test":"TestWithTenantTxIsolatesTenantsAndUsesAppendOnlyAudit","Output":"2026/10/01 16:26:02 OK   00009_idempotency_ledger.sql (6.47ms)\n"}
{"Time":"2026-10-01T16:26:02.449049+08:00","Action":"output","Package":"ops-platform/test/integration","Test":"TestWithTenantTxIsolatesTenantsAndUsesAppendOnlyAudit","Output":"2026/10/01 16:26:02 OK   00010_tenant_provisioning.sql (4.65ms)\n"}
{"Time":"2026-10-01T16:26:02.455523+08:00","Action":"output","Package":"ops-platform/test/integration","Test":"TestWithTenantTxIsolatesTenantsAndUsesAppendOnlyAudit","Output":"2026/10/01 16:26:02 OK   00011_source_registration_history.sql (6.29ms)\n"}
{"Time":"2026-10-01T16:26:02.463545+08:00","Action":"output","Package":"ops-platform/test/integration","Test":"TestWithTenantTxIsolatesTenantsAndUsesAppendOnlyAudit","Output":"2026/10/01 16:26:02 OK   00012_config_registry_lifecycle.sql (7.74ms)\n"}
{"Time":"2026-10-01T16:26:02.473503+08:00","Action":"output","Package":"ops-platform/test/integration","Test":"TestWithTenantTxIsolatesTenantsAndUsesAppendOnlyAudit","Output":"2026/10/01 16:26:02 OK   00013_audit_signed_segments.sql (9.72ms)\n"}
{"Time":"2026-10-01T16:26:02.478757+08:00","Action":"output","Package":"ops-platform/test/integration","Test":"TestWithTenantTxIsolatesTenantsAndUsesAppendOnlyAudit","Output":"2026/10/01 16:26:02 OK   00014_audit_segment_predecessors.sql (5.1ms)\n"}
{"Time":"2026-10-01T16:26:02.482341+08:00","Action":"output","Package":"ops-platform/test/integration","Test":"TestWithTenantTxIsolatesTenantsAndUsesAppendOnlyAudit","Output":"2026/10/01 16:26:02 OK   00015_source_schema_scope.sql (3.47ms)\n"}
{"Time":"2026-10-01T16:26:02.487118+08:00","Action":"output","Package":"ops-platform/test/integration","Test":"TestWithTenantTxIsolatesTenantsAndUsesAppendOnlyAudit","Output":"2026/10/01 16:26:02 OK   00016_cluster_registration_metadata.sql (4.53ms)\n"}
{"Time":"2026-10-01T16:26:02.487201+08:00","Action":"output","Package":"ops-platform/test/integration","Test":"TestWithTenantTxIsolatesTenantsAndUsesAppendOnlyAudit","Output":"2026/10/01 16:26:02 goose: successfully migrated database to version: 16\n"}
{"Time":"2026-10-01T16:26:02.579456+08:00","Action":"output","Package":"ops-platform/test/integration","Test":"TestWithTenantTxIsolatesTenantsAndUsesAppendOnlyAudit","Output":"--- PASS: TestWithTenantTxIsolatesTenantsAndUsesAppendOnlyAudit (0.24s)\n","OutputType":"frame"}
{"Time":"2026-10-01T16:26:02.57952+08:00","Action":"pass","Package":"ops-platform/test/integration","Test":"TestWithTenantTxIsolatesTenantsAndUsesAppendOnlyAudit","Elapsed":0.24}
{"Time":"2026-10-01T16:26:02.579538+08:00","Action":"run","Package":"ops-platform/test/integration","Test":"TestRealVictoriaMetricsScrapesPlatformProcessMetric"}
{"Time":"2026-10-01T16:26:02.579547+08:00","Action":"output","Package":"ops-platform/test/integration","Test":"TestRealVictoriaMetricsScrapesPlatformProcessMetric","Output":"=== RUN   TestRealVictoriaMetricsScrapesPlatformProcessMetric\n","OutputType":"frame"}
{"Time":"2026-10-01T16:26:02.583599+08:00","Action":"output","Package":"ops-platform/test/integration","Test":"TestRealVictoriaMetricsScrapesPlatformProcessMetric","Output":"--- PASS: TestRealVictoriaMetricsScrapesPlatformProcessMetric (0.00s)\n","OutputType":"frame"}
{"Time":"2026-10-01T16:26:02.583639+08:00","Action":"pass","Package":"ops-platform/test/integration","Test":"TestRealVictoriaMetricsScrapesPlatformProcessMetric","Elapsed":0}
{"Time":"2026-10-01T16:26:02.583656+08:00","Action":"run","Package":"ops-platform/test/integration","Test":"TestRealVictoriaLogsAcceptsStructuredPlatformStdout"}
{"Time":"2026-10-01T16:26:02.583667+08:00","Action":"output","Package":"ops-platform/test/integration","Test":"TestRealVictoriaLogsAcceptsStructuredPlatformStdout","Output":"=== RUN   TestRealVictoriaLogsAcceptsStructuredPlatformStdout\n","OutputType":"frame"}
{"Time":"2026-10-01T16:26:03.592279+08:00","Action":"output","Package":"ops-platform/test/integration","Test":"TestRealVictoriaLogsAcceptsStructuredPlatformStdout","Output":"--- PASS: TestRealVictoriaLogsAcceptsStructuredPlatformStdout (1.01s)\n","OutputType":"frame"}
{"Time":"2026-10-01T16:26:03.592498+08:00","Action":"pass","Package":"ops-platform/test/integration","Test":"TestRealVictoriaLogsAcceptsStructuredPlatformStdout","Elapsed":1.01}
{"Time":"2026-10-01T16:26:03.592566+08:00","Action":"run","Package":"ops-platform/test/integration","Test":"TestRealProjectedPodTokensAuthenticateOpenBaoAndWorkloadMTLS"}
{"Time":"2026-10-01T16:26:03.592602+08:00","Action":"output","Package":"ops-platform/test/integration","Test":"TestRealProjectedPodTokensAuthenticateOpenBaoAndWorkloadMTLS","Output":"=== RUN   TestRealProjectedPodTokensAuthenticateOpenBaoAndWorkloadMTLS\n","OutputType":"frame"}
{"Time":"2026-10-01T16:26:03.809468+08:00","Action":"output","Package":"ops-platform/test/integration","Test":"TestRealProjectedPodTokensAuthenticateOpenBaoAndWorkloadMTLS","Output":"2026/10/01 16:26:03 http: TLS handshake error from 127.0.0.1:50004: tls: client didn't provide a certificate\n"}
{"Time":"2026-10-01T16:26:03.80958+08:00","Action":"output","Package":"ops-platform/test/integration","Test":"TestRealProjectedPodTokensAuthenticateOpenBaoAndWorkloadMTLS","Output":"    projected_workload_test.go:133: real Pod-bound TokenReview accepted three workload identities, denied unauthorized SA/namespace/audience; Investigator and test Runner mTLS completed without forwarded JWT\n"}
{"Time":"2026-10-01T16:26:03.809629+08:00","Action":"output","Package":"ops-platform/test/integration","Test":"TestRealProjectedPodTokensAuthenticateOpenBaoAndWorkloadMTLS","Output":"--- PASS: TestRealProjectedPodTokensAuthenticateOpenBaoAndWorkloadMTLS (0.22s)\n","OutputType":"frame"}
{"Time":"2026-10-01T16:26:03.80964+08:00","Action":"pass","Package":"ops-platform/test/integration","Test":"TestRealProjectedPodTokensAuthenticateOpenBaoAndWorkloadMTLS","Elapsed":0.22}
{"Time":"2026-10-01T16:26:03.809652+08:00","Action":"run","Package":"ops-platform/test/integration","Test":"TestRuntimeDatabaseLoginCannotRegainOwnerOrOtherProcess"}
{"Time":"2026-10-01T16:26:03.80966+08:00","Action":"output","Package":"ops-platform/test/integration","Test":"TestRuntimeDatabaseLoginCannotRegainOwnerOrOtherProcess","Output":"=== RUN   TestRuntimeDatabaseLoginCannotRegainOwnerOrOtherProcess\n","OutputType":"frame"}
{"Time":"2026-10-01T16:26:03.887809+08:00","Action":"output","Package":"ops-platform/test/integration","Test":"TestRuntimeDatabaseLoginCannotRegainOwnerOrOtherProcess","Output":"2026/10/01 16:26:03 OK   00001_roles_and_schemas.sql (10.97ms)\n"}
{"Time":"2026-10-01T16:26:03.905121+08:00","Action":"output","Package":"ops-platform/test/integration","Test":"TestRuntimeDatabaseLoginCannotRegainOwnerOrOtherProcess","Output":"2026/10/01 16:26:03 OK   00002_platform_meta.sql (16.97ms)\n"}
{"Time":"2026-10-01T16:26:03.912731+08:00","Action":"output","Package":"ops-platform/test/integration","Test":"TestRuntimeDatabaseLoginCannotRegainOwnerOrOtherProcess","Output":"2026/10/01 16:26:03 OK   00003_finding.sql (7.45ms)\n"}
{"Time":"2026-10-01T16:26:03.91781+08:00","Action":"output","Package":"ops-platform/test/integration","Test":"TestRuntimeDatabaseLoginCannotRegainOwnerOrOtherProcess","Output":"2026/10/01 16:26:03 OK   00004_incident.sql (4.95ms)\n"}
{"Time":"2026-10-01T16:26:03.923331+08:00","Action":"output","Package":"ops-platform/test/integration","Test":"TestRuntimeDatabaseLoginCannotRegainOwnerOrOtherProcess","Output":"2026/10/01 16:26:03 OK   00005_investigation.sql (5.4ms)\n"}
{"Time":"2026-10-01T16:26:03.929324+08:00","Action":"output","Package":"ops-platform/test/integration","Test":"TestRuntimeDatabaseLoginCannotRegainOwnerOrOtherProcess","Output":"2026/10/01 16:26:03 OK   00006_action_command.sql (5.87ms)\n"}
{"Time":"2026-10-01T16:26:03.938498+08:00","Action":"output","Package":"ops-platform/test/integration","Test":"TestRuntimeDatabaseLoginCannotRegainOwnerOrOtherProcess","Output":"2026/10/01 16:26:03 OK   00007_audit.sql (8.9ms)\n"}
{"Time":"2026-10-01T16:26:03.946637+08:00","Action":"output","Package":"ops-platform/test/integration","Test":"TestRuntimeDatabaseLoginCannotRegainOwnerOrOtherProcess","Output":"2026/10/01 16:26:03 OK   00008_rls.sql (8.01ms)\n"}
{"Time":"2026-10-01T16:26:03.952521+08:00","Action":"output","Package":"ops-platform/test/integration","Test":"TestRuntimeDatabaseLoginCannotRegainOwnerOrOtherProcess","Output":"2026/10/01 16:26:03 OK   00009_idempotency_ledger.sql (5.74ms)\n"}
{"Time":"2026-10-01T16:26:03.956426+08:00","Action":"output","Package":"ops-platform/test/integration","Test":"TestRuntimeDatabaseLoginCannotRegainOwnerOrOtherProcess","Output":"2026/10/01 16:26:03 OK   00010_tenant_provisioning.sql (3.81ms)\n"}
{"Time":"2026-10-01T16:26:03.96215+08:00","Action":"output","Package":"ops-platform/test/integration","Test":"TestRuntimeDatabaseLoginCannotRegainOwnerOrOtherProcess","Output":"2026/10/01 16:26:03 OK   00011_source_registration_history.sql (5.62ms)\n"}
{"Time":"2026-10-01T16:26:03.970102+08:00","Action":"output","Package":"ops-platform/test/integration","Test":"TestRuntimeDatabaseLoginCannotRegainOwnerOrOtherProcess","Output":"2026/10/01 16:26:03 OK   00012_config_registry_lifecycle.sql (7.83ms)\n"}
{"Time":"2026-10-01T16:26:03.97966+08:00","Action":"output","Package":"ops-platform/test/integration","Test":"TestRuntimeDatabaseLoginCannotRegainOwnerOrOtherProcess","Output":"2026/10/01 16:26:03 OK   00013_audit_signed_segments.sql (9.4ms)\n"}
{"Time":"2026-10-01T16:26:03.984773+08:00","Action":"output","Package":"ops-platform/test/integration","Test":"TestRuntimeDatabaseLoginCannotRegainOwnerOrOtherProcess","Output":"2026/10/01 16:26:03 OK   00014_audit_segment_predecessors.sql (5.01ms)\n"}
{"Time":"2026-10-01T16:26:03.98721+08:00","Action":"output","Package":"ops-platform/test/integration","Test":"TestRuntimeDatabaseLoginCannotRegainOwnerOrOtherProcess","Output":"2026/10/01 16:26:03 OK   00015_source_schema_scope.sql (2.36ms)\n"}
{"Time":"2026-10-01T16:26:03.990894+08:00","Action":"output","Package":"ops-platform/test/integration","Test":"TestRuntimeDatabaseLoginCannotRegainOwnerOrOtherProcess","Output":"2026/10/01 16:26:03 OK   00016_cluster_registration_metadata.sql (3.62ms)\n"}
{"Time":"2026-10-01T16:26:03.990906+08:00","Action":"output","Package":"ops-platform/test/integration","Test":"TestRuntimeDatabaseLoginCannotRegainOwnerOrOtherProcess","Output":"2026/10/01 16:26:03 goose: successfully migrated database to version: 16\n"}
{"Time":"2026-10-01T16:26:04.043819+08:00","Action":"output","Package":"ops-platform/test/integration","Test":"TestRuntimeDatabaseLoginCannotRegainOwnerOrOtherProcess","Output":"--- PASS: TestRuntimeDatabaseLoginCannotRegainOwnerOrOtherProcess (0.23s)\n","OutputType":"frame"}
{"Time":"2026-10-01T16:26:04.043853+08:00","Action":"pass","Package":"ops-platform/test/integration","Test":"TestRuntimeDatabaseLoginCannotRegainOwnerOrOtherProcess","Elapsed":0.23}
{"Time":"2026-10-01T16:26:04.043862+08:00","Action":"run","Package":"ops-platform/test/integration","Test":"TestRuntimeProfileFixtureMatchesLockedEndpoints"}
{"Time":"2026-10-01T16:26:04.043866+08:00","Action":"output","Package":"ops-platform/test/integration","Test":"TestRuntimeProfileFixtureMatchesLockedEndpoints","Output":"=== RUN   TestRuntimeProfileFixtureMatchesLockedEndpoints\n","OutputType":"frame"}
{"Time":"2026-10-01T16:26:04.045341+08:00","Action":"output","Package":"ops-platform/test/integration","Test":"TestRuntimeProfileFixtureMatchesLockedEndpoints","Output":"--- PASS: TestRuntimeProfileFixtureMatchesLockedEndpoints (0.00s)\n","OutputType":"frame"}
{"Time":"2026-10-01T16:26:04.045356+08:00","Action":"pass","Package":"ops-platform/test/integration","Test":"TestRuntimeProfileFixtureMatchesLockedEndpoints","Elapsed":0}
{"Time":"2026-10-01T16:26:04.045376+08:00","Action":"run","Package":"ops-platform/test/integration","Test":"TestSourceRegistrationsAreTenantBoundRevisionedAndAudited"}
{"Time":"2026-10-01T16:26:04.04538+08:00","Action":"output","Package":"ops-platform/test/integration","Test":"TestSourceRegistrationsAreTenantBoundRevisionedAndAudited","Output":"=== RUN   TestSourceRegistrationsAreTenantBoundRevisionedAndAudited\n","OutputType":"frame"}
{"Time":"2026-10-01T16:26:04.080649+08:00","Action":"output","Package":"ops-platform/test/integration","Test":"TestSourceRegistrationsAreTenantBoundRevisionedAndAudited","Output":"2026/10/01 16:26:04 OK   00001_roles_and_schemas.sql (7.12ms)\n"}
{"Time":"2026-10-01T16:26:04.080672+08:00","Action":"output","Package":"ops-platform/test/integration","Test":"TestSourceRegistrationsAreTenantBoundRevisionedAndAudited","Output":"2026/10/01 16:26:04 goose: successfully migrated database to version: 1\n"}
{"Time":"2026-10-01T16:26:04.098919+08:00","Action":"output","Package":"ops-platform/test/integration","Test":"TestSourceRegistrationsAreTenantBoundRevisionedAndAudited","Output":"2026/10/01 16:26:04 OK   00002_platform_meta.sql (12.45ms)\n"}
{"Time":"2026-10-01T16:26:04.1049+08:00","Action":"output","Package":"ops-platform/test/integration","Test":"TestSourceRegistrationsAreTenantBoundRevisionedAndAudited","Output":"2026/10/01 16:26:04 OK   00003_finding.sql (5.88ms)\n"}
{"Time":"2026-10-01T16:26:04.108867+08:00","Action":"output","Package":"ops-platform/test/integration","Test":"TestSourceRegistrationsAreTenantBoundRevisionedAndAudited","Output":"2026/10/01 16:26:04 OK   00004_incident.sql (3.83ms)\n"}
{"Time":"2026-10-01T16:26:04.113554+08:00","Action":"output","Package":"ops-platform/test/integration","Test":"TestSourceRegistrationsAreTenantBoundRevisionedAndAudited","Output":"2026/10/01 16:26:04 OK   00005_investigation.sql (4.61ms)\n"}
{"Time":"2026-10-01T16:26:04.117692+08:00","Action":"output","Package":"ops-platform/test/integration","Test":"TestSourceRegistrationsAreTenantBoundRevisionedAndAudited","Output":"2026/10/01 16:26:04 OK   00006_action_command.sql (4.05ms)\n"}
{"Time":"2026-10-01T16:26:04.123776+08:00","Action":"output","Package":"ops-platform/test/integration","Test":"TestSourceRegistrationsAreTenantBoundRevisionedAndAudited","Output":"2026/10/01 16:26:04 OK   00007_audit.sql (5.99ms)\n"}
{"Time":"2026-10-01T16:26:04.130293+08:00","Action":"output","Package":"ops-platform/test/integration","Test":"TestSourceRegistrationsAreTenantBoundRevisionedAndAudited","Output":"2026/10/01 16:26:04 OK   00008_rls.sql (6.43ms)\n"}
{"Time":"2026-10-01T16:26:04.136073+08:00","Action":"output","Package":"ops-platform/test/integration","Test":"TestSourceRegistrationsAreTenantBoundRevisionedAndAudited","Output":"2026/10/01 16:26:04 OK   00009_idempotency_ledger.sql (5.68ms)\n"}
{"Time":"2026-10-01T16:26:04.13952+08:00","Action":"output","Package":"ops-platform/test/integration","Test":"TestSourceRegistrationsAreTenantBoundRevisionedAndAudited","Output":"2026/10/01 16:26:04 OK   00010_tenant_provisioning.sql (3.37ms)\n"}
{"Time":"2026-10-01T16:26:04.144327+08:00","Action":"output","Package":"ops-platform/test/integration","Test":"TestSourceRegistrationsAreTenantBoundRevisionedAndAudited","Output":"2026/10/01 16:26:04 OK   00011_source_registration_history.sql (4.74ms)\n"}
{"Time":"2026-10-01T16:26:04.150906+08:00","Action":"output","Package":"ops-platform/test/integration","Test":"TestSourceRegistrationsAreTenantBoundRevisionedAndAudited","Output":"2026/10/01 16:26:04 OK   00012_config_registry_lifecycle.sql (6.5ms)\n"}
{"Time":"2026-10-01T16:26:04.159608+08:00","Action":"output","Package":"ops-platform/test/integration","Test":"TestSourceRegistrationsAreTenantBoundRevisionedAndAudited","Output":"2026/10/01 16:26:04 OK   00013_audit_signed_segments.sql (8.59ms)\n"}
{"Time":"2026-10-01T16:26:04.163781+08:00","Action":"output","Package":"ops-platform/test/integration","Test":"TestSourceRegistrationsAreTenantBoundRevisionedAndAudited","Output":"2026/10/01 16:26:04 OK   00014_audit_segment_predecessors.sql (4.09ms)\n"}
{"Time":"2026-10-01T16:26:04.166288+08:00","Action":"output","Package":"ops-platform/test/integration","Test":"TestSourceRegistrationsAreTenantBoundRevisionedAndAudited","Output":"2026/10/01 16:26:04 OK   00015_source_schema_scope.sql (2.45ms)\n"}
{"Time":"2026-10-01T16:26:04.169731+08:00","Action":"output","Package":"ops-platform/test/integration","Test":"TestSourceRegistrationsAreTenantBoundRevisionedAndAudited","Output":"2026/10/01 16:26:04 OK   00016_cluster_registration_metadata.sql (3.39ms)\n"}
{"Time":"2026-10-01T16:26:04.169746+08:00","Action":"output","Package":"ops-platform/test/integration","Test":"TestSourceRegistrationsAreTenantBoundRevisionedAndAudited","Output":"2026/10/01 16:26:04 goose: successfully migrated database to version: 16\n"}
{"Time":"2026-10-01T16:26:04.214567+08:00","Action":"run","Package":"ops-platform/test/integration","Test":"TestSourceRegistrationsAreTenantBoundRevisionedAndAudited/payload-tenant"}
{"Time":"2026-10-01T16:26:04.214596+08:00","Action":"output","Package":"ops-platform/test/integration","Test":"TestSourceRegistrationsAreTenantBoundRevisionedAndAudited/payload-tenant","Output":"=== RUN   TestSourceRegistrationsAreTenantBoundRevisionedAndAudited/payload-tenant\n","OutputType":"frame"}
{"Time":"2026-10-01T16:26:04.215294+08:00","Action":"output","Package":"ops-platform/test/integration","Test":"TestSourceRegistrationsAreTenantBoundRevisionedAndAudited/payload-tenant","Output":"--- PASS: TestSourceRegistrationsAreTenantBoundRevisionedAndAudited/payload-tenant (0.00s)\n","OutputType":"frame"}
{"Time":"2026-10-01T16:26:04.215305+08:00","Action":"pass","Package":"ops-platform/test/integration","Test":"TestSourceRegistrationsAreTenantBoundRevisionedAndAudited/payload-tenant","Elapsed":0}
{"Time":"2026-10-01T16:26:04.215313+08:00","Action":"run","Package":"ops-platform/test/integration","Test":"TestSourceRegistrationsAreTenantBoundRevisionedAndAudited/payload-cluster"}
{"Time":"2026-10-01T16:26:04.215317+08:00","Action":"output","Package":"ops-platform/test/integration","Test":"TestSourceRegistrationsAreTenantBoundRevisionedAndAudited/payload-cluster","Output":"=== RUN   TestSourceRegistrationsAreTenantBoundRevisionedAndAudited/payload-cluster\n","OutputType":"frame"}
{"Time":"2026-10-01T16:26:04.215852+08:00","Action":"output","Package":"ops-platform/test/integration","Test":"TestSourceRegistrationsAreTenantBoundRevisionedAndAudited/payload-cluster","Output":"--- PASS: TestSourceRegistrationsAreTenantBoundRevisionedAndAudited/payload-cluster (0.00s)\n","OutputType":"frame"}
{"Time":"2026-10-01T16:26:04.215861+08:00","Action":"pass","Package":"ops-platform/test/integration","Test":"TestSourceRegistrationsAreTenantBoundRevisionedAndAudited/payload-cluster","Elapsed":0}
{"Time":"2026-10-01T16:26:04.300856+08:00","Action":"output","Package":"ops-platform/test/integration","Test":"TestSourceRegistrationsAreTenantBoundRevisionedAndAudited","Output":"--- PASS: TestSourceRegistrationsAreTenantBoundRevisionedAndAudited (0.26s)\n","OutputType":"frame"}
{"Time":"2026-10-01T16:26:04.30088+08:00","Action":"pass","Package":"ops-platform/test/integration","Test":"TestSourceRegistrationsAreTenantBoundRevisionedAndAudited","Elapsed":0.26}
{"Time":"2026-10-01T16:26:04.300886+08:00","Action":"run","Package":"ops-platform/test/integration","Test":"TestRevokedStepUpCannotBeRecreatedByReplayingSameJWT"}
{"Time":"2026-10-01T16:26:04.30089+08:00","Action":"output","Package":"ops-platform/test/integration","Test":"TestRevokedStepUpCannotBeRecreatedByReplayingSameJWT","Output":"=== RUN   TestRevokedStepUpCannotBeRecreatedByReplayingSameJWT\n","OutputType":"frame"}
{"Time":"2026-10-01T16:26:04.329206+08:00","Action":"output","Package":"ops-platform/test/integration","Test":"TestRevokedStepUpCannotBeRecreatedByReplayingSameJWT","Output":"2026/10/01 16:26:04 OK   00001_roles_and_schemas.sql (4.78ms)\n"}
{"Time":"2026-10-01T16:26:04.339311+08:00","Action":"output","Package":"ops-platform/test/integration","Test":"TestRevokedStepUpCannotBeRecreatedByReplayingSameJWT","Output":"2026/10/01 16:26:04 OK   00002_platform_meta.sql (10.02ms)\n"}
{"Time":"2026-10-01T16:26:04.343462+08:00","Action":"output","Package":"ops-platform/test/integration","Test":"TestRevokedStepUpCannotBeRecreatedByReplayingSameJWT","Output":"2026/10/01 16:26:04 OK   00003_finding.sql (4.08ms)\n"}
{"Time":"2026-10-01T16:26:04.34621+08:00","Action":"output","Package":"ops-platform/test/integration","Test":"TestRevokedStepUpCannotBeRecreatedByReplayingSameJWT","Output":"2026/10/01 16:26:04 OK   00004_incident.sql (2.7ms)\n"}
{"Time":"2026-10-01T16:26:04.349411+08:00","Action":"output","Package":"ops-platform/test/integration","Test":"TestRevokedStepUpCannotBeRecreatedByReplayingSameJWT","Output":"2026/10/01 16:26:04 OK   00005_investigation.sql (3.15ms)\n"}
{"Time":"2026-10-01T16:26:04.352361+08:00","Action":"output","Package":"ops-platform/test/integration","Test":"TestRevokedStepUpCannotBeRecreatedByReplayingSameJWT","Output":"2026/10/01 16:26:04 OK   00006_action_command.sql (2.9ms)\n"}
{"Time":"2026-10-01T16:26:04.357218+08:00","Action":"output","Package":"ops-platform/test/integration","Test":"TestRevokedStepUpCannotBeRecreatedByReplayingSameJWT","Output":"2026/10/01 16:26:04 OK   00007_audit.sql (4.8ms)\n"}
{"Time":"2026-10-01T16:26:04.36182+08:00","Action":"output","Package":"ops-platform/test/integration","Test":"TestRevokedStepUpCannotBeRecreatedByReplayingSameJWT","Output":"2026/10/01 16:26:04 OK   00008_rls.sql (4.55ms)\n"}
{"Time":"2026-10-01T16:26:04.365409+08:00","Action":"output","Package":"ops-platform/test/integration","Test":"TestRevokedStepUpCannotBeRecreatedByReplayingSameJWT","Output":"2026/10/01 16:26:04 OK   00009_idempotency_ledger.sql (3.53ms)\n"}
{"Time":"2026-10-01T16:26:04.367515+08:00","Action":"output","Package":"ops-platform/test/integration","Test":"TestRevokedStepUpCannotBeRecreatedByReplayingSameJWT","Output":"2026/10/01 16:26:04 OK   00010_tenant_provisioning.sql (2.06ms)\n"}
{"Time":"2026-10-01T16:26:04.370808+08:00","Action":"output","Package":"ops-platform/test/integration","Test":"TestRevokedStepUpCannotBeRecreatedByReplayingSameJWT","Output":"2026/10/01 16:26:04 OK   00011_source_registration_history.sql (3.25ms)\n"}
{"Time":"2026-10-01T16:26:04.375498+08:00","Action":"output","Package":"ops-platform/test/integration","Test":"TestRevokedStepUpCannotBeRecreatedByReplayingSameJWT","Output":"2026/10/01 16:26:04 OK   00012_config_registry_lifecycle.sql (4.63ms)\n"}
{"Time":"2026-10-01T16:26:04.38127+08:00","Action":"output","Package":"ops-platform/test/integration","Test":"TestRevokedStepUpCannotBeRecreatedByReplayingSameJWT","Output":"2026/10/01 16:26:04 OK   00013_audit_signed_segments.sql (5.7ms)\n"}
{"Time":"2026-10-01T16:26:04.38409+08:00","Action":"output","Package":"ops-platform/test/integration","Test":"TestRevokedStepUpCannotBeRecreatedByReplayingSameJWT","Output":"2026/10/01 16:26:04 OK   00014_audit_segment_predecessors.sql (2.77ms)\n"}
{"Time":"2026-10-01T16:26:04.385589+08:00","Action":"output","Package":"ops-platform/test/integration","Test":"TestRevokedStepUpCannotBeRecreatedByReplayingSameJWT","Output":"2026/10/01 16:26:04 OK   00015_source_schema_scope.sql (1.46ms)\n"}
{"Time":"2026-10-01T16:26:04.387595+08:00","Action":"output","Package":"ops-platform/test/integration","Test":"TestRevokedStepUpCannotBeRecreatedByReplayingSameJWT","Output":"2026/10/01 16:26:04 OK   00016_cluster_registration_metadata.sql (1.97ms)\n"}
{"Time":"2026-10-01T16:26:04.387602+08:00","Action":"output","Package":"ops-platform/test/integration","Test":"TestRevokedStepUpCannotBeRecreatedByReplayingSameJWT","Output":"2026/10/01 16:26:04 goose: successfully migrated database to version: 16\n"}
{"Time":"2026-10-01T16:26:04.546499+08:00","Action":"output","Package":"ops-platform/test/integration","Test":"TestRevokedStepUpCannotBeRecreatedByReplayingSameJWT","Output":"--- PASS: TestRevokedStepUpCannotBeRecreatedByReplayingSameJWT (0.25s)\n","OutputType":"frame"}
{"Time":"2026-10-01T16:26:04.54669+08:00","Action":"pass","Package":"ops-platform/test/integration","Test":"TestRevokedStepUpCannotBeRecreatedByReplayingSameJWT","Elapsed":0.25}
{"Time":"2026-10-01T16:26:04.546734+08:00","Action":"run","Package":"ops-platform/test/integration","Test":"TestTenantProvisioningAndRoleBindingRevisions"}
{"Time":"2026-10-01T16:26:04.546754+08:00","Action":"output","Package":"ops-platform/test/integration","Test":"TestTenantProvisioningAndRoleBindingRevisions","Output":"=== RUN   TestTenantProvisioningAndRoleBindingRevisions\n","OutputType":"frame"}
{"Time":"2026-10-01T16:26:04.592388+08:00","Action":"output","Package":"ops-platform/test/integration","Test":"TestTenantProvisioningAndRoleBindingRevisions","Output":"2026/10/01 16:26:04 OK   00001_roles_and_schemas.sql (8.4ms)\n"}
{"Time":"2026-10-01T16:26:04.592443+08:00","Action":"output","Package":"ops-platform/test/integration","Test":"TestTenantProvisioningAndRoleBindingRevisions","Output":"2026/10/01 16:26:04 goose: successfully migrated database to version: 1\n"}
{"Time":"2026-10-01T16:26:04.613383+08:00","Action":"output","Package":"ops-platform/test/integration","Test":"TestTenantProvisioningAndRoleBindingRevisions","Output":"2026/10/01 16:26:04 OK   00002_platform_meta.sql (14.01ms)\n"}
{"Time":"2026-10-01T16:26:04.619823+08:00","Action":"output","Package":"ops-platform/test/integration","Test":"TestTenantProvisioningAndRoleBindingRevisions","Output":"2026/10/01 16:26:04 OK   00003_finding.sql (6.25ms)\n"}
{"Time":"2026-10-01T16:26:04.624749+08:00","Action":"output","Package":"ops-platform/test/integration","Test":"TestTenantProvisioningAndRoleBindingRevisions","Output":"2026/10/01 16:26:04 OK   00004_incident.sql (4.71ms)\n"}
{"Time":"2026-10-01T16:26:04.630434+08:00","Action":"output","Package":"ops-platform/test/integration","Test":"TestTenantProvisioningAndRoleBindingRevisions","Output":"2026/10/01 16:26:04 OK   00005_investigation.sql (5.43ms)\n"}
{"Time":"2026-10-01T16:26:04.635655+08:00","Action":"output","Package":"ops-platform/test/integration","Test":"TestTenantProvisioningAndRoleBindingRevisions","Output":"2026/10/01 16:26:04 OK   00006_action_command.sql (5.02ms)\n"}
{"Time":"2026-10-01T16:26:04.643521+08:00","Action":"output","Package":"ops-platform/test/integration","Test":"TestTenantProvisioningAndRoleBindingRevisions","Output":"2026/10/01 16:26:04 OK   00007_audit.sql (7.67ms)\n"}
{"Time":"2026-10-01T16:26:04.651468+08:00","Action":"output","Package":"ops-platform/test/integration","Test":"TestTenantProvisioningAndRoleBindingRevisions","Output":"2026/10/01 16:26:04 OK   00008_rls.sql (7.76ms)\n"}
{"Time":"2026-10-01T16:26:04.657734+08:00","Action":"output","Package":"ops-platform/test/integration","Test":"TestTenantProvisioningAndRoleBindingRevisions","Output":"2026/10/01 16:26:04 OK   00009_idempotency_ledger.sql (6.04ms)\n"}
{"Time":"2026-10-01T16:26:04.661674+08:00","Action":"output","Package":"ops-platform/test/integration","Test":"TestTenantProvisioningAndRoleBindingRevisions","Output":"2026/10/01 16:26:04 OK   00010_tenant_provisioning.sql (3.8ms)\n"}
{"Time":"2026-10-01T16:26:04.666992+08:00","Action":"output","Package":"ops-platform/test/integration","Test":"TestTenantProvisioningAndRoleBindingRevisions","Output":"2026/10/01 16:26:04 OK   00011_source_registration_history.sql (5.17ms)\n"}
{"Time":"2026-10-01T16:26:04.674333+08:00","Action":"output","Package":"ops-platform/test/integration","Test":"TestTenantProvisioningAndRoleBindingRevisions","Output":"2026/10/01 16:26:04 OK   00012_config_registry_lifecycle.sql (7.14ms)\n"}
{"Time":"2026-10-01T16:26:04.684248+08:00","Action":"output","Package":"ops-platform/test/integration","Test":"TestTenantProvisioningAndRoleBindingRevisions","Output":"2026/10/01 16:26:04 OK   00013_audit_signed_segments.sql (9.64ms)\n"}
{"Time":"2026-10-01T16:26:04.68908+08:00","Action":"output","Package":"ops-platform/test/integration","Test":"TestTenantProvisioningAndRoleBindingRevisions","Output":"2026/10/01 16:26:04 OK   00014_audit_segment_predecessors.sql (4.61ms)\n"}
{"Time":"2026-10-01T16:26:04.69178+08:00","Action":"output","Package":"ops-platform/test/integration","Test":"TestTenantProvisioningAndRoleBindingRevisions","Output":"2026/10/01 16:26:04 OK   00015_source_schema_scope.sql (2.58ms)\n"}
{"Time":"2026-10-01T16:26:04.695205+08:00","Action":"output","Package":"ops-platform/test/integration","Test":"TestTenantProvisioningAndRoleBindingRevisions","Output":"2026/10/01 16:26:04 OK   00016_cluster_registration_metadata.sql (3.32ms)\n"}
{"Time":"2026-10-01T16:26:04.69525+08:00","Action":"output","Package":"ops-platform/test/integration","Test":"TestTenantProvisioningAndRoleBindingRevisions","Output":"2026/10/01 16:26:04 goose: successfully migrated database to version: 16\n"}
{"Time":"2026-10-01T16:26:04.785554+08:00","Action":"output","Package":"ops-platform/test/integration","Test":"TestTenantProvisioningAndRoleBindingRevisions","Output":"--- PASS: TestTenantProvisioningAndRoleBindingRevisions (0.24s)\n","OutputType":"frame"}
{"Time":"2026-10-01T16:26:04.785642+08:00","Action":"pass","Package":"ops-platform/test/integration","Test":"TestTenantProvisioningAndRoleBindingRevisions","Elapsed":0.24}
{"Time":"2026-10-01T16:26:04.785675+08:00","Action":"run","Package":"ops-platform/test/integration","Test":"TestRealAuditWorkerProjectedLoginResumesPendingAfterArchiveOutage"}
{"Time":"2026-10-01T16:26:04.785691+08:00","Action":"output","Package":"ops-platform/test/integration","Test":"TestRealAuditWorkerProjectedLoginResumesPendingAfterArchiveOutage","Output":"=== RUN   TestRealAuditWorkerProjectedLoginResumesPendingAfterArchiveOutage\n","OutputType":"frame"}
{"Time":"2026-10-01T16:26:04.835868+08:00","Action":"output","Package":"ops-platform/test/integration","Test":"TestRealAuditWorkerProjectedLoginResumesPendingAfterArchiveOutage","Output":"2026/10/01 16:26:04 OK   00001_roles_and_schemas.sql (8.98ms)\n"}
{"Time":"2026-10-01T16:26:04.850583+08:00","Action":"output","Package":"ops-platform/test/integration","Test":"TestRealAuditWorkerProjectedLoginResumesPendingAfterArchiveOutage","Output":"2026/10/01 16:26:04 OK   00002_platform_meta.sql (14.33ms)\n"}
{"Time":"2026-10-01T16:26:04.857758+08:00","Action":"output","Package":"ops-platform/test/integration","Test":"TestRealAuditWorkerProjectedLoginResumesPendingAfterArchiveOutage","Output":"2026/10/01 16:26:04 OK   00003_finding.sql (6.91ms)\n"}
{"Time":"2026-10-01T16:26:04.863284+08:00","Action":"output","Package":"ops-platform/test/integration","Test":"TestRealAuditWorkerProjectedLoginResumesPendingAfterArchiveOutage","Output":"2026/10/01 16:26:04 OK   00004_incident.sql (5.29ms)\n"}
{"Time":"2026-10-01T16:26:04.869566+08:00","Action":"output","Package":"ops-platform/test/integration","Test":"TestRealAuditWorkerProjectedLoginResumesPendingAfterArchiveOutage","Output":"2026/10/01 16:26:04 OK   00005_investigation.sql (6.08ms)\n"}
{"Time":"2026-10-01T16:26:04.875363+08:00","Action":"output","Package":"ops-platform/test/integration","Test":"TestRealAuditWorkerProjectedLoginResumesPendingAfterArchiveOutage","Output":"2026/10/01 16:26:04 OK   00006_action_command.sql (5.6ms)\n"}
{"Time":"2026-10-01T16:26:04.883608+08:00","Action":"output","Package":"ops-platform/test/integration","Test":"TestRealAuditWorkerProjectedLoginResumesPendingAfterArchiveOutage","Output":"2026/10/01 16:26:04 OK   00007_audit.sql (7.99ms)\n"}
{"Time":"2026-10-01T16:26:04.891875+08:00","Action":"output","Package":"ops-platform/test/integration","Test":"TestRealAuditWorkerProjectedLoginResumesPendingAfterArchiveOutage","Output":"2026/10/01 16:26:04 OK   00008_rls.sql (7.98ms)\n"}
{"Time":"2026-10-01T16:26:04.89855+08:00","Action":"output","Package":"ops-platform/test/integration","Test":"TestRealAuditWorkerProjectedLoginResumesPendingAfterArchiveOutage","Output":"2026/10/01 16:26:04 OK   00009_idempotency_ledger.sql (6.41ms)\n"}
{"Time":"2026-10-01T16:26:04.903183+08:00","Action":"output","Package":"ops-platform/test/integration","Test":"TestRealAuditWorkerProjectedLoginResumesPendingAfterArchiveOutage","Output":"2026/10/01 16:26:04 OK   00010_tenant_provisioning.sql (4.36ms)\n"}
{"Time":"2026-10-01T16:26:04.909096+08:00","Action":"output","Package":"ops-platform/test/integration","Test":"TestRealAuditWorkerProjectedLoginResumesPendingAfterArchiveOutage","Output":"2026/10/01 16:26:04 OK   00011_source_registration_history.sql (5.67ms)\n"}
{"Time":"2026-10-01T16:26:04.917179+08:00","Action":"output","Package":"ops-platform/test/integration","Test":"TestRealAuditWorkerProjectedLoginResumesPendingAfterArchiveOutage","Output":"2026/10/01 16:26:04 OK   00012_config_registry_lifecycle.sql (7.81ms)\n"}
{"Time":"2026-10-01T16:26:04.927454+08:00","Action":"output","Package":"ops-platform/test/integration","Test":"TestRealAuditWorkerProjectedLoginResumesPendingAfterArchiveOutage","Output":"2026/10/01 16:26:04 OK   00013_audit_signed_segments.sql (9.9ms)\n"}
{"Time":"2026-10-01T16:26:04.932172+08:00","Action":"output","Package":"ops-platform/test/integration","Test":"TestRealAuditWorkerProjectedLoginResumesPendingAfterArchiveOutage","Output":"2026/10/01 16:26:04 OK   00014_audit_segment_predecessors.sql (4.58ms)\n"}
{"Time":"2026-10-01T16:26:04.935111+08:00","Action":"output","Package":"ops-platform/test/integration","Test":"TestRealAuditWorkerProjectedLoginResumesPendingAfterArchiveOutage","Output":"2026/10/01 16:26:04 OK   00015_source_schema_scope.sql (2.85ms)\n"}
{"Time":"2026-10-01T16:26:04.938724+08:00","Action":"output","Package":"ops-platform/test/integration","Test":"TestRealAuditWorkerProjectedLoginResumesPendingAfterArchiveOutage","Output":"2026/10/01 16:26:04 OK   00016_cluster_registration_metadata.sql (3.49ms)\n"}
{"Time":"2026-10-01T16:26:04.938782+08:00","Action":"output","Package":"ops-platform/test/integration","Test":"TestRealAuditWorkerProjectedLoginResumesPendingAfterArchiveOutage","Output":"2026/10/01 16:26:04 goose: successfully migrated database to version: 16\n"}
{"Time":"2026-10-01T16:26:07.857343+08:00","Action":"output","Package":"ops-platform/test/integration","Test":"TestRealAuditWorkerProjectedLoginResumesPendingAfterArchiveOutage","Output":"    worker_runtime_test.go:83: start worker with archive endpoint=http://127.0.0.1:1 bucket=sp03-worker-bf4aa357\n"}
{"Time":"2026-10-01T16:26:08.893642+08:00","Action":"output","Package":"ops-platform/test/integration","Test":"TestRealAuditWorkerProjectedLoginResumesPendingAfterArchiveOutage","Output":"    worker_runtime_test.go:83: start worker with archive endpoint=http://127.0.0.1:32775 bucket=sp03-worker-bf4aa357\n"}
{"Time":"2026-10-01T16:26:09.331483+08:00","Action":"output","Package":"ops-platform/test/integration","Test":"TestRealAuditWorkerProjectedLoginResumesPendingAfterArchiveOutage","Output":"    worker_runtime_test.go:166: actual cmd/platform-worker OS processes used projected-token login and worker-only DB login=sp03_worker_0633b044ee75435baff87c2f088b7e65; first_pid=15195 exit_signal=SIGKILL second_pid=15203 exit_code=0; restart resumed tenants=01a0f692-1961-7bc7-921e-8759e8e849b5,01a0f692-1961-7bcb-bc91-5d80debb2bbe after S3 refusal; pending=0 max_proof_delay_seconds=364.222 bucket=sp03-worker-bf4aa357\n"}
{"Time":"2026-10-01T16:26:09.413541+08:00","Action":"output","Package":"ops-platform/test/integration","Test":"TestRealAuditWorkerProjectedLoginResumesPendingAfterArchiveOutage","Output":"--- PASS: TestRealAuditWorkerProjectedLoginResumesPendingAfterArchiveOutage (4.63s)\n","OutputType":"frame"}
{"Time":"2026-10-01T16:26:09.413803+08:00","Action":"pass","Package":"ops-platform/test/integration","Test":"TestRealAuditWorkerProjectedLoginResumesPendingAfterArchiveOutage","Elapsed":4.63}
{"Time":"2026-10-01T16:26:09.413849+08:00","Action":"run","Package":"ops-platform/test/integration","Test":"TestRealOpenBaoWorkloadPKIIssuanceAndRevocation"}
{"Time":"2026-10-01T16:26:09.413868+08:00","Action":"output","Package":"ops-platform/test/integration","Test":"TestRealOpenBaoWorkloadPKIIssuanceAndRevocation","Output":"=== RUN   TestRealOpenBaoWorkloadPKIIssuanceAndRevocation\n","OutputType":"frame"}
{"Time":"2026-10-01T16:26:09.436645+08:00","Action":"output","Package":"ops-platform/test/integration","Test":"TestRealOpenBaoWorkloadPKIIssuanceAndRevocation","Output":"    workload_identity_test.go:86: isolated OpenBao workload role=platform-workload-ops-api certificate_serial=1e7ca7709c8fa998bfc192d6362009dbdab55f8e cert_ttl=1h0m30s revoked_crl_verified=true\n"}
{"Time":"2026-10-01T16:26:09.436754+08:00","Action":"output","Package":"ops-platform/test/integration","Test":"TestRealOpenBaoWorkloadPKIIssuanceAndRevocation","Output":"--- PASS: TestRealOpenBaoWorkloadPKIIssuanceAndRevocation (0.02s)\n","OutputType":"frame"}
{"Time":"2026-10-01T16:26:09.436772+08:00","Action":"pass","Package":"ops-platform/test/integration","Test":"TestRealOpenBaoWorkloadPKIIssuanceAndRevocation","Elapsed":0.02}
{"Time":"2026-10-01T16:26:09.436795+08:00","Action":"output","Package":"ops-platform/test/integration","Output":"PASS\n","OutputType":"frame"}
{"Time":"2026-10-01T16:26:09.442386+08:00","Action":"output","Package":"ops-platform/test/integration","Output":"ok  \tops-platform/test/integration\t30.935s\n"}
{"Time":"2026-10-01T16:26:09.44246+08:00","Action":"pass","Package":"ops-platform/test/integration","Elapsed":30.935}
Acceptance report: 25 tests passed; zero skips.
