{"Time":"2026-10-01T17:35:45.566275+08:00","Action":"start","Package":"ops-platform/test/integration"}
{"Time":"2026-10-01T17:35:46.30201+08:00","Action":"run","Package":"ops-platform/test/integration","Test":"TestRealArchiveTenantIAMTLS"}
{"Time":"2026-10-01T17:35:46.302328+08:00","Action":"output","Package":"ops-platform/test/integration","Test":"TestRealArchiveTenantIAMTLS","Output":"=== RUN   TestRealArchiveTenantIAMTLS\n","OutputType":"frame"}
{"Time":"2026-10-01T17:35:50.083641+08:00","Action":"output","Package":"ops-platform/test/integration","Test":"TestRealArchiveTenantIAMTLS","Output":"    archive_iam_test.go:145: owned TLS/IAM fixture image=docker.io/chrislusf/seaweedfs@sha256:d4cf67729aa8777e1a43a5b61d72e5b96179e4b7bac9a221cb14cbc2036cb32e id=0cf415387d6d2581ad802651bf1b180eb82d25e342634b0577798e67698312bc bucket=sp03-iam-fade79ed tenants=2\n"}
{"Time":"2026-10-01T17:35:55.135537+08:00","Action":"output","Package":"ops-platform/test/integration","Test":"TestRealArchiveTenantIAMTLS","Output":"    archive_iam_test.go:189: HTTPS, independent CA, separate tenant principals, own-prefix access, foreign list/get rejection, global-principal rejection passed\n"}
{"Time":"2026-10-01T17:35:55.411295+08:00","Action":"output","Package":"ops-platform/test/integration","Test":"TestRealArchiveTenantIAMTLS","Output":"--- PASS: TestRealArchiveTenantIAMTLS (9.11s)\n","OutputType":"frame"}
{"Time":"2026-10-01T17:35:55.411345+08:00","Action":"pass","Package":"ops-platform/test/integration","Test":"TestRealArchiveTenantIAMTLS","Elapsed":9.11}
{"Time":"2026-10-01T17:35:55.41138+08:00","Action":"run","Package":"ops-platform/test/integration","Test":"TestRealOpenBaoTransitAndSeaweedS3AuditArchive"}
{"Time":"2026-10-01T17:35:55.411389+08:00","Action":"output","Package":"ops-platform/test/integration","Test":"TestRealOpenBaoTransitAndSeaweedS3AuditArchive","Output":"=== RUN   TestRealOpenBaoTransitAndSeaweedS3AuditArchive\n","OutputType":"frame"}
{"Time":"2026-10-01T17:35:55.760775+08:00","Action":"output","Package":"ops-platform/test/integration","Test":"TestRealOpenBaoTransitAndSeaweedS3AuditArchive","Output":"2026/10/01 17:35:55 OK   00001_roles_and_schemas.sql (58.55ms)\n"}
{"Time":"2026-10-01T17:35:55.76084+08:00","Action":"output","Package":"ops-platform/test/integration","Test":"TestRealOpenBaoTransitAndSeaweedS3AuditArchive","Output":"2026/10/01 17:35:55 goose: successfully migrated database to version: 1\n"}
{"Time":"2026-10-01T17:35:55.799616+08:00","Action":"output","Package":"ops-platform/test/integration","Test":"TestRealOpenBaoTransitAndSeaweedS3AuditArchive","Output":"2026/10/01 17:35:55 OK   00002_platform_meta.sql (22.91ms)\n"}
{"Time":"2026-10-01T17:35:55.81731+08:00","Action":"output","Package":"ops-platform/test/integration","Test":"TestRealOpenBaoTransitAndSeaweedS3AuditArchive","Output":"2026/10/01 17:35:55 OK   00003_finding.sql (17.26ms)\n"}
{"Time":"2026-10-01T17:35:55.822946+08:00","Action":"output","Package":"ops-platform/test/integration","Test":"TestRealOpenBaoTransitAndSeaweedS3AuditArchive","Output":"2026/10/01 17:35:55 OK   00004_incident.sql (5.24ms)\n"}
{"Time":"2026-10-01T17:35:55.829356+08:00","Action":"output","Package":"ops-platform/test/integration","Test":"TestRealOpenBaoTransitAndSeaweedS3AuditArchive","Output":"2026/10/01 17:35:55 OK   00005_investigation.sql (5.87ms)\n"}
{"Time":"2026-10-01T17:35:55.837534+08:00","Action":"output","Package":"ops-platform/test/integration","Test":"TestRealOpenBaoTransitAndSeaweedS3AuditArchive","Output":"2026/10/01 17:35:55 OK   00006_action_command.sql (7.71ms)\n"}
{"Time":"2026-10-01T17:35:55.846355+08:00","Action":"output","Package":"ops-platform/test/integration","Test":"TestRealOpenBaoTransitAndSeaweedS3AuditArchive","Output":"2026/10/01 17:35:55 OK   00007_audit.sql (8.38ms)\n"}
{"Time":"2026-10-01T17:35:55.853435+08:00","Action":"output","Package":"ops-platform/test/integration","Test":"TestRealOpenBaoTransitAndSeaweedS3AuditArchive","Output":"2026/10/01 17:35:55 OK   00008_rls.sql (6.79ms)\n"}
{"Time":"2026-10-01T17:35:55.859058+08:00","Action":"output","Package":"ops-platform/test/integration","Test":"TestRealOpenBaoTransitAndSeaweedS3AuditArchive","Output":"2026/10/01 17:35:55 OK   00009_idempotency_ledger.sql (5.31ms)\n"}
{"Time":"2026-10-01T17:35:55.862711+08:00","Action":"output","Package":"ops-platform/test/integration","Test":"TestRealOpenBaoTransitAndSeaweedS3AuditArchive","Output":"2026/10/01 17:35:55 OK   00010_tenant_provisioning.sql (3.3ms)\n"}
{"Time":"2026-10-01T17:35:55.868478+08:00","Action":"output","Package":"ops-platform/test/integration","Test":"TestRealOpenBaoTransitAndSeaweedS3AuditArchive","Output":"2026/10/01 17:35:55 OK   00011_source_registration_history.sql (5.32ms)\n"}
{"Time":"2026-10-01T17:35:55.875693+08:00","Action":"output","Package":"ops-platform/test/integration","Test":"TestRealOpenBaoTransitAndSeaweedS3AuditArchive","Output":"2026/10/01 17:35:55 OK   00012_config_registry_lifecycle.sql (6.81ms)\n"}
{"Time":"2026-10-01T17:35:55.883785+08:00","Action":"output","Package":"ops-platform/test/integration","Test":"TestRealOpenBaoTransitAndSeaweedS3AuditArchive","Output":"2026/10/01 17:35:55 OK   00013_audit_signed_segments.sql (7.69ms)\n"}
{"Time":"2026-10-01T17:35:55.889485+08:00","Action":"output","Package":"ops-platform/test/integration","Test":"TestRealOpenBaoTransitAndSeaweedS3AuditArchive","Output":"2026/10/01 17:35:55 OK   00014_audit_segment_predecessors.sql (5.41ms)\n"}
{"Time":"2026-10-01T17:35:55.892203+08:00","Action":"output","Package":"ops-platform/test/integration","Test":"TestRealOpenBaoTransitAndSeaweedS3AuditArchive","Output":"2026/10/01 17:35:55 OK   00015_source_schema_scope.sql (2.46ms)\n"}
{"Time":"2026-10-01T17:35:55.895677+08:00","Action":"output","Package":"ops-platform/test/integration","Test":"TestRealOpenBaoTransitAndSeaweedS3AuditArchive","Output":"2026/10/01 17:35:55 OK   00016_cluster_registration_metadata.sql (3.22ms)\n"}
{"Time":"2026-10-01T17:35:55.895703+08:00","Action":"output","Package":"ops-platform/test/integration","Test":"TestRealOpenBaoTransitAndSeaweedS3AuditArchive","Output":"2026/10/01 17:35:55 goose: successfully migrated database to version: 16\n"}
{"Time":"2026-10-01T17:35:55.935231+08:00","Action":"output","Package":"ops-platform/test/integration","Test":"TestRealOpenBaoTransitAndSeaweedS3AuditArchive","Output":"    archive_services_test.go:182: isolated S3 bucket=sp03-14b67af2 object=32b2d4c1-e48f-498e-921c-948a3d150f67 digest=sha256:29e16a3c7cd8a747ca75df38a1eeb48a2e1ac0ca49630508c723320b21457c70; audit tenant=bfeaab99-3fce-4e5a-817b-efb1db423ed2 segment=01a0f6d2-0c05-7173-a1e4-b58d6ab854ae seq=1 verified\n"}
{"Time":"2026-10-01T17:35:55.979075+08:00","Action":"output","Package":"ops-platform/test/integration","Test":"TestRealOpenBaoTransitAndSeaweedS3AuditArchive","Output":"--- PASS: TestRealOpenBaoTransitAndSeaweedS3AuditArchive (0.57s)\n","OutputType":"frame"}
{"Time":"2026-10-01T17:35:55.979267+08:00","Action":"pass","Package":"ops-platform/test/integration","Test":"TestRealOpenBaoTransitAndSeaweedS3AuditArchive","Elapsed":0.57}
{"Time":"2026-10-01T17:35:55.979342+08:00","Action":"run","Package":"ops-platform/test/integration","Test":"TestAuditSegmentsAppendConcurrentlyRecoverAndVerifyTenantScoped"}
{"Time":"2026-10-01T17:35:55.979364+08:00","Action":"output","Package":"ops-platform/test/integration","Test":"TestAuditSegmentsAppendConcurrentlyRecoverAndVerifyTenantScoped","Output":"=== RUN   TestAuditSegmentsAppendConcurrentlyRecoverAndVerifyTenantScoped\n","OutputType":"frame"}
{"Time":"2026-10-01T17:35:56.015655+08:00","Action":"output","Package":"ops-platform/test/integration","Test":"TestAuditSegmentsAppendConcurrentlyRecoverAndVerifyTenantScoped","Output":"2026/10/01 17:35:56 OK   00001_roles_and_schemas.sql (7.16ms)\n"}
{"Time":"2026-10-01T17:35:56.015725+08:00","Action":"output","Package":"ops-platform/test/integration","Test":"TestAuditSegmentsAppendConcurrentlyRecoverAndVerifyTenantScoped","Output":"2026/10/01 17:35:56 goose: successfully migrated database to version: 1\n"}
{"Time":"2026-10-01T17:35:56.03413+08:00","Action":"output","Package":"ops-platform/test/integration","Test":"TestAuditSegmentsAppendConcurrentlyRecoverAndVerifyTenantScoped","Output":"2026/10/01 17:35:56 OK   00002_platform_meta.sql (13.18ms)\n"}
{"Time":"2026-10-01T17:35:56.040731+08:00","Action":"output","Package":"ops-platform/test/integration","Test":"TestAuditSegmentsAppendConcurrentlyRecoverAndVerifyTenantScoped","Output":"2026/10/01 17:35:56 OK   00003_finding.sql (5.59ms)\n"}
{"Time":"2026-10-01T17:35:56.044461+08:00","Action":"output","Package":"ops-platform/test/integration","Test":"TestAuditSegmentsAppendConcurrentlyRecoverAndVerifyTenantScoped","Output":"2026/10/01 17:35:56 OK   00004_incident.sql (3.51ms)\n"}
{"Time":"2026-10-01T17:35:56.048367+08:00","Action":"output","Package":"ops-platform/test/integration","Test":"TestAuditSegmentsAppendConcurrentlyRecoverAndVerifyTenantScoped","Output":"2026/10/01 17:35:56 OK   00005_investigation.sql (3.76ms)\n"}
{"Time":"2026-10-01T17:35:56.052122+08:00","Action":"output","Package":"ops-platform/test/integration","Test":"TestAuditSegmentsAppendConcurrentlyRecoverAndVerifyTenantScoped","Output":"2026/10/01 17:35:56 OK   00006_action_command.sql (3.62ms)\n"}
{"Time":"2026-10-01T17:35:56.058663+08:00","Action":"output","Package":"ops-platform/test/integration","Test":"TestAuditSegmentsAppendConcurrentlyRecoverAndVerifyTenantScoped","Output":"2026/10/01 17:35:56 OK   00007_audit.sql (6.37ms)\n"}
{"Time":"2026-10-01T17:35:56.065003+08:00","Action":"output","Package":"ops-platform/test/integration","Test":"TestAuditSegmentsAppendConcurrentlyRecoverAndVerifyTenantScoped","Output":"2026/10/01 17:35:56 OK   00008_rls.sql (6.17ms)\n"}
{"Time":"2026-10-01T17:35:56.070009+08:00","Action":"output","Package":"ops-platform/test/integration","Test":"TestAuditSegmentsAppendConcurrentlyRecoverAndVerifyTenantScoped","Output":"2026/10/01 17:35:56 OK   00009_idempotency_ledger.sql (4.86ms)\n"}
{"Time":"2026-10-01T17:35:56.073671+08:00","Action":"output","Package":"ops-platform/test/integration","Test":"TestAuditSegmentsAppendConcurrentlyRecoverAndVerifyTenantScoped","Output":"2026/10/01 17:35:56 OK   00010_tenant_provisioning.sql (3.52ms)\n"}
{"Time":"2026-10-01T17:35:56.078214+08:00","Action":"output","Package":"ops-platform/test/integration","Test":"TestAuditSegmentsAppendConcurrentlyRecoverAndVerifyTenantScoped","Output":"2026/10/01 17:35:56 OK   00011_source_registration_history.sql (4.4ms)\n"}
{"Time":"2026-10-01T17:35:56.08465+08:00","Action":"output","Package":"ops-platform/test/integration","Test":"TestAuditSegmentsAppendConcurrentlyRecoverAndVerifyTenantScoped","Output":"2026/10/01 17:35:56 OK   00012_config_registry_lifecycle.sql (6.27ms)\n"}
{"Time":"2026-10-01T17:35:56.092116+08:00","Action":"output","Package":"ops-platform/test/integration","Test":"TestAuditSegmentsAppendConcurrentlyRecoverAndVerifyTenantScoped","Output":"2026/10/01 17:35:56 OK   00013_audit_signed_segments.sql (7.31ms)\n"}
{"Time":"2026-10-01T17:35:56.096198+08:00","Action":"output","Package":"ops-platform/test/integration","Test":"TestAuditSegmentsAppendConcurrentlyRecoverAndVerifyTenantScoped","Output":"2026/10/01 17:35:56 OK   00014_audit_segment_predecessors.sql (3.95ms)\n"}
{"Time":"2026-10-01T17:35:56.09852+08:00","Action":"output","Package":"ops-platform/test/integration","Test":"TestAuditSegmentsAppendConcurrentlyRecoverAndVerifyTenantScoped","Output":"2026/10/01 17:35:56 OK   00015_source_schema_scope.sql (2.25ms)\n"}
{"Time":"2026-10-01T17:35:56.102671+08:00","Action":"output","Package":"ops-platform/test/integration","Test":"TestAuditSegmentsAppendConcurrentlyRecoverAndVerifyTenantScoped","Output":"2026/10/01 17:35:56 OK   00016_cluster_registration_metadata.sql (4.04ms)\n"}
{"Time":"2026-10-01T17:35:56.102725+08:00","Action":"output","Package":"ops-platform/test/integration","Test":"TestAuditSegmentsAppendConcurrentlyRecoverAndVerifyTenantScoped","Output":"2026/10/01 17:35:56 goose: successfully migrated database to version: 16\n"}
{"Time":"2026-10-01T17:35:57.990708+08:00","Action":"output","Package":"ops-platform/test/integration","Test":"TestAuditSegmentsAppendConcurrentlyRecoverAndVerifyTenantScoped","Output":"--- PASS: TestAuditSegmentsAppendConcurrentlyRecoverAndVerifyTenantScoped (2.01s)\n","OutputType":"frame"}
{"Time":"2026-10-01T17:35:57.990983+08:00","Action":"pass","Package":"ops-platform/test/integration","Test":"TestAuditSegmentsAppendConcurrentlyRecoverAndVerifyTenantScoped","Elapsed":2.01}
{"Time":"2026-10-01T17:35:57.991153+08:00","Action":"run","Package":"ops-platform/test/integration","Test":"TestRoleBindingsAndStepUpSessions"}
{"Time":"2026-10-01T17:35:57.991173+08:00","Action":"output","Package":"ops-platform/test/integration","Test":"TestRoleBindingsAndStepUpSessions","Output":"=== RUN   TestRoleBindingsAndStepUpSessions\n","OutputType":"frame"}
{"Time":"2026-10-01T17:35:58.043553+08:00","Action":"output","Package":"ops-platform/test/integration","Test":"TestRoleBindingsAndStepUpSessions","Output":"2026/10/01 17:35:58 OK   00001_roles_and_schemas.sql (9.15ms)\n"}
{"Time":"2026-10-01T17:35:58.043761+08:00","Action":"output","Package":"ops-platform/test/integration","Test":"TestRoleBindingsAndStepUpSessions","Output":"2026/10/01 17:35:58 goose: successfully migrated database to version: 1\n"}
{"Time":"2026-10-01T17:35:58.067016+08:00","Action":"output","Package":"ops-platform/test/integration","Test":"TestRoleBindingsAndStepUpSessions","Output":"2026/10/01 17:35:58 OK   00002_platform_meta.sql (16.52ms)\n"}
{"Time":"2026-10-01T17:35:58.073936+08:00","Action":"output","Package":"ops-platform/test/integration","Test":"TestRoleBindingsAndStepUpSessions","Output":"2026/10/01 17:35:58 OK   00003_finding.sql (6.69ms)\n"}
{"Time":"2026-10-01T17:35:58.078979+08:00","Action":"output","Package":"ops-platform/test/integration","Test":"TestRoleBindingsAndStepUpSessions","Output":"2026/10/01 17:35:58 OK   00004_incident.sql (4.61ms)\n"}
{"Time":"2026-10-01T17:35:58.085403+08:00","Action":"output","Package":"ops-platform/test/integration","Test":"TestRoleBindingsAndStepUpSessions","Output":"2026/10/01 17:35:58 OK   00005_investigation.sql (6.27ms)\n"}
{"Time":"2026-10-01T17:35:58.091868+08:00","Action":"output","Package":"ops-platform/test/integration","Test":"TestRoleBindingsAndStepUpSessions","Output":"2026/10/01 17:35:58 OK   00006_action_command.sql (6.29ms)\n"}
{"Time":"2026-10-01T17:35:58.099998+08:00","Action":"output","Package":"ops-platform/test/integration","Test":"TestRoleBindingsAndStepUpSessions","Output":"2026/10/01 17:35:58 OK   00007_audit.sql (7.72ms)\n"}
{"Time":"2026-10-01T17:35:58.107824+08:00","Action":"output","Package":"ops-platform/test/integration","Test":"TestRoleBindingsAndStepUpSessions","Output":"2026/10/01 17:35:58 OK   00008_rls.sql (7.65ms)\n"}
{"Time":"2026-10-01T17:35:58.113456+08:00","Action":"output","Package":"ops-platform/test/integration","Test":"TestRoleBindingsAndStepUpSessions","Output":"2026/10/01 17:35:58 OK   00009_idempotency_ledger.sql (5.4ms)\n"}
{"Time":"2026-10-01T17:35:58.117398+08:00","Action":"output","Package":"ops-platform/test/integration","Test":"TestRoleBindingsAndStepUpSessions","Output":"2026/10/01 17:35:58 OK   00010_tenant_provisioning.sql (3.78ms)\n"}
{"Time":"2026-10-01T17:35:58.123625+08:00","Action":"output","Package":"ops-platform/test/integration","Test":"TestRoleBindingsAndStepUpSessions","Output":"2026/10/01 17:35:58 OK   00011_source_registration_history.sql (6.08ms)\n"}
{"Time":"2026-10-01T17:35:58.131291+08:00","Action":"output","Package":"ops-platform/test/integration","Test":"TestRoleBindingsAndStepUpSessions","Output":"2026/10/01 17:35:58 OK   00012_config_registry_lifecycle.sql (7.42ms)\n"}
{"Time":"2026-10-01T17:35:58.141296+08:00","Action":"output","Package":"ops-platform/test/integration","Test":"TestRoleBindingsAndStepUpSessions","Output":"2026/10/01 17:35:58 OK   00013_audit_signed_segments.sql (9.74ms)\n"}
{"Time":"2026-10-01T17:35:58.145973+08:00","Action":"output","Package":"ops-platform/test/integration","Test":"TestRoleBindingsAndStepUpSessions","Output":"2026/10/01 17:35:58 OK   00014_audit_segment_predecessors.sql (4.47ms)\n"}
{"Time":"2026-10-01T17:35:58.148977+08:00","Action":"output","Package":"ops-platform/test/integration","Test":"TestRoleBindingsAndStepUpSessions","Output":"2026/10/01 17:35:58 OK   00015_source_schema_scope.sql (2.87ms)\n"}
{"Time":"2026-10-01T17:35:58.153139+08:00","Action":"output","Package":"ops-platform/test/integration","Test":"TestRoleBindingsAndStepUpSessions","Output":"2026/10/01 17:35:58 OK   00016_cluster_registration_metadata.sql (4.03ms)\n"}
{"Time":"2026-10-01T17:35:58.153167+08:00","Action":"output","Package":"ops-platform/test/integration","Test":"TestRoleBindingsAndStepUpSessions","Output":"2026/10/01 17:35:58 goose: successfully migrated database to version: 16\n"}
{"Time":"2026-10-01T17:35:58.220755+08:00","Action":"output","Package":"ops-platform/test/integration","Test":"TestRoleBindingsAndStepUpSessions","Output":"--- PASS: TestRoleBindingsAndStepUpSessions (0.23s)\n","OutputType":"frame"}
{"Time":"2026-10-01T17:35:58.220953+08:00","Action":"pass","Package":"ops-platform/test/integration","Test":"TestRoleBindingsAndStepUpSessions","Elapsed":0.23}
{"Time":"2026-10-01T17:35:58.221004+08:00","Action":"run","Package":"ops-platform/test/integration","Test":"TestConfigRegistryPublishesActivatesRollsBackAndPreservesHistory"}
{"Time":"2026-10-01T17:35:58.221027+08:00","Action":"output","Package":"ops-platform/test/integration","Test":"TestConfigRegistryPublishesActivatesRollsBackAndPreservesHistory","Output":"=== RUN   TestConfigRegistryPublishesActivatesRollsBackAndPreservesHistory\n","OutputType":"frame"}
{"Time":"2026-10-01T17:35:58.259333+08:00","Action":"output","Package":"ops-platform/test/integration","Test":"TestConfigRegistryPublishesActivatesRollsBackAndPreservesHistory","Output":"2026/10/01 17:35:58 OK   00001_roles_and_schemas.sql (7.31ms)\n"}
{"Time":"2026-10-01T17:35:58.259429+08:00","Action":"output","Package":"ops-platform/test/integration","Test":"TestConfigRegistryPublishesActivatesRollsBackAndPreservesHistory","Output":"2026/10/01 17:35:58 goose: successfully migrated database to version: 1\n"}
{"Time":"2026-10-01T17:35:58.277446+08:00","Action":"output","Package":"ops-platform/test/integration","Test":"TestConfigRegistryPublishesActivatesRollsBackAndPreservesHistory","Output":"2026/10/01 17:35:58 OK   00002_platform_meta.sql (12.28ms)\n"}
{"Time":"2026-10-01T17:35:58.283212+08:00","Action":"output","Package":"ops-platform/test/integration","Test":"TestConfigRegistryPublishesActivatesRollsBackAndPreservesHistory","Output":"2026/10/01 17:35:58 OK   00003_finding.sql (5.22ms)\n"}
{"Time":"2026-10-01T17:35:58.287093+08:00","Action":"output","Package":"ops-platform/test/integration","Test":"TestConfigRegistryPublishesActivatesRollsBackAndPreservesHistory","Output":"2026/10/01 17:35:58 OK   00004_incident.sql (3.72ms)\n"}
{"Time":"2026-10-01T17:35:58.291829+08:00","Action":"output","Package":"ops-platform/test/integration","Test":"TestConfigRegistryPublishesActivatesRollsBackAndPreservesHistory","Output":"2026/10/01 17:35:58 OK   00005_investigation.sql (4.47ms)\n"}
{"Time":"2026-10-01T17:35:58.296108+08:00","Action":"output","Package":"ops-platform/test/integration","Test":"TestConfigRegistryPublishesActivatesRollsBackAndPreservesHistory","Output":"2026/10/01 17:35:58 OK   00006_action_command.sql (4.12ms)\n"}
{"Time":"2026-10-01T17:35:58.302784+08:00","Action":"output","Package":"ops-platform/test/integration","Test":"TestConfigRegistryPublishesActivatesRollsBackAndPreservesHistory","Output":"2026/10/01 17:35:58 OK   00007_audit.sql (6.43ms)\n"}
{"Time":"2026-10-01T17:35:58.308989+08:00","Action":"output","Package":"ops-platform/test/integration","Test":"TestConfigRegistryPublishesActivatesRollsBackAndPreservesHistory","Output":"2026/10/01 17:35:58 OK   00008_rls.sql (6.02ms)\n"}
{"Time":"2026-10-01T17:35:58.314082+08:00","Action":"output","Package":"ops-platform/test/integration","Test":"TestConfigRegistryPublishesActivatesRollsBackAndPreservesHistory","Output":"2026/10/01 17:35:58 OK   00009_idempotency_ledger.sql (4.94ms)\n"}
{"Time":"2026-10-01T17:35:58.317056+08:00","Action":"output","Package":"ops-platform/test/integration","Test":"TestConfigRegistryPublishesActivatesRollsBackAndPreservesHistory","Output":"2026/10/01 17:35:58 OK   00010_tenant_provisioning.sql (2.86ms)\n"}
{"Time":"2026-10-01T17:35:58.32134+08:00","Action":"output","Package":"ops-platform/test/integration","Test":"TestConfigRegistryPublishesActivatesRollsBackAndPreservesHistory","Output":"2026/10/01 17:35:58 OK   00011_source_registration_history.sql (4.18ms)\n"}
{"Time":"2026-10-01T17:35:58.327937+08:00","Action":"output","Package":"ops-platform/test/integration","Test":"TestConfigRegistryPublishesActivatesRollsBackAndPreservesHistory","Output":"2026/10/01 17:35:58 OK   00012_config_registry_lifecycle.sql (6.44ms)\n"}
{"Time":"2026-10-01T17:35:58.336451+08:00","Action":"output","Package":"ops-platform/test/integration","Test":"TestConfigRegistryPublishesActivatesRollsBackAndPreservesHistory","Output":"2026/10/01 17:35:58 OK   00013_audit_signed_segments.sql (8.28ms)\n"}
{"Time":"2026-10-01T17:35:58.340571+08:00","Action":"output","Package":"ops-platform/test/integration","Test":"TestConfigRegistryPublishesActivatesRollsBackAndPreservesHistory","Output":"2026/10/01 17:35:58 OK   00014_audit_segment_predecessors.sql (3.94ms)\n"}
{"Time":"2026-10-01T17:35:58.34301+08:00","Action":"output","Package":"ops-platform/test/integration","Test":"TestConfigRegistryPublishesActivatesRollsBackAndPreservesHistory","Output":"2026/10/01 17:35:58 OK   00015_source_schema_scope.sql (2.21ms)\n"}
{"Time":"2026-10-01T17:35:58.346029+08:00","Action":"output","Package":"ops-platform/test/integration","Test":"TestConfigRegistryPublishesActivatesRollsBackAndPreservesHistory","Output":"2026/10/01 17:35:58 OK   00016_cluster_registration_metadata.sql (2.9ms)\n"}
{"Time":"2026-10-01T17:35:58.346055+08:00","Action":"output","Package":"ops-platform/test/integration","Test":"TestConfigRegistryPublishesActivatesRollsBackAndPreservesHistory","Output":"2026/10/01 17:35:58 goose: successfully migrated database to version: 16\n"}
{"Time":"2026-10-01T17:35:58.507977+08:00","Action":"output","Package":"ops-platform/test/integration","Test":"TestConfigRegistryPublishesActivatesRollsBackAndPreservesHistory","Output":"--- PASS: TestConfigRegistryPublishesActivatesRollsBackAndPreservesHistory (0.29s)\n","OutputType":"frame"}
{"Time":"2026-10-01T17:35:58.508101+08:00","Action":"pass","Package":"ops-platform/test/integration","Test":"TestConfigRegistryPublishesActivatesRollsBackAndPreservesHistory","Elapsed":0.29}
{"Time":"2026-10-01T17:35:58.508128+08:00","Action":"run","Package":"ops-platform/test/integration","Test":"TestIdempotencyLedgerSchema"}
{"Time":"2026-10-01T17:35:58.508138+08:00","Action":"output","Package":"ops-platform/test/integration","Test":"TestIdempotencyLedgerSchema","Output":"=== RUN   TestIdempotencyLedgerSchema\n","OutputType":"frame"}
{"Time":"2026-10-01T17:35:58.544172+08:00","Action":"output","Package":"ops-platform/test/integration","Test":"TestIdempotencyLedgerSchema","Output":"2026/10/01 17:35:58 OK   00001_roles_and_schemas.sql (7.35ms)\n"}
{"Time":"2026-10-01T17:35:58.544246+08:00","Action":"output","Package":"ops-platform/test/integration","Test":"TestIdempotencyLedgerSchema","Output":"2026/10/01 17:35:58 goose: successfully migrated database to version: 1\n"}
{"Time":"2026-10-01T17:35:58.562434+08:00","Action":"output","Package":"ops-platform/test/integration","Test":"TestIdempotencyLedgerSchema","Output":"2026/10/01 17:35:58 OK   00002_platform_meta.sql (13.14ms)\n"}
{"Time":"2026-10-01T17:35:58.567294+08:00","Action":"output","Package":"ops-platform/test/integration","Test":"TestIdempotencyLedgerSchema","Output":"2026/10/01 17:35:58 OK   00003_finding.sql (4.69ms)\n"}
{"Time":"2026-10-01T17:35:58.57147+08:00","Action":"output","Package":"ops-platform/test/integration","Test":"TestIdempotencyLedgerSchema","Output":"2026/10/01 17:35:58 OK   00004_incident.sql (3.42ms)\n"}
{"Time":"2026-10-01T17:35:58.575223+08:00","Action":"output","Package":"ops-platform/test/integration","Test":"TestIdempotencyLedgerSchema","Output":"2026/10/01 17:35:58 OK   00005_investigation.sql (3.58ms)\n"}
{"Time":"2026-10-01T17:35:58.578622+08:00","Action":"output","Package":"ops-platform/test/integration","Test":"TestIdempotencyLedgerSchema","Output":"2026/10/01 17:35:58 OK   00006_action_command.sql (3.25ms)\n"}
{"Time":"2026-10-01T17:35:58.584407+08:00","Action":"output","Package":"ops-platform/test/integration","Test":"TestIdempotencyLedgerSchema","Output":"2026/10/01 17:35:58 OK   00007_audit.sql (5.6ms)\n"}
{"Time":"2026-10-01T17:35:58.589924+08:00","Action":"output","Package":"ops-platform/test/integration","Test":"TestIdempotencyLedgerSchema","Output":"2026/10/01 17:35:58 OK   00008_rls.sql (5.33ms)\n"}
{"Time":"2026-10-01T17:35:58.595036+08:00","Action":"output","Package":"ops-platform/test/integration","Test":"TestIdempotencyLedgerSchema","Output":"2026/10/01 17:35:58 OK   00009_idempotency_ledger.sql (4.87ms)\n"}
{"Time":"2026-10-01T17:35:58.597479+08:00","Action":"output","Package":"ops-platform/test/integration","Test":"TestIdempotencyLedgerSchema","Output":"2026/10/01 17:35:58 OK   00010_tenant_provisioning.sql (2.3ms)\n"}
{"Time":"2026-10-01T17:35:58.601334+08:00","Action":"output","Package":"ops-platform/test/integration","Test":"TestIdempotencyLedgerSchema","Output":"2026/10/01 17:35:58 OK   00011_source_registration_history.sql (3.69ms)\n"}
{"Time":"2026-10-01T17:35:58.60694+08:00","Action":"output","Package":"ops-platform/test/integration","Test":"TestIdempotencyLedgerSchema","Output":"2026/10/01 17:35:58 OK   00012_config_registry_lifecycle.sql (5.41ms)\n"}
{"Time":"2026-10-01T17:35:58.613973+08:00","Action":"output","Package":"ops-platform/test/integration","Test":"TestIdempotencyLedgerSchema","Output":"2026/10/01 17:35:58 OK   00013_audit_signed_segments.sql (6.69ms)\n"}
{"Time":"2026-10-01T17:35:58.617245+08:00","Action":"output","Package":"ops-platform/test/integration","Test":"TestIdempotencyLedgerSchema","Output":"2026/10/01 17:35:58 OK   00014_audit_segment_predecessors.sql (3.12ms)\n"}
{"Time":"2026-10-01T17:35:58.618893+08:00","Action":"output","Package":"ops-platform/test/integration","Test":"TestIdempotencyLedgerSchema","Output":"2026/10/01 17:35:58 OK   00015_source_schema_scope.sql (1.55ms)\n"}
{"Time":"2026-10-01T17:35:58.621172+08:00","Action":"output","Package":"ops-platform/test/integration","Test":"TestIdempotencyLedgerSchema","Output":"2026/10/01 17:35:58 OK   00016_cluster_registration_metadata.sql (2.2ms)\n"}
{"Time":"2026-10-01T17:35:58.621218+08:00","Action":"output","Package":"ops-platform/test/integration","Test":"TestIdempotencyLedgerSchema","Output":"2026/10/01 17:35:58 goose: successfully migrated database to version: 16\n"}
{"Time":"2026-10-01T17:35:58.650596+08:00","Action":"output","Package":"ops-platform/test/integration","Test":"TestIdempotencyLedgerSchema","Output":"--- PASS: TestIdempotencyLedgerSchema (0.14s)\n","OutputType":"frame"}
{"Time":"2026-10-01T17:35:58.650723+08:00","Action":"pass","Package":"ops-platform/test/integration","Test":"TestIdempotencyLedgerSchema","Elapsed":0.14}
{"Time":"2026-10-01T17:35:58.650756+08:00","Action":"run","Package":"ops-platform/test/integration","Test":"TestIdempotencyLedger"}
{"Time":"2026-10-01T17:35:58.650765+08:00","Action":"output","Package":"ops-platform/test/integration","Test":"TestIdempotencyLedger","Output":"=== RUN   TestIdempotencyLedger\n","OutputType":"frame"}
{"Time":"2026-10-01T17:35:58.684743+08:00","Action":"output","Package":"ops-platform/test/integration","Test":"TestIdempotencyLedger","Output":"2026/10/01 17:35:58 OK   00001_roles_and_schemas.sql (6.41ms)\n"}
{"Time":"2026-10-01T17:35:58.684786+08:00","Action":"output","Package":"ops-platform/test/integration","Test":"TestIdempotencyLedger","Output":"2026/10/01 17:35:58 goose: successfully migrated database to version: 1\n"}
{"Time":"2026-10-01T17:35:58.70188+08:00","Action":"output","Package":"ops-platform/test/integration","Test":"TestIdempotencyLedger","Output":"2026/10/01 17:35:58 OK   00002_platform_meta.sql (11.78ms)\n"}
{"Time":"2026-10-01T17:35:58.707404+08:00","Action":"output","Package":"ops-platform/test/integration","Test":"TestIdempotencyLedger","Output":"2026/10/01 17:35:58 OK   00003_finding.sql (5.39ms)\n"}
{"Time":"2026-10-01T17:35:58.711016+08:00","Action":"output","Package":"ops-platform/test/integration","Test":"TestIdempotencyLedger","Output":"2026/10/01 17:35:58 OK   00004_incident.sql (3.44ms)\n"}
{"Time":"2026-10-01T17:35:58.715288+08:00","Action":"output","Package":"ops-platform/test/integration","Test":"TestIdempotencyLedger","Output":"2026/10/01 17:35:58 OK   00005_investigation.sql (4.16ms)\n"}
{"Time":"2026-10-01T17:35:58.719114+08:00","Action":"output","Package":"ops-platform/test/integration","Test":"TestIdempotencyLedger","Output":"2026/10/01 17:35:58 OK   00006_action_command.sql (3.68ms)\n"}
{"Time":"2026-10-01T17:35:58.725258+08:00","Action":"output","Package":"ops-platform/test/integration","Test":"TestIdempotencyLedger","Output":"2026/10/01 17:35:58 OK   00007_audit.sql (6.04ms)\n"}
{"Time":"2026-10-01T17:35:58.731089+08:00","Action":"output","Package":"ops-platform/test/integration","Test":"TestIdempotencyLedger","Output":"2026/10/01 17:35:58 OK   00008_rls.sql (5.7ms)\n"}
{"Time":"2026-10-01T17:35:58.735813+08:00","Action":"output","Package":"ops-platform/test/integration","Test":"TestIdempotencyLedger","Output":"2026/10/01 17:35:58 OK   00009_idempotency_ledger.sql (4.6ms)\n"}
{"Time":"2026-10-01T17:35:58.738435+08:00","Action":"output","Package":"ops-platform/test/integration","Test":"TestIdempotencyLedger","Output":"2026/10/01 17:35:58 OK   00010_tenant_provisioning.sql (2.47ms)\n"}
{"Time":"2026-10-01T17:35:58.742599+08:00","Action":"output","Package":"ops-platform/test/integration","Test":"TestIdempotencyLedger","Output":"2026/10/01 17:35:58 OK   00011_source_registration_history.sql (3.99ms)\n"}
{"Time":"2026-10-01T17:35:58.74893+08:00","Action":"output","Package":"ops-platform/test/integration","Test":"TestIdempotencyLedger","Output":"2026/10/01 17:35:58 OK   00012_config_registry_lifecycle.sql (6.06ms)\n"}
{"Time":"2026-10-01T17:35:58.756182+08:00","Action":"output","Package":"ops-platform/test/integration","Test":"TestIdempotencyLedger","Output":"2026/10/01 17:35:58 OK   00013_audit_signed_segments.sql (7.09ms)\n"}
{"Time":"2026-10-01T17:35:58.760037+08:00","Action":"output","Package":"ops-platform/test/integration","Test":"TestIdempotencyLedger","Output":"2026/10/01 17:35:58 OK   00014_audit_segment_predecessors.sql (3.7ms)\n"}
{"Time":"2026-10-01T17:35:58.761722+08:00","Action":"output","Package":"ops-platform/test/integration","Test":"TestIdempotencyLedger","Output":"2026/10/01 17:35:58 OK   00015_source_schema_scope.sql (1.56ms)\n"}
{"Time":"2026-10-01T17:35:58.763917+08:00","Action":"output","Package":"ops-platform/test/integration","Test":"TestIdempotencyLedger","Output":"2026/10/01 17:35:58 OK   00016_cluster_registration_metadata.sql (2.13ms)\n"}
{"Time":"2026-10-01T17:35:58.763941+08:00","Action":"output","Package":"ops-platform/test/integration","Test":"TestIdempotencyLedger","Output":"2026/10/01 17:35:58 goose: successfully migrated database to version: 16\n"}
{"Time":"2026-10-01T17:35:58.85404+08:00","Action":"output","Package":"ops-platform/test/integration","Test":"TestIdempotencyLedger","Output":"--- PASS: TestIdempotencyLedger (0.20s)\n","OutputType":"frame"}
{"Time":"2026-10-01T17:35:58.854148+08:00","Action":"pass","Package":"ops-platform/test/integration","Test":"TestIdempotencyLedger","Elapsed":0.2}
{"Time":"2026-10-01T17:35:58.854176+08:00","Action":"run","Package":"ops-platform/test/integration","Test":"TestIdempotencyHTTPMiddleware"}
{"Time":"2026-10-01T17:35:58.854185+08:00","Action":"output","Package":"ops-platform/test/integration","Test":"TestIdempotencyHTTPMiddleware","Output":"=== RUN   TestIdempotencyHTTPMiddleware\n","OutputType":"frame"}
{"Time":"2026-10-01T17:35:58.884521+08:00","Action":"output","Package":"ops-platform/test/integration","Test":"TestIdempotencyHTTPMiddleware","Output":"2026/10/01 17:35:58 OK   00001_roles_and_schemas.sql (6.45ms)\n"}
{"Time":"2026-10-01T17:35:58.88465+08:00","Action":"output","Package":"ops-platform/test/integration","Test":"TestIdempotencyHTTPMiddleware","Output":"2026/10/01 17:35:58 goose: successfully migrated database to version: 1\n"}
{"Time":"2026-10-01T17:35:58.902369+08:00","Action":"output","Package":"ops-platform/test/integration","Test":"TestIdempotencyHTTPMiddleware","Output":"2026/10/01 17:35:58 OK   00002_platform_meta.sql (12.6ms)\n"}
{"Time":"2026-10-01T17:35:58.907194+08:00","Action":"output","Package":"ops-platform/test/integration","Test":"TestIdempotencyHTTPMiddleware","Output":"2026/10/01 17:35:58 OK   00003_finding.sql (4.56ms)\n"}
{"Time":"2026-10-01T17:35:58.910689+08:00","Action":"output","Package":"ops-platform/test/integration","Test":"TestIdempotencyHTTPMiddleware","Output":"2026/10/01 17:35:58 OK   00004_incident.sql (3.32ms)\n"}
{"Time":"2026-10-01T17:35:58.914676+08:00","Action":"output","Package":"ops-platform/test/integration","Test":"TestIdempotencyHTTPMiddleware","Output":"2026/10/01 17:35:58 OK   00005_investigation.sql (3.77ms)\n"}
{"Time":"2026-10-01T17:35:58.918333+08:00","Action":"output","Package":"ops-platform/test/integration","Test":"TestIdempotencyHTTPMiddleware","Output":"2026/10/01 17:35:58 OK   00006_action_command.sql (3.42ms)\n"}
{"Time":"2026-10-01T17:35:58.924575+08:00","Action":"output","Package":"ops-platform/test/integration","Test":"TestIdempotencyHTTPMiddleware","Output":"2026/10/01 17:35:58 OK   00007_audit.sql (6.01ms)\n"}
{"Time":"2026-10-01T17:35:58.929889+08:00","Action":"output","Package":"ops-platform/test/integration","Test":"TestIdempotencyHTTPMiddleware","Output":"2026/10/01 17:35:58 OK   00008_rls.sql (5.09ms)\n"}
{"Time":"2026-10-01T17:35:58.933926+08:00","Action":"output","Package":"ops-platform/test/integration","Test":"TestIdempotencyHTTPMiddleware","Output":"2026/10/01 17:35:58 OK   00009_idempotency_ledger.sql (3.86ms)\n"}
{"Time":"2026-10-01T17:35:58.936398+08:00","Action":"output","Package":"ops-platform/test/integration","Test":"TestIdempotencyHTTPMiddleware","Output":"2026/10/01 17:35:58 OK   00010_tenant_provisioning.sql (2.26ms)\n"}
{"Time":"2026-10-01T17:35:58.93987+08:00","Action":"output","Package":"ops-platform/test/integration","Test":"TestIdempotencyHTTPMiddleware","Output":"2026/10/01 17:35:58 OK   00011_source_registration_history.sql (3.35ms)\n"}
{"Time":"2026-10-01T17:35:58.945932+08:00","Action":"output","Package":"ops-platform/test/integration","Test":"TestIdempotencyHTTPMiddleware","Output":"2026/10/01 17:35:58 OK   00012_config_registry_lifecycle.sql (5.88ms)\n"}
{"Time":"2026-10-01T17:35:58.952706+08:00","Action":"output","Package":"ops-platform/test/integration","Test":"TestIdempotencyHTTPMiddleware","Output":"2026/10/01 17:35:58 OK   00013_audit_signed_segments.sql (6.56ms)\n"}
{"Time":"2026-10-01T17:35:58.955957+08:00","Action":"output","Package":"ops-platform/test/integration","Test":"TestIdempotencyHTTPMiddleware","Output":"2026/10/01 17:35:58 OK   00014_audit_segment_predecessors.sql (3.14ms)\n"}
{"Time":"2026-10-01T17:35:58.957611+08:00","Action":"output","Package":"ops-platform/test/integration","Test":"TestIdempotencyHTTPMiddleware","Output":"2026/10/01 17:35:58 OK   00015_source_schema_scope.sql (1.57ms)\n"}
{"Time":"2026-10-01T17:35:58.959956+08:00","Action":"output","Package":"ops-platform/test/integration","Test":"TestIdempotencyHTTPMiddleware","Output":"2026/10/01 17:35:58 OK   00016_cluster_registration_metadata.sql (2.2ms)\n"}
{"Time":"2026-10-01T17:35:58.960053+08:00","Action":"output","Package":"ops-platform/test/integration","Test":"TestIdempotencyHTTPMiddleware","Output":"2026/10/01 17:35:58 goose: successfully migrated database to version: 16\n"}
{"Time":"2026-10-01T17:35:59.016994+08:00","Action":"output","Package":"ops-platform/test/integration","Test":"TestIdempotencyHTTPMiddleware","Output":"--- PASS: TestIdempotencyHTTPMiddleware (0.16s)\n","OutputType":"frame"}
{"Time":"2026-10-01T17:35:59.017052+08:00","Action":"pass","Package":"ops-platform/test/integration","Test":"TestIdempotencyHTTPMiddleware","Elapsed":0.16}
{"Time":"2026-10-01T17:35:59.01708+08:00","Action":"run","Package":"ops-platform/test/integration","Test":"TestKeycloakAuthorizationCodePKCEAndStepUp"}
{"Time":"2026-10-01T17:35:59.017092+08:00","Action":"output","Package":"ops-platform/test/integration","Test":"TestKeycloakAuthorizationCodePKCEAndStepUp","Output":"=== RUN   TestKeycloakAuthorizationCodePKCEAndStepUp\n","OutputType":"frame"}
{"Time":"2026-10-01T17:36:00.295931+08:00","Action":"output","Package":"ops-platform/test/integration","Test":"TestKeycloakAuthorizationCodePKCEAndStepUp","Output":"2026/10/01 17:36:00 OK   00001_roles_and_schemas.sql (9.05ms)\n"}
{"Time":"2026-10-01T17:36:00.296006+08:00","Action":"output","Package":"ops-platform/test/integration","Test":"TestKeycloakAuthorizationCodePKCEAndStepUp","Output":"2026/10/01 17:36:00 goose: successfully migrated database to version: 1\n"}
{"Time":"2026-10-01T17:36:00.318689+08:00","Action":"output","Package":"ops-platform/test/integration","Test":"TestKeycloakAuthorizationCodePKCEAndStepUp","Output":"2026/10/01 17:36:00 OK   00002_platform_meta.sql (15.24ms)\n"}
{"Time":"2026-10-01T17:36:00.326872+08:00","Action":"output","Package":"ops-platform/test/integration","Test":"TestKeycloakAuthorizationCodePKCEAndStepUp","Output":"2026/10/01 17:36:00 OK   00003_finding.sql (7.97ms)\n"}
{"Time":"2026-10-01T17:36:00.331649+08:00","Action":"output","Package":"ops-platform/test/integration","Test":"TestKeycloakAuthorizationCodePKCEAndStepUp","Output":"2026/10/01 17:36:00 OK   00004_incident.sql (4.62ms)\n"}
{"Time":"2026-10-01T17:36:00.339446+08:00","Action":"output","Package":"ops-platform/test/integration","Test":"TestKeycloakAuthorizationCodePKCEAndStepUp","Output":"2026/10/01 17:36:00 OK   00005_investigation.sql (7.59ms)\n"}
{"Time":"2026-10-01T17:36:00.347488+08:00","Action":"output","Package":"ops-platform/test/integration","Test":"TestKeycloakAuthorizationCodePKCEAndStepUp","Output":"2026/10/01 17:36:00 OK   00006_action_command.sql (7.47ms)\n"}
{"Time":"2026-10-01T17:36:00.357858+08:00","Action":"output","Package":"ops-platform/test/integration","Test":"TestKeycloakAuthorizationCodePKCEAndStepUp","Output":"2026/10/01 17:36:00 OK   00007_audit.sql (10.03ms)\n"}
{"Time":"2026-10-01T17:36:00.36543+08:00","Action":"output","Package":"ops-platform/test/integration","Test":"TestKeycloakAuthorizationCodePKCEAndStepUp","Output":"2026/10/01 17:36:00 OK   00008_rls.sql (7.3ms)\n"}
{"Time":"2026-10-01T17:36:00.372482+08:00","Action":"output","Package":"ops-platform/test/integration","Test":"TestKeycloakAuthorizationCodePKCEAndStepUp","Output":"2026/10/01 17:36:00 OK   00009_idempotency_ledger.sql (6.84ms)\n"}
{"Time":"2026-10-01T17:36:00.377499+08:00","Action":"output","Package":"ops-platform/test/integration","Test":"TestKeycloakAuthorizationCodePKCEAndStepUp","Output":"2026/10/01 17:36:00 OK   00010_tenant_provisioning.sql (4.82ms)\n"}
{"Time":"2026-10-01T17:36:00.383002+08:00","Action":"output","Package":"ops-platform/test/integration","Test":"TestKeycloakAuthorizationCodePKCEAndStepUp","Output":"2026/10/01 17:36:00 OK   00011_source_registration_history.sql (5.32ms)\n"}
{"Time":"2026-10-01T17:36:00.390294+08:00","Action":"output","Package":"ops-platform/test/integration","Test":"TestKeycloakAuthorizationCodePKCEAndStepUp","Output":"2026/10/01 17:36:00 OK   00012_config_registry_lifecycle.sql (7.07ms)\n"}
{"Time":"2026-10-01T17:36:00.399648+08:00","Action":"output","Package":"ops-platform/test/integration","Test":"TestKeycloakAuthorizationCodePKCEAndStepUp","Output":"2026/10/01 17:36:00 OK   00013_audit_signed_segments.sql (9.06ms)\n"}
{"Time":"2026-10-01T17:36:00.404868+08:00","Action":"output","Package":"ops-platform/test/integration","Test":"TestKeycloakAuthorizationCodePKCEAndStepUp","Output":"2026/10/01 17:36:00 OK   00014_audit_segment_predecessors.sql (5.03ms)\n"}
{"Time":"2026-10-01T17:36:00.407844+08:00","Action":"output","Package":"ops-platform/test/integration","Test":"TestKeycloakAuthorizationCodePKCEAndStepUp","Output":"2026/10/01 17:36:00 OK   00015_source_schema_scope.sql (2.78ms)\n"}
{"Time":"2026-10-01T17:36:00.411674+08:00","Action":"output","Package":"ops-platform/test/integration","Test":"TestKeycloakAuthorizationCodePKCEAndStepUp","Output":"2026/10/01 17:36:00 OK   00016_cluster_registration_metadata.sql (3.71ms)\n"}
{"Time":"2026-10-01T17:36:00.411818+08:00","Action":"output","Package":"ops-platform/test/integration","Test":"TestKeycloakAuthorizationCodePKCEAndStepUp","Output":"2026/10/01 17:36:00 goose: successfully migrated database to version: 16\n"}
{"Time":"2026-10-01T17:36:00.459419+08:00","Action":"output","Package":"ops-platform/test/integration","Test":"TestKeycloakAuthorizationCodePKCEAndStepUp","Output":"{\"time\":\"2026-10-01T17:36:00.459336+08:00\",\"level\":\"INFO\",\"msg\":\"http request complete\",\"request_id\":\"01a0f6d2-1dc5-7d00-bb9e-f51ec18d085a\",\"trace_id\":\"4bf92f3577b34da6a3ce929d0e0e4736\",\"span_id\":\"12bb1e4dca7c294f\",\"method\":\"GET\",\"status_code\":200,\"duration_ms\":5}\n"}
{"Time":"2026-10-01T17:36:00.461739+08:00","Action":"output","Package":"ops-platform/test/integration","Test":"TestKeycloakAuthorizationCodePKCEAndStepUp","Output":"{\"time\":\"2026-10-01T17:36:00.461701+08:00\",\"level\":\"INFO\",\"msg\":\"http request complete\",\"request_id\":\"01a0f6d2-1dcb-7927-a899-e51173b465d9\",\"trace_id\":\"4bf92f3577b34da6a3ce929d0e0e4736\",\"span_id\":\"6597fd3ba1fabd9a\",\"method\":\"GET\",\"status_code\":200,\"duration_ms\":2}\n"}
{"Time":"2026-10-01T17:36:00.463647+08:00","Action":"output","Package":"ops-platform/test/integration","Test":"TestKeycloakAuthorizationCodePKCEAndStepUp","Output":"{\"time\":\"2026-10-01T17:36:00.463614+08:00\",\"level\":\"INFO\",\"msg\":\"http request complete\",\"request_id\":\"01a0f6d2-1dcd-7d00-a732-a60a9ab8d631\",\"trace_id\":\"4bf92f3577b34da6a3ce929d0e0e4736\",\"span_id\":\"83fe24cc27d9f083\",\"method\":\"GET\",\"status_code\":200,\"duration_ms\":1}\n"}
{"Time":"2026-10-01T17:36:00.465859+08:00","Action":"output","Package":"ops-platform/test/integration","Test":"TestKeycloakAuthorizationCodePKCEAndStepUp","Output":"{\"time\":\"2026-10-01T17:36:00.465827+08:00\",\"level\":\"INFO\",\"msg\":\"http request complete\",\"request_id\":\"01a0f6d2-1dcf-7b8d-ac55-a531f70376de\",\"trace_id\":\"4bf92f3577b34da6a3ce929d0e0e4736\",\"span_id\":\"2c6f37b908fcb1f4\",\"method\":\"GET\",\"status_code\":200,\"duration_ms\":2}\n"}
{"Time":"2026-10-01T17:36:00.467479+08:00","Action":"output","Package":"ops-platform/test/integration","Test":"TestKeycloakAuthorizationCodePKCEAndStepUp","Output":"{\"time\":\"2026-10-01T17:36:00.467446+08:00\",\"level\":\"INFO\",\"msg\":\"http request complete\",\"request_id\":\"01a0f6d2-1dd1-7ecd-811f-457ceb12f936\",\"trace_id\":\"4bf92f3577b34da6a3ce929d0e0e4736\",\"span_id\":\"7b90fb32ea05fba7\",\"method\":\"GET\",\"status_code\":200,\"duration_ms\":1}\n"}
{"Time":"2026-10-01T17:36:00.469344+08:00","Action":"output","Package":"ops-platform/test/integration","Test":"TestKeycloakAuthorizationCodePKCEAndStepUp","Output":"{\"time\":\"2026-10-01T17:36:00.469292+08:00\",\"level\":\"INFO\",\"msg\":\"http request complete\",\"request_id\":\"01a0f6d2-1dd3-7937-92cf-2765bb194675\",\"trace_id\":\"4bf92f3577b34da6a3ce929d0e0e4736\",\"span_id\":\"873c366ec28e23eb\",\"method\":\"GET\",\"status_code\":200,\"duration_ms\":1}\n"}
{"Time":"2026-10-01T17:36:00.475488+08:00","Action":"output","Package":"ops-platform/test/integration","Test":"TestKeycloakAuthorizationCodePKCEAndStepUp","Output":"{\"time\":\"2026-10-01T17:36:00.475443+08:00\",\"level\":\"INFO\",\"msg\":\"http request complete\",\"request_id\":\"01a0f6d2-1dd5-7766-8e0c-cb55a3201e19\",\"trace_id\":\"86a3d5d0e95ff28bee705aa832e3218d\",\"span_id\":\"85a6d58e90f74597\",\"method\":\"POST\",\"status_code\":201,\"duration_ms\":5}\n"}
{"Time":"2026-10-01T17:36:00.480369+08:00","Action":"output","Package":"ops-platform/test/integration","Test":"TestKeycloakAuthorizationCodePKCEAndStepUp","Output":"{\"time\":\"2026-10-01T17:36:00.480345+08:00\",\"level\":\"INFO\",\"msg\":\"http request complete\",\"request_id\":\"01a0f6d2-1ddb-7b5a-8b35-6ec3c83a12db\",\"trace_id\":\"300771c6be308406b71072641968247e\",\"span_id\":\"06c0e285b2ac9166\",\"method\":\"POST\",\"status_code\":201,\"duration_ms\":4}\n"}
{"Time":"2026-10-01T17:36:00.480446+08:00","Action":"output","Package":"ops-platform/test/integration","Test":"TestKeycloakAuthorizationCodePKCEAndStepUp","Output":"    keycloak_test.go:155: actual APIApp served six management routes and replayed claim-bound step-up using real Keycloak JWT and distinct database login\n"}
{"Time":"2026-10-01T17:36:00.480972+08:00","Action":"output","Package":"ops-platform/test/integration","Test":"TestKeycloakAuthorizationCodePKCEAndStepUp","Output":"{\"time\":\"2026-10-01T17:36:00.480957+08:00\",\"level\":\"WARN\",\"msg\":\"trace export failed\",\"signal\":\"traces\"}\n"}
{"Time":"2026-10-01T17:36:00.482377+08:00","Action":"output","Package":"ops-platform/test/integration","Test":"TestKeycloakAuthorizationCodePKCEAndStepUp","Output":"{\"time\":\"2026-10-01T17:36:00.48236+08:00\",\"level\":\"INFO\",\"msg\":\"http request complete\",\"request_id\":\"01a0f6d2-1de1-7071-8892-2d82ba5b0cfd\",\"trace_id\":\"1b6577e8f2d142b84516440e2afbf86f\",\"span_id\":\"711b65e0688a5bb9\",\"method\":\"GET\",\"status_code\":200,\"duration_ms\":1}\n"}
{"Time":"2026-10-01T17:36:00.482432+08:00","Action":"output","Package":"ops-platform/test/integration","Test":"TestKeycloakAuthorizationCodePKCEAndStepUp","Output":"    keycloak_test.go:155: actual OTLP connection refusal reported degradation; authenticated management read continued\n"}
{"Time":"2026-10-01T17:36:01.543419+08:00","Action":"output","Package":"ops-platform/test/integration","Test":"TestKeycloakAuthorizationCodePKCEAndStepUp","Output":"    keycloak_test.go:155: actual authenticated API stdout collected and queried in isolated VictoriaLogs\n"}
{"Time":"2026-10-01T17:36:01.625127+08:00","Action":"output","Package":"ops-platform/test/integration","Test":"TestKeycloakAuthorizationCodePKCEAndStepUp","Output":"--- PASS: TestKeycloakAuthorizationCodePKCEAndStepUp (2.61s)\n","OutputType":"frame"}
{"Time":"2026-10-01T17:36:01.625313+08:00","Action":"pass","Package":"ops-platform/test/integration","Test":"TestKeycloakAuthorizationCodePKCEAndStepUp","Elapsed":2.61}
{"Time":"2026-10-01T17:36:01.625341+08:00","Action":"run","Package":"ops-platform/test/integration","Test":"TestFailedForwardMigrationRollsBackAndCanRecover"}
{"Time":"2026-10-01T17:36:01.625349+08:00","Action":"output","Package":"ops-platform/test/integration","Test":"TestFailedForwardMigrationRollsBackAndCanRecover","Output":"=== RUN   TestFailedForwardMigrationRollsBackAndCanRecover\n","OutputType":"frame"}
{"Time":"2026-10-01T17:36:01.674419+08:00","Action":"output","Package":"ops-platform/test/integration","Test":"TestFailedForwardMigrationRollsBackAndCanRecover","Output":"2026/10/01 17:36:01 OK   00001_roles_and_schemas.sql (8.91ms)\n"}
{"Time":"2026-10-01T17:36:01.674505+08:00","Action":"output","Package":"ops-platform/test/integration","Test":"TestFailedForwardMigrationRollsBackAndCanRecover","Output":"2026/10/01 17:36:01 goose: successfully migrated database to version: 1\n"}
{"Time":"2026-10-01T17:36:01.699516+08:00","Action":"output","Package":"ops-platform/test/integration","Test":"TestFailedForwardMigrationRollsBackAndCanRecover","Output":"2026/10/01 17:36:01 OK   00002_platform_meta.sql (16.18ms)\n"}
{"Time":"2026-10-01T17:36:01.706939+08:00","Action":"output","Package":"ops-platform/test/integration","Test":"TestFailedForwardMigrationRollsBackAndCanRecover","Output":"2026/10/01 17:36:01 OK   00003_finding.sql (6.66ms)\n"}
{"Time":"2026-10-01T17:36:01.712583+08:00","Action":"output","Package":"ops-platform/test/integration","Test":"TestFailedForwardMigrationRollsBackAndCanRecover","Output":"2026/10/01 17:36:01 OK   00004_incident.sql (5.05ms)\n"}
{"Time":"2026-10-01T17:36:01.717663+08:00","Action":"output","Package":"ops-platform/test/integration","Test":"TestFailedForwardMigrationRollsBackAndCanRecover","Output":"2026/10/01 17:36:01 OK   00005_investigation.sql (4.9ms)\n"}
{"Time":"2026-10-01T17:36:01.722336+08:00","Action":"output","Package":"ops-platform/test/integration","Test":"TestFailedForwardMigrationRollsBackAndCanRecover","Output":"2026/10/01 17:36:01 OK   00006_action_command.sql (4.48ms)\n"}
{"Time":"2026-10-01T17:36:01.728933+08:00","Action":"output","Package":"ops-platform/test/integration","Test":"TestFailedForwardMigrationRollsBackAndCanRecover","Output":"2026/10/01 17:36:01 OK   00007_audit.sql (6.44ms)\n"}
{"Time":"2026-10-01T17:36:01.736262+08:00","Action":"output","Package":"ops-platform/test/integration","Test":"TestFailedForwardMigrationRollsBackAndCanRecover","Output":"2026/10/01 17:36:01 OK   00008_rls.sql (7.15ms)\n"}
{"Time":"2026-10-01T17:36:01.742515+08:00","Action":"output","Package":"ops-platform/test/integration","Test":"TestFailedForwardMigrationRollsBackAndCanRecover","Output":"2026/10/01 17:36:01 OK   00009_idempotency_ledger.sql (6.04ms)\n"}
{"Time":"2026-10-01T17:36:01.747255+08:00","Action":"output","Package":"ops-platform/test/integration","Test":"TestFailedForwardMigrationRollsBackAndCanRecover","Output":"2026/10/01 17:36:01 OK   00010_tenant_provisioning.sql (4.53ms)\n"}
{"Time":"2026-10-01T17:36:01.753245+08:00","Action":"output","Package":"ops-platform/test/integration","Test":"TestFailedForwardMigrationRollsBackAndCanRecover","Output":"2026/10/01 17:36:01 OK   00011_source_registration_history.sql (5.75ms)\n"}
{"Time":"2026-10-01T17:36:01.761597+08:00","Action":"output","Package":"ops-platform/test/integration","Test":"TestFailedForwardMigrationRollsBackAndCanRecover","Output":"2026/10/01 17:36:01 OK   00012_config_registry_lifecycle.sql (8.06ms)\n"}
{"Time":"2026-10-01T17:36:01.771365+08:00","Action":"output","Package":"ops-platform/test/integration","Test":"TestFailedForwardMigrationRollsBackAndCanRecover","Output":"2026/10/01 17:36:01 OK   00013_audit_signed_segments.sql (9.45ms)\n"}
{"Time":"2026-10-01T17:36:01.776222+08:00","Action":"output","Package":"ops-platform/test/integration","Test":"TestFailedForwardMigrationRollsBackAndCanRecover","Output":"2026/10/01 17:36:01 OK   00014_audit_segment_predecessors.sql (4.67ms)\n"}
{"Time":"2026-10-01T17:36:01.778602+08:00","Action":"output","Package":"ops-platform/test/integration","Test":"TestFailedForwardMigrationRollsBackAndCanRecover","Output":"2026/10/01 17:36:01 OK   00015_source_schema_scope.sql (2.26ms)\n"}
{"Time":"2026-10-01T17:36:01.782372+08:00","Action":"output","Package":"ops-platform/test/integration","Test":"TestFailedForwardMigrationRollsBackAndCanRecover","Output":"2026/10/01 17:36:01 OK   00016_cluster_registration_metadata.sql (3.65ms)\n"}
{"Time":"2026-10-01T17:36:01.782426+08:00","Action":"output","Package":"ops-platform/test/integration","Test":"TestFailedForwardMigrationRollsBackAndCanRecover","Output":"2026/10/01 17:36:01 goose: successfully migrated database to version: 16\n"}
{"Time":"2026-10-01T17:36:01.808492+08:00","Action":"output","Package":"ops-platform/test/integration","Test":"TestFailedForwardMigrationRollsBackAndCanRecover","Output":"2026/10/01 17:36:01 OK   00017_review_failure.sql (2.89ms)\n"}
{"Time":"2026-10-01T17:36:01.808572+08:00","Action":"output","Package":"ops-platform/test/integration","Test":"TestFailedForwardMigrationRollsBackAndCanRecover","Output":"2026/10/01 17:36:01 goose: successfully migrated database to version: 17\n"}
{"Time":"2026-10-01T17:36:01.808591+08:00","Action":"output","Package":"ops-platform/test/integration","Test":"TestFailedForwardMigrationRollsBackAndCanRecover","Output":"    migration_recovery_test.go:71: deliberate SQL division-by-zero rolled back DDL/version; corrected unapplied forward migration succeeded as migration_role\n"}
{"Time":"2026-10-01T17:36:01.861553+08:00","Action":"output","Package":"ops-platform/test/integration","Test":"TestFailedForwardMigrationRollsBackAndCanRecover","Output":"--- PASS: TestFailedForwardMigrationRollsBackAndCanRecover (0.24s)\n","OutputType":"frame"}
{"Time":"2026-10-01T17:36:01.861606+08:00","Action":"pass","Package":"ops-platform/test/integration","Test":"TestFailedForwardMigrationRollsBackAndCanRecover","Elapsed":0.24}
{"Time":"2026-10-01T17:36:01.861622+08:00","Action":"run","Package":"ops-platform/test/integration","Test":"TestMigrationScriptsAreForwardOnlyAndContiguous"}
{"Time":"2026-10-01T17:36:01.861631+08:00","Action":"output","Package":"ops-platform/test/integration","Test":"TestMigrationScriptsAreForwardOnlyAndContiguous","Output":"=== RUN   TestMigrationScriptsAreForwardOnlyAndContiguous\n","OutputType":"frame"}
{"Time":"2026-10-01T17:36:01.862467+08:00","Action":"output","Package":"ops-platform/test/integration","Test":"TestMigrationScriptsAreForwardOnlyAndContiguous","Output":"--- PASS: TestMigrationScriptsAreForwardOnlyAndContiguous (0.00s)\n","OutputType":"frame"}
{"Time":"2026-10-01T17:36:01.8625+08:00","Action":"pass","Package":"ops-platform/test/integration","Test":"TestMigrationScriptsAreForwardOnlyAndContiguous","Elapsed":0}
{"Time":"2026-10-01T17:36:01.862526+08:00","Action":"run","Package":"ops-platform/test/integration","Test":"TestMigrationsAndRoles"}
{"Time":"2026-10-01T17:36:01.862565+08:00","Action":"output","Package":"ops-platform/test/integration","Test":"TestMigrationsAndRoles","Output":"=== RUN   TestMigrationsAndRoles\n","OutputType":"frame"}
{"Time":"2026-10-01T17:36:01.902641+08:00","Action":"output","Package":"ops-platform/test/integration","Test":"TestMigrationsAndRoles","Output":"2026/10/01 17:36:01 OK   00001_roles_and_schemas.sql (7ms)\n"}
{"Time":"2026-10-01T17:36:01.902693+08:00","Action":"output","Package":"ops-platform/test/integration","Test":"TestMigrationsAndRoles","Output":"2026/10/01 17:36:01 goose: successfully migrated database to version: 1\n"}
{"Time":"2026-10-01T17:36:01.921149+08:00","Action":"output","Package":"ops-platform/test/integration","Test":"TestMigrationsAndRoles","Output":"2026/10/01 17:36:01 OK   00002_platform_meta.sql (12.61ms)\n"}
{"Time":"2026-10-01T17:36:01.927233+08:00","Action":"output","Package":"ops-platform/test/integration","Test":"TestMigrationsAndRoles","Output":"2026/10/01 17:36:01 OK   00003_finding.sql (5.91ms)\n"}
{"Time":"2026-10-01T17:36:01.932366+08:00","Action":"output","Package":"ops-platform/test/integration","Test":"TestMigrationsAndRoles","Output":"2026/10/01 17:36:01 OK   00004_incident.sql (4.97ms)\n"}
{"Time":"2026-10-01T17:36:01.93741+08:00","Action":"output","Package":"ops-platform/test/integration","Test":"TestMigrationsAndRoles","Output":"2026/10/01 17:36:01 OK   00005_investigation.sql (4.87ms)\n"}
{"Time":"2026-10-01T17:36:01.943862+08:00","Action":"output","Package":"ops-platform/test/integration","Test":"TestMigrationsAndRoles","Output":"2026/10/01 17:36:01 OK   00006_action_command.sql (6.27ms)\n"}
{"Time":"2026-10-01T17:36:01.951036+08:00","Action":"output","Package":"ops-platform/test/integration","Test":"TestMigrationsAndRoles","Output":"2026/10/01 17:36:01 OK   00007_audit.sql (6.96ms)\n"}
{"Time":"2026-10-01T17:36:01.957813+08:00","Action":"output","Package":"ops-platform/test/integration","Test":"TestMigrationsAndRoles","Output":"2026/10/01 17:36:01 OK   00008_rls.sql (6.63ms)\n"}
{"Time":"2026-10-01T17:36:01.962824+08:00","Action":"output","Package":"ops-platform/test/integration","Test":"TestMigrationsAndRoles","Output":"2026/10/01 17:36:01 OK   00009_idempotency_ledger.sql (4.81ms)\n"}
{"Time":"2026-10-01T17:36:01.966116+08:00","Action":"output","Package":"ops-platform/test/integration","Test":"TestMigrationsAndRoles","Output":"2026/10/01 17:36:01 OK   00010_tenant_provisioning.sql (3.15ms)\n"}
{"Time":"2026-10-01T17:36:01.970732+08:00","Action":"output","Package":"ops-platform/test/integration","Test":"TestMigrationsAndRoles","Output":"2026/10/01 17:36:01 OK   00011_source_registration_history.sql (4.46ms)\n"}
{"Time":"2026-10-01T17:36:01.977869+08:00","Action":"output","Package":"ops-platform/test/integration","Test":"TestMigrationsAndRoles","Output":"2026/10/01 17:36:01 OK   00012_config_registry_lifecycle.sql (6.93ms)\n"}
{"Time":"2026-10-01T17:36:01.986945+08:00","Action":"output","Package":"ops-platform/test/integration","Test":"TestMigrationsAndRoles","Output":"2026/10/01 17:36:01 OK   00013_audit_signed_segments.sql (8.81ms)\n"}
{"Time":"2026-10-01T17:36:01.990999+08:00","Action":"output","Package":"ops-platform/test/integration","Test":"TestMigrationsAndRoles","Output":"2026/10/01 17:36:01 OK   00014_audit_segment_predecessors.sql (3.92ms)\n"}
{"Time":"2026-10-01T17:36:01.993622+08:00","Action":"output","Package":"ops-platform/test/integration","Test":"TestMigrationsAndRoles","Output":"2026/10/01 17:36:01 OK   00015_source_schema_scope.sql (2.51ms)\n"}
{"Time":"2026-10-01T17:36:01.996714+08:00","Action":"output","Package":"ops-platform/test/integration","Test":"TestMigrationsAndRoles","Output":"2026/10/01 17:36:01 OK   00016_cluster_registration_metadata.sql (2.98ms)\n"}
{"Time":"2026-10-01T17:36:01.996777+08:00","Action":"output","Package":"ops-platform/test/integration","Test":"TestMigrationsAndRoles","Output":"2026/10/01 17:36:01 goose: successfully migrated database to version: 16\n"}
{"Time":"2026-10-01T17:36:02.051168+08:00","Action":"output","Package":"ops-platform/test/integration","Test":"TestMigrationsAndRoles","Output":"--- PASS: TestMigrationsAndRoles (0.19s)\n","OutputType":"frame"}
{"Time":"2026-10-01T17:36:02.051235+08:00","Action":"pass","Package":"ops-platform/test/integration","Test":"TestMigrationsAndRoles","Elapsed":0.19}
{"Time":"2026-10-01T17:36:02.051255+08:00","Action":"run","Package":"ops-platform/test/integration","Test":"TestMigrationsUpgradeVersionOneData"}
{"Time":"2026-10-01T17:36:02.051266+08:00","Action":"output","Package":"ops-platform/test/integration","Test":"TestMigrationsUpgradeVersionOneData","Output":"=== RUN   TestMigrationsUpgradeVersionOneData\n","OutputType":"frame"}
{"Time":"2026-10-01T17:36:02.08787+08:00","Action":"output","Package":"ops-platform/test/integration","Test":"TestMigrationsUpgradeVersionOneData","Output":"2026/10/01 17:36:02 OK   00001_roles_and_schemas.sql (6.94ms)\n"}
{"Time":"2026-10-01T17:36:02.087918+08:00","Action":"output","Package":"ops-platform/test/integration","Test":"TestMigrationsUpgradeVersionOneData","Output":"2026/10/01 17:36:02 goose: successfully migrated database to version: 1\n"}
{"Time":"2026-10-01T17:36:02.109488+08:00","Action":"output","Package":"ops-platform/test/integration","Test":"TestMigrationsUpgradeVersionOneData","Output":"2026/10/01 17:36:02 OK   00002_platform_meta.sql (13.67ms)\n"}
{"Time":"2026-10-01T17:36:02.115549+08:00","Action":"output","Package":"ops-platform/test/integration","Test":"TestMigrationsUpgradeVersionOneData","Output":"2026/10/01 17:36:02 OK   00003_finding.sql (5.85ms)\n"}
{"Time":"2026-10-01T17:36:02.120111+08:00","Action":"output","Package":"ops-platform/test/integration","Test":"TestMigrationsUpgradeVersionOneData","Output":"2026/10/01 17:36:02 OK   00004_incident.sql (4.41ms)\n"}
{"Time":"2026-10-01T17:36:02.125272+08:00","Action":"output","Package":"ops-platform/test/integration","Test":"TestMigrationsUpgradeVersionOneData","Output":"2026/10/01 17:36:02 OK   00005_investigation.sql (4.98ms)\n"}
{"Time":"2026-10-01T17:36:02.129799+08:00","Action":"output","Package":"ops-platform/test/integration","Test":"TestMigrationsUpgradeVersionOneData","Output":"2026/10/01 17:36:02 OK   00006_action_command.sql (4.35ms)\n"}
{"Time":"2026-10-01T17:36:02.137345+08:00","Action":"output","Package":"ops-platform/test/integration","Test":"TestMigrationsUpgradeVersionOneData","Output":"2026/10/01 17:36:02 OK   00007_audit.sql (7.35ms)\n"}
{"Time":"2026-10-01T17:36:02.14442+08:00","Action":"output","Package":"ops-platform/test/integration","Test":"TestMigrationsUpgradeVersionOneData","Output":"2026/10/01 17:36:02 OK   00008_rls.sql (6.89ms)\n"}
{"Time":"2026-10-01T17:36:02.150123+08:00","Action":"output","Package":"ops-platform/test/integration","Test":"TestMigrationsUpgradeVersionOneData","Output":"2026/10/01 17:36:02 OK   00009_idempotency_ledger.sql (5.49ms)\n"}
{"Time":"2026-10-01T17:36:02.15413+08:00","Action":"output","Package":"ops-platform/test/integration","Test":"TestMigrationsUpgradeVersionOneData","Output":"2026/10/01 17:36:02 OK   00010_tenant_provisioning.sql (3.9ms)\n"}
{"Time":"2026-10-01T17:36:02.161397+08:00","Action":"output","Package":"ops-platform/test/integration","Test":"TestMigrationsUpgradeVersionOneData","Output":"2026/10/01 17:36:02 OK   00011_source_registration_history.sql (7.11ms)\n"}
{"Time":"2026-10-01T17:36:02.168892+08:00","Action":"output","Package":"ops-platform/test/integration","Test":"TestMigrationsUpgradeVersionOneData","Output":"2026/10/01 17:36:02 OK   00012_config_registry_lifecycle.sql (7.31ms)\n"}
{"Time":"2026-10-01T17:36:02.178421+08:00","Action":"output","Package":"ops-platform/test/integration","Test":"TestMigrationsUpgradeVersionOneData","Output":"2026/10/01 17:36:02 OK   00013_audit_signed_segments.sql (9.22ms)\n"}
{"Time":"2026-10-01T17:36:02.183063+08:00","Action":"output","Package":"ops-platform/test/integration","Test":"TestMigrationsUpgradeVersionOneData","Output":"2026/10/01 17:36:02 OK   00014_audit_segment_predecessors.sql (4.47ms)\n"}
{"Time":"2026-10-01T17:36:02.186045+08:00","Action":"output","Package":"ops-platform/test/integration","Test":"TestMigrationsUpgradeVersionOneData","Output":"2026/10/01 17:36:02 OK   00015_source_schema_scope.sql (2.9ms)\n"}
{"Time":"2026-10-01T17:36:02.189719+08:00","Action":"output","Package":"ops-platform/test/integration","Test":"TestMigrationsUpgradeVersionOneData","Output":"2026/10/01 17:36:02 OK   00016_cluster_registration_metadata.sql (3.57ms)\n"}
{"Time":"2026-10-01T17:36:02.189758+08:00","Action":"output","Package":"ops-platform/test/integration","Test":"TestMigrationsUpgradeVersionOneData","Output":"2026/10/01 17:36:02 goose: successfully migrated database to version: 16\n"}
{"Time":"2026-10-01T17:36:02.239719+08:00","Action":"output","Package":"ops-platform/test/integration","Test":"TestMigrationsUpgradeVersionOneData","Output":"--- PASS: TestMigrationsUpgradeVersionOneData (0.19s)\n","OutputType":"frame"}
{"Time":"2026-10-01T17:36:02.239797+08:00","Action":"pass","Package":"ops-platform/test/integration","Test":"TestMigrationsUpgradeVersionOneData","Elapsed":0.19}
{"Time":"2026-10-01T17:36:02.239823+08:00","Action":"run","Package":"ops-platform/test/integration","Test":"TestWithTenantTxIsolatesTenantsAndUsesAppendOnlyAudit"}
{"Time":"2026-10-01T17:36:02.239833+08:00","Action":"output","Package":"ops-platform/test/integration","Test":"TestWithTenantTxIsolatesTenantsAndUsesAppendOnlyAudit","Output":"=== RUN   TestWithTenantTxIsolatesTenantsAndUsesAppendOnlyAudit\n","OutputType":"frame"}
{"Time":"2026-10-01T17:36:02.277858+08:00","Action":"output","Package":"ops-platform/test/integration","Test":"TestWithTenantTxIsolatesTenantsAndUsesAppendOnlyAudit","Output":"2026/10/01 17:36:02 OK   00001_roles_and_schemas.sql (7.45ms)\n"}
{"Time":"2026-10-01T17:36:02.277922+08:00","Action":"output","Package":"ops-platform/test/integration","Test":"TestWithTenantTxIsolatesTenantsAndUsesAppendOnlyAudit","Output":"2026/10/01 17:36:02 goose: successfully migrated database to version: 1\n"}
{"Time":"2026-10-01T17:36:02.297996+08:00","Action":"output","Package":"ops-platform/test/integration","Test":"TestWithTenantTxIsolatesTenantsAndUsesAppendOnlyAudit","Output":"2026/10/01 17:36:02 OK   00002_platform_meta.sql (13.54ms)\n"}
{"Time":"2026-10-01T17:36:02.304217+08:00","Action":"output","Package":"ops-platform/test/integration","Test":"TestWithTenantTxIsolatesTenantsAndUsesAppendOnlyAudit","Output":"2026/10/01 17:36:02 OK   00003_finding.sql (6.01ms)\n"}
{"Time":"2026-10-01T17:36:02.308775+08:00","Action":"output","Package":"ops-platform/test/integration","Test":"TestWithTenantTxIsolatesTenantsAndUsesAppendOnlyAudit","Output":"2026/10/01 17:36:02 OK   00004_incident.sql (4.37ms)\n"}
{"Time":"2026-10-01T17:36:02.314472+08:00","Action":"output","Package":"ops-platform/test/integration","Test":"TestWithTenantTxIsolatesTenantsAndUsesAppendOnlyAudit","Output":"2026/10/01 17:36:02 OK   00005_investigation.sql (5.53ms)\n"}
{"Time":"2026-10-01T17:36:02.319153+08:00","Action":"output","Package":"ops-platform/test/integration","Test":"TestWithTenantTxIsolatesTenantsAndUsesAppendOnlyAudit","Output":"2026/10/01 17:36:02 OK   00006_action_command.sql (4.52ms)\n"}
{"Time":"2026-10-01T17:36:02.326478+08:00","Action":"output","Package":"ops-platform/test/integration","Test":"TestWithTenantTxIsolatesTenantsAndUsesAppendOnlyAudit","Output":"2026/10/01 17:36:02 OK   00007_audit.sql (7.12ms)\n"}
{"Time":"2026-10-01T17:36:02.333551+08:00","Action":"output","Package":"ops-platform/test/integration","Test":"TestWithTenantTxIsolatesTenantsAndUsesAppendOnlyAudit","Output":"2026/10/01 17:36:02 OK   00008_rls.sql (6.9ms)\n"}
{"Time":"2026-10-01T17:36:02.339796+08:00","Action":"output","Package":"ops-platform/test/integration","Test":"TestWithTenantTxIsolatesTenantsAndUsesAppendOnlyAudit","Output":"2026/10/01 17:36:02 OK   00009_idempotency_ledger.sql (6.01ms)\n"}
{"Time":"2026-10-01T17:36:02.344135+08:00","Action":"output","Package":"ops-platform/test/integration","Test":"TestWithTenantTxIsolatesTenantsAndUsesAppendOnlyAudit","Output":"2026/10/01 17:36:02 OK   00010_tenant_provisioning.sql (4.13ms)\n"}
{"Time":"2026-10-01T17:36:02.349129+08:00","Action":"output","Package":"ops-platform/test/integration","Test":"TestWithTenantTxIsolatesTenantsAndUsesAppendOnlyAudit","Output":"2026/10/01 17:36:02 OK   00011_source_registration_history.sql (4.83ms)\n"}
{"Time":"2026-10-01T17:36:02.356222+08:00","Action":"output","Package":"ops-platform/test/integration","Test":"TestWithTenantTxIsolatesTenantsAndUsesAppendOnlyAudit","Output":"2026/10/01 17:36:02 OK   00012_config_registry_lifecycle.sql (6.8ms)\n"}
{"Time":"2026-10-01T17:36:02.366777+08:00","Action":"output","Package":"ops-platform/test/integration","Test":"TestWithTenantTxIsolatesTenantsAndUsesAppendOnlyAudit","Output":"2026/10/01 17:36:02 OK   00013_audit_signed_segments.sql (10.1ms)\n"}
{"Time":"2026-10-01T17:36:02.372081+08:00","Action":"output","Package":"ops-platform/test/integration","Test":"TestWithTenantTxIsolatesTenantsAndUsesAppendOnlyAudit","Output":"2026/10/01 17:36:02 OK   00014_audit_segment_predecessors.sql (5.14ms)\n"}
{"Time":"2026-10-01T17:36:02.374667+08:00","Action":"output","Package":"ops-platform/test/integration","Test":"TestWithTenantTxIsolatesTenantsAndUsesAppendOnlyAudit","Output":"2026/10/01 17:36:02 OK   00015_source_schema_scope.sql (2.45ms)\n"}
{"Time":"2026-10-01T17:36:02.378243+08:00","Action":"output","Package":"ops-platform/test/integration","Test":"TestWithTenantTxIsolatesTenantsAndUsesAppendOnlyAudit","Output":"2026/10/01 17:36:02 OK   00016_cluster_registration_metadata.sql (3.45ms)\n"}
{"Time":"2026-10-01T17:36:02.378283+08:00","Action":"output","Package":"ops-platform/test/integration","Test":"TestWithTenantTxIsolatesTenantsAndUsesAppendOnlyAudit","Output":"2026/10/01 17:36:02 goose: successfully migrated database to version: 16\n"}
{"Time":"2026-10-01T17:36:02.439037+08:00","Action":"output","Package":"ops-platform/test/integration","Test":"TestWithTenantTxIsolatesTenantsAndUsesAppendOnlyAudit","Output":"--- PASS: TestWithTenantTxIsolatesTenantsAndUsesAppendOnlyAudit (0.20s)\n","OutputType":"frame"}
{"Time":"2026-10-01T17:36:02.439129+08:00","Action":"pass","Package":"ops-platform/test/integration","Test":"TestWithTenantTxIsolatesTenantsAndUsesAppendOnlyAudit","Elapsed":0.2}
{"Time":"2026-10-01T17:36:02.439165+08:00","Action":"run","Package":"ops-platform/test/integration","Test":"TestRealVictoriaMetricsScrapesPlatformProcessMetric"}
{"Time":"2026-10-01T17:36:02.439183+08:00","Action":"output","Package":"ops-platform/test/integration","Test":"TestRealVictoriaMetricsScrapesPlatformProcessMetric","Output":"=== RUN   TestRealVictoriaMetricsScrapesPlatformProcessMetric\n","OutputType":"frame"}
{"Time":"2026-10-01T17:36:02.442445+08:00","Action":"output","Package":"ops-platform/test/integration","Test":"TestRealVictoriaMetricsScrapesPlatformProcessMetric","Output":"--- PASS: TestRealVictoriaMetricsScrapesPlatformProcessMetric (0.00s)\n","OutputType":"frame"}
{"Time":"2026-10-01T17:36:02.442516+08:00","Action":"pass","Package":"ops-platform/test/integration","Test":"TestRealVictoriaMetricsScrapesPlatformProcessMetric","Elapsed":0}
{"Time":"2026-10-01T17:36:02.442542+08:00","Action":"run","Package":"ops-platform/test/integration","Test":"TestRealVictoriaLogsAcceptsStructuredPlatformStdout"}
{"Time":"2026-10-01T17:36:02.44256+08:00","Action":"output","Package":"ops-platform/test/integration","Test":"TestRealVictoriaLogsAcceptsStructuredPlatformStdout","Output":"=== RUN   TestRealVictoriaLogsAcceptsStructuredPlatformStdout\n","OutputType":"frame"}
{"Time":"2026-10-01T17:36:03.448686+08:00","Action":"output","Package":"ops-platform/test/integration","Test":"TestRealVictoriaLogsAcceptsStructuredPlatformStdout","Output":"--- PASS: TestRealVictoriaLogsAcceptsStructuredPlatformStdout (1.01s)\n","OutputType":"frame"}
{"Time":"2026-10-01T17:36:03.44886+08:00","Action":"pass","Package":"ops-platform/test/integration","Test":"TestRealVictoriaLogsAcceptsStructuredPlatformStdout","Elapsed":1.01}
{"Time":"2026-10-01T17:36:03.448937+08:00","Action":"run","Package":"ops-platform/test/integration","Test":"TestRealProjectedPodTokensAuthenticateOpenBaoAndWorkloadMTLS"}
{"Time":"2026-10-01T17:36:03.448977+08:00","Action":"output","Package":"ops-platform/test/integration","Test":"TestRealProjectedPodTokensAuthenticateOpenBaoAndWorkloadMTLS","Output":"=== RUN   TestRealProjectedPodTokensAuthenticateOpenBaoAndWorkloadMTLS\n","OutputType":"frame"}
{"Time":"2026-10-01T17:36:03.593573+08:00","Action":"output","Package":"ops-platform/test/integration","Test":"TestRealProjectedPodTokensAuthenticateOpenBaoAndWorkloadMTLS","Output":"2026/10/01 17:36:03 http: TLS handshake error from 127.0.0.1:52556: tls: client didn't provide a certificate\n"}
{"Time":"2026-10-01T17:36:03.593729+08:00","Action":"output","Package":"ops-platform/test/integration","Test":"TestRealProjectedPodTokensAuthenticateOpenBaoAndWorkloadMTLS","Output":"    projected_workload_test.go:133: real Pod-bound TokenReview accepted three workload identities, denied unauthorized SA/namespace/audience; Investigator and test Runner mTLS completed without forwarded JWT\n"}
{"Time":"2026-10-01T17:36:03.593762+08:00","Action":"output","Package":"ops-platform/test/integration","Test":"TestRealProjectedPodTokensAuthenticateOpenBaoAndWorkloadMTLS","Output":"--- PASS: TestRealProjectedPodTokensAuthenticateOpenBaoAndWorkloadMTLS (0.15s)\n","OutputType":"frame"}
{"Time":"2026-10-01T17:36:03.593775+08:00","Action":"pass","Package":"ops-platform/test/integration","Test":"TestRealProjectedPodTokensAuthenticateOpenBaoAndWorkloadMTLS","Elapsed":0.15}
{"Time":"2026-10-01T17:36:03.593792+08:00","Action":"run","Package":"ops-platform/test/integration","Test":"TestRuntimeDatabaseLoginCannotRegainOwnerOrOtherProcess"}
{"Time":"2026-10-01T17:36:03.593799+08:00","Action":"output","Package":"ops-platform/test/integration","Test":"TestRuntimeDatabaseLoginCannotRegainOwnerOrOtherProcess","Output":"=== RUN   TestRuntimeDatabaseLoginCannotRegainOwnerOrOtherProcess\n","OutputType":"frame"}
{"Time":"2026-10-01T17:36:03.665299+08:00","Action":"output","Package":"ops-platform/test/integration","Test":"TestRuntimeDatabaseLoginCannotRegainOwnerOrOtherProcess","Output":"2026/10/01 17:36:03 OK   00001_roles_and_schemas.sql (11.68ms)\n"}
{"Time":"2026-10-01T17:36:03.68607+08:00","Action":"output","Package":"ops-platform/test/integration","Test":"TestRuntimeDatabaseLoginCannotRegainOwnerOrOtherProcess","Output":"2026/10/01 17:36:03 OK   00002_platform_meta.sql (20.3ms)\n"}
{"Time":"2026-10-01T17:36:03.694669+08:00","Action":"output","Package":"ops-platform/test/integration","Test":"TestRuntimeDatabaseLoginCannotRegainOwnerOrOtherProcess","Output":"2026/10/01 17:36:03 OK   00003_finding.sql (8.32ms)\n"}
{"Time":"2026-10-01T17:36:03.700461+08:00","Action":"output","Package":"ops-platform/test/integration","Test":"TestRuntimeDatabaseLoginCannotRegainOwnerOrOtherProcess","Output":"2026/10/01 17:36:03 OK   00004_incident.sql (5.57ms)\n"}
{"Time":"2026-10-01T17:36:03.707675+08:00","Action":"output","Package":"ops-platform/test/integration","Test":"TestRuntimeDatabaseLoginCannotRegainOwnerOrOtherProcess","Output":"2026/10/01 17:36:03 OK   00005_investigation.sql (6.71ms)\n"}
{"Time":"2026-10-01T17:36:03.713072+08:00","Action":"output","Package":"ops-platform/test/integration","Test":"TestRuntimeDatabaseLoginCannotRegainOwnerOrOtherProcess","Output":"2026/10/01 17:36:03 OK   00006_action_command.sql (5.26ms)\n"}
{"Time":"2026-10-01T17:36:03.720874+08:00","Action":"output","Package":"ops-platform/test/integration","Test":"TestRuntimeDatabaseLoginCannotRegainOwnerOrOtherProcess","Output":"2026/10/01 17:36:03 OK   00007_audit.sql (7.57ms)\n"}
{"Time":"2026-10-01T17:36:03.728775+08:00","Action":"output","Package":"ops-platform/test/integration","Test":"TestRuntimeDatabaseLoginCannotRegainOwnerOrOtherProcess","Output":"2026/10/01 17:36:03 OK   00008_rls.sql (7.72ms)\n"}
{"Time":"2026-10-01T17:36:03.73501+08:00","Action":"output","Package":"ops-platform/test/integration","Test":"TestRuntimeDatabaseLoginCannotRegainOwnerOrOtherProcess","Output":"2026/10/01 17:36:03 OK   00009_idempotency_ledger.sql (6ms)\n"}
{"Time":"2026-10-01T17:36:03.739969+08:00","Action":"output","Package":"ops-platform/test/integration","Test":"TestRuntimeDatabaseLoginCannotRegainOwnerOrOtherProcess","Output":"2026/10/01 17:36:03 OK   00010_tenant_provisioning.sql (4.75ms)\n"}
{"Time":"2026-10-01T17:36:03.74606+08:00","Action":"output","Package":"ops-platform/test/integration","Test":"TestRuntimeDatabaseLoginCannotRegainOwnerOrOtherProcess","Output":"2026/10/01 17:36:03 OK   00011_source_registration_history.sql (5.74ms)\n"}
{"Time":"2026-10-01T17:36:03.754034+08:00","Action":"output","Package":"ops-platform/test/integration","Test":"TestRuntimeDatabaseLoginCannotRegainOwnerOrOtherProcess","Output":"2026/10/01 17:36:03 OK   00012_config_registry_lifecycle.sql (7.79ms)\n"}
{"Time":"2026-10-01T17:36:03.765075+08:00","Action":"output","Package":"ops-platform/test/integration","Test":"TestRuntimeDatabaseLoginCannotRegainOwnerOrOtherProcess","Output":"2026/10/01 17:36:03 OK   00013_audit_signed_segments.sql (10.7ms)\n"}
{"Time":"2026-10-01T17:36:03.770745+08:00","Action":"output","Package":"ops-platform/test/integration","Test":"TestRuntimeDatabaseLoginCannotRegainOwnerOrOtherProcess","Output":"2026/10/01 17:36:03 OK   00014_audit_segment_predecessors.sql (5.47ms)\n"}
{"Time":"2026-10-01T17:36:03.774167+08:00","Action":"output","Package":"ops-platform/test/integration","Test":"TestRuntimeDatabaseLoginCannotRegainOwnerOrOtherProcess","Output":"2026/10/01 17:36:03 OK   00015_source_schema_scope.sql (3.23ms)\n"}
{"Time":"2026-10-01T17:36:03.779211+08:00","Action":"output","Package":"ops-platform/test/integration","Test":"TestRuntimeDatabaseLoginCannotRegainOwnerOrOtherProcess","Output":"2026/10/01 17:36:03 OK   00016_cluster_registration_metadata.sql (4.84ms)\n"}
{"Time":"2026-10-01T17:36:03.779286+08:00","Action":"output","Package":"ops-platform/test/integration","Test":"TestRuntimeDatabaseLoginCannotRegainOwnerOrOtherProcess","Output":"2026/10/01 17:36:03 goose: successfully migrated database to version: 16\n"}
{"Time":"2026-10-01T17:36:03.86026+08:00","Action":"output","Package":"ops-platform/test/integration","Test":"TestRuntimeDatabaseLoginCannotRegainOwnerOrOtherProcess","Output":"--- PASS: TestRuntimeDatabaseLoginCannotRegainOwnerOrOtherProcess (0.27s)\n","OutputType":"frame"}
{"Time":"2026-10-01T17:36:03.860329+08:00","Action":"pass","Package":"ops-platform/test/integration","Test":"TestRuntimeDatabaseLoginCannotRegainOwnerOrOtherProcess","Elapsed":0.27}
{"Time":"2026-10-01T17:36:03.860347+08:00","Action":"run","Package":"ops-platform/test/integration","Test":"TestRuntimeProfileFixtureMatchesLockedEndpoints"}
{"Time":"2026-10-01T17:36:03.860355+08:00","Action":"output","Package":"ops-platform/test/integration","Test":"TestRuntimeProfileFixtureMatchesLockedEndpoints","Output":"=== RUN   TestRuntimeProfileFixtureMatchesLockedEndpoints\n","OutputType":"frame"}
{"Time":"2026-10-01T17:36:03.862267+08:00","Action":"output","Package":"ops-platform/test/integration","Test":"TestRuntimeProfileFixtureMatchesLockedEndpoints","Output":"--- PASS: TestRuntimeProfileFixtureMatchesLockedEndpoints (0.00s)\n","OutputType":"frame"}
{"Time":"2026-10-01T17:36:03.862305+08:00","Action":"pass","Package":"ops-platform/test/integration","Test":"TestRuntimeProfileFixtureMatchesLockedEndpoints","Elapsed":0}
{"Time":"2026-10-01T17:36:03.862315+08:00","Action":"run","Package":"ops-platform/test/integration","Test":"TestSourceRegistrationsAreTenantBoundRevisionedAndAudited"}
{"Time":"2026-10-01T17:36:03.862322+08:00","Action":"output","Package":"ops-platform/test/integration","Test":"TestSourceRegistrationsAreTenantBoundRevisionedAndAudited","Output":"=== RUN   TestSourceRegistrationsAreTenantBoundRevisionedAndAudited\n","OutputType":"frame"}
{"Time":"2026-10-01T17:36:03.910344+08:00","Action":"output","Package":"ops-platform/test/integration","Test":"TestSourceRegistrationsAreTenantBoundRevisionedAndAudited","Output":"2026/10/01 17:36:03 OK   00001_roles_and_schemas.sql (8.78ms)\n"}
{"Time":"2026-10-01T17:36:03.91041+08:00","Action":"output","Package":"ops-platform/test/integration","Test":"TestSourceRegistrationsAreTenantBoundRevisionedAndAudited","Output":"2026/10/01 17:36:03 goose: successfully migrated database to version: 1\n"}
{"Time":"2026-10-01T17:36:03.931583+08:00","Action":"output","Package":"ops-platform/test/integration","Test":"TestSourceRegistrationsAreTenantBoundRevisionedAndAudited","Output":"2026/10/01 17:36:03 OK   00002_platform_meta.sql (14.01ms)\n"}
{"Time":"2026-10-01T17:36:03.938614+08:00","Action":"output","Package":"ops-platform/test/integration","Test":"TestSourceRegistrationsAreTenantBoundRevisionedAndAudited","Output":"2026/10/01 17:36:03 OK   00003_finding.sql (6.68ms)\n"}
{"Time":"2026-10-01T17:36:03.944202+08:00","Action":"output","Package":"ops-platform/test/integration","Test":"TestSourceRegistrationsAreTenantBoundRevisionedAndAudited","Output":"2026/10/01 17:36:03 OK   00004_incident.sql (5.25ms)\n"}
{"Time":"2026-10-01T17:36:03.95019+08:00","Action":"output","Package":"ops-platform/test/integration","Test":"TestSourceRegistrationsAreTenantBoundRevisionedAndAudited","Output":"2026/10/01 17:36:03 OK   00005_investigation.sql (5.73ms)\n"}
{"Time":"2026-10-01T17:36:03.955789+08:00","Action":"output","Package":"ops-platform/test/integration","Test":"TestSourceRegistrationsAreTenantBoundRevisionedAndAudited","Output":"2026/10/01 17:36:03 OK   00006_action_command.sql (5.37ms)\n"}
{"Time":"2026-10-01T17:36:03.965467+08:00","Action":"output","Package":"ops-platform/test/integration","Test":"TestSourceRegistrationsAreTenantBoundRevisionedAndAudited","Output":"2026/10/01 17:36:03 OK   00007_audit.sql (9.4ms)\n"}
{"Time":"2026-10-01T17:36:03.973971+08:00","Action":"output","Package":"ops-platform/test/integration","Test":"TestSourceRegistrationsAreTenantBoundRevisionedAndAudited","Output":"2026/10/01 17:36:03 OK   00008_rls.sql (8.1ms)\n"}
{"Time":"2026-10-01T17:36:03.981568+08:00","Action":"output","Package":"ops-platform/test/integration","Test":"TestSourceRegistrationsAreTenantBoundRevisionedAndAudited","Output":"2026/10/01 17:36:03 OK   00009_idempotency_ledger.sql (7.09ms)\n"}
{"Time":"2026-10-01T17:36:03.986117+08:00","Action":"output","Package":"ops-platform/test/integration","Test":"TestSourceRegistrationsAreTenantBoundRevisionedAndAudited","Output":"2026/10/01 17:36:03 OK   00010_tenant_provisioning.sql (4.25ms)\n"}
{"Time":"2026-10-01T17:36:03.992555+08:00","Action":"output","Package":"ops-platform/test/integration","Test":"TestSourceRegistrationsAreTenantBoundRevisionedAndAudited","Output":"2026/10/01 17:36:03 OK   00011_source_registration_history.sql (6.18ms)\n"}
{"Time":"2026-10-01T17:36:04.000218+08:00","Action":"output","Package":"ops-platform/test/integration","Test":"TestSourceRegistrationsAreTenantBoundRevisionedAndAudited","Output":"2026/10/01 17:36:04 OK   00012_config_registry_lifecycle.sql (7.33ms)\n"}
{"Time":"2026-10-01T17:36:04.010676+08:00","Action":"output","Package":"ops-platform/test/integration","Test":"TestSourceRegistrationsAreTenantBoundRevisionedAndAudited","Output":"2026/10/01 17:36:04 OK   00013_audit_signed_segments.sql (10.03ms)\n"}
{"Time":"2026-10-01T17:36:04.01579+08:00","Action":"output","Package":"ops-platform/test/integration","Test":"TestSourceRegistrationsAreTenantBoundRevisionedAndAudited","Output":"2026/10/01 17:36:04 OK   00014_audit_segment_predecessors.sql (4.9ms)\n"}
{"Time":"2026-10-01T17:36:04.018647+08:00","Action":"output","Package":"ops-platform/test/integration","Test":"TestSourceRegistrationsAreTenantBoundRevisionedAndAudited","Output":"2026/10/01 17:36:04 OK   00015_source_schema_scope.sql (2.72ms)\n"}
{"Time":"2026-10-01T17:36:04.022245+08:00","Action":"output","Package":"ops-platform/test/integration","Test":"TestSourceRegistrationsAreTenantBoundRevisionedAndAudited","Output":"2026/10/01 17:36:04 OK   00016_cluster_registration_metadata.sql (3.47ms)\n"}
{"Time":"2026-10-01T17:36:04.022303+08:00","Action":"output","Package":"ops-platform/test/integration","Test":"TestSourceRegistrationsAreTenantBoundRevisionedAndAudited","Output":"2026/10/01 17:36:04 goose: successfully migrated database to version: 16\n"}
{"Time":"2026-10-01T17:36:04.056578+08:00","Action":"run","Package":"ops-platform/test/integration","Test":"TestSourceRegistrationsAreTenantBoundRevisionedAndAudited/payload-tenant"}
{"Time":"2026-10-01T17:36:04.056656+08:00","Action":"output","Package":"ops-platform/test/integration","Test":"TestSourceRegistrationsAreTenantBoundRevisionedAndAudited/payload-tenant","Output":"=== RUN   TestSourceRegistrationsAreTenantBoundRevisionedAndAudited/payload-tenant\n","OutputType":"frame"}
{"Time":"2026-10-01T17:36:04.057388+08:00","Action":"output","Package":"ops-platform/test/integration","Test":"TestSourceRegistrationsAreTenantBoundRevisionedAndAudited/payload-tenant","Output":"--- PASS: TestSourceRegistrationsAreTenantBoundRevisionedAndAudited/payload-tenant (0.00s)\n","OutputType":"frame"}
{"Time":"2026-10-01T17:36:04.057466+08:00","Action":"pass","Package":"ops-platform/test/integration","Test":"TestSourceRegistrationsAreTenantBoundRevisionedAndAudited/payload-tenant","Elapsed":0}
{"Time":"2026-10-01T17:36:04.057508+08:00","Action":"run","Package":"ops-platform/test/integration","Test":"TestSourceRegistrationsAreTenantBoundRevisionedAndAudited/payload-cluster"}
{"Time":"2026-10-01T17:36:04.057532+08:00","Action":"output","Package":"ops-platform/test/integration","Test":"TestSourceRegistrationsAreTenantBoundRevisionedAndAudited/payload-cluster","Output":"=== RUN   TestSourceRegistrationsAreTenantBoundRevisionedAndAudited/payload-cluster\n","OutputType":"frame"}
{"Time":"2026-10-01T17:36:04.05822+08:00","Action":"output","Package":"ops-platform/test/integration","Test":"TestSourceRegistrationsAreTenantBoundRevisionedAndAudited/payload-cluster","Output":"--- PASS: TestSourceRegistrationsAreTenantBoundRevisionedAndAudited/payload-cluster (0.00s)\n","OutputType":"frame"}
{"Time":"2026-10-01T17:36:04.058258+08:00","Action":"pass","Package":"ops-platform/test/integration","Test":"TestSourceRegistrationsAreTenantBoundRevisionedAndAudited/payload-cluster","Elapsed":0}
{"Time":"2026-10-01T17:36:04.141137+08:00","Action":"output","Package":"ops-platform/test/integration","Test":"TestSourceRegistrationsAreTenantBoundRevisionedAndAudited","Output":"--- PASS: TestSourceRegistrationsAreTenantBoundRevisionedAndAudited (0.28s)\n","OutputType":"frame"}
{"Time":"2026-10-01T17:36:04.141221+08:00","Action":"pass","Package":"ops-platform/test/integration","Test":"TestSourceRegistrationsAreTenantBoundRevisionedAndAudited","Elapsed":0.28}
{"Time":"2026-10-01T17:36:04.14125+08:00","Action":"run","Package":"ops-platform/test/integration","Test":"TestRevokedStepUpCannotBeRecreatedByReplayingSameJWT"}
{"Time":"2026-10-01T17:36:04.141262+08:00","Action":"output","Package":"ops-platform/test/integration","Test":"TestRevokedStepUpCannotBeRecreatedByReplayingSameJWT","Output":"=== RUN   TestRevokedStepUpCannotBeRecreatedByReplayingSameJWT\n","OutputType":"frame"}
{"Time":"2026-10-01T17:36:04.169596+08:00","Action":"output","Package":"ops-platform/test/integration","Test":"TestRevokedStepUpCannotBeRecreatedByReplayingSameJWT","Output":"2026/10/01 17:36:04 OK   00001_roles_and_schemas.sql (5.48ms)\n"}
{"Time":"2026-10-01T17:36:04.180036+08:00","Action":"output","Package":"ops-platform/test/integration","Test":"TestRevokedStepUpCannotBeRecreatedByReplayingSameJWT","Output":"2026/10/01 17:36:04 OK   00002_platform_meta.sql (10.19ms)\n"}
{"Time":"2026-10-01T17:36:04.184362+08:00","Action":"output","Package":"ops-platform/test/integration","Test":"TestRevokedStepUpCannotBeRecreatedByReplayingSameJWT","Output":"2026/10/01 17:36:04 OK   00003_finding.sql (4.23ms)\n"}
{"Time":"2026-10-01T17:36:04.18692+08:00","Action":"output","Package":"ops-platform/test/integration","Test":"TestRevokedStepUpCannotBeRecreatedByReplayingSameJWT","Output":"2026/10/01 17:36:04 OK   00004_incident.sql (2.51ms)\n"}
{"Time":"2026-10-01T17:36:04.191112+08:00","Action":"output","Package":"ops-platform/test/integration","Test":"TestRevokedStepUpCannotBeRecreatedByReplayingSameJWT","Output":"2026/10/01 17:36:04 OK   00005_investigation.sql (3.71ms)\n"}
{"Time":"2026-10-01T17:36:04.194549+08:00","Action":"output","Package":"ops-platform/test/integration","Test":"TestRevokedStepUpCannotBeRecreatedByReplayingSameJWT","Output":"2026/10/01 17:36:04 OK   00006_action_command.sql (3.24ms)\n"}
{"Time":"2026-10-01T17:36:04.198867+08:00","Action":"output","Package":"ops-platform/test/integration","Test":"TestRevokedStepUpCannotBeRecreatedByReplayingSameJWT","Output":"2026/10/01 17:36:04 OK   00007_audit.sql (4.26ms)\n"}
{"Time":"2026-10-01T17:36:04.203063+08:00","Action":"output","Package":"ops-platform/test/integration","Test":"TestRevokedStepUpCannotBeRecreatedByReplayingSameJWT","Output":"2026/10/01 17:36:04 OK   00008_rls.sql (4.13ms)\n"}
{"Time":"2026-10-01T17:36:04.206972+08:00","Action":"output","Package":"ops-platform/test/integration","Test":"TestRevokedStepUpCannotBeRecreatedByReplayingSameJWT","Output":"2026/10/01 17:36:04 OK   00009_idempotency_ledger.sql (3.8ms)\n"}
{"Time":"2026-10-01T17:36:04.209501+08:00","Action":"output","Package":"ops-platform/test/integration","Test":"TestRevokedStepUpCannotBeRecreatedByReplayingSameJWT","Output":"2026/10/01 17:36:04 OK   00010_tenant_provisioning.sql (2.38ms)\n"}
{"Time":"2026-10-01T17:36:04.213047+08:00","Action":"output","Package":"ops-platform/test/integration","Test":"TestRevokedStepUpCannotBeRecreatedByReplayingSameJWT","Output":"2026/10/01 17:36:04 OK   00011_source_registration_history.sql (3.41ms)\n"}
{"Time":"2026-10-01T17:36:04.217453+08:00","Action":"output","Package":"ops-platform/test/integration","Test":"TestRevokedStepUpCannotBeRecreatedByReplayingSameJWT","Output":"2026/10/01 17:36:04 OK   00012_config_registry_lifecycle.sql (4.32ms)\n"}
{"Time":"2026-10-01T17:36:04.223346+08:00","Action":"output","Package":"ops-platform/test/integration","Test":"TestRevokedStepUpCannotBeRecreatedByReplayingSameJWT","Output":"2026/10/01 17:36:04 OK   00013_audit_signed_segments.sql (5.82ms)\n"}
{"Time":"2026-10-01T17:36:04.226267+08:00","Action":"output","Package":"ops-platform/test/integration","Test":"TestRevokedStepUpCannotBeRecreatedByReplayingSameJWT","Output":"2026/10/01 17:36:04 OK   00014_audit_segment_predecessors.sql (2.85ms)\n"}
{"Time":"2026-10-01T17:36:04.227605+08:00","Action":"output","Package":"ops-platform/test/integration","Test":"TestRevokedStepUpCannotBeRecreatedByReplayingSameJWT","Output":"2026/10/01 17:36:04 OK   00015_source_schema_scope.sql (1.28ms)\n"}
{"Time":"2026-10-01T17:36:04.229538+08:00","Action":"output","Package":"ops-platform/test/integration","Test":"TestRevokedStepUpCannotBeRecreatedByReplayingSameJWT","Output":"2026/10/01 17:36:04 OK   00016_cluster_registration_metadata.sql (1.9ms)\n"}
{"Time":"2026-10-01T17:36:04.229547+08:00","Action":"output","Package":"ops-platform/test/integration","Test":"TestRevokedStepUpCannotBeRecreatedByReplayingSameJWT","Output":"2026/10/01 17:36:04 goose: successfully migrated database to version: 16\n"}
{"Time":"2026-10-01T17:36:04.407008+08:00","Action":"output","Package":"ops-platform/test/integration","Test":"TestRevokedStepUpCannotBeRecreatedByReplayingSameJWT","Output":"--- PASS: TestRevokedStepUpCannotBeRecreatedByReplayingSameJWT (0.27s)\n","OutputType":"frame"}
{"Time":"2026-10-01T17:36:04.407106+08:00","Action":"pass","Package":"ops-platform/test/integration","Test":"TestRevokedStepUpCannotBeRecreatedByReplayingSameJWT","Elapsed":0.27}
{"Time":"2026-10-01T17:36:04.407147+08:00","Action":"run","Package":"ops-platform/test/integration","Test":"TestTenantProvisioningAndRoleBindingRevisions"}
{"Time":"2026-10-01T17:36:04.407163+08:00","Action":"output","Package":"ops-platform/test/integration","Test":"TestTenantProvisioningAndRoleBindingRevisions","Output":"=== RUN   TestTenantProvisioningAndRoleBindingRevisions\n","OutputType":"frame"}
{"Time":"2026-10-01T17:36:04.479975+08:00","Action":"output","Package":"ops-platform/test/integration","Test":"TestTenantProvisioningAndRoleBindingRevisions","Output":"2026/10/01 17:36:04 OK   00001_roles_and_schemas.sql (9.98ms)\n"}
{"Time":"2026-10-01T17:36:04.480047+08:00","Action":"output","Package":"ops-platform/test/integration","Test":"TestTenantProvisioningAndRoleBindingRevisions","Output":"2026/10/01 17:36:04 goose: successfully migrated database to version: 1\n"}
{"Time":"2026-10-01T17:36:04.503247+08:00","Action":"output","Package":"ops-platform/test/integration","Test":"TestTenantProvisioningAndRoleBindingRevisions","Output":"2026/10/01 17:36:04 OK   00002_platform_meta.sql (15.65ms)\n"}
{"Time":"2026-10-01T17:36:04.510533+08:00","Action":"output","Package":"ops-platform/test/integration","Test":"TestTenantProvisioningAndRoleBindingRevisions","Output":"2026/10/01 17:36:04 OK   00003_finding.sql (7.04ms)\n"}
{"Time":"2026-10-01T17:36:04.515506+08:00","Action":"output","Package":"ops-platform/test/integration","Test":"TestTenantProvisioningAndRoleBindingRevisions","Output":"2026/10/01 17:36:04 OK   00004_incident.sql (4.78ms)\n"}
{"Time":"2026-10-01T17:36:04.522349+08:00","Action":"output","Package":"ops-platform/test/integration","Test":"TestTenantProvisioningAndRoleBindingRevisions","Output":"2026/10/01 17:36:04 OK   00005_investigation.sql (6.64ms)\n"}
{"Time":"2026-10-01T17:36:04.528214+08:00","Action":"output","Package":"ops-platform/test/integration","Test":"TestTenantProvisioningAndRoleBindingRevisions","Output":"2026/10/01 17:36:04 OK   00006_action_command.sql (5.58ms)\n"}
{"Time":"2026-10-01T17:36:04.536548+08:00","Action":"output","Package":"ops-platform/test/integration","Test":"TestTenantProvisioningAndRoleBindingRevisions","Output":"2026/10/01 17:36:04 OK   00007_audit.sql (8.01ms)\n"}
{"Time":"2026-10-01T17:36:04.544525+08:00","Action":"output","Package":"ops-platform/test/integration","Test":"TestTenantProvisioningAndRoleBindingRevisions","Output":"2026/10/01 17:36:04 OK   00008_rls.sql (7.63ms)\n"}
{"Time":"2026-10-01T17:36:04.550422+08:00","Action":"output","Package":"ops-platform/test/integration","Test":"TestTenantProvisioningAndRoleBindingRevisions","Output":"2026/10/01 17:36:04 OK   00009_idempotency_ledger.sql (5.71ms)\n"}
{"Time":"2026-10-01T17:36:04.554583+08:00","Action":"output","Package":"ops-platform/test/integration","Test":"TestTenantProvisioningAndRoleBindingRevisions","Output":"2026/10/01 17:36:04 OK   00010_tenant_provisioning.sql (3.97ms)\n"}
{"Time":"2026-10-01T17:36:04.559665+08:00","Action":"output","Package":"ops-platform/test/integration","Test":"TestTenantProvisioningAndRoleBindingRevisions","Output":"2026/10/01 17:36:04 OK   00011_source_registration_history.sql (4.9ms)\n"}
{"Time":"2026-10-01T17:36:04.566678+08:00","Action":"output","Package":"ops-platform/test/integration","Test":"TestTenantProvisioningAndRoleBindingRevisions","Output":"2026/10/01 17:36:04 OK   00012_config_registry_lifecycle.sql (6.78ms)\n"}
{"Time":"2026-10-01T17:36:04.576229+08:00","Action":"output","Package":"ops-platform/test/integration","Test":"TestTenantProvisioningAndRoleBindingRevisions","Output":"2026/10/01 17:36:04 OK   00013_audit_signed_segments.sql (9.23ms)\n"}
{"Time":"2026-10-01T17:36:04.581179+08:00","Action":"output","Package":"ops-platform/test/integration","Test":"TestTenantProvisioningAndRoleBindingRevisions","Output":"2026/10/01 17:36:04 OK   00014_audit_segment_predecessors.sql (4.74ms)\n"}
{"Time":"2026-10-01T17:36:04.58426+08:00","Action":"output","Package":"ops-platform/test/integration","Test":"TestTenantProvisioningAndRoleBindingRevisions","Output":"2026/10/01 17:36:04 OK   00015_source_schema_scope.sql (2.89ms)\n"}
{"Time":"2026-10-01T17:36:04.587892+08:00","Action":"output","Package":"ops-platform/test/integration","Test":"TestTenantProvisioningAndRoleBindingRevisions","Output":"2026/10/01 17:36:04 OK   00016_cluster_registration_metadata.sql (3.59ms)\n"}
{"Time":"2026-10-01T17:36:04.587959+08:00","Action":"output","Package":"ops-platform/test/integration","Test":"TestTenantProvisioningAndRoleBindingRevisions","Output":"2026/10/01 17:36:04 goose: successfully migrated database to version: 16\n"}
{"Time":"2026-10-01T17:36:04.673436+08:00","Action":"output","Package":"ops-platform/test/integration","Test":"TestTenantProvisioningAndRoleBindingRevisions","Output":"--- PASS: TestTenantProvisioningAndRoleBindingRevisions (0.27s)\n","OutputType":"frame"}
{"Time":"2026-10-01T17:36:04.673557+08:00","Action":"pass","Package":"ops-platform/test/integration","Test":"TestTenantProvisioningAndRoleBindingRevisions","Elapsed":0.27}
{"Time":"2026-10-01T17:36:04.673578+08:00","Action":"run","Package":"ops-platform/test/integration","Test":"TestRealAuditWorkerProjectedLoginResumesPendingAfterArchiveOutage"}
{"Time":"2026-10-01T17:36:04.673587+08:00","Action":"output","Package":"ops-platform/test/integration","Test":"TestRealAuditWorkerProjectedLoginResumesPendingAfterArchiveOutage","Output":"=== RUN   TestRealAuditWorkerProjectedLoginResumesPendingAfterArchiveOutage\n","OutputType":"frame"}
{"Time":"2026-10-01T17:36:04.718246+08:00","Action":"output","Package":"ops-platform/test/integration","Test":"TestRealAuditWorkerProjectedLoginResumesPendingAfterArchiveOutage","Output":"2026/10/01 17:36:04 OK   00001_roles_and_schemas.sql (7.32ms)\n"}
{"Time":"2026-10-01T17:36:04.731935+08:00","Action":"output","Package":"ops-platform/test/integration","Test":"TestRealAuditWorkerProjectedLoginResumesPendingAfterArchiveOutage","Output":"2026/10/01 17:36:04 OK   00002_platform_meta.sql (13.42ms)\n"}
{"Time":"2026-10-01T17:36:04.738313+08:00","Action":"output","Package":"ops-platform/test/integration","Test":"TestRealAuditWorkerProjectedLoginResumesPendingAfterArchiveOutage","Output":"2026/10/01 17:36:04 OK   00003_finding.sql (6.17ms)\n"}
{"Time":"2026-10-01T17:36:04.743155+08:00","Action":"output","Package":"ops-platform/test/integration","Test":"TestRealAuditWorkerProjectedLoginResumesPendingAfterArchiveOutage","Output":"2026/10/01 17:36:04 OK   00004_incident.sql (4.65ms)\n"}
{"Time":"2026-10-01T17:36:04.749055+08:00","Action":"output","Package":"ops-platform/test/integration","Test":"TestRealAuditWorkerProjectedLoginResumesPendingAfterArchiveOutage","Output":"2026/10/01 17:36:04 OK   00005_investigation.sql (5.71ms)\n"}
{"Time":"2026-10-01T17:36:04.754646+08:00","Action":"output","Package":"ops-platform/test/integration","Test":"TestRealAuditWorkerProjectedLoginResumesPendingAfterArchiveOutage","Output":"2026/10/01 17:36:04 OK   00006_action_command.sql (5.41ms)\n"}
{"Time":"2026-10-01T17:36:04.763003+08:00","Action":"output","Package":"ops-platform/test/integration","Test":"TestRealAuditWorkerProjectedLoginResumesPendingAfterArchiveOutage","Output":"2026/10/01 17:36:04 OK   00007_audit.sql (8.14ms)\n"}
{"Time":"2026-10-01T17:36:04.771602+08:00","Action":"output","Package":"ops-platform/test/integration","Test":"TestRealAuditWorkerProjectedLoginResumesPendingAfterArchiveOutage","Output":"2026/10/01 17:36:04 OK   00008_rls.sql (8.4ms)\n"}
{"Time":"2026-10-01T17:36:04.777461+08:00","Action":"output","Package":"ops-platform/test/integration","Test":"TestRealAuditWorkerProjectedLoginResumesPendingAfterArchiveOutage","Output":"2026/10/01 17:36:04 OK   00009_idempotency_ledger.sql (5.67ms)\n"}
{"Time":"2026-10-01T17:36:04.781495+08:00","Action":"output","Package":"ops-platform/test/integration","Test":"TestRealAuditWorkerProjectedLoginResumesPendingAfterArchiveOutage","Output":"2026/10/01 17:36:04 OK   00010_tenant_provisioning.sql (3.86ms)\n"}
{"Time":"2026-10-01T17:36:04.787171+08:00","Action":"output","Package":"ops-platform/test/integration","Test":"TestRealAuditWorkerProjectedLoginResumesPendingAfterArchiveOutage","Output":"2026/10/01 17:36:04 OK   00011_source_registration_history.sql (5.51ms)\n"}
{"Time":"2026-10-01T17:36:04.795224+08:00","Action":"output","Package":"ops-platform/test/integration","Test":"TestRealAuditWorkerProjectedLoginResumesPendingAfterArchiveOutage","Output":"2026/10/01 17:36:04 OK   00012_config_registry_lifecycle.sql (7.85ms)\n"}
{"Time":"2026-10-01T17:36:04.804388+08:00","Action":"output","Package":"ops-platform/test/integration","Test":"TestRealAuditWorkerProjectedLoginResumesPendingAfterArchiveOutage","Output":"2026/10/01 17:36:04 OK   00013_audit_signed_segments.sql (8.93ms)\n"}
{"Time":"2026-10-01T17:36:04.808985+08:00","Action":"output","Package":"ops-platform/test/integration","Test":"TestRealAuditWorkerProjectedLoginResumesPendingAfterArchiveOutage","Output":"2026/10/01 17:36:04 OK   00014_audit_segment_predecessors.sql (4.44ms)\n"}
{"Time":"2026-10-01T17:36:04.811543+08:00","Action":"output","Package":"ops-platform/test/integration","Test":"TestRealAuditWorkerProjectedLoginResumesPendingAfterArchiveOutage","Output":"2026/10/01 17:36:04 OK   00015_source_schema_scope.sql (2.44ms)\n"}
{"Time":"2026-10-01T17:36:04.814945+08:00","Action":"output","Package":"ops-platform/test/integration","Test":"TestRealAuditWorkerProjectedLoginResumesPendingAfterArchiveOutage","Output":"2026/10/01 17:36:04 OK   00016_cluster_registration_metadata.sql (3.32ms)\n"}
{"Time":"2026-10-01T17:36:04.81497+08:00","Action":"output","Package":"ops-platform/test/integration","Test":"TestRealAuditWorkerProjectedLoginResumesPendingAfterArchiveOutage","Output":"2026/10/01 17:36:04 goose: successfully migrated database to version: 16\n"}
{"Time":"2026-10-01T17:36:09.756044+08:00","Action":"output","Package":"ops-platform/test/integration","Test":"TestRealAuditWorkerProjectedLoginResumesPendingAfterArchiveOutage","Output":"    worker_runtime_test.go:62: owned TLS/IAM fixture image=docker.io/chrislusf/seaweedfs@sha256:d4cf67729aa8777e1a43a5b61d72e5b96179e4b7bac9a221cb14cbc2036cb32e id=489d42957a2c82f2c495a37e2a4ff8b49c3775f73494649ffce5a78dc9e8f64e bucket=sp03-worker-01991758 tenants=2\n"}
{"Time":"2026-10-01T17:36:15.305021+08:00","Action":"output","Package":"ops-platform/test/integration","Test":"TestRealAuditWorkerProjectedLoginResumesPendingAfterArchiveOutage","Output":"    worker_runtime_test.go:85: start worker with archive endpoint=http://127.0.0.1:1 bucket=sp03-worker-01991758\n"}
{"Time":"2026-10-01T17:36:16.325558+08:00","Action":"output","Package":"ops-platform/test/integration","Test":"TestRealAuditWorkerProjectedLoginResumesPendingAfterArchiveOutage","Output":"    worker_runtime_test.go:85: start worker with archive endpoint=https://localhost:32779 bucket=sp03-worker-01991758\n"}
{"Time":"2026-10-01T17:36:16.945632+08:00","Action":"output","Package":"ops-platform/test/integration","Test":"TestRealAuditWorkerProjectedLoginResumesPendingAfterArchiveOutage","Output":"    worker_runtime_test.go:168: actual cmd/platform-worker OS processes used projected-token login and worker-only DB login=sp03_worker_77d1d566efc94691abf3d56733432dd2; first_pid=19528 exit_signal=SIGKILL second_pid=19530 exit_code=0; restart resumed tenants=01a0f6d2-2ef4-7f1b-8822-7c58dd5c6f35,01a0f6d2-2ef4-7f1f-8234-6cbedce459b4 after S3 refusal; pending=0 max_proof_delay_seconds=371.880 bucket=sp03-worker-01991758\n"}
{"Time":"2026-10-01T17:36:17.27275+08:00","Action":"output","Package":"ops-platform/test/integration","Test":"TestRealAuditWorkerProjectedLoginResumesPendingAfterArchiveOutage","Output":"--- PASS: TestRealAuditWorkerProjectedLoginResumesPendingAfterArchiveOutage (12.60s)\n","OutputType":"frame"}
{"Time":"2026-10-01T17:36:17.272845+08:00","Action":"pass","Package":"ops-platform/test/integration","Test":"TestRealAuditWorkerProjectedLoginResumesPendingAfterArchiveOutage","Elapsed":12.6}
{"Time":"2026-10-01T17:36:17.272902+08:00","Action":"run","Package":"ops-platform/test/integration","Test":"TestRealOpenBaoWorkloadPKIIssuanceAndRevocation"}
{"Time":"2026-10-01T17:36:17.27292+08:00","Action":"output","Package":"ops-platform/test/integration","Test":"TestRealOpenBaoWorkloadPKIIssuanceAndRevocation","Output":"=== RUN   TestRealOpenBaoWorkloadPKIIssuanceAndRevocation\n","OutputType":"frame"}
{"Time":"2026-10-01T17:36:17.296139+08:00","Action":"output","Package":"ops-platform/test/integration","Test":"TestRealOpenBaoWorkloadPKIIssuanceAndRevocation","Output":"    workload_identity_test.go:86: isolated OpenBao workload role=platform-workload-ops-api certificate_serial=1cc315f41dbd1c8d5f830f857c17ef57242bf91a cert_ttl=1h0m30s revoked_crl_verified=true\n"}
{"Time":"2026-10-01T17:36:17.296254+08:00","Action":"output","Package":"ops-platform/test/integration","Test":"TestRealOpenBaoWorkloadPKIIssuanceAndRevocation","Output":"--- PASS: TestRealOpenBaoWorkloadPKIIssuanceAndRevocation (0.02s)\n","OutputType":"frame"}
{"Time":"2026-10-01T17:36:17.296275+08:00","Action":"pass","Package":"ops-platform/test/integration","Test":"TestRealOpenBaoWorkloadPKIIssuanceAndRevocation","Elapsed":0.02}
{"Time":"2026-10-01T17:36:17.296292+08:00","Action":"output","Package":"ops-platform/test/integration","Output":"PASS\n","OutputType":"frame"}
{"Time":"2026-10-01T17:36:17.303849+08:00","Action":"output","Package":"ops-platform/test/integration","Output":"ok  \tops-platform/test/integration\t31.737s\n"}
{"Time":"2026-10-01T17:36:17.303954+08:00","Action":"pass","Package":"ops-platform/test/integration","Elapsed":31.737}
Acceptance report: 26 tests passed; zero skips.
