{"Time":"2026-10-01T14:17:07.601114+08:00","Action":"start","Package":"ops-platform/test/integration"}
{"Time":"2026-10-01T14:17:08.121359+08:00","Action":"run","Package":"ops-platform/test/integration","Test":"TestRealOpenBaoTransitAndSeaweedS3AuditArchive"}
{"Time":"2026-10-01T14:17:08.121518+08:00","Action":"output","Package":"ops-platform/test/integration","Test":"TestRealOpenBaoTransitAndSeaweedS3AuditArchive","Output":"=== RUN   TestRealOpenBaoTransitAndSeaweedS3AuditArchive\n","OutputType":"frame"}
{"Time":"2026-10-01T14:17:08.512849+08:00","Action":"output","Package":"ops-platform/test/integration","Test":"TestRealOpenBaoTransitAndSeaweedS3AuditArchive","Output":"2026/10/01 14:17:08 OK   00001_roles_and_schemas.sql (15.86ms)\n"}
{"Time":"2026-10-01T14:17:08.513051+08:00","Action":"output","Package":"ops-platform/test/integration","Test":"TestRealOpenBaoTransitAndSeaweedS3AuditArchive","Output":"2026/10/01 14:17:08 goose: successfully migrated database to version: 1\n"}
{"Time":"2026-10-01T14:17:08.545402+08:00","Action":"output","Package":"ops-platform/test/integration","Test":"TestRealOpenBaoTransitAndSeaweedS3AuditArchive","Output":"2026/10/01 14:17:08 OK   00002_platform_meta.sql (19.02ms)\n"}
{"Time":"2026-10-01T14:17:08.553463+08:00","Action":"output","Package":"ops-platform/test/integration","Test":"TestRealOpenBaoTransitAndSeaweedS3AuditArchive","Output":"2026/10/01 14:17:08 OK   00003_finding.sql (7.77ms)\n"}
{"Time":"2026-10-01T14:17:08.558869+08:00","Action":"output","Package":"ops-platform/test/integration","Test":"TestRealOpenBaoTransitAndSeaweedS3AuditArchive","Output":"2026/10/01 14:17:08 OK   00004_incident.sql (5.09ms)\n"}
{"Time":"2026-10-01T14:17:08.566105+08:00","Action":"output","Package":"ops-platform/test/integration","Test":"TestRealOpenBaoTransitAndSeaweedS3AuditArchive","Output":"2026/10/01 14:17:08 OK   00005_investigation.sql (6.97ms)\n"}
{"Time":"2026-10-01T14:17:08.572624+08:00","Action":"output","Package":"ops-platform/test/integration","Test":"TestRealOpenBaoTransitAndSeaweedS3AuditArchive","Output":"2026/10/01 14:17:08 OK   00006_action_command.sql (6.18ms)\n"}
{"Time":"2026-10-01T14:17:08.581438+08:00","Action":"output","Package":"ops-platform/test/integration","Test":"TestRealOpenBaoTransitAndSeaweedS3AuditArchive","Output":"2026/10/01 14:17:08 OK   00007_audit.sql (8.43ms)\n"}
{"Time":"2026-10-01T14:17:08.58975+08:00","Action":"output","Package":"ops-platform/test/integration","Test":"TestRealOpenBaoTransitAndSeaweedS3AuditArchive","Output":"2026/10/01 14:17:08 OK   00008_rls.sql (8.03ms)\n"}
{"Time":"2026-10-01T14:17:08.597583+08:00","Action":"output","Package":"ops-platform/test/integration","Test":"TestRealOpenBaoTransitAndSeaweedS3AuditArchive","Output":"2026/10/01 14:17:08 OK   00009_idempotency_ledger.sql (7.51ms)\n"}
{"Time":"2026-10-01T14:17:08.60272+08:00","Action":"output","Package":"ops-platform/test/integration","Test":"TestRealOpenBaoTransitAndSeaweedS3AuditArchive","Output":"2026/10/01 14:17:08 OK   00010_tenant_provisioning.sql (4.91ms)\n"}
{"Time":"2026-10-01T14:17:08.609658+08:00","Action":"output","Package":"ops-platform/test/integration","Test":"TestRealOpenBaoTransitAndSeaweedS3AuditArchive","Output":"2026/10/01 14:17:08 OK   00011_source_registration_history.sql (6.57ms)\n"}
{"Time":"2026-10-01T14:17:08.618957+08:00","Action":"output","Package":"ops-platform/test/integration","Test":"TestRealOpenBaoTransitAndSeaweedS3AuditArchive","Output":"2026/10/01 14:17:08 OK   00012_config_registry_lifecycle.sql (8.89ms)\n"}
{"Time":"2026-10-01T14:17:08.629195+08:00","Action":"output","Package":"ops-platform/test/integration","Test":"TestRealOpenBaoTransitAndSeaweedS3AuditArchive","Output":"2026/10/01 14:17:08 OK   00013_audit_signed_segments.sql (9.62ms)\n"}
{"Time":"2026-10-01T14:17:08.634366+08:00","Action":"output","Package":"ops-platform/test/integration","Test":"TestRealOpenBaoTransitAndSeaweedS3AuditArchive","Output":"2026/10/01 14:17:08 OK   00014_audit_segment_predecessors.sql (4.94ms)\n"}
{"Time":"2026-10-01T14:17:08.637633+08:00","Action":"output","Package":"ops-platform/test/integration","Test":"TestRealOpenBaoTransitAndSeaweedS3AuditArchive","Output":"2026/10/01 14:17:08 OK   00015_source_schema_scope.sql (3.09ms)\n"}
{"Time":"2026-10-01T14:17:08.641185+08:00","Action":"output","Package":"ops-platform/test/integration","Test":"TestRealOpenBaoTransitAndSeaweedS3AuditArchive","Output":"2026/10/01 14:17:08 OK   00016_cluster_registration_metadata.sql (3.36ms)\n"}
{"Time":"2026-10-01T14:17:08.641241+08:00","Action":"output","Package":"ops-platform/test/integration","Test":"TestRealOpenBaoTransitAndSeaweedS3AuditArchive","Output":"2026/10/01 14:17:08 goose: successfully migrated database to version: 16\n"}
{"Time":"2026-10-01T14:17:08.684547+08:00","Action":"output","Package":"ops-platform/test/integration","Test":"TestRealOpenBaoTransitAndSeaweedS3AuditArchive","Output":"    archive_services_test.go:182: isolated S3 bucket=sp03-23f321c8 object=a8e6cc6c-a586-421f-8ae7-585092a6320f digest=sha256:29e16a3c7cd8a747ca75df38a1eeb48a2e1ac0ca49630508c723320b21457c70; audit tenant=3fd07a65-461e-404a-9c9a-afb1617f7df4 segment=01a0f61c-0d2c-753b-8284-3e1c69c5c5e3 seq=1 verified\n"}
{"Time":"2026-10-01T14:17:08.744416+08:00","Action":"output","Package":"ops-platform/test/integration","Test":"TestRealOpenBaoTransitAndSeaweedS3AuditArchive","Output":"--- PASS: TestRealOpenBaoTransitAndSeaweedS3AuditArchive (0.62s)\n","OutputType":"frame"}
{"Time":"2026-10-01T14:17:08.744582+08:00","Action":"pass","Package":"ops-platform/test/integration","Test":"TestRealOpenBaoTransitAndSeaweedS3AuditArchive","Elapsed":0.62}
{"Time":"2026-10-01T14:17:08.744677+08:00","Action":"run","Package":"ops-platform/test/integration","Test":"TestAuditSegmentsAppendConcurrentlyRecoverAndVerifyTenantScoped"}
{"Time":"2026-10-01T14:17:08.744694+08:00","Action":"output","Package":"ops-platform/test/integration","Test":"TestAuditSegmentsAppendConcurrentlyRecoverAndVerifyTenantScoped","Output":"=== RUN   TestAuditSegmentsAppendConcurrentlyRecoverAndVerifyTenantScoped\n","OutputType":"frame"}
{"Time":"2026-10-01T14:17:08.788213+08:00","Action":"output","Package":"ops-platform/test/integration","Test":"TestAuditSegmentsAppendConcurrentlyRecoverAndVerifyTenantScoped","Output":"2026/10/01 14:17:08 OK   00001_roles_and_schemas.sql (8.1ms)\n"}
{"Time":"2026-10-01T14:17:08.78828+08:00","Action":"output","Package":"ops-platform/test/integration","Test":"TestAuditSegmentsAppendConcurrentlyRecoverAndVerifyTenantScoped","Output":"2026/10/01 14:17:08 goose: successfully migrated database to version: 1\n"}
{"Time":"2026-10-01T14:17:08.813094+08:00","Action":"output","Package":"ops-platform/test/integration","Test":"TestAuditSegmentsAppendConcurrentlyRecoverAndVerifyTenantScoped","Output":"2026/10/01 14:17:08 OK   00002_platform_meta.sql (16.19ms)\n"}
{"Time":"2026-10-01T14:17:08.821302+08:00","Action":"output","Package":"ops-platform/test/integration","Test":"TestAuditSegmentsAppendConcurrentlyRecoverAndVerifyTenantScoped","Output":"2026/10/01 14:17:08 OK   00003_finding.sql (7.95ms)\n"}
{"Time":"2026-10-01T14:17:08.826748+08:00","Action":"output","Package":"ops-platform/test/integration","Test":"TestAuditSegmentsAppendConcurrentlyRecoverAndVerifyTenantScoped","Output":"2026/10/01 14:17:08 OK   00004_incident.sql (5.24ms)\n"}
{"Time":"2026-10-01T14:17:08.832938+08:00","Action":"output","Package":"ops-platform/test/integration","Test":"TestAuditSegmentsAppendConcurrentlyRecoverAndVerifyTenantScoped","Output":"2026/10/01 14:17:08 OK   00005_investigation.sql (5.93ms)\n"}
{"Time":"2026-10-01T14:17:08.838761+08:00","Action":"output","Package":"ops-platform/test/integration","Test":"TestAuditSegmentsAppendConcurrentlyRecoverAndVerifyTenantScoped","Output":"2026/10/01 14:17:08 OK   00006_action_command.sql (5.59ms)\n"}
{"Time":"2026-10-01T14:17:08.84978+08:00","Action":"output","Package":"ops-platform/test/integration","Test":"TestAuditSegmentsAppendConcurrentlyRecoverAndVerifyTenantScoped","Output":"2026/10/01 14:17:08 OK   00007_audit.sql (10.62ms)\n"}
{"Time":"2026-10-01T14:17:08.858173+08:00","Action":"output","Package":"ops-platform/test/integration","Test":"TestAuditSegmentsAppendConcurrentlyRecoverAndVerifyTenantScoped","Output":"2026/10/01 14:17:08 OK   00008_rls.sql (8.19ms)\n"}
{"Time":"2026-10-01T14:17:08.864351+08:00","Action":"output","Package":"ops-platform/test/integration","Test":"TestAuditSegmentsAppendConcurrentlyRecoverAndVerifyTenantScoped","Output":"2026/10/01 14:17:08 OK   00009_idempotency_ledger.sql (5.93ms)\n"}
{"Time":"2026-10-01T14:17:08.868196+08:00","Action":"output","Package":"ops-platform/test/integration","Test":"TestAuditSegmentsAppendConcurrentlyRecoverAndVerifyTenantScoped","Output":"2026/10/01 14:17:08 OK   00010_tenant_provisioning.sql (3.67ms)\n"}
{"Time":"2026-10-01T14:17:08.874093+08:00","Action":"output","Package":"ops-platform/test/integration","Test":"TestAuditSegmentsAppendConcurrentlyRecoverAndVerifyTenantScoped","Output":"2026/10/01 14:17:08 OK   00011_source_registration_history.sql (5.7ms)\n"}
{"Time":"2026-10-01T14:17:08.882022+08:00","Action":"output","Package":"ops-platform/test/integration","Test":"TestAuditSegmentsAppendConcurrentlyRecoverAndVerifyTenantScoped","Output":"2026/10/01 14:17:08 OK   00012_config_registry_lifecycle.sql (7.65ms)\n"}
{"Time":"2026-10-01T14:17:08.89165+08:00","Action":"output","Package":"ops-platform/test/integration","Test":"TestAuditSegmentsAppendConcurrentlyRecoverAndVerifyTenantScoped","Output":"2026/10/01 14:17:08 OK   00013_audit_signed_segments.sql (9.32ms)\n"}
{"Time":"2026-10-01T14:17:08.896894+08:00","Action":"output","Package":"ops-platform/test/integration","Test":"TestAuditSegmentsAppendConcurrentlyRecoverAndVerifyTenantScoped","Output":"2026/10/01 14:17:08 OK   00014_audit_segment_predecessors.sql (4.99ms)\n"}
{"Time":"2026-10-01T14:17:08.899936+08:00","Action":"output","Package":"ops-platform/test/integration","Test":"TestAuditSegmentsAppendConcurrentlyRecoverAndVerifyTenantScoped","Output":"2026/10/01 14:17:08 OK   00015_source_schema_scope.sql (2.9ms)\n"}
{"Time":"2026-10-01T14:17:08.903743+08:00","Action":"output","Package":"ops-platform/test/integration","Test":"TestAuditSegmentsAppendConcurrentlyRecoverAndVerifyTenantScoped","Output":"2026/10/01 14:17:08 OK   00016_cluster_registration_metadata.sql (3.66ms)\n"}
{"Time":"2026-10-01T14:17:08.903897+08:00","Action":"output","Package":"ops-platform/test/integration","Test":"TestAuditSegmentsAppendConcurrentlyRecoverAndVerifyTenantScoped","Output":"2026/10/01 14:17:08 goose: successfully migrated database to version: 16\n"}
{"Time":"2026-10-01T14:17:10.903843+08:00","Action":"output","Package":"ops-platform/test/integration","Test":"TestAuditSegmentsAppendConcurrentlyRecoverAndVerifyTenantScoped","Output":"--- PASS: TestAuditSegmentsAppendConcurrentlyRecoverAndVerifyTenantScoped (2.16s)\n","OutputType":"frame"}
{"Time":"2026-10-01T14:17:10.903948+08:00","Action":"pass","Package":"ops-platform/test/integration","Test":"TestAuditSegmentsAppendConcurrentlyRecoverAndVerifyTenantScoped","Elapsed":2.16}
{"Time":"2026-10-01T14:17:10.904006+08:00","Action":"run","Package":"ops-platform/test/integration","Test":"TestRoleBindingsAndStepUpSessions"}
{"Time":"2026-10-01T14:17:10.904026+08:00","Action":"output","Package":"ops-platform/test/integration","Test":"TestRoleBindingsAndStepUpSessions","Output":"=== RUN   TestRoleBindingsAndStepUpSessions\n","OutputType":"frame"}
{"Time":"2026-10-01T14:17:10.97897+08:00","Action":"output","Package":"ops-platform/test/integration","Test":"TestRoleBindingsAndStepUpSessions","Output":"2026/10/01 14:17:10 OK   00001_roles_and_schemas.sql (11.32ms)\n"}
{"Time":"2026-10-01T14:17:10.979019+08:00","Action":"output","Package":"ops-platform/test/integration","Test":"TestRoleBindingsAndStepUpSessions","Output":"2026/10/01 14:17:10 goose: successfully migrated database to version: 1\n"}
{"Time":"2026-10-01T14:17:11.011575+08:00","Action":"output","Package":"ops-platform/test/integration","Test":"TestRoleBindingsAndStepUpSessions","Output":"2026/10/01 14:17:11 OK   00002_platform_meta.sql (20.65ms)\n"}
{"Time":"2026-10-01T14:17:11.019522+08:00","Action":"output","Package":"ops-platform/test/integration","Test":"TestRoleBindingsAndStepUpSessions","Output":"2026/10/01 14:17:11 OK   00003_finding.sql (7.79ms)\n"}
{"Time":"2026-10-01T14:17:11.026763+08:00","Action":"output","Package":"ops-platform/test/integration","Test":"TestRoleBindingsAndStepUpSessions","Output":"2026/10/01 14:17:11 OK   00004_incident.sql (7.07ms)\n"}
{"Time":"2026-10-01T14:17:11.032705+08:00","Action":"output","Package":"ops-platform/test/integration","Test":"TestRoleBindingsAndStepUpSessions","Output":"2026/10/01 14:17:11 OK   00005_investigation.sql (5.79ms)\n"}
{"Time":"2026-10-01T14:17:11.038299+08:00","Action":"output","Package":"ops-platform/test/integration","Test":"TestRoleBindingsAndStepUpSessions","Output":"2026/10/01 14:17:11 OK   00006_action_command.sql (5.43ms)\n"}
{"Time":"2026-10-01T14:17:11.046507+08:00","Action":"output","Package":"ops-platform/test/integration","Test":"TestRoleBindingsAndStepUpSessions","Output":"2026/10/01 14:17:11 OK   00007_audit.sql (8.06ms)\n"}
{"Time":"2026-10-01T14:17:11.054334+08:00","Action":"output","Package":"ops-platform/test/integration","Test":"TestRoleBindingsAndStepUpSessions","Output":"2026/10/01 14:17:11 OK   00008_rls.sql (7.68ms)\n"}
{"Time":"2026-10-01T14:17:11.060687+08:00","Action":"output","Package":"ops-platform/test/integration","Test":"TestRoleBindingsAndStepUpSessions","Output":"2026/10/01 14:17:11 OK   00009_idempotency_ledger.sql (6.22ms)\n"}
{"Time":"2026-10-01T14:17:11.064902+08:00","Action":"output","Package":"ops-platform/test/integration","Test":"TestRoleBindingsAndStepUpSessions","Output":"2026/10/01 14:17:11 OK   00010_tenant_provisioning.sql (4.12ms)\n"}
{"Time":"2026-10-01T14:17:11.070441+08:00","Action":"output","Package":"ops-platform/test/integration","Test":"TestRoleBindingsAndStepUpSessions","Output":"2026/10/01 14:17:11 OK   00011_source_registration_history.sql (5.44ms)\n"}
{"Time":"2026-10-01T14:17:11.079475+08:00","Action":"output","Package":"ops-platform/test/integration","Test":"TestRoleBindingsAndStepUpSessions","Output":"2026/10/01 14:17:11 OK   00012_config_registry_lifecycle.sql (8.78ms)\n"}
{"Time":"2026-10-01T14:17:11.089712+08:00","Action":"output","Package":"ops-platform/test/integration","Test":"TestRoleBindingsAndStepUpSessions","Output":"2026/10/01 14:17:11 OK   00013_audit_signed_segments.sql (10.07ms)\n"}
{"Time":"2026-10-01T14:17:11.095159+08:00","Action":"output","Package":"ops-platform/test/integration","Test":"TestRoleBindingsAndStepUpSessions","Output":"2026/10/01 14:17:11 OK   00014_audit_segment_predecessors.sql (5.34ms)\n"}
{"Time":"2026-10-01T14:17:11.099455+08:00","Action":"output","Package":"ops-platform/test/integration","Test":"TestRoleBindingsAndStepUpSessions","Output":"2026/10/01 14:17:11 OK   00015_source_schema_scope.sql (4.25ms)\n"}
{"Time":"2026-10-01T14:17:11.10371+08:00","Action":"output","Package":"ops-platform/test/integration","Test":"TestRoleBindingsAndStepUpSessions","Output":"2026/10/01 14:17:11 OK   00016_cluster_registration_metadata.sql (4.2ms)\n"}
{"Time":"2026-10-01T14:17:11.103728+08:00","Action":"output","Package":"ops-platform/test/integration","Test":"TestRoleBindingsAndStepUpSessions","Output":"2026/10/01 14:17:11 goose: successfully migrated database to version: 16\n"}
{"Time":"2026-10-01T14:17:11.1849+08:00","Action":"output","Package":"ops-platform/test/integration","Test":"TestRoleBindingsAndStepUpSessions","Output":"--- PASS: TestRoleBindingsAndStepUpSessions (0.28s)\n","OutputType":"frame"}
{"Time":"2026-10-01T14:17:11.185008+08:00","Action":"pass","Package":"ops-platform/test/integration","Test":"TestRoleBindingsAndStepUpSessions","Elapsed":0.28}
{"Time":"2026-10-01T14:17:11.185061+08:00","Action":"run","Package":"ops-platform/test/integration","Test":"TestConfigRegistryPublishesActivatesRollsBackAndPreservesHistory"}
{"Time":"2026-10-01T14:17:11.185071+08:00","Action":"output","Package":"ops-platform/test/integration","Test":"TestConfigRegistryPublishesActivatesRollsBackAndPreservesHistory","Output":"=== RUN   TestConfigRegistryPublishesActivatesRollsBackAndPreservesHistory\n","OutputType":"frame"}
{"Time":"2026-10-01T14:17:11.21963+08:00","Action":"output","Package":"ops-platform/test/integration","Test":"TestConfigRegistryPublishesActivatesRollsBackAndPreservesHistory","Output":"2026/10/01 14:17:11 OK   00001_roles_and_schemas.sql (6.94ms)\n"}
{"Time":"2026-10-01T14:17:11.219742+08:00","Action":"output","Package":"ops-platform/test/integration","Test":"TestConfigRegistryPublishesActivatesRollsBackAndPreservesHistory","Output":"2026/10/01 14:17:11 goose: successfully migrated database to version: 1\n"}
{"Time":"2026-10-01T14:17:11.238755+08:00","Action":"output","Package":"ops-platform/test/integration","Test":"TestConfigRegistryPublishesActivatesRollsBackAndPreservesHistory","Output":"2026/10/01 14:17:11 OK   00002_platform_meta.sql (12.44ms)\n"}
{"Time":"2026-10-01T14:17:11.244559+08:00","Action":"output","Package":"ops-platform/test/integration","Test":"TestConfigRegistryPublishesActivatesRollsBackAndPreservesHistory","Output":"2026/10/01 14:17:11 OK   00003_finding.sql (5.62ms)\n"}
{"Time":"2026-10-01T14:17:11.248832+08:00","Action":"output","Package":"ops-platform/test/integration","Test":"TestConfigRegistryPublishesActivatesRollsBackAndPreservesHistory","Output":"2026/10/01 14:17:11 OK   00004_incident.sql (4.06ms)\n"}
{"Time":"2026-10-01T14:17:11.253404+08:00","Action":"output","Package":"ops-platform/test/integration","Test":"TestConfigRegistryPublishesActivatesRollsBackAndPreservesHistory","Output":"2026/10/01 14:17:11 OK   00005_investigation.sql (4.37ms)\n"}
{"Time":"2026-10-01T14:17:11.257999+08:00","Action":"output","Package":"ops-platform/test/integration","Test":"TestConfigRegistryPublishesActivatesRollsBackAndPreservesHistory","Output":"2026/10/01 14:17:11 OK   00006_action_command.sql (4.35ms)\n"}
{"Time":"2026-10-01T14:17:11.26461+08:00","Action":"output","Package":"ops-platform/test/integration","Test":"TestConfigRegistryPublishesActivatesRollsBackAndPreservesHistory","Output":"2026/10/01 14:17:11 OK   00007_audit.sql (6.46ms)\n"}
{"Time":"2026-10-01T14:17:11.270952+08:00","Action":"output","Package":"ops-platform/test/integration","Test":"TestConfigRegistryPublishesActivatesRollsBackAndPreservesHistory","Output":"2026/10/01 14:17:11 OK   00008_rls.sql (6.18ms)\n"}
{"Time":"2026-10-01T14:17:11.276059+08:00","Action":"output","Package":"ops-platform/test/integration","Test":"TestConfigRegistryPublishesActivatesRollsBackAndPreservesHistory","Output":"2026/10/01 14:17:11 OK   00009_idempotency_ledger.sql (4.87ms)\n"}
{"Time":"2026-10-01T14:17:11.279655+08:00","Action":"output","Package":"ops-platform/test/integration","Test":"TestConfigRegistryPublishesActivatesRollsBackAndPreservesHistory","Output":"2026/10/01 14:17:11 OK   00010_tenant_provisioning.sql (3.41ms)\n"}
{"Time":"2026-10-01T14:17:11.28443+08:00","Action":"output","Package":"ops-platform/test/integration","Test":"TestConfigRegistryPublishesActivatesRollsBackAndPreservesHistory","Output":"2026/10/01 14:17:11 OK   00011_source_registration_history.sql (4.58ms)\n"}
{"Time":"2026-10-01T14:17:11.291185+08:00","Action":"output","Package":"ops-platform/test/integration","Test":"TestConfigRegistryPublishesActivatesRollsBackAndPreservesHistory","Output":"2026/10/01 14:17:11 OK   00012_config_registry_lifecycle.sql (6.54ms)\n"}
{"Time":"2026-10-01T14:17:11.299308+08:00","Action":"output","Package":"ops-platform/test/integration","Test":"TestConfigRegistryPublishesActivatesRollsBackAndPreservesHistory","Output":"2026/10/01 14:17:11 OK   00013_audit_signed_segments.sql (7.9ms)\n"}
{"Time":"2026-10-01T14:17:11.304476+08:00","Action":"output","Package":"ops-platform/test/integration","Test":"TestConfigRegistryPublishesActivatesRollsBackAndPreservesHistory","Output":"2026/10/01 14:17:11 OK   00014_audit_segment_predecessors.sql (5ms)\n"}
{"Time":"2026-10-01T14:17:11.307695+08:00","Action":"output","Package":"ops-platform/test/integration","Test":"TestConfigRegistryPublishesActivatesRollsBackAndPreservesHistory","Output":"2026/10/01 14:17:11 OK   00015_source_schema_scope.sql (3.01ms)\n"}
{"Time":"2026-10-01T14:17:11.311262+08:00","Action":"output","Package":"ops-platform/test/integration","Test":"TestConfigRegistryPublishesActivatesRollsBackAndPreservesHistory","Output":"2026/10/01 14:17:11 OK   00016_cluster_registration_metadata.sql (3.45ms)\n"}
{"Time":"2026-10-01T14:17:11.311405+08:00","Action":"output","Package":"ops-platform/test/integration","Test":"TestConfigRegistryPublishesActivatesRollsBackAndPreservesHistory","Output":"2026/10/01 14:17:11 goose: successfully migrated database to version: 16\n"}
{"Time":"2026-10-01T14:17:11.508588+08:00","Action":"output","Package":"ops-platform/test/integration","Test":"TestConfigRegistryPublishesActivatesRollsBackAndPreservesHistory","Output":"--- PASS: TestConfigRegistryPublishesActivatesRollsBackAndPreservesHistory (0.32s)\n","OutputType":"frame"}
{"Time":"2026-10-01T14:17:11.508651+08:00","Action":"pass","Package":"ops-platform/test/integration","Test":"TestConfigRegistryPublishesActivatesRollsBackAndPreservesHistory","Elapsed":0.32}
{"Time":"2026-10-01T14:17:11.508678+08:00","Action":"run","Package":"ops-platform/test/integration","Test":"TestIdempotencyLedgerSchema"}
{"Time":"2026-10-01T14:17:11.508691+08:00","Action":"output","Package":"ops-platform/test/integration","Test":"TestIdempotencyLedgerSchema","Output":"=== RUN   TestIdempotencyLedgerSchema\n","OutputType":"frame"}
{"Time":"2026-10-01T14:17:11.548085+08:00","Action":"output","Package":"ops-platform/test/integration","Test":"TestIdempotencyLedgerSchema","Output":"2026/10/01 14:17:11 OK   00001_roles_and_schemas.sql (7.62ms)\n"}
{"Time":"2026-10-01T14:17:11.548121+08:00","Action":"output","Package":"ops-platform/test/integration","Test":"TestIdempotencyLedgerSchema","Output":"2026/10/01 14:17:11 goose: successfully migrated database to version: 1\n"}
{"Time":"2026-10-01T14:17:11.56762+08:00","Action":"output","Package":"ops-platform/test/integration","Test":"TestIdempotencyLedgerSchema","Output":"2026/10/01 14:17:11 OK   00002_platform_meta.sql (12.85ms)\n"}
{"Time":"2026-10-01T14:17:11.575298+08:00","Action":"output","Package":"ops-platform/test/integration","Test":"TestIdempotencyLedgerSchema","Output":"2026/10/01 14:17:11 OK   00003_finding.sql (7.57ms)\n"}
{"Time":"2026-10-01T14:17:11.580054+08:00","Action":"output","Package":"ops-platform/test/integration","Test":"TestIdempotencyLedgerSchema","Output":"2026/10/01 14:17:11 OK   00004_incident.sql (4.56ms)\n"}
{"Time":"2026-10-01T14:17:11.585486+08:00","Action":"output","Package":"ops-platform/test/integration","Test":"TestIdempotencyLedgerSchema","Output":"2026/10/01 14:17:11 OK   00005_investigation.sql (5.29ms)\n"}
{"Time":"2026-10-01T14:17:11.590899+08:00","Action":"output","Package":"ops-platform/test/integration","Test":"TestIdempotencyLedgerSchema","Output":"2026/10/01 14:17:11 OK   00006_action_command.sql (5.25ms)\n"}
{"Time":"2026-10-01T14:17:11.598947+08:00","Action":"output","Package":"ops-platform/test/integration","Test":"TestIdempotencyLedgerSchema","Output":"2026/10/01 14:17:11 OK   00007_audit.sql (7.88ms)\n"}
{"Time":"2026-10-01T14:17:11.607424+08:00","Action":"output","Package":"ops-platform/test/integration","Test":"TestIdempotencyLedgerSchema","Output":"2026/10/01 14:17:11 OK   00008_rls.sql (8.33ms)\n"}
{"Time":"2026-10-01T14:17:11.613945+08:00","Action":"output","Package":"ops-platform/test/integration","Test":"TestIdempotencyLedgerSchema","Output":"2026/10/01 14:17:11 OK   00009_idempotency_ledger.sql (6.33ms)\n"}
{"Time":"2026-10-01T14:17:11.618965+08:00","Action":"output","Package":"ops-platform/test/integration","Test":"TestIdempotencyLedgerSchema","Output":"2026/10/01 14:17:11 OK   00010_tenant_provisioning.sql (4.82ms)\n"}
{"Time":"2026-10-01T14:17:11.625692+08:00","Action":"output","Package":"ops-platform/test/integration","Test":"TestIdempotencyLedgerSchema","Output":"2026/10/01 14:17:11 OK   00011_source_registration_history.sql (6.54ms)\n"}
{"Time":"2026-10-01T14:17:11.633276+08:00","Action":"output","Package":"ops-platform/test/integration","Test":"TestIdempotencyLedgerSchema","Output":"2026/10/01 14:17:11 OK   00012_config_registry_lifecycle.sql (7.36ms)\n"}
{"Time":"2026-10-01T14:17:11.64381+08:00","Action":"output","Package":"ops-platform/test/integration","Test":"TestIdempotencyLedgerSchema","Output":"2026/10/01 14:17:11 OK   00013_audit_signed_segments.sql (10.34ms)\n"}
{"Time":"2026-10-01T14:17:11.649669+08:00","Action":"output","Package":"ops-platform/test/integration","Test":"TestIdempotencyLedgerSchema","Output":"2026/10/01 14:17:11 OK   00014_audit_segment_predecessors.sql (5.67ms)\n"}
{"Time":"2026-10-01T14:17:11.653064+08:00","Action":"output","Package":"ops-platform/test/integration","Test":"TestIdempotencyLedgerSchema","Output":"2026/10/01 14:17:11 OK   00015_source_schema_scope.sql (3.13ms)\n"}
{"Time":"2026-10-01T14:17:11.657235+08:00","Action":"output","Package":"ops-platform/test/integration","Test":"TestIdempotencyLedgerSchema","Output":"2026/10/01 14:17:11 OK   00016_cluster_registration_metadata.sql (4ms)\n"}
{"Time":"2026-10-01T14:17:11.657289+08:00","Action":"output","Package":"ops-platform/test/integration","Test":"TestIdempotencyLedgerSchema","Output":"2026/10/01 14:17:11 goose: successfully migrated database to version: 16\n"}
{"Time":"2026-10-01T14:17:11.708235+08:00","Action":"output","Package":"ops-platform/test/integration","Test":"TestIdempotencyLedgerSchema","Output":"--- PASS: TestIdempotencyLedgerSchema (0.20s)\n","OutputType":"frame"}
{"Time":"2026-10-01T14:17:11.708299+08:00","Action":"pass","Package":"ops-platform/test/integration","Test":"TestIdempotencyLedgerSchema","Elapsed":0.2}
{"Time":"2026-10-01T14:17:11.708334+08:00","Action":"run","Package":"ops-platform/test/integration","Test":"TestIdempotencyLedger"}
{"Time":"2026-10-01T14:17:11.708348+08:00","Action":"output","Package":"ops-platform/test/integration","Test":"TestIdempotencyLedger","Output":"=== RUN   TestIdempotencyLedger\n","OutputType":"frame"}
{"Time":"2026-10-01T14:17:11.752063+08:00","Action":"output","Package":"ops-platform/test/integration","Test":"TestIdempotencyLedger","Output":"2026/10/01 14:17:11 OK   00001_roles_and_schemas.sql (7.35ms)\n"}
{"Time":"2026-10-01T14:17:11.752119+08:00","Action":"output","Package":"ops-platform/test/integration","Test":"TestIdempotencyLedger","Output":"2026/10/01 14:17:11 goose: successfully migrated database to version: 1\n"}
{"Time":"2026-10-01T14:17:11.773049+08:00","Action":"output","Package":"ops-platform/test/integration","Test":"TestIdempotencyLedger","Output":"2026/10/01 14:17:11 OK   00002_platform_meta.sql (14.11ms)\n"}
{"Time":"2026-10-01T14:17:11.77921+08:00","Action":"output","Package":"ops-platform/test/integration","Test":"TestIdempotencyLedger","Output":"2026/10/01 14:17:11 OK   00003_finding.sql (5.95ms)\n"}
{"Time":"2026-10-01T14:17:11.783972+08:00","Action":"output","Package":"ops-platform/test/integration","Test":"TestIdempotencyLedger","Output":"2026/10/01 14:17:11 OK   00004_incident.sql (4.58ms)\n"}
{"Time":"2026-10-01T14:17:11.788953+08:00","Action":"output","Package":"ops-platform/test/integration","Test":"TestIdempotencyLedger","Output":"2026/10/01 14:17:11 OK   00005_investigation.sql (4.79ms)\n"}
{"Time":"2026-10-01T14:17:11.793584+08:00","Action":"output","Package":"ops-platform/test/integration","Test":"TestIdempotencyLedger","Output":"2026/10/01 14:17:11 OK   00006_action_command.sql (4.46ms)\n"}
{"Time":"2026-10-01T14:17:11.802653+08:00","Action":"output","Package":"ops-platform/test/integration","Test":"TestIdempotencyLedger","Output":"2026/10/01 14:17:11 OK   00007_audit.sql (8.79ms)\n"}
{"Time":"2026-10-01T14:17:11.811682+08:00","Action":"output","Package":"ops-platform/test/integration","Test":"TestIdempotencyLedger","Output":"2026/10/01 14:17:11 OK   00008_rls.sql (8.67ms)\n"}
{"Time":"2026-10-01T14:17:11.818988+08:00","Action":"output","Package":"ops-platform/test/integration","Test":"TestIdempotencyLedger","Output":"2026/10/01 14:17:11 OK   00009_idempotency_ledger.sql (7.03ms)\n"}
{"Time":"2026-10-01T14:17:11.823326+08:00","Action":"output","Package":"ops-platform/test/integration","Test":"TestIdempotencyLedger","Output":"2026/10/01 14:17:11 OK   00010_tenant_provisioning.sql (4.04ms)\n"}
{"Time":"2026-10-01T14:17:11.829237+08:00","Action":"output","Package":"ops-platform/test/integration","Test":"TestIdempotencyLedger","Output":"2026/10/01 14:17:11 OK   00011_source_registration_history.sql (5.7ms)\n"}
{"Time":"2026-10-01T14:17:11.83734+08:00","Action":"output","Package":"ops-platform/test/integration","Test":"TestIdempotencyLedger","Output":"2026/10/01 14:17:11 OK   00012_config_registry_lifecycle.sql (7.94ms)\n"}
{"Time":"2026-10-01T14:17:11.847688+08:00","Action":"output","Package":"ops-platform/test/integration","Test":"TestIdempotencyLedger","Output":"2026/10/01 14:17:11 OK   00013_audit_signed_segments.sql (10.07ms)\n"}
{"Time":"2026-10-01T14:17:11.853483+08:00","Action":"output","Package":"ops-platform/test/integration","Test":"TestIdempotencyLedger","Output":"2026/10/01 14:17:11 OK   00014_audit_segment_predecessors.sql (5.55ms)\n"}
{"Time":"2026-10-01T14:17:11.857175+08:00","Action":"output","Package":"ops-platform/test/integration","Test":"TestIdempotencyLedger","Output":"2026/10/01 14:17:11 OK   00015_source_schema_scope.sql (3.55ms)\n"}
{"Time":"2026-10-01T14:17:11.861645+08:00","Action":"output","Package":"ops-platform/test/integration","Test":"TestIdempotencyLedger","Output":"2026/10/01 14:17:11 OK   00016_cluster_registration_metadata.sql (4.34ms)\n"}
{"Time":"2026-10-01T14:17:11.861678+08:00","Action":"output","Package":"ops-platform/test/integration","Test":"TestIdempotencyLedger","Output":"2026/10/01 14:17:11 goose: successfully migrated database to version: 16\n"}
{"Time":"2026-10-01T14:17:12.058099+08:00","Action":"output","Package":"ops-platform/test/integration","Test":"TestIdempotencyLedger","Output":"--- PASS: TestIdempotencyLedger (0.35s)\n","OutputType":"frame"}
{"Time":"2026-10-01T14:17:12.058167+08:00","Action":"pass","Package":"ops-platform/test/integration","Test":"TestIdempotencyLedger","Elapsed":0.35}
{"Time":"2026-10-01T14:17:12.058223+08:00","Action":"run","Package":"ops-platform/test/integration","Test":"TestIdempotencyHTTPMiddleware"}
{"Time":"2026-10-01T14:17:12.05824+08:00","Action":"output","Package":"ops-platform/test/integration","Test":"TestIdempotencyHTTPMiddleware","Output":"=== RUN   TestIdempotencyHTTPMiddleware\n","OutputType":"frame"}
{"Time":"2026-10-01T14:17:12.108031+08:00","Action":"output","Package":"ops-platform/test/integration","Test":"TestIdempotencyHTTPMiddleware","Output":"2026/10/01 14:17:12 OK   00001_roles_and_schemas.sql (10.16ms)\n"}
{"Time":"2026-10-01T14:17:12.108078+08:00","Action":"output","Package":"ops-platform/test/integration","Test":"TestIdempotencyHTTPMiddleware","Output":"2026/10/01 14:17:12 goose: successfully migrated database to version: 1\n"}
{"Time":"2026-10-01T14:17:12.133851+08:00","Action":"output","Package":"ops-platform/test/integration","Test":"TestIdempotencyHTTPMiddleware","Output":"2026/10/01 14:17:12 OK   00002_platform_meta.sql (17.53ms)\n"}
{"Time":"2026-10-01T14:17:12.142205+08:00","Action":"output","Package":"ops-platform/test/integration","Test":"TestIdempotencyHTTPMiddleware","Output":"2026/10/01 14:17:12 OK   00003_finding.sql (7.98ms)\n"}
{"Time":"2026-10-01T14:17:12.148416+08:00","Action":"output","Package":"ops-platform/test/integration","Test":"TestIdempotencyHTTPMiddleware","Output":"2026/10/01 14:17:12 OK   00004_incident.sql (5.97ms)\n"}
{"Time":"2026-10-01T14:17:12.154771+08:00","Action":"output","Package":"ops-platform/test/integration","Test":"TestIdempotencyHTTPMiddleware","Output":"2026/10/01 14:17:12 OK   00005_investigation.sql (6.1ms)\n"}
{"Time":"2026-10-01T14:17:12.161652+08:00","Action":"output","Package":"ops-platform/test/integration","Test":"TestIdempotencyHTTPMiddleware","Output":"2026/10/01 14:17:12 OK   00006_action_command.sql (5.72ms)\n"}
{"Time":"2026-10-01T14:17:12.170162+08:00","Action":"output","Package":"ops-platform/test/integration","Test":"TestIdempotencyHTTPMiddleware","Output":"2026/10/01 14:17:12 OK   00007_audit.sql (8.24ms)\n"}
{"Time":"2026-10-01T14:17:12.177285+08:00","Action":"output","Package":"ops-platform/test/integration","Test":"TestIdempotencyHTTPMiddleware","Output":"2026/10/01 14:17:12 OK   00008_rls.sql (6.9ms)\n"}
{"Time":"2026-10-01T14:17:12.18334+08:00","Action":"output","Package":"ops-platform/test/integration","Test":"TestIdempotencyHTTPMiddleware","Output":"2026/10/01 14:17:12 OK   00009_idempotency_ledger.sql (5.77ms)\n"}
{"Time":"2026-10-01T14:17:12.187631+08:00","Action":"output","Package":"ops-platform/test/integration","Test":"TestIdempotencyHTTPMiddleware","Output":"2026/10/01 14:17:12 OK   00010_tenant_provisioning.sql (4.09ms)\n"}
{"Time":"2026-10-01T14:17:12.193297+08:00","Action":"output","Package":"ops-platform/test/integration","Test":"TestIdempotencyHTTPMiddleware","Output":"2026/10/01 14:17:12 OK   00011_source_registration_history.sql (5.49ms)\n"}
{"Time":"2026-10-01T14:17:12.200754+08:00","Action":"output","Package":"ops-platform/test/integration","Test":"TestIdempotencyHTTPMiddleware","Output":"2026/10/01 14:17:12 OK   00012_config_registry_lifecycle.sql (7.28ms)\n"}
{"Time":"2026-10-01T14:17:12.210552+08:00","Action":"output","Package":"ops-platform/test/integration","Test":"TestIdempotencyHTTPMiddleware","Output":"2026/10/01 14:17:12 OK   00013_audit_signed_segments.sql (9.6ms)\n"}
{"Time":"2026-10-01T14:17:12.215957+08:00","Action":"output","Package":"ops-platform/test/integration","Test":"TestIdempotencyHTTPMiddleware","Output":"2026/10/01 14:17:12 OK   00014_audit_segment_predecessors.sql (5.21ms)\n"}
{"Time":"2026-10-01T14:17:12.219283+08:00","Action":"output","Package":"ops-platform/test/integration","Test":"TestIdempotencyHTTPMiddleware","Output":"2026/10/01 14:17:12 OK   00015_source_schema_scope.sql (3.18ms)\n"}
{"Time":"2026-10-01T14:17:12.222818+08:00","Action":"output","Package":"ops-platform/test/integration","Test":"TestIdempotencyHTTPMiddleware","Output":"2026/10/01 14:17:12 OK   00016_cluster_registration_metadata.sql (3.37ms)\n"}
{"Time":"2026-10-01T14:17:12.222893+08:00","Action":"output","Package":"ops-platform/test/integration","Test":"TestIdempotencyHTTPMiddleware","Output":"2026/10/01 14:17:12 goose: successfully migrated database to version: 16\n"}
{"Time":"2026-10-01T14:17:12.314447+08:00","Action":"output","Package":"ops-platform/test/integration","Test":"TestIdempotencyHTTPMiddleware","Output":"--- PASS: TestIdempotencyHTTPMiddleware (0.26s)\n","OutputType":"frame"}
{"Time":"2026-10-01T14:17:12.314506+08:00","Action":"pass","Package":"ops-platform/test/integration","Test":"TestIdempotencyHTTPMiddleware","Elapsed":0.26}
{"Time":"2026-10-01T14:17:12.314525+08:00","Action":"run","Package":"ops-platform/test/integration","Test":"TestKeycloakAuthorizationCodePKCEAndStepUp"}
{"Time":"2026-10-01T14:17:12.314533+08:00","Action":"output","Package":"ops-platform/test/integration","Test":"TestKeycloakAuthorizationCodePKCEAndStepUp","Output":"=== RUN   TestKeycloakAuthorizationCodePKCEAndStepUp\n","OutputType":"frame"}
{"Time":"2026-10-01T14:17:30.344114+08:00","Action":"output","Package":"ops-platform/test/integration","Test":"TestKeycloakAuthorizationCodePKCEAndStepUp","Output":"2026/10/01 14:17:30 OK   00001_roles_and_schemas.sql (8.12ms)\n"}
{"Time":"2026-10-01T14:17:30.344554+08:00","Action":"output","Package":"ops-platform/test/integration","Test":"TestKeycloakAuthorizationCodePKCEAndStepUp","Output":"2026/10/01 14:17:30 goose: successfully migrated database to version: 1\n"}
{"Time":"2026-10-01T14:17:30.367586+08:00","Action":"output","Package":"ops-platform/test/integration","Test":"TestKeycloakAuthorizationCodePKCEAndStepUp","Output":"2026/10/01 14:17:30 OK   00002_platform_meta.sql (14.87ms)\n"}
{"Time":"2026-10-01T14:17:30.375411+08:00","Action":"output","Package":"ops-platform/test/integration","Test":"TestKeycloakAuthorizationCodePKCEAndStepUp","Output":"2026/10/01 14:17:30 OK   00003_finding.sql (7.6ms)\n"}
{"Time":"2026-10-01T14:17:30.381048+08:00","Action":"output","Package":"ops-platform/test/integration","Test":"TestKeycloakAuthorizationCodePKCEAndStepUp","Output":"2026/10/01 14:17:30 OK   00004_incident.sql (5.45ms)\n"}
{"Time":"2026-10-01T14:17:30.388307+08:00","Action":"output","Package":"ops-platform/test/integration","Test":"TestKeycloakAuthorizationCodePKCEAndStepUp","Output":"2026/10/01 14:17:30 OK   00005_investigation.sql (7.04ms)\n"}
{"Time":"2026-10-01T14:17:30.393926+08:00","Action":"output","Package":"ops-platform/test/integration","Test":"TestKeycloakAuthorizationCodePKCEAndStepUp","Output":"2026/10/01 14:17:30 OK   00006_action_command.sql (5.38ms)\n"}
{"Time":"2026-10-01T14:17:30.401969+08:00","Action":"output","Package":"ops-platform/test/integration","Test":"TestKeycloakAuthorizationCodePKCEAndStepUp","Output":"2026/10/01 14:17:30 OK   00007_audit.sql (7.63ms)\n"}
{"Time":"2026-10-01T14:17:30.410621+08:00","Action":"output","Package":"ops-platform/test/integration","Test":"TestKeycloakAuthorizationCodePKCEAndStepUp","Output":"2026/10/01 14:17:30 OK   00008_rls.sql (8.35ms)\n"}
{"Time":"2026-10-01T14:17:30.41738+08:00","Action":"output","Package":"ops-platform/test/integration","Test":"TestKeycloakAuthorizationCodePKCEAndStepUp","Output":"2026/10/01 14:17:30 OK   00009_idempotency_ledger.sql (6.52ms)\n"}
{"Time":"2026-10-01T14:17:30.421397+08:00","Action":"output","Package":"ops-platform/test/integration","Test":"TestKeycloakAuthorizationCodePKCEAndStepUp","Output":"2026/10/01 14:17:30 OK   00010_tenant_provisioning.sql (3.82ms)\n"}
{"Time":"2026-10-01T14:17:30.427096+08:00","Action":"output","Package":"ops-platform/test/integration","Test":"TestKeycloakAuthorizationCodePKCEAndStepUp","Output":"2026/10/01 14:17:30 OK   00011_source_registration_history.sql (5.42ms)\n"}
{"Time":"2026-10-01T14:17:30.435099+08:00","Action":"output","Package":"ops-platform/test/integration","Test":"TestKeycloakAuthorizationCodePKCEAndStepUp","Output":"2026/10/01 14:17:30 OK   00012_config_registry_lifecycle.sql (7.65ms)\n"}
{"Time":"2026-10-01T14:17:30.444821+08:00","Action":"output","Package":"ops-platform/test/integration","Test":"TestKeycloakAuthorizationCodePKCEAndStepUp","Output":"2026/10/01 14:17:30 OK   00013_audit_signed_segments.sql (9.41ms)\n"}
{"Time":"2026-10-01T14:17:30.451794+08:00","Action":"output","Package":"ops-platform/test/integration","Test":"TestKeycloakAuthorizationCodePKCEAndStepUp","Output":"2026/10/01 14:17:30 OK   00014_audit_segment_predecessors.sql (6.74ms)\n"}
{"Time":"2026-10-01T14:17:30.454907+08:00","Action":"output","Package":"ops-platform/test/integration","Test":"TestKeycloakAuthorizationCodePKCEAndStepUp","Output":"2026/10/01 14:17:30 OK   00015_source_schema_scope.sql (2.96ms)\n"}
{"Time":"2026-10-01T14:17:30.459214+08:00","Action":"output","Package":"ops-platform/test/integration","Test":"TestKeycloakAuthorizationCodePKCEAndStepUp","Output":"2026/10/01 14:17:30 OK   00016_cluster_registration_metadata.sql (4.07ms)\n"}
{"Time":"2026-10-01T14:17:30.459305+08:00","Action":"output","Package":"ops-platform/test/integration","Test":"TestKeycloakAuthorizationCodePKCEAndStepUp","Output":"2026/10/01 14:17:30 goose: successfully migrated database to version: 16\n"}
{"Time":"2026-10-01T14:17:30.496561+08:00","Action":"output","Package":"ops-platform/test/integration","Test":"TestKeycloakAuthorizationCodePKCEAndStepUp","Output":"{\"time\":\"2026-10-01T14:17:30.496475+08:00\",\"level\":\"INFO\",\"msg\":\"http request complete\",\"request_id\":\"01a0f61c-6279-744d-81dc-bb4a78d89320\",\"trace_id\":\"4bf92f3577b34da6a3ce929d0e0e4736\",\"span_id\":\"86c21e874d45bfbf\",\"method\":\"GET\",\"status_code\":200,\"duration_ms\":6}\n"}
{"Time":"2026-10-01T14:17:30.498758+08:00","Action":"output","Package":"ops-platform/test/integration","Test":"TestKeycloakAuthorizationCodePKCEAndStepUp","Output":"{\"time\":\"2026-10-01T14:17:30.498713+08:00\",\"level\":\"INFO\",\"msg\":\"http request complete\",\"request_id\":\"01a0f61c-6280-7cdc-aa8d-1904158c9f76\",\"trace_id\":\"4bf92f3577b34da6a3ce929d0e0e4736\",\"span_id\":\"5af55c7c0bcfd1fe\",\"method\":\"GET\",\"status_code\":200,\"duration_ms\":1}\n"}
{"Time":"2026-10-01T14:17:30.500613+08:00","Action":"output","Package":"ops-platform/test/integration","Test":"TestKeycloakAuthorizationCodePKCEAndStepUp","Output":"{\"time\":\"2026-10-01T14:17:30.50057+08:00\",\"level\":\"INFO\",\"msg\":\"http request complete\",\"request_id\":\"01a0f61c-6282-7d65-9d0b-14bd2c911581\",\"trace_id\":\"4bf92f3577b34da6a3ce929d0e0e4736\",\"span_id\":\"98323515e9967eec\",\"method\":\"GET\",\"status_code\":200,\"duration_ms\":1}\n"}
{"Time":"2026-10-01T14:17:30.502511+08:00","Action":"output","Package":"ops-platform/test/integration","Test":"TestKeycloakAuthorizationCodePKCEAndStepUp","Output":"{\"time\":\"2026-10-01T14:17:30.502478+08:00\",\"level\":\"INFO\",\"msg\":\"http request complete\",\"request_id\":\"01a0f61c-6284-7b2b-868e-b6e2109b2ecb\",\"trace_id\":\"4bf92f3577b34da6a3ce929d0e0e4736\",\"span_id\":\"c7fbf5445629da15\",\"method\":\"GET\",\"status_code\":200,\"duration_ms\":1}\n"}
{"Time":"2026-10-01T14:17:30.503983+08:00","Action":"output","Package":"ops-platform/test/integration","Test":"TestKeycloakAuthorizationCodePKCEAndStepUp","Output":"{\"time\":\"2026-10-01T14:17:30.503948+08:00\",\"level\":\"INFO\",\"msg\":\"http request complete\",\"request_id\":\"01a0f61c-6286-797d-9a8f-49d969d25e32\",\"trace_id\":\"4bf92f3577b34da6a3ce929d0e0e4736\",\"span_id\":\"e0323107bd89cd4b\",\"method\":\"GET\",\"status_code\":200,\"duration_ms\":1}\n"}
{"Time":"2026-10-01T14:17:30.505407+08:00","Action":"output","Package":"ops-platform/test/integration","Test":"TestKeycloakAuthorizationCodePKCEAndStepUp","Output":"{\"time\":\"2026-10-01T14:17:30.505383+08:00\",\"level\":\"INFO\",\"msg\":\"http request complete\",\"request_id\":\"01a0f61c-6288-7157-a659-e38cc82824bf\",\"trace_id\":\"4bf92f3577b34da6a3ce929d0e0e4736\",\"span_id\":\"4e2c7e311626123e\",\"method\":\"GET\",\"status_code\":200,\"duration_ms\":1}\n"}
{"Time":"2026-10-01T14:17:30.511443+08:00","Action":"output","Package":"ops-platform/test/integration","Test":"TestKeycloakAuthorizationCodePKCEAndStepUp","Output":"{\"time\":\"2026-10-01T14:17:30.511389+08:00\",\"level\":\"INFO\",\"msg\":\"http request complete\",\"request_id\":\"01a0f61c-6289-77df-aa30-597145ab1272\",\"trace_id\":\"778ad62c09e42669200bf1a8468674c6\",\"span_id\":\"f265e5edac4a5ee0\",\"method\":\"POST\",\"status_code\":201,\"duration_ms\":5}\n"}
{"Time":"2026-10-01T14:17:30.515823+08:00","Action":"output","Package":"ops-platform/test/integration","Test":"TestKeycloakAuthorizationCodePKCEAndStepUp","Output":"{\"time\":\"2026-10-01T14:17:30.515781+08:00\",\"level\":\"INFO\",\"msg\":\"http request complete\",\"request_id\":\"01a0f61c-628f-79e3-a41e-2587c2422c2c\",\"trace_id\":\"5dcc88d231f42cb4291b5213aaf93d2b\",\"span_id\":\"f7443e898b60fba2\",\"method\":\"POST\",\"status_code\":201,\"duration_ms\":4}\n"}
{"Time":"2026-10-01T14:17:30.515912+08:00","Action":"output","Package":"ops-platform/test/integration","Test":"TestKeycloakAuthorizationCodePKCEAndStepUp","Output":"    keycloak_test.go:155: actual APIApp served six management routes and replayed claim-bound step-up using real Keycloak JWT and distinct database login\n"}
{"Time":"2026-10-01T14:17:30.516948+08:00","Action":"output","Package":"ops-platform/test/integration","Test":"TestKeycloakAuthorizationCodePKCEAndStepUp","Output":"{\"time\":\"2026-10-01T14:17:30.516914+08:00\",\"level\":\"WARN\",\"msg\":\"trace export failed\",\"signal\":\"traces\"}\n"}
{"Time":"2026-10-01T14:17:30.51847+08:00","Action":"output","Package":"ops-platform/test/integration","Test":"TestKeycloakAuthorizationCodePKCEAndStepUp","Output":"{\"time\":\"2026-10-01T14:17:30.518436+08:00\",\"level\":\"INFO\",\"msg\":\"http request complete\",\"request_id\":\"01a0f61c-6295-7061-aac0-f652a3ff8028\",\"trace_id\":\"4a270dd20d068ec97421caf759a0e5e7\",\"span_id\":\"5686f8a8e403eed7\",\"method\":\"GET\",\"status_code\":200,\"duration_ms\":1}\n"}
{"Time":"2026-10-01T14:17:30.518568+08:00","Action":"output","Package":"ops-platform/test/integration","Test":"TestKeycloakAuthorizationCodePKCEAndStepUp","Output":"    keycloak_test.go:155: actual OTLP connection refusal reported degradation; authenticated management read continued\n"}
{"Time":"2026-10-01T14:17:31.55311+08:00","Action":"output","Package":"ops-platform/test/integration","Test":"TestKeycloakAuthorizationCodePKCEAndStepUp","Output":"    keycloak_test.go:155: actual authenticated API stdout collected and queried in isolated VictoriaLogs\n"}
{"Time":"2026-10-01T14:17:31.667818+08:00","Action":"output","Package":"ops-platform/test/integration","Test":"TestKeycloakAuthorizationCodePKCEAndStepUp","Output":"--- PASS: TestKeycloakAuthorizationCodePKCEAndStepUp (19.35s)\n","OutputType":"frame"}
{"Time":"2026-10-01T14:17:31.668014+08:00","Action":"pass","Package":"ops-platform/test/integration","Test":"TestKeycloakAuthorizationCodePKCEAndStepUp","Elapsed":19.35}
{"Time":"2026-10-01T14:17:31.668123+08:00","Action":"run","Package":"ops-platform/test/integration","Test":"TestFailedForwardMigrationRollsBackAndCanRecover"}
{"Time":"2026-10-01T14:17:31.66819+08:00","Action":"output","Package":"ops-platform/test/integration","Test":"TestFailedForwardMigrationRollsBackAndCanRecover","Output":"=== RUN   TestFailedForwardMigrationRollsBackAndCanRecover\n","OutputType":"frame"}
{"Time":"2026-10-01T14:17:31.747689+08:00","Action":"output","Package":"ops-platform/test/integration","Test":"TestFailedForwardMigrationRollsBackAndCanRecover","Output":"2026/10/01 14:17:31 OK   00001_roles_and_schemas.sql (11.34ms)\n"}
{"Time":"2026-10-01T14:17:31.748055+08:00","Action":"output","Package":"ops-platform/test/integration","Test":"TestFailedForwardMigrationRollsBackAndCanRecover","Output":"2026/10/01 14:17:31 goose: successfully migrated database to version: 1\n"}
{"Time":"2026-10-01T14:17:31.778185+08:00","Action":"output","Package":"ops-platform/test/integration","Test":"TestFailedForwardMigrationRollsBackAndCanRecover","Output":"2026/10/01 14:17:31 OK   00002_platform_meta.sql (18.56ms)\n"}
{"Time":"2026-10-01T14:17:31.786866+08:00","Action":"output","Package":"ops-platform/test/integration","Test":"TestFailedForwardMigrationRollsBackAndCanRecover","Output":"2026/10/01 14:17:31 OK   00003_finding.sql (8.47ms)\n"}
{"Time":"2026-10-01T14:17:31.793661+08:00","Action":"output","Package":"ops-platform/test/integration","Test":"TestFailedForwardMigrationRollsBackAndCanRecover","Output":"2026/10/01 14:17:31 OK   00004_incident.sql (6.54ms)\n"}
{"Time":"2026-10-01T14:17:31.801441+08:00","Action":"output","Package":"ops-platform/test/integration","Test":"TestFailedForwardMigrationRollsBackAndCanRecover","Output":"2026/10/01 14:17:31 OK   00005_investigation.sql (7.54ms)\n"}
{"Time":"2026-10-01T14:17:31.80789+08:00","Action":"output","Package":"ops-platform/test/integration","Test":"TestFailedForwardMigrationRollsBackAndCanRecover","Output":"2026/10/01 14:17:31 OK   00006_action_command.sql (6.23ms)\n"}
{"Time":"2026-10-01T14:17:31.816034+08:00","Action":"output","Package":"ops-platform/test/integration","Test":"TestFailedForwardMigrationRollsBackAndCanRecover","Output":"2026/10/01 14:17:31 OK   00007_audit.sql (7.96ms)\n"}
{"Time":"2026-10-01T14:17:31.824437+08:00","Action":"output","Package":"ops-platform/test/integration","Test":"TestFailedForwardMigrationRollsBackAndCanRecover","Output":"2026/10/01 14:17:31 OK   00008_rls.sql (8.26ms)\n"}
{"Time":"2026-10-01T14:17:31.831736+08:00","Action":"output","Package":"ops-platform/test/integration","Test":"TestFailedForwardMigrationRollsBackAndCanRecover","Output":"2026/10/01 14:17:31 OK   00009_idempotency_ledger.sql (7.16ms)\n"}
{"Time":"2026-10-01T14:17:31.835918+08:00","Action":"output","Package":"ops-platform/test/integration","Test":"TestFailedForwardMigrationRollsBackAndCanRecover","Output":"2026/10/01 14:17:31 OK   00010_tenant_provisioning.sql (4.07ms)\n"}
{"Time":"2026-10-01T14:17:31.842021+08:00","Action":"output","Package":"ops-platform/test/integration","Test":"TestFailedForwardMigrationRollsBackAndCanRecover","Output":"2026/10/01 14:17:31 OK   00011_source_registration_history.sql (6.03ms)\n"}
{"Time":"2026-10-01T14:17:31.851725+08:00","Action":"output","Package":"ops-platform/test/integration","Test":"TestFailedForwardMigrationRollsBackAndCanRecover","Output":"2026/10/01 14:17:31 OK   00012_config_registry_lifecycle.sql (9.6ms)\n"}
{"Time":"2026-10-01T14:17:31.862421+08:00","Action":"output","Package":"ops-platform/test/integration","Test":"TestFailedForwardMigrationRollsBackAndCanRecover","Output":"2026/10/01 14:17:31 OK   00013_audit_signed_segments.sql (10.5ms)\n"}
{"Time":"2026-10-01T14:17:31.869749+08:00","Action":"output","Package":"ops-platform/test/integration","Test":"TestFailedForwardMigrationRollsBackAndCanRecover","Output":"2026/10/01 14:17:31 OK   00014_audit_segment_predecessors.sql (7.18ms)\n"}
{"Time":"2026-10-01T14:17:31.874429+08:00","Action":"output","Package":"ops-platform/test/integration","Test":"TestFailedForwardMigrationRollsBackAndCanRecover","Output":"2026/10/01 14:17:31 OK   00015_source_schema_scope.sql (4.41ms)\n"}
{"Time":"2026-10-01T14:17:31.879082+08:00","Action":"output","Package":"ops-platform/test/integration","Test":"TestFailedForwardMigrationRollsBackAndCanRecover","Output":"2026/10/01 14:17:31 OK   00016_cluster_registration_metadata.sql (4.25ms)\n"}
{"Time":"2026-10-01T14:17:31.879198+08:00","Action":"output","Package":"ops-platform/test/integration","Test":"TestFailedForwardMigrationRollsBackAndCanRecover","Output":"2026/10/01 14:17:31 goose: successfully migrated database to version: 16\n"}
{"Time":"2026-10-01T14:17:31.879987+08:00","Action":"output","Package":"ops-platform/test/integration","Test":"TestFailedForwardMigrationRollsBackAndCanRecover","Output":"    migration_recovery_test.go:24: recovery test must track latest migration: 16\n","OutputType":"error"}
{"Time":"2026-10-01T14:17:31.947544+08:00","Action":"output","Package":"ops-platform/test/integration","Test":"TestFailedForwardMigrationRollsBackAndCanRecover","Output":"--- FAIL: TestFailedForwardMigrationRollsBackAndCanRecover (0.28s)\n","OutputType":"frame"}
{"Time":"2026-10-01T14:17:31.947623+08:00","Action":"fail","Package":"ops-platform/test/integration","Test":"TestFailedForwardMigrationRollsBackAndCanRecover","Elapsed":0.28}
{"Time":"2026-10-01T14:17:31.947684+08:00","Action":"run","Package":"ops-platform/test/integration","Test":"TestMigrationScriptsAreForwardOnlyAndContiguous"}
{"Time":"2026-10-01T14:17:31.947695+08:00","Action":"output","Package":"ops-platform/test/integration","Test":"TestMigrationScriptsAreForwardOnlyAndContiguous","Output":"=== RUN   TestMigrationScriptsAreForwardOnlyAndContiguous\n","OutputType":"frame"}
{"Time":"2026-10-01T14:17:31.948269+08:00","Action":"output","Package":"ops-platform/test/integration","Test":"TestMigrationScriptsAreForwardOnlyAndContiguous","Output":"--- PASS: TestMigrationScriptsAreForwardOnlyAndContiguous (0.00s)\n","OutputType":"frame"}
{"Time":"2026-10-01T14:17:31.948311+08:00","Action":"pass","Package":"ops-platform/test/integration","Test":"TestMigrationScriptsAreForwardOnlyAndContiguous","Elapsed":0}
{"Time":"2026-10-01T14:17:31.948324+08:00","Action":"run","Package":"ops-platform/test/integration","Test":"TestMigrationsAndRoles"}
{"Time":"2026-10-01T14:17:31.948333+08:00","Action":"output","Package":"ops-platform/test/integration","Test":"TestMigrationsAndRoles","Output":"=== RUN   TestMigrationsAndRoles\n","OutputType":"frame"}
{"Time":"2026-10-01T14:17:32.004902+08:00","Action":"output","Package":"ops-platform/test/integration","Test":"TestMigrationsAndRoles","Output":"2026/10/01 14:17:32 OK   00001_roles_and_schemas.sql (8.11ms)\n"}
{"Time":"2026-10-01T14:17:32.005001+08:00","Action":"output","Package":"ops-platform/test/integration","Test":"TestMigrationsAndRoles","Output":"2026/10/01 14:17:32 goose: successfully migrated database to version: 1\n"}
{"Time":"2026-10-01T14:17:32.028572+08:00","Action":"output","Package":"ops-platform/test/integration","Test":"TestMigrationsAndRoles","Output":"2026/10/01 14:17:32 OK   00002_platform_meta.sql (14.24ms)\n"}
{"Time":"2026-10-01T14:17:32.036084+08:00","Action":"output","Package":"ops-platform/test/integration","Test":"TestMigrationsAndRoles","Output":"2026/10/01 14:17:32 OK   00003_finding.sql (7.06ms)\n"}
{"Time":"2026-10-01T14:17:32.041611+08:00","Action":"output","Package":"ops-platform/test/integration","Test":"TestMigrationsAndRoles","Output":"2026/10/01 14:17:32 OK   00004_incident.sql (5.32ms)\n"}
{"Time":"2026-10-01T14:17:32.047909+08:00","Action":"output","Package":"ops-platform/test/integration","Test":"TestMigrationsAndRoles","Output":"2026/10/01 14:17:32 OK   00005_investigation.sql (6.09ms)\n"}
{"Time":"2026-10-01T14:17:32.053848+08:00","Action":"output","Package":"ops-platform/test/integration","Test":"TestMigrationsAndRoles","Output":"2026/10/01 14:17:32 OK   00006_action_command.sql (5.22ms)\n"}
{"Time":"2026-10-01T14:17:32.062281+08:00","Action":"output","Package":"ops-platform/test/integration","Test":"TestMigrationsAndRoles","Output":"2026/10/01 14:17:32 OK   00007_audit.sql (8.2ms)\n"}
{"Time":"2026-10-01T14:17:32.070493+08:00","Action":"output","Package":"ops-platform/test/integration","Test":"TestMigrationsAndRoles","Output":"2026/10/01 14:17:32 OK   00008_rls.sql (8.03ms)\n"}
{"Time":"2026-10-01T14:17:32.078364+08:00","Action":"output","Package":"ops-platform/test/integration","Test":"TestMigrationsAndRoles","Output":"2026/10/01 14:17:32 OK   00009_idempotency_ledger.sql (7.62ms)\n"}
{"Time":"2026-10-01T14:17:32.085117+08:00","Action":"output","Package":"ops-platform/test/integration","Test":"TestMigrationsAndRoles","Output":"2026/10/01 14:17:32 OK   00010_tenant_provisioning.sql (6.58ms)\n"}
{"Time":"2026-10-01T14:17:32.091698+08:00","Action":"output","Package":"ops-platform/test/integration","Test":"TestMigrationsAndRoles","Output":"2026/10/01 14:17:32 OK   00011_source_registration_history.sql (6.36ms)\n"}
{"Time":"2026-10-01T14:17:32.101535+08:00","Action":"output","Package":"ops-platform/test/integration","Test":"TestMigrationsAndRoles","Output":"2026/10/01 14:17:32 OK   00012_config_registry_lifecycle.sql (9.57ms)\n"}
{"Time":"2026-10-01T14:17:32.112922+08:00","Action":"output","Package":"ops-platform/test/integration","Test":"TestMigrationsAndRoles","Output":"2026/10/01 14:17:32 OK   00013_audit_signed_segments.sql (11.07ms)\n"}
{"Time":"2026-10-01T14:17:32.118869+08:00","Action":"output","Package":"ops-platform/test/integration","Test":"TestMigrationsAndRoles","Output":"2026/10/01 14:17:32 OK   00014_audit_segment_predecessors.sql (5.68ms)\n"}
{"Time":"2026-10-01T14:17:32.121937+08:00","Action":"output","Package":"ops-platform/test/integration","Test":"TestMigrationsAndRoles","Output":"2026/10/01 14:17:32 OK   00015_source_schema_scope.sql (2.95ms)\n"}
{"Time":"2026-10-01T14:17:32.126227+08:00","Action":"output","Package":"ops-platform/test/integration","Test":"TestMigrationsAndRoles","Output":"2026/10/01 14:17:32 OK   00016_cluster_registration_metadata.sql (4.12ms)\n"}
{"Time":"2026-10-01T14:17:32.126286+08:00","Action":"output","Package":"ops-platform/test/integration","Test":"TestMigrationsAndRoles","Output":"2026/10/01 14:17:32 goose: successfully migrated database to version: 16\n"}
{"Time":"2026-10-01T14:17:32.206749+08:00","Action":"output","Package":"ops-platform/test/integration","Test":"TestMigrationsAndRoles","Output":"--- PASS: TestMigrationsAndRoles (0.26s)\n","OutputType":"frame"}
{"Time":"2026-10-01T14:17:32.206831+08:00","Action":"pass","Package":"ops-platform/test/integration","Test":"TestMigrationsAndRoles","Elapsed":0.26}
{"Time":"2026-10-01T14:17:32.206861+08:00","Action":"run","Package":"ops-platform/test/integration","Test":"TestMigrationsUpgradeVersionOneData"}
{"Time":"2026-10-01T14:17:32.206877+08:00","Action":"output","Package":"ops-platform/test/integration","Test":"TestMigrationsUpgradeVersionOneData","Output":"=== RUN   TestMigrationsUpgradeVersionOneData\n","OutputType":"frame"}
{"Time":"2026-10-01T14:17:32.256162+08:00","Action":"output","Package":"ops-platform/test/integration","Test":"TestMigrationsUpgradeVersionOneData","Output":"2026/10/01 14:17:32 OK   00001_roles_and_schemas.sql (8.01ms)\n"}
{"Time":"2026-10-01T14:17:32.256239+08:00","Action":"output","Package":"ops-platform/test/integration","Test":"TestMigrationsUpgradeVersionOneData","Output":"2026/10/01 14:17:32 goose: successfully migrated database to version: 1\n"}
{"Time":"2026-10-01T14:17:32.284564+08:00","Action":"output","Package":"ops-platform/test/integration","Test":"TestMigrationsUpgradeVersionOneData","Output":"2026/10/01 14:17:32 OK   00002_platform_meta.sql (15.28ms)\n"}
{"Time":"2026-10-01T14:17:32.291355+08:00","Action":"output","Package":"ops-platform/test/integration","Test":"TestMigrationsUpgradeVersionOneData","Output":"2026/10/01 14:17:32 OK   00003_finding.sql (6.57ms)\n"}
{"Time":"2026-10-01T14:17:32.297427+08:00","Action":"output","Package":"ops-platform/test/integration","Test":"TestMigrationsUpgradeVersionOneData","Output":"2026/10/01 14:17:32 OK   00004_incident.sql (5.88ms)\n"}
{"Time":"2026-10-01T14:17:32.303799+08:00","Action":"output","Package":"ops-platform/test/integration","Test":"TestMigrationsUpgradeVersionOneData","Output":"2026/10/01 14:17:32 OK   00005_investigation.sql (6.15ms)\n"}
{"Time":"2026-10-01T14:17:32.309744+08:00","Action":"output","Package":"ops-platform/test/integration","Test":"TestMigrationsUpgradeVersionOneData","Output":"2026/10/01 14:17:32 OK   00006_action_command.sql (5.73ms)\n"}
{"Time":"2026-10-01T14:17:32.318471+08:00","Action":"output","Package":"ops-platform/test/integration","Test":"TestMigrationsUpgradeVersionOneData","Output":"2026/10/01 14:17:32 OK   00007_audit.sql (8.46ms)\n"}
{"Time":"2026-10-01T14:17:32.327024+08:00","Action":"output","Package":"ops-platform/test/integration","Test":"TestMigrationsUpgradeVersionOneData","Output":"2026/10/01 14:17:32 OK   00008_rls.sql (8.34ms)\n"}
{"Time":"2026-10-01T14:17:32.334793+08:00","Action":"output","Package":"ops-platform/test/integration","Test":"TestMigrationsUpgradeVersionOneData","Output":"2026/10/01 14:17:32 OK   00009_idempotency_ledger.sql (7.2ms)\n"}
{"Time":"2026-10-01T14:17:32.339565+08:00","Action":"output","Package":"ops-platform/test/integration","Test":"TestMigrationsUpgradeVersionOneData","Output":"2026/10/01 14:17:32 OK   00010_tenant_provisioning.sql (4.53ms)\n"}
{"Time":"2026-10-01T14:17:32.345725+08:00","Action":"output","Package":"ops-platform/test/integration","Test":"TestMigrationsUpgradeVersionOneData","Output":"2026/10/01 14:17:32 OK   00011_source_registration_history.sql (5.95ms)\n"}
{"Time":"2026-10-01T14:17:32.356252+08:00","Action":"output","Package":"ops-platform/test/integration","Test":"TestMigrationsUpgradeVersionOneData","Output":"2026/10/01 14:17:32 OK   00012_config_registry_lifecycle.sql (10.21ms)\n"}
{"Time":"2026-10-01T14:17:32.366923+08:00","Action":"output","Package":"ops-platform/test/integration","Test":"TestMigrationsUpgradeVersionOneData","Output":"2026/10/01 14:17:32 OK   00013_audit_signed_segments.sql (10.38ms)\n"}
{"Time":"2026-10-01T14:17:32.372345+08:00","Action":"output","Package":"ops-platform/test/integration","Test":"TestMigrationsUpgradeVersionOneData","Output":"2026/10/01 14:17:32 OK   00014_audit_segment_predecessors.sql (5.23ms)\n"}
{"Time":"2026-10-01T14:17:32.37564+08:00","Action":"output","Package":"ops-platform/test/integration","Test":"TestMigrationsUpgradeVersionOneData","Output":"2026/10/01 14:17:32 OK   00015_source_schema_scope.sql (3.18ms)\n"}
{"Time":"2026-10-01T14:17:32.38023+08:00","Action":"output","Package":"ops-platform/test/integration","Test":"TestMigrationsUpgradeVersionOneData","Output":"2026/10/01 14:17:32 OK   00016_cluster_registration_metadata.sql (4.42ms)\n"}
{"Time":"2026-10-01T14:17:32.380299+08:00","Action":"output","Package":"ops-platform/test/integration","Test":"TestMigrationsUpgradeVersionOneData","Output":"2026/10/01 14:17:32 goose: successfully migrated database to version: 16\n"}
{"Time":"2026-10-01T14:17:32.460159+08:00","Action":"output","Package":"ops-platform/test/integration","Test":"TestMigrationsUpgradeVersionOneData","Output":"--- PASS: TestMigrationsUpgradeVersionOneData (0.25s)\n","OutputType":"frame"}
{"Time":"2026-10-01T14:17:32.460456+08:00","Action":"pass","Package":"ops-platform/test/integration","Test":"TestMigrationsUpgradeVersionOneData","Elapsed":0.25}
{"Time":"2026-10-01T14:17:32.460492+08:00","Action":"run","Package":"ops-platform/test/integration","Test":"TestWithTenantTxIsolatesTenantsAndUsesAppendOnlyAudit"}
{"Time":"2026-10-01T14:17:32.460501+08:00","Action":"output","Package":"ops-platform/test/integration","Test":"TestWithTenantTxIsolatesTenantsAndUsesAppendOnlyAudit","Output":"=== RUN   TestWithTenantTxIsolatesTenantsAndUsesAppendOnlyAudit\n","OutputType":"frame"}
{"Time":"2026-10-01T14:17:32.513715+08:00","Action":"output","Package":"ops-platform/test/integration","Test":"TestWithTenantTxIsolatesTenantsAndUsesAppendOnlyAudit","Output":"2026/10/01 14:17:32 OK   00001_roles_and_schemas.sql (10.34ms)\n"}
{"Time":"2026-10-01T14:17:32.51381+08:00","Action":"output","Package":"ops-platform/test/integration","Test":"TestWithTenantTxIsolatesTenantsAndUsesAppendOnlyAudit","Output":"2026/10/01 14:17:32 goose: successfully migrated database to version: 1\n"}
{"Time":"2026-10-01T14:17:32.537564+08:00","Action":"output","Package":"ops-platform/test/integration","Test":"TestWithTenantTxIsolatesTenantsAndUsesAppendOnlyAudit","Output":"2026/10/01 14:17:32 OK   00002_platform_meta.sql (14.35ms)\n"}
{"Time":"2026-10-01T14:17:32.544795+08:00","Action":"output","Package":"ops-platform/test/integration","Test":"TestWithTenantTxIsolatesTenantsAndUsesAppendOnlyAudit","Output":"2026/10/01 14:17:32 OK   00003_finding.sql (7.02ms)\n"}
{"Time":"2026-10-01T14:17:32.551209+08:00","Action":"output","Package":"ops-platform/test/integration","Test":"TestWithTenantTxIsolatesTenantsAndUsesAppendOnlyAudit","Output":"2026/10/01 14:17:32 OK   00004_incident.sql (6.16ms)\n"}
{"Time":"2026-10-01T14:17:32.557194+08:00","Action":"output","Package":"ops-platform/test/integration","Test":"TestWithTenantTxIsolatesTenantsAndUsesAppendOnlyAudit","Output":"2026/10/01 14:17:32 OK   00005_investigation.sql (5.76ms)\n"}
{"Time":"2026-10-01T14:17:32.565657+08:00","Action":"output","Package":"ops-platform/test/integration","Test":"TestWithTenantTxIsolatesTenantsAndUsesAppendOnlyAudit","Output":"2026/10/01 14:17:32 OK   00006_action_command.sql (8.23ms)\n"}
{"Time":"2026-10-01T14:17:32.575187+08:00","Action":"output","Package":"ops-platform/test/integration","Test":"TestWithTenantTxIsolatesTenantsAndUsesAppendOnlyAudit","Output":"2026/10/01 14:17:32 OK   00007_audit.sql (9.25ms)\n"}
{"Time":"2026-10-01T14:17:32.583993+08:00","Action":"output","Package":"ops-platform/test/integration","Test":"TestWithTenantTxIsolatesTenantsAndUsesAppendOnlyAudit","Output":"2026/10/01 14:17:32 OK   00008_rls.sql (8.59ms)\n"}
{"Time":"2026-10-01T14:17:32.590519+08:00","Action":"output","Package":"ops-platform/test/integration","Test":"TestWithTenantTxIsolatesTenantsAndUsesAppendOnlyAudit","Output":"2026/10/01 14:17:32 OK   00009_idempotency_ledger.sql (6.35ms)\n"}
{"Time":"2026-10-01T14:17:32.5966+08:00","Action":"output","Package":"ops-platform/test/integration","Test":"TestWithTenantTxIsolatesTenantsAndUsesAppendOnlyAudit","Output":"2026/10/01 14:17:32 OK   00010_tenant_provisioning.sql (5.87ms)\n"}
{"Time":"2026-10-01T14:17:32.604157+08:00","Action":"output","Package":"ops-platform/test/integration","Test":"TestWithTenantTxIsolatesTenantsAndUsesAppendOnlyAudit","Output":"2026/10/01 14:17:32 OK   00011_source_registration_history.sql (7.3ms)\n"}
{"Time":"2026-10-01T14:17:32.612725+08:00","Action":"output","Package":"ops-platform/test/integration","Test":"TestWithTenantTxIsolatesTenantsAndUsesAppendOnlyAudit","Output":"2026/10/01 14:17:32 OK   00012_config_registry_lifecycle.sql (8.29ms)\n"}
{"Time":"2026-10-01T14:17:32.622387+08:00","Action":"output","Package":"ops-platform/test/integration","Test":"TestWithTenantTxIsolatesTenantsAndUsesAppendOnlyAudit","Output":"2026/10/01 14:17:32 OK   00013_audit_signed_segments.sql (9.36ms)\n"}
{"Time":"2026-10-01T14:17:32.627631+08:00","Action":"output","Package":"ops-platform/test/integration","Test":"TestWithTenantTxIsolatesTenantsAndUsesAppendOnlyAudit","Output":"2026/10/01 14:17:32 OK   00014_audit_segment_predecessors.sql (5.07ms)\n"}
{"Time":"2026-10-01T14:17:32.631824+08:00","Action":"output","Package":"ops-platform/test/integration","Test":"TestWithTenantTxIsolatesTenantsAndUsesAppendOnlyAudit","Output":"2026/10/01 14:17:32 OK   00015_source_schema_scope.sql (3.99ms)\n"}
{"Time":"2026-10-01T14:17:32.63619+08:00","Action":"output","Package":"ops-platform/test/integration","Test":"TestWithTenantTxIsolatesTenantsAndUsesAppendOnlyAudit","Output":"2026/10/01 14:17:32 OK   00016_cluster_registration_metadata.sql (4.22ms)\n"}
{"Time":"2026-10-01T14:17:32.636401+08:00","Action":"output","Package":"ops-platform/test/integration","Test":"TestWithTenantTxIsolatesTenantsAndUsesAppendOnlyAudit","Output":"2026/10/01 14:17:32 goose: successfully migrated database to version: 16\n"}
{"Time":"2026-10-01T14:17:32.728419+08:00","Action":"output","Package":"ops-platform/test/integration","Test":"TestWithTenantTxIsolatesTenantsAndUsesAppendOnlyAudit","Output":"--- PASS: TestWithTenantTxIsolatesTenantsAndUsesAppendOnlyAudit (0.27s)\n","OutputType":"frame"}
{"Time":"2026-10-01T14:17:32.728477+08:00","Action":"pass","Package":"ops-platform/test/integration","Test":"TestWithTenantTxIsolatesTenantsAndUsesAppendOnlyAudit","Elapsed":0.27}
{"Time":"2026-10-01T14:17:32.728493+08:00","Action":"run","Package":"ops-platform/test/integration","Test":"TestRealVictoriaMetricsScrapesPlatformProcessMetric"}
{"Time":"2026-10-01T14:17:32.72855+08:00","Action":"output","Package":"ops-platform/test/integration","Test":"TestRealVictoriaMetricsScrapesPlatformProcessMetric","Output":"=== RUN   TestRealVictoriaMetricsScrapesPlatformProcessMetric\n","OutputType":"frame"}
{"Time":"2026-10-01T14:18:02.906817+08:00","Action":"output","Package":"ops-platform/test/integration","Test":"TestRealVictoriaMetricsScrapesPlatformProcessMetric","Output":"    observability_test.go:53: isolated VictoriaMetrics did not scrape platform_process_up=1\n","OutputType":"error"}
{"Time":"2026-10-01T14:18:02.906905+08:00","Action":"output","Package":"ops-platform/test/integration","Test":"TestRealVictoriaMetricsScrapesPlatformProcessMetric","Output":"--- FAIL: TestRealVictoriaMetricsScrapesPlatformProcessMetric (30.17s)\n","OutputType":"frame"}
{"Time":"2026-10-01T14:18:02.906915+08:00","Action":"fail","Package":"ops-platform/test/integration","Test":"TestRealVictoriaMetricsScrapesPlatformProcessMetric","Elapsed":30.17}
{"Time":"2026-10-01T14:18:02.906926+08:00","Action":"run","Package":"ops-platform/test/integration","Test":"TestRealVictoriaLogsAcceptsStructuredPlatformStdout"}
{"Time":"2026-10-01T14:18:02.90693+08:00","Action":"output","Package":"ops-platform/test/integration","Test":"TestRealVictoriaLogsAcceptsStructuredPlatformStdout","Output":"=== RUN   TestRealVictoriaLogsAcceptsStructuredPlatformStdout\n","OutputType":"frame"}
{"Time":"2026-10-01T14:18:03.913879+08:00","Action":"output","Package":"ops-platform/test/integration","Test":"TestRealVictoriaLogsAcceptsStructuredPlatformStdout","Output":"--- PASS: TestRealVictoriaLogsAcceptsStructuredPlatformStdout (1.01s)\n","OutputType":"frame"}
{"Time":"2026-10-01T14:18:03.91394+08:00","Action":"pass","Package":"ops-platform/test/integration","Test":"TestRealVictoriaLogsAcceptsStructuredPlatformStdout","Elapsed":1.01}
{"Time":"2026-10-01T14:18:03.913954+08:00","Action":"run","Package":"ops-platform/test/integration","Test":"TestRealProjectedPodTokensAuthenticateOpenBaoAndWorkloadMTLS"}
{"Time":"2026-10-01T14:18:03.913958+08:00","Action":"output","Package":"ops-platform/test/integration","Test":"TestRealProjectedPodTokensAuthenticateOpenBaoAndWorkloadMTLS","Output":"=== RUN   TestRealProjectedPodTokensAuthenticateOpenBaoAndWorkloadMTLS\n","OutputType":"frame"}
{"Time":"2026-10-01T14:18:04.299017+08:00","Action":"output","Package":"ops-platform/test/integration","Test":"TestRealProjectedPodTokensAuthenticateOpenBaoAndWorkloadMTLS","Output":"2026/10/01 14:18:04 http: TLS handshake error from 127.0.0.1:61038: tls: client didn't provide a certificate\n"}
{"Time":"2026-10-01T14:18:04.299117+08:00","Action":"output","Package":"ops-platform/test/integration","Test":"TestRealProjectedPodTokensAuthenticateOpenBaoAndWorkloadMTLS","Output":"    projected_workload_test.go:133: real Pod-bound TokenReview accepted three workload identities, denied unauthorized SA/namespace/audience; Investigator and test Runner mTLS completed without forwarded JWT\n"}
{"Time":"2026-10-01T14:18:04.299214+08:00","Action":"output","Package":"ops-platform/test/integration","Test":"TestRealProjectedPodTokensAuthenticateOpenBaoAndWorkloadMTLS","Output":"--- PASS: TestRealProjectedPodTokensAuthenticateOpenBaoAndWorkloadMTLS (0.39s)\n","OutputType":"frame"}
{"Time":"2026-10-01T14:18:04.299411+08:00","Action":"pass","Package":"ops-platform/test/integration","Test":"TestRealProjectedPodTokensAuthenticateOpenBaoAndWorkloadMTLS","Elapsed":0.39}
{"Time":"2026-10-01T14:18:04.29942+08:00","Action":"run","Package":"ops-platform/test/integration","Test":"TestRuntimeDatabaseLoginCannotRegainOwnerOrOtherProcess"}
{"Time":"2026-10-01T14:18:04.299424+08:00","Action":"output","Package":"ops-platform/test/integration","Test":"TestRuntimeDatabaseLoginCannotRegainOwnerOrOtherProcess","Output":"=== RUN   TestRuntimeDatabaseLoginCannotRegainOwnerOrOtherProcess\n","OutputType":"frame"}
{"Time":"2026-10-01T14:18:04.359694+08:00","Action":"output","Package":"ops-platform/test/integration","Test":"TestRuntimeDatabaseLoginCannotRegainOwnerOrOtherProcess","Output":"2026/10/01 14:18:04 OK   00001_roles_and_schemas.sql (10.03ms)\n"}
{"Time":"2026-10-01T14:18:04.378859+08:00","Action":"output","Package":"ops-platform/test/integration","Test":"TestRuntimeDatabaseLoginCannotRegainOwnerOrOtherProcess","Output":"2026/10/01 14:18:04 OK   00002_platform_meta.sql (18.98ms)\n"}
{"Time":"2026-10-01T14:18:04.387599+08:00","Action":"output","Package":"ops-platform/test/integration","Test":"TestRuntimeDatabaseLoginCannotRegainOwnerOrOtherProcess","Output":"2026/10/01 14:18:04 OK   00003_finding.sql (8.62ms)\n"}
{"Time":"2026-10-01T14:18:04.394281+08:00","Action":"output","Package":"ops-platform/test/integration","Test":"TestRuntimeDatabaseLoginCannotRegainOwnerOrOtherProcess","Output":"2026/10/01 14:18:04 OK   00004_incident.sql (6.54ms)\n"}
{"Time":"2026-10-01T14:18:04.400496+08:00","Action":"output","Package":"ops-platform/test/integration","Test":"TestRuntimeDatabaseLoginCannotRegainOwnerOrOtherProcess","Output":"2026/10/01 14:18:04 OK   00005_investigation.sql (6.1ms)\n"}
{"Time":"2026-10-01T14:18:04.408614+08:00","Action":"output","Package":"ops-platform/test/integration","Test":"TestRuntimeDatabaseLoginCannotRegainOwnerOrOtherProcess","Output":"2026/10/01 14:18:04 OK   00006_action_command.sql (8ms)\n"}
{"Time":"2026-10-01T14:18:04.417507+08:00","Action":"output","Package":"ops-platform/test/integration","Test":"TestRuntimeDatabaseLoginCannotRegainOwnerOrOtherProcess","Output":"2026/10/01 14:18:04 OK   00007_audit.sql (8.74ms)\n"}
{"Time":"2026-10-01T14:18:04.426639+08:00","Action":"output","Package":"ops-platform/test/integration","Test":"TestRuntimeDatabaseLoginCannotRegainOwnerOrOtherProcess","Output":"2026/10/01 14:18:04 OK   00008_rls.sql (9ms)\n"}
{"Time":"2026-10-01T14:18:04.434527+08:00","Action":"output","Package":"ops-platform/test/integration","Test":"TestRuntimeDatabaseLoginCannotRegainOwnerOrOtherProcess","Output":"2026/10/01 14:18:04 OK   00009_idempotency_ledger.sql (7.53ms)\n"}
{"Time":"2026-10-01T14:18:04.438592+08:00","Action":"output","Package":"ops-platform/test/integration","Test":"TestRuntimeDatabaseLoginCannotRegainOwnerOrOtherProcess","Output":"2026/10/01 14:18:04 OK   00010_tenant_provisioning.sql (3.95ms)\n"}
{"Time":"2026-10-01T14:18:04.446455+08:00","Action":"output","Package":"ops-platform/test/integration","Test":"TestRuntimeDatabaseLoginCannotRegainOwnerOrOtherProcess","Output":"2026/10/01 14:18:04 OK   00011_source_registration_history.sql (7.75ms)\n"}
{"Time":"2026-10-01T14:18:04.4583+08:00","Action":"output","Package":"ops-platform/test/integration","Test":"TestRuntimeDatabaseLoginCannotRegainOwnerOrOtherProcess","Output":"2026/10/01 14:18:04 OK   00012_config_registry_lifecycle.sql (11.71ms)\n"}
{"Time":"2026-10-01T14:18:04.469916+08:00","Action":"output","Package":"ops-platform/test/integration","Test":"TestRuntimeDatabaseLoginCannotRegainOwnerOrOtherProcess","Output":"2026/10/01 14:18:04 OK   00013_audit_signed_segments.sql (11.41ms)\n"}
{"Time":"2026-10-01T14:18:04.476655+08:00","Action":"output","Package":"ops-platform/test/integration","Test":"TestRuntimeDatabaseLoginCannotRegainOwnerOrOtherProcess","Output":"2026/10/01 14:18:04 OK   00014_audit_segment_predecessors.sql (6.63ms)\n"}
{"Time":"2026-10-01T14:18:04.480803+08:00","Action":"output","Package":"ops-platform/test/integration","Test":"TestRuntimeDatabaseLoginCannotRegainOwnerOrOtherProcess","Output":"2026/10/01 14:18:04 OK   00015_source_schema_scope.sql (4.04ms)\n"}
{"Time":"2026-10-01T14:18:04.486987+08:00","Action":"output","Package":"ops-platform/test/integration","Test":"TestRuntimeDatabaseLoginCannotRegainOwnerOrOtherProcess","Output":"2026/10/01 14:18:04 OK   00016_cluster_registration_metadata.sql (5.94ms)\n"}
{"Time":"2026-10-01T14:18:04.487019+08:00","Action":"output","Package":"ops-platform/test/integration","Test":"TestRuntimeDatabaseLoginCannotRegainOwnerOrOtherProcess","Output":"2026/10/01 14:18:04 goose: successfully migrated database to version: 16\n"}
{"Time":"2026-10-01T14:18:04.569546+08:00","Action":"output","Package":"ops-platform/test/integration","Test":"TestRuntimeDatabaseLoginCannotRegainOwnerOrOtherProcess","Output":"--- PASS: TestRuntimeDatabaseLoginCannotRegainOwnerOrOtherProcess (0.27s)\n","OutputType":"frame"}
{"Time":"2026-10-01T14:18:04.569576+08:00","Action":"pass","Package":"ops-platform/test/integration","Test":"TestRuntimeDatabaseLoginCannotRegainOwnerOrOtherProcess","Elapsed":0.27}
{"Time":"2026-10-01T14:18:04.569583+08:00","Action":"run","Package":"ops-platform/test/integration","Test":"TestSourceRegistrationsAreTenantBoundRevisionedAndAudited"}
{"Time":"2026-10-01T14:18:04.569587+08:00","Action":"output","Package":"ops-platform/test/integration","Test":"TestSourceRegistrationsAreTenantBoundRevisionedAndAudited","Output":"=== RUN   TestSourceRegistrationsAreTenantBoundRevisionedAndAudited\n","OutputType":"frame"}
{"Time":"2026-10-01T14:18:04.617908+08:00","Action":"output","Package":"ops-platform/test/integration","Test":"TestSourceRegistrationsAreTenantBoundRevisionedAndAudited","Output":"2026/10/01 14:18:04 OK   00001_roles_and_schemas.sql (8.32ms)\n"}
{"Time":"2026-10-01T14:18:04.617943+08:00","Action":"output","Package":"ops-platform/test/integration","Test":"TestSourceRegistrationsAreTenantBoundRevisionedAndAudited","Output":"2026/10/01 14:18:04 goose: successfully migrated database to version: 1\n"}
{"Time":"2026-10-01T14:18:04.643635+08:00","Action":"output","Package":"ops-platform/test/integration","Test":"TestSourceRegistrationsAreTenantBoundRevisionedAndAudited","Output":"2026/10/01 14:18:04 OK   00002_platform_meta.sql (17.49ms)\n"}
{"Time":"2026-10-01T14:18:04.652367+08:00","Action":"output","Package":"ops-platform/test/integration","Test":"TestSourceRegistrationsAreTenantBoundRevisionedAndAudited","Output":"2026/10/01 14:18:04 OK   00003_finding.sql (8.62ms)\n"}
{"Time":"2026-10-01T14:18:04.6589+08:00","Action":"output","Package":"ops-platform/test/integration","Test":"TestSourceRegistrationsAreTenantBoundRevisionedAndAudited","Output":"2026/10/01 14:18:04 OK   00004_incident.sql (6.42ms)\n"}
{"Time":"2026-10-01T14:18:04.665917+08:00","Action":"output","Package":"ops-platform/test/integration","Test":"TestSourceRegistrationsAreTenantBoundRevisionedAndAudited","Output":"2026/10/01 14:18:04 OK   00005_investigation.sql (6.86ms)\n"}
{"Time":"2026-10-01T14:18:04.671281+08:00","Action":"output","Package":"ops-platform/test/integration","Test":"TestSourceRegistrationsAreTenantBoundRevisionedAndAudited","Output":"2026/10/01 14:18:04 OK   00006_action_command.sql (5.29ms)\n"}
{"Time":"2026-10-01T14:18:04.685616+08:00","Action":"output","Package":"ops-platform/test/integration","Test":"TestSourceRegistrationsAreTenantBoundRevisionedAndAudited","Output":"2026/10/01 14:18:04 OK   00007_audit.sql (14.19ms)\n"}
{"Time":"2026-10-01T14:18:04.694541+08:00","Action":"output","Package":"ops-platform/test/integration","Test":"TestSourceRegistrationsAreTenantBoundRevisionedAndAudited","Output":"2026/10/01 14:18:04 OK   00008_rls.sql (8.8ms)\n"}
{"Time":"2026-10-01T14:18:04.701608+08:00","Action":"output","Package":"ops-platform/test/integration","Test":"TestSourceRegistrationsAreTenantBoundRevisionedAndAudited","Output":"2026/10/01 14:18:04 OK   00009_idempotency_ledger.sql (6.95ms)\n"}
{"Time":"2026-10-01T14:18:04.707938+08:00","Action":"output","Package":"ops-platform/test/integration","Test":"TestSourceRegistrationsAreTenantBoundRevisionedAndAudited","Output":"2026/10/01 14:18:04 OK   00010_tenant_provisioning.sql (6.21ms)\n"}
{"Time":"2026-10-01T14:18:04.714512+08:00","Action":"output","Package":"ops-platform/test/integration","Test":"TestSourceRegistrationsAreTenantBoundRevisionedAndAudited","Output":"2026/10/01 14:18:04 OK   00011_source_registration_history.sql (6.48ms)\n"}
{"Time":"2026-10-01T14:18:04.722579+08:00","Action":"output","Package":"ops-platform/test/integration","Test":"TestSourceRegistrationsAreTenantBoundRevisionedAndAudited","Output":"2026/10/01 14:18:04 OK   00012_config_registry_lifecycle.sql (7.93ms)\n"}
{"Time":"2026-10-01T14:18:04.732665+08:00","Action":"output","Package":"ops-platform/test/integration","Test":"TestSourceRegistrationsAreTenantBoundRevisionedAndAudited","Output":"2026/10/01 14:18:04 OK   00013_audit_signed_segments.sql (9.93ms)\n"}
{"Time":"2026-10-01T14:18:04.738819+08:00","Action":"output","Package":"ops-platform/test/integration","Test":"TestSourceRegistrationsAreTenantBoundRevisionedAndAudited","Output":"2026/10/01 14:18:04 OK   00014_audit_segment_predecessors.sql (6.03ms)\n"}
{"Time":"2026-10-01T14:18:04.742608+08:00","Action":"output","Package":"ops-platform/test/integration","Test":"TestSourceRegistrationsAreTenantBoundRevisionedAndAudited","Output":"2026/10/01 14:18:04 OK   00015_source_schema_scope.sql (3.68ms)\n"}
{"Time":"2026-10-01T14:18:04.747079+08:00","Action":"output","Package":"ops-platform/test/integration","Test":"TestSourceRegistrationsAreTenantBoundRevisionedAndAudited","Output":"2026/10/01 14:18:04 OK   00016_cluster_registration_metadata.sql (4.37ms)\n"}
{"Time":"2026-10-01T14:18:04.747105+08:00","Action":"output","Package":"ops-platform/test/integration","Test":"TestSourceRegistrationsAreTenantBoundRevisionedAndAudited","Output":"2026/10/01 14:18:04 goose: successfully migrated database to version: 16\n"}
{"Time":"2026-10-01T14:18:04.787527+08:00","Action":"run","Package":"ops-platform/test/integration","Test":"TestSourceRegistrationsAreTenantBoundRevisionedAndAudited/payload-tenant"}
{"Time":"2026-10-01T14:18:04.787563+08:00","Action":"output","Package":"ops-platform/test/integration","Test":"TestSourceRegistrationsAreTenantBoundRevisionedAndAudited/payload-tenant","Output":"=== RUN   TestSourceRegistrationsAreTenantBoundRevisionedAndAudited/payload-tenant\n","OutputType":"frame"}
{"Time":"2026-10-01T14:18:04.788328+08:00","Action":"output","Package":"ops-platform/test/integration","Test":"TestSourceRegistrationsAreTenantBoundRevisionedAndAudited/payload-tenant","Output":"--- PASS: TestSourceRegistrationsAreTenantBoundRevisionedAndAudited/payload-tenant (0.00s)\n","OutputType":"frame"}
{"Time":"2026-10-01T14:18:04.788353+08:00","Action":"pass","Package":"ops-platform/test/integration","Test":"TestSourceRegistrationsAreTenantBoundRevisionedAndAudited/payload-tenant","Elapsed":0}
{"Time":"2026-10-01T14:18:04.788361+08:00","Action":"run","Package":"ops-platform/test/integration","Test":"TestSourceRegistrationsAreTenantBoundRevisionedAndAudited/payload-cluster"}
{"Time":"2026-10-01T14:18:04.788364+08:00","Action":"output","Package":"ops-platform/test/integration","Test":"TestSourceRegistrationsAreTenantBoundRevisionedAndAudited/payload-cluster","Output":"=== RUN   TestSourceRegistrationsAreTenantBoundRevisionedAndAudited/payload-cluster\n","OutputType":"frame"}
{"Time":"2026-10-01T14:18:04.789195+08:00","Action":"output","Package":"ops-platform/test/integration","Test":"TestSourceRegistrationsAreTenantBoundRevisionedAndAudited/payload-cluster","Output":"--- PASS: TestSourceRegistrationsAreTenantBoundRevisionedAndAudited/payload-cluster (0.00s)\n","OutputType":"frame"}
{"Time":"2026-10-01T14:18:04.789211+08:00","Action":"pass","Package":"ops-platform/test/integration","Test":"TestSourceRegistrationsAreTenantBoundRevisionedAndAudited/payload-cluster","Elapsed":0}
{"Time":"2026-10-01T14:18:04.847992+08:00","Action":"output","Package":"ops-platform/test/integration","Test":"TestSourceRegistrationsAreTenantBoundRevisionedAndAudited","Output":"    source_test.go:300: caller-selected tenant field was accepted: status=403 body={\"code\":\"STEP_UP_REQUIRED\",\"message\":\"a current step-up session is required\",\"requestId\":\"01a0f61c-e8ab-7cfc-b54e-8fdf1d81450d\",\"retryable\":false}\n","OutputType":"error"}
{"Time":"2026-10-01T14:18:04.910114+08:00","Action":"output","Package":"ops-platform/test/integration","Test":"TestSourceRegistrationsAreTenantBoundRevisionedAndAudited","Output":"--- FAIL: TestSourceRegistrationsAreTenantBoundRevisionedAndAudited (0.34s)\n","OutputType":"frame"}
{"Time":"2026-10-01T14:18:04.910148+08:00","Action":"fail","Package":"ops-platform/test/integration","Test":"TestSourceRegistrationsAreTenantBoundRevisionedAndAudited","Elapsed":0.34}
{"Time":"2026-10-01T14:18:04.910156+08:00","Action":"run","Package":"ops-platform/test/integration","Test":"TestRevokedStepUpCannotBeRecreatedByReplayingSameJWT"}
{"Time":"2026-10-01T14:18:04.91016+08:00","Action":"output","Package":"ops-platform/test/integration","Test":"TestRevokedStepUpCannotBeRecreatedByReplayingSameJWT","Output":"=== RUN   TestRevokedStepUpCannotBeRecreatedByReplayingSameJWT\n","OutputType":"frame"}
{"Time":"2026-10-01T14:18:04.957902+08:00","Action":"output","Package":"ops-platform/test/integration","Test":"TestRevokedStepUpCannotBeRecreatedByReplayingSameJWT","Output":"2026/10/01 14:18:04 OK   00001_roles_and_schemas.sql (8.86ms)\n"}
{"Time":"2026-10-01T14:18:04.973455+08:00","Action":"output","Package":"ops-platform/test/integration","Test":"TestRevokedStepUpCannotBeRecreatedByReplayingSameJWT","Output":"2026/10/01 14:18:04 OK   00002_platform_meta.sql (15.38ms)\n"}
{"Time":"2026-10-01T14:18:04.982041+08:00","Action":"output","Package":"ops-platform/test/integration","Test":"TestRevokedStepUpCannotBeRecreatedByReplayingSameJWT","Output":"2026/10/01 14:18:04 OK   00003_finding.sql (8.46ms)\n"}
{"Time":"2026-10-01T14:18:04.989371+08:00","Action":"output","Package":"ops-platform/test/integration","Test":"TestRevokedStepUpCannotBeRecreatedByReplayingSameJWT","Output":"2026/10/01 14:18:04 OK   00004_incident.sql (7.23ms)\n"}
{"Time":"2026-10-01T14:18:04.996337+08:00","Action":"output","Package":"ops-platform/test/integration","Test":"TestRevokedStepUpCannotBeRecreatedByReplayingSameJWT","Output":"2026/10/01 14:18:04 OK   00005_investigation.sql (6.84ms)\n"}
{"Time":"2026-10-01T14:18:05.003093+08:00","Action":"output","Package":"ops-platform/test/integration","Test":"TestRevokedStepUpCannotBeRecreatedByReplayingSameJWT","Output":"2026/10/01 14:18:05 OK   00006_action_command.sql (6.64ms)\n"}
{"Time":"2026-10-01T14:18:05.01164+08:00","Action":"output","Package":"ops-platform/test/integration","Test":"TestRevokedStepUpCannotBeRecreatedByReplayingSameJWT","Output":"2026/10/01 14:18:05 OK   00007_audit.sql (8.4ms)\n"}
{"Time":"2026-10-01T14:18:05.019997+08:00","Action":"output","Package":"ops-platform/test/integration","Test":"TestRevokedStepUpCannotBeRecreatedByReplayingSameJWT","Output":"2026/10/01 14:18:05 OK   00008_rls.sql (8.24ms)\n"}
{"Time":"2026-10-01T14:18:05.027013+08:00","Action":"output","Package":"ops-platform/test/integration","Test":"TestRevokedStepUpCannotBeRecreatedByReplayingSameJWT","Output":"2026/10/01 14:18:05 OK   00009_idempotency_ledger.sql (6.88ms)\n"}
{"Time":"2026-10-01T14:18:05.032596+08:00","Action":"output","Package":"ops-platform/test/integration","Test":"TestRevokedStepUpCannotBeRecreatedByReplayingSameJWT","Output":"2026/10/01 14:18:05 OK   00010_tenant_provisioning.sql (5.48ms)\n"}
{"Time":"2026-10-01T14:18:05.038575+08:00","Action":"output","Package":"ops-platform/test/integration","Test":"TestRevokedStepUpCannotBeRecreatedByReplayingSameJWT","Output":"2026/10/01 14:18:05 OK   00011_source_registration_history.sql (5.87ms)\n"}
{"Time":"2026-10-01T14:18:05.046969+08:00","Action":"output","Package":"ops-platform/test/integration","Test":"TestRevokedStepUpCannotBeRecreatedByReplayingSameJWT","Output":"2026/10/01 14:18:05 OK   00012_config_registry_lifecycle.sql (8.25ms)\n"}
{"Time":"2026-10-01T14:18:05.056396+08:00","Action":"output","Package":"ops-platform/test/integration","Test":"TestRevokedStepUpCannotBeRecreatedByReplayingSameJWT","Output":"2026/10/01 14:18:05 OK   00013_audit_signed_segments.sql (9.28ms)\n"}
{"Time":"2026-10-01T14:18:05.061063+08:00","Action":"output","Package":"ops-platform/test/integration","Test":"TestRevokedStepUpCannotBeRecreatedByReplayingSameJWT","Output":"2026/10/01 14:18:05 OK   00014_audit_segment_predecessors.sql (4.55ms)\n"}
{"Time":"2026-10-01T14:18:05.063984+08:00","Action":"output","Package":"ops-platform/test/integration","Test":"TestRevokedStepUpCannotBeRecreatedByReplayingSameJWT","Output":"2026/10/01 14:18:05 OK   00015_source_schema_scope.sql (2.83ms)\n"}
{"Time":"2026-10-01T14:18:05.069345+08:00","Action":"output","Package":"ops-platform/test/integration","Test":"TestRevokedStepUpCannotBeRecreatedByReplayingSameJWT","Output":"2026/10/01 14:18:05 OK   00016_cluster_registration_metadata.sql (5.27ms)\n"}
{"Time":"2026-10-01T14:18:05.069383+08:00","Action":"output","Package":"ops-platform/test/integration","Test":"TestRevokedStepUpCannotBeRecreatedByReplayingSameJWT","Output":"2026/10/01 14:18:05 goose: successfully migrated database to version: 16\n"}
{"Time":"2026-10-01T14:18:05.237735+08:00","Action":"output","Package":"ops-platform/test/integration","Test":"TestRevokedStepUpCannotBeRecreatedByReplayingSameJWT","Output":"--- PASS: TestRevokedStepUpCannotBeRecreatedByReplayingSameJWT (0.33s)\n","OutputType":"frame"}
{"Time":"2026-10-01T14:18:05.237781+08:00","Action":"pass","Package":"ops-platform/test/integration","Test":"TestRevokedStepUpCannotBeRecreatedByReplayingSameJWT","Elapsed":0.33}
{"Time":"2026-10-01T14:18:05.237791+08:00","Action":"run","Package":"ops-platform/test/integration","Test":"TestTenantProvisioningAndRoleBindingRevisions"}
{"Time":"2026-10-01T14:18:05.237795+08:00","Action":"output","Package":"ops-platform/test/integration","Test":"TestTenantProvisioningAndRoleBindingRevisions","Output":"=== RUN   TestTenantProvisioningAndRoleBindingRevisions\n","OutputType":"frame"}
{"Time":"2026-10-01T14:18:05.288923+08:00","Action":"output","Package":"ops-platform/test/integration","Test":"TestTenantProvisioningAndRoleBindingRevisions","Output":"2026/10/01 14:18:05 OK   00001_roles_and_schemas.sql (8.36ms)\n"}
{"Time":"2026-10-01T14:18:05.288968+08:00","Action":"output","Package":"ops-platform/test/integration","Test":"TestTenantProvisioningAndRoleBindingRevisions","Output":"2026/10/01 14:18:05 goose: successfully migrated database to version: 1\n"}
{"Time":"2026-10-01T14:18:05.31883+08:00","Action":"output","Package":"ops-platform/test/integration","Test":"TestTenantProvisioningAndRoleBindingRevisions","Output":"2026/10/01 14:18:05 OK   00002_platform_meta.sql (19.87ms)\n"}
{"Time":"2026-10-01T14:18:05.326926+08:00","Action":"output","Package":"ops-platform/test/integration","Test":"TestTenantProvisioningAndRoleBindingRevisions","Output":"2026/10/01 14:18:05 OK   00003_finding.sql (7.97ms)\n"}
{"Time":"2026-10-01T14:18:05.332304+08:00","Action":"output","Package":"ops-platform/test/integration","Test":"TestTenantProvisioningAndRoleBindingRevisions","Output":"2026/10/01 14:18:05 OK   00004_incident.sql (5.25ms)\n"}
{"Time":"2026-10-01T14:18:05.340869+08:00","Action":"output","Package":"ops-platform/test/integration","Test":"TestTenantProvisioningAndRoleBindingRevisions","Output":"2026/10/01 14:18:05 OK   00005_investigation.sql (8.45ms)\n"}
{"Time":"2026-10-01T14:18:05.348314+08:00","Action":"output","Package":"ops-platform/test/integration","Test":"TestTenantProvisioningAndRoleBindingRevisions","Output":"2026/10/01 14:18:05 OK   00006_action_command.sql (7.32ms)\n"}
{"Time":"2026-10-01T14:18:05.358614+08:00","Action":"output","Package":"ops-platform/test/integration","Test":"TestTenantProvisioningAndRoleBindingRevisions","Output":"2026/10/01 14:18:05 OK   00007_audit.sql (10.17ms)\n"}
{"Time":"2026-10-01T14:18:05.367202+08:00","Action":"output","Package":"ops-platform/test/integration","Test":"TestTenantProvisioningAndRoleBindingRevisions","Output":"2026/10/01 14:18:05 OK   00008_rls.sql (8.46ms)\n"}
{"Time":"2026-10-01T14:18:05.375152+08:00","Action":"output","Package":"ops-platform/test/integration","Test":"TestTenantProvisioningAndRoleBindingRevisions","Output":"2026/10/01 14:18:05 OK   00009_idempotency_ledger.sql (7.8ms)\n"}
{"Time":"2026-10-01T14:18:05.379738+08:00","Action":"output","Package":"ops-platform/test/integration","Test":"TestTenantProvisioningAndRoleBindingRevisions","Output":"2026/10/01 14:18:05 OK   00010_tenant_provisioning.sql (4.47ms)\n"}
{"Time":"2026-10-01T14:18:05.386938+08:00","Action":"output","Package":"ops-platform/test/integration","Test":"TestTenantProvisioningAndRoleBindingRevisions","Output":"2026/10/01 14:18:05 OK   00011_source_registration_history.sql (7.07ms)\n"}
{"Time":"2026-10-01T14:18:05.396877+08:00","Action":"output","Package":"ops-platform/test/integration","Test":"TestTenantProvisioningAndRoleBindingRevisions","Output":"2026/10/01 14:18:05 OK   00012_config_registry_lifecycle.sql (9.81ms)\n"}
{"Time":"2026-10-01T14:18:05.407707+08:00","Action":"output","Package":"ops-platform/test/integration","Test":"TestTenantProvisioningAndRoleBindingRevisions","Output":"2026/10/01 14:18:05 OK   00013_audit_signed_segments.sql (10.69ms)\n"}
{"Time":"2026-10-01T14:18:05.412868+08:00","Action":"output","Package":"ops-platform/test/integration","Test":"TestTenantProvisioningAndRoleBindingRevisions","Output":"2026/10/01 14:18:05 OK   00014_audit_segment_predecessors.sql (5.05ms)\n"}
{"Time":"2026-10-01T14:18:05.416296+08:00","Action":"output","Package":"ops-platform/test/integration","Test":"TestTenantProvisioningAndRoleBindingRevisions","Output":"2026/10/01 14:18:05 OK   00015_source_schema_scope.sql (3.32ms)\n"}
{"Time":"2026-10-01T14:18:05.420627+08:00","Action":"output","Package":"ops-platform/test/integration","Test":"TestTenantProvisioningAndRoleBindingRevisions","Output":"2026/10/01 14:18:05 OK   00016_cluster_registration_metadata.sql (4.25ms)\n"}
{"Time":"2026-10-01T14:18:05.42066+08:00","Action":"output","Package":"ops-platform/test/integration","Test":"TestTenantProvisioningAndRoleBindingRevisions","Output":"2026/10/01 14:18:05 goose: successfully migrated database to version: 16\n"}
{"Time":"2026-10-01T14:18:05.522078+08:00","Action":"output","Package":"ops-platform/test/integration","Test":"TestTenantProvisioningAndRoleBindingRevisions","Output":"--- PASS: TestTenantProvisioningAndRoleBindingRevisions (0.28s)\n","OutputType":"frame"}
{"Time":"2026-10-01T14:18:05.522116+08:00","Action":"pass","Package":"ops-platform/test/integration","Test":"TestTenantProvisioningAndRoleBindingRevisions","Elapsed":0.28}
{"Time":"2026-10-01T14:18:05.522125+08:00","Action":"run","Package":"ops-platform/test/integration","Test":"TestRealAuditWorkerProjectedLoginResumesPendingAfterArchiveOutage"}
{"Time":"2026-10-01T14:18:05.522129+08:00","Action":"output","Package":"ops-platform/test/integration","Test":"TestRealAuditWorkerProjectedLoginResumesPendingAfterArchiveOutage","Output":"=== RUN   TestRealAuditWorkerProjectedLoginResumesPendingAfterArchiveOutage\n","OutputType":"frame"}
{"Time":"2026-10-01T14:18:05.573091+08:00","Action":"output","Package":"ops-platform/test/integration","Test":"TestRealAuditWorkerProjectedLoginResumesPendingAfterArchiveOutage","Output":"2026/10/01 14:18:05 OK   00001_roles_and_schemas.sql (8.93ms)\n"}
{"Time":"2026-10-01T14:18:05.588135+08:00","Action":"output","Package":"ops-platform/test/integration","Test":"TestRealAuditWorkerProjectedLoginResumesPendingAfterArchiveOutage","Output":"2026/10/01 14:18:05 OK   00002_platform_meta.sql (14.78ms)\n"}
{"Time":"2026-10-01T14:18:05.598606+08:00","Action":"output","Package":"ops-platform/test/integration","Test":"TestRealAuditWorkerProjectedLoginResumesPendingAfterArchiveOutage","Output":"2026/10/01 14:18:05 OK   00003_finding.sql (10.41ms)\n"}
{"Time":"2026-10-01T14:18:05.610618+08:00","Action":"output","Package":"ops-platform/test/integration","Test":"TestRealAuditWorkerProjectedLoginResumesPendingAfterArchiveOutage","Output":"2026/10/01 14:18:05 OK   00004_incident.sql (11.89ms)\n"}
{"Time":"2026-10-01T14:18:05.617335+08:00","Action":"output","Package":"ops-platform/test/integration","Test":"TestRealAuditWorkerProjectedLoginResumesPendingAfterArchiveOutage","Output":"2026/10/01 14:18:05 OK   00005_investigation.sql (6.6ms)\n"}
{"Time":"2026-10-01T14:18:05.622391+08:00","Action":"output","Package":"ops-platform/test/integration","Test":"TestRealAuditWorkerProjectedLoginResumesPendingAfterArchiveOutage","Output":"2026/10/01 14:18:05 OK   00006_action_command.sql (4.93ms)\n"}
{"Time":"2026-10-01T14:18:05.632575+08:00","Action":"output","Package":"ops-platform/test/integration","Test":"TestRealAuditWorkerProjectedLoginResumesPendingAfterArchiveOutage","Output":"2026/10/01 14:18:05 OK   00007_audit.sql (10.04ms)\n"}
{"Time":"2026-10-01T14:18:05.641329+08:00","Action":"output","Package":"ops-platform/test/integration","Test":"TestRealAuditWorkerProjectedLoginResumesPendingAfterArchiveOutage","Output":"2026/10/01 14:18:05 OK   00008_rls.sql (8.65ms)\n"}
{"Time":"2026-10-01T14:18:05.648616+08:00","Action":"output","Package":"ops-platform/test/integration","Test":"TestRealAuditWorkerProjectedLoginResumesPendingAfterArchiveOutage","Output":"2026/10/01 14:18:05 OK   00009_idempotency_ledger.sql (7.16ms)\n"}
{"Time":"2026-10-01T14:18:05.653562+08:00","Action":"output","Package":"ops-platform/test/integration","Test":"TestRealAuditWorkerProjectedLoginResumesPendingAfterArchiveOutage","Output":"2026/10/01 14:18:05 OK   00010_tenant_provisioning.sql (4.83ms)\n"}
{"Time":"2026-10-01T14:18:05.660842+08:00","Action":"output","Package":"ops-platform/test/integration","Test":"TestRealAuditWorkerProjectedLoginResumesPendingAfterArchiveOutage","Output":"2026/10/01 14:18:05 OK   00011_source_registration_history.sql (6.88ms)\n"}
{"Time":"2026-10-01T14:18:05.670242+08:00","Action":"output","Package":"ops-platform/test/integration","Test":"TestRealAuditWorkerProjectedLoginResumesPendingAfterArchiveOutage","Output":"2026/10/01 14:18:05 OK   00012_config_registry_lifecycle.sql (9.44ms)\n"}
{"Time":"2026-10-01T14:18:05.680329+08:00","Action":"output","Package":"ops-platform/test/integration","Test":"TestRealAuditWorkerProjectedLoginResumesPendingAfterArchiveOutage","Output":"2026/10/01 14:18:05 OK   00013_audit_signed_segments.sql (9.96ms)\n"}
{"Time":"2026-10-01T14:18:05.685806+08:00","Action":"output","Package":"ops-platform/test/integration","Test":"TestRealAuditWorkerProjectedLoginResumesPendingAfterArchiveOutage","Output":"2026/10/01 14:18:05 OK   00014_audit_segment_predecessors.sql (5.36ms)\n"}
{"Time":"2026-10-01T14:18:05.689036+08:00","Action":"output","Package":"ops-platform/test/integration","Test":"TestRealAuditWorkerProjectedLoginResumesPendingAfterArchiveOutage","Output":"2026/10/01 14:18:05 OK   00015_source_schema_scope.sql (3.14ms)\n"}
{"Time":"2026-10-01T14:18:05.693751+08:00","Action":"output","Package":"ops-platform/test/integration","Test":"TestRealAuditWorkerProjectedLoginResumesPendingAfterArchiveOutage","Output":"2026/10/01 14:18:05 OK   00016_cluster_registration_metadata.sql (4.61ms)\n"}
{"Time":"2026-10-01T14:18:05.693772+08:00","Action":"output","Package":"ops-platform/test/integration","Test":"TestRealAuditWorkerProjectedLoginResumesPendingAfterArchiveOutage","Output":"2026/10/01 14:18:05 goose: successfully migrated database to version: 16\n"}
{"Time":"2026-10-01T14:18:11.477569+08:00","Action":"output","Package":"ops-platform/test/integration","Test":"TestRealAuditWorkerProjectedLoginResumesPendingAfterArchiveOutage","Output":"    worker_runtime_test.go:82: start worker with archive endpoint=http://127.0.0.1:1 bucket=sp03-worker-610159c1\n"}
{"Time":"2026-10-01T14:18:12.399706+08:00","Action":"output","Package":"ops-platform/test/integration","Test":"TestRealAuditWorkerProjectedLoginResumesPendingAfterArchiveOutage","Output":"    worker_runtime_test.go:82: start worker with archive endpoint=http://127.0.0.1:32770 bucket=sp03-worker-610159c1\n"}
{"Time":"2026-10-01T14:18:12.734584+08:00","Action":"output","Package":"ops-platform/test/integration","Test":"TestRealAuditWorkerProjectedLoginResumesPendingAfterArchiveOutage","Output":"    worker_runtime_test.go:165: actual cmd/platform-worker OS processes used projected-token login and worker-only DB login=sp03_worker_973d2243ca9b4cc3b87179093ddb4f3d; first_pid=6095 exit_signal=SIGKILL second_pid=6096 exit_code=0; restart resumed tenants=01a0f61c-ec50-7ef8-8b84-70f0fd6a9261,01a0f61c-ec50-7efb-acf5-9f594c385b30 after S3 refusal; pending=0 max_proof_delay_seconds=366.877 bucket=sp03-worker-610159c1\n"}
{"Time":"2026-10-01T14:18:12.805977+08:00","Action":"output","Package":"ops-platform/test/integration","Test":"TestRealAuditWorkerProjectedLoginResumesPendingAfterArchiveOutage","Output":"--- PASS: TestRealAuditWorkerProjectedLoginResumesPendingAfterArchiveOutage (7.28s)\n","OutputType":"frame"}
{"Time":"2026-10-01T14:18:12.806018+08:00","Action":"pass","Package":"ops-platform/test/integration","Test":"TestRealAuditWorkerProjectedLoginResumesPendingAfterArchiveOutage","Elapsed":7.28}
{"Time":"2026-10-01T14:18:12.806029+08:00","Action":"run","Package":"ops-platform/test/integration","Test":"TestRealOpenBaoWorkloadPKIIssuanceAndRevocation"}
{"Time":"2026-10-01T14:18:12.806035+08:00","Action":"output","Package":"ops-platform/test/integration","Test":"TestRealOpenBaoWorkloadPKIIssuanceAndRevocation","Output":"=== RUN   TestRealOpenBaoWorkloadPKIIssuanceAndRevocation\n","OutputType":"frame"}
{"Time":"2026-10-01T14:18:12.837995+08:00","Action":"output","Package":"ops-platform/test/integration","Test":"TestRealOpenBaoWorkloadPKIIssuanceAndRevocation","Output":"    workload_identity_test.go:86: isolated OpenBao workload role=platform-workload-ops-api certificate_serial=237d44cec5768ac4405715126f7775b845e02558 cert_ttl=1h0m30s revoked_crl_verified=true\n"}
{"Time":"2026-10-01T14:18:12.838092+08:00","Action":"output","Package":"ops-platform/test/integration","Test":"TestRealOpenBaoWorkloadPKIIssuanceAndRevocation","Output":"--- PASS: TestRealOpenBaoWorkloadPKIIssuanceAndRevocation (0.03s)\n","OutputType":"frame"}
{"Time":"2026-10-01T14:18:12.838112+08:00","Action":"pass","Package":"ops-platform/test/integration","Test":"TestRealOpenBaoWorkloadPKIIssuanceAndRevocation","Elapsed":0.03}
{"Time":"2026-10-01T14:18:12.838124+08:00","Action":"output","Package":"ops-platform/test/integration","Output":"FAIL\n","OutputType":"frame"}
{"Time":"2026-10-01T14:18:12.841902+08:00","Action":"output","Package":"ops-platform/test/integration","Output":"FAIL\tops-platform/test/integration\t65.221s\n","OutputType":"frame"}
{"Time":"2026-10-01T14:18:12.841971+08:00","Action":"fail","Package":"ops-platform/test/integration","Elapsed":65.222}
make: *** [test-integration] Error 1
