{"Time":"2026-10-01T14:24:37.756025+08:00","Action":"start","Package":"ops-platform/test/integration"}
{"Time":"2026-10-01T14:24:38.182631+08:00","Action":"run","Package":"ops-platform/test/integration","Test":"TestRealOpenBaoTransitAndSeaweedS3AuditArchive"}
{"Time":"2026-10-01T14:24:38.1828+08:00","Action":"output","Package":"ops-platform/test/integration","Test":"TestRealOpenBaoTransitAndSeaweedS3AuditArchive","Output":"=== RUN   TestRealOpenBaoTransitAndSeaweedS3AuditArchive\n","OutputType":"frame"}
{"Time":"2026-10-01T14:24:38.517936+08:00","Action":"output","Package":"ops-platform/test/integration","Test":"TestRealOpenBaoTransitAndSeaweedS3AuditArchive","Output":"2026/10/01 14:24:38 OK   00001_roles_and_schemas.sql (11.1ms)\n"}
{"Time":"2026-10-01T14:24:38.517973+08:00","Action":"output","Package":"ops-platform/test/integration","Test":"TestRealOpenBaoTransitAndSeaweedS3AuditArchive","Output":"2026/10/01 14:24:38 goose: successfully migrated database to version: 1\n"}
{"Time":"2026-10-01T14:24:38.541243+08:00","Action":"output","Package":"ops-platform/test/integration","Test":"TestRealOpenBaoTransitAndSeaweedS3AuditArchive","Output":"2026/10/01 14:24:38 OK   00002_platform_meta.sql (15.38ms)\n"}
{"Time":"2026-10-01T14:24:38.547752+08:00","Action":"output","Package":"ops-platform/test/integration","Test":"TestRealOpenBaoTransitAndSeaweedS3AuditArchive","Output":"2026/10/01 14:24:38 OK   00003_finding.sql (6.42ms)\n"}
{"Time":"2026-10-01T14:24:38.552837+08:00","Action":"output","Package":"ops-platform/test/integration","Test":"TestRealOpenBaoTransitAndSeaweedS3AuditArchive","Output":"2026/10/01 14:24:38 OK   00004_incident.sql (5.01ms)\n"}
{"Time":"2026-10-01T14:24:38.558686+08:00","Action":"output","Package":"ops-platform/test/integration","Test":"TestRealOpenBaoTransitAndSeaweedS3AuditArchive","Output":"2026/10/01 14:24:38 OK   00005_investigation.sql (5.79ms)\n"}
{"Time":"2026-10-01T14:24:38.563381+08:00","Action":"output","Package":"ops-platform/test/integration","Test":"TestRealOpenBaoTransitAndSeaweedS3AuditArchive","Output":"2026/10/01 14:24:38 OK   00006_action_command.sql (4.6ms)\n"}
{"Time":"2026-10-01T14:24:38.571238+08:00","Action":"output","Package":"ops-platform/test/integration","Test":"TestRealOpenBaoTransitAndSeaweedS3AuditArchive","Output":"2026/10/01 14:24:38 OK   00007_audit.sql (7.77ms)\n"}
{"Time":"2026-10-01T14:24:38.579425+08:00","Action":"output","Package":"ops-platform/test/integration","Test":"TestRealOpenBaoTransitAndSeaweedS3AuditArchive","Output":"2026/10/01 14:24:38 OK   00008_rls.sql (8.13ms)\n"}
{"Time":"2026-10-01T14:24:38.585015+08:00","Action":"output","Package":"ops-platform/test/integration","Test":"TestRealOpenBaoTransitAndSeaweedS3AuditArchive","Output":"2026/10/01 14:24:38 OK   00009_idempotency_ledger.sql (5.52ms)\n"}
{"Time":"2026-10-01T14:24:38.589617+08:00","Action":"output","Package":"ops-platform/test/integration","Test":"TestRealOpenBaoTransitAndSeaweedS3AuditArchive","Output":"2026/10/01 14:24:38 OK   00010_tenant_provisioning.sql (4.55ms)\n"}
{"Time":"2026-10-01T14:24:38.595354+08:00","Action":"output","Package":"ops-platform/test/integration","Test":"TestRealOpenBaoTransitAndSeaweedS3AuditArchive","Output":"2026/10/01 14:24:38 OK   00011_source_registration_history.sql (5.67ms)\n"}
{"Time":"2026-10-01T14:24:38.602279+08:00","Action":"output","Package":"ops-platform/test/integration","Test":"TestRealOpenBaoTransitAndSeaweedS3AuditArchive","Output":"2026/10/01 14:24:38 OK   00012_config_registry_lifecycle.sql (6.86ms)\n"}
{"Time":"2026-10-01T14:24:38.610826+08:00","Action":"output","Package":"ops-platform/test/integration","Test":"TestRealOpenBaoTransitAndSeaweedS3AuditArchive","Output":"2026/10/01 14:24:38 OK   00013_audit_signed_segments.sql (8.46ms)\n"}
{"Time":"2026-10-01T14:24:38.615494+08:00","Action":"output","Package":"ops-platform/test/integration","Test":"TestRealOpenBaoTransitAndSeaweedS3AuditArchive","Output":"2026/10/01 14:24:38 OK   00014_audit_segment_predecessors.sql (4.61ms)\n"}
{"Time":"2026-10-01T14:24:38.618558+08:00","Action":"output","Package":"ops-platform/test/integration","Test":"TestRealOpenBaoTransitAndSeaweedS3AuditArchive","Output":"2026/10/01 14:24:38 OK   00015_source_schema_scope.sql (3.02ms)\n"}
{"Time":"2026-10-01T14:24:38.622381+08:00","Action":"output","Package":"ops-platform/test/integration","Test":"TestRealOpenBaoTransitAndSeaweedS3AuditArchive","Output":"2026/10/01 14:24:38 OK   00016_cluster_registration_metadata.sql (3.78ms)\n"}
{"Time":"2026-10-01T14:24:38.622392+08:00","Action":"output","Package":"ops-platform/test/integration","Test":"TestRealOpenBaoTransitAndSeaweedS3AuditArchive","Output":"2026/10/01 14:24:38 goose: successfully migrated database to version: 16\n"}
{"Time":"2026-10-01T14:24:38.659822+08:00","Action":"output","Package":"ops-platform/test/integration","Test":"TestRealOpenBaoTransitAndSeaweedS3AuditArchive","Output":"    archive_services_test.go:182: isolated S3 bucket=sp03-7954f62e object=2d6e379d-695b-43e4-8598-7b61c37e9a98 digest=sha256:29e16a3c7cd8a747ca75df38a1eeb48a2e1ac0ca49630508c723320b21457c70; audit tenant=2502f9b9-76d1-4ad0-93a3-7991c3ecfc59 segment=01a0f622-eae8-792b-b82b-4582e5e4545f seq=1 verified\n"}
{"Time":"2026-10-01T14:24:38.906096+08:00","Action":"output","Package":"ops-platform/test/integration","Test":"TestRealOpenBaoTransitAndSeaweedS3AuditArchive","Output":"--- PASS: TestRealOpenBaoTransitAndSeaweedS3AuditArchive (0.72s)\n","OutputType":"frame"}
{"Time":"2026-10-01T14:24:38.906153+08:00","Action":"pass","Package":"ops-platform/test/integration","Test":"TestRealOpenBaoTransitAndSeaweedS3AuditArchive","Elapsed":0.72}
{"Time":"2026-10-01T14:24:38.90619+08:00","Action":"run","Package":"ops-platform/test/integration","Test":"TestAuditSegmentsAppendConcurrentlyRecoverAndVerifyTenantScoped"}
{"Time":"2026-10-01T14:24:38.906205+08:00","Action":"output","Package":"ops-platform/test/integration","Test":"TestAuditSegmentsAppendConcurrentlyRecoverAndVerifyTenantScoped","Output":"=== RUN   TestAuditSegmentsAppendConcurrentlyRecoverAndVerifyTenantScoped\n","OutputType":"frame"}
{"Time":"2026-10-01T14:24:38.965467+08:00","Action":"output","Package":"ops-platform/test/integration","Test":"TestAuditSegmentsAppendConcurrentlyRecoverAndVerifyTenantScoped","Output":"2026/10/01 14:24:38 OK   00001_roles_and_schemas.sql (10.66ms)\n"}
{"Time":"2026-10-01T14:24:38.965575+08:00","Action":"output","Package":"ops-platform/test/integration","Test":"TestAuditSegmentsAppendConcurrentlyRecoverAndVerifyTenantScoped","Output":"2026/10/01 14:24:38 goose: successfully migrated database to version: 1\n"}
{"Time":"2026-10-01T14:24:38.992524+08:00","Action":"output","Package":"ops-platform/test/integration","Test":"TestAuditSegmentsAppendConcurrentlyRecoverAndVerifyTenantScoped","Output":"2026/10/01 14:24:38 OK   00002_platform_meta.sql (15ms)\n"}
{"Time":"2026-10-01T14:24:39.001232+08:00","Action":"output","Package":"ops-platform/test/integration","Test":"TestAuditSegmentsAppendConcurrentlyRecoverAndVerifyTenantScoped","Output":"2026/10/01 14:24:39 OK   00003_finding.sql (8.62ms)\n"}
{"Time":"2026-10-01T14:24:39.008455+08:00","Action":"output","Package":"ops-platform/test/integration","Test":"TestAuditSegmentsAppendConcurrentlyRecoverAndVerifyTenantScoped","Output":"2026/10/01 14:24:39 OK   00004_incident.sql (7.16ms)\n"}
{"Time":"2026-10-01T14:24:39.015214+08:00","Action":"output","Package":"ops-platform/test/integration","Test":"TestAuditSegmentsAppendConcurrentlyRecoverAndVerifyTenantScoped","Output":"2026/10/01 14:24:39 OK   00005_investigation.sql (6.69ms)\n"}
{"Time":"2026-10-01T14:24:39.020866+08:00","Action":"output","Package":"ops-platform/test/integration","Test":"TestAuditSegmentsAppendConcurrentlyRecoverAndVerifyTenantScoped","Output":"2026/10/01 14:24:39 OK   00006_action_command.sql (5.48ms)\n"}
{"Time":"2026-10-01T14:24:39.03098+08:00","Action":"output","Package":"ops-platform/test/integration","Test":"TestAuditSegmentsAppendConcurrentlyRecoverAndVerifyTenantScoped","Output":"2026/10/01 14:24:39 OK   00007_audit.sql (10.1ms)\n"}
{"Time":"2026-10-01T14:24:39.040755+08:00","Action":"output","Package":"ops-platform/test/integration","Test":"TestAuditSegmentsAppendConcurrentlyRecoverAndVerifyTenantScoped","Output":"2026/10/01 14:24:39 OK   00008_rls.sql (9.71ms)\n"}
{"Time":"2026-10-01T14:24:39.048253+08:00","Action":"output","Package":"ops-platform/test/integration","Test":"TestAuditSegmentsAppendConcurrentlyRecoverAndVerifyTenantScoped","Output":"2026/10/01 14:24:39 OK   00009_idempotency_ledger.sql (7.38ms)\n"}
{"Time":"2026-10-01T14:24:39.055719+08:00","Action":"output","Package":"ops-platform/test/integration","Test":"TestAuditSegmentsAppendConcurrentlyRecoverAndVerifyTenantScoped","Output":"2026/10/01 14:24:39 OK   00010_tenant_provisioning.sql (7.41ms)\n"}
{"Time":"2026-10-01T14:24:39.062941+08:00","Action":"output","Package":"ops-platform/test/integration","Test":"TestAuditSegmentsAppendConcurrentlyRecoverAndVerifyTenantScoped","Output":"2026/10/01 14:24:39 OK   00011_source_registration_history.sql (7.17ms)\n"}
{"Time":"2026-10-01T14:24:39.071619+08:00","Action":"output","Package":"ops-platform/test/integration","Test":"TestAuditSegmentsAppendConcurrentlyRecoverAndVerifyTenantScoped","Output":"2026/10/01 14:24:39 OK   00012_config_registry_lifecycle.sql (8.59ms)\n"}
{"Time":"2026-10-01T14:24:39.081374+08:00","Action":"output","Package":"ops-platform/test/integration","Test":"TestAuditSegmentsAppendConcurrentlyRecoverAndVerifyTenantScoped","Output":"2026/10/01 14:24:39 OK   00013_audit_signed_segments.sql (9.66ms)\n"}
{"Time":"2026-10-01T14:24:39.087933+08:00","Action":"output","Package":"ops-platform/test/integration","Test":"TestAuditSegmentsAppendConcurrentlyRecoverAndVerifyTenantScoped","Output":"2026/10/01 14:24:39 OK   00014_audit_segment_predecessors.sql (6.48ms)\n"}
{"Time":"2026-10-01T14:24:39.092032+08:00","Action":"output","Package":"ops-platform/test/integration","Test":"TestAuditSegmentsAppendConcurrentlyRecoverAndVerifyTenantScoped","Output":"2026/10/01 14:24:39 OK   00015_source_schema_scope.sql (4.04ms)\n"}
{"Time":"2026-10-01T14:24:39.096379+08:00","Action":"output","Package":"ops-platform/test/integration","Test":"TestAuditSegmentsAppendConcurrentlyRecoverAndVerifyTenantScoped","Output":"2026/10/01 14:24:39 OK   00016_cluster_registration_metadata.sql (4.3ms)\n"}
{"Time":"2026-10-01T14:24:39.096509+08:00","Action":"output","Package":"ops-platform/test/integration","Test":"TestAuditSegmentsAppendConcurrentlyRecoverAndVerifyTenantScoped","Output":"2026/10/01 14:24:39 goose: successfully migrated database to version: 16\n"}
{"Time":"2026-10-01T14:24:41.204799+08:00","Action":"output","Package":"ops-platform/test/integration","Test":"TestAuditSegmentsAppendConcurrentlyRecoverAndVerifyTenantScoped","Output":"--- PASS: TestAuditSegmentsAppendConcurrentlyRecoverAndVerifyTenantScoped (2.30s)\n","OutputType":"frame"}
{"Time":"2026-10-01T14:24:41.204827+08:00","Action":"pass","Package":"ops-platform/test/integration","Test":"TestAuditSegmentsAppendConcurrentlyRecoverAndVerifyTenantScoped","Elapsed":2.3}
{"Time":"2026-10-01T14:24:41.204841+08:00","Action":"run","Package":"ops-platform/test/integration","Test":"TestRoleBindingsAndStepUpSessions"}
{"Time":"2026-10-01T14:24:41.204852+08:00","Action":"output","Package":"ops-platform/test/integration","Test":"TestRoleBindingsAndStepUpSessions","Output":"=== RUN   TestRoleBindingsAndStepUpSessions\n","OutputType":"frame"}
{"Time":"2026-10-01T14:24:41.240832+08:00","Action":"output","Package":"ops-platform/test/integration","Test":"TestRoleBindingsAndStepUpSessions","Output":"2026/10/01 14:24:41 OK   00001_roles_and_schemas.sql (7.48ms)\n"}
{"Time":"2026-10-01T14:24:41.240882+08:00","Action":"output","Package":"ops-platform/test/integration","Test":"TestRoleBindingsAndStepUpSessions","Output":"2026/10/01 14:24:41 goose: successfully migrated database to version: 1\n"}
{"Time":"2026-10-01T14:24:41.262984+08:00","Action":"output","Package":"ops-platform/test/integration","Test":"TestRoleBindingsAndStepUpSessions","Output":"2026/10/01 14:24:41 OK   00002_platform_meta.sql (15.28ms)\n"}
{"Time":"2026-10-01T14:24:41.270324+08:00","Action":"output","Package":"ops-platform/test/integration","Test":"TestRoleBindingsAndStepUpSessions","Output":"2026/10/01 14:24:41 OK   00003_finding.sql (6.95ms)\n"}
{"Time":"2026-10-01T14:24:41.275544+08:00","Action":"output","Package":"ops-platform/test/integration","Test":"TestRoleBindingsAndStepUpSessions","Output":"2026/10/01 14:24:41 OK   00004_incident.sql (5.07ms)\n"}
{"Time":"2026-10-01T14:24:41.281109+08:00","Action":"output","Package":"ops-platform/test/integration","Test":"TestRoleBindingsAndStepUpSessions","Output":"2026/10/01 14:24:41 OK   00005_investigation.sql (5.42ms)\n"}
{"Time":"2026-10-01T14:24:41.286191+08:00","Action":"output","Package":"ops-platform/test/integration","Test":"TestRoleBindingsAndStepUpSessions","Output":"2026/10/01 14:24:41 OK   00006_action_command.sql (4.84ms)\n"}
{"Time":"2026-10-01T14:24:41.293812+08:00","Action":"output","Package":"ops-platform/test/integration","Test":"TestRoleBindingsAndStepUpSessions","Output":"2026/10/01 14:24:41 OK   00007_audit.sql (7.44ms)\n"}
{"Time":"2026-10-01T14:24:41.31301+08:00","Action":"output","Package":"ops-platform/test/integration","Test":"TestRoleBindingsAndStepUpSessions","Output":"2026/10/01 14:24:41 OK   00008_rls.sql (19.05ms)\n"}
{"Time":"2026-10-01T14:24:41.335694+08:00","Action":"output","Package":"ops-platform/test/integration","Test":"TestRoleBindingsAndStepUpSessions","Output":"2026/10/01 14:24:41 OK   00009_idempotency_ledger.sql (22.48ms)\n"}
{"Time":"2026-10-01T14:24:41.344819+08:00","Action":"output","Package":"ops-platform/test/integration","Test":"TestRoleBindingsAndStepUpSessions","Output":"2026/10/01 14:24:41 OK   00010_tenant_provisioning.sql (8.99ms)\n"}
{"Time":"2026-10-01T14:24:41.355127+08:00","Action":"output","Package":"ops-platform/test/integration","Test":"TestRoleBindingsAndStepUpSessions","Output":"2026/10/01 14:24:41 OK   00011_source_registration_history.sql (10.22ms)\n"}
{"Time":"2026-10-01T14:24:41.364483+08:00","Action":"output","Package":"ops-platform/test/integration","Test":"TestRoleBindingsAndStepUpSessions","Output":"2026/10/01 14:24:41 OK   00012_config_registry_lifecycle.sql (9.27ms)\n"}
{"Time":"2026-10-01T14:24:41.376731+08:00","Action":"output","Package":"ops-platform/test/integration","Test":"TestRoleBindingsAndStepUpSessions","Output":"2026/10/01 14:24:41 OK   00013_audit_signed_segments.sql (12.12ms)\n"}
{"Time":"2026-10-01T14:24:41.38353+08:00","Action":"output","Package":"ops-platform/test/integration","Test":"TestRoleBindingsAndStepUpSessions","Output":"2026/10/01 14:24:41 OK   00014_audit_segment_predecessors.sql (6.71ms)\n"}
{"Time":"2026-10-01T14:24:41.387637+08:00","Action":"output","Package":"ops-platform/test/integration","Test":"TestRoleBindingsAndStepUpSessions","Output":"2026/10/01 14:24:41 OK   00015_source_schema_scope.sql (4.05ms)\n"}
{"Time":"2026-10-01T14:24:41.391455+08:00","Action":"output","Package":"ops-platform/test/integration","Test":"TestRoleBindingsAndStepUpSessions","Output":"2026/10/01 14:24:41 OK   00016_cluster_registration_metadata.sql (3.76ms)\n"}
{"Time":"2026-10-01T14:24:41.391475+08:00","Action":"output","Package":"ops-platform/test/integration","Test":"TestRoleBindingsAndStepUpSessions","Output":"2026/10/01 14:24:41 goose: successfully migrated database to version: 16\n"}
{"Time":"2026-10-01T14:24:41.592603+08:00","Action":"output","Package":"ops-platform/test/integration","Test":"TestRoleBindingsAndStepUpSessions","Output":"--- PASS: TestRoleBindingsAndStepUpSessions (0.39s)\n","OutputType":"frame"}
{"Time":"2026-10-01T14:24:41.592626+08:00","Action":"pass","Package":"ops-platform/test/integration","Test":"TestRoleBindingsAndStepUpSessions","Elapsed":0.39}
{"Time":"2026-10-01T14:24:41.592633+08:00","Action":"run","Package":"ops-platform/test/integration","Test":"TestConfigRegistryPublishesActivatesRollsBackAndPreservesHistory"}
{"Time":"2026-10-01T14:24:41.592636+08:00","Action":"output","Package":"ops-platform/test/integration","Test":"TestConfigRegistryPublishesActivatesRollsBackAndPreservesHistory","Output":"=== RUN   TestConfigRegistryPublishesActivatesRollsBackAndPreservesHistory\n","OutputType":"frame"}
{"Time":"2026-10-01T14:24:41.644769+08:00","Action":"output","Package":"ops-platform/test/integration","Test":"TestConfigRegistryPublishesActivatesRollsBackAndPreservesHistory","Output":"2026/10/01 14:24:41 OK   00001_roles_and_schemas.sql (7.61ms)\n"}
{"Time":"2026-10-01T14:24:41.644802+08:00","Action":"output","Package":"ops-platform/test/integration","Test":"TestConfigRegistryPublishesActivatesRollsBackAndPreservesHistory","Output":"2026/10/01 14:24:41 goose: successfully migrated database to version: 1\n"}
{"Time":"2026-10-01T14:24:41.665454+08:00","Action":"output","Package":"ops-platform/test/integration","Test":"TestConfigRegistryPublishesActivatesRollsBackAndPreservesHistory","Output":"2026/10/01 14:24:41 OK   00002_platform_meta.sql (13.74ms)\n"}
{"Time":"2026-10-01T14:24:41.673114+08:00","Action":"output","Package":"ops-platform/test/integration","Test":"TestConfigRegistryPublishesActivatesRollsBackAndPreservesHistory","Output":"2026/10/01 14:24:41 OK   00003_finding.sql (7.49ms)\n"}
{"Time":"2026-10-01T14:24:41.67994+08:00","Action":"output","Package":"ops-platform/test/integration","Test":"TestConfigRegistryPublishesActivatesRollsBackAndPreservesHistory","Output":"2026/10/01 14:24:41 OK   00004_incident.sql (6.65ms)\n"}
{"Time":"2026-10-01T14:24:41.685421+08:00","Action":"output","Package":"ops-platform/test/integration","Test":"TestConfigRegistryPublishesActivatesRollsBackAndPreservesHistory","Output":"2026/10/01 14:24:41 OK   00005_investigation.sql (5.38ms)\n"}
{"Time":"2026-10-01T14:24:41.691024+08:00","Action":"output","Package":"ops-platform/test/integration","Test":"TestConfigRegistryPublishesActivatesRollsBackAndPreservesHistory","Output":"2026/10/01 14:24:41 OK   00006_action_command.sql (5.52ms)\n"}
{"Time":"2026-10-01T14:24:41.69884+08:00","Action":"output","Package":"ops-platform/test/integration","Test":"TestConfigRegistryPublishesActivatesRollsBackAndPreservesHistory","Output":"2026/10/01 14:24:41 OK   00007_audit.sql (7.74ms)\n"}
{"Time":"2026-10-01T14:24:41.706444+08:00","Action":"output","Package":"ops-platform/test/integration","Test":"TestConfigRegistryPublishesActivatesRollsBackAndPreservesHistory","Output":"2026/10/01 14:24:41 OK   00008_rls.sql (7.54ms)\n"}
{"Time":"2026-10-01T14:24:41.712725+08:00","Action":"output","Package":"ops-platform/test/integration","Test":"TestConfigRegistryPublishesActivatesRollsBackAndPreservesHistory","Output":"2026/10/01 14:24:41 OK   00009_idempotency_ledger.sql (6.21ms)\n"}
{"Time":"2026-10-01T14:24:41.717156+08:00","Action":"output","Package":"ops-platform/test/integration","Test":"TestConfigRegistryPublishesActivatesRollsBackAndPreservesHistory","Output":"2026/10/01 14:24:41 OK   00010_tenant_provisioning.sql (4.37ms)\n"}
{"Time":"2026-10-01T14:24:41.723165+08:00","Action":"output","Package":"ops-platform/test/integration","Test":"TestConfigRegistryPublishesActivatesRollsBackAndPreservesHistory","Output":"2026/10/01 14:24:41 OK   00011_source_registration_history.sql (5.95ms)\n"}
{"Time":"2026-10-01T14:24:41.7302+08:00","Action":"output","Package":"ops-platform/test/integration","Test":"TestConfigRegistryPublishesActivatesRollsBackAndPreservesHistory","Output":"2026/10/01 14:24:41 OK   00012_config_registry_lifecycle.sql (6.96ms)\n"}
{"Time":"2026-10-01T14:24:41.739434+08:00","Action":"output","Package":"ops-platform/test/integration","Test":"TestConfigRegistryPublishesActivatesRollsBackAndPreservesHistory","Output":"2026/10/01 14:24:41 OK   00013_audit_signed_segments.sql (9.13ms)\n"}
{"Time":"2026-10-01T14:24:41.745044+08:00","Action":"output","Package":"ops-platform/test/integration","Test":"TestConfigRegistryPublishesActivatesRollsBackAndPreservesHistory","Output":"2026/10/01 14:24:41 OK   00014_audit_segment_predecessors.sql (5.54ms)\n"}
{"Time":"2026-10-01T14:24:41.748718+08:00","Action":"output","Package":"ops-platform/test/integration","Test":"TestConfigRegistryPublishesActivatesRollsBackAndPreservesHistory","Output":"2026/10/01 14:24:41 OK   00015_source_schema_scope.sql (3.64ms)\n"}
{"Time":"2026-10-01T14:24:41.753482+08:00","Action":"output","Package":"ops-platform/test/integration","Test":"TestConfigRegistryPublishesActivatesRollsBackAndPreservesHistory","Output":"2026/10/01 14:24:41 OK   00016_cluster_registration_metadata.sql (4.72ms)\n"}
{"Time":"2026-10-01T14:24:41.753506+08:00","Action":"output","Package":"ops-platform/test/integration","Test":"TestConfigRegistryPublishesActivatesRollsBackAndPreservesHistory","Output":"2026/10/01 14:24:41 goose: successfully migrated database to version: 16\n"}
{"Time":"2026-10-01T14:24:41.904511+08:00","Action":"output","Package":"ops-platform/test/integration","Test":"TestConfigRegistryPublishesActivatesRollsBackAndPreservesHistory","Output":"--- PASS: TestConfigRegistryPublishesActivatesRollsBackAndPreservesHistory (0.31s)\n","OutputType":"frame"}
{"Time":"2026-10-01T14:24:41.904534+08:00","Action":"pass","Package":"ops-platform/test/integration","Test":"TestConfigRegistryPublishesActivatesRollsBackAndPreservesHistory","Elapsed":0.31}
{"Time":"2026-10-01T14:24:41.904551+08:00","Action":"run","Package":"ops-platform/test/integration","Test":"TestIdempotencyLedgerSchema"}
{"Time":"2026-10-01T14:24:41.904555+08:00","Action":"output","Package":"ops-platform/test/integration","Test":"TestIdempotencyLedgerSchema","Output":"=== RUN   TestIdempotencyLedgerSchema\n","OutputType":"frame"}
{"Time":"2026-10-01T14:24:41.935866+08:00","Action":"output","Package":"ops-platform/test/integration","Test":"TestIdempotencyLedgerSchema","Output":"2026/10/01 14:24:41 OK   00001_roles_and_schemas.sql (4.89ms)\n"}
{"Time":"2026-10-01T14:24:41.935882+08:00","Action":"output","Package":"ops-platform/test/integration","Test":"TestIdempotencyLedgerSchema","Output":"2026/10/01 14:24:41 goose: successfully migrated database to version: 1\n"}
{"Time":"2026-10-01T14:24:41.950811+08:00","Action":"output","Package":"ops-platform/test/integration","Test":"TestIdempotencyLedgerSchema","Output":"2026/10/01 14:24:41 OK   00002_platform_meta.sql (10.78ms)\n"}
{"Time":"2026-10-01T14:24:41.955375+08:00","Action":"output","Package":"ops-platform/test/integration","Test":"TestIdempotencyLedgerSchema","Output":"2026/10/01 14:24:41 OK   00003_finding.sql (4.5ms)\n"}
{"Time":"2026-10-01T14:24:41.958128+08:00","Action":"output","Package":"ops-platform/test/integration","Test":"TestIdempotencyLedgerSchema","Output":"2026/10/01 14:24:41 OK   00004_incident.sql (2.7ms)\n"}
{"Time":"2026-10-01T14:24:41.961367+08:00","Action":"output","Package":"ops-platform/test/integration","Test":"TestIdempotencyLedgerSchema","Output":"2026/10/01 14:24:41 OK   00005_investigation.sql (3.19ms)\n"}
{"Time":"2026-10-01T14:24:41.965217+08:00","Action":"output","Package":"ops-platform/test/integration","Test":"TestIdempotencyLedgerSchema","Output":"2026/10/01 14:24:41 OK   00006_action_command.sql (3.79ms)\n"}
{"Time":"2026-10-01T14:24:41.971499+08:00","Action":"output","Package":"ops-platform/test/integration","Test":"TestIdempotencyLedgerSchema","Output":"2026/10/01 14:24:41 OK   00007_audit.sql (6.2ms)\n"}
{"Time":"2026-10-01T14:24:41.977396+08:00","Action":"output","Package":"ops-platform/test/integration","Test":"TestIdempotencyLedgerSchema","Output":"2026/10/01 14:24:41 OK   00008_rls.sql (5.84ms)\n"}
{"Time":"2026-10-01T14:24:41.982165+08:00","Action":"output","Package":"ops-platform/test/integration","Test":"TestIdempotencyLedgerSchema","Output":"2026/10/01 14:24:41 OK   00009_idempotency_ledger.sql (4.71ms)\n"}
{"Time":"2026-10-01T14:24:41.985115+08:00","Action":"output","Package":"ops-platform/test/integration","Test":"TestIdempotencyLedgerSchema","Output":"2026/10/01 14:24:41 OK   00010_tenant_provisioning.sql (2.9ms)\n"}
{"Time":"2026-10-01T14:24:41.989636+08:00","Action":"output","Package":"ops-platform/test/integration","Test":"TestIdempotencyLedgerSchema","Output":"2026/10/01 14:24:41 OK   00011_source_registration_history.sql (4.48ms)\n"}
{"Time":"2026-10-01T14:24:41.99562+08:00","Action":"output","Package":"ops-platform/test/integration","Test":"TestIdempotencyLedgerSchema","Output":"2026/10/01 14:24:41 OK   00012_config_registry_lifecycle.sql (5.91ms)\n"}
{"Time":"2026-10-01T14:24:42.004036+08:00","Action":"output","Package":"ops-platform/test/integration","Test":"TestIdempotencyLedgerSchema","Output":"2026/10/01 14:24:42 OK   00013_audit_signed_segments.sql (8.31ms)\n"}
{"Time":"2026-10-01T14:24:42.008207+08:00","Action":"output","Package":"ops-platform/test/integration","Test":"TestIdempotencyLedgerSchema","Output":"2026/10/01 14:24:42 OK   00014_audit_segment_predecessors.sql (4.11ms)\n"}
{"Time":"2026-10-01T14:24:42.010585+08:00","Action":"output","Package":"ops-platform/test/integration","Test":"TestIdempotencyLedgerSchema","Output":"2026/10/01 14:24:42 OK   00015_source_schema_scope.sql (2.34ms)\n"}
{"Time":"2026-10-01T14:24:42.013719+08:00","Action":"output","Package":"ops-platform/test/integration","Test":"TestIdempotencyLedgerSchema","Output":"2026/10/01 14:24:42 OK   00016_cluster_registration_metadata.sql (3.1ms)\n"}
{"Time":"2026-10-01T14:24:42.013729+08:00","Action":"output","Package":"ops-platform/test/integration","Test":"TestIdempotencyLedgerSchema","Output":"2026/10/01 14:24:42 goose: successfully migrated database to version: 16\n"}
{"Time":"2026-10-01T14:24:42.049454+08:00","Action":"output","Package":"ops-platform/test/integration","Test":"TestIdempotencyLedgerSchema","Output":"--- PASS: TestIdempotencyLedgerSchema (0.14s)\n","OutputType":"frame"}
{"Time":"2026-10-01T14:24:42.049477+08:00","Action":"pass","Package":"ops-platform/test/integration","Test":"TestIdempotencyLedgerSchema","Elapsed":0.14}
{"Time":"2026-10-01T14:24:42.04949+08:00","Action":"run","Package":"ops-platform/test/integration","Test":"TestIdempotencyLedger"}
{"Time":"2026-10-01T14:24:42.049494+08:00","Action":"output","Package":"ops-platform/test/integration","Test":"TestIdempotencyLedger","Output":"=== RUN   TestIdempotencyLedger\n","OutputType":"frame"}
{"Time":"2026-10-01T14:24:42.081391+08:00","Action":"output","Package":"ops-platform/test/integration","Test":"TestIdempotencyLedger","Output":"2026/10/01 14:24:42 OK   00001_roles_and_schemas.sql (6.99ms)\n"}
{"Time":"2026-10-01T14:24:42.08145+08:00","Action":"output","Package":"ops-platform/test/integration","Test":"TestIdempotencyLedger","Output":"2026/10/01 14:24:42 goose: successfully migrated database to version: 1\n"}
{"Time":"2026-10-01T14:24:42.0999+08:00","Action":"output","Package":"ops-platform/test/integration","Test":"TestIdempotencyLedger","Output":"2026/10/01 14:24:42 OK   00002_platform_meta.sql (12.29ms)\n"}
{"Time":"2026-10-01T14:24:42.105099+08:00","Action":"output","Package":"ops-platform/test/integration","Test":"TestIdempotencyLedger","Output":"2026/10/01 14:24:42 OK   00003_finding.sql (5.14ms)\n"}
{"Time":"2026-10-01T14:24:42.109109+08:00","Action":"output","Package":"ops-platform/test/integration","Test":"TestIdempotencyLedger","Output":"2026/10/01 14:24:42 OK   00004_incident.sql (3.95ms)\n"}
{"Time":"2026-10-01T14:24:42.113261+08:00","Action":"output","Package":"ops-platform/test/integration","Test":"TestIdempotencyLedger","Output":"2026/10/01 14:24:42 OK   00005_investigation.sql (4.03ms)\n"}
{"Time":"2026-10-01T14:24:42.11728+08:00","Action":"output","Package":"ops-platform/test/integration","Test":"TestIdempotencyLedger","Output":"2026/10/01 14:24:42 OK   00006_action_command.sql (3.89ms)\n"}
{"Time":"2026-10-01T14:24:42.123327+08:00","Action":"output","Package":"ops-platform/test/integration","Test":"TestIdempotencyLedger","Output":"2026/10/01 14:24:42 OK   00007_audit.sql (5.92ms)\n"}
{"Time":"2026-10-01T14:24:42.129253+08:00","Action":"output","Package":"ops-platform/test/integration","Test":"TestIdempotencyLedger","Output":"2026/10/01 14:24:42 OK   00008_rls.sql (5.72ms)\n"}
{"Time":"2026-10-01T14:24:42.134466+08:00","Action":"output","Package":"ops-platform/test/integration","Test":"TestIdempotencyLedger","Output":"2026/10/01 14:24:42 OK   00009_idempotency_ledger.sql (5.15ms)\n"}
{"Time":"2026-10-01T14:24:42.137393+08:00","Action":"output","Package":"ops-platform/test/integration","Test":"TestIdempotencyLedger","Output":"2026/10/01 14:24:42 OK   00010_tenant_provisioning.sql (2.79ms)\n"}
{"Time":"2026-10-01T14:24:42.142047+08:00","Action":"output","Package":"ops-platform/test/integration","Test":"TestIdempotencyLedger","Output":"2026/10/01 14:24:42 OK   00011_source_registration_history.sql (4.51ms)\n"}
{"Time":"2026-10-01T14:24:42.148798+08:00","Action":"output","Package":"ops-platform/test/integration","Test":"TestIdempotencyLedger","Output":"2026/10/01 14:24:42 OK   00012_config_registry_lifecycle.sql (6.55ms)\n"}
{"Time":"2026-10-01T14:24:42.157289+08:00","Action":"output","Package":"ops-platform/test/integration","Test":"TestIdempotencyLedger","Output":"2026/10/01 14:24:42 OK   00013_audit_signed_segments.sql (8.29ms)\n"}
{"Time":"2026-10-01T14:24:42.16115+08:00","Action":"output","Package":"ops-platform/test/integration","Test":"TestIdempotencyLedger","Output":"2026/10/01 14:24:42 OK   00014_audit_segment_predecessors.sql (3.76ms)\n"}
{"Time":"2026-10-01T14:24:42.163622+08:00","Action":"output","Package":"ops-platform/test/integration","Test":"TestIdempotencyLedger","Output":"2026/10/01 14:24:42 OK   00015_source_schema_scope.sql (2.36ms)\n"}
{"Time":"2026-10-01T14:24:42.166646+08:00","Action":"output","Package":"ops-platform/test/integration","Test":"TestIdempotencyLedger","Output":"2026/10/01 14:24:42 OK   00016_cluster_registration_metadata.sql (2.88ms)\n"}
{"Time":"2026-10-01T14:24:42.166712+08:00","Action":"output","Package":"ops-platform/test/integration","Test":"TestIdempotencyLedger","Output":"2026/10/01 14:24:42 goose: successfully migrated database to version: 16\n"}
{"Time":"2026-10-01T14:24:42.381077+08:00","Action":"output","Package":"ops-platform/test/integration","Test":"TestIdempotencyLedger","Output":"--- PASS: TestIdempotencyLedger (0.33s)\n","OutputType":"frame"}
{"Time":"2026-10-01T14:24:42.381161+08:00","Action":"pass","Package":"ops-platform/test/integration","Test":"TestIdempotencyLedger","Elapsed":0.33}
{"Time":"2026-10-01T14:24:42.381176+08:00","Action":"run","Package":"ops-platform/test/integration","Test":"TestIdempotencyHTTPMiddleware"}
{"Time":"2026-10-01T14:24:42.381184+08:00","Action":"output","Package":"ops-platform/test/integration","Test":"TestIdempotencyHTTPMiddleware","Output":"=== RUN   TestIdempotencyHTTPMiddleware\n","OutputType":"frame"}
{"Time":"2026-10-01T14:24:42.424899+08:00","Action":"output","Package":"ops-platform/test/integration","Test":"TestIdempotencyHTTPMiddleware","Output":"2026/10/01 14:24:42 OK   00001_roles_and_schemas.sql (7.94ms)\n"}
{"Time":"2026-10-01T14:24:42.424958+08:00","Action":"output","Package":"ops-platform/test/integration","Test":"TestIdempotencyHTTPMiddleware","Output":"2026/10/01 14:24:42 goose: successfully migrated database to version: 1\n"}
{"Time":"2026-10-01T14:24:42.449938+08:00","Action":"output","Package":"ops-platform/test/integration","Test":"TestIdempotencyHTTPMiddleware","Output":"2026/10/01 14:24:42 OK   00002_platform_meta.sql (15.91ms)\n"}
{"Time":"2026-10-01T14:24:42.45725+08:00","Action":"output","Package":"ops-platform/test/integration","Test":"TestIdempotencyHTTPMiddleware","Output":"2026/10/01 14:24:42 OK   00003_finding.sql (7.07ms)\n"}
{"Time":"2026-10-01T14:24:42.461902+08:00","Action":"output","Package":"ops-platform/test/integration","Test":"TestIdempotencyHTTPMiddleware","Output":"2026/10/01 14:24:42 OK   00004_incident.sql (4.53ms)\n"}
{"Time":"2026-10-01T14:24:42.467393+08:00","Action":"output","Package":"ops-platform/test/integration","Test":"TestIdempotencyHTTPMiddleware","Output":"2026/10/01 14:24:42 OK   00005_investigation.sql (5.29ms)\n"}
{"Time":"2026-10-01T14:24:42.472834+08:00","Action":"output","Package":"ops-platform/test/integration","Test":"TestIdempotencyHTTPMiddleware","Output":"2026/10/01 14:24:42 OK   00006_action_command.sql (4.76ms)\n"}
{"Time":"2026-10-01T14:24:42.480974+08:00","Action":"output","Package":"ops-platform/test/integration","Test":"TestIdempotencyHTTPMiddleware","Output":"2026/10/01 14:24:42 OK   00007_audit.sql (7.79ms)\n"}
{"Time":"2026-10-01T14:24:42.489564+08:00","Action":"output","Package":"ops-platform/test/integration","Test":"TestIdempotencyHTTPMiddleware","Output":"2026/10/01 14:24:42 OK   00008_rls.sql (8.23ms)\n"}
{"Time":"2026-10-01T14:24:42.497193+08:00","Action":"output","Package":"ops-platform/test/integration","Test":"TestIdempotencyHTTPMiddleware","Output":"2026/10/01 14:24:42 OK   00009_idempotency_ledger.sql (7.02ms)\n"}
{"Time":"2026-10-01T14:24:42.502686+08:00","Action":"output","Package":"ops-platform/test/integration","Test":"TestIdempotencyHTTPMiddleware","Output":"2026/10/01 14:24:42 OK   00010_tenant_provisioning.sql (5.25ms)\n"}
{"Time":"2026-10-01T14:24:42.509193+08:00","Action":"output","Package":"ops-platform/test/integration","Test":"TestIdempotencyHTTPMiddleware","Output":"2026/10/01 14:24:42 OK   00011_source_registration_history.sql (6.24ms)\n"}
{"Time":"2026-10-01T14:24:42.517139+08:00","Action":"output","Package":"ops-platform/test/integration","Test":"TestIdempotencyHTTPMiddleware","Output":"2026/10/01 14:24:42 OK   00012_config_registry_lifecycle.sql (7.64ms)\n"}
{"Time":"2026-10-01T14:24:42.526863+08:00","Action":"output","Package":"ops-platform/test/integration","Test":"TestIdempotencyHTTPMiddleware","Output":"2026/10/01 14:24:42 OK   00013_audit_signed_segments.sql (9.39ms)\n"}
{"Time":"2026-10-01T14:24:42.531361+08:00","Action":"output","Package":"ops-platform/test/integration","Test":"TestIdempotencyHTTPMiddleware","Output":"2026/10/01 14:24:42 OK   00014_audit_segment_predecessors.sql (4.32ms)\n"}
{"Time":"2026-10-01T14:24:42.533933+08:00","Action":"output","Package":"ops-platform/test/integration","Test":"TestIdempotencyHTTPMiddleware","Output":"2026/10/01 14:24:42 OK   00015_source_schema_scope.sql (2.44ms)\n"}
{"Time":"2026-10-01T14:24:42.537106+08:00","Action":"output","Package":"ops-platform/test/integration","Test":"TestIdempotencyHTTPMiddleware","Output":"2026/10/01 14:24:42 OK   00016_cluster_registration_metadata.sql (3.03ms)\n"}
{"Time":"2026-10-01T14:24:42.537177+08:00","Action":"output","Package":"ops-platform/test/integration","Test":"TestIdempotencyHTTPMiddleware","Output":"2026/10/01 14:24:42 goose: successfully migrated database to version: 16\n"}
{"Time":"2026-10-01T14:24:42.624803+08:00","Action":"output","Package":"ops-platform/test/integration","Test":"TestIdempotencyHTTPMiddleware","Output":"--- PASS: TestIdempotencyHTTPMiddleware (0.24s)\n","OutputType":"frame"}
{"Time":"2026-10-01T14:24:42.624861+08:00","Action":"pass","Package":"ops-platform/test/integration","Test":"TestIdempotencyHTTPMiddleware","Elapsed":0.24}
{"Time":"2026-10-01T14:24:42.624882+08:00","Action":"run","Package":"ops-platform/test/integration","Test":"TestKeycloakAuthorizationCodePKCEAndStepUp"}
{"Time":"2026-10-01T14:24:42.62489+08:00","Action":"output","Package":"ops-platform/test/integration","Test":"TestKeycloakAuthorizationCodePKCEAndStepUp","Output":"=== RUN   TestKeycloakAuthorizationCodePKCEAndStepUp\n","OutputType":"frame"}
{"Time":"2026-10-01T14:25:00.304636+08:00","Action":"output","Package":"ops-platform/test/integration","Test":"TestKeycloakAuthorizationCodePKCEAndStepUp","Output":"2026/10/01 14:25:00 OK   00001_roles_and_schemas.sql (6.66ms)\n"}
{"Time":"2026-10-01T14:25:00.304728+08:00","Action":"output","Package":"ops-platform/test/integration","Test":"TestKeycloakAuthorizationCodePKCEAndStepUp","Output":"2026/10/01 14:25:00 goose: successfully migrated database to version: 1\n"}
{"Time":"2026-10-01T14:25:00.323266+08:00","Action":"output","Package":"ops-platform/test/integration","Test":"TestKeycloakAuthorizationCodePKCEAndStepUp","Output":"2026/10/01 14:25:00 OK   00002_platform_meta.sql (12.73ms)\n"}
{"Time":"2026-10-01T14:25:00.328465+08:00","Action":"output","Package":"ops-platform/test/integration","Test":"TestKeycloakAuthorizationCodePKCEAndStepUp","Output":"2026/10/01 14:25:00 OK   00003_finding.sql (4.99ms)\n"}
{"Time":"2026-10-01T14:25:00.33301+08:00","Action":"output","Package":"ops-platform/test/integration","Test":"TestKeycloakAuthorizationCodePKCEAndStepUp","Output":"2026/10/01 14:25:00 OK   00004_incident.sql (3.86ms)\n"}
{"Time":"2026-10-01T14:25:00.337023+08:00","Action":"output","Package":"ops-platform/test/integration","Test":"TestKeycloakAuthorizationCodePKCEAndStepUp","Output":"2026/10/01 14:25:00 OK   00005_investigation.sql (3.81ms)\n"}
{"Time":"2026-10-01T14:25:00.340793+08:00","Action":"output","Package":"ops-platform/test/integration","Test":"TestKeycloakAuthorizationCodePKCEAndStepUp","Output":"2026/10/01 14:25:00 OK   00006_action_command.sql (3.58ms)\n"}
{"Time":"2026-10-01T14:25:00.347197+08:00","Action":"output","Package":"ops-platform/test/integration","Test":"TestKeycloakAuthorizationCodePKCEAndStepUp","Output":"2026/10/01 14:25:00 OK   00007_audit.sql (6.15ms)\n"}
{"Time":"2026-10-01T14:25:00.352719+08:00","Action":"output","Package":"ops-platform/test/integration","Test":"TestKeycloakAuthorizationCodePKCEAndStepUp","Output":"2026/10/01 14:25:00 OK   00008_rls.sql (5.34ms)\n"}
{"Time":"2026-10-01T14:25:00.357217+08:00","Action":"output","Package":"ops-platform/test/integration","Test":"TestKeycloakAuthorizationCodePKCEAndStepUp","Output":"2026/10/01 14:25:00 OK   00009_idempotency_ledger.sql (4.28ms)\n"}
{"Time":"2026-10-01T14:25:00.360037+08:00","Action":"output","Package":"ops-platform/test/integration","Test":"TestKeycloakAuthorizationCodePKCEAndStepUp","Output":"2026/10/01 14:25:00 OK   00010_tenant_provisioning.sql (2.63ms)\n"}
{"Time":"2026-10-01T14:25:00.364057+08:00","Action":"output","Package":"ops-platform/test/integration","Test":"TestKeycloakAuthorizationCodePKCEAndStepUp","Output":"2026/10/01 14:25:00 OK   00011_source_registration_history.sql (3.81ms)\n"}
{"Time":"2026-10-01T14:25:00.369897+08:00","Action":"output","Package":"ops-platform/test/integration","Test":"TestKeycloakAuthorizationCodePKCEAndStepUp","Output":"2026/10/01 14:25:00 OK   00012_config_registry_lifecycle.sql (5.63ms)\n"}
{"Time":"2026-10-01T14:25:00.377151+08:00","Action":"output","Package":"ops-platform/test/integration","Test":"TestKeycloakAuthorizationCodePKCEAndStepUp","Output":"2026/10/01 14:25:00 OK   00013_audit_signed_segments.sql (7.01ms)\n"}
{"Time":"2026-10-01T14:25:00.380691+08:00","Action":"output","Package":"ops-platform/test/integration","Test":"TestKeycloakAuthorizationCodePKCEAndStepUp","Output":"2026/10/01 14:25:00 OK   00014_audit_segment_predecessors.sql (3.37ms)\n"}
{"Time":"2026-10-01T14:25:00.382713+08:00","Action":"output","Package":"ops-platform/test/integration","Test":"TestKeycloakAuthorizationCodePKCEAndStepUp","Output":"2026/10/01 14:25:00 OK   00015_source_schema_scope.sql (1.89ms)\n"}
{"Time":"2026-10-01T14:25:00.385423+08:00","Action":"output","Package":"ops-platform/test/integration","Test":"TestKeycloakAuthorizationCodePKCEAndStepUp","Output":"2026/10/01 14:25:00 OK   00016_cluster_registration_metadata.sql (2.56ms)\n"}
{"Time":"2026-10-01T14:25:00.385474+08:00","Action":"output","Package":"ops-platform/test/integration","Test":"TestKeycloakAuthorizationCodePKCEAndStepUp","Output":"2026/10/01 14:25:00 goose: successfully migrated database to version: 16\n"}
{"Time":"2026-10-01T14:25:00.407641+08:00","Action":"output","Package":"ops-platform/test/integration","Test":"TestKeycloakAuthorizationCodePKCEAndStepUp","Output":"{\"time\":\"2026-10-01T14:25:00.407592+08:00\",\"level\":\"INFO\",\"msg\":\"http request complete\",\"request_id\":\"01a0f623-3ff3-7591-9754-b3c6779fa60c\",\"trace_id\":\"4bf92f3577b34da6a3ce929d0e0e4736\",\"span_id\":\"ceaf8ce5557a3d9d\",\"method\":\"GET\",\"status_code\":200,\"duration_ms\":4}\n"}
{"Time":"2026-10-01T14:25:00.409441+08:00","Action":"output","Package":"ops-platform/test/integration","Test":"TestKeycloakAuthorizationCodePKCEAndStepUp","Output":"{\"time\":\"2026-10-01T14:25:00.409409+08:00\",\"level\":\"INFO\",\"msg\":\"http request complete\",\"request_id\":\"01a0f623-3ff7-7c0d-898a-8618cae98a35\",\"trace_id\":\"4bf92f3577b34da6a3ce929d0e0e4736\",\"span_id\":\"34d20eab7c18d020\",\"method\":\"GET\",\"status_code\":200,\"duration_ms\":1}\n"}
{"Time":"2026-10-01T14:25:00.411003+08:00","Action":"output","Package":"ops-platform/test/integration","Test":"TestKeycloakAuthorizationCodePKCEAndStepUp","Output":"{\"time\":\"2026-10-01T14:25:00.41097+08:00\",\"level\":\"INFO\",\"msg\":\"http request complete\",\"request_id\":\"01a0f623-3ff9-7864-8460-379478b467cd\",\"trace_id\":\"4bf92f3577b34da6a3ce929d0e0e4736\",\"span_id\":\"f83f0b553fc0666b\",\"method\":\"GET\",\"status_code\":200,\"duration_ms\":1}\n"}
{"Time":"2026-10-01T14:25:00.412621+08:00","Action":"output","Package":"ops-platform/test/integration","Test":"TestKeycloakAuthorizationCodePKCEAndStepUp","Output":"{\"time\":\"2026-10-01T14:25:00.412583+08:00\",\"level\":\"INFO\",\"msg\":\"http request complete\",\"request_id\":\"01a0f623-3ffb-71ad-9e27-3d4841809b32\",\"trace_id\":\"4bf92f3577b34da6a3ce929d0e0e4736\",\"span_id\":\"9930612bb51e2d4e\",\"method\":\"GET\",\"status_code\":200,\"duration_ms\":1}\n"}
{"Time":"2026-10-01T14:25:00.414159+08:00","Action":"output","Package":"ops-platform/test/integration","Test":"TestKeycloakAuthorizationCodePKCEAndStepUp","Output":"{\"time\":\"2026-10-01T14:25:00.414105+08:00\",\"level\":\"INFO\",\"msg\":\"http request complete\",\"request_id\":\"01a0f623-3ffc-7bcf-a3c0-64bb44aaa4ab\",\"trace_id\":\"4bf92f3577b34da6a3ce929d0e0e4736\",\"span_id\":\"817941dfdd29db9f\",\"method\":\"GET\",\"status_code\":200,\"duration_ms\":1}\n"}
{"Time":"2026-10-01T14:25:00.415478+08:00","Action":"output","Package":"ops-platform/test/integration","Test":"TestKeycloakAuthorizationCodePKCEAndStepUp","Output":"{\"time\":\"2026-10-01T14:25:00.415454+08:00\",\"level\":\"INFO\",\"msg\":\"http request complete\",\"request_id\":\"01a0f623-3ffe-748f-b3bf-ad71de971172\",\"trace_id\":\"4bf92f3577b34da6a3ce929d0e0e4736\",\"span_id\":\"c82c043fe376b05b\",\"method\":\"GET\",\"status_code\":200,\"duration_ms\":1}\n"}
{"Time":"2026-10-01T14:25:00.419946+08:00","Action":"output","Package":"ops-platform/test/integration","Test":"TestKeycloakAuthorizationCodePKCEAndStepUp","Output":"{\"time\":\"2026-10-01T14:25:00.419928+08:00\",\"level\":\"INFO\",\"msg\":\"http request complete\",\"request_id\":\"01a0f623-3fff-7858-9e8f-d9b114a821c0\",\"trace_id\":\"f203dddca020f8e4fd62e36f480321d7\",\"span_id\":\"f26fc40bc7084e67\",\"method\":\"POST\",\"status_code\":201,\"duration_ms\":4}\n"}
{"Time":"2026-10-01T14:25:00.422181+08:00","Action":"output","Package":"ops-platform/test/integration","Test":"TestKeycloakAuthorizationCodePKCEAndStepUp","Output":"{\"time\":\"2026-10-01T14:25:00.422148+08:00\",\"level\":\"INFO\",\"msg\":\"http request complete\",\"request_id\":\"01a0f623-4004-701b-a31f-4302e45f0d6f\",\"trace_id\":\"79296b3e56ec590e4cfae6a4d753f071\",\"span_id\":\"197bdcbd9be86f5a\",\"method\":\"POST\",\"status_code\":201,\"duration_ms\":2}\n"}
{"Time":"2026-10-01T14:25:00.422274+08:00","Action":"output","Package":"ops-platform/test/integration","Test":"TestKeycloakAuthorizationCodePKCEAndStepUp","Output":"    keycloak_test.go:155: actual APIApp served six management routes and replayed claim-bound step-up using real Keycloak JWT and distinct database login\n"}
{"Time":"2026-10-01T14:25:00.423152+08:00","Action":"output","Package":"ops-platform/test/integration","Test":"TestKeycloakAuthorizationCodePKCEAndStepUp","Output":"{\"time\":\"2026-10-01T14:25:00.423105+08:00\",\"level\":\"WARN\",\"msg\":\"trace export failed\",\"signal\":\"traces\"}\n"}
{"Time":"2026-10-01T14:25:00.424334+08:00","Action":"output","Package":"ops-platform/test/integration","Test":"TestKeycloakAuthorizationCodePKCEAndStepUp","Output":"{\"time\":\"2026-10-01T14:25:00.424304+08:00\",\"level\":\"INFO\",\"msg\":\"http request complete\",\"request_id\":\"01a0f623-4007-73cc-97d7-43eda978bd65\",\"trace_id\":\"bf26c58a978917e3d8dc15e7d97b8fcf\",\"span_id\":\"f79fa0613ff1e348\",\"method\":\"GET\",\"status_code\":200,\"duration_ms\":1}\n"}
{"Time":"2026-10-01T14:25:00.424393+08:00","Action":"output","Package":"ops-platform/test/integration","Test":"TestKeycloakAuthorizationCodePKCEAndStepUp","Output":"    keycloak_test.go:155: actual OTLP connection refusal reported degradation; authenticated management read continued\n"}
{"Time":"2026-10-01T14:25:01.450175+08:00","Action":"output","Package":"ops-platform/test/integration","Test":"TestKeycloakAuthorizationCodePKCEAndStepUp","Output":"    keycloak_test.go:155: actual authenticated API stdout collected and queried in isolated VictoriaLogs\n"}
{"Time":"2026-10-01T14:25:01.51424+08:00","Action":"output","Package":"ops-platform/test/integration","Test":"TestKeycloakAuthorizationCodePKCEAndStepUp","Output":"--- PASS: TestKeycloakAuthorizationCodePKCEAndStepUp (18.89s)\n","OutputType":"frame"}
{"Time":"2026-10-01T14:25:01.514301+08:00","Action":"pass","Package":"ops-platform/test/integration","Test":"TestKeycloakAuthorizationCodePKCEAndStepUp","Elapsed":18.89}
{"Time":"2026-10-01T14:25:01.514323+08:00","Action":"run","Package":"ops-platform/test/integration","Test":"TestFailedForwardMigrationRollsBackAndCanRecover"}
{"Time":"2026-10-01T14:25:01.514332+08:00","Action":"output","Package":"ops-platform/test/integration","Test":"TestFailedForwardMigrationRollsBackAndCanRecover","Output":"=== RUN   TestFailedForwardMigrationRollsBackAndCanRecover\n","OutputType":"frame"}
{"Time":"2026-10-01T14:25:01.551288+08:00","Action":"output","Package":"ops-platform/test/integration","Test":"TestFailedForwardMigrationRollsBackAndCanRecover","Output":"2026/10/01 14:25:01 OK   00001_roles_and_schemas.sql (7.59ms)\n"}
{"Time":"2026-10-01T14:25:01.551333+08:00","Action":"output","Package":"ops-platform/test/integration","Test":"TestFailedForwardMigrationRollsBackAndCanRecover","Output":"2026/10/01 14:25:01 goose: successfully migrated database to version: 1\n"}
{"Time":"2026-10-01T14:25:01.572338+08:00","Action":"output","Package":"ops-platform/test/integration","Test":"TestFailedForwardMigrationRollsBackAndCanRecover","Output":"2026/10/01 14:25:01 OK   00002_platform_meta.sql (14.04ms)\n"}
{"Time":"2026-10-01T14:25:01.579229+08:00","Action":"output","Package":"ops-platform/test/integration","Test":"TestFailedForwardMigrationRollsBackAndCanRecover","Output":"2026/10/01 14:25:01 OK   00003_finding.sql (6.4ms)\n"}
{"Time":"2026-10-01T14:25:01.583916+08:00","Action":"output","Package":"ops-platform/test/integration","Test":"TestFailedForwardMigrationRollsBackAndCanRecover","Output":"2026/10/01 14:25:01 OK   00004_incident.sql (4.55ms)\n"}
{"Time":"2026-10-01T14:25:01.58955+08:00","Action":"output","Package":"ops-platform/test/integration","Test":"TestFailedForwardMigrationRollsBackAndCanRecover","Output":"2026/10/01 14:25:01 OK   00005_investigation.sql (5.48ms)\n"}
{"Time":"2026-10-01T14:25:01.594416+08:00","Action":"output","Package":"ops-platform/test/integration","Test":"TestFailedForwardMigrationRollsBackAndCanRecover","Output":"2026/10/01 14:25:01 OK   00006_action_command.sql (4.72ms)\n"}
{"Time":"2026-10-01T14:25:01.602263+08:00","Action":"output","Package":"ops-platform/test/integration","Test":"TestFailedForwardMigrationRollsBackAndCanRecover","Output":"2026/10/01 14:25:01 OK   00007_audit.sql (7.71ms)\n"}
{"Time":"2026-10-01T14:25:01.612542+08:00","Action":"output","Package":"ops-platform/test/integration","Test":"TestFailedForwardMigrationRollsBackAndCanRecover","Output":"2026/10/01 14:25:01 OK   00008_rls.sql (10.1ms)\n"}
{"Time":"2026-10-01T14:25:01.625557+08:00","Action":"output","Package":"ops-platform/test/integration","Test":"TestFailedForwardMigrationRollsBackAndCanRecover","Output":"2026/10/01 14:25:01 OK   00009_idempotency_ledger.sql (12.73ms)\n"}
{"Time":"2026-10-01T14:25:01.632403+08:00","Action":"output","Package":"ops-platform/test/integration","Test":"TestFailedForwardMigrationRollsBackAndCanRecover","Output":"2026/10/01 14:25:01 OK   00010_tenant_provisioning.sql (6.66ms)\n"}
{"Time":"2026-10-01T14:25:01.63864+08:00","Action":"output","Package":"ops-platform/test/integration","Test":"TestFailedForwardMigrationRollsBackAndCanRecover","Output":"2026/10/01 14:25:01 OK   00011_source_registration_history.sql (6.08ms)\n"}
{"Time":"2026-10-01T14:25:01.647545+08:00","Action":"output","Package":"ops-platform/test/integration","Test":"TestFailedForwardMigrationRollsBackAndCanRecover","Output":"2026/10/01 14:25:01 OK   00012_config_registry_lifecycle.sql (8.74ms)\n"}
{"Time":"2026-10-01T14:25:01.65736+08:00","Action":"output","Package":"ops-platform/test/integration","Test":"TestFailedForwardMigrationRollsBackAndCanRecover","Output":"2026/10/01 14:25:01 OK   00013_audit_signed_segments.sql (9.6ms)\n"}
{"Time":"2026-10-01T14:25:01.663102+08:00","Action":"output","Package":"ops-platform/test/integration","Test":"TestFailedForwardMigrationRollsBackAndCanRecover","Output":"2026/10/01 14:25:01 OK   00014_audit_segment_predecessors.sql (5.47ms)\n"}
{"Time":"2026-10-01T14:25:01.666254+08:00","Action":"output","Package":"ops-platform/test/integration","Test":"TestFailedForwardMigrationRollsBackAndCanRecover","Output":"2026/10/01 14:25:01 OK   00015_source_schema_scope.sql (3.12ms)\n"}
{"Time":"2026-10-01T14:25:01.670201+08:00","Action":"output","Package":"ops-platform/test/integration","Test":"TestFailedForwardMigrationRollsBackAndCanRecover","Output":"2026/10/01 14:25:01 OK   00016_cluster_registration_metadata.sql (3.82ms)\n"}
{"Time":"2026-10-01T14:25:01.670225+08:00","Action":"output","Package":"ops-platform/test/integration","Test":"TestFailedForwardMigrationRollsBackAndCanRecover","Output":"2026/10/01 14:25:01 goose: successfully migrated database to version: 16\n"}
{"Time":"2026-10-01T14:25:01.700721+08:00","Action":"output","Package":"ops-platform/test/integration","Test":"TestFailedForwardMigrationRollsBackAndCanRecover","Output":"2026/10/01 14:25:01 OK   00017_review_failure.sql (3.94ms)\n"}
{"Time":"2026-10-01T14:25:01.700794+08:00","Action":"output","Package":"ops-platform/test/integration","Test":"TestFailedForwardMigrationRollsBackAndCanRecover","Output":"2026/10/01 14:25:01 goose: successfully migrated database to version: 17\n"}
{"Time":"2026-10-01T14:25:01.700832+08:00","Action":"output","Package":"ops-platform/test/integration","Test":"TestFailedForwardMigrationRollsBackAndCanRecover","Output":"    migration_recovery_test.go:71: deliberate SQL division-by-zero rolled back DDL/version; corrected unapplied forward migration succeeded as migration_role\n"}
{"Time":"2026-10-01T14:25:01.754407+08:00","Action":"output","Package":"ops-platform/test/integration","Test":"TestFailedForwardMigrationRollsBackAndCanRecover","Output":"--- PASS: TestFailedForwardMigrationRollsBackAndCanRecover (0.24s)\n","OutputType":"frame"}
{"Time":"2026-10-01T14:25:01.75446+08:00","Action":"pass","Package":"ops-platform/test/integration","Test":"TestFailedForwardMigrationRollsBackAndCanRecover","Elapsed":0.24}
{"Time":"2026-10-01T14:25:01.754501+08:00","Action":"run","Package":"ops-platform/test/integration","Test":"TestMigrationScriptsAreForwardOnlyAndContiguous"}
{"Time":"2026-10-01T14:25:01.754514+08:00","Action":"output","Package":"ops-platform/test/integration","Test":"TestMigrationScriptsAreForwardOnlyAndContiguous","Output":"=== RUN   TestMigrationScriptsAreForwardOnlyAndContiguous\n","OutputType":"frame"}
{"Time":"2026-10-01T14:25:01.755555+08:00","Action":"output","Package":"ops-platform/test/integration","Test":"TestMigrationScriptsAreForwardOnlyAndContiguous","Output":"--- PASS: TestMigrationScriptsAreForwardOnlyAndContiguous (0.00s)\n","OutputType":"frame"}
{"Time":"2026-10-01T14:25:01.755595+08:00","Action":"pass","Package":"ops-platform/test/integration","Test":"TestMigrationScriptsAreForwardOnlyAndContiguous","Elapsed":0}
{"Time":"2026-10-01T14:25:01.755624+08:00","Action":"run","Package":"ops-platform/test/integration","Test":"TestMigrationsAndRoles"}
{"Time":"2026-10-01T14:25:01.755641+08:00","Action":"output","Package":"ops-platform/test/integration","Test":"TestMigrationsAndRoles","Output":"=== RUN   TestMigrationsAndRoles\n","OutputType":"frame"}
{"Time":"2026-10-01T14:25:01.790691+08:00","Action":"output","Package":"ops-platform/test/integration","Test":"TestMigrationsAndRoles","Output":"2026/10/01 14:25:01 OK   00001_roles_and_schemas.sql (7.05ms)\n"}
{"Time":"2026-10-01T14:25:01.790735+08:00","Action":"output","Package":"ops-platform/test/integration","Test":"TestMigrationsAndRoles","Output":"2026/10/01 14:25:01 goose: successfully migrated database to version: 1\n"}
{"Time":"2026-10-01T14:25:01.81094+08:00","Action":"output","Package":"ops-platform/test/integration","Test":"TestMigrationsAndRoles","Output":"2026/10/01 14:25:01 OK   00002_platform_meta.sql (13.33ms)\n"}
{"Time":"2026-10-01T14:25:01.817218+08:00","Action":"output","Package":"ops-platform/test/integration","Test":"TestMigrationsAndRoles","Output":"2026/10/01 14:25:01 OK   00003_finding.sql (6.12ms)\n"}
{"Time":"2026-10-01T14:25:01.821953+08:00","Action":"output","Package":"ops-platform/test/integration","Test":"TestMigrationsAndRoles","Output":"2026/10/01 14:25:01 OK   00004_incident.sql (4.59ms)\n"}
{"Time":"2026-10-01T14:25:01.827267+08:00","Action":"output","Package":"ops-platform/test/integration","Test":"TestMigrationsAndRoles","Output":"2026/10/01 14:25:01 OK   00005_investigation.sql (5.18ms)\n"}
{"Time":"2026-10-01T14:25:01.835651+08:00","Action":"output","Package":"ops-platform/test/integration","Test":"TestMigrationsAndRoles","Output":"2026/10/01 14:25:01 OK   00006_action_command.sql (8.22ms)\n"}
{"Time":"2026-10-01T14:25:01.84352+08:00","Action":"output","Package":"ops-platform/test/integration","Test":"TestMigrationsAndRoles","Output":"2026/10/01 14:25:01 OK   00007_audit.sql (7.68ms)\n"}
{"Time":"2026-10-01T14:25:01.851049+08:00","Action":"output","Package":"ops-platform/test/integration","Test":"TestMigrationsAndRoles","Output":"2026/10/01 14:25:01 OK   00008_rls.sql (7.38ms)\n"}
{"Time":"2026-10-01T14:25:01.857198+08:00","Action":"output","Package":"ops-platform/test/integration","Test":"TestMigrationsAndRoles","Output":"2026/10/01 14:25:01 OK   00009_idempotency_ledger.sql (5.98ms)\n"}
{"Time":"2026-10-01T14:25:01.860998+08:00","Action":"output","Package":"ops-platform/test/integration","Test":"TestMigrationsAndRoles","Output":"2026/10/01 14:25:01 OK   00010_tenant_provisioning.sql (3.68ms)\n"}
{"Time":"2026-10-01T14:25:01.866794+08:00","Action":"output","Package":"ops-platform/test/integration","Test":"TestMigrationsAndRoles","Output":"2026/10/01 14:25:01 OK   00011_source_registration_history.sql (5.65ms)\n"}
{"Time":"2026-10-01T14:25:01.874656+08:00","Action":"output","Package":"ops-platform/test/integration","Test":"TestMigrationsAndRoles","Output":"2026/10/01 14:25:01 OK   00012_config_registry_lifecycle.sql (7.66ms)\n"}
{"Time":"2026-10-01T14:25:01.884192+08:00","Action":"output","Package":"ops-platform/test/integration","Test":"TestMigrationsAndRoles","Output":"2026/10/01 14:25:01 OK   00013_audit_signed_segments.sql (9.3ms)\n"}
{"Time":"2026-10-01T14:25:01.891782+08:00","Action":"output","Package":"ops-platform/test/integration","Test":"TestMigrationsAndRoles","Output":"2026/10/01 14:25:01 OK   00014_audit_segment_predecessors.sql (7.43ms)\n"}
{"Time":"2026-10-01T14:25:01.895196+08:00","Action":"output","Package":"ops-platform/test/integration","Test":"TestMigrationsAndRoles","Output":"2026/10/01 14:25:01 OK   00015_source_schema_scope.sql (3.29ms)\n"}
{"Time":"2026-10-01T14:25:01.899761+08:00","Action":"output","Package":"ops-platform/test/integration","Test":"TestMigrationsAndRoles","Output":"2026/10/01 14:25:01 OK   00016_cluster_registration_metadata.sql (4.38ms)\n"}
{"Time":"2026-10-01T14:25:01.899831+08:00","Action":"output","Package":"ops-platform/test/integration","Test":"TestMigrationsAndRoles","Output":"2026/10/01 14:25:01 goose: successfully migrated database to version: 16\n"}
{"Time":"2026-10-01T14:25:01.948513+08:00","Action":"output","Package":"ops-platform/test/integration","Test":"TestMigrationsAndRoles","Output":"--- PASS: TestMigrationsAndRoles (0.19s)\n","OutputType":"frame"}
{"Time":"2026-10-01T14:25:01.948703+08:00","Action":"pass","Package":"ops-platform/test/integration","Test":"TestMigrationsAndRoles","Elapsed":0.19}
{"Time":"2026-10-01T14:25:01.948738+08:00","Action":"run","Package":"ops-platform/test/integration","Test":"TestMigrationsUpgradeVersionOneData"}
{"Time":"2026-10-01T14:25:01.948753+08:00","Action":"output","Package":"ops-platform/test/integration","Test":"TestMigrationsUpgradeVersionOneData","Output":"=== RUN   TestMigrationsUpgradeVersionOneData\n","OutputType":"frame"}
{"Time":"2026-10-01T14:25:01.983034+08:00","Action":"output","Package":"ops-platform/test/integration","Test":"TestMigrationsUpgradeVersionOneData","Output":"2026/10/01 14:25:01 OK   00001_roles_and_schemas.sql (7.4ms)\n"}
{"Time":"2026-10-01T14:25:01.983122+08:00","Action":"output","Package":"ops-platform/test/integration","Test":"TestMigrationsUpgradeVersionOneData","Output":"2026/10/01 14:25:01 goose: successfully migrated database to version: 1\n"}
{"Time":"2026-10-01T14:25:02.002276+08:00","Action":"output","Package":"ops-platform/test/integration","Test":"TestMigrationsUpgradeVersionOneData","Output":"2026/10/01 14:25:02 OK   00002_platform_meta.sql (12.78ms)\n"}
{"Time":"2026-10-01T14:25:02.007831+08:00","Action":"output","Package":"ops-platform/test/integration","Test":"TestMigrationsUpgradeVersionOneData","Output":"2026/10/01 14:25:02 OK   00003_finding.sql (5.41ms)\n"}
{"Time":"2026-10-01T14:25:02.01173+08:00","Action":"output","Package":"ops-platform/test/integration","Test":"TestMigrationsUpgradeVersionOneData","Output":"2026/10/01 14:25:02 OK   00004_incident.sql (3.76ms)\n"}
{"Time":"2026-10-01T14:25:02.016327+08:00","Action":"output","Package":"ops-platform/test/integration","Test":"TestMigrationsUpgradeVersionOneData","Output":"2026/10/01 14:25:02 OK   00005_investigation.sql (4.47ms)\n"}
{"Time":"2026-10-01T14:25:02.020372+08:00","Action":"output","Package":"ops-platform/test/integration","Test":"TestMigrationsUpgradeVersionOneData","Output":"2026/10/01 14:25:02 OK   00006_action_command.sql (3.92ms)\n"}
{"Time":"2026-10-01T14:25:02.026489+08:00","Action":"output","Package":"ops-platform/test/integration","Test":"TestMigrationsUpgradeVersionOneData","Output":"2026/10/01 14:25:02 OK   00007_audit.sql (6ms)\n"}
{"Time":"2026-10-01T14:25:02.032659+08:00","Action":"output","Package":"ops-platform/test/integration","Test":"TestMigrationsUpgradeVersionOneData","Output":"2026/10/01 14:25:02 OK   00008_rls.sql (6.07ms)\n"}
{"Time":"2026-10-01T14:25:02.037741+08:00","Action":"output","Package":"ops-platform/test/integration","Test":"TestMigrationsUpgradeVersionOneData","Output":"2026/10/01 14:25:02 OK   00009_idempotency_ledger.sql (4.93ms)\n"}
{"Time":"2026-10-01T14:25:02.041398+08:00","Action":"output","Package":"ops-platform/test/integration","Test":"TestMigrationsUpgradeVersionOneData","Output":"2026/10/01 14:25:02 OK   00010_tenant_provisioning.sql (3.54ms)\n"}
{"Time":"2026-10-01T14:25:02.046369+08:00","Action":"output","Package":"ops-platform/test/integration","Test":"TestMigrationsUpgradeVersionOneData","Output":"2026/10/01 14:25:02 OK   00011_source_registration_history.sql (4.55ms)\n"}
{"Time":"2026-10-01T14:25:02.053154+08:00","Action":"output","Package":"ops-platform/test/integration","Test":"TestMigrationsUpgradeVersionOneData","Output":"2026/10/01 14:25:02 OK   00012_config_registry_lifecycle.sql (6.59ms)\n"}
{"Time":"2026-10-01T14:25:02.061192+08:00","Action":"output","Package":"ops-platform/test/integration","Test":"TestMigrationsUpgradeVersionOneData","Output":"2026/10/01 14:25:02 OK   00013_audit_signed_segments.sql (7.84ms)\n"}
{"Time":"2026-10-01T14:25:02.06568+08:00","Action":"output","Package":"ops-platform/test/integration","Test":"TestMigrationsUpgradeVersionOneData","Output":"2026/10/01 14:25:02 OK   00014_audit_segment_predecessors.sql (4.35ms)\n"}
{"Time":"2026-10-01T14:25:02.068316+08:00","Action":"output","Package":"ops-platform/test/integration","Test":"TestMigrationsUpgradeVersionOneData","Output":"2026/10/01 14:25:02 OK   00015_source_schema_scope.sql (2.52ms)\n"}
{"Time":"2026-10-01T14:25:02.071696+08:00","Action":"output","Package":"ops-platform/test/integration","Test":"TestMigrationsUpgradeVersionOneData","Output":"2026/10/01 14:25:02 OK   00016_cluster_registration_metadata.sql (3.26ms)\n"}
{"Time":"2026-10-01T14:25:02.071829+08:00","Action":"output","Package":"ops-platform/test/integration","Test":"TestMigrationsUpgradeVersionOneData","Output":"2026/10/01 14:25:02 goose: successfully migrated database to version: 16\n"}
{"Time":"2026-10-01T14:25:02.227337+08:00","Action":"output","Package":"ops-platform/test/integration","Test":"TestMigrationsUpgradeVersionOneData","Output":"--- PASS: TestMigrationsUpgradeVersionOneData (0.28s)\n","OutputType":"frame"}
{"Time":"2026-10-01T14:25:02.227508+08:00","Action":"pass","Package":"ops-platform/test/integration","Test":"TestMigrationsUpgradeVersionOneData","Elapsed":0.28}
{"Time":"2026-10-01T14:25:02.227529+08:00","Action":"run","Package":"ops-platform/test/integration","Test":"TestWithTenantTxIsolatesTenantsAndUsesAppendOnlyAudit"}
{"Time":"2026-10-01T14:25:02.227537+08:00","Action":"output","Package":"ops-platform/test/integration","Test":"TestWithTenantTxIsolatesTenantsAndUsesAppendOnlyAudit","Output":"=== RUN   TestWithTenantTxIsolatesTenantsAndUsesAppendOnlyAudit\n","OutputType":"frame"}
{"Time":"2026-10-01T14:25:02.26102+08:00","Action":"output","Package":"ops-platform/test/integration","Test":"TestWithTenantTxIsolatesTenantsAndUsesAppendOnlyAudit","Output":"2026/10/01 14:25:02 OK   00001_roles_and_schemas.sql (6.87ms)\n"}
{"Time":"2026-10-01T14:25:02.261082+08:00","Action":"output","Package":"ops-platform/test/integration","Test":"TestWithTenantTxIsolatesTenantsAndUsesAppendOnlyAudit","Output":"2026/10/01 14:25:02 goose: successfully migrated database to version: 1\n"}
{"Time":"2026-10-01T14:25:02.280996+08:00","Action":"output","Package":"ops-platform/test/integration","Test":"TestWithTenantTxIsolatesTenantsAndUsesAppendOnlyAudit","Output":"2026/10/01 14:25:02 OK   00002_platform_meta.sql (12.97ms)\n"}
{"Time":"2026-10-01T14:25:02.286323+08:00","Action":"output","Package":"ops-platform/test/integration","Test":"TestWithTenantTxIsolatesTenantsAndUsesAppendOnlyAudit","Output":"2026/10/01 14:25:02 OK   00003_finding.sql (5.1ms)\n"}
{"Time":"2026-10-01T14:25:02.290502+08:00","Action":"output","Package":"ops-platform/test/integration","Test":"TestWithTenantTxIsolatesTenantsAndUsesAppendOnlyAudit","Output":"2026/10/01 14:25:02 OK   00004_incident.sql (4.04ms)\n"}
{"Time":"2026-10-01T14:25:02.294571+08:00","Action":"output","Package":"ops-platform/test/integration","Test":"TestWithTenantTxIsolatesTenantsAndUsesAppendOnlyAudit","Output":"2026/10/01 14:25:02 OK   00005_investigation.sql (3.99ms)\n"}
{"Time":"2026-10-01T14:25:02.298696+08:00","Action":"output","Package":"ops-platform/test/integration","Test":"TestWithTenantTxIsolatesTenantsAndUsesAppendOnlyAudit","Output":"2026/10/01 14:25:02 OK   00006_action_command.sql (4.03ms)\n"}
{"Time":"2026-10-01T14:25:02.305454+08:00","Action":"output","Package":"ops-platform/test/integration","Test":"TestWithTenantTxIsolatesTenantsAndUsesAppendOnlyAudit","Output":"2026/10/01 14:25:02 OK   00007_audit.sql (6.6ms)\n"}
{"Time":"2026-10-01T14:25:02.311948+08:00","Action":"output","Package":"ops-platform/test/integration","Test":"TestWithTenantTxIsolatesTenantsAndUsesAppendOnlyAudit","Output":"2026/10/01 14:25:02 OK   00008_rls.sql (6.37ms)\n"}
{"Time":"2026-10-01T14:25:02.316993+08:00","Action":"output","Package":"ops-platform/test/integration","Test":"TestWithTenantTxIsolatesTenantsAndUsesAppendOnlyAudit","Output":"2026/10/01 14:25:02 OK   00009_idempotency_ledger.sql (4.88ms)\n"}
{"Time":"2026-10-01T14:25:02.320338+08:00","Action":"output","Package":"ops-platform/test/integration","Test":"TestWithTenantTxIsolatesTenantsAndUsesAppendOnlyAudit","Output":"2026/10/01 14:25:02 OK   00010_tenant_provisioning.sql (3.21ms)\n"}
{"Time":"2026-10-01T14:25:02.324754+08:00","Action":"output","Package":"ops-platform/test/integration","Test":"TestWithTenantTxIsolatesTenantsAndUsesAppendOnlyAudit","Output":"2026/10/01 14:25:02 OK   00011_source_registration_history.sql (4.3ms)\n"}
{"Time":"2026-10-01T14:25:02.331106+08:00","Action":"output","Package":"ops-platform/test/integration","Test":"TestWithTenantTxIsolatesTenantsAndUsesAppendOnlyAudit","Output":"2026/10/01 14:25:02 OK   00012_config_registry_lifecycle.sql (6.21ms)\n"}
{"Time":"2026-10-01T14:25:02.339506+08:00","Action":"output","Package":"ops-platform/test/integration","Test":"TestWithTenantTxIsolatesTenantsAndUsesAppendOnlyAudit","Output":"2026/10/01 14:25:02 OK   00013_audit_signed_segments.sql (8.19ms)\n"}
{"Time":"2026-10-01T14:25:02.343778+08:00","Action":"output","Package":"ops-platform/test/integration","Test":"TestWithTenantTxIsolatesTenantsAndUsesAppendOnlyAudit","Output":"2026/10/01 14:25:02 OK   00014_audit_segment_predecessors.sql (4.11ms)\n"}
{"Time":"2026-10-01T14:25:02.346079+08:00","Action":"output","Package":"ops-platform/test/integration","Test":"TestWithTenantTxIsolatesTenantsAndUsesAppendOnlyAudit","Output":"2026/10/01 14:25:02 OK   00015_source_schema_scope.sql (2.22ms)\n"}
{"Time":"2026-10-01T14:25:02.349301+08:00","Action":"output","Package":"ops-platform/test/integration","Test":"TestWithTenantTxIsolatesTenantsAndUsesAppendOnlyAudit","Output":"2026/10/01 14:25:02 OK   00016_cluster_registration_metadata.sql (2.97ms)\n"}
{"Time":"2026-10-01T14:25:02.349341+08:00","Action":"output","Package":"ops-platform/test/integration","Test":"TestWithTenantTxIsolatesTenantsAndUsesAppendOnlyAudit","Output":"2026/10/01 14:25:02 goose: successfully migrated database to version: 16\n"}
{"Time":"2026-10-01T14:25:02.404622+08:00","Action":"output","Package":"ops-platform/test/integration","Test":"TestWithTenantTxIsolatesTenantsAndUsesAppendOnlyAudit","Output":"--- PASS: TestWithTenantTxIsolatesTenantsAndUsesAppendOnlyAudit (0.18s)\n","OutputType":"frame"}
{"Time":"2026-10-01T14:25:02.404722+08:00","Action":"pass","Package":"ops-platform/test/integration","Test":"TestWithTenantTxIsolatesTenantsAndUsesAppendOnlyAudit","Elapsed":0.18}
{"Time":"2026-10-01T14:25:02.404765+08:00","Action":"run","Package":"ops-platform/test/integration","Test":"TestRealVictoriaMetricsScrapesPlatformProcessMetric"}
{"Time":"2026-10-01T14:25:02.404786+08:00","Action":"output","Package":"ops-platform/test/integration","Test":"TestRealVictoriaMetricsScrapesPlatformProcessMetric","Output":"=== RUN   TestRealVictoriaMetricsScrapesPlatformProcessMetric\n","OutputType":"frame"}
{"Time":"2026-10-01T14:25:02.406607+08:00","Action":"output","Package":"ops-platform/test/integration","Test":"TestRealVictoriaMetricsScrapesPlatformProcessMetric","Output":"--- PASS: TestRealVictoriaMetricsScrapesPlatformProcessMetric (0.00s)\n","OutputType":"frame"}
{"Time":"2026-10-01T14:25:02.406681+08:00","Action":"pass","Package":"ops-platform/test/integration","Test":"TestRealVictoriaMetricsScrapesPlatformProcessMetric","Elapsed":0}
{"Time":"2026-10-01T14:25:02.406742+08:00","Action":"run","Package":"ops-platform/test/integration","Test":"TestRealVictoriaLogsAcceptsStructuredPlatformStdout"}
{"Time":"2026-10-01T14:25:02.406762+08:00","Action":"output","Package":"ops-platform/test/integration","Test":"TestRealVictoriaLogsAcceptsStructuredPlatformStdout","Output":"=== RUN   TestRealVictoriaLogsAcceptsStructuredPlatformStdout\n","OutputType":"frame"}
{"Time":"2026-10-01T14:25:03.411574+08:00","Action":"output","Package":"ops-platform/test/integration","Test":"TestRealVictoriaLogsAcceptsStructuredPlatformStdout","Output":"--- PASS: TestRealVictoriaLogsAcceptsStructuredPlatformStdout (1.00s)\n","OutputType":"frame"}
{"Time":"2026-10-01T14:25:03.411669+08:00","Action":"pass","Package":"ops-platform/test/integration","Test":"TestRealVictoriaLogsAcceptsStructuredPlatformStdout","Elapsed":1}
{"Time":"2026-10-01T14:25:03.411703+08:00","Action":"run","Package":"ops-platform/test/integration","Test":"TestRealProjectedPodTokensAuthenticateOpenBaoAndWorkloadMTLS"}
{"Time":"2026-10-01T14:25:03.411721+08:00","Action":"output","Package":"ops-platform/test/integration","Test":"TestRealProjectedPodTokensAuthenticateOpenBaoAndWorkloadMTLS","Output":"=== RUN   TestRealProjectedPodTokensAuthenticateOpenBaoAndWorkloadMTLS\n","OutputType":"frame"}
{"Time":"2026-10-01T14:25:03.528132+08:00","Action":"output","Package":"ops-platform/test/integration","Test":"TestRealProjectedPodTokensAuthenticateOpenBaoAndWorkloadMTLS","Output":"2026/10/01 14:25:03 http: TLS handshake error from 127.0.0.1:62031: tls: client didn't provide a certificate\n"}
{"Time":"2026-10-01T14:25:03.528208+08:00","Action":"output","Package":"ops-platform/test/integration","Test":"TestRealProjectedPodTokensAuthenticateOpenBaoAndWorkloadMTLS","Output":"    projected_workload_test.go:133: real Pod-bound TokenReview accepted three workload identities, denied unauthorized SA/namespace/audience; Investigator and test Runner mTLS completed without forwarded JWT\n"}
{"Time":"2026-10-01T14:25:03.528253+08:00","Action":"output","Package":"ops-platform/test/integration","Test":"TestRealProjectedPodTokensAuthenticateOpenBaoAndWorkloadMTLS","Output":"--- PASS: TestRealProjectedPodTokensAuthenticateOpenBaoAndWorkloadMTLS (0.12s)\n","OutputType":"frame"}
{"Time":"2026-10-01T14:25:03.528265+08:00","Action":"pass","Package":"ops-platform/test/integration","Test":"TestRealProjectedPodTokensAuthenticateOpenBaoAndWorkloadMTLS","Elapsed":0.12}
{"Time":"2026-10-01T14:25:03.528278+08:00","Action":"run","Package":"ops-platform/test/integration","Test":"TestRuntimeDatabaseLoginCannotRegainOwnerOrOtherProcess"}
{"Time":"2026-10-01T14:25:03.528285+08:00","Action":"output","Package":"ops-platform/test/integration","Test":"TestRuntimeDatabaseLoginCannotRegainOwnerOrOtherProcess","Output":"=== RUN   TestRuntimeDatabaseLoginCannotRegainOwnerOrOtherProcess\n","OutputType":"frame"}
{"Time":"2026-10-01T14:25:03.587228+08:00","Action":"output","Package":"ops-platform/test/integration","Test":"TestRuntimeDatabaseLoginCannotRegainOwnerOrOtherProcess","Output":"2026/10/01 14:25:03 OK   00001_roles_and_schemas.sql (9.84ms)\n"}
{"Time":"2026-10-01T14:25:03.604226+08:00","Action":"output","Package":"ops-platform/test/integration","Test":"TestRuntimeDatabaseLoginCannotRegainOwnerOrOtherProcess","Output":"2026/10/01 14:25:03 OK   00002_platform_meta.sql (16.68ms)\n"}
{"Time":"2026-10-01T14:25:03.613225+08:00","Action":"output","Package":"ops-platform/test/integration","Test":"TestRuntimeDatabaseLoginCannotRegainOwnerOrOtherProcess","Output":"2026/10/01 14:25:03 OK   00003_finding.sql (8.7ms)\n"}
{"Time":"2026-10-01T14:25:03.619583+08:00","Action":"output","Package":"ops-platform/test/integration","Test":"TestRuntimeDatabaseLoginCannotRegainOwnerOrOtherProcess","Output":"2026/10/01 14:25:03 OK   00004_incident.sql (6.16ms)\n"}
{"Time":"2026-10-01T14:25:03.626606+08:00","Action":"output","Package":"ops-platform/test/integration","Test":"TestRuntimeDatabaseLoginCannotRegainOwnerOrOtherProcess","Output":"2026/10/01 14:25:03 OK   00005_investigation.sql (6.76ms)\n"}
{"Time":"2026-10-01T14:25:03.63324+08:00","Action":"output","Package":"ops-platform/test/integration","Test":"TestRuntimeDatabaseLoginCannotRegainOwnerOrOtherProcess","Output":"2026/10/01 14:25:03 OK   00006_action_command.sql (6.37ms)\n"}
{"Time":"2026-10-01T14:25:03.642098+08:00","Action":"output","Package":"ops-platform/test/integration","Test":"TestRuntimeDatabaseLoginCannotRegainOwnerOrOtherProcess","Output":"2026/10/01 14:25:03 OK   00007_audit.sql (8.61ms)\n"}
{"Time":"2026-10-01T14:25:03.6518+08:00","Action":"output","Package":"ops-platform/test/integration","Test":"TestRuntimeDatabaseLoginCannotRegainOwnerOrOtherProcess","Output":"2026/10/01 14:25:03 OK   00008_rls.sql (9.42ms)\n"}
{"Time":"2026-10-01T14:25:03.659667+08:00","Action":"output","Package":"ops-platform/test/integration","Test":"TestRuntimeDatabaseLoginCannotRegainOwnerOrOtherProcess","Output":"2026/10/01 14:25:03 OK   00009_idempotency_ledger.sql (7.55ms)\n"}
{"Time":"2026-10-01T14:25:03.665336+08:00","Action":"output","Package":"ops-platform/test/integration","Test":"TestRuntimeDatabaseLoginCannotRegainOwnerOrOtherProcess","Output":"2026/10/01 14:25:03 OK   00010_tenant_provisioning.sql (5.41ms)\n"}
{"Time":"2026-10-01T14:25:03.671521+08:00","Action":"output","Package":"ops-platform/test/integration","Test":"TestRuntimeDatabaseLoginCannotRegainOwnerOrOtherProcess","Output":"2026/10/01 14:25:03 OK   00011_source_registration_history.sql (6ms)\n"}
{"Time":"2026-10-01T14:25:03.685692+08:00","Action":"output","Package":"ops-platform/test/integration","Test":"TestRuntimeDatabaseLoginCannotRegainOwnerOrOtherProcess","Output":"2026/10/01 14:25:03 OK   00012_config_registry_lifecycle.sql (13.92ms)\n"}
{"Time":"2026-10-01T14:25:03.696426+08:00","Action":"output","Package":"ops-platform/test/integration","Test":"TestRuntimeDatabaseLoginCannotRegainOwnerOrOtherProcess","Output":"2026/10/01 14:25:03 OK   00013_audit_signed_segments.sql (10.36ms)\n"}
{"Time":"2026-10-01T14:25:03.702373+08:00","Action":"output","Package":"ops-platform/test/integration","Test":"TestRuntimeDatabaseLoginCannotRegainOwnerOrOtherProcess","Output":"2026/10/01 14:25:03 OK   00014_audit_segment_predecessors.sql (5.63ms)\n"}
{"Time":"2026-10-01T14:25:03.706125+08:00","Action":"output","Package":"ops-platform/test/integration","Test":"TestRuntimeDatabaseLoginCannotRegainOwnerOrOtherProcess","Output":"2026/10/01 14:25:03 OK   00015_source_schema_scope.sql (3.59ms)\n"}
{"Time":"2026-10-01T14:25:03.711121+08:00","Action":"output","Package":"ops-platform/test/integration","Test":"TestRuntimeDatabaseLoginCannotRegainOwnerOrOtherProcess","Output":"2026/10/01 14:25:03 OK   00016_cluster_registration_metadata.sql (4.79ms)\n"}
{"Time":"2026-10-01T14:25:03.711208+08:00","Action":"output","Package":"ops-platform/test/integration","Test":"TestRuntimeDatabaseLoginCannotRegainOwnerOrOtherProcess","Output":"2026/10/01 14:25:03 goose: successfully migrated database to version: 16\n"}
{"Time":"2026-10-01T14:25:03.799015+08:00","Action":"output","Package":"ops-platform/test/integration","Test":"TestRuntimeDatabaseLoginCannotRegainOwnerOrOtherProcess","Output":"--- PASS: TestRuntimeDatabaseLoginCannotRegainOwnerOrOtherProcess (0.27s)\n","OutputType":"frame"}
{"Time":"2026-10-01T14:25:03.799091+08:00","Action":"pass","Package":"ops-platform/test/integration","Test":"TestRuntimeDatabaseLoginCannotRegainOwnerOrOtherProcess","Elapsed":0.27}
{"Time":"2026-10-01T14:25:03.799137+08:00","Action":"run","Package":"ops-platform/test/integration","Test":"TestSourceRegistrationsAreTenantBoundRevisionedAndAudited"}
{"Time":"2026-10-01T14:25:03.799152+08:00","Action":"output","Package":"ops-platform/test/integration","Test":"TestSourceRegistrationsAreTenantBoundRevisionedAndAudited","Output":"=== RUN   TestSourceRegistrationsAreTenantBoundRevisionedAndAudited\n","OutputType":"frame"}
{"Time":"2026-10-01T14:25:03.847784+08:00","Action":"output","Package":"ops-platform/test/integration","Test":"TestSourceRegistrationsAreTenantBoundRevisionedAndAudited","Output":"2026/10/01 14:25:03 OK   00001_roles_and_schemas.sql (8.91ms)\n"}
{"Time":"2026-10-01T14:25:03.847887+08:00","Action":"output","Package":"ops-platform/test/integration","Test":"TestSourceRegistrationsAreTenantBoundRevisionedAndAudited","Output":"2026/10/01 14:25:03 goose: successfully migrated database to version: 1\n"}
{"Time":"2026-10-01T14:25:03.869179+08:00","Action":"output","Package":"ops-platform/test/integration","Test":"TestSourceRegistrationsAreTenantBoundRevisionedAndAudited","Output":"2026/10/01 14:25:03 OK   00002_platform_meta.sql (14.14ms)\n"}
{"Time":"2026-10-01T14:25:03.876297+08:00","Action":"output","Package":"ops-platform/test/integration","Test":"TestSourceRegistrationsAreTenantBoundRevisionedAndAudited","Output":"2026/10/01 14:25:03 OK   00003_finding.sql (6.85ms)\n"}
{"Time":"2026-10-01T14:25:03.882042+08:00","Action":"output","Package":"ops-platform/test/integration","Test":"TestSourceRegistrationsAreTenantBoundRevisionedAndAudited","Output":"2026/10/01 14:25:03 OK   00004_incident.sql (5.5ms)\n"}
{"Time":"2026-10-01T14:25:03.888173+08:00","Action":"output","Package":"ops-platform/test/integration","Test":"TestSourceRegistrationsAreTenantBoundRevisionedAndAudited","Output":"2026/10/01 14:25:03 OK   00005_investigation.sql (5.92ms)\n"}
{"Time":"2026-10-01T14:25:03.893517+08:00","Action":"output","Package":"ops-platform/test/integration","Test":"TestSourceRegistrationsAreTenantBoundRevisionedAndAudited","Output":"2026/10/01 14:25:03 OK   00006_action_command.sql (5.16ms)\n"}
{"Time":"2026-10-01T14:25:03.901441+08:00","Action":"output","Package":"ops-platform/test/integration","Test":"TestSourceRegistrationsAreTenantBoundRevisionedAndAudited","Output":"2026/10/01 14:25:03 OK   00007_audit.sql (7.73ms)\n"}
{"Time":"2026-10-01T14:25:03.909111+08:00","Action":"output","Package":"ops-platform/test/integration","Test":"TestSourceRegistrationsAreTenantBoundRevisionedAndAudited","Output":"2026/10/01 14:25:03 OK   00008_rls.sql (7.45ms)\n"}
{"Time":"2026-10-01T14:25:03.915579+08:00","Action":"output","Package":"ops-platform/test/integration","Test":"TestSourceRegistrationsAreTenantBoundRevisionedAndAudited","Output":"2026/10/01 14:25:03 OK   00009_idempotency_ledger.sql (6.24ms)\n"}
{"Time":"2026-10-01T14:25:03.920241+08:00","Action":"output","Package":"ops-platform/test/integration","Test":"TestSourceRegistrationsAreTenantBoundRevisionedAndAudited","Output":"2026/10/01 14:25:03 OK   00010_tenant_provisioning.sql (4.45ms)\n"}
{"Time":"2026-10-01T14:25:03.926162+08:00","Action":"output","Package":"ops-platform/test/integration","Test":"TestSourceRegistrationsAreTenantBoundRevisionedAndAudited","Output":"2026/10/01 14:25:03 OK   00011_source_registration_history.sql (5.65ms)\n"}
{"Time":"2026-10-01T14:25:03.93435+08:00","Action":"output","Package":"ops-platform/test/integration","Test":"TestSourceRegistrationsAreTenantBoundRevisionedAndAudited","Output":"2026/10/01 14:25:03 OK   00012_config_registry_lifecycle.sql (7.89ms)\n"}
{"Time":"2026-10-01T14:25:03.943936+08:00","Action":"output","Package":"ops-platform/test/integration","Test":"TestSourceRegistrationsAreTenantBoundRevisionedAndAudited","Output":"2026/10/01 14:25:03 OK   00013_audit_signed_segments.sql (9.28ms)\n"}
{"Time":"2026-10-01T14:25:03.949255+08:00","Action":"output","Package":"ops-platform/test/integration","Test":"TestSourceRegistrationsAreTenantBoundRevisionedAndAudited","Output":"2026/10/01 14:25:03 OK   00014_audit_segment_predecessors.sql (5.1ms)\n"}
{"Time":"2026-10-01T14:25:03.952591+08:00","Action":"output","Package":"ops-platform/test/integration","Test":"TestSourceRegistrationsAreTenantBoundRevisionedAndAudited","Output":"2026/10/01 14:25:03 OK   00015_source_schema_scope.sql (3.2ms)\n"}
{"Time":"2026-10-01T14:25:03.956531+08:00","Action":"output","Package":"ops-platform/test/integration","Test":"TestSourceRegistrationsAreTenantBoundRevisionedAndAudited","Output":"2026/10/01 14:25:03 OK   00016_cluster_registration_metadata.sql (3.8ms)\n"}
{"Time":"2026-10-01T14:25:03.956573+08:00","Action":"output","Package":"ops-platform/test/integration","Test":"TestSourceRegistrationsAreTenantBoundRevisionedAndAudited","Output":"2026/10/01 14:25:03 goose: successfully migrated database to version: 16\n"}
{"Time":"2026-10-01T14:25:03.991103+08:00","Action":"run","Package":"ops-platform/test/integration","Test":"TestSourceRegistrationsAreTenantBoundRevisionedAndAudited/payload-tenant"}
{"Time":"2026-10-01T14:25:03.991189+08:00","Action":"output","Package":"ops-platform/test/integration","Test":"TestSourceRegistrationsAreTenantBoundRevisionedAndAudited/payload-tenant","Output":"=== RUN   TestSourceRegistrationsAreTenantBoundRevisionedAndAudited/payload-tenant\n","OutputType":"frame"}
{"Time":"2026-10-01T14:25:03.991874+08:00","Action":"output","Package":"ops-platform/test/integration","Test":"TestSourceRegistrationsAreTenantBoundRevisionedAndAudited/payload-tenant","Output":"--- PASS: TestSourceRegistrationsAreTenantBoundRevisionedAndAudited/payload-tenant (0.00s)\n","OutputType":"frame"}
{"Time":"2026-10-01T14:25:03.991935+08:00","Action":"pass","Package":"ops-platform/test/integration","Test":"TestSourceRegistrationsAreTenantBoundRevisionedAndAudited/payload-tenant","Elapsed":0}
{"Time":"2026-10-01T14:25:03.991952+08:00","Action":"run","Package":"ops-platform/test/integration","Test":"TestSourceRegistrationsAreTenantBoundRevisionedAndAudited/payload-cluster"}
{"Time":"2026-10-01T14:25:03.991961+08:00","Action":"output","Package":"ops-platform/test/integration","Test":"TestSourceRegistrationsAreTenantBoundRevisionedAndAudited/payload-cluster","Output":"=== RUN   TestSourceRegistrationsAreTenantBoundRevisionedAndAudited/payload-cluster\n","OutputType":"frame"}
{"Time":"2026-10-01T14:25:03.992682+08:00","Action":"output","Package":"ops-platform/test/integration","Test":"TestSourceRegistrationsAreTenantBoundRevisionedAndAudited/payload-cluster","Output":"--- PASS: TestSourceRegistrationsAreTenantBoundRevisionedAndAudited/payload-cluster (0.00s)\n","OutputType":"frame"}
{"Time":"2026-10-01T14:25:03.992744+08:00","Action":"pass","Package":"ops-platform/test/integration","Test":"TestSourceRegistrationsAreTenantBoundRevisionedAndAudited/payload-cluster","Elapsed":0}
{"Time":"2026-10-01T14:25:04.098358+08:00","Action":"output","Package":"ops-platform/test/integration","Test":"TestSourceRegistrationsAreTenantBoundRevisionedAndAudited","Output":"--- PASS: TestSourceRegistrationsAreTenantBoundRevisionedAndAudited (0.30s)\n","OutputType":"frame"}
{"Time":"2026-10-01T14:25:04.098391+08:00","Action":"pass","Package":"ops-platform/test/integration","Test":"TestSourceRegistrationsAreTenantBoundRevisionedAndAudited","Elapsed":0.3}
{"Time":"2026-10-01T14:25:04.098402+08:00","Action":"run","Package":"ops-platform/test/integration","Test":"TestRevokedStepUpCannotBeRecreatedByReplayingSameJWT"}
{"Time":"2026-10-01T14:25:04.098409+08:00","Action":"output","Package":"ops-platform/test/integration","Test":"TestRevokedStepUpCannotBeRecreatedByReplayingSameJWT","Output":"=== RUN   TestRevokedStepUpCannotBeRecreatedByReplayingSameJWT\n","OutputType":"frame"}
{"Time":"2026-10-01T14:25:04.128701+08:00","Action":"output","Package":"ops-platform/test/integration","Test":"TestRevokedStepUpCannotBeRecreatedByReplayingSameJWT","Output":"2026/10/01 14:25:04 OK   00001_roles_and_schemas.sql (6.02ms)\n"}
{"Time":"2026-10-01T14:25:04.139959+08:00","Action":"output","Package":"ops-platform/test/integration","Test":"TestRevokedStepUpCannotBeRecreatedByReplayingSameJWT","Output":"2026/10/01 14:25:04 OK   00002_platform_meta.sql (10.97ms)\n"}
{"Time":"2026-10-01T14:25:04.145522+08:00","Action":"output","Package":"ops-platform/test/integration","Test":"TestRevokedStepUpCannotBeRecreatedByReplayingSameJWT","Output":"2026/10/01 14:25:04 OK   00003_finding.sql (5.44ms)\n"}
{"Time":"2026-10-01T14:25:04.149479+08:00","Action":"output","Package":"ops-platform/test/integration","Test":"TestRevokedStepUpCannotBeRecreatedByReplayingSameJWT","Output":"2026/10/01 14:25:04 OK   00004_incident.sql (3.81ms)\n"}
{"Time":"2026-10-01T14:25:04.153795+08:00","Action":"output","Package":"ops-platform/test/integration","Test":"TestRevokedStepUpCannotBeRecreatedByReplayingSameJWT","Output":"2026/10/01 14:25:04 OK   00005_investigation.sql (4.2ms)\n"}
{"Time":"2026-10-01T14:25:04.157479+08:00","Action":"output","Package":"ops-platform/test/integration","Test":"TestRevokedStepUpCannotBeRecreatedByReplayingSameJWT","Output":"2026/10/01 14:25:04 OK   00006_action_command.sql (3.58ms)\n"}
{"Time":"2026-10-01T14:25:04.163883+08:00","Action":"output","Package":"ops-platform/test/integration","Test":"TestRevokedStepUpCannotBeRecreatedByReplayingSameJWT","Output":"2026/10/01 14:25:04 OK   00007_audit.sql (6.27ms)\n"}
{"Time":"2026-10-01T14:25:04.170321+08:00","Action":"output","Package":"ops-platform/test/integration","Test":"TestRevokedStepUpCannotBeRecreatedByReplayingSameJWT","Output":"2026/10/01 14:25:04 OK   00008_rls.sql (6.28ms)\n"}
{"Time":"2026-10-01T14:25:04.175447+08:00","Action":"output","Package":"ops-platform/test/integration","Test":"TestRevokedStepUpCannotBeRecreatedByReplayingSameJWT","Output":"2026/10/01 14:25:04 OK   00009_idempotency_ledger.sql (4.95ms)\n"}
{"Time":"2026-10-01T14:25:04.178512+08:00","Action":"output","Package":"ops-platform/test/integration","Test":"TestRevokedStepUpCannotBeRecreatedByReplayingSameJWT","Output":"2026/10/01 14:25:04 OK   00010_tenant_provisioning.sql (2.92ms)\n"}
{"Time":"2026-10-01T14:25:04.183556+08:00","Action":"output","Package":"ops-platform/test/integration","Test":"TestRevokedStepUpCannotBeRecreatedByReplayingSameJWT","Output":"2026/10/01 14:25:04 OK   00011_source_registration_history.sql (4.9ms)\n"}
{"Time":"2026-10-01T14:25:04.190005+08:00","Action":"output","Package":"ops-platform/test/integration","Test":"TestRevokedStepUpCannotBeRecreatedByReplayingSameJWT","Output":"2026/10/01 14:25:04 OK   00012_config_registry_lifecycle.sql (6.19ms)\n"}
{"Time":"2026-10-01T14:25:04.198823+08:00","Action":"output","Package":"ops-platform/test/integration","Test":"TestRevokedStepUpCannotBeRecreatedByReplayingSameJWT","Output":"2026/10/01 14:25:04 OK   00013_audit_signed_segments.sql (8.56ms)\n"}
{"Time":"2026-10-01T14:25:04.202664+08:00","Action":"output","Package":"ops-platform/test/integration","Test":"TestRevokedStepUpCannotBeRecreatedByReplayingSameJWT","Output":"2026/10/01 14:25:04 OK   00014_audit_segment_predecessors.sql (3.74ms)\n"}
{"Time":"2026-10-01T14:25:04.204776+08:00","Action":"output","Package":"ops-platform/test/integration","Test":"TestRevokedStepUpCannotBeRecreatedByReplayingSameJWT","Output":"2026/10/01 14:25:04 OK   00015_source_schema_scope.sql (2.07ms)\n"}
{"Time":"2026-10-01T14:25:04.20764+08:00","Action":"output","Package":"ops-platform/test/integration","Test":"TestRevokedStepUpCannotBeRecreatedByReplayingSameJWT","Output":"2026/10/01 14:25:04 OK   00016_cluster_registration_metadata.sql (2.81ms)\n"}
{"Time":"2026-10-01T14:25:04.207683+08:00","Action":"output","Package":"ops-platform/test/integration","Test":"TestRevokedStepUpCannotBeRecreatedByReplayingSameJWT","Output":"2026/10/01 14:25:04 goose: successfully migrated database to version: 16\n"}
{"Time":"2026-10-01T14:25:04.358664+08:00","Action":"output","Package":"ops-platform/test/integration","Test":"TestRevokedStepUpCannotBeRecreatedByReplayingSameJWT","Output":"--- PASS: TestRevokedStepUpCannotBeRecreatedByReplayingSameJWT (0.26s)\n","OutputType":"frame"}
{"Time":"2026-10-01T14:25:04.358732+08:00","Action":"pass","Package":"ops-platform/test/integration","Test":"TestRevokedStepUpCannotBeRecreatedByReplayingSameJWT","Elapsed":0.26}
{"Time":"2026-10-01T14:25:04.358753+08:00","Action":"run","Package":"ops-platform/test/integration","Test":"TestTenantProvisioningAndRoleBindingRevisions"}
{"Time":"2026-10-01T14:25:04.358769+08:00","Action":"output","Package":"ops-platform/test/integration","Test":"TestTenantProvisioningAndRoleBindingRevisions","Output":"=== RUN   TestTenantProvisioningAndRoleBindingRevisions\n","OutputType":"frame"}
{"Time":"2026-10-01T14:25:04.3994+08:00","Action":"output","Package":"ops-platform/test/integration","Test":"TestTenantProvisioningAndRoleBindingRevisions","Output":"2026/10/01 14:25:04 OK   00001_roles_and_schemas.sql (7.76ms)\n"}
{"Time":"2026-10-01T14:25:04.399452+08:00","Action":"output","Package":"ops-platform/test/integration","Test":"TestTenantProvisioningAndRoleBindingRevisions","Output":"2026/10/01 14:25:04 goose: successfully migrated database to version: 1\n"}
{"Time":"2026-10-01T14:25:04.421676+08:00","Action":"output","Package":"ops-platform/test/integration","Test":"TestTenantProvisioningAndRoleBindingRevisions","Output":"2026/10/01 14:25:04 OK   00002_platform_meta.sql (14.64ms)\n"}
{"Time":"2026-10-01T14:25:04.427993+08:00","Action":"output","Package":"ops-platform/test/integration","Test":"TestTenantProvisioningAndRoleBindingRevisions","Output":"2026/10/01 14:25:04 OK   00003_finding.sql (6.13ms)\n"}
{"Time":"2026-10-01T14:25:04.432584+08:00","Action":"output","Package":"ops-platform/test/integration","Test":"TestTenantProvisioningAndRoleBindingRevisions","Output":"2026/10/01 14:25:04 OK   00004_incident.sql (4.42ms)\n"}
{"Time":"2026-10-01T14:25:04.439439+08:00","Action":"output","Package":"ops-platform/test/integration","Test":"TestTenantProvisioningAndRoleBindingRevisions","Output":"2026/10/01 14:25:04 OK   00005_investigation.sql (6.67ms)\n"}
{"Time":"2026-10-01T14:25:04.450548+08:00","Action":"output","Package":"ops-platform/test/integration","Test":"TestTenantProvisioningAndRoleBindingRevisions","Output":"2026/10/01 14:25:04 OK   00006_action_command.sql (10.93ms)\n"}
{"Time":"2026-10-01T14:25:04.46048+08:00","Action":"output","Package":"ops-platform/test/integration","Test":"TestTenantProvisioningAndRoleBindingRevisions","Output":"2026/10/01 14:25:04 OK   00007_audit.sql (9.72ms)\n"}
{"Time":"2026-10-01T14:25:04.470736+08:00","Action":"output","Package":"ops-platform/test/integration","Test":"TestTenantProvisioningAndRoleBindingRevisions","Output":"2026/10/01 14:25:04 OK   00008_rls.sql (10.1ms)\n"}
{"Time":"2026-10-01T14:25:04.47737+08:00","Action":"output","Package":"ops-platform/test/integration","Test":"TestTenantProvisioningAndRoleBindingRevisions","Output":"2026/10/01 14:25:04 OK   00009_idempotency_ledger.sql (6.44ms)\n"}
{"Time":"2026-10-01T14:25:04.482494+08:00","Action":"output","Package":"ops-platform/test/integration","Test":"TestTenantProvisioningAndRoleBindingRevisions","Output":"2026/10/01 14:25:04 OK   00010_tenant_provisioning.sql (4.9ms)\n"}
{"Time":"2026-10-01T14:25:04.488703+08:00","Action":"output","Package":"ops-platform/test/integration","Test":"TestTenantProvisioningAndRoleBindingRevisions","Output":"2026/10/01 14:25:04 OK   00011_source_registration_history.sql (6.04ms)\n"}
{"Time":"2026-10-01T14:25:04.49646+08:00","Action":"output","Package":"ops-platform/test/integration","Test":"TestTenantProvisioningAndRoleBindingRevisions","Output":"2026/10/01 14:25:04 OK   00012_config_registry_lifecycle.sql (7.6ms)\n"}
{"Time":"2026-10-01T14:25:04.505944+08:00","Action":"output","Package":"ops-platform/test/integration","Test":"TestTenantProvisioningAndRoleBindingRevisions","Output":"2026/10/01 14:25:04 OK   00013_audit_signed_segments.sql (9.21ms)\n"}
{"Time":"2026-10-01T14:25:04.510858+08:00","Action":"output","Package":"ops-platform/test/integration","Test":"TestTenantProvisioningAndRoleBindingRevisions","Output":"2026/10/01 14:25:04 OK   00014_audit_segment_predecessors.sql (4.71ms)\n"}
{"Time":"2026-10-01T14:25:04.513286+08:00","Action":"output","Package":"ops-platform/test/integration","Test":"TestTenantProvisioningAndRoleBindingRevisions","Output":"2026/10/01 14:25:04 OK   00015_source_schema_scope.sql (2.3ms)\n"}
{"Time":"2026-10-01T14:25:04.517443+08:00","Action":"output","Package":"ops-platform/test/integration","Test":"TestTenantProvisioningAndRoleBindingRevisions","Output":"2026/10/01 14:25:04 OK   00016_cluster_registration_metadata.sql (4.01ms)\n"}
{"Time":"2026-10-01T14:25:04.517498+08:00","Action":"output","Package":"ops-platform/test/integration","Test":"TestTenantProvisioningAndRoleBindingRevisions","Output":"2026/10/01 14:25:04 goose: successfully migrated database to version: 16\n"}
{"Time":"2026-10-01T14:25:04.605686+08:00","Action":"output","Package":"ops-platform/test/integration","Test":"TestTenantProvisioningAndRoleBindingRevisions","Output":"--- PASS: TestTenantProvisioningAndRoleBindingRevisions (0.25s)\n","OutputType":"frame"}
{"Time":"2026-10-01T14:25:04.605746+08:00","Action":"pass","Package":"ops-platform/test/integration","Test":"TestTenantProvisioningAndRoleBindingRevisions","Elapsed":0.25}
{"Time":"2026-10-01T14:25:04.605759+08:00","Action":"run","Package":"ops-platform/test/integration","Test":"TestRealAuditWorkerProjectedLoginResumesPendingAfterArchiveOutage"}
{"Time":"2026-10-01T14:25:04.605766+08:00","Action":"output","Package":"ops-platform/test/integration","Test":"TestRealAuditWorkerProjectedLoginResumesPendingAfterArchiveOutage","Output":"=== RUN   TestRealAuditWorkerProjectedLoginResumesPendingAfterArchiveOutage\n","OutputType":"frame"}
{"Time":"2026-10-01T14:25:04.647186+08:00","Action":"output","Package":"ops-platform/test/integration","Test":"TestRealAuditWorkerProjectedLoginResumesPendingAfterArchiveOutage","Output":"2026/10/01 14:25:04 OK   00001_roles_and_schemas.sql (7.7ms)\n"}
{"Time":"2026-10-01T14:25:04.661144+08:00","Action":"output","Package":"ops-platform/test/integration","Test":"TestRealAuditWorkerProjectedLoginResumesPendingAfterArchiveOutage","Output":"2026/10/01 14:25:04 OK   00002_platform_meta.sql (13.63ms)\n"}
{"Time":"2026-10-01T14:25:04.667928+08:00","Action":"output","Package":"ops-platform/test/integration","Test":"TestRealAuditWorkerProjectedLoginResumesPendingAfterArchiveOutage","Output":"2026/10/01 14:25:04 OK   00003_finding.sql (6.58ms)\n"}
{"Time":"2026-10-01T14:25:04.673807+08:00","Action":"output","Package":"ops-platform/test/integration","Test":"TestRealAuditWorkerProjectedLoginResumesPendingAfterArchiveOutage","Output":"2026/10/01 14:25:04 OK   00004_incident.sql (5.71ms)\n"}
{"Time":"2026-10-01T14:25:04.680083+08:00","Action":"output","Package":"ops-platform/test/integration","Test":"TestRealAuditWorkerProjectedLoginResumesPendingAfterArchiveOutage","Output":"2026/10/01 14:25:04 OK   00005_investigation.sql (6.03ms)\n"}
{"Time":"2026-10-01T14:25:04.685133+08:00","Action":"output","Package":"ops-platform/test/integration","Test":"TestRealAuditWorkerProjectedLoginResumesPendingAfterArchiveOutage","Output":"2026/10/01 14:25:04 OK   00006_action_command.sql (4.81ms)\n"}
{"Time":"2026-10-01T14:25:04.692856+08:00","Action":"output","Package":"ops-platform/test/integration","Test":"TestRealAuditWorkerProjectedLoginResumesPendingAfterArchiveOutage","Output":"2026/10/01 14:25:04 OK   00007_audit.sql (7.49ms)\n"}
{"Time":"2026-10-01T14:25:04.701705+08:00","Action":"output","Package":"ops-platform/test/integration","Test":"TestRealAuditWorkerProjectedLoginResumesPendingAfterArchiveOutage","Output":"2026/10/01 14:25:04 OK   00008_rls.sql (8.64ms)\n"}
{"Time":"2026-10-01T14:25:04.709066+08:00","Action":"output","Package":"ops-platform/test/integration","Test":"TestRealAuditWorkerProjectedLoginResumesPendingAfterArchiveOutage","Output":"2026/10/01 14:25:04 OK   00009_idempotency_ledger.sql (7.07ms)\n"}
{"Time":"2026-10-01T14:25:04.715205+08:00","Action":"output","Package":"ops-platform/test/integration","Test":"TestRealAuditWorkerProjectedLoginResumesPendingAfterArchiveOutage","Output":"2026/10/01 14:25:04 OK   00010_tenant_provisioning.sql (5.88ms)\n"}
{"Time":"2026-10-01T14:25:04.721509+08:00","Action":"output","Package":"ops-platform/test/integration","Test":"TestRealAuditWorkerProjectedLoginResumesPendingAfterArchiveOutage","Output":"2026/10/01 14:25:04 OK   00011_source_registration_history.sql (6.08ms)\n"}
{"Time":"2026-10-01T14:25:04.72866+08:00","Action":"output","Package":"ops-platform/test/integration","Test":"TestRealAuditWorkerProjectedLoginResumesPendingAfterArchiveOutage","Output":"2026/10/01 14:25:04 OK   00012_config_registry_lifecycle.sql (6.93ms)\n"}
{"Time":"2026-10-01T14:25:04.737252+08:00","Action":"output","Package":"ops-platform/test/integration","Test":"TestRealAuditWorkerProjectedLoginResumesPendingAfterArchiveOutage","Output":"2026/10/01 14:25:04 OK   00013_audit_signed_segments.sql (8.35ms)\n"}
{"Time":"2026-10-01T14:25:04.742245+08:00","Action":"output","Package":"ops-platform/test/integration","Test":"TestRealAuditWorkerProjectedLoginResumesPendingAfterArchiveOutage","Output":"2026/10/01 14:25:04 OK   00014_audit_segment_predecessors.sql (4.82ms)\n"}
{"Time":"2026-10-01T14:25:04.74568+08:00","Action":"output","Package":"ops-platform/test/integration","Test":"TestRealAuditWorkerProjectedLoginResumesPendingAfterArchiveOutage","Output":"2026/10/01 14:25:04 OK   00015_source_schema_scope.sql (3.31ms)\n"}
{"Time":"2026-10-01T14:25:04.749587+08:00","Action":"output","Package":"ops-platform/test/integration","Test":"TestRealAuditWorkerProjectedLoginResumesPendingAfterArchiveOutage","Output":"2026/10/01 14:25:04 OK   00016_cluster_registration_metadata.sql (3.72ms)\n"}
{"Time":"2026-10-01T14:25:04.749663+08:00","Action":"output","Package":"ops-platform/test/integration","Test":"TestRealAuditWorkerProjectedLoginResumesPendingAfterArchiveOutage","Output":"2026/10/01 14:25:04 goose: successfully migrated database to version: 16\n"}
{"Time":"2026-10-01T14:25:09.356803+08:00","Action":"output","Package":"ops-platform/test/integration","Test":"TestRealAuditWorkerProjectedLoginResumesPendingAfterArchiveOutage","Output":"    worker_runtime_test.go:82: start worker with archive endpoint=http://127.0.0.1:1 bucket=sp03-worker-10a90d13\n"}
{"Time":"2026-10-01T14:25:13.056192+08:00","Action":"output","Package":"ops-platform/test/integration","Test":"TestRealAuditWorkerProjectedLoginResumesPendingAfterArchiveOutage","Output":"    worker_runtime_test.go:82: start worker with archive endpoint=http://127.0.0.1:32770 bucket=sp03-worker-10a90d13\n"}
{"Time":"2026-10-01T14:25:13.48943+08:00","Action":"output","Package":"ops-platform/test/integration","Test":"TestRealAuditWorkerProjectedLoginResumesPendingAfterArchiveOutage","Output":"    worker_runtime_test.go:165: actual cmd/platform-worker OS processes used projected-token login and worker-only DB login=sp03_worker_57b4e9b6fb874e8ea95df499b2d42286; first_pid=6924 exit_signal=SIGKILL second_pid=6926 exit_code=0; restart resumed tenants=01a0f623-5114-7a0a-bbd0-3dc2cdd4b0e7,01a0f623-5114-7a0e-89f0-0d8932d8401b after S3 refusal; pending=0 max_proof_delay_seconds=368.584 bucket=sp03-worker-10a90d13\n"}
{"Time":"2026-10-01T14:25:13.571477+08:00","Action":"output","Package":"ops-platform/test/integration","Test":"TestRealAuditWorkerProjectedLoginResumesPendingAfterArchiveOutage","Output":"--- PASS: TestRealAuditWorkerProjectedLoginResumesPendingAfterArchiveOutage (8.97s)\n","OutputType":"frame"}
{"Time":"2026-10-01T14:25:13.571524+08:00","Action":"pass","Package":"ops-platform/test/integration","Test":"TestRealAuditWorkerProjectedLoginResumesPendingAfterArchiveOutage","Elapsed":8.97}
{"Time":"2026-10-01T14:25:13.571536+08:00","Action":"run","Package":"ops-platform/test/integration","Test":"TestRealOpenBaoWorkloadPKIIssuanceAndRevocation"}
{"Time":"2026-10-01T14:25:13.571543+08:00","Action":"output","Package":"ops-platform/test/integration","Test":"TestRealOpenBaoWorkloadPKIIssuanceAndRevocation","Output":"=== RUN   TestRealOpenBaoWorkloadPKIIssuanceAndRevocation\n","OutputType":"frame"}
{"Time":"2026-10-01T14:25:13.58847+08:00","Action":"output","Package":"ops-platform/test/integration","Test":"TestRealOpenBaoWorkloadPKIIssuanceAndRevocation","Output":"    workload_identity_test.go:86: isolated OpenBao workload role=platform-workload-ops-api certificate_serial=50b6024192ee1303d9ad78111ceb3dfa8819cdbc cert_ttl=1h0m30s revoked_crl_verified=true\n"}
{"Time":"2026-10-01T14:25:13.588521+08:00","Action":"output","Package":"ops-platform/test/integration","Test":"TestRealOpenBaoWorkloadPKIIssuanceAndRevocation","Output":"--- PASS: TestRealOpenBaoWorkloadPKIIssuanceAndRevocation (0.02s)\n","OutputType":"frame"}
{"Time":"2026-10-01T14:25:13.588528+08:00","Action":"pass","Package":"ops-platform/test/integration","Test":"TestRealOpenBaoWorkloadPKIIssuanceAndRevocation","Elapsed":0.02}
{"Time":"2026-10-01T14:25:13.588545+08:00","Action":"output","Package":"ops-platform/test/integration","Output":"PASS\n","OutputType":"frame"}
{"Time":"2026-10-01T14:25:13.59109+08:00","Action":"output","Package":"ops-platform/test/integration","Output":"ok  \tops-platform/test/integration\t35.834s\n"}
{"Time":"2026-10-01T14:25:13.591122+08:00","Action":"pass","Package":"ops-platform/test/integration","Elapsed":35.834}
Acceptance report: 24 tests passed; zero skips.
