python3 scripts/check-generated.py "go" gen web/src/api/generated internal/persistence/dbgen services/investigator/src/investigator/output.schema.json
✓ Lockfile passes supply-chain policies (verified 11d ago)
Lockfile is up to date, resolution step is skipped
Already up to date
Done in 407ms using pnpm v12.7.0
$ orval --config ./orval.config.ts
🍻 orval v8.37.0 - A swagger client generator for typescript
platform - Cleaning output folder
platform - 🎉 Smart Operations Platform API - Your OpenAPI spec has been converted into ready to use orval!
python3 scripts/prepare-runtime-source.py --check
{"modules": 98, "selectedModuleFiles": 2993, "standardLibraryFiles": 1386, "sourceBundleSHA256": "sha256:9628d31da79f4d4fcbffb303796aa805ee0508e732c66f203f2f330fb9bbe903"}
python3 scripts/prepare-migration-source.py --check
{"modules": 10, "selectedModuleFiles": 296, "standardLibraryFiles": 1129, "sourceBundleSHA256": "sha256:7eae032b1b99f0aec4b0ddbc6398e304fabeb68c176cf502c8c0f83bbc8d7639"}
go vet ./...
?   	ops-platform/api	[no test files]
?   	ops-platform/artifacts	[no test files]
?   	ops-platform/artifacts/pre-sp07/business-values-validation-r1	[no test files]
?   	ops-platform/artifacts/pre-sp07/checkpoint-observer-r1	[no test files]
?   	ops-platform/artifacts/task27-materials/sp010203-bao-operator	[no test files]
?   	ops-platform/artifacts/task27-materials/sp010203-cleanup-operator	[no test files]
?   	ops-platform/artifacts/task27-materials/sp010203-live-runtime-probe	[no test files]
?   	ops-platform/artifacts/task27-materials/sp010203-operator-helper	[no test files]
?   	ops-platform/artifacts/task27-materials/sp010203-role-probe	[no test files]
?   	ops-platform/bundle	[no test files]
ok  	ops-platform/cmd/db-migrate	(cached)
ok  	ops-platform/cmd/opsctl	39.574s
?   	ops-platform/cmd/platform-api	[no test files]
?   	ops-platform/cmd/platform-worker	[no test files]
?   	ops-platform/gen/api	[no test files]
?   	ops-platform/gen/internalgraph	[no test files]
ok  	ops-platform/internal/app	(cached)
ok  	ops-platform/internal/archive	(cached)
ok  	ops-platform/internal/audit	(cached)
ok  	ops-platform/internal/auth	(cached)
ok  	ops-platform/internal/bootstrap	(cached)
ok  	ops-platform/internal/bundle	50.483s
ok  	ops-platform/internal/bundle/drivers	(cached)
ok  	ops-platform/internal/configregistry	(cached)
?   	ops-platform/internal/contract	[no test files]
ok  	ops-platform/internal/crypto	(cached)
?   	ops-platform/internal/datascope	[no test files]
ok  	ops-platform/internal/evidence	(cached)
ok  	ops-platform/internal/finding	(cached)
ok  	ops-platform/internal/graph	(cached)
ok  	ops-platform/internal/httpapi	(cached)
ok  	ops-platform/internal/incident	(cached)
ok  	ops-platform/internal/inspection/hardware	(cached)
ok  	ops-platform/internal/inspection/kubernetes	(cached)
ok  	ops-platform/internal/inspection/npd	(cached)
?   	ops-platform/internal/integrations	[no test files]
ok  	ops-platform/internal/integrations/deepflow	(cached)
ok  	ops-platform/internal/integrations/k8sgpt	(cached)
ok  	ops-platform/internal/integrations/keycloak	(cached)
ok  	ops-platform/internal/integrations/kubernetes	(cached)
ok  	ops-platform/internal/integrations/openbao	(cached)
ok  	ops-platform/internal/integrations/redfish	(cached)
ok  	ops-platform/internal/integrations/s3	(cached)
?   	ops-platform/internal/integrations/victorialogs	[no test files]
?   	ops-platform/internal/integrations/victorialogs/adapter	[no test files]
?   	ops-platform/internal/integrations/victoriametrics	[no test files]
?   	ops-platform/internal/integrations/victoriametrics/adapter	[no test files]
?   	ops-platform/internal/integrations/vmalert	[no test files]
ok  	ops-platform/internal/investigation	(cached)
?   	ops-platform/internal/investigation/mcp	[no test files]
ok  	ops-platform/internal/investigation/tools	(cached)
ok  	ops-platform/internal/observability	(cached)
ok  	ops-platform/internal/persistence	(cached)
?   	ops-platform/internal/persistence/dbgen	[no test files]
ok  	ops-platform/internal/policy	(cached)
ok  	ops-platform/internal/profile	(cached)
ok  	ops-platform/internal/rca	(cached)
ok  	ops-platform/internal/resource	(cached)
?   	ops-platform/internal/resourcestore	[no test files]
ok  	ops-platform/internal/source	(cached)
ok  	ops-platform/internal/supplychain	(cached)
?   	ops-platform/internal/tenant	[no test files]
?   	ops-platform/internal/upstream/corootcheck	[no test files]
?   	ops-platform/internal/upstream/keepmodel	[no test files]
?   	ops-platform/internal/upstream/metal3	[no test files]
?   	ops-platform/internal/upstream/ontology/api	[no test files]
?   	ops-platform/internal/upstream/ontology/model	[no test files]
?   	ops-platform/internal/upstream/ontology/service/diagnostic	[no test files]
?   	ops-platform/policies	[no test files]
ok  	ops-platform/test/contract	95.609s
ok  	ops-platform/test/e2e	(cached)
?   	ops-platform/test/fixtures/sp04/profile-detect	[no test files]
?   	ops-platform/test/fixtures/upstream-inspection	[no test files]
2026/10/08 08:48:11 OK   00001_roles_and_schemas.sql (299.74ms)
2026/10/08 08:48:11 goose: successfully migrated database to version: 1
2026/10/08 08:48:12 OK   00002_platform_meta.sql (127.17ms)
2026/10/08 08:48:12 OK   00003_finding.sql (61.47ms)
2026/10/08 08:48:12 OK   00004_incident.sql (72.28ms)
2026/10/08 08:48:12 OK   00005_investigation.sql (31.3ms)
2026/10/08 08:48:12 OK   00006_action_command.sql (61.74ms)
2026/10/08 08:48:12 OK   00007_audit.sql (91.3ms)
2026/10/08 08:48:12 OK   00008_rls.sql (49.73ms)
2026/10/08 08:48:12 OK   00009_idempotency_ledger.sql (64.55ms)
2026/10/08 08:48:12 OK   00010_tenant_provisioning.sql (9.36ms)
2026/10/08 08:48:12 OK   00011_source_registration_history.sql (17.58ms)
2026/10/08 08:48:12 OK   00012_config_registry_lifecycle.sql (94.2ms)
2026/10/08 08:48:12 OK   00013_audit_signed_segments.sql (95.91ms)
2026/10/08 08:48:12 OK   00014_audit_segment_predecessors.sql (33.8ms)
2026/10/08 08:48:12 OK   00015_source_schema_scope.sql (15.76ms)
2026/10/08 08:48:12 OK   00016_cluster_registration_metadata.sql (36.27ms)
2026/10/08 08:48:12 OK   00017_source_data_scope.sql (12.53ms)
2026/10/08 08:48:12 OK   00018_sp04_resources_evidence.sql (55.28ms)
2026/10/08 08:48:12 OK   00019_sp04_archive_ciphertext_bytes.sql (13.46ms)
2026/10/08 08:48:13 OK   00020_sp04_request_ledger.sql (167.49ms)
2026/10/08 08:48:13 OK   00021_sp04_archive_protection.sql (63.92ms)
2026/10/08 08:48:13 OK   00022_sp04_legal_hold_dependencies.sql (49.12ms)
2026/10/08 08:48:13 OK   00023_sp04_archive_query_intent.sql (70.12ms)
2026/10/08 08:48:13 OK   00024_sp05_finding_incident.sql (223.62ms)
2026/10/08 08:48:13 OK   00025_sp05_incident_event_time.sql (130.59ms)
2026/10/08 08:48:13 OK   00026_sp05_source_binding_lock.sql (127.93ms)
2026/10/08 08:48:13 OK   00027_sp05_rca_and_poll.sql (102.73ms)
2026/10/08 08:48:13 OK   00028_sp05_operator_lock.sql (84.61ms)
2026/10/08 08:48:14 OK   00029_sp05_evidence_links.sql (105.1ms)
2026/10/08 08:48:14 OK   00030_sp05_recipe_fence.sql (39.28ms)
2026/10/08 08:48:14 OK   00031_sp05_rca_postcheck.sql (6.45ms)
2026/10/08 08:48:14 OK   00032_sp05_transport_audit.sql (11.63ms)
2026/10/08 08:48:14 OK   00033_sp05_poll_resolution_clock.sql (141.66ms)
2026/10/08 08:48:14 OK   00034_sp06_investigation_ledger.sql (88.76ms)
2026/10/08 08:48:14 OK   00035_sp06_admission_data_classes.sql (39.2ms)
2026/10/08 08:48:14 goose: successfully migrated database to version: 35
2026/10/08 08:48:15 OK   00001_roles_and_schemas.sql (62.92ms)
2026/10/08 08:48:15 goose: successfully migrated database to version: 1
2026/10/08 08:48:15 OK   00002_platform_meta.sql (148.25ms)
2026/10/08 08:48:15 OK   00003_finding.sql (82.15ms)
2026/10/08 08:48:15 OK   00004_incident.sql (9.08ms)
2026/10/08 08:48:15 OK   00005_investigation.sql (78.23ms)
2026/10/08 08:48:15 OK   00006_action_command.sql (11.43ms)
2026/10/08 08:48:15 OK   00007_audit.sql (21.55ms)
2026/10/08 08:48:15 OK   00008_rls.sql (19.33ms)
2026/10/08 08:48:15 OK   00009_idempotency_ledger.sql (36.61ms)
2026/10/08 08:48:15 OK   00010_tenant_provisioning.sql (31.32ms)
2026/10/08 08:48:15 OK   00011_source_registration_history.sql (36.43ms)
2026/10/08 08:48:15 OK   00012_config_registry_lifecycle.sql (86.85ms)
2026/10/08 08:48:16 OK   00013_audit_signed_segments.sql (105.51ms)
2026/10/08 08:48:16 OK   00014_audit_segment_predecessors.sql (23.22ms)
2026/10/08 08:48:16 OK   00015_source_schema_scope.sql (61.3ms)
2026/10/08 08:48:16 OK   00016_cluster_registration_metadata.sql (92.76ms)
2026/10/08 08:48:16 OK   00017_source_data_scope.sql (25.41ms)
2026/10/08 08:48:16 OK   00018_sp04_resources_evidence.sql (85.44ms)
2026/10/08 08:48:16 OK   00019_sp04_archive_ciphertext_bytes.sql (6.74ms)
2026/10/08 08:48:16 OK   00020_sp04_request_ledger.sql (8.89ms)
2026/10/08 08:48:16 OK   00021_sp04_archive_protection.sql (55.86ms)
2026/10/08 08:48:16 OK   00022_sp04_legal_hold_dependencies.sql (15.16ms)
2026/10/08 08:48:16 OK   00023_sp04_archive_query_intent.sql (13.56ms)
2026/10/08 08:48:16 OK   00024_sp05_finding_incident.sql (133.08ms)
2026/10/08 08:48:16 OK   00025_sp05_incident_event_time.sql (17.48ms)
2026/10/08 08:48:16 OK   00026_sp05_source_binding_lock.sql (7.6ms)
2026/10/08 08:48:16 OK   00027_sp05_rca_and_poll.sql (86.81ms)
2026/10/08 08:48:16 OK   00028_sp05_operator_lock.sql (12.44ms)
2026/10/08 08:48:16 OK   00029_sp05_evidence_links.sql (45.37ms)
2026/10/08 08:48:16 OK   00030_sp05_recipe_fence.sql (60.17ms)
2026/10/08 08:48:16 OK   00031_sp05_rca_postcheck.sql (9.7ms)
2026/10/08 08:48:16 OK   00032_sp05_transport_audit.sql (6.37ms)
2026/10/08 08:48:16 OK   00033_sp05_poll_resolution_clock.sql (7.32ms)
2026/10/08 08:48:16 OK   00034_sp06_investigation_ledger.sql (110.42ms)
2026/10/08 08:48:16 OK   00035_sp06_admission_data_classes.sql (6.88ms)
2026/10/08 08:48:16 goose: successfully migrated database to version: 35
2026/10/08 08:48:32 OK   00001_roles_and_schemas.sql (57.13ms)
2026/10/08 08:48:32 goose: successfully migrated database to version: 1
2026/10/08 08:48:32 OK   00002_platform_meta.sql (168.59ms)
2026/10/08 08:48:32 OK   00003_finding.sql (63.01ms)
2026/10/08 08:48:32 OK   00004_incident.sql (23.52ms)
2026/10/08 08:48:32 OK   00005_investigation.sql (19.36ms)
2026/10/08 08:48:32 OK   00006_action_command.sql (29.24ms)
2026/10/08 08:48:32 OK   00007_audit.sql (59.85ms)
2026/10/08 08:48:33 OK   00008_rls.sql (71.05ms)
2026/10/08 08:48:33 OK   00009_idempotency_ledger.sql (81.71ms)
2026/10/08 08:48:33 OK   00010_tenant_provisioning.sql (14.24ms)
2026/10/08 08:48:33 OK   00011_source_registration_history.sql (69ms)
2026/10/08 08:48:33 OK   00012_config_registry_lifecycle.sql (12.73ms)
2026/10/08 08:48:33 OK   00013_audit_signed_segments.sql (38.95ms)
2026/10/08 08:48:33 OK   00014_audit_segment_predecessors.sql (22.34ms)
2026/10/08 08:48:33 OK   00015_source_schema_scope.sql (4.75ms)
2026/10/08 08:48:33 OK   00016_cluster_registration_metadata.sql (15.14ms)
2026/10/08 08:48:33 OK   00017_source_data_scope.sql (5.78ms)
2026/10/08 08:48:33 OK   00018_sp04_resources_evidence.sql (59.65ms)
2026/10/08 08:48:33 OK   00019_sp04_archive_ciphertext_bytes.sql (3.68ms)
2026/10/08 08:48:33 OK   00020_sp04_request_ledger.sql (40.49ms)
2026/10/08 08:48:33 OK   00021_sp04_archive_protection.sql (22.57ms)
2026/10/08 08:48:33 OK   00022_sp04_legal_hold_dependencies.sql (4.22ms)
2026/10/08 08:48:33 OK   00023_sp04_archive_query_intent.sql (3.72ms)
2026/10/08 08:48:33 OK   00024_sp05_finding_incident.sql (39.94ms)
2026/10/08 08:48:33 OK   00025_sp05_incident_event_time.sql (8.22ms)
2026/10/08 08:48:33 OK   00026_sp05_source_binding_lock.sql (7.53ms)
2026/10/08 08:48:33 OK   00027_sp05_rca_and_poll.sql (18.55ms)
2026/10/08 08:48:33 OK   00028_sp05_operator_lock.sql (4.8ms)
2026/10/08 08:48:33 OK   00029_sp05_evidence_links.sql (10.64ms)
2026/10/08 08:48:33 OK   00030_sp05_recipe_fence.sql (7.15ms)
2026/10/08 08:48:33 OK   00031_sp05_rca_postcheck.sql (11.72ms)
2026/10/08 08:48:33 OK   00032_sp05_transport_audit.sql (8.22ms)
2026/10/08 08:48:33 OK   00033_sp05_poll_resolution_clock.sql (5.7ms)
2026/10/08 08:48:33 OK   00034_sp06_investigation_ledger.sql (43.92ms)
2026/10/08 08:48:33 OK   00035_sp06_admission_data_classes.sql (10.87ms)
2026/10/08 08:48:33 goose: successfully migrated database to version: 35
2026/10/08 08:48:34 OK   00001_roles_and_schemas.sql (71.28ms)
2026/10/08 08:48:34 goose: successfully migrated database to version: 1
2026/10/08 08:48:34 OK   00002_platform_meta.sql (80.19ms)
2026/10/08 08:48:34 OK   00003_finding.sql (25.89ms)
2026/10/08 08:48:34 OK   00004_incident.sql (13.22ms)
2026/10/08 08:48:34 OK   00005_investigation.sql (26.18ms)
2026/10/08 08:48:34 OK   00006_action_command.sql (24.4ms)
2026/10/08 08:48:34 OK   00007_audit.sql (25.89ms)
2026/10/08 08:48:34 OK   00008_rls.sql (24.26ms)
2026/10/08 08:48:34 OK   00009_idempotency_ledger.sql (47.2ms)
2026/10/08 08:48:34 OK   00010_tenant_provisioning.sql (10.21ms)
2026/10/08 08:48:34 OK   00011_source_registration_history.sql (29.72ms)
2026/10/08 08:48:34 OK   00012_config_registry_lifecycle.sql (20.22ms)
2026/10/08 08:48:34 OK   00013_audit_signed_segments.sql (69.25ms)
2026/10/08 08:48:34 OK   00014_audit_segment_predecessors.sql (11.42ms)
2026/10/08 08:48:34 OK   00015_source_schema_scope.sql (29.54ms)
2026/10/08 08:48:34 OK   00016_cluster_registration_metadata.sql (6.11ms)
2026/10/08 08:48:34 OK   00017_source_data_scope.sql (3.86ms)
2026/10/08 08:48:34 OK   00018_sp04_resources_evidence.sql (29.76ms)
2026/10/08 08:48:34 OK   00019_sp04_archive_ciphertext_bytes.sql (13.85ms)
2026/10/08 08:48:34 OK   00020_sp04_request_ledger.sql (9.49ms)
2026/10/08 08:48:34 OK   00021_sp04_archive_protection.sql (10.01ms)
2026/10/08 08:48:34 OK   00022_sp04_legal_hold_dependencies.sql (3.79ms)
2026/10/08 08:48:34 OK   00023_sp04_archive_query_intent.sql (9.78ms)
2026/10/08 08:48:34 OK   00024_sp05_finding_incident.sql (40.79ms)
2026/10/08 08:48:34 OK   00025_sp05_incident_event_time.sql (8.53ms)
2026/10/08 08:48:34 OK   00026_sp05_source_binding_lock.sql (8.2ms)
2026/10/08 08:48:34 OK   00027_sp05_rca_and_poll.sql (25.06ms)
2026/10/08 08:48:34 OK   00028_sp05_operator_lock.sql (4.23ms)
2026/10/08 08:48:34 OK   00029_sp05_evidence_links.sql (11.22ms)
2026/10/08 08:48:34 OK   00030_sp05_recipe_fence.sql (10.02ms)
2026/10/08 08:48:34 OK   00031_sp05_rca_postcheck.sql (5.03ms)
2026/10/08 08:48:34 OK   00032_sp05_transport_audit.sql (8.26ms)
2026/10/08 08:48:34 OK   00033_sp05_poll_resolution_clock.sql (10.14ms)
2026/10/08 08:48:34 OK   00034_sp06_investigation_ledger.sql (50.28ms)
2026/10/08 08:48:34 OK   00035_sp06_admission_data_classes.sql (8.73ms)
2026/10/08 08:48:34 goose: successfully migrated database to version: 35
2026/10/08 08:48:36 OK   00001_roles_and_schemas.sql (220.56ms)
2026/10/08 08:48:36 goose: successfully migrated database to version: 1
2026/10/08 08:48:36 OK   00002_platform_meta.sql (112.22ms)
2026/10/08 08:48:36 OK   00003_finding.sql (41.64ms)
2026/10/08 08:48:36 OK   00004_incident.sql (34.62ms)
2026/10/08 08:48:36 OK   00005_investigation.sql (19.02ms)
2026/10/08 08:48:36 OK   00006_action_command.sql (55.84ms)
2026/10/08 08:48:36 OK   00007_audit.sql (79.07ms)
2026/10/08 08:48:36 OK   00008_rls.sql (52.48ms)
2026/10/08 08:48:36 OK   00009_idempotency_ledger.sql (12.83ms)
2026/10/08 08:48:36 OK   00010_tenant_provisioning.sql (8.87ms)
2026/10/08 08:48:36 OK   00011_source_registration_history.sql (11.19ms)
2026/10/08 08:48:37 OK   00012_config_registry_lifecycle.sql (54.35ms)
2026/10/08 08:48:37 OK   00013_audit_signed_segments.sql (25.47ms)
2026/10/08 08:48:37 OK   00014_audit_segment_predecessors.sql (7.12ms)
2026/10/08 08:48:37 OK   00015_source_schema_scope.sql (25.36ms)
2026/10/08 08:48:37 OK   00016_cluster_registration_metadata.sql (28.22ms)
2026/10/08 08:48:37 OK   00017_source_data_scope.sql (21.22ms)
2026/10/08 08:48:37 OK   00018_sp04_resources_evidence.sql (80.37ms)
2026/10/08 08:48:37 OK   00019_sp04_archive_ciphertext_bytes.sql (21.02ms)
2026/10/08 08:48:37 OK   00020_sp04_request_ledger.sql (14.34ms)
2026/10/08 08:48:37 OK   00021_sp04_archive_protection.sql (50.55ms)
2026/10/08 08:48:37 OK   00022_sp04_legal_hold_dependencies.sql (13.41ms)
2026/10/08 08:48:37 OK   00023_sp04_archive_query_intent.sql (25.5ms)
2026/10/08 08:48:37 OK   00024_sp05_finding_incident.sql (130.03ms)
2026/10/08 08:48:37 OK   00025_sp05_incident_event_time.sql (15.22ms)
2026/10/08 08:48:37 OK   00026_sp05_source_binding_lock.sql (25.51ms)
2026/10/08 08:48:37 OK   00027_sp05_rca_and_poll.sql (17.5ms)
2026/10/08 08:48:37 OK   00028_sp05_operator_lock.sql (26.95ms)
2026/10/08 08:48:37 OK   00029_sp05_evidence_links.sql (46.58ms)
2026/10/08 08:48:37 OK   00030_sp05_recipe_fence.sql (56.43ms)
2026/10/08 08:48:37 OK   00031_sp05_rca_postcheck.sql (35.53ms)
2026/10/08 08:48:37 OK   00032_sp05_transport_audit.sql (12.03ms)
2026/10/08 08:48:37 OK   00033_sp05_poll_resolution_clock.sql (18.4ms)
2026/10/08 08:48:37 OK   00034_sp06_investigation_ledger.sql (63.15ms)
2026/10/08 08:48:37 OK   00035_sp06_admission_data_classes.sql (15.32ms)
2026/10/08 08:48:37 goose: successfully migrated database to version: 35
2026/10/08 08:48:43 OK   00001_roles_and_schemas.sql (51.9ms)
2026/10/08 08:48:43 goose: successfully migrated database to version: 1
2026/10/08 08:48:43 OK   00002_platform_meta.sql (55.87ms)
2026/10/08 08:48:43 OK   00003_finding.sql (43.3ms)
2026/10/08 08:48:43 OK   00004_incident.sql (48.46ms)
2026/10/08 08:48:43 OK   00005_investigation.sql (37.89ms)
2026/10/08 08:48:43 OK   00006_action_command.sql (60.94ms)
2026/10/08 08:48:43 OK   00007_audit.sql (46.07ms)
2026/10/08 08:48:43 OK   00008_rls.sql (53.64ms)
2026/10/08 08:48:43 OK   00009_idempotency_ledger.sql (46.19ms)
2026/10/08 08:48:43 OK   00010_tenant_provisioning.sql (7.29ms)
2026/10/08 08:48:43 OK   00011_source_registration_history.sql (43.52ms)
2026/10/08 08:48:43 OK   00012_config_registry_lifecycle.sql (41.54ms)
2026/10/08 08:48:43 OK   00013_audit_signed_segments.sql (49ms)
2026/10/08 08:48:43 OK   00014_audit_segment_predecessors.sql (6.64ms)
2026/10/08 08:48:43 OK   00015_source_schema_scope.sql (4.25ms)
2026/10/08 08:48:43 OK   00016_cluster_registration_metadata.sql (36.8ms)
2026/10/08 08:48:43 OK   00017_source_data_scope.sql (7.35ms)
2026/10/08 08:48:43 OK   00018_sp04_resources_evidence.sql (47.98ms)
2026/10/08 08:48:43 OK   00019_sp04_archive_ciphertext_bytes.sql (38.28ms)
2026/10/08 08:48:43 OK   00020_sp04_request_ledger.sql (12.88ms)
2026/10/08 08:48:43 OK   00021_sp04_archive_protection.sql (37.42ms)
2026/10/08 08:48:43 OK   00022_sp04_legal_hold_dependencies.sql (4.38ms)
2026/10/08 08:48:43 OK   00023_sp04_archive_query_intent.sql (3.35ms)
2026/10/08 08:48:43 OK   00024_sp05_finding_incident.sql (50.05ms)
2026/10/08 08:48:43 OK   00025_sp05_incident_event_time.sql (5.7ms)
2026/10/08 08:48:43 OK   00026_sp05_source_binding_lock.sql (19.3ms)
2026/10/08 08:48:43 OK   00027_sp05_rca_and_poll.sql (32.64ms)
2026/10/08 08:48:43 OK   00028_sp05_operator_lock.sql (45.55ms)
2026/10/08 08:48:43 OK   00029_sp05_evidence_links.sql (14.6ms)
2026/10/08 08:48:44 OK   00030_sp05_recipe_fence.sql (15.94ms)
2026/10/08 08:48:44 OK   00031_sp05_rca_postcheck.sql (24.47ms)
2026/10/08 08:48:44 OK   00032_sp05_transport_audit.sql (39.34ms)
2026/10/08 08:48:44 OK   00033_sp05_poll_resolution_clock.sql (45.82ms)
2026/10/08 08:48:44 OK   00034_sp06_investigation_ledger.sql (138.38ms)
2026/10/08 08:48:44 OK   00035_sp06_admission_data_classes.sql (7.12ms)
2026/10/08 08:48:44 goose: successfully migrated database to version: 35
2026/10/08 08:48:47 OK   00001_roles_and_schemas.sql (22.95ms)
2026/10/08 08:48:47 goose: successfully migrated database to version: 1
2026/10/08 08:48:47 OK   00002_platform_meta.sql (20.08ms)
2026/10/08 08:48:47 OK   00003_finding.sql (8.48ms)
2026/10/08 08:48:47 OK   00004_incident.sql (7.82ms)
2026/10/08 08:48:47 OK   00005_investigation.sql (25.57ms)
2026/10/08 08:48:47 OK   00006_action_command.sql (22.62ms)
2026/10/08 08:48:47 OK   00007_audit.sql (45.14ms)
2026/10/08 08:48:48 OK   00008_rls.sql (41.48ms)
2026/10/08 08:48:48 OK   00009_idempotency_ledger.sql (10.33ms)
2026/10/08 08:48:48 OK   00010_tenant_provisioning.sql (26.2ms)
2026/10/08 08:48:48 OK   00011_source_registration_history.sql (16.83ms)
2026/10/08 08:48:48 OK   00012_config_registry_lifecycle.sql (29.35ms)
2026/10/08 08:48:48 OK   00013_audit_signed_segments.sql (26.98ms)
2026/10/08 08:48:48 OK   00014_audit_segment_predecessors.sql (13.4ms)
2026/10/08 08:48:48 OK   00015_source_schema_scope.sql (18.45ms)
2026/10/08 08:48:48 OK   00016_cluster_registration_metadata.sql (21.29ms)
2026/10/08 08:48:48 OK   00017_source_data_scope.sql (7.45ms)
2026/10/08 08:48:48 OK   00018_sp04_resources_evidence.sql (56.62ms)
2026/10/08 08:48:48 OK   00019_sp04_archive_ciphertext_bytes.sql (5.09ms)
2026/10/08 08:48:48 OK   00020_sp04_request_ledger.sql (10.89ms)
2026/10/08 08:48:48 OK   00021_sp04_archive_protection.sql (6.31ms)
2026/10/08 08:48:48 OK   00022_sp04_legal_hold_dependencies.sql (4.44ms)
2026/10/08 08:48:48 OK   00023_sp04_archive_query_intent.sql (14.97ms)
2026/10/08 08:48:48 OK   00024_sp05_finding_incident.sql (91.59ms)
2026/10/08 08:48:48 OK   00025_sp05_incident_event_time.sql (5.14ms)
2026/10/08 08:48:48 OK   00026_sp05_source_binding_lock.sql (15.32ms)
2026/10/08 08:48:48 OK   00027_sp05_rca_and_poll.sql (27.48ms)
2026/10/08 08:48:48 OK   00028_sp05_operator_lock.sql (7.77ms)
2026/10/08 08:48:48 OK   00029_sp05_evidence_links.sql (16.19ms)
2026/10/08 08:48:48 OK   00030_sp05_recipe_fence.sql (5.75ms)
2026/10/08 08:48:48 OK   00031_sp05_rca_postcheck.sql (12.6ms)
2026/10/08 08:48:48 OK   00032_sp05_transport_audit.sql (16.48ms)
2026/10/08 08:48:48 OK   00033_sp05_poll_resolution_clock.sql (16.94ms)
2026/10/08 08:48:48 OK   00034_sp06_investigation_ledger.sql (54.36ms)
2026/10/08 08:48:48 OK   00035_sp06_admission_data_classes.sql (29.46ms)
2026/10/08 08:48:48 goose: successfully migrated database to version: 35
2026/10/08 08:49:00 OK   00001_roles_and_schemas.sql (39.97ms)
2026/10/08 08:49:00 goose: successfully migrated database to version: 1
2026/10/08 08:49:00 OK   00002_platform_meta.sql (52.26ms)
2026/10/08 08:49:00 OK   00003_finding.sql (29.82ms)
2026/10/08 08:49:00 OK   00004_incident.sql (32.72ms)
2026/10/08 08:49:00 OK   00005_investigation.sql (40.81ms)
2026/10/08 08:49:00 OK   00006_action_command.sql (24.56ms)
2026/10/08 08:49:00 OK   00007_audit.sql (43.66ms)
2026/10/08 08:49:00 OK   00008_rls.sql (21.4ms)
2026/10/08 08:49:00 OK   00009_idempotency_ledger.sql (33.33ms)
2026/10/08 08:49:00 OK   00010_tenant_provisioning.sql (20.06ms)
2026/10/08 08:49:00 OK   00011_source_registration_history.sql (28.52ms)
2026/10/08 08:49:01 OK   00012_config_registry_lifecycle.sql (38.87ms)
2026/10/08 08:49:01 OK   00013_audit_signed_segments.sql (25.78ms)
2026/10/08 08:49:01 OK   00014_audit_segment_predecessors.sql (13.54ms)
2026/10/08 08:49:01 OK   00015_source_schema_scope.sql (24.9ms)
2026/10/08 08:49:01 OK   00016_cluster_registration_metadata.sql (12.54ms)
2026/10/08 08:49:01 OK   00017_source_data_scope.sql (19.19ms)
2026/10/08 08:49:01 OK   00018_sp04_resources_evidence.sql (41.8ms)
2026/10/08 08:49:01 OK   00019_sp04_archive_ciphertext_bytes.sql (34.32ms)
2026/10/08 08:49:01 OK   00020_sp04_request_ledger.sql (12.87ms)
2026/10/08 08:49:01 OK   00021_sp04_archive_protection.sql (8.82ms)
2026/10/08 08:49:01 OK   00022_sp04_legal_hold_dependencies.sql (8.81ms)
2026/10/08 08:49:01 OK   00023_sp04_archive_query_intent.sql (27.56ms)
2026/10/08 08:49:01 OK   00024_sp05_finding_incident.sql (38.32ms)
2026/10/08 08:49:01 OK   00025_sp05_incident_event_time.sql (23.3ms)
2026/10/08 08:49:01 OK   00026_sp05_source_binding_lock.sql (4.52ms)
2026/10/08 08:49:01 OK   00027_sp05_rca_and_poll.sql (35.43ms)
2026/10/08 08:49:01 OK   00028_sp05_operator_lock.sql (16.26ms)
2026/10/08 08:49:01 OK   00029_sp05_evidence_links.sql (14.95ms)
2026/10/08 08:49:01 OK   00030_sp05_recipe_fence.sql (12.24ms)
2026/10/08 08:49:01 OK   00031_sp05_rca_postcheck.sql (15.91ms)
2026/10/08 08:49:01 OK   00032_sp05_transport_audit.sql (15.87ms)
2026/10/08 08:49:01 OK   00033_sp05_poll_resolution_clock.sql (4.33ms)
2026/10/08 08:49:01 OK   00034_sp06_investigation_ledger.sql (57.98ms)
2026/10/08 08:49:01 OK   00035_sp06_admission_data_classes.sql (6.5ms)
2026/10/08 08:49:01 goose: successfully migrated database to version: 35
{"time":"2026-10-08T08:49:01.724234+08:00","level":"INFO","msg":"http request complete","request_id":"01a118fc-2b06-7ebd-a4e9-661f8472e377","trace_id":"4bf92f3577b34da6a3ce929d0e0e4736","span_id":"8d2fb26324617214","method":"GET","status_code":200,"duration_ms":21}
{"time":"2026-10-08T08:49:01.736414+08:00","level":"INFO","msg":"http request complete","request_id":"01a118fc-2b1c-79c4-ad46-bcaaa3f46e1f","trace_id":"4bf92f3577b34da6a3ce929d0e0e4736","span_id":"f5aaf54fafe1c1b3","method":"GET","status_code":200,"duration_ms":11}
{"time":"2026-10-08T08:49:01.745462+08:00","level":"INFO","msg":"http request complete","request_id":"01a118fc-2b28-7c77-928f-96a791db5b70","trace_id":"4bf92f3577b34da6a3ce929d0e0e4736","span_id":"e500e08ba9078f7e","method":"GET","status_code":200,"duration_ms":8}
{"time":"2026-10-08T08:49:01.754621+08:00","level":"INFO","msg":"http request complete","request_id":"01a118fc-2b31-7c54-9e61-791e27f99746","trace_id":"4bf92f3577b34da6a3ce929d0e0e4736","span_id":"8d9986bba749c546","method":"GET","status_code":200,"duration_ms":8}
{"time":"2026-10-08T08:49:01.758515+08:00","level":"INFO","msg":"http request complete","request_id":"01a118fc-2b3b-701b-a937-52a7df4441e1","trace_id":"4bf92f3577b34da6a3ce929d0e0e4736","span_id":"4463eedaacef3a86","method":"GET","status_code":200,"duration_ms":3}
{"time":"2026-10-08T08:49:01.764887+08:00","level":"INFO","msg":"http request complete","request_id":"01a118fc-2b3e-7c4c-80d8-0ac1b4248868","trace_id":"4bf92f3577b34da6a3ce929d0e0e4736","span_id":"2cc4509ec396bef2","method":"GET","status_code":200,"duration_ms":6}
{"time":"2026-10-08T08:49:01.790758+08:00","level":"INFO","msg":"http request complete","request_id":"01a118fc-2b45-735b-a0a6-4b9f6fe7a645","trace_id":"c9a5004ca003def71e5c8d53b704ea17","span_id":"9cbf2ebf7831b1a7","method":"POST","status_code":201,"duration_ms":25}
{"time":"2026-10-08T08:49:01.79602+08:00","level":"INFO","msg":"http request complete","request_id":"01a118fc-2b5e-7f0b-8680-da03041eb949","trace_id":"a255b17edb97e6f68358a22a3d508c9e","span_id":"fb1e7e5faa4b593d","method":"POST","status_code":201,"duration_ms":4}
{"time":"2026-10-08T08:49:01.805246+08:00","level":"WARN","msg":"trace export failed","signal":"traces"}
{"time":"2026-10-08T08:49:01.820429+08:00","level":"INFO","msg":"http request complete","request_id":"01a118fc-2b6d-7649-9738-301828c31e72","trace_id":"e4aa246e2d5b27fe6d111e3f152fec91","span_id":"0dda3aab9265e86f","method":"GET","status_code":200,"duration_ms":14}
2026/10/08 08:49:02 OK   00001_roles_and_schemas.sql (44.93ms)
2026/10/08 08:49:02 goose: successfully migrated database to version: 1
2026/10/08 08:49:02 OK   00002_platform_meta.sql (119.65ms)
2026/10/08 08:49:02 OK   00003_finding.sql (26.22ms)
2026/10/08 08:49:02 OK   00004_incident.sql (71.3ms)
2026/10/08 08:49:02 OK   00005_investigation.sql (19.4ms)
2026/10/08 08:49:02 OK   00006_action_command.sql (51.18ms)
2026/10/08 08:49:02 OK   00007_audit.sql (60.4ms)
2026/10/08 08:49:02 OK   00008_rls.sql (14.76ms)
2026/10/08 08:49:02 OK   00009_idempotency_ledger.sql (39.66ms)
2026/10/08 08:49:02 OK   00010_tenant_provisioning.sql (13.67ms)
2026/10/08 08:49:02 OK   00011_source_registration_history.sql (10.12ms)
2026/10/08 08:49:02 OK   00012_config_registry_lifecycle.sql (59ms)
2026/10/08 08:49:02 OK   00013_audit_signed_segments.sql (46.04ms)
2026/10/08 08:49:02 OK   00014_audit_segment_predecessors.sql (30.18ms)
2026/10/08 08:49:02 OK   00015_source_schema_scope.sql (18.07ms)
2026/10/08 08:49:02 OK   00016_cluster_registration_metadata.sql (7.26ms)
2026/10/08 08:49:02 OK   00017_source_data_scope.sql (6.96ms)
2026/10/08 08:49:02 OK   00018_sp04_resources_evidence.sql (52.01ms)
2026/10/08 08:49:02 OK   00019_sp04_archive_ciphertext_bytes.sql (4.82ms)
2026/10/08 08:49:02 OK   00020_sp04_request_ledger.sql (6.3ms)
2026/10/08 08:49:02 OK   00021_sp04_archive_protection.sql (11.26ms)
2026/10/08 08:49:02 OK   00022_sp04_legal_hold_dependencies.sql (13.43ms)
2026/10/08 08:49:02 OK   00023_sp04_archive_query_intent.sql (36.76ms)
2026/10/08 08:49:02 OK   00024_sp05_finding_incident.sql (82.06ms)
2026/10/08 08:49:02 OK   00025_sp05_incident_event_time.sql (8.11ms)
2026/10/08 08:49:02 OK   00026_sp05_source_binding_lock.sql (15.5ms)
2026/10/08 08:49:03 OK   00027_sp05_rca_and_poll.sql (29.64ms)
2026/10/08 08:49:03 OK   00028_sp05_operator_lock.sql (8.77ms)
2026/10/08 08:49:03 OK   00029_sp05_evidence_links.sql (8.34ms)
2026/10/08 08:49:03 OK   00030_sp05_recipe_fence.sql (30.71ms)
2026/10/08 08:49:03 OK   00031_sp05_rca_postcheck.sql (4.45ms)
2026/10/08 08:49:03 OK   00032_sp05_transport_audit.sql (20.11ms)
2026/10/08 08:49:03 OK   00033_sp05_poll_resolution_clock.sql (13.81ms)
2026/10/08 08:49:03 OK   00034_sp06_investigation_ledger.sql (111.61ms)
2026/10/08 08:49:03 OK   00035_sp06_admission_data_classes.sql (6.2ms)
2026/10/08 08:49:03 goose: successfully migrated database to version: 35
2026/10/08 08:49:03 OK   00036_review_failure.sql (9.97ms)
2026/10/08 08:49:03 goose: successfully migrated database to version: 36
2026/10/08 08:49:07 OK   00001_roles_and_schemas.sql (37.39ms)
2026/10/08 08:49:07 goose: successfully migrated database to version: 1
2026/10/08 08:49:07 OK   00002_platform_meta.sql (87.27ms)
2026/10/08 08:49:07 OK   00003_finding.sql (21.31ms)
2026/10/08 08:49:07 OK   00004_incident.sql (33.5ms)
2026/10/08 08:49:07 OK   00005_investigation.sql (30.43ms)
2026/10/08 08:49:07 OK   00006_action_command.sql (31.17ms)
2026/10/08 08:49:07 OK   00007_audit.sql (13.69ms)
2026/10/08 08:49:07 OK   00008_rls.sql (40.88ms)
2026/10/08 08:49:07 OK   00009_idempotency_ledger.sql (10.18ms)
2026/10/08 08:49:07 OK   00010_tenant_provisioning.sql (17.34ms)
2026/10/08 08:49:07 OK   00011_source_registration_history.sql (28.54ms)
2026/10/08 08:49:07 OK   00012_config_registry_lifecycle.sql (22.05ms)
2026/10/08 08:49:07 OK   00013_audit_signed_segments.sql (49.76ms)
2026/10/08 08:49:07 OK   00014_audit_segment_predecessors.sql (26.52ms)
2026/10/08 08:49:07 OK   00015_source_schema_scope.sql (5.26ms)
2026/10/08 08:49:07 OK   00016_cluster_registration_metadata.sql (8.05ms)
2026/10/08 08:49:07 OK   00017_source_data_scope.sql (4.47ms)
2026/10/08 08:49:08 OK   00018_sp04_resources_evidence.sql (49.32ms)
2026/10/08 08:49:08 OK   00019_sp04_archive_ciphertext_bytes.sql (4.67ms)
2026/10/08 08:49:08 OK   00020_sp04_request_ledger.sql (14.7ms)
2026/10/08 08:49:08 OK   00021_sp04_archive_protection.sql (6.43ms)
2026/10/08 08:49:08 OK   00022_sp04_legal_hold_dependencies.sql (12.48ms)
2026/10/08 08:49:08 OK   00023_sp04_archive_query_intent.sql (16.19ms)
2026/10/08 08:49:08 OK   00024_sp05_finding_incident.sql (25.56ms)
2026/10/08 08:49:08 OK   00025_sp05_incident_event_time.sql (5.53ms)
2026/10/08 08:49:08 OK   00026_sp05_source_binding_lock.sql (11.58ms)
2026/10/08 08:49:08 OK   00027_sp05_rca_and_poll.sql (24.88ms)
2026/10/08 08:49:08 OK   00028_sp05_operator_lock.sql (5.15ms)
2026/10/08 08:49:08 OK   00029_sp05_evidence_links.sql (16.06ms)
2026/10/08 08:49:08 OK   00030_sp05_recipe_fence.sql (12.62ms)
2026/10/08 08:49:08 OK   00031_sp05_rca_postcheck.sql (13.61ms)
2026/10/08 08:49:08 OK   00032_sp05_transport_audit.sql (13.77ms)
2026/10/08 08:49:08 OK   00033_sp05_poll_resolution_clock.sql (7.47ms)
2026/10/08 08:49:08 OK   00034_sp06_investigation_ledger.sql (41.86ms)
2026/10/08 08:49:08 OK   00035_sp06_admission_data_classes.sql (13.72ms)
2026/10/08 08:49:08 goose: successfully migrated database to version: 35
2026/10/08 08:49:08 OK   00001_roles_and_schemas.sql (41.72ms)
2026/10/08 08:49:08 goose: successfully migrated database to version: 1
2026/10/08 08:49:08 OK   00002_platform_meta.sql (44.94ms)
2026/10/08 08:49:08 OK   00003_finding.sql (17.35ms)
2026/10/08 08:49:08 OK   00004_incident.sql (9.14ms)
2026/10/08 08:49:08 OK   00005_investigation.sql (9.77ms)
2026/10/08 08:49:08 OK   00006_action_command.sql (11.84ms)
2026/10/08 08:49:08 OK   00007_audit.sql (12.93ms)
2026/10/08 08:49:08 OK   00008_rls.sql (22.33ms)
2026/10/08 08:49:08 OK   00009_idempotency_ledger.sql (12.27ms)
2026/10/08 08:49:08 OK   00010_tenant_provisioning.sql (12.57ms)
2026/10/08 08:49:08 OK   00011_source_registration_history.sql (12.83ms)
2026/10/08 08:49:08 OK   00012_config_registry_lifecycle.sql (27.95ms)
2026/10/08 08:49:08 OK   00013_audit_signed_segments.sql (45.13ms)
2026/10/08 08:49:08 OK   00014_audit_segment_predecessors.sql (9.74ms)
2026/10/08 08:49:08 OK   00015_source_schema_scope.sql (18.06ms)
2026/10/08 08:49:08 OK   00016_cluster_registration_metadata.sql (21.29ms)
2026/10/08 08:49:08 OK   00017_source_data_scope.sql (4.68ms)
2026/10/08 08:49:09 OK   00018_sp04_resources_evidence.sql (49.31ms)
2026/10/08 08:49:09 OK   00019_sp04_archive_ciphertext_bytes.sql (3.06ms)
2026/10/08 08:49:09 OK   00020_sp04_request_ledger.sql (5.45ms)
2026/10/08 08:49:09 OK   00021_sp04_archive_protection.sql (3.62ms)
2026/10/08 08:49:09 OK   00022_sp04_legal_hold_dependencies.sql (2.75ms)
2026/10/08 08:49:09 OK   00023_sp04_archive_query_intent.sql (3.04ms)
2026/10/08 08:49:09 OK   00024_sp05_finding_incident.sql (55.72ms)
2026/10/08 08:49:09 OK   00025_sp05_incident_event_time.sql (16.84ms)
2026/10/08 08:49:09 OK   00026_sp05_source_binding_lock.sql (13.93ms)
2026/10/08 08:49:09 OK   00027_sp05_rca_and_poll.sql (11.67ms)
2026/10/08 08:49:09 OK   00028_sp05_operator_lock.sql (3.78ms)
2026/10/08 08:49:09 OK   00029_sp05_evidence_links.sql (9.8ms)
2026/10/08 08:49:09 OK   00030_sp05_recipe_fence.sql (7.75ms)
2026/10/08 08:49:09 OK   00031_sp05_rca_postcheck.sql (4.73ms)
2026/10/08 08:49:09 OK   00032_sp05_transport_audit.sql (3.47ms)
2026/10/08 08:49:09 OK   00033_sp05_poll_resolution_clock.sql (3.83ms)
2026/10/08 08:49:09 OK   00034_sp06_investigation_ledger.sql (32.53ms)
2026/10/08 08:49:09 OK   00035_sp06_admission_data_classes.sql (3.33ms)
2026/10/08 08:49:09 goose: successfully migrated database to version: 35
2026/10/08 08:49:09 OK   00001_roles_and_schemas.sql (25.12ms)
2026/10/08 08:49:09 goose: successfully migrated database to version: 1
2026/10/08 08:49:09 OK   00002_platform_meta.sql (67ms)
2026/10/08 08:49:09 OK   00003_finding.sql (16.48ms)
2026/10/08 08:49:09 OK   00004_incident.sql (28.91ms)
2026/10/08 08:49:09 OK   00005_investigation.sql (10.86ms)
2026/10/08 08:49:09 OK   00006_action_command.sql (25.61ms)
2026/10/08 08:49:09 OK   00007_audit.sql (47.07ms)
2026/10/08 08:49:09 OK   00008_rls.sql (9.07ms)
2026/10/08 08:49:09 OK   00009_idempotency_ledger.sql (18.82ms)
2026/10/08 08:49:09 OK   00010_tenant_provisioning.sql (28.4ms)
2026/10/08 08:49:09 OK   00011_source_registration_history.sql (40.3ms)
2026/10/08 08:49:09 OK   00012_config_registry_lifecycle.sql (21.48ms)
2026/10/08 08:49:09 OK   00013_audit_signed_segments.sql (29.46ms)
2026/10/08 08:49:09 OK   00014_audit_segment_predecessors.sql (26.72ms)
2026/10/08 08:49:09 OK   00015_source_schema_scope.sql (14.61ms)
2026/10/08 08:49:09 OK   00016_cluster_registration_metadata.sql (5.7ms)
2026/10/08 08:49:09 OK   00017_source_data_scope.sql (14.79ms)
2026/10/08 08:49:09 OK   00018_sp04_resources_evidence.sql (43.63ms)
2026/10/08 08:49:09 OK   00019_sp04_archive_ciphertext_bytes.sql (5.56ms)
2026/10/08 08:49:09 OK   00020_sp04_request_ledger.sql (17.68ms)
2026/10/08 08:49:09 OK   00021_sp04_archive_protection.sql (28.88ms)
2026/10/08 08:49:09 OK   00022_sp04_legal_hold_dependencies.sql (6.25ms)
2026/10/08 08:49:10 OK   00023_sp04_archive_query_intent.sql (4.61ms)
2026/10/08 08:49:10 OK   00024_sp05_finding_incident.sql (39.4ms)
2026/10/08 08:49:10 OK   00025_sp05_incident_event_time.sql (16.25ms)
2026/10/08 08:49:10 OK   00026_sp05_source_binding_lock.sql (12.36ms)
2026/10/08 08:49:10 OK   00027_sp05_rca_and_poll.sql (26.71ms)
2026/10/08 08:49:10 OK   00028_sp05_operator_lock.sql (14.13ms)
2026/10/08 08:49:10 OK   00029_sp05_evidence_links.sql (44.34ms)
2026/10/08 08:49:10 OK   00030_sp05_recipe_fence.sql (9.43ms)
2026/10/08 08:49:10 OK   00031_sp05_rca_postcheck.sql (4.37ms)
2026/10/08 08:49:10 OK   00032_sp05_transport_audit.sql (5.9ms)
2026/10/08 08:49:10 OK   00033_sp05_poll_resolution_clock.sql (4.49ms)
2026/10/08 08:49:10 OK   00034_sp06_investigation_ledger.sql (60.91ms)
2026/10/08 08:49:10 OK   00035_sp06_admission_data_classes.sql (8.24ms)
2026/10/08 08:49:10 goose: successfully migrated database to version: 35
2026/10/08 08:49:10 OK   00001_roles_and_schemas.sql (48.48ms)
2026/10/08 08:49:10 goose: successfully migrated database to version: 1
2026/10/08 08:49:10 OK   00002_platform_meta.sql (47.48ms)
2026/10/08 08:49:10 OK   00003_finding.sql (8.36ms)
2026/10/08 08:49:10 OK   00004_incident.sql (12.02ms)
2026/10/08 08:49:10 OK   00005_investigation.sql (30.04ms)
2026/10/08 08:49:10 OK   00006_action_command.sql (6.87ms)
2026/10/08 08:49:10 OK   00007_audit.sql (39.03ms)
2026/10/08 08:49:10 OK   00008_rls.sql (8.42ms)
2026/10/08 08:49:10 OK   00009_idempotency_ledger.sql (31.81ms)
2026/10/08 08:49:10 OK   00010_tenant_provisioning.sql (8.84ms)
2026/10/08 08:49:10 OK   00011_source_registration_history.sql (19.42ms)
2026/10/08 08:49:10 OK   00012_config_registry_lifecycle.sql (23.79ms)
2026/10/08 08:49:10 OK   00013_audit_signed_segments.sql (40.79ms)
2026/10/08 08:49:10 OK   00014_audit_segment_predecessors.sql (5.76ms)
2026/10/08 08:49:10 OK   00015_source_schema_scope.sql (26.3ms)
2026/10/08 08:49:10 OK   00016_cluster_registration_metadata.sql (9.16ms)
2026/10/08 08:49:10 OK   00017_source_data_scope.sql (4.74ms)
2026/10/08 08:49:10 OK   00018_sp04_resources_evidence.sql (35.39ms)
2026/10/08 08:49:10 OK   00019_sp04_archive_ciphertext_bytes.sql (3.58ms)
2026/10/08 08:49:10 OK   00020_sp04_request_ledger.sql (12.08ms)
2026/10/08 08:49:10 OK   00021_sp04_archive_protection.sql (18.33ms)
2026/10/08 08:49:10 OK   00022_sp04_legal_hold_dependencies.sql (9.16ms)
2026/10/08 08:49:10 OK   00023_sp04_archive_query_intent.sql (6.64ms)
2026/10/08 08:49:11 OK   00024_sp05_finding_incident.sql (43.1ms)
2026/10/08 08:49:11 OK   00025_sp05_incident_event_time.sql (8.43ms)
2026/10/08 08:49:11 OK   00026_sp05_source_binding_lock.sql (6.45ms)
2026/10/08 08:49:11 OK   00027_sp05_rca_and_poll.sql (31.21ms)
2026/10/08 08:49:11 OK   00028_sp05_operator_lock.sql (3.99ms)
2026/10/08 08:49:11 OK   00029_sp05_evidence_links.sql (5.44ms)
2026/10/08 08:49:11 OK   00030_sp05_recipe_fence.sql (3.54ms)
2026/10/08 08:49:11 OK   00031_sp05_rca_postcheck.sql (4.51ms)
2026/10/08 08:49:11 OK   00032_sp05_transport_audit.sql (11.2ms)
2026/10/08 08:49:11 OK   00033_sp05_poll_resolution_clock.sql (12.63ms)
2026/10/08 08:49:11 OK   00034_sp06_investigation_ledger.sql (85.21ms)
2026/10/08 08:49:11 OK   00035_sp06_admission_data_classes.sql (35.29ms)
2026/10/08 08:49:11 goose: successfully migrated database to version: 35
2026/10/08 08:49:11 OK   00001_roles_and_schemas.sql (18.75ms)
2026/10/08 08:49:11 goose: successfully migrated database to version: 1
2026/10/08 08:49:20 OK   00002_platform_meta.sql (39.44ms)
2026/10/08 08:49:20 OK   00003_finding.sql (17.97ms)
2026/10/08 08:49:20 OK   00004_incident.sql (19.56ms)
2026/10/08 08:49:20 OK   00005_investigation.sql (6.97ms)
2026/10/08 08:49:20 OK   00006_action_command.sql (6.28ms)
2026/10/08 08:49:20 OK   00007_audit.sql (22.2ms)
2026/10/08 08:49:20 OK   00008_rls.sql (17.9ms)
2026/10/08 08:49:20 OK   00009_idempotency_ledger.sql (7.74ms)
2026/10/08 08:49:20 OK   00010_tenant_provisioning.sql (20.87ms)
2026/10/08 08:49:20 OK   00011_source_registration_history.sql (9.41ms)
2026/10/08 08:49:20 OK   00012_config_registry_lifecycle.sql (9.29ms)
2026/10/08 08:49:20 OK   00013_audit_signed_segments.sql (10.37ms)
2026/10/08 08:49:20 OK   00014_audit_segment_predecessors.sql (6.85ms)
2026/10/08 08:49:20 OK   00015_source_schema_scope.sql (6.46ms)
2026/10/08 08:49:20 OK   00016_cluster_registration_metadata.sql (8.31ms)
2026/10/08 08:49:20 OK   00017_source_data_scope.sql (8.34ms)
2026/10/08 08:49:20 OK   00018_sp04_resources_evidence.sql (26.99ms)
2026/10/08 08:49:20 OK   00019_sp04_archive_ciphertext_bytes.sql (4.27ms)
2026/10/08 08:49:20 OK   00020_sp04_request_ledger.sql (8.33ms)
2026/10/08 08:49:20 OK   00021_sp04_archive_protection.sql (4.91ms)
2026/10/08 08:49:20 OK   00022_sp04_legal_hold_dependencies.sql (4.87ms)
2026/10/08 08:49:20 OK   00023_sp04_archive_query_intent.sql (3.94ms)
2026/10/08 08:49:20 OK   00024_sp05_finding_incident.sql (39ms)
2026/10/08 08:49:20 OK   00025_sp05_incident_event_time.sql (3.13ms)
2026/10/08 08:49:20 OK   00026_sp05_source_binding_lock.sql (6.33ms)
2026/10/08 08:49:20 OK   00027_sp05_rca_and_poll.sql (30.77ms)
2026/10/08 08:49:20 OK   00028_sp05_operator_lock.sql (4.81ms)
2026/10/08 08:49:20 OK   00029_sp05_evidence_links.sql (12.63ms)
2026/10/08 08:49:20 OK   00030_sp05_recipe_fence.sql (14.2ms)
2026/10/08 08:49:20 OK   00031_sp05_rca_postcheck.sql (3.47ms)
2026/10/08 08:49:20 OK   00032_sp05_transport_audit.sql (4.37ms)
2026/10/08 08:49:20 OK   00033_sp05_poll_resolution_clock.sql (4.48ms)
2026/10/08 08:49:20 OK   00034_sp06_investigation_ledger.sql (41ms)
2026/10/08 08:49:20 OK   00035_sp06_admission_data_classes.sql (6.54ms)
2026/10/08 08:49:20 goose: successfully migrated database to version: 35
2026/10/08 08:50:14 OK   00001_roles_and_schemas.sql (29.67ms)
2026/10/08 08:50:14 goose: successfully migrated database to version: 1
2026/10/08 08:50:14 OK   00002_platform_meta.sql (59.26ms)
2026/10/08 08:50:14 OK   00003_finding.sql (18.93ms)
2026/10/08 08:50:14 OK   00004_incident.sql (7.6ms)
2026/10/08 08:50:14 OK   00005_investigation.sql (15.07ms)
2026/10/08 08:50:14 OK   00006_action_command.sql (9.69ms)
2026/10/08 08:50:14 OK   00007_audit.sql (11.93ms)
2026/10/08 08:50:14 OK   00008_rls.sql (9.89ms)
2026/10/08 08:50:14 OK   00009_idempotency_ledger.sql (16.43ms)
2026/10/08 08:50:14 OK   00010_tenant_provisioning.sql (7.17ms)
2026/10/08 08:50:14 OK   00011_source_registration_history.sql (14.03ms)
2026/10/08 08:50:14 OK   00012_config_registry_lifecycle.sql (10.35ms)
2026/10/08 08:50:14 OK   00013_audit_signed_segments.sql (23.74ms)
2026/10/08 08:50:14 OK   00014_audit_segment_predecessors.sql (7.1ms)
2026/10/08 08:50:14 OK   00015_source_schema_scope.sql (5.98ms)
2026/10/08 08:50:14 OK   00016_cluster_registration_metadata.sql (8.38ms)
2026/10/08 08:50:14 OK   00017_source_data_scope.sql (4.61ms)
2026/10/08 08:50:14 OK   00018_sp04_resources_evidence.sql (21.94ms)
2026/10/08 08:50:14 OK   00019_sp04_archive_ciphertext_bytes.sql (4.91ms)
2026/10/08 08:50:14 OK   00020_sp04_request_ledger.sql (12.04ms)
2026/10/08 08:50:14 OK   00021_sp04_archive_protection.sql (5.81ms)
2026/10/08 08:50:14 OK   00022_sp04_legal_hold_dependencies.sql (3.84ms)
2026/10/08 08:50:14 OK   00023_sp04_archive_query_intent.sql (3.74ms)
2026/10/08 08:50:14 OK   00024_sp05_finding_incident.sql (32.22ms)
2026/10/08 08:50:14 OK   00025_sp05_incident_event_time.sql (5.5ms)
2026/10/08 08:50:14 OK   00026_sp05_source_binding_lock.sql (6.5ms)
2026/10/08 08:50:14 OK   00027_sp05_rca_and_poll.sql (16.71ms)
2026/10/08 08:50:14 OK   00028_sp05_operator_lock.sql (10.67ms)
2026/10/08 08:50:14 OK   00029_sp05_evidence_links.sql (13.14ms)
2026/10/08 08:50:14 OK   00030_sp05_recipe_fence.sql (9.45ms)
2026/10/08 08:50:15 OK   00031_sp05_rca_postcheck.sql (5.07ms)
2026/10/08 08:50:15 OK   00032_sp05_transport_audit.sql (4.1ms)
2026/10/08 08:50:15 OK   00033_sp05_poll_resolution_clock.sql (3.65ms)
2026/10/08 08:50:15 OK   00034_sp06_investigation_ledger.sql (50.32ms)
2026/10/08 08:50:15 OK   00035_sp06_admission_data_classes.sql (4.31ms)
2026/10/08 08:50:15 goose: successfully migrated database to version: 35
2026/10/08 08:50:15 OK   00001_roles_and_schemas.sql (28.25ms)
2026/10/08 08:50:15 OK   00002_platform_meta.sql (73.86ms)
2026/10/08 08:50:15 OK   00003_finding.sql (36.92ms)
2026/10/08 08:50:15 OK   00004_incident.sql (22.67ms)
2026/10/08 08:50:15 OK   00005_investigation.sql (46.42ms)
2026/10/08 08:50:15 OK   00006_action_command.sql (37.68ms)
2026/10/08 08:50:15 OK   00007_audit.sql (80.77ms)
2026/10/08 08:50:15 OK   00008_rls.sql (37.97ms)
2026/10/08 08:50:15 OK   00009_idempotency_ledger.sql (26.45ms)
2026/10/08 08:50:15 OK   00010_tenant_provisioning.sql (12.27ms)
2026/10/08 08:50:15 OK   00011_source_registration_history.sql (23.6ms)
2026/10/08 08:50:15 OK   00012_config_registry_lifecycle.sql (12.97ms)
2026/10/08 08:50:15 OK   00013_audit_signed_segments.sql (42.78ms)
2026/10/08 08:50:15 OK   00014_audit_segment_predecessors.sql (12.13ms)
2026/10/08 08:50:15 OK   00015_source_schema_scope.sql (8.61ms)
2026/10/08 08:50:15 OK   00016_cluster_registration_metadata.sql (9.38ms)
2026/10/08 08:50:15 OK   00017_source_data_scope.sql (11.24ms)
2026/10/08 08:50:15 OK   00018_sp04_resources_evidence.sql (36.48ms)
2026/10/08 08:50:15 OK   00019_sp04_archive_ciphertext_bytes.sql (7.13ms)
2026/10/08 08:50:15 OK   00020_sp04_request_ledger.sql (27.16ms)
2026/10/08 08:50:16 OK   00021_sp04_archive_protection.sql (12.87ms)
2026/10/08 08:50:16 OK   00022_sp04_legal_hold_dependencies.sql (2.78ms)
2026/10/08 08:50:16 OK   00023_sp04_archive_query_intent.sql (4.83ms)
2026/10/08 08:50:16 OK   00024_sp05_finding_incident.sql (46.96ms)
2026/10/08 08:50:16 OK   00025_sp05_incident_event_time.sql (3.75ms)
2026/10/08 08:50:16 OK   00026_sp05_source_binding_lock.sql (3.43ms)
2026/10/08 08:50:16 OK   00027_sp05_rca_and_poll.sql (25.51ms)
2026/10/08 08:50:16 OK   00028_sp05_operator_lock.sql (6.25ms)
2026/10/08 08:50:16 OK   00029_sp05_evidence_links.sql (15.5ms)
2026/10/08 08:50:16 OK   00030_sp05_recipe_fence.sql (7.15ms)
2026/10/08 08:50:16 OK   00031_sp05_rca_postcheck.sql (4.39ms)
2026/10/08 08:50:16 OK   00032_sp05_transport_audit.sql (6.59ms)
2026/10/08 08:50:16 OK   00033_sp05_poll_resolution_clock.sql (4.39ms)
2026/10/08 08:50:16 OK   00034_sp06_investigation_ledger.sql (56.38ms)
2026/10/08 08:50:16 OK   00035_sp06_admission_data_classes.sql (4.37ms)
2026/10/08 08:50:16 goose: successfully migrated database to version: 35
2026/10/08 08:50:17 OK   00001_roles_and_schemas.sql (24.66ms)
2026/10/08 08:50:17 goose: successfully migrated database to version: 1
2026/10/08 08:50:18 OK   00002_platform_meta.sql (37.48ms)
2026/10/08 08:50:18 OK   00003_finding.sql (25.57ms)
2026/10/08 08:50:18 OK   00004_incident.sql (7.64ms)
2026/10/08 08:50:18 OK   00005_investigation.sql (6.51ms)
2026/10/08 08:50:18 OK   00006_action_command.sql (7.24ms)
2026/10/08 08:50:18 OK   00007_audit.sql (8.35ms)
2026/10/08 08:50:18 OK   00008_rls.sql (8.89ms)
2026/10/08 08:50:18 OK   00009_idempotency_ledger.sql (11.86ms)
2026/10/08 08:50:18 OK   00010_tenant_provisioning.sql (10.25ms)
2026/10/08 08:50:18 OK   00011_source_registration_history.sql (9.98ms)
2026/10/08 08:50:18 OK   00012_config_registry_lifecycle.sql (15.55ms)
2026/10/08 08:50:18 OK   00013_audit_signed_segments.sql (22.22ms)
2026/10/08 08:50:18 OK   00014_audit_segment_predecessors.sql (6.45ms)
2026/10/08 08:50:18 OK   00015_source_schema_scope.sql (2.92ms)
2026/10/08 08:50:18 OK   00016_cluster_registration_metadata.sql (6.99ms)
2026/10/08 08:50:18 goose: successfully migrated database to version: 16
2026/10/08 08:50:18 OK   00017_source_data_scope.sql (5.76ms)
2026/10/08 08:50:18 OK   00018_sp04_resources_evidence.sql (26.34ms)
2026/10/08 08:50:18 OK   00019_sp04_archive_ciphertext_bytes.sql (4.92ms)
2026/10/08 08:50:18 OK   00020_sp04_request_ledger.sql (7.87ms)
2026/10/08 08:50:18 OK   00021_sp04_archive_protection.sql (5.88ms)
2026/10/08 08:50:18 OK   00022_sp04_legal_hold_dependencies.sql (4.85ms)
2026/10/08 08:50:18 OK   00023_sp04_archive_query_intent.sql (4.43ms)
2026/10/08 08:50:18 OK   00024_sp05_finding_incident.sql (40.92ms)
2026/10/08 08:50:18 OK   00025_sp05_incident_event_time.sql (4.5ms)
2026/10/08 08:50:18 OK   00026_sp05_source_binding_lock.sql (5.06ms)
2026/10/08 08:50:18 OK   00027_sp05_rca_and_poll.sql (22.04ms)
2026/10/08 08:50:18 OK   00028_sp05_operator_lock.sql (6.01ms)
2026/10/08 08:50:18 OK   00029_sp05_evidence_links.sql (10.27ms)
2026/10/08 08:50:18 OK   00030_sp05_recipe_fence.sql (6.02ms)
2026/10/08 08:50:18 OK   00031_sp05_rca_postcheck.sql (3.38ms)
2026/10/08 08:50:18 OK   00032_sp05_transport_audit.sql (4.86ms)
2026/10/08 08:50:18 OK   00033_sp05_poll_resolution_clock.sql (5.53ms)
2026/10/08 08:50:18 OK   00034_sp06_investigation_ledger.sql (38.79ms)
2026/10/08 08:50:18 OK   00035_sp06_admission_data_classes.sql (7.16ms)
2026/10/08 08:50:18 goose: successfully migrated database to version: 35
2026/10/08 08:50:18 OK   00001_roles_and_schemas.sql (17.7ms)
2026/10/08 08:50:18 goose: successfully migrated database to version: 1
2026/10/08 08:50:18 OK   00002_platform_meta.sql (45.53ms)
2026/10/08 08:50:18 OK   00003_finding.sql (16.94ms)
2026/10/08 08:50:18 OK   00004_incident.sql (8.44ms)
2026/10/08 08:50:18 OK   00005_investigation.sql (25.85ms)
2026/10/08 08:50:18 OK   00006_action_command.sql (18.46ms)
2026/10/08 08:50:18 OK   00007_audit.sql (24.89ms)
2026/10/08 08:50:18 OK   00008_rls.sql (19.31ms)
2026/10/08 08:50:18 OK   00009_idempotency_ledger.sql (10.22ms)
2026/10/08 08:50:18 OK   00010_tenant_provisioning.sql (7.84ms)
2026/10/08 08:50:18 OK   00011_source_registration_history.sql (9.34ms)
2026/10/08 08:50:18 OK   00012_config_registry_lifecycle.sql (19.66ms)
2026/10/08 08:50:18 OK   00013_audit_signed_segments.sql (29.33ms)
2026/10/08 08:50:18 OK   00014_audit_segment_predecessors.sql (10.9ms)
2026/10/08 08:50:18 OK   00015_source_schema_scope.sql (3.66ms)
2026/10/08 08:50:18 OK   00016_cluster_registration_metadata.sql (4.6ms)
2026/10/08 08:50:18 OK   00017_source_data_scope.sql (7.15ms)
2026/10/08 08:50:18 OK   00018_sp04_resources_evidence.sql (25.94ms)
2026/10/08 08:50:18 OK   00019_sp04_archive_ciphertext_bytes.sql (6.6ms)
2026/10/08 08:50:18 OK   00020_sp04_request_ledger.sql (8.2ms)
2026/10/08 08:50:18 OK   00021_sp04_archive_protection.sql (4.06ms)
2026/10/08 08:50:18 OK   00022_sp04_legal_hold_dependencies.sql (5.85ms)
2026/10/08 08:50:18 OK   00023_sp04_archive_query_intent.sql (6.47ms)
2026/10/08 08:50:18 OK   00024_sp05_finding_incident.sql (31.27ms)
2026/10/08 08:50:18 OK   00025_sp05_incident_event_time.sql (2.63ms)
2026/10/08 08:50:19 OK   00026_sp05_source_binding_lock.sql (4.28ms)
2026/10/08 08:50:19 OK   00027_sp05_rca_and_poll.sql (17.57ms)
2026/10/08 08:50:19 OK   00028_sp05_operator_lock.sql (8.74ms)
2026/10/08 08:50:19 OK   00029_sp05_evidence_links.sql (6.35ms)
2026/10/08 08:50:19 OK   00030_sp05_recipe_fence.sql (3.67ms)
2026/10/08 08:50:19 OK   00031_sp05_rca_postcheck.sql (3.4ms)
2026/10/08 08:50:19 OK   00032_sp05_transport_audit.sql (13.95ms)
2026/10/08 08:50:19 OK   00033_sp05_poll_resolution_clock.sql (7.64ms)
2026/10/08 08:50:19 OK   00034_sp06_investigation_ledger.sql (22.12ms)
2026/10/08 08:50:19 OK   00035_sp06_admission_data_classes.sql (10.57ms)
2026/10/08 08:50:19 goose: successfully migrated database to version: 35
2026/10/08 08:50:19 OK   00001_roles_and_schemas.sql (16.66ms)
2026/10/08 08:50:19 goose: successfully migrated database to version: 1
2026/10/08 08:50:19 OK   00002_platform_meta.sql (22.39ms)
2026/10/08 08:50:19 OK   00003_finding.sql (21.29ms)
2026/10/08 08:50:19 OK   00004_incident.sql (16.94ms)
2026/10/08 08:50:19 OK   00005_investigation.sql (9.49ms)
2026/10/08 08:50:19 OK   00006_action_command.sql (15.99ms)
2026/10/08 08:50:19 OK   00007_audit.sql (21.39ms)
2026/10/08 08:50:19 OK   00008_rls.sql (39.18ms)
2026/10/08 08:50:19 OK   00009_idempotency_ledger.sql (13.28ms)
2026/10/08 08:50:19 OK   00010_tenant_provisioning.sql (18.8ms)
2026/10/08 08:50:19 OK   00011_source_registration_history.sql (13.59ms)
2026/10/08 08:50:19 OK   00012_config_registry_lifecycle.sql (9.73ms)
2026/10/08 08:50:20 OK   00013_audit_signed_segments.sql (36.88ms)
2026/10/08 08:50:20 OK   00014_audit_segment_predecessors.sql (11.4ms)
2026/10/08 08:50:20 OK   00015_source_schema_scope.sql (8.92ms)
2026/10/08 08:50:20 OK   00016_cluster_registration_metadata.sql (6.68ms)
2026/10/08 08:50:20 OK   00017_source_data_scope.sql (9.43ms)
2026/10/08 08:50:20 OK   00018_sp04_resources_evidence.sql (30.7ms)
2026/10/08 08:50:20 OK   00019_sp04_archive_ciphertext_bytes.sql (7.91ms)
2026/10/08 08:50:20 OK   00020_sp04_request_ledger.sql (4.75ms)
2026/10/08 08:50:20 OK   00021_sp04_archive_protection.sql (3.76ms)
2026/10/08 08:50:20 OK   00022_sp04_legal_hold_dependencies.sql (3.96ms)
2026/10/08 08:50:20 OK   00023_sp04_archive_query_intent.sql (4.35ms)
2026/10/08 08:50:20 OK   00024_sp05_finding_incident.sql (37.46ms)
2026/10/08 08:50:20 OK   00025_sp05_incident_event_time.sql (2.52ms)
2026/10/08 08:50:20 OK   00026_sp05_source_binding_lock.sql (3.92ms)
2026/10/08 08:50:20 OK   00027_sp05_rca_and_poll.sql (22.76ms)
2026/10/08 08:50:20 OK   00028_sp05_operator_lock.sql (8.82ms)
2026/10/08 08:50:20 OK   00029_sp05_evidence_links.sql (4.93ms)
2026/10/08 08:50:20 OK   00030_sp05_recipe_fence.sql (3.39ms)
2026/10/08 08:50:20 OK   00031_sp05_rca_postcheck.sql (4.52ms)
2026/10/08 08:50:20 OK   00032_sp05_transport_audit.sql (4.6ms)
2026/10/08 08:50:20 OK   00033_sp05_poll_resolution_clock.sql (6.74ms)
2026/10/08 08:50:20 OK   00034_sp06_investigation_ledger.sql (37.98ms)
2026/10/08 08:50:20 OK   00035_sp06_admission_data_classes.sql (5.94ms)
2026/10/08 08:50:20 goose: successfully migrated database to version: 35
2026/10/08 08:50:35 OK   00001_roles_and_schemas.sql (38.61ms)
2026/10/08 08:50:35 goose: successfully migrated database to version: 1
2026/10/08 08:50:35 OK   00002_platform_meta.sql (46.3ms)
2026/10/08 08:50:35 OK   00003_finding.sql (12.03ms)
2026/10/08 08:50:35 OK   00004_incident.sql (14.42ms)
2026/10/08 08:50:35 OK   00005_investigation.sql (8.2ms)
2026/10/08 08:50:35 OK   00006_action_command.sql (9.95ms)
2026/10/08 08:50:35 OK   00007_audit.sql (22.11ms)
2026/10/08 08:50:35 OK   00008_rls.sql (19.79ms)
2026/10/08 08:50:35 OK   00009_idempotency_ledger.sql (10.45ms)
2026/10/08 08:50:35 OK   00010_tenant_provisioning.sql (6.12ms)
2026/10/08 08:50:35 OK   00011_source_registration_history.sql (7.06ms)
2026/10/08 08:50:35 OK   00012_config_registry_lifecycle.sql (9.06ms)
2026/10/08 08:50:35 OK   00013_audit_signed_segments.sql (23.1ms)
2026/10/08 08:50:35 OK   00014_audit_segment_predecessors.sql (10.86ms)
2026/10/08 08:50:35 OK   00015_source_schema_scope.sql (5.63ms)
2026/10/08 08:50:35 OK   00016_cluster_registration_metadata.sql (5.89ms)
2026/10/08 08:50:35 OK   00017_source_data_scope.sql (5.71ms)
2026/10/08 08:50:35 OK   00018_sp04_resources_evidence.sql (35.14ms)
2026/10/08 08:50:35 OK   00019_sp04_archive_ciphertext_bytes.sql (4.81ms)
2026/10/08 08:50:35 OK   00020_sp04_request_ledger.sql (6.63ms)
2026/10/08 08:50:35 OK   00021_sp04_archive_protection.sql (7.2ms)
2026/10/08 08:50:35 OK   00022_sp04_legal_hold_dependencies.sql (5.2ms)
2026/10/08 08:50:35 OK   00023_sp04_archive_query_intent.sql (3.84ms)
2026/10/08 08:50:35 OK   00024_sp05_finding_incident.sql (26.87ms)
2026/10/08 08:50:35 OK   00025_sp05_incident_event_time.sql (5.08ms)
2026/10/08 08:50:35 OK   00026_sp05_source_binding_lock.sql (3.69ms)
2026/10/08 08:50:35 OK   00027_sp05_rca_and_poll.sql (20.49ms)
2026/10/08 08:50:35 OK   00028_sp05_operator_lock.sql (8.26ms)
2026/10/08 08:50:35 OK   00029_sp05_evidence_links.sql (11.81ms)
2026/10/08 08:50:35 OK   00030_sp05_recipe_fence.sql (12.25ms)
2026/10/08 08:50:35 OK   00031_sp05_rca_postcheck.sql (3.67ms)
2026/10/08 08:50:35 OK   00032_sp05_transport_audit.sql (6.4ms)
2026/10/08 08:50:35 OK   00033_sp05_poll_resolution_clock.sql (15.33ms)
2026/10/08 08:50:35 OK   00034_sp06_investigation_ledger.sql (33.31ms)
2026/10/08 08:50:35 OK   00035_sp06_admission_data_classes.sql (5.92ms)
2026/10/08 08:50:35 goose: successfully migrated database to version: 35
2026/10/08 08:50:37 OK   00001_roles_and_schemas.sql (37.75ms)
2026/10/08 08:50:37 goose: successfully migrated database to version: 1
2026/10/08 08:50:37 OK   00002_platform_meta.sql (41.24ms)
2026/10/08 08:50:37 OK   00003_finding.sql (30.59ms)
2026/10/08 08:50:37 OK   00004_incident.sql (10.75ms)
2026/10/08 08:50:37 OK   00005_investigation.sql (13.3ms)
2026/10/08 08:50:37 OK   00006_action_command.sql (15.02ms)
2026/10/08 08:50:37 OK   00007_audit.sql (18.31ms)
2026/10/08 08:50:37 OK   00008_rls.sql (10.71ms)
2026/10/08 08:50:37 OK   00009_idempotency_ledger.sql (19.24ms)
2026/10/08 08:50:37 OK   00010_tenant_provisioning.sql (9.22ms)
2026/10/08 08:50:37 OK   00011_source_registration_history.sql (13.67ms)
2026/10/08 08:50:37 OK   00012_config_registry_lifecycle.sql (16.04ms)
2026/10/08 08:50:37 OK   00013_audit_signed_segments.sql (29.32ms)
2026/10/08 08:50:37 OK   00014_audit_segment_predecessors.sql (7ms)
2026/10/08 08:50:37 OK   00015_source_schema_scope.sql (12.72ms)
2026/10/08 08:50:37 OK   00016_cluster_registration_metadata.sql (13.71ms)
2026/10/08 08:50:37 OK   00017_source_data_scope.sql (8.24ms)
2026/10/08 08:50:37 OK   00018_sp04_resources_evidence.sql (30.03ms)
2026/10/08 08:50:37 OK   00019_sp04_archive_ciphertext_bytes.sql (3.77ms)
2026/10/08 08:50:37 OK   00020_sp04_request_ledger.sql (9.41ms)
2026/10/08 08:50:37 OK   00021_sp04_archive_protection.sql (6.28ms)
2026/10/08 08:50:37 OK   00022_sp04_legal_hold_dependencies.sql (3.37ms)
2026/10/08 08:50:37 OK   00023_sp04_archive_query_intent.sql (3.01ms)
2026/10/08 08:50:37 OK   00024_sp05_finding_incident.sql (40.65ms)
2026/10/08 08:50:37 OK   00025_sp05_incident_event_time.sql (3.02ms)
2026/10/08 08:50:37 OK   00026_sp05_source_binding_lock.sql (4.33ms)
2026/10/08 08:50:37 OK   00027_sp05_rca_and_poll.sql (14.38ms)
2026/10/08 08:50:37 OK   00028_sp05_operator_lock.sql (5.49ms)
2026/10/08 08:50:37 OK   00029_sp05_evidence_links.sql (15.3ms)
2026/10/08 08:50:37 OK   00030_sp05_recipe_fence.sql (3.7ms)
2026/10/08 08:50:37 OK   00031_sp05_rca_postcheck.sql (3.96ms)
2026/10/08 08:50:37 OK   00032_sp05_transport_audit.sql (14.49ms)
2026/10/08 08:50:37 OK   00033_sp05_poll_resolution_clock.sql (8.49ms)
2026/10/08 08:50:37 OK   00034_sp06_investigation_ledger.sql (34.67ms)
2026/10/08 08:50:37 OK   00035_sp06_admission_data_classes.sql (10.59ms)
2026/10/08 08:50:37 goose: successfully migrated database to version: 35
2026/10/08 08:50:55 OK   00001_roles_and_schemas.sql (23.84ms)
2026/10/08 08:50:55 goose: successfully migrated database to version: 1
2026/10/08 08:50:55 OK   00002_platform_meta.sql (56.91ms)
2026/10/08 08:50:55 OK   00003_finding.sql (20.91ms)
2026/10/08 08:50:55 OK   00004_incident.sql (12.13ms)
2026/10/08 08:50:56 OK   00005_investigation.sql (34.56ms)
2026/10/08 08:50:56 OK   00006_action_command.sql (14.48ms)
2026/10/08 08:50:56 OK   00007_audit.sql (17.14ms)
2026/10/08 08:50:56 OK   00008_rls.sql (12.59ms)
2026/10/08 08:50:56 OK   00009_idempotency_ledger.sql (15.74ms)
2026/10/08 08:50:56 OK   00010_tenant_provisioning.sql (7.9ms)
2026/10/08 08:50:56 OK   00011_source_registration_history.sql (18.84ms)
2026/10/08 08:50:56 OK   00012_config_registry_lifecycle.sql (15.92ms)
2026/10/08 08:50:56 OK   00013_audit_signed_segments.sql (30.37ms)
2026/10/08 08:50:56 OK   00014_audit_segment_predecessors.sql (16.23ms)
2026/10/08 08:50:56 OK   00015_source_schema_scope.sql (6.79ms)
2026/10/08 08:50:56 OK   00016_cluster_registration_metadata.sql (15.85ms)
2026/10/08 08:50:56 OK   00017_source_data_scope.sql (10.92ms)
2026/10/08 08:50:56 OK   00018_sp04_resources_evidence.sql (17.62ms)
2026/10/08 08:50:56 OK   00019_sp04_archive_ciphertext_bytes.sql (10.17ms)
2026/10/08 08:50:56 OK   00020_sp04_request_ledger.sql (12.62ms)
2026/10/08 08:50:56 OK   00021_sp04_archive_protection.sql (7.75ms)
2026/10/08 08:50:56 OK   00022_sp04_legal_hold_dependencies.sql (3.2ms)
2026/10/08 08:50:56 OK   00023_sp04_archive_query_intent.sql (3.7ms)
2026/10/08 08:50:56 OK   00024_sp05_finding_incident.sql (40.92ms)
2026/10/08 08:50:56 OK   00025_sp05_incident_event_time.sql (3.98ms)
2026/10/08 08:50:56 OK   00026_sp05_source_binding_lock.sql (4.6ms)
2026/10/08 08:50:56 OK   00027_sp05_rca_and_poll.sql (20.31ms)
2026/10/08 08:50:56 OK   00028_sp05_operator_lock.sql (7.05ms)
2026/10/08 08:50:56 OK   00029_sp05_evidence_links.sql (9.25ms)
2026/10/08 08:50:56 OK   00030_sp05_recipe_fence.sql (4ms)
2026/10/08 08:50:56 OK   00031_sp05_rca_postcheck.sql (6.59ms)
2026/10/08 08:50:56 OK   00032_sp05_transport_audit.sql (19.18ms)
2026/10/08 08:50:56 OK   00033_sp05_poll_resolution_clock.sql (5.04ms)
2026/10/08 08:50:56 OK   00034_sp06_investigation_ledger.sql (37.1ms)
2026/10/08 08:50:56 OK   00035_sp06_admission_data_classes.sql (4.78ms)
2026/10/08 08:50:56 goose: successfully migrated database to version: 35
2026/10/08 08:51:01 OK   00001_roles_and_schemas.sql (44.1ms)
2026/10/08 08:51:01 goose: successfully migrated database to version: 1
2026/10/08 08:51:01 OK   00002_platform_meta.sql (61.47ms)
2026/10/08 08:51:02 OK   00003_finding.sql (33.95ms)
2026/10/08 08:51:02 OK   00004_incident.sql (18.78ms)
2026/10/08 08:51:02 OK   00005_investigation.sql (22.61ms)
2026/10/08 08:51:02 OK   00006_action_command.sql (18.03ms)
2026/10/08 08:51:02 OK   00007_audit.sql (39.53ms)
2026/10/08 08:51:02 OK   00008_rls.sql (23.57ms)
2026/10/08 08:51:02 OK   00009_idempotency_ledger.sql (25.03ms)
2026/10/08 08:51:02 OK   00010_tenant_provisioning.sql (14.29ms)
2026/10/08 08:51:02 OK   00011_source_registration_history.sql (28.23ms)
2026/10/08 08:51:02 OK   00012_config_registry_lifecycle.sql (29.94ms)
2026/10/08 08:51:02 OK   00013_audit_signed_segments.sql (44.21ms)
2026/10/08 08:51:02 OK   00014_audit_segment_predecessors.sql (12.35ms)
2026/10/08 08:51:02 OK   00015_source_schema_scope.sql (5.51ms)
2026/10/08 08:51:02 OK   00016_cluster_registration_metadata.sql (14.11ms)
2026/10/08 08:51:02 OK   00017_source_data_scope.sql (14.63ms)
2026/10/08 08:51:02 OK   00018_sp04_resources_evidence.sql (29.09ms)
2026/10/08 08:51:02 OK   00019_sp04_archive_ciphertext_bytes.sql (20.79ms)
2026/10/08 08:51:02 OK   00020_sp04_request_ledger.sql (19ms)
2026/10/08 08:51:02 OK   00021_sp04_archive_protection.sql (7.19ms)
2026/10/08 08:51:02 OK   00022_sp04_legal_hold_dependencies.sql (6.27ms)
2026/10/08 08:51:02 OK   00023_sp04_archive_query_intent.sql (13.1ms)
2026/10/08 08:51:02 OK   00024_sp05_finding_incident.sql (46.2ms)
2026/10/08 08:51:02 OK   00025_sp05_incident_event_time.sql (29.07ms)
2026/10/08 08:51:02 OK   00026_sp05_source_binding_lock.sql (10.19ms)
2026/10/08 08:51:02 OK   00027_sp05_rca_and_poll.sql (63.93ms)
2026/10/08 08:51:02 OK   00028_sp05_operator_lock.sql (9.56ms)
2026/10/08 08:51:02 OK   00029_sp05_evidence_links.sql (17.05ms)
2026/10/08 08:51:02 OK   00030_sp05_recipe_fence.sql (19.87ms)
2026/10/08 08:51:02 OK   00031_sp05_rca_postcheck.sql (11.95ms)
2026/10/08 08:51:02 OK   00032_sp05_transport_audit.sql (10.03ms)
2026/10/08 08:51:02 OK   00033_sp05_poll_resolution_clock.sql (35.19ms)
2026/10/08 08:51:02 OK   00034_sp06_investigation_ledger.sql (66.62ms)
2026/10/08 08:51:02 OK   00035_sp06_admission_data_classes.sql (4.77ms)
2026/10/08 08:51:02 goose: successfully migrated database to version: 35
2026/10/08 08:51:03 OK   00001_roles_and_schemas.sql (17.88ms)
2026/10/08 08:51:03 goose: successfully migrated database to version: 1
2026/10/08 08:51:03 OK   00002_platform_meta.sql (62.17ms)
2026/10/08 08:51:03 OK   00003_finding.sql (34.99ms)
2026/10/08 08:51:04 OK   00004_incident.sql (27.97ms)
2026/10/08 08:51:04 OK   00005_investigation.sql (9.26ms)
2026/10/08 08:51:04 OK   00006_action_command.sql (19.52ms)
2026/10/08 08:51:04 OK   00007_audit.sql (57.57ms)
2026/10/08 08:51:04 OK   00008_rls.sql (13.32ms)
2026/10/08 08:51:04 OK   00009_idempotency_ledger.sql (24.3ms)
2026/10/08 08:51:04 OK   00010_tenant_provisioning.sql (19.4ms)
2026/10/08 08:51:04 OK   00011_source_registration_history.sql (45.38ms)
2026/10/08 08:51:04 OK   00012_config_registry_lifecycle.sql (44.65ms)
2026/10/08 08:51:04 OK   00013_audit_signed_segments.sql (42.98ms)
2026/10/08 08:51:04 OK   00014_audit_segment_predecessors.sql (8.82ms)
2026/10/08 08:51:04 OK   00015_source_schema_scope.sql (7.23ms)
2026/10/08 08:51:04 OK   00016_cluster_registration_metadata.sql (18.4ms)
2026/10/08 08:51:04 OK   00017_source_data_scope.sql (6.82ms)
2026/10/08 08:51:04 OK   00018_sp04_resources_evidence.sql (25.61ms)
2026/10/08 08:51:04 OK   00019_sp04_archive_ciphertext_bytes.sql (6.69ms)
2026/10/08 08:51:04 OK   00020_sp04_request_ledger.sql (20.32ms)
2026/10/08 08:51:04 OK   00021_sp04_archive_protection.sql (6.13ms)
2026/10/08 08:51:04 OK   00022_sp04_legal_hold_dependencies.sql (3.26ms)
2026/10/08 08:51:04 OK   00023_sp04_archive_query_intent.sql (8.46ms)
2026/10/08 08:51:04 OK   00024_sp05_finding_incident.sql (29.9ms)
2026/10/08 08:51:04 OK   00025_sp05_incident_event_time.sql (15.54ms)
2026/10/08 08:51:04 OK   00026_sp05_source_binding_lock.sql (4.78ms)
2026/10/08 08:51:04 OK   00027_sp05_rca_and_poll.sql (7.27ms)
2026/10/08 08:51:04 OK   00028_sp05_operator_lock.sql (3.24ms)
2026/10/08 08:51:04 OK   00029_sp05_evidence_links.sql (15.78ms)
2026/10/08 08:51:04 OK   00030_sp05_recipe_fence.sql (10.92ms)
2026/10/08 08:51:04 OK   00031_sp05_rca_postcheck.sql (6.4ms)
2026/10/08 08:51:04 OK   00032_sp05_transport_audit.sql (4.18ms)
2026/10/08 08:51:04 OK   00033_sp05_poll_resolution_clock.sql (3.34ms)
2026/10/08 08:51:04 OK   00034_sp06_investigation_ledger.sql (54.64ms)
2026/10/08 08:51:04 OK   00035_sp06_admission_data_classes.sql (3.99ms)
2026/10/08 08:51:04 goose: successfully migrated database to version: 35
2026/10/08 08:51:05 OK   00001_roles_and_schemas.sql (27.49ms)
2026/10/08 08:51:05 goose: successfully migrated database to version: 1
2026/10/08 08:51:05 OK   00002_platform_meta.sql (35.76ms)
2026/10/08 08:51:05 OK   00003_finding.sql (35.61ms)
2026/10/08 08:51:05 OK   00004_incident.sql (13.61ms)
2026/10/08 08:51:05 OK   00005_investigation.sql (19.63ms)
2026/10/08 08:51:05 OK   00006_action_command.sql (40.21ms)
2026/10/08 08:51:05 OK   00007_audit.sql (15.62ms)
2026/10/08 08:51:05 OK   00008_rls.sql (34.61ms)
2026/10/08 08:51:05 OK   00009_idempotency_ledger.sql (9.67ms)
2026/10/08 08:51:05 OK   00010_tenant_provisioning.sql (8.79ms)
2026/10/08 08:51:05 OK   00011_source_registration_history.sql (23.83ms)
2026/10/08 08:51:05 OK   00012_config_registry_lifecycle.sql (19.12ms)
2026/10/08 08:51:05 OK   00013_audit_signed_segments.sql (17.55ms)
2026/10/08 08:51:05 OK   00014_audit_segment_predecessors.sql (15.27ms)
2026/10/08 08:51:05 OK   00015_source_schema_scope.sql (13.31ms)
2026/10/08 08:51:05 OK   00016_cluster_registration_metadata.sql (7.08ms)
2026/10/08 08:51:05 OK   00017_source_data_scope.sql (3.75ms)
2026/10/08 08:51:05 OK   00018_sp04_resources_evidence.sql (29.26ms)
2026/10/08 08:51:05 OK   00019_sp04_archive_ciphertext_bytes.sql (4.43ms)
2026/10/08 08:51:05 OK   00020_sp04_request_ledger.sql (6.94ms)
2026/10/08 08:51:05 OK   00021_sp04_archive_protection.sql (3.57ms)
2026/10/08 08:51:05 OK   00022_sp04_legal_hold_dependencies.sql (2.85ms)
2026/10/08 08:51:05 OK   00023_sp04_archive_query_intent.sql (3.54ms)
2026/10/08 08:51:05 OK   00024_sp05_finding_incident.sql (34.33ms)
2026/10/08 08:51:05 OK   00025_sp05_incident_event_time.sql (3.14ms)
2026/10/08 08:51:05 OK   00026_sp05_source_binding_lock.sql (4.02ms)
2026/10/08 08:51:05 OK   00027_sp05_rca_and_poll.sql (28.03ms)
2026/10/08 08:51:05 OK   00028_sp05_operator_lock.sql (3.8ms)
2026/10/08 08:51:05 OK   00029_sp05_evidence_links.sql (5.76ms)
2026/10/08 08:51:05 OK   00030_sp05_recipe_fence.sql (3.51ms)
2026/10/08 08:51:05 OK   00031_sp05_rca_postcheck.sql (3.03ms)
2026/10/08 08:51:05 OK   00032_sp05_transport_audit.sql (5.8ms)
2026/10/08 08:51:05 OK   00033_sp05_poll_resolution_clock.sql (7.04ms)
2026/10/08 08:51:05 OK   00034_sp06_investigation_ledger.sql (25.71ms)
2026/10/08 08:51:05 OK   00035_sp06_admission_data_classes.sql (3.92ms)
2026/10/08 08:51:05 goose: successfully migrated database to version: 35
2026/10/08 08:51:22 OK   00001_roles_and_schemas.sql (21.04ms)
2026/10/08 08:51:22 goose: successfully migrated database to version: 1
2026/10/08 08:51:23 OK   00002_platform_meta.sql (60.7ms)
2026/10/08 08:51:23 OK   00003_finding.sql (22.53ms)
2026/10/08 08:51:23 OK   00004_incident.sql (19.54ms)
2026/10/08 08:51:23 OK   00005_investigation.sql (9.98ms)
2026/10/08 08:51:23 OK   00006_action_command.sql (7.27ms)
2026/10/08 08:51:23 OK   00007_audit.sql (17.84ms)
2026/10/08 08:51:23 OK   00008_rls.sql (18.05ms)
2026/10/08 08:51:23 OK   00009_idempotency_ledger.sql (10.4ms)
2026/10/08 08:51:23 OK   00010_tenant_provisioning.sql (4.87ms)
2026/10/08 08:51:23 OK   00011_source_registration_history.sql (14.85ms)
2026/10/08 08:51:23 OK   00012_config_registry_lifecycle.sql (38.16ms)
2026/10/08 08:51:23 OK   00013_audit_signed_segments.sql (43.36ms)
2026/10/08 08:51:23 OK   00014_audit_segment_predecessors.sql (14.44ms)
2026/10/08 08:51:23 OK   00015_source_schema_scope.sql (5.08ms)
2026/10/08 08:51:23 OK   00016_cluster_registration_metadata.sql (8.32ms)
2026/10/08 08:51:23 OK   00017_source_data_scope.sql (5.38ms)
2026/10/08 08:51:23 OK   00018_sp04_resources_evidence.sql (38.62ms)
2026/10/08 08:51:23 OK   00019_sp04_archive_ciphertext_bytes.sql (3.04ms)
2026/10/08 08:51:23 OK   00020_sp04_request_ledger.sql (9.74ms)
2026/10/08 08:51:23 OK   00021_sp04_archive_protection.sql (10.32ms)
2026/10/08 08:51:23 OK   00022_sp04_legal_hold_dependencies.sql (4.05ms)
2026/10/08 08:51:23 OK   00023_sp04_archive_query_intent.sql (5.03ms)
2026/10/08 08:51:23 OK   00024_sp05_finding_incident.sql (30.86ms)
2026/10/08 08:51:23 OK   00025_sp05_incident_event_time.sql (9.69ms)
2026/10/08 08:51:23 OK   00026_sp05_source_binding_lock.sql (6.77ms)
2026/10/08 08:51:23 OK   00027_sp05_rca_and_poll.sql (13.25ms)
2026/10/08 08:51:23 OK   00028_sp05_operator_lock.sql (3.74ms)
2026/10/08 08:51:23 OK   00029_sp05_evidence_links.sql (10.49ms)
2026/10/08 08:51:23 OK   00030_sp05_recipe_fence.sql (7.61ms)
2026/10/08 08:51:23 OK   00031_sp05_rca_postcheck.sql (20.38ms)
2026/10/08 08:51:23 OK   00032_sp05_transport_audit.sql (10.85ms)
2026/10/08 08:51:23 OK   00033_sp05_poll_resolution_clock.sql (5.4ms)
2026/10/08 08:51:23 OK   00034_sp06_investigation_ledger.sql (48.42ms)
2026/10/08 08:51:23 OK   00035_sp06_admission_data_classes.sql (3.38ms)
2026/10/08 08:51:23 goose: successfully migrated database to version: 35
2026/10/08 08:51:40 OK   00001_roles_and_schemas.sql (19.22ms)
2026/10/08 08:51:40 goose: successfully migrated database to version: 1
2026/10/08 08:51:40 OK   00002_platform_meta.sql (25.32ms)
2026/10/08 08:51:40 OK   00003_finding.sql (18.22ms)
2026/10/08 08:51:40 OK   00004_incident.sql (15.62ms)
2026/10/08 08:51:40 OK   00005_investigation.sql (11.28ms)
2026/10/08 08:51:40 OK   00006_action_command.sql (11.64ms)
2026/10/08 08:51:40 OK   00007_audit.sql (17.54ms)
2026/10/08 08:51:40 OK   00008_rls.sql (12.88ms)
2026/10/08 08:51:40 OK   00009_idempotency_ledger.sql (6.56ms)
2026/10/08 08:51:40 OK   00010_tenant_provisioning.sql (4.06ms)
2026/10/08 08:51:40 OK   00011_source_registration_history.sql (16.91ms)
2026/10/08 08:51:40 OK   00012_config_registry_lifecycle.sql (20.6ms)
2026/10/08 08:51:40 OK   00013_audit_signed_segments.sql (63.59ms)
2026/10/08 08:51:40 OK   00014_audit_segment_predecessors.sql (8.26ms)
2026/10/08 08:51:40 OK   00015_source_schema_scope.sql (4.16ms)
2026/10/08 08:51:40 OK   00016_cluster_registration_metadata.sql (8.08ms)
2026/10/08 08:51:40 OK   00017_source_data_scope.sql (10.1ms)
2026/10/08 08:51:40 OK   00018_sp04_resources_evidence.sql (36.91ms)
2026/10/08 08:51:40 OK   00019_sp04_archive_ciphertext_bytes.sql (5.75ms)
2026/10/08 08:51:40 OK   00020_sp04_request_ledger.sql (9.59ms)
2026/10/08 08:51:40 OK   00021_sp04_archive_protection.sql (5.86ms)
2026/10/08 08:51:40 OK   00022_sp04_legal_hold_dependencies.sql (9.24ms)
2026/10/08 08:51:41 OK   00023_sp04_archive_query_intent.sql (15.09ms)
2026/10/08 08:51:41 OK   00024_sp05_finding_incident.sql (18.93ms)
2026/10/08 08:51:41 OK   00025_sp05_incident_event_time.sql (4.64ms)
2026/10/08 08:51:41 OK   00026_sp05_source_binding_lock.sql (19.61ms)
2026/10/08 08:51:41 OK   00027_sp05_rca_and_poll.sql (21.46ms)
2026/10/08 08:51:41 OK   00028_sp05_operator_lock.sql (3.98ms)
2026/10/08 08:51:41 OK   00029_sp05_evidence_links.sql (7.85ms)
2026/10/08 08:51:41 OK   00030_sp05_recipe_fence.sql (3.16ms)
2026/10/08 08:51:41 OK   00031_sp05_rca_postcheck.sql (2.49ms)
2026/10/08 08:51:41 OK   00032_sp05_transport_audit.sql (3.31ms)
2026/10/08 08:51:41 OK   00033_sp05_poll_resolution_clock.sql (2.92ms)
2026/10/08 08:51:41 OK   00034_sp06_investigation_ledger.sql (24.09ms)
2026/10/08 08:51:41 OK   00035_sp06_admission_data_classes.sql (4.86ms)
2026/10/08 08:51:41 goose: successfully migrated database to version: 35
2026/10/08 08:51:57 OK   00001_roles_and_schemas.sql (18.48ms)
2026/10/08 08:51:57 goose: successfully migrated database to version: 1
2026/10/08 08:51:57 OK   00002_platform_meta.sql (27.39ms)
2026/10/08 08:51:57 OK   00003_finding.sql (23.7ms)
2026/10/08 08:51:57 OK   00004_incident.sql (20.01ms)
2026/10/08 08:51:57 OK   00005_investigation.sql (13.04ms)
2026/10/08 08:51:57 OK   00006_action_command.sql (24.67ms)
2026/10/08 08:51:57 OK   00007_audit.sql (17.39ms)
2026/10/08 08:51:57 OK   00008_rls.sql (15.6ms)
2026/10/08 08:51:57 OK   00009_idempotency_ledger.sql (11.31ms)
2026/10/08 08:51:57 OK   00010_tenant_provisioning.sql (11.88ms)
2026/10/08 08:51:57 OK   00011_source_registration_history.sql (13.38ms)
2026/10/08 08:51:57 OK   00012_config_registry_lifecycle.sql (23.56ms)
2026/10/08 08:51:57 OK   00013_audit_signed_segments.sql (29.3ms)
2026/10/08 08:51:57 OK   00014_audit_segment_predecessors.sql (12.99ms)
2026/10/08 08:51:57 OK   00015_source_schema_scope.sql (7.59ms)
2026/10/08 08:51:57 OK   00016_cluster_registration_metadata.sql (12.27ms)
2026/10/08 08:51:57 OK   00017_source_data_scope.sql (11.07ms)
2026/10/08 08:51:57 OK   00018_sp04_resources_evidence.sql (32.49ms)
2026/10/08 08:51:57 OK   00019_sp04_archive_ciphertext_bytes.sql (5.36ms)
2026/10/08 08:51:57 OK   00020_sp04_request_ledger.sql (13.11ms)
2026/10/08 08:51:57 OK   00021_sp04_archive_protection.sql (7.99ms)
2026/10/08 08:51:57 OK   00022_sp04_legal_hold_dependencies.sql (3.15ms)
2026/10/08 08:51:57 OK   00023_sp04_archive_query_intent.sql (7.59ms)
2026/10/08 08:51:57 OK   00024_sp05_finding_incident.sql (20.77ms)
2026/10/08 08:51:57 OK   00025_sp05_incident_event_time.sql (10.25ms)
2026/10/08 08:51:57 OK   00026_sp05_source_binding_lock.sql (35.74ms)
2026/10/08 08:51:57 OK   00027_sp05_rca_and_poll.sql (20.35ms)
2026/10/08 08:51:57 OK   00028_sp05_operator_lock.sql (5.63ms)
2026/10/08 08:51:57 OK   00029_sp05_evidence_links.sql (12.82ms)
2026/10/08 08:51:57 OK   00030_sp05_recipe_fence.sql (5.61ms)
2026/10/08 08:51:57 OK   00031_sp05_rca_postcheck.sql (3.89ms)
2026/10/08 08:51:57 OK   00032_sp05_transport_audit.sql (5.32ms)
2026/10/08 08:51:57 OK   00033_sp05_poll_resolution_clock.sql (7.08ms)
2026/10/08 08:51:57 OK   00034_sp06_investigation_ledger.sql (42.37ms)
2026/10/08 08:51:57 OK   00035_sp06_admission_data_classes.sql (3.51ms)
2026/10/08 08:51:57 goose: successfully migrated database to version: 35
2026/10/08 08:52:14 OK   00001_roles_and_schemas.sql (44.12ms)
2026/10/08 08:52:14 goose: successfully migrated database to version: 1
2026/10/08 08:52:14 OK   00002_platform_meta.sql (117.03ms)
2026/10/08 08:52:14 OK   00003_finding.sql (25.08ms)
2026/10/08 08:52:14 OK   00004_incident.sql (33.2ms)
2026/10/08 08:52:14 OK   00005_investigation.sql (32.11ms)
2026/10/08 08:52:14 OK   00006_action_command.sql (19.93ms)
2026/10/08 08:52:14 OK   00007_audit.sql (18.22ms)
2026/10/08 08:52:14 OK   00008_rls.sql (22.75ms)
2026/10/08 08:52:14 OK   00009_idempotency_ledger.sql (21.07ms)
2026/10/08 08:52:14 OK   00010_tenant_provisioning.sql (5.9ms)
2026/10/08 08:52:14 OK   00011_source_registration_history.sql (18.16ms)
2026/10/08 08:52:14 OK   00012_config_registry_lifecycle.sql (28.28ms)
2026/10/08 08:52:14 OK   00013_audit_signed_segments.sql (16.87ms)
2026/10/08 08:52:15 OK   00014_audit_segment_predecessors.sql (12.82ms)
2026/10/08 08:52:15 OK   00015_source_schema_scope.sql (6.86ms)
2026/10/08 08:52:15 OK   00016_cluster_registration_metadata.sql (9.18ms)
2026/10/08 08:52:15 OK   00017_source_data_scope.sql (8.16ms)
2026/10/08 08:52:15 OK   00018_sp04_resources_evidence.sql (41.34ms)
2026/10/08 08:52:15 OK   00019_sp04_archive_ciphertext_bytes.sql (3.34ms)
2026/10/08 08:52:15 OK   00020_sp04_request_ledger.sql (10.91ms)
2026/10/08 08:52:15 OK   00021_sp04_archive_protection.sql (15.22ms)
2026/10/08 08:52:15 OK   00022_sp04_legal_hold_dependencies.sql (16.81ms)
2026/10/08 08:52:15 OK   00023_sp04_archive_query_intent.sql (5.13ms)
2026/10/08 08:52:15 OK   00024_sp05_finding_incident.sql (27.49ms)
2026/10/08 08:52:15 OK   00025_sp05_incident_event_time.sql (6.61ms)
2026/10/08 08:52:15 OK   00026_sp05_source_binding_lock.sql (7.33ms)
2026/10/08 08:52:15 OK   00027_sp05_rca_and_poll.sql (26.81ms)
2026/10/08 08:52:15 OK   00028_sp05_operator_lock.sql (6.92ms)
2026/10/08 08:52:15 OK   00029_sp05_evidence_links.sql (7.98ms)
2026/10/08 08:52:15 OK   00030_sp05_recipe_fence.sql (5.66ms)
2026/10/08 08:52:15 OK   00031_sp05_rca_postcheck.sql (5.87ms)
2026/10/08 08:52:15 OK   00032_sp05_transport_audit.sql (5.61ms)
2026/10/08 08:52:15 OK   00033_sp05_poll_resolution_clock.sql (7.05ms)
2026/10/08 08:52:15 OK   00034_sp06_investigation_ledger.sql (74.29ms)
2026/10/08 08:52:15 OK   00035_sp06_admission_data_classes.sql (11.67ms)
2026/10/08 08:52:15 goose: successfully migrated database to version: 35
2026/10/08 08:52:35 OK   00001_roles_and_schemas.sql (84.81ms)
2026/10/08 08:52:35 goose: successfully migrated database to version: 1
2026/10/08 08:52:36 OK   00002_platform_meta.sql (161.3ms)
2026/10/08 08:52:36 OK   00003_finding.sql (50.14ms)
2026/10/08 08:52:36 OK   00004_incident.sql (25.83ms)
2026/10/08 08:52:36 OK   00005_investigation.sql (30.61ms)
2026/10/08 08:52:36 OK   00006_action_command.sql (32.75ms)
2026/10/08 08:52:36 OK   00007_audit.sql (103.01ms)
2026/10/08 08:52:36 OK   00008_rls.sql (80.8ms)
2026/10/08 08:52:36 OK   00009_idempotency_ledger.sql (60.2ms)
2026/10/08 08:52:36 OK   00010_tenant_provisioning.sql (40.21ms)
2026/10/08 08:52:36 OK   00011_source_registration_history.sql (34.29ms)
2026/10/08 08:52:36 OK   00012_config_registry_lifecycle.sql (52.96ms)
2026/10/08 08:52:36 OK   00013_audit_signed_segments.sql (162.64ms)
2026/10/08 08:52:36 OK   00014_audit_segment_predecessors.sql (31.08ms)
2026/10/08 08:52:36 OK   00015_source_schema_scope.sql (10.64ms)
2026/10/08 08:52:36 OK   00016_cluster_registration_metadata.sql (71.88ms)
2026/10/08 08:52:36 OK   00017_source_data_scope.sql (61.05ms)
2026/10/08 08:52:36 OK   00018_sp04_resources_evidence.sql (24.27ms)
2026/10/08 08:52:36 OK   00019_sp04_archive_ciphertext_bytes.sql (13.8ms)
2026/10/08 08:52:36 OK   00020_sp04_request_ledger.sql (11.83ms)
2026/10/08 08:52:37 OK   00021_sp04_archive_protection.sql (31.86ms)
2026/10/08 08:52:37 OK   00022_sp04_legal_hold_dependencies.sql (17.32ms)
2026/10/08 08:52:37 OK   00023_sp04_archive_query_intent.sql (8.29ms)
2026/10/08 08:52:37 OK   00024_sp05_finding_incident.sql (192.02ms)
2026/10/08 08:52:37 OK   00025_sp05_incident_event_time.sql (10.06ms)
2026/10/08 08:52:37 OK   00026_sp05_source_binding_lock.sql (7.19ms)
2026/10/08 08:52:37 OK   00027_sp05_rca_and_poll.sql (22.19ms)
2026/10/08 08:52:37 OK   00028_sp05_operator_lock.sql (16.11ms)
2026/10/08 08:52:37 OK   00029_sp05_evidence_links.sql (57.17ms)
2026/10/08 08:52:37 OK   00030_sp05_recipe_fence.sql (18.15ms)
2026/10/08 08:52:37 OK   00031_sp05_rca_postcheck.sql (68.4ms)
2026/10/08 08:52:37 OK   00032_sp05_transport_audit.sql (22.9ms)
2026/10/08 08:52:37 OK   00033_sp05_poll_resolution_clock.sql (11.64ms)
2026/10/08 08:52:37 OK   00034_sp06_investigation_ledger.sql (72.25ms)
2026/10/08 08:52:37 OK   00035_sp06_admission_data_classes.sql (12.83ms)
2026/10/08 08:52:37 goose: successfully migrated database to version: 35
2026/10/08 08:52:57 OK   00001_roles_and_schemas.sql (21.61ms)
2026/10/08 08:52:57 goose: successfully migrated database to version: 1
2026/10/08 08:52:57 OK   00002_platform_meta.sql (48.57ms)
2026/10/08 08:52:57 OK   00003_finding.sql (24.67ms)
2026/10/08 08:52:57 OK   00004_incident.sql (20.83ms)
2026/10/08 08:52:57 OK   00005_investigation.sql (14.07ms)
2026/10/08 08:52:57 OK   00006_action_command.sql (13.18ms)
2026/10/08 08:52:57 OK   00007_audit.sql (22.98ms)
2026/10/08 08:52:57 OK   00008_rls.sql (15.06ms)
2026/10/08 08:52:57 OK   00009_idempotency_ledger.sql (22.28ms)
2026/10/08 08:52:57 OK   00010_tenant_provisioning.sql (12.73ms)
2026/10/08 08:52:57 OK   00011_source_registration_history.sql (9.5ms)
2026/10/08 08:52:57 OK   00012_config_registry_lifecycle.sql (27.38ms)
2026/10/08 08:52:57 OK   00013_audit_signed_segments.sql (17.71ms)
2026/10/08 08:52:57 OK   00014_audit_segment_predecessors.sql (5.36ms)
2026/10/08 08:52:57 OK   00015_source_schema_scope.sql (4.33ms)
2026/10/08 08:52:57 OK   00016_cluster_registration_metadata.sql (5.39ms)
2026/10/08 08:52:57 OK   00017_source_data_scope.sql (9.36ms)
2026/10/08 08:52:57 OK   00018_sp04_resources_evidence.sql (30.37ms)
2026/10/08 08:52:57 OK   00019_sp04_archive_ciphertext_bytes.sql (3.1ms)
2026/10/08 08:52:57 OK   00020_sp04_request_ledger.sql (4.94ms)
2026/10/08 08:52:57 OK   00021_sp04_archive_protection.sql (3.21ms)
2026/10/08 08:52:57 OK   00022_sp04_legal_hold_dependencies.sql (6.81ms)
2026/10/08 08:52:57 OK   00023_sp04_archive_query_intent.sql (4.62ms)
2026/10/08 08:52:57 OK   00024_sp05_finding_incident.sql (36.37ms)
2026/10/08 08:52:57 OK   00025_sp05_incident_event_time.sql (6.68ms)
2026/10/08 08:52:57 OK   00026_sp05_source_binding_lock.sql (10.3ms)
2026/10/08 08:52:57 OK   00027_sp05_rca_and_poll.sql (26.32ms)
2026/10/08 08:52:57 OK   00028_sp05_operator_lock.sql (5ms)
2026/10/08 08:52:57 OK   00029_sp05_evidence_links.sql (9.17ms)
2026/10/08 08:52:57 OK   00030_sp05_recipe_fence.sql (4.99ms)
2026/10/08 08:52:57 OK   00031_sp05_rca_postcheck.sql (4.8ms)
2026/10/08 08:52:57 OK   00032_sp05_transport_audit.sql (4.92ms)
2026/10/08 08:52:57 OK   00033_sp05_poll_resolution_clock.sql (5.78ms)
2026/10/08 08:52:57 OK   00034_sp06_investigation_ledger.sql (32.12ms)
2026/10/08 08:52:57 OK   00035_sp06_admission_data_classes.sql (5.19ms)
2026/10/08 08:52:57 goose: successfully migrated database to version: 35
2026/10/08 08:53:14 OK   00001_roles_and_schemas.sql (22.38ms)
2026/10/08 08:53:14 goose: successfully migrated database to version: 1
2026/10/08 08:53:14 OK   00002_platform_meta.sql (45.32ms)
2026/10/08 08:53:14 OK   00003_finding.sql (12.99ms)
2026/10/08 08:53:14 OK   00004_incident.sql (5.24ms)
2026/10/08 08:53:14 OK   00005_investigation.sql (6.13ms)
2026/10/08 08:53:14 OK   00006_action_command.sql (10.05ms)
2026/10/08 08:53:14 OK   00007_audit.sql (31.94ms)
2026/10/08 08:53:14 OK   00008_rls.sql (17.82ms)
2026/10/08 08:53:14 OK   00009_idempotency_ledger.sql (15.35ms)
2026/10/08 08:53:14 OK   00010_tenant_provisioning.sql (16.38ms)
2026/10/08 08:53:14 OK   00011_source_registration_history.sql (17.06ms)
2026/10/08 08:53:14 OK   00012_config_registry_lifecycle.sql (15.27ms)
2026/10/08 08:53:14 OK   00013_audit_signed_segments.sql (27.96ms)
2026/10/08 08:53:14 OK   00014_audit_segment_predecessors.sql (11.73ms)
2026/10/08 08:53:14 OK   00015_source_schema_scope.sql (3.25ms)
2026/10/08 08:53:14 OK   00016_cluster_registration_metadata.sql (4.66ms)
2026/10/08 08:53:14 OK   00017_source_data_scope.sql (5.55ms)
2026/10/08 08:53:14 OK   00018_sp04_resources_evidence.sql (32.66ms)
2026/10/08 08:53:14 OK   00019_sp04_archive_ciphertext_bytes.sql (9.56ms)
2026/10/08 08:53:14 OK   00020_sp04_request_ledger.sql (8.86ms)
2026/10/08 08:53:14 OK   00021_sp04_archive_protection.sql (3.85ms)
2026/10/08 08:53:14 OK   00022_sp04_legal_hold_dependencies.sql (4.02ms)
2026/10/08 08:53:14 OK   00023_sp04_archive_query_intent.sql (4.07ms)
2026/10/08 08:53:14 OK   00024_sp05_finding_incident.sql (20.22ms)
2026/10/08 08:53:14 OK   00025_sp05_incident_event_time.sql (10.87ms)
2026/10/08 08:53:14 OK   00026_sp05_source_binding_lock.sql (6.15ms)
2026/10/08 08:53:14 OK   00027_sp05_rca_and_poll.sql (19.17ms)
2026/10/08 08:53:14 OK   00028_sp05_operator_lock.sql (4.02ms)
2026/10/08 08:53:14 OK   00029_sp05_evidence_links.sql (5.65ms)
2026/10/08 08:53:14 OK   00030_sp05_recipe_fence.sql (4.15ms)
2026/10/08 08:53:14 OK   00031_sp05_rca_postcheck.sql (5.01ms)
2026/10/08 08:53:14 OK   00032_sp05_transport_audit.sql (7.87ms)
2026/10/08 08:53:14 OK   00033_sp05_poll_resolution_clock.sql (4.68ms)
2026/10/08 08:53:14 OK   00034_sp06_investigation_ledger.sql (27.48ms)
2026/10/08 08:53:14 OK   00035_sp06_admission_data_classes.sql (6.29ms)
2026/10/08 08:53:14 goose: successfully migrated database to version: 35
2026/10/08 08:53:31 OK   00001_roles_and_schemas.sql (18.76ms)
2026/10/08 08:53:31 goose: successfully migrated database to version: 1
2026/10/08 08:53:31 OK   00002_platform_meta.sql (50.49ms)
2026/10/08 08:53:31 OK   00003_finding.sql (37.9ms)
2026/10/08 08:53:31 OK   00004_incident.sql (16.87ms)
2026/10/08 08:53:31 OK   00005_investigation.sql (15.1ms)
2026/10/08 08:53:31 OK   00006_action_command.sql (12.83ms)
2026/10/08 08:53:31 OK   00007_audit.sql (36.22ms)
2026/10/08 08:53:31 OK   00008_rls.sql (12.64ms)
2026/10/08 08:53:31 OK   00009_idempotency_ledger.sql (7.46ms)
2026/10/08 08:53:31 OK   00010_tenant_provisioning.sql (5.89ms)
2026/10/08 08:53:31 OK   00011_source_registration_history.sql (10.95ms)
2026/10/08 08:53:31 OK   00012_config_registry_lifecycle.sql (14.57ms)
2026/10/08 08:53:31 OK   00013_audit_signed_segments.sql (27.96ms)
2026/10/08 08:53:31 OK   00014_audit_segment_predecessors.sql (5.5ms)
2026/10/08 08:53:31 OK   00015_source_schema_scope.sql (7.12ms)
2026/10/08 08:53:31 OK   00016_cluster_registration_metadata.sql (5.17ms)
2026/10/08 08:53:31 OK   00017_source_data_scope.sql (6.47ms)
2026/10/08 08:53:31 OK   00018_sp04_resources_evidence.sql (41.97ms)
2026/10/08 08:53:31 OK   00019_sp04_archive_ciphertext_bytes.sql (8.14ms)
2026/10/08 08:53:31 OK   00020_sp04_request_ledger.sql (8.43ms)
2026/10/08 08:53:31 OK   00021_sp04_archive_protection.sql (5.08ms)
2026/10/08 08:53:31 OK   00022_sp04_legal_hold_dependencies.sql (6.37ms)
2026/10/08 08:53:31 OK   00023_sp04_archive_query_intent.sql (5.38ms)
2026/10/08 08:53:31 OK   00024_sp05_finding_incident.sql (52.3ms)
2026/10/08 08:53:31 OK   00025_sp05_incident_event_time.sql (6.55ms)
2026/10/08 08:53:31 OK   00026_sp05_source_binding_lock.sql (3.82ms)
2026/10/08 08:53:31 OK   00027_sp05_rca_and_poll.sql (9.42ms)
2026/10/08 08:53:31 OK   00028_sp05_operator_lock.sql (14.66ms)
2026/10/08 08:53:31 OK   00029_sp05_evidence_links.sql (11.41ms)
2026/10/08 08:53:31 OK   00030_sp05_recipe_fence.sql (4.75ms)
2026/10/08 08:53:31 OK   00031_sp05_rca_postcheck.sql (5.55ms)
2026/10/08 08:53:31 OK   00032_sp05_transport_audit.sql (3.4ms)
2026/10/08 08:53:31 OK   00033_sp05_poll_resolution_clock.sql (4.49ms)
2026/10/08 08:53:31 OK   00034_sp06_investigation_ledger.sql (35.42ms)
2026/10/08 08:53:31 OK   00035_sp06_admission_data_classes.sql (6.43ms)
2026/10/08 08:53:31 goose: successfully migrated database to version: 35
2026/10/08 08:53:50 OK   00001_roles_and_schemas.sql (28.15ms)
2026/10/08 08:53:50 goose: successfully migrated database to version: 1
2026/10/08 08:53:50 OK   00002_platform_meta.sql (61.1ms)
2026/10/08 08:53:50 OK   00003_finding.sql (24.25ms)
2026/10/08 08:53:50 OK   00004_incident.sql (19.73ms)
2026/10/08 08:53:50 OK   00005_investigation.sql (17.03ms)
2026/10/08 08:53:50 OK   00006_action_command.sql (6.89ms)
2026/10/08 08:53:50 OK   00007_audit.sql (15.01ms)
2026/10/08 08:53:50 OK   00008_rls.sql (12.44ms)
2026/10/08 08:53:50 OK   00009_idempotency_ledger.sql (10.78ms)
2026/10/08 08:53:50 OK   00010_tenant_provisioning.sql (6.68ms)
2026/10/08 08:53:50 OK   00011_source_registration_history.sql (13.58ms)
2026/10/08 08:53:50 OK   00012_config_registry_lifecycle.sql (18.67ms)
2026/10/08 08:53:50 OK   00013_audit_signed_segments.sql (21.87ms)
2026/10/08 08:53:50 OK   00014_audit_segment_predecessors.sql (11.11ms)
2026/10/08 08:53:50 OK   00015_source_schema_scope.sql (6.08ms)
2026/10/08 08:53:50 OK   00016_cluster_registration_metadata.sql (7.64ms)
2026/10/08 08:53:50 OK   00017_source_data_scope.sql (6.31ms)
2026/10/08 08:53:50 OK   00018_sp04_resources_evidence.sql (33.78ms)
2026/10/08 08:53:50 OK   00019_sp04_archive_ciphertext_bytes.sql (5.86ms)
2026/10/08 08:53:50 OK   00020_sp04_request_ledger.sql (4.62ms)
2026/10/08 08:53:50 OK   00021_sp04_archive_protection.sql (4.78ms)
2026/10/08 08:53:50 OK   00022_sp04_legal_hold_dependencies.sql (5.8ms)
2026/10/08 08:53:50 OK   00023_sp04_archive_query_intent.sql (10.88ms)
2026/10/08 08:53:50 OK   00024_sp05_finding_incident.sql (30.25ms)
2026/10/08 08:53:50 OK   00025_sp05_incident_event_time.sql (7.2ms)
2026/10/08 08:53:50 OK   00026_sp05_source_binding_lock.sql (5.65ms)
2026/10/08 08:53:50 OK   00027_sp05_rca_and_poll.sql (14.52ms)
2026/10/08 08:53:50 OK   00028_sp05_operator_lock.sql (5.42ms)
2026/10/08 08:53:50 OK   00029_sp05_evidence_links.sql (7.73ms)
2026/10/08 08:53:50 OK   00030_sp05_recipe_fence.sql (3.4ms)
2026/10/08 08:53:50 OK   00031_sp05_rca_postcheck.sql (4.32ms)
2026/10/08 08:53:50 OK   00032_sp05_transport_audit.sql (7.98ms)
2026/10/08 08:53:50 OK   00033_sp05_poll_resolution_clock.sql (6.49ms)
2026/10/08 08:53:50 OK   00034_sp06_investigation_ledger.sql (36.67ms)
2026/10/08 08:53:50 OK   00035_sp06_admission_data_classes.sql (7.52ms)
2026/10/08 08:53:50 goose: successfully migrated database to version: 35
2026/10/08 08:54:06 OK   00001_roles_and_schemas.sql (21.71ms)
2026/10/08 08:54:06 goose: successfully migrated database to version: 1
2026/10/08 08:54:06 OK   00002_platform_meta.sql (49.82ms)
2026/10/08 08:54:06 OK   00003_finding.sql (16.37ms)
2026/10/08 08:54:06 OK   00004_incident.sql (13.04ms)
2026/10/08 08:54:06 OK   00005_investigation.sql (7.11ms)
2026/10/08 08:54:06 OK   00006_action_command.sql (6.35ms)
2026/10/08 08:54:06 OK   00007_audit.sql (14.73ms)
2026/10/08 08:54:06 OK   00008_rls.sql (19.51ms)
2026/10/08 08:54:06 OK   00009_idempotency_ledger.sql (10.79ms)
2026/10/08 08:54:06 OK   00010_tenant_provisioning.sql (6.59ms)
2026/10/08 08:54:06 OK   00011_source_registration_history.sql (12.84ms)
2026/10/08 08:54:06 OK   00012_config_registry_lifecycle.sql (19.88ms)
2026/10/08 08:54:06 OK   00013_audit_signed_segments.sql (14.59ms)
2026/10/08 08:54:06 OK   00014_audit_segment_predecessors.sql (5.74ms)
2026/10/08 08:54:06 OK   00015_source_schema_scope.sql (8.07ms)
2026/10/08 08:54:06 OK   00016_cluster_registration_metadata.sql (44ms)
2026/10/08 08:54:06 OK   00017_source_data_scope.sql (31.6ms)
2026/10/08 08:54:06 OK   00018_sp04_resources_evidence.sql (30.99ms)
2026/10/08 08:54:06 OK   00019_sp04_archive_ciphertext_bytes.sql (19.36ms)
2026/10/08 08:54:06 OK   00020_sp04_request_ledger.sql (14.07ms)
2026/10/08 08:54:06 OK   00021_sp04_archive_protection.sql (3.59ms)
2026/10/08 08:54:06 OK   00022_sp04_legal_hold_dependencies.sql (2.76ms)
2026/10/08 08:54:06 OK   00023_sp04_archive_query_intent.sql (3.03ms)
2026/10/08 08:54:06 OK   00024_sp05_finding_incident.sql (18.63ms)
2026/10/08 08:54:06 OK   00025_sp05_incident_event_time.sql (6.01ms)
2026/10/08 08:54:06 OK   00026_sp05_source_binding_lock.sql (4.09ms)
2026/10/08 08:54:06 OK   00027_sp05_rca_and_poll.sql (20.6ms)
2026/10/08 08:54:06 OK   00028_sp05_operator_lock.sql (4.34ms)
2026/10/08 08:54:06 OK   00029_sp05_evidence_links.sql (9.82ms)
2026/10/08 08:54:06 OK   00030_sp05_recipe_fence.sql (6.7ms)
2026/10/08 08:54:06 OK   00031_sp05_rca_postcheck.sql (4.68ms)
2026/10/08 08:54:06 OK   00032_sp05_transport_audit.sql (7.11ms)
2026/10/08 08:54:06 OK   00033_sp05_poll_resolution_clock.sql (5.35ms)
2026/10/08 08:54:06 OK   00034_sp06_investigation_ledger.sql (26.48ms)
2026/10/08 08:54:06 OK   00035_sp06_admission_data_classes.sql (14.35ms)
2026/10/08 08:54:06 goose: successfully migrated database to version: 35
2026/10/08 08:54:23 OK   00001_roles_and_schemas.sql (22.79ms)
2026/10/08 08:54:23 goose: successfully migrated database to version: 1
2026/10/08 08:54:23 OK   00002_platform_meta.sql (60.57ms)
2026/10/08 08:54:23 OK   00003_finding.sql (34.94ms)
2026/10/08 08:54:23 OK   00004_incident.sql (26.6ms)
2026/10/08 08:54:24 OK   00005_investigation.sql (9.36ms)
2026/10/08 08:54:24 OK   00006_action_command.sql (8.1ms)
2026/10/08 08:54:24 OK   00007_audit.sql (42.4ms)
2026/10/08 08:54:24 OK   00008_rls.sql (21.99ms)
2026/10/08 08:54:24 OK   00009_idempotency_ledger.sql (27.39ms)
2026/10/08 08:54:24 OK   00010_tenant_provisioning.sql (8.7ms)
2026/10/08 08:54:24 OK   00011_source_registration_history.sql (8.5ms)
2026/10/08 08:54:24 OK   00012_config_registry_lifecycle.sql (34.71ms)
2026/10/08 08:54:24 OK   00013_audit_signed_segments.sql (41.7ms)
2026/10/08 08:54:24 OK   00014_audit_segment_predecessors.sql (9.49ms)
2026/10/08 08:54:24 OK   00015_source_schema_scope.sql (20.17ms)
2026/10/08 08:54:24 OK   00016_cluster_registration_metadata.sql (24.01ms)
2026/10/08 08:54:24 OK   00017_source_data_scope.sql (26.93ms)
2026/10/08 08:54:24 OK   00018_sp04_resources_evidence.sql (31.57ms)
2026/10/08 08:54:24 OK   00019_sp04_archive_ciphertext_bytes.sql (7.06ms)
2026/10/08 08:54:24 OK   00020_sp04_request_ledger.sql (13.16ms)
2026/10/08 08:54:24 OK   00021_sp04_archive_protection.sql (14.19ms)
2026/10/08 08:54:24 OK   00022_sp04_legal_hold_dependencies.sql (7.01ms)
2026/10/08 08:54:24 OK   00023_sp04_archive_query_intent.sql (7.77ms)
2026/10/08 08:54:24 OK   00024_sp05_finding_incident.sql (129.25ms)
2026/10/08 08:54:24 OK   00025_sp05_incident_event_time.sql (4.7ms)
2026/10/08 08:54:24 OK   00026_sp05_source_binding_lock.sql (5.87ms)
2026/10/08 08:54:24 OK   00027_sp05_rca_and_poll.sql (13.39ms)
2026/10/08 08:54:24 OK   00028_sp05_operator_lock.sql (6.3ms)
2026/10/08 08:54:24 OK   00029_sp05_evidence_links.sql (152.47ms)
2026/10/08 08:54:24 OK   00030_sp05_recipe_fence.sql (5.97ms)
2026/10/08 08:54:24 OK   00031_sp05_rca_postcheck.sql (20.57ms)
2026/10/08 08:54:24 OK   00032_sp05_transport_audit.sql (6.05ms)
2026/10/08 08:54:24 OK   00033_sp05_poll_resolution_clock.sql (7.89ms)
2026/10/08 08:54:24 OK   00034_sp06_investigation_ledger.sql (162.95ms)
2026/10/08 08:54:24 OK   00035_sp06_admission_data_classes.sql (13.58ms)
2026/10/08 08:54:24 goose: successfully migrated database to version: 35
2026/10/08 08:54:46 OK   00001_roles_and_schemas.sql (33.35ms)
2026/10/08 08:54:46 goose: successfully migrated database to version: 1
2026/10/08 08:54:46 OK   00002_platform_meta.sql (64.93ms)
2026/10/08 08:54:46 OK   00003_finding.sql (16.06ms)
2026/10/08 08:54:46 OK   00004_incident.sql (16.4ms)
2026/10/08 08:54:46 OK   00005_investigation.sql (33.73ms)
2026/10/08 08:54:46 OK   00006_action_command.sql (9.65ms)
2026/10/08 08:54:46 OK   00007_audit.sql (43.18ms)
2026/10/08 08:54:46 OK   00008_rls.sql (55.23ms)
2026/10/08 08:54:46 OK   00009_idempotency_ledger.sql (48.7ms)
2026/10/08 08:54:46 OK   00010_tenant_provisioning.sql (7.89ms)
2026/10/08 08:54:46 OK   00011_source_registration_history.sql (30.45ms)
2026/10/08 08:54:46 OK   00012_config_registry_lifecycle.sql (30.75ms)
2026/10/08 08:54:46 OK   00013_audit_signed_segments.sql (50.72ms)
2026/10/08 08:54:46 OK   00014_audit_segment_predecessors.sql (46.66ms)
2026/10/08 08:54:46 OK   00015_source_schema_scope.sql (7.58ms)
2026/10/08 08:54:46 OK   00016_cluster_registration_metadata.sql (11.57ms)
2026/10/08 08:54:46 OK   00017_source_data_scope.sql (16.27ms)
2026/10/08 08:54:46 OK   00018_sp04_resources_evidence.sql (35.79ms)
2026/10/08 08:54:46 OK   00019_sp04_archive_ciphertext_bytes.sql (11.79ms)
2026/10/08 08:54:46 OK   00020_sp04_request_ledger.sql (16.55ms)
2026/10/08 08:54:46 OK   00021_sp04_archive_protection.sql (7.6ms)
2026/10/08 08:54:46 OK   00022_sp04_legal_hold_dependencies.sql (7.29ms)
2026/10/08 08:54:46 OK   00023_sp04_archive_query_intent.sql (5.3ms)
2026/10/08 08:54:46 OK   00024_sp05_finding_incident.sql (48.88ms)
2026/10/08 08:54:46 OK   00025_sp05_incident_event_time.sql (4.61ms)
2026/10/08 08:54:46 OK   00026_sp05_source_binding_lock.sql (4.2ms)
2026/10/08 08:54:46 OK   00027_sp05_rca_and_poll.sql (23ms)
2026/10/08 08:54:46 OK   00028_sp05_operator_lock.sql (4.92ms)
2026/10/08 08:54:46 OK   00029_sp05_evidence_links.sql (20.99ms)
2026/10/08 08:54:46 OK   00030_sp05_recipe_fence.sql (4.63ms)
2026/10/08 08:54:46 OK   00031_sp05_rca_postcheck.sql (4.31ms)
2026/10/08 08:54:46 OK   00032_sp05_transport_audit.sql (8.99ms)
2026/10/08 08:54:46 OK   00033_sp05_poll_resolution_clock.sql (8.23ms)
2026/10/08 08:54:46 OK   00034_sp06_investigation_ledger.sql (104.92ms)
2026/10/08 08:54:46 OK   00035_sp06_admission_data_classes.sql (30.28ms)
2026/10/08 08:54:46 goose: successfully migrated database to version: 35
2026/10/08 08:55:10 OK   00001_roles_and_schemas.sql (61.16ms)
2026/10/08 08:55:10 goose: successfully migrated database to version: 1
2026/10/08 08:55:10 OK   00002_platform_meta.sql (92.04ms)
2026/10/08 08:55:10 OK   00003_finding.sql (49.82ms)
2026/10/08 08:55:10 OK   00004_incident.sql (6.62ms)
2026/10/08 08:55:10 OK   00005_investigation.sql (13.33ms)
2026/10/08 08:55:10 OK   00006_action_command.sql (43.01ms)
2026/10/08 08:55:10 OK   00007_audit.sql (52.6ms)
2026/10/08 08:55:10 OK   00008_rls.sql (53.56ms)
2026/10/08 08:55:10 OK   00009_idempotency_ledger.sql (12.65ms)
2026/10/08 08:55:11 OK   00010_tenant_provisioning.sql (46.08ms)
2026/10/08 08:55:11 OK   00011_source_registration_history.sql (22.55ms)
2026/10/08 08:55:11 OK   00012_config_registry_lifecycle.sql (35.05ms)
2026/10/08 08:55:11 OK   00013_audit_signed_segments.sql (46.47ms)
2026/10/08 08:55:11 OK   00014_audit_segment_predecessors.sql (13.42ms)
2026/10/08 08:55:11 OK   00015_source_schema_scope.sql (12.94ms)
2026/10/08 08:55:11 OK   00016_cluster_registration_metadata.sql (25.98ms)
2026/10/08 08:55:11 OK   00017_source_data_scope.sql (9.49ms)
2026/10/08 08:55:11 OK   00018_sp04_resources_evidence.sql (42.97ms)
2026/10/08 08:55:11 OK   00019_sp04_archive_ciphertext_bytes.sql (6.49ms)
2026/10/08 08:55:11 OK   00020_sp04_request_ledger.sql (44.8ms)
2026/10/08 08:55:11 OK   00021_sp04_archive_protection.sql (10.74ms)
2026/10/08 08:55:11 OK   00022_sp04_legal_hold_dependencies.sql (7.56ms)
2026/10/08 08:55:11 OK   00023_sp04_archive_query_intent.sql (8.44ms)
2026/10/08 08:55:11 OK   00024_sp05_finding_incident.sql (58.79ms)
2026/10/08 08:55:11 OK   00025_sp05_incident_event_time.sql (39.82ms)
2026/10/08 08:55:11 OK   00026_sp05_source_binding_lock.sql (5.8ms)
2026/10/08 08:55:11 OK   00027_sp05_rca_and_poll.sql (47.28ms)
2026/10/08 08:55:11 OK   00028_sp05_operator_lock.sql (12.99ms)
2026/10/08 08:55:11 OK   00029_sp05_evidence_links.sql (38.34ms)
2026/10/08 08:55:11 OK   00030_sp05_recipe_fence.sql (29.13ms)
2026/10/08 08:55:11 OK   00031_sp05_rca_postcheck.sql (41.41ms)
2026/10/08 08:55:11 OK   00032_sp05_transport_audit.sql (9.34ms)
2026/10/08 08:55:11 OK   00033_sp05_poll_resolution_clock.sql (8.78ms)
2026/10/08 08:55:11 OK   00034_sp06_investigation_ledger.sql (27.98ms)
2026/10/08 08:55:11 OK   00035_sp06_admission_data_classes.sql (8.17ms)
2026/10/08 08:55:11 goose: successfully migrated database to version: 35
2026/10/08 08:55:31 OK   00001_roles_and_schemas.sql (48.54ms)
2026/10/08 08:55:31 goose: successfully migrated database to version: 1
2026/10/08 08:55:32 OK   00002_platform_meta.sql (76.84ms)
2026/10/08 08:55:32 OK   00003_finding.sql (53.45ms)
2026/10/08 08:55:32 OK   00004_incident.sql (21.99ms)
2026/10/08 08:55:32 OK   00005_investigation.sql (32.78ms)
2026/10/08 08:55:32 OK   00006_action_command.sql (20.92ms)
2026/10/08 08:55:32 OK   00007_audit.sql (52.36ms)
2026/10/08 08:55:32 OK   00008_rls.sql (45.52ms)
2026/10/08 08:55:32 OK   00009_idempotency_ledger.sql (12.64ms)
2026/10/08 08:55:32 OK   00010_tenant_provisioning.sql (14.13ms)
2026/10/08 08:55:32 OK   00011_source_registration_history.sql (18.11ms)
2026/10/08 08:55:32 OK   00012_config_registry_lifecycle.sql (39.45ms)
2026/10/08 08:55:32 OK   00013_audit_signed_segments.sql (49.44ms)
2026/10/08 08:55:32 OK   00014_audit_segment_predecessors.sql (14.02ms)
2026/10/08 08:55:32 OK   00015_source_schema_scope.sql (6.61ms)
2026/10/08 08:55:32 OK   00016_cluster_registration_metadata.sql (8.35ms)
2026/10/08 08:55:32 OK   00017_source_data_scope.sql (12.99ms)
2026/10/08 08:55:32 OK   00018_sp04_resources_evidence.sql (49.84ms)
2026/10/08 08:55:32 OK   00019_sp04_archive_ciphertext_bytes.sql (7.56ms)
2026/10/08 08:55:32 OK   00020_sp04_request_ledger.sql (13.87ms)
2026/10/08 08:55:32 OK   00021_sp04_archive_protection.sql (28.78ms)
2026/10/08 08:55:32 OK   00022_sp04_legal_hold_dependencies.sql (4.97ms)
2026/10/08 08:55:32 OK   00023_sp04_archive_query_intent.sql (5.75ms)
2026/10/08 08:55:32 OK   00024_sp05_finding_incident.sql (50.5ms)
2026/10/08 08:55:32 OK   00025_sp05_incident_event_time.sql (10.49ms)
2026/10/08 08:55:32 OK   00026_sp05_source_binding_lock.sql (6.35ms)
2026/10/08 08:55:32 OK   00027_sp05_rca_and_poll.sql (8.19ms)
2026/10/08 08:55:32 OK   00028_sp05_operator_lock.sql (4.66ms)
2026/10/08 08:55:32 OK   00029_sp05_evidence_links.sql (12.22ms)
2026/10/08 08:55:32 OK   00030_sp05_recipe_fence.sql (10.82ms)
2026/10/08 08:55:32 OK   00031_sp05_rca_postcheck.sql (12.25ms)
2026/10/08 08:55:32 OK   00032_sp05_transport_audit.sql (17.19ms)
2026/10/08 08:55:32 OK   00033_sp05_poll_resolution_clock.sql (18.8ms)
2026/10/08 08:55:32 OK   00034_sp06_investigation_ledger.sql (78.49ms)
2026/10/08 08:55:32 OK   00035_sp06_admission_data_classes.sql (22.67ms)
2026/10/08 08:55:32 goose: successfully migrated database to version: 35
2026/10/08 08:55:51 OK   00001_roles_and_schemas.sql (23.82ms)
2026/10/08 08:55:51 goose: successfully migrated database to version: 1
2026/10/08 08:55:51 OK   00002_platform_meta.sql (18.26ms)
2026/10/08 08:55:51 OK   00003_finding.sql (16.46ms)
2026/10/08 08:55:51 OK   00004_incident.sql (14.86ms)
2026/10/08 08:55:51 OK   00005_investigation.sql (8.84ms)
2026/10/08 08:55:51 OK   00006_action_command.sql (6.07ms)
2026/10/08 08:55:51 OK   00007_audit.sql (8.9ms)
2026/10/08 08:55:51 OK   00008_rls.sql (27.39ms)
2026/10/08 08:55:51 OK   00009_idempotency_ledger.sql (21.01ms)
2026/10/08 08:55:51 OK   00010_tenant_provisioning.sql (23.85ms)
2026/10/08 08:55:51 OK   00011_source_registration_history.sql (13.65ms)
2026/10/08 08:55:51 OK   00012_config_registry_lifecycle.sql (12.86ms)
2026/10/08 08:55:51 OK   00013_audit_signed_segments.sql (24.46ms)
2026/10/08 08:55:51 OK   00014_audit_segment_predecessors.sql (14.66ms)
2026/10/08 08:55:51 OK   00015_source_schema_scope.sql (6.46ms)
2026/10/08 08:55:51 OK   00016_cluster_registration_metadata.sql (4.12ms)
2026/10/08 08:55:51 OK   00017_source_data_scope.sql (4.95ms)
2026/10/08 08:55:52 OK   00018_sp04_resources_evidence.sql (35.87ms)
2026/10/08 08:55:52 OK   00019_sp04_archive_ciphertext_bytes.sql (3.54ms)
2026/10/08 08:55:52 OK   00020_sp04_request_ledger.sql (13.24ms)
2026/10/08 08:55:52 OK   00021_sp04_archive_protection.sql (5.97ms)
2026/10/08 08:55:52 OK   00022_sp04_legal_hold_dependencies.sql (4.66ms)
2026/10/08 08:55:52 OK   00023_sp04_archive_query_intent.sql (12.49ms)
2026/10/08 08:55:52 OK   00024_sp05_finding_incident.sql (21.63ms)
2026/10/08 08:55:52 OK   00025_sp05_incident_event_time.sql (9.55ms)
2026/10/08 08:55:52 OK   00026_sp05_source_binding_lock.sql (12.28ms)
2026/10/08 08:55:52 OK   00027_sp05_rca_and_poll.sql (15.77ms)
2026/10/08 08:55:52 OK   00028_sp05_operator_lock.sql (6.26ms)
2026/10/08 08:55:52 OK   00029_sp05_evidence_links.sql (6.77ms)
2026/10/08 08:55:52 OK   00030_sp05_recipe_fence.sql (5.37ms)
2026/10/08 08:55:52 OK   00031_sp05_rca_postcheck.sql (6.75ms)
2026/10/08 08:55:52 OK   00032_sp05_transport_audit.sql (5.32ms)
2026/10/08 08:55:52 OK   00033_sp05_poll_resolution_clock.sql (11.75ms)
2026/10/08 08:55:52 OK   00034_sp06_investigation_ledger.sql (41.28ms)
2026/10/08 08:55:52 OK   00035_sp06_admission_data_classes.sql (10.1ms)
2026/10/08 08:55:52 goose: successfully migrated database to version: 35
2026/10/08 08:56:10 OK   00001_roles_and_schemas.sql (19.78ms)
2026/10/08 08:56:10 goose: successfully migrated database to version: 1
2026/10/08 08:56:10 OK   00002_platform_meta.sql (17.77ms)
2026/10/08 08:56:10 OK   00003_finding.sql (7.91ms)
2026/10/08 08:56:10 OK   00004_incident.sql (7.11ms)
2026/10/08 08:56:10 OK   00005_investigation.sql (12.56ms)
2026/10/08 08:56:10 OK   00006_action_command.sql (7.09ms)
2026/10/08 08:56:10 OK   00007_audit.sql (29.87ms)
2026/10/08 08:56:10 OK   00008_rls.sql (19.18ms)
2026/10/08 08:56:10 OK   00009_idempotency_ledger.sql (12.61ms)
2026/10/08 08:56:10 OK   00010_tenant_provisioning.sql (7.75ms)
2026/10/08 08:56:10 OK   00011_source_registration_history.sql (20.11ms)
2026/10/08 08:56:10 OK   00012_config_registry_lifecycle.sql (13.42ms)
2026/10/08 08:56:10 OK   00013_audit_signed_segments.sql (63.3ms)
2026/10/08 08:56:10 OK   00014_audit_segment_predecessors.sql (11.48ms)
2026/10/08 08:56:10 OK   00015_source_schema_scope.sql (4.68ms)
2026/10/08 08:56:10 OK   00016_cluster_registration_metadata.sql (5.37ms)
2026/10/08 08:56:10 OK   00017_source_data_scope.sql (7.93ms)
2026/10/08 08:56:10 OK   00018_sp04_resources_evidence.sql (22.97ms)
2026/10/08 08:56:10 OK   00019_sp04_archive_ciphertext_bytes.sql (3.27ms)
2026/10/08 08:56:10 OK   00020_sp04_request_ledger.sql (5.09ms)
2026/10/08 08:56:10 OK   00021_sp04_archive_protection.sql (3.5ms)
2026/10/08 08:56:10 OK   00022_sp04_legal_hold_dependencies.sql (2.8ms)
2026/10/08 08:56:10 OK   00023_sp04_archive_query_intent.sql (3.54ms)
2026/10/08 08:56:10 OK   00024_sp05_finding_incident.sql (16.7ms)
2026/10/08 08:56:10 OK   00025_sp05_incident_event_time.sql (5.8ms)
2026/10/08 08:56:10 OK   00026_sp05_source_binding_lock.sql (4.39ms)
2026/10/08 08:56:10 OK   00027_sp05_rca_and_poll.sql (19.12ms)
2026/10/08 08:56:10 OK   00028_sp05_operator_lock.sql (8.59ms)
2026/10/08 08:56:10 OK   00029_sp05_evidence_links.sql (8ms)
2026/10/08 08:56:10 OK   00030_sp05_recipe_fence.sql (4.5ms)
2026/10/08 08:56:10 OK   00031_sp05_rca_postcheck.sql (9.32ms)
2026/10/08 08:56:10 OK   00032_sp05_transport_audit.sql (5.33ms)
2026/10/08 08:56:11 OK   00033_sp05_poll_resolution_clock.sql (15.04ms)
2026/10/08 08:56:11 OK   00034_sp06_investigation_ledger.sql (45.37ms)
2026/10/08 08:56:11 OK   00035_sp06_admission_data_classes.sql (4.97ms)
2026/10/08 08:56:11 goose: successfully migrated database to version: 35
2026/10/08 08:56:12 OK   00001_roles_and_schemas.sql (29.28ms)
2026/10/08 08:56:12 goose: successfully migrated database to version: 1
2026/10/08 08:56:12 OK   00002_platform_meta.sql (25.77ms)
2026/10/08 08:56:12 OK   00003_finding.sql (25.64ms)
2026/10/08 08:56:12 OK   00004_incident.sql (9.28ms)
2026/10/08 08:56:12 OK   00005_investigation.sql (17.82ms)
2026/10/08 08:56:12 OK   00006_action_command.sql (13.19ms)
2026/10/08 08:56:12 OK   00007_audit.sql (24.62ms)
2026/10/08 08:56:12 OK   00008_rls.sql (19.88ms)
2026/10/08 08:56:12 OK   00009_idempotency_ledger.sql (14.41ms)
2026/10/08 08:56:12 OK   00010_tenant_provisioning.sql (4.46ms)
2026/10/08 08:56:12 OK   00011_source_registration_history.sql (11.21ms)
2026/10/08 08:56:12 OK   00012_config_registry_lifecycle.sql (12.29ms)
2026/10/08 08:56:12 OK   00013_audit_signed_segments.sql (17.62ms)
2026/10/08 08:56:12 OK   00014_audit_segment_predecessors.sql (19.47ms)
2026/10/08 08:56:12 OK   00015_source_schema_scope.sql (3.99ms)
2026/10/08 08:56:12 OK   00016_cluster_registration_metadata.sql (4.68ms)
2026/10/08 08:56:12 OK   00017_source_data_scope.sql (4.19ms)
2026/10/08 08:56:12 OK   00018_sp04_resources_evidence.sql (13.68ms)
2026/10/08 08:56:12 OK   00019_sp04_archive_ciphertext_bytes.sql (7.05ms)
2026/10/08 08:56:12 OK   00020_sp04_request_ledger.sql (7.48ms)
2026/10/08 08:56:12 OK   00021_sp04_archive_protection.sql (5.22ms)
2026/10/08 08:56:12 OK   00022_sp04_legal_hold_dependencies.sql (3.8ms)
2026/10/08 08:56:12 OK   00023_sp04_archive_query_intent.sql (4.48ms)
2026/10/08 08:56:12 OK   00024_sp05_finding_incident.sql (28.07ms)
2026/10/08 08:56:12 OK   00025_sp05_incident_event_time.sql (7.77ms)
2026/10/08 08:56:12 OK   00026_sp05_source_binding_lock.sql (11.98ms)
2026/10/08 08:56:12 OK   00027_sp05_rca_and_poll.sql (13.5ms)
2026/10/08 08:56:12 OK   00028_sp05_operator_lock.sql (5.97ms)
2026/10/08 08:56:12 OK   00029_sp05_evidence_links.sql (8.04ms)
2026/10/08 08:56:12 OK   00030_sp05_recipe_fence.sql (4.7ms)
2026/10/08 08:56:12 OK   00031_sp05_rca_postcheck.sql (4.25ms)
2026/10/08 08:56:12 OK   00032_sp05_transport_audit.sql (5.32ms)
2026/10/08 08:56:12 OK   00033_sp05_poll_resolution_clock.sql (4.74ms)
2026/10/08 08:56:12 OK   00034_sp06_investigation_ledger.sql (16.76ms)
2026/10/08 08:56:12 OK   00035_sp06_admission_data_classes.sql (5.6ms)
2026/10/08 08:56:12 goose: successfully migrated database to version: 35
2026/10/08 08:56:18 OK   00001_roles_and_schemas.sql (15ms)
2026/10/08 08:56:18 goose: successfully migrated database to version: 1
2026/10/08 08:56:18 OK   00002_platform_meta.sql (45.34ms)
2026/10/08 08:56:18 OK   00003_finding.sql (21.62ms)
2026/10/08 08:56:18 OK   00004_incident.sql (8.36ms)
2026/10/08 08:56:18 OK   00005_investigation.sql (10.07ms)
2026/10/08 08:56:18 OK   00006_action_command.sql (7.95ms)
2026/10/08 08:56:18 OK   00007_audit.sql (11.69ms)
2026/10/08 08:56:18 OK   00008_rls.sql (9.08ms)
2026/10/08 08:56:18 OK   00009_idempotency_ledger.sql (6.63ms)
2026/10/08 08:56:18 OK   00010_tenant_provisioning.sql (3.88ms)
2026/10/08 08:56:18 OK   00011_source_registration_history.sql (36.26ms)
2026/10/08 08:56:18 OK   00012_config_registry_lifecycle.sql (12.68ms)
2026/10/08 08:56:18 OK   00013_audit_signed_segments.sql (24.42ms)
2026/10/08 08:56:18 OK   00014_audit_segment_predecessors.sql (14.24ms)
2026/10/08 08:56:18 OK   00015_source_schema_scope.sql (8.01ms)
2026/10/08 08:56:18 OK   00016_cluster_registration_metadata.sql (17.14ms)
2026/10/08 08:56:18 OK   00017_source_data_scope.sql (19.64ms)
2026/10/08 08:56:18 OK   00018_sp04_resources_evidence.sql (21.67ms)
2026/10/08 08:56:18 OK   00019_sp04_archive_ciphertext_bytes.sql (9.21ms)
2026/10/08 08:56:18 OK   00020_sp04_request_ledger.sql (11.5ms)
2026/10/08 08:56:18 OK   00021_sp04_archive_protection.sql (6.17ms)
2026/10/08 08:56:18 OK   00022_sp04_legal_hold_dependencies.sql (9.78ms)
2026/10/08 08:56:18 OK   00023_sp04_archive_query_intent.sql (3.85ms)
2026/10/08 08:56:18 OK   00024_sp05_finding_incident.sql (51.7ms)
2026/10/08 08:56:18 OK   00025_sp05_incident_event_time.sql (5.5ms)
2026/10/08 08:56:18 OK   00026_sp05_source_binding_lock.sql (4.4ms)
2026/10/08 08:56:18 OK   00027_sp05_rca_and_poll.sql (8.23ms)
2026/10/08 08:56:18 OK   00028_sp05_operator_lock.sql (7.42ms)
2026/10/08 08:56:18 OK   00029_sp05_evidence_links.sql (20.83ms)
2026/10/08 08:56:18 OK   00030_sp05_recipe_fence.sql (11.17ms)
2026/10/08 08:56:18 OK   00031_sp05_rca_postcheck.sql (3.72ms)
2026/10/08 08:56:18 OK   00032_sp05_transport_audit.sql (4.4ms)
2026/10/08 08:56:18 OK   00033_sp05_poll_resolution_clock.sql (20.26ms)
2026/10/08 08:56:18 OK   00034_sp06_investigation_ledger.sql (29.74ms)
2026/10/08 08:56:18 OK   00035_sp06_admission_data_classes.sql (5.49ms)
2026/10/08 08:56:18 goose: successfully migrated database to version: 35
{"time":"2026-10-08T08:56:25.106629+08:00","level":"WARN","msg":"Graph ownership not ready","qualification":{"/v1/configmaps":"list_missing","/v1/events":"list_missing","/v1/nodes":"list_missing","/v1/persistentvolumeclaims":"list_missing","/v1/persistentvolumes":"list_missing","/v1/pods":"list_missing","/v1/services":"list_missing","apps/v1/daemonsets":"list_missing","apps/v1/deployments":"list_missing","apps/v1/replicasets":"list_missing","apps/v1/statefulsets":"list_missing","batch/v1/jobs":"list_missing","discovery.k8s.io/v1/endpointslices":"list_missing","storage.k8s.io/v1/csidrivers":"list_missing","storage.k8s.io/v1/csinodes":"list_missing","storage.k8s.io/v1/storageclasses":"list_missing","storage.k8s.io/v1/volumeattachments":"list_missing"}}
{"time":"2026-10-08T08:56:27.014302+08:00","level":"WARN","msg":"Graph ownership not ready","qualification":{"/v1/configmaps":"list_missing","/v1/events":"list_missing","/v1/nodes":"list_missing","/v1/persistentvolumeclaims":"list_missing","/v1/persistentvolumes":"list_missing","/v1/services":"list_missing","apps/v1/daemonsets":"list_missing","apps/v1/deployments":"list_missing","apps/v1/replicasets":"list_missing","apps/v1/statefulsets":"list_missing","batch/v1/jobs":"list_missing","discovery.k8s.io/v1/endpointslices":"list_missing","storage.k8s.io/v1/csidrivers":"list_missing","storage.k8s.io/v1/csinodes":"list_missing","storage.k8s.io/v1/storageclasses":"list_missing","storage.k8s.io/v1/volumeattachments":"list_missing"}}
{"time":"2026-10-08T08:56:35.812082+08:00","level":"INFO","msg":"http request complete","request_id":"01a11903-183b-7e0d-be37-ec1c3dddff4b","method":"GET","status_code":200,"duration_ms":168}
{"time":"2026-10-08T08:56:35.834283+08:00","level":"INFO","msg":"http request complete","request_id":"01a11903-18e7-75ff-b56f-f084ba94915d","method":"GET","status_code":200,"duration_ms":18}
{"time":"2026-10-08T08:56:35.843742+08:00","level":"INFO","msg":"http request complete","request_id":"01a11903-18fb-70e6-b8ee-4a8143898197","method":"GET","status_code":200,"duration_ms":8}
{"time":"2026-10-08T08:56:35.852418+08:00","level":"INFO","msg":"http request complete","request_id":"01a11903-1905-7334-a130-a7b4d28874a6","method":"GET","status_code":200,"duration_ms":7}
{"time":"2026-10-08T08:56:36.036937+08:00","level":"INFO","msg":"http request complete","request_id":"01a11903-190f-7284-baa4-2e8baf0c0e83","method":"GET","status_code":200,"duration_ms":181}
{"time":"2026-10-08T08:56:36.101706+08:00","level":"INFO","msg":"http request complete","request_id":"01a11903-19d0-7298-bf85-69aba5ed035e","method":"GET","status_code":200,"duration_ms":53}
{"time":"2026-10-08T08:56:36.114746+08:00","level":"INFO","msg":"http request complete","request_id":"01a11903-1a06-7cf0-aba8-34a1202a24f7","method":"GET","status_code":200,"duration_ms":11}
{"time":"2026-10-08T08:56:36.336431+08:00","level":"WARN","msg":"Graph request unavailable","stage":"lease_before_query"}
{"time":"2026-10-08T08:56:36.336429+08:00","level":"WARN","msg":"Graph ownership not ready","qualification":{"/v1/configmaps":"list_missing","/v1/events":"list_missing","/v1/nodes":"list_missing","/v1/persistentvolumeclaims":"list_missing","/v1/persistentvolumes":"list_missing","/v1/pods":"list_missing","/v1/services":"list_missing","apps/v1/daemonsets":"list_missing","apps/v1/deployments":"list_missing","apps/v1/replicasets":"list_missing","apps/v1/statefulsets":"list_missing","batch/v1/jobs":"list_missing","discovery.k8s.io/v1/endpointslices":"list_missing","storage.k8s.io/v1/csidrivers":"list_missing","storage.k8s.io/v1/csinodes":"list_missing","storage.k8s.io/v1/storageclasses":"list_missing","storage.k8s.io/v1/volumeattachments":"list_missing"}}
{"time":"2026-10-08T08:56:36.342841+08:00","level":"INFO","msg":"http request complete","request_id":"01a11903-1a23-7265-8817-bb0bd5c17d8a","method":"GET","status_code":200,"duration_ms":211}
{"time":"2026-10-08T08:56:36.577169+08:00","level":"WARN","msg":"Graph request unavailable","stage":"lease_before_query"}
{"time":"2026-10-08T08:56:36.584223+08:00","level":"INFO","msg":"http request complete","request_id":"01a11903-1bc0-75dc-b24d-99fee4ee61fd","method":"GET","status_code":200,"duration_ms":39}
{"time":"2026-10-08T08:56:36.810241+08:00","level":"WARN","msg":"Graph request unavailable","stage":"lease_before_query"}
{"time":"2026-10-08T08:56:36.81733+08:00","level":"INFO","msg":"http request complete","request_id":"01a11903-1cb1-7c29-87b4-13d271099028","method":"GET","status_code":200,"duration_ms":31}
{"time":"2026-10-08T08:56:37.051039+08:00","level":"WARN","msg":"Graph request unavailable","stage":"lease_before_query"}
{"time":"2026-10-08T08:56:37.058485+08:00","level":"INFO","msg":"http request complete","request_id":"01a11903-1d9b-7985-a852-216475f9791b","method":"GET","status_code":200,"duration_ms":38}
{"time":"2026-10-08T08:56:37.316706+08:00","level":"WARN","msg":"Graph request unavailable","stage":"lease_before_query"}
{"time":"2026-10-08T08:56:37.332271+08:00","level":"INFO","msg":"http request complete","request_id":"01a11903-1e8c-7bea-a021-ec33c229df83","method":"GET","status_code":200,"duration_ms":71}
{"time":"2026-10-08T08:56:37.568345+08:00","level":"WARN","msg":"Graph request unavailable","stage":"lease_before_query"}
{"time":"2026-10-08T08:56:37.577385+08:00","level":"INFO","msg":"http request complete","request_id":"01a11903-1f9e-78e1-87ea-294c907feb54","method":"GET","status_code":200,"duration_ms":42}
{"time":"2026-10-08T08:56:37.800503+08:00","level":"WARN","msg":"Graph request unavailable","stage":"lease_before_query"}
{"time":"2026-10-08T08:56:37.80772+08:00","level":"INFO","msg":"http request complete","request_id":"01a11903-2093-7927-a1ae-b641b48b79ce","method":"GET","status_code":200,"duration_ms":28}
{"time":"2026-10-08T08:56:38.035283+08:00","level":"WARN","msg":"Graph request unavailable","stage":"lease_before_query"}
{"time":"2026-10-08T08:56:38.045669+08:00","level":"INFO","msg":"http request complete","request_id":"01a11903-2179-74fd-838d-c4106aa35cee","method":"GET","status_code":200,"duration_ms":36}
{"time":"2026-10-08T08:56:38.255751+08:00","level":"WARN","msg":"Graph ownership not ready","qualification":{"/v1/configmaps":"list_missing","/v1/events":"list_missing","/v1/nodes":"list_missing","/v1/persistentvolumes":"list_missing","/v1/pods":"list_missing","/v1/services":"list_missing","apps/v1/daemonsets":"list_missing","apps/v1/deployments":"list_missing","apps/v1/replicasets":"list_missing","apps/v1/statefulsets":"list_missing","discovery.k8s.io/v1/endpointslices":"list_missing","storage.k8s.io/v1/csidrivers":"list_missing","storage.k8s.io/v1/csinodes":"list_missing","storage.k8s.io/v1/storageclasses":"list_missing","storage.k8s.io/v1/volumeattachments":"list_missing"}}
{"time":"2026-10-08T08:56:38.271133+08:00","level":"WARN","msg":"Graph request unavailable","stage":"lease_before_query"}
{"time":"2026-10-08T08:56:38.293991+08:00","level":"INFO","msg":"http request complete","request_id":"01a11903-2266-7f26-a91b-229a4aaa6fc7","method":"GET","status_code":200,"duration_ms":46}
{"time":"2026-10-08T08:56:38.516539+08:00","level":"WARN","msg":"Graph request unavailable","stage":"lease_before_query"}
{"time":"2026-10-08T08:56:38.526986+08:00","level":"INFO","msg":"http request complete","request_id":"01a11903-2360-7501-8e4d-107f0d4e8d21","method":"GET","status_code":200,"duration_ms":30}
{"time":"2026-10-08T08:56:38.761391+08:00","level":"WARN","msg":"Graph request unavailable","stage":"lease_before_query"}
{"time":"2026-10-08T08:56:38.768521+08:00","level":"INFO","msg":"http request complete","request_id":"01a11903-2449-73ef-8740-f92bca4e8552","method":"GET","status_code":200,"duration_ms":39}
{"time":"2026-10-08T08:56:38.992094+08:00","level":"INFO","msg":"http request complete","request_id":"01a11903-2539-7802-a277-04e29fbca16a","method":"GET","status_code":200,"duration_ms":22}
{"time":"2026-10-08T08:56:39.240498+08:00","level":"INFO","msg":"http request complete","request_id":"01a11903-2619-7693-a4ee-7a619de28659","method":"GET","status_code":200,"duration_ms":47}
{"time":"2026-10-08T08:56:39.497741+08:00","level":"INFO","msg":"http request complete","request_id":"01a11903-2711-7a58-955a-27647977816f","method":"GET","status_code":200,"duration_ms":56}
{"time":"2026-10-08T08:56:39.800094+08:00","level":"INFO","msg":"http request complete","request_id":"01a11903-2812-7e5f-bdad-6029c605285c","method":"GET","status_code":200,"duration_ms":101}
{"time":"2026-10-08T08:56:40.052221+08:00","level":"INFO","msg":"http request complete","request_id":"01a11903-2941-7776-8221-40e1cd0a8e2d","method":"GET","status_code":200,"duration_ms":50}
{"time":"2026-10-08T08:56:40.140773+08:00","level":"WARN","msg":"Graph ownership not ready","qualification":{"/v1/persistentvolumes":"watch_initializing"}}
{"time":"2026-10-08T08:56:40.345368+08:00","level":"INFO","msg":"http request complete","request_id":"01a11903-2a3d-7762-97f2-9685cb35fdcf","method":"GET","status_code":200,"duration_ms":91}
{"time":"2026-10-08T08:56:40.585683+08:00","level":"WARN","msg":"Graph request unavailable","stage":"lease_before_query"}
{"time":"2026-10-08T08:56:40.590582+08:00","level":"INFO","msg":"http request complete","request_id":"01a11903-2b62-7c83-aac3-4714fd8b0d77","method":"GET","status_code":200,"duration_ms":43}
{"time":"2026-10-08T08:56:40.84431+08:00","level":"WARN","msg":"Graph request unavailable","stage":"lease_before_query"}
{"time":"2026-10-08T08:56:40.854645+08:00","level":"INFO","msg":"http request complete","request_id":"01a11903-2c59-73c8-a135-a2530eba54bc","method":"GET","status_code":200,"duration_ms":61}
{"time":"2026-10-08T08:56:41.089266+08:00","level":"INFO","msg":"http request complete","request_id":"01a11903-2d60-7e73-ad9f-126161f51f3e","method":"GET","status_code":200,"duration_ms":32}
{"time":"2026-10-08T08:56:41.335526+08:00","level":"INFO","msg":"http request complete","request_id":"01a11903-2e4b-7ac1-9cbd-2b6a6436cc56","method":"GET","status_code":200,"duration_ms":43}
{"time":"2026-10-08T08:56:41.605704+08:00","level":"INFO","msg":"http request complete","request_id":"01a11903-2f42-7683-afe1-37a2d2a1ad17","method":"GET","status_code":200,"duration_ms":67}
{"time":"2026-10-08T08:56:41.84686+08:00","level":"INFO","msg":"http request complete","request_id":"01a11903-3050-74c6-839d-787e21b57aa3","method":"GET","status_code":200,"duration_ms":38}
{"time":"2026-10-08T08:56:42.095699+08:00","level":"INFO","msg":"http request complete","request_id":"01a11903-3141-73c8-bf8c-9afc14b2f6bb","method":"GET","status_code":200,"duration_ms":46}
{"time":"2026-10-08T08:56:42.334886+08:00","level":"INFO","msg":"http request complete","request_id":"01a11903-323a-739d-89f6-c1cda59cf1ef","method":"GET","status_code":200,"duration_ms":36}
{"time":"2026-10-08T08:56:42.561324+08:00","level":"INFO","msg":"http request complete","request_id":"01a11903-3329-73eb-af68-3d57cf476245","method":"GET","status_code":200,"duration_ms":24}
{"time":"2026-10-08T08:56:42.800999+08:00","level":"INFO","msg":"http request complete","request_id":"01a11903-340b-7ba0-8540-f44d93107691","method":"GET","status_code":200,"duration_ms":37}
{"time":"2026-10-08T08:56:43.031713+08:00","level":"INFO","msg":"http request complete","request_id":"01a11903-34fb-75a5-9dee-e6b841faaa7f","method":"GET","status_code":200,"duration_ms":28}
{"time":"2026-10-08T08:56:43.271363+08:00","level":"INFO","msg":"http request complete","request_id":"01a11903-35e1-7ead-aacf-3755ab38a779","method":"GET","status_code":200,"duration_ms":37}
{"time":"2026-10-08T08:56:43.503432+08:00","level":"INFO","msg":"http request complete","request_id":"01a11903-36d1-78e1-859b-546322011f9b","method":"GET","status_code":200,"duration_ms":29}
{"time":"2026-10-08T08:56:43.753073+08:00","level":"INFO","msg":"http request complete","request_id":"01a11903-37b9-7b79-97d9-42447d1178b6","method":"GET","status_code":200,"duration_ms":47}
{"time":"2026-10-08T08:56:44.001145+08:00","level":"INFO","msg":"http request complete","request_id":"01a11903-38b5-7059-83ae-ca24e70efe44","method":"GET","status_code":200,"duration_ms":44}
{"time":"2026-10-08T08:56:44.238403+08:00","level":"INFO","msg":"http request complete","request_id":"01a11903-39aa-7bfe-b9a5-14f85894cf9b","method":"GET","status_code":200,"duration_ms":35}
{"time":"2026-10-08T08:56:44.45952+08:00","level":"INFO","msg":"http request complete","request_id":"01a11903-3a99-70e2-a136-d433f6a58ddc","method":"GET","status_code":200,"duration_ms":18}
{"time":"2026-10-08T08:56:44.683536+08:00","level":"INFO","msg":"http request complete","request_id":"01a11903-3b75-7392-b41f-d819711252a0","method":"GET","status_code":200,"duration_ms":22}
{"time":"2026-10-08T08:56:44.907471+08:00","level":"INFO","msg":"http request complete","request_id":"01a11903-3c54-7ee0-b517-60ca380d8537","method":"GET","status_code":200,"duration_ms":22}
{"time":"2026-10-08T08:56:45.135453+08:00","level":"INFO","msg":"http request complete","request_id":"01a11903-3d35-73c8-86d1-b336ebec86d8","method":"GET","status_code":200,"duration_ms":26}
{"time":"2026-10-08T08:56:45.360838+08:00","level":"INFO","msg":"http request complete","request_id":"01a11903-3e19-7680-b078-6e52ee7497b0","method":"GET","status_code":200,"duration_ms":23}
{"time":"2026-10-08T08:56:45.592041+08:00","level":"INFO","msg":"http request complete","request_id":"01a11903-3efb-7259-ab54-ddf9a736aabc","method":"GET","status_code":200,"duration_ms":28}
{"time":"2026-10-08T08:56:45.860584+08:00","level":"INFO","msg":"http request complete","request_id":"01a11903-3fe2-717a-895e-b6737e76ea12","method":"GET","status_code":200,"duration_ms":66}
{"time":"2026-10-08T08:56:46.091161+08:00","level":"INFO","msg":"http request complete","request_id":"01a11903-40ee-7649-8b42-212baf76ddb3","method":"GET","status_code":200,"duration_ms":28}
{"time":"2026-10-08T08:56:46.330352+08:00","level":"INFO","msg":"http request complete","request_id":"01a11903-41d4-7afc-b35f-dabc6e5389c6","method":"GET","status_code":200,"duration_ms":37}
{"time":"2026-10-08T08:56:46.548589+08:00","level":"INFO","msg":"http request complete","request_id":"01a11903-42c4-7c67-849f-d589b47fad2c","method":"GET","status_code":200,"duration_ms":15}
{"time":"2026-10-08T08:56:46.783236+08:00","level":"INFO","msg":"http request complete","request_id":"01a11903-439e-78e1-90de-603b37735eb7","method":"GET","status_code":200,"duration_ms":32}
{"time":"2026-10-08T08:56:47.029394+08:00","level":"INFO","msg":"http request complete","request_id":"01a11903-4489-78b6-aacf-2f042ae07976","method":"GET","status_code":200,"duration_ms":43}
{"time":"2026-10-08T08:56:47.249498+08:00","level":"INFO","msg":"http request complete","request_id":"01a11903-457f-7b08-bf10-e6832b048323","method":"GET","status_code":200,"duration_ms":17}
{"time":"2026-10-08T08:56:47.480512+08:00","level":"INFO","msg":"http request complete","request_id":"01a11903-465b-7ee4-9f5e-c77178323cd1","method":"GET","status_code":200,"duration_ms":28}
{"time":"2026-10-08T08:56:47.754114+08:00","level":"INFO","msg":"http request complete","request_id":"01a11903-4742-705d-9ef2-387f908c29ac","method":"GET","status_code":200,"duration_ms":72}
{"time":"2026-10-08T08:56:48.003375+08:00","level":"INFO","msg":"http request complete","request_id":"01a11903-4854-79eb-bc56-d8c5062c2d3b","method":"GET","status_code":200,"duration_ms":46}
{"time":"2026-10-08T08:56:48.23233+08:00","level":"INFO","msg":"http request complete","request_id":"01a11903-494d-7bc7-90ac-0a3aab76be1c","method":"GET","status_code":200,"duration_ms":26}
{"time":"2026-10-08T08:56:48.458584+08:00","level":"INFO","msg":"http request complete","request_id":"01a11903-4a32-7b5e-a76e-980b1ff6963d","method":"GET","status_code":200,"duration_ms":23}
{"time":"2026-10-08T08:56:48.68191+08:00","level":"INFO","msg":"http request complete","request_id":"01a11903-4b14-7e01-93cc-28b2b21bb0ff","method":"GET","status_code":200,"duration_ms":20}
{"time":"2026-10-08T08:56:48.919455+08:00","level":"INFO","msg":"http request complete","request_id":"01a11903-4bf4-74c6-90de-916bf0a4060d","method":"GET","status_code":200,"duration_ms":35}
{"time":"2026-10-08T08:56:49.155472+08:00","level":"INFO","msg":"http request complete","request_id":"01a11903-4ce1-7dc3-a4f2-d92ac3720cbe","method":"GET","status_code":200,"duration_ms":33}
{"time":"2026-10-08T08:56:49.393762+08:00","level":"INFO","msg":"http request complete","request_id":"01a11903-4dcd-7c31-bda9-564b9df83101","method":"GET","status_code":200,"duration_ms":35}
{"time":"2026-10-08T08:56:49.626427+08:00","level":"INFO","msg":"http request complete","request_id":"01a11903-4ebb-72a3-b7ff-026893997b55","method":"GET","status_code":200,"duration_ms":31}
{"time":"2026-10-08T08:56:49.859497+08:00","level":"INFO","msg":"http request complete","request_id":"01a11903-4fa4-7376-92fe-aefe0623a3c5","method":"GET","status_code":200,"duration_ms":31}
{"time":"2026-10-08T08:56:50.099388+08:00","level":"INFO","msg":"http request complete","request_id":"01a11903-508c-7dda-868b-fdbd6c851123","method":"GET","status_code":200,"duration_ms":38}
{"time":"2026-10-08T08:56:50.458965+08:00","level":"INFO","msg":"http request complete","request_id":"01a11903-517d-7de6-bd4d-3d7fb0e29d16","method":"GET","status_code":200,"duration_ms":157}
{"time":"2026-10-08T08:56:50.80447+08:00","level":"INFO","msg":"http request complete","request_id":"01a11903-52e5-73f7-a9c2-649558306cf2","method":"GET","status_code":200,"duration_ms":143}
{"time":"2026-10-08T08:56:51.160684+08:00","level":"INFO","msg":"http request complete","request_id":"01a11903-543d-7e2c-a075-1c36e54a2703","method":"GET","status_code":200,"duration_ms":154}
{"time":"2026-10-08T08:56:51.505509+08:00","level":"INFO","msg":"http request complete","request_id":"01a11903-55a3-7280-a73a-b93d076ed623","method":"GET","status_code":200,"duration_ms":142}
{"time":"2026-10-08T08:56:51.870429+08:00","level":"INFO","msg":"http request complete","request_id":"01a11903-56fb-7b94-9bec-8f9aa9dd309d","method":"GET","status_code":200,"duration_ms":162}
{"time":"2026-10-08T08:56:52.234933+08:00","level":"INFO","msg":"http request complete","request_id":"01a11903-586a-759d-9e5d-daada3739246","method":"GET","status_code":200,"duration_ms":160}
{"time":"2026-10-08T08:56:52.63428+08:00","level":"INFO","msg":"http request complete","request_id":"01a11903-59d4-7ee8-9dca-5d338ed78a0b","method":"GET","status_code":200,"duration_ms":197}
{"time":"2026-10-08T08:56:52.982187+08:00","level":"INFO","msg":"http request complete","request_id":"01a11903-5b64-7802-a867-6b0f5406e99c","method":"GET","status_code":200,"duration_ms":145}
{"time":"2026-10-08T08:56:53.333563+08:00","level":"INFO","msg":"http request complete","request_id":"01a11903-5cc0-7728-b88f-79e695d0c749","method":"GET","status_code":200,"duration_ms":149}
{"time":"2026-10-08T08:56:53.697291+08:00","level":"INFO","msg":"http request complete","request_id":"01a11903-5e1f-7c5c-b9d6-94e7e47fabfd","method":"GET","status_code":200,"duration_ms":161}
{"time":"2026-10-08T08:56:54.052007+08:00","level":"INFO","msg":"http request complete","request_id":"01a11903-5f8c-7363-a939-a5b7d644575b","method":"GET","status_code":200,"duration_ms":151}
{"time":"2026-10-08T08:56:54.484071+08:00","level":"INFO","msg":"http request complete","request_id":"01a11903-60ed-7883-925e-e650193ef8a1","method":"GET","status_code":200,"duration_ms":230}
{"time":"2026-10-08T08:56:54.882155+08:00","level":"INFO","msg":"http request complete","request_id":"01a11903-629e-7981-ba7f-082ef0d60b2b","method":"GET","status_code":200,"duration_ms":195}
{"time":"2026-10-08T08:56:55.472532+08:00","level":"INFO","msg":"http request complete","request_id":"01a11903-642d-70d2-a60c-693c177359a1","method":"GET","status_code":200,"duration_ms":387}
{"time":"2026-10-08T08:56:55.83789+08:00","level":"INFO","msg":"http request complete","request_id":"01a11903-667b-7055-bb0a-603f8d0bf53d","method":"GET","status_code":200,"duration_ms":162}
{"time":"2026-10-08T08:56:56.197089+08:00","level":"INFO","msg":"http request complete","request_id":"01a11903-67e8-739d-b732-40a5d0809190","method":"GET","status_code":200,"duration_ms":156}
{"time":"2026-10-08T08:56:56.603492+08:00","level":"INFO","msg":"http request complete","request_id":"01a11903-694e-7e50-afe8-46a8de6fc11c","method":"GET","status_code":200,"duration_ms":204}
{"time":"2026-10-08T08:56:56.944954+08:00","level":"INFO","msg":"http request complete","request_id":"01a11903-6ae5-7c25-b754-ab29c5262528","method":"GET","status_code":200,"duration_ms":139}
{"time":"2026-10-08T08:56:57.279441+08:00","level":"INFO","msg":"http request complete","request_id":"01a11903-6c3b-7868-8f65-68efa7ad5bbb","method":"GET","status_code":200,"duration_ms":131}
{"time":"2026-10-08T08:56:57.700032+08:00","level":"INFO","msg":"http request complete","request_id":"01a11903-6d89-799c-8209-7784b2b5a06c","method":"GET","status_code":200,"duration_ms":218}
{"time":"2026-10-08T08:56:58.038148+08:00","level":"INFO","msg":"http request complete","request_id":"01a11903-6f2e-7505-9b72-ee230738efaa","method":"GET","status_code":200,"duration_ms":135}
{"time":"2026-10-08T08:56:58.650572+08:00","level":"INFO","msg":"http request complete","request_id":"01a11903-707f-7b79-b28f-36f9edf472b0","method":"GET","status_code":200,"duration_ms":410}
{"time":"2026-10-08T08:56:59.271687+08:00","level":"INFO","msg":"http request complete","request_id":"01a11903-72e4-7dfa-bee6-c5b88e6f4535","method":"GET","status_code":200,"duration_ms":418}
{"time":"2026-10-08T08:56:59.871635+08:00","level":"INFO","msg":"http request complete","request_id":"01a11903-7552-74a7-9e21-f0d8e0af84fb","method":"GET","status_code":200,"duration_ms":397}
{"time":"2026-10-08T08:57:00.92467+08:00","level":"INFO","msg":"http request complete","request_id":"01a11903-77a9-7eff-8ed7-ca0fac34b908","method":"GET","status_code":200,"duration_ms":850}
{"time":"2026-10-08T08:57:01.280966+08:00","level":"INFO","msg":"http request complete","request_id":"01a11903-7bc7-749f-a46c-2f6d5150984d","method":"GET","status_code":200,"duration_ms":153}
{"time":"2026-10-08T08:57:01.629769+08:00","level":"INFO","msg":"http request complete","request_id":"01a11903-7d2b-7246-babd-31c91cb3d978","method":"GET","status_code":200,"duration_ms":146}
{"time":"2026-10-08T08:57:01.972091+08:00","level":"INFO","msg":"http request complete","request_id":"01a11903-7e88-7510-bd3c-b7a2cd657240","method":"GET","status_code":200,"duration_ms":139}
{"time":"2026-10-08T08:57:02.445491+08:00","level":"INFO","msg":"http request complete","request_id":"01a11903-7fde-7334-ac5e-bd2495ec916b","method":"GET","status_code":200,"duration_ms":271}
{"time":"2026-10-08T08:57:02.776439+08:00","level":"INFO","msg":"http request complete","request_id":"01a11903-81b7-79e3-8c79-5fd31c5558fc","method":"GET","status_code":200,"duration_ms":128}
{"time":"2026-10-08T08:57:03.137511+08:00","level":"INFO","msg":"http request complete","request_id":"01a11903-8303-717e-b61f-9cc17201c2d0","method":"GET","status_code":200,"duration_ms":158}
{"time":"2026-10-08T08:57:03.507726+08:00","level":"INFO","msg":"http request complete","request_id":"01a11903-846b-77ac-957d-86c9eadb146a","method":"GET","status_code":200,"duration_ms":168}
{"time":"2026-10-08T08:57:03.871488+08:00","level":"INFO","msg":"http request complete","request_id":"01a11903-85de-73eb-a013-2a7d99526596","method":"GET","status_code":200,"duration_ms":161}
{"time":"2026-10-08T08:57:04.23253+08:00","level":"INFO","msg":"http request complete","request_id":"01a11903-8749-7b98-90a1-9a84635281dc","method":"GET","status_code":200,"duration_ms":158}
{"time":"2026-10-08T08:57:04.653677+08:00","level":"INFO","msg":"http request complete","request_id":"01a11903-88b1-7bc7-8b0f-829fe3566abb","method":"GET","status_code":200,"duration_ms":219}
{"time":"2026-10-08T08:57:05.006584+08:00","level":"INFO","msg":"http request complete","request_id":"01a11903-8a58-7426-b4cb-ffd169c55992","method":"GET","status_code":200,"duration_ms":150}
{"time":"2026-10-08T08:57:05.351786+08:00","level":"INFO","msg":"http request complete","request_id":"01a11903-8bb9-707d-82cb-42ab1f902a2e","method":"GET","status_code":200,"duration_ms":142}
{"time":"2026-10-08T08:57:05.713807+08:00","level":"INFO","msg":"http request complete","request_id":"01a11903-8d12-7b79-8ef0-799b71545248","method":"GET","status_code":200,"duration_ms":159}
{"time":"2026-10-08T08:57:06.055394+08:00","level":"INFO","msg":"http request complete","request_id":"01a11903-8e7c-7134-aedf-a18f0e898ec9","method":"GET","status_code":200,"duration_ms":139}
{"time":"2026-10-08T08:57:06.449074+08:00","level":"INFO","msg":"http request complete","request_id":"01a11903-8fd1-714c-95f7-785df6ef42ad","method":"GET","status_code":200,"duration_ms":191}
{"time":"2026-10-08T08:57:06.796544+08:00","level":"INFO","msg":"http request complete","request_id":"01a11903-915b-75d0-8f23-c36884c5d21f","method":"GET","status_code":200,"duration_ms":145}
{"time":"2026-10-08T08:57:07.12947+08:00","level":"INFO","msg":"http request complete","request_id":"01a11903-92b6-7d0f-b144-c48be41f921a","method":"GET","status_code":200,"duration_ms":130}
{"time":"2026-10-08T08:57:07.497195+08:00","level":"INFO","msg":"http request complete","request_id":"01a11903-9403-7cec-910b-d0ea351f0d76","method":"GET","status_code":200,"duration_ms":165}
{"time":"2026-10-08T08:57:07.858079+08:00","level":"INFO","msg":"http request complete","request_id":"01a11903-9572-7b89-a6ad-b172611a01cc","method":"GET","status_code":200,"duration_ms":159}
{"time":"2026-10-08T08:57:08.209469+08:00","level":"INFO","msg":"http request complete","request_id":"01a11903-96e0-70ea-a4ec-0d517bb3982d","method":"GET","status_code":200,"duration_ms":145}
{"time":"2026-10-08T08:57:09.023673+08:00","level":"INFO","msg":"http request complete","request_id":"01a11903-983b-78f4-aa4e-9864df199e4d","method":"GET","status_code":200,"duration_ms":612}
{"time":"2026-10-08T08:57:09.623652+08:00","level":"INFO","msg":"http request complete","request_id":"01a11903-9b69-7714-a129-d777ef6d6cbd","method":"GET","status_code":200,"duration_ms":398}
{"time":"2026-10-08T08:57:10.242495+08:00","level":"INFO","msg":"http request complete","request_id":"01a11903-9dc2-75e3-836b-b3e8e3b6003b","method":"GET","status_code":200,"duration_ms":416}
{"time":"2026-10-08T08:57:11.033094+08:00","level":"INFO","msg":"http request complete","request_id":"01a11903-a02c-7cc1-9e84-ad6229712079","method":"GET","status_code":200,"duration_ms":588}
{"time":"2026-10-08T08:57:11.645119+08:00","level":"INFO","msg":"http request complete","request_id":"01a11903-a342-796e-bb8d-93e49e522422","method":"GET","status_code":200,"duration_ms":410}
{"time":"2026-10-08T08:57:12.268417+08:00","level":"INFO","msg":"http request complete","request_id":"01a11903-a5a7-7cb9-aa78-da2ac278afd3","method":"GET","status_code":200,"duration_ms":420}
{"time":"2026-10-08T08:57:12.666216+08:00","level":"INFO","msg":"http request complete","request_id":"01a11903-a816-7ce0-a67e-43f5b0da81f4","method":"GET","status_code":200,"duration_ms":195}
{"time":"2026-10-08T08:57:12.669094+08:00","level":"INFO","msg":"http request complete","request_id":"01a11903-a8db-788f-bfe0-28680bcf79f0","method":"POST","status_code":409,"duration_ms":1}
{"time":"2026-10-08T08:57:12.693854+08:00","level":"INFO","msg":"http request complete","request_id":"01a11903-a8dd-7595-91d2-7db05e766f99","method":"POST","status_code":200,"duration_ms":24}
{"time":"2026-10-08T08:57:12.711158+08:00","level":"INFO","msg":"http request complete","request_id":"01a11903-a8f7-7ab6-9271-5c5fb09522ed","method":"POST","status_code":200,"duration_ms":15}
{"time":"2026-10-08T08:57:12.921653+08:00","level":"WARN","msg":"SP05 official observation unavailable","errorClass":"canceled"}
{"time":"2026-10-08T08:57:12.9217+08:00","level":"WARN","msg":"Graph ownership not ready","qualification":{"/v1/configmaps":"list_missing","/v1/events":"list_missing","/v1/nodes":"list_missing","/v1/persistentvolumeclaims":"list_missing","/v1/persistentvolumes":"list_missing","/v1/pods":"list_missing","/v1/services":"list_missing","apps/v1/daemonsets":"list_missing","apps/v1/deployments":"list_missing","apps/v1/replicasets":"list_missing","apps/v1/statefulsets":"list_missing","batch/v1/jobs":"list_missing","discovery.k8s.io/v1/endpointslices":"list_missing","storage.k8s.io/v1/csidrivers":"list_missing","storage.k8s.io/v1/csinodes":"list_missing","storage.k8s.io/v1/storageclasses":"list_missing","storage.k8s.io/v1/volumeattachments":"list_missing"}}
{"time":"2026-10-08T08:57:12.955316+08:00","level":"INFO","msg":"http request complete","request_id":"01a11903-a9da-70a7-8d6c-7214f81627dc","method":"POST","status_code":200,"duration_ms":33}
{"time":"2026-10-08T08:57:12.982236+08:00","level":"INFO","msg":"http request complete","request_id":"01a11903-a9fb-7b98-b362-3b2495ca3649","method":"POST","status_code":200,"duration_ms":26}
{"time":"2026-10-08T08:57:13.033498+08:00","level":"INFO","msg":"http request complete","request_id":"01a11903-aa3a-774b-ac07-2f17bbe75b67","method":"POST","status_code":200,"duration_ms":14}
{"time":"2026-10-08T08:57:13.062077+08:00","level":"INFO","msg":"http request complete","request_id":"01a11903-aa52-77fe-aa2d-386ccc301cc5","method":"POST","status_code":200,"duration_ms":19}
{"time":"2026-10-08T08:57:13.074611+08:00","level":"INFO","msg":"http request complete","request_id":"01a11903-aa66-76b6-a1b1-9860306c02e8","method":"POST","status_code":200,"duration_ms":12}
{"time":"2026-10-08T08:57:13.094419+08:00","level":"INFO","msg":"http request complete","request_id":"01a11903-aa73-7249-83b3-08f121d933d2","method":"POST","status_code":409,"duration_ms":19}
{"time":"2026-10-08T08:57:13.100962+08:00","level":"INFO","msg":"http request complete","request_id":"01a11903-aa8a-7a3d-bd89-c06bc5a5087f","method":"POST","status_code":403,"duration_ms":2}
{"time":"2026-10-08T08:57:13.138614+08:00","level":"INFO","msg":"http request complete","request_id":"01a11903-aa96-7ef8-b097-2d18f16a88b7","method":"POST","status_code":200,"duration_ms":27}
{"time":"2026-10-08T08:57:13.152635+08:00","level":"INFO","msg":"http request complete","request_id":"01a11903-aab2-7e77-b87a-13d857d92442","method":"POST","status_code":200,"duration_ms":13}
{"time":"2026-10-08T08:57:13.178735+08:00","level":"INFO","msg":"http request complete","request_id":"01a11903-aac4-7cf8-b6df-6db942eb3f12","method":"POST","status_code":409,"duration_ms":21}
{"time":"2026-10-08T08:57:13.193855+08:00","level":"INFO","msg":"http request complete","request_id":"01a11903-aadb-7616-8e03-239b80c17909","method":"POST","status_code":200,"duration_ms":14}
{"time":"2026-10-08T08:57:13.201308+08:00","level":"INFO","msg":"http request complete","request_id":"01a11903-aaea-70e2-b789-a5046d75c046","method":"POST","status_code":200,"duration_ms":7}
{"time":"2026-10-08T08:57:13.235375+08:00","level":"INFO","msg":"http request complete","request_id":"01a11903-aaf1-7d04-8ea2-505bdc5f8ffa","method":"POST","status_code":409,"duration_ms":33}
{"time":"2026-10-08T08:57:13.241991+08:00","level":"INFO","msg":"http request complete","request_id":"01a11903-ab15-7697-9056-0d89623aa836","method":"POST","status_code":403,"duration_ms":4}
{"time":"2026-10-08T08:57:13.25354+08:00","level":"INFO","msg":"http request complete","request_id":"01a11903-ab24-7822-b541-7f7eb99d6ad6","method":"POST","status_code":403,"duration_ms":0}
{"time":"2026-10-08T08:57:13.254611+08:00","level":"INFO","msg":"http request complete","request_id":"01a11903-ab25-7cbd-bb5a-b5c523a6232c","method":"POST","status_code":403,"duration_ms":0}
{"time":"2026-10-08T08:57:13.255586+08:00","level":"INFO","msg":"http request complete","request_id":"01a11903-ab26-7ccd-b228-84d83543e8fe","method":"POST","status_code":403,"duration_ms":0}
{"time":"2026-10-08T08:57:13.279565+08:00","level":"INFO","msg":"http request complete","request_id":"01a11903-ab3d-7e2c-a9df-dc4f3abf8aa3","method":"POST","status_code":403,"duration_ms":1}
2026/10/08 08:57:24 OK   00001_roles_and_schemas.sql (29.84ms)
2026/10/08 08:57:24 goose: successfully migrated database to version: 1
2026/10/08 08:57:24 OK   00002_platform_meta.sql (35.83ms)
2026/10/08 08:57:24 OK   00003_finding.sql (30.54ms)
2026/10/08 08:57:24 OK   00004_incident.sql (11.42ms)
2026/10/08 08:57:24 OK   00005_investigation.sql (10.19ms)
2026/10/08 08:57:24 OK   00006_action_command.sql (14.17ms)
2026/10/08 08:57:24 OK   00007_audit.sql (22.69ms)
2026/10/08 08:57:24 OK   00008_rls.sql (23.37ms)
2026/10/08 08:57:24 OK   00009_idempotency_ledger.sql (20.99ms)
2026/10/08 08:57:24 OK   00010_tenant_provisioning.sql (7.69ms)
2026/10/08 08:57:24 OK   00011_source_registration_history.sql (20.03ms)
2026/10/08 08:57:24 OK   00012_config_registry_lifecycle.sql (17.79ms)
2026/10/08 08:57:24 OK   00013_audit_signed_segments.sql (22.09ms)
2026/10/08 08:57:24 OK   00014_audit_segment_predecessors.sql (12.04ms)
2026/10/08 08:57:24 OK   00015_source_schema_scope.sql (8.34ms)
2026/10/08 08:57:24 OK   00016_cluster_registration_metadata.sql (4.76ms)
2026/10/08 08:57:24 OK   00017_source_data_scope.sql (5.86ms)
2026/10/08 08:57:24 OK   00018_sp04_resources_evidence.sql (44.4ms)
2026/10/08 08:57:24 OK   00019_sp04_archive_ciphertext_bytes.sql (5.34ms)
2026/10/08 08:57:24 OK   00020_sp04_request_ledger.sql (21.65ms)
2026/10/08 08:57:24 OK   00021_sp04_archive_protection.sql (46.71ms)
2026/10/08 08:57:24 OK   00022_sp04_legal_hold_dependencies.sql (6.5ms)
2026/10/08 08:57:24 OK   00023_sp04_archive_query_intent.sql (4.87ms)
2026/10/08 08:57:24 OK   00024_sp05_finding_incident.sql (58.18ms)
2026/10/08 08:57:24 OK   00025_sp05_incident_event_time.sql (11.11ms)
2026/10/08 08:57:24 OK   00026_sp05_source_binding_lock.sql (14.13ms)
2026/10/08 08:57:24 OK   00027_sp05_rca_and_poll.sql (25.03ms)
2026/10/08 08:57:24 OK   00028_sp05_operator_lock.sql (13.51ms)
2026/10/08 08:57:24 OK   00029_sp05_evidence_links.sql (12.79ms)
2026/10/08 08:57:24 OK   00030_sp05_recipe_fence.sql (6.4ms)
2026/10/08 08:57:24 OK   00031_sp05_rca_postcheck.sql (36.3ms)
2026/10/08 08:57:24 OK   00032_sp05_transport_audit.sql (5.36ms)
2026/10/08 08:57:24 OK   00033_sp05_poll_resolution_clock.sql (6.5ms)
2026/10/08 08:57:24 OK   00034_sp06_investigation_ledger.sql (43.06ms)
2026/10/08 08:57:24 OK   00035_sp06_admission_data_classes.sql (31.36ms)
2026/10/08 08:57:24 goose: successfully migrated database to version: 35
2026/10/08 08:57:27 OK   00001_roles_and_schemas.sql (10.21ms)
2026/10/08 08:57:27 goose: successfully migrated database to version: 1
2026/10/08 08:57:27 OK   00002_platform_meta.sql (22.21ms)
2026/10/08 08:57:27 OK   00003_finding.sql (13.77ms)
2026/10/08 08:57:27 OK   00004_incident.sql (13.49ms)
2026/10/08 08:57:27 OK   00005_investigation.sql (20.46ms)
2026/10/08 08:57:27 OK   00006_action_command.sql (11.15ms)
2026/10/08 08:57:27 OK   00007_audit.sql (13.78ms)
2026/10/08 08:57:27 OK   00008_rls.sql (18.81ms)
2026/10/08 08:57:27 OK   00009_idempotency_ledger.sql (15.66ms)
2026/10/08 08:57:27 OK   00010_tenant_provisioning.sql (9.37ms)
2026/10/08 08:57:27 OK   00011_source_registration_history.sql (10.48ms)
2026/10/08 08:57:27 OK   00012_config_registry_lifecycle.sql (13.85ms)
2026/10/08 08:57:27 OK   00013_audit_signed_segments.sql (29.33ms)
2026/10/08 08:57:27 OK   00014_audit_segment_predecessors.sql (20.87ms)
2026/10/08 08:57:27 OK   00015_source_schema_scope.sql (3.87ms)
2026/10/08 08:57:27 OK   00016_cluster_registration_metadata.sql (16.94ms)
2026/10/08 08:57:27 OK   00017_source_data_scope.sql (7.18ms)
2026/10/08 08:57:27 OK   00018_sp04_resources_evidence.sql (35.69ms)
2026/10/08 08:57:27 OK   00019_sp04_archive_ciphertext_bytes.sql (16.13ms)
2026/10/08 08:57:27 OK   00020_sp04_request_ledger.sql (7.96ms)
2026/10/08 08:57:27 OK   00021_sp04_archive_protection.sql (4.23ms)
2026/10/08 08:57:27 OK   00022_sp04_legal_hold_dependencies.sql (28.99ms)
2026/10/08 08:57:27 OK   00023_sp04_archive_query_intent.sql (4.73ms)
2026/10/08 08:57:27 OK   00024_sp05_finding_incident.sql (40.86ms)
2026/10/08 08:57:27 OK   00025_sp05_incident_event_time.sql (4.55ms)
2026/10/08 08:57:27 OK   00026_sp05_source_binding_lock.sql (3.42ms)
2026/10/08 08:57:27 OK   00027_sp05_rca_and_poll.sql (29.38ms)
2026/10/08 08:57:27 OK   00028_sp05_operator_lock.sql (5.31ms)
2026/10/08 08:57:27 OK   00029_sp05_evidence_links.sql (5.8ms)
2026/10/08 08:57:27 OK   00030_sp05_recipe_fence.sql (3.16ms)
2026/10/08 08:57:27 OK   00031_sp05_rca_postcheck.sql (2.43ms)
2026/10/08 08:57:27 OK   00032_sp05_transport_audit.sql (3.07ms)
2026/10/08 08:57:27 OK   00033_sp05_poll_resolution_clock.sql (6.23ms)
2026/10/08 08:57:27 OK   00034_sp06_investigation_ledger.sql (40.05ms)
2026/10/08 08:57:27 OK   00035_sp06_admission_data_classes.sql (7.49ms)
2026/10/08 08:57:27 goose: successfully migrated database to version: 35
--- FAIL: TestSP05ActualLinuxWorkerAuthorizedAnalyzerDurableChain (47.83s)
    archive_iam_test.go:42: owned TLS/IAM fixture image=docker.io/chrislusf/seaweedfs@sha256:d4cf67729aa8777e1a43a5b61d72e5b96179e4b7bac9a221cb14cbc2036cb32e id=7729a104bd8170e0641259617c33ce9fe05d18837064b721dfaf7ba8bb19d100 bucket=sp05-golden-8c553aaf tenants=1
    archive_iam_test.go:42: owned TLS/IAM fixture image=docker.io/chrislusf/seaweedfs@sha256:d4cf67729aa8777e1a43a5b61d72e5b96179e4b7bac9a221cb14cbc2036cb32e id=472e8b48127fcbcf5f82343ea79ed51abae8d73cf479663cc99d70caf427e12a bucket=sp05-native-worker-58c58af6 tenants=1
    sp05_native_worker_test.go:151: actual Linux Worker/Analyzer chain failed: phase=Failed sanitized={"time":"2026-10-08T00:57:50.004722455Z","level":"WARN","msg":"SP05 fixed Analyzer unavailable","errorClass":"*errors.errorString"}
        {"time":"2026-10-08T00:57:50.01052495Z","level":"WARN","msg":"SP05 official observation unavailable","errorClass":"canceled"}
        {"time":"2026-10-08T00:57:50.010503033Z","level":"WARN","msg":"SP05 durable reducer pass unavailable","errorClass":"canceled"}
        {"time":"2026-10-08T00:57:50.010594285Z","level":"WARN","msg":"Graph ownership not ready","qualification":{"/v1/configmaps":"list_missing","/v1/events":"list_missing","/v1/nodes":"list_missing","/v1/persistentvolumeclaims":"list_missing","/v1/persistentvolumes":"list_missing","/v1/pods":"list_missing","/v1/services":"list_missing","apps/v1/daemonsets":"list_missing","apps/v1/deployments":"list_missing","apps/v1/replicasets":"list_missing","apps/v1/statefulsets":"list_missing","batch/v1/jobs":"list_missing","discovery.k8s.io/v1/endpointslices":"list_missing","storage.k8s.io/v1/csidrivers":"list_missing","storage.k8s.io/v1/csinodes":"list_missing","storage.k8s.io/v1/storageclasses":"list_missing","storage.k8s.io/v1/volumeattachments":"list_missing"}}
        actual SP05 Worker verification failed: actual Worker startup rejected
    archive_iam_test.go:155: retained owned Archive fixture id=472e8b48127fcbcf5f82343ea79ed51abae8d73cf479663cc99d70caf427e12a label=cd3e0fa5-68de-47d7-9c5d-b94237d59db2 bucket=sp05-native-worker-58c58af6 private-material-directory=/Users/mssc/.local/state/ops/pre-sp07-20261004/protected-integration-r159/archive-iam-545157174; process stopped, no storage/identity deletion
    archive_iam_test.go:155: retained owned Archive fixture id=7729a104bd8170e0641259617c33ce9fe05d18837064b721dfaf7ba8bb19d100 label=ec032c65-74bb-4413-a8a3-74911bfb8ef4 bucket=sp05-golden-8c553aaf private-material-directory=/Users/mssc/.local/state/ops/pre-sp07-20261004/protected-integration-r159/archive-iam-2169861813; process stopped, no storage/identity deletion
    migrations_test.go:436: retained owned integration database=sp03_mig_c77c3ada53d34cc5932be409311dea86 test=TestSP05ActualLinuxWorkerAuthorizedAnalyzerDurableChain reason=audit.records; no automatic protected cleanup
2026/10/08 08:58:15 OK   00001_roles_and_schemas.sql (20.54ms)
2026/10/08 08:58:15 goose: successfully migrated database to version: 1
2026/10/08 08:58:15 OK   00002_platform_meta.sql (45.88ms)
2026/10/08 08:58:15 OK   00003_finding.sql (18.81ms)
2026/10/08 08:58:15 OK   00004_incident.sql (11.5ms)
2026/10/08 08:58:15 OK   00005_investigation.sql (11.79ms)
2026/10/08 08:58:15 OK   00006_action_command.sql (7.07ms)
2026/10/08 08:58:15 OK   00007_audit.sql (9.55ms)
2026/10/08 08:58:15 OK   00008_rls.sql (11.69ms)
2026/10/08 08:58:15 OK   00009_idempotency_ledger.sql (16.13ms)
2026/10/08 08:58:15 OK   00010_tenant_provisioning.sql (6.36ms)
2026/10/08 08:58:15 OK   00011_source_registration_history.sql (7.13ms)
2026/10/08 08:58:15 OK   00012_config_registry_lifecycle.sql (18.53ms)
2026/10/08 08:58:15 OK   00013_audit_signed_segments.sql (21.76ms)
2026/10/08 08:58:15 OK   00014_audit_segment_predecessors.sql (5.38ms)
2026/10/08 08:58:15 OK   00015_source_schema_scope.sql (4.53ms)
2026/10/08 08:58:15 OK   00016_cluster_registration_metadata.sql (12.43ms)
2026/10/08 08:58:15 OK   00017_source_data_scope.sql (6.36ms)
2026/10/08 08:58:15 OK   00018_sp04_resources_evidence.sql (18.23ms)
2026/10/08 08:58:15 OK   00019_sp04_archive_ciphertext_bytes.sql (5.72ms)
2026/10/08 08:58:15 OK   00020_sp04_request_ledger.sql (7.82ms)
2026/10/08 08:58:15 OK   00021_sp04_archive_protection.sql (5.4ms)
2026/10/08 08:58:15 OK   00022_sp04_legal_hold_dependencies.sql (4.77ms)
2026/10/08 08:58:15 OK   00023_sp04_archive_query_intent.sql (3.67ms)
2026/10/08 08:58:15 OK   00024_sp05_finding_incident.sql (37.65ms)
2026/10/08 08:58:15 OK   00025_sp05_incident_event_time.sql (3.24ms)
2026/10/08 08:58:15 OK   00026_sp05_source_binding_lock.sql (3.59ms)
2026/10/08 08:58:15 OK   00027_sp05_rca_and_poll.sql (24.78ms)
2026/10/08 08:58:15 OK   00028_sp05_operator_lock.sql (7.27ms)
2026/10/08 08:58:15 OK   00029_sp05_evidence_links.sql (6.33ms)
2026/10/08 08:58:15 OK   00030_sp05_recipe_fence.sql (3.03ms)
2026/10/08 08:58:15 OK   00031_sp05_rca_postcheck.sql (6.51ms)
2026/10/08 08:58:15 OK   00032_sp05_transport_audit.sql (7.6ms)
2026/10/08 08:58:15 OK   00033_sp05_poll_resolution_clock.sql (4.61ms)
2026/10/08 08:58:15 OK   00034_sp06_investigation_ledger.sql (46.58ms)
2026/10/08 08:58:15 OK   00035_sp06_admission_data_classes.sql (6.19ms)
2026/10/08 08:58:15 goose: successfully migrated database to version: 35
2026/10/08 08:58:46 OK   00001_roles_and_schemas.sql (20.68ms)
2026/10/08 08:58:46 goose: successfully migrated database to version: 1
2026/10/08 08:58:46 OK   00002_platform_meta.sql (47.25ms)
2026/10/08 08:58:46 OK   00003_finding.sql (10.93ms)
2026/10/08 08:58:46 OK   00004_incident.sql (63.29ms)
2026/10/08 08:58:46 OK   00005_investigation.sql (8.95ms)
2026/10/08 08:58:46 OK   00006_action_command.sql (23.94ms)
2026/10/08 08:58:46 OK   00007_audit.sql (24.9ms)
2026/10/08 08:58:46 OK   00008_rls.sql (12.94ms)
2026/10/08 08:58:46 OK   00009_idempotency_ledger.sql (20.33ms)
2026/10/08 08:58:46 OK   00010_tenant_provisioning.sql (11.09ms)
2026/10/08 08:58:46 OK   00011_source_registration_history.sql (16.36ms)
2026/10/08 08:58:46 OK   00012_config_registry_lifecycle.sql (9.1ms)
2026/10/08 08:58:46 OK   00013_audit_signed_segments.sql (12.83ms)
2026/10/08 08:58:47 OK   00014_audit_segment_predecessors.sql (13.52ms)
2026/10/08 08:58:47 OK   00015_source_schema_scope.sql (5.43ms)
2026/10/08 08:58:47 OK   00016_cluster_registration_metadata.sql (7.66ms)
2026/10/08 08:58:47 OK   00017_source_data_scope.sql (14.64ms)
2026/10/08 08:58:47 OK   00018_sp04_resources_evidence.sql (35.06ms)
2026/10/08 08:58:47 OK   00019_sp04_archive_ciphertext_bytes.sql (6.85ms)
2026/10/08 08:58:47 OK   00020_sp04_request_ledger.sql (5.78ms)
2026/10/08 08:58:47 OK   00021_sp04_archive_protection.sql (6.95ms)
2026/10/08 08:58:47 OK   00022_sp04_legal_hold_dependencies.sql (5.6ms)
2026/10/08 08:58:47 OK   00023_sp04_archive_query_intent.sql (3.95ms)
2026/10/08 08:58:47 OK   00024_sp05_finding_incident.sql (15.66ms)
2026/10/08 08:58:47 OK   00025_sp05_incident_event_time.sql (2.76ms)
2026/10/08 08:58:47 OK   00026_sp05_source_binding_lock.sql (2.64ms)
2026/10/08 08:58:47 OK   00027_sp05_rca_and_poll.sql (7.64ms)
2026/10/08 08:58:47 OK   00028_sp05_operator_lock.sql (10.06ms)
2026/10/08 08:58:47 OK   00029_sp05_evidence_links.sql (17.44ms)
2026/10/08 08:58:47 OK   00030_sp05_recipe_fence.sql (23.05ms)
2026/10/08 08:58:47 OK   00031_sp05_rca_postcheck.sql (4.54ms)
2026/10/08 08:58:47 OK   00032_sp05_transport_audit.sql (5.08ms)
2026/10/08 08:58:47 OK   00033_sp05_poll_resolution_clock.sql (11.4ms)
2026/10/08 08:58:47 OK   00034_sp06_investigation_ledger.sql (45.68ms)
2026/10/08 08:58:47 OK   00035_sp06_admission_data_classes.sql (4.85ms)
2026/10/08 08:58:47 goose: successfully migrated database to version: 35
2026/10/08 08:58:49 OK   00001_roles_and_schemas.sql (17ms)
2026/10/08 08:58:49 goose: successfully migrated database to version: 1
2026/10/08 08:58:50 OK   00002_platform_meta.sql (48.13ms)
2026/10/08 08:58:50 OK   00003_finding.sql (20.03ms)
2026/10/08 08:58:50 OK   00004_incident.sql (16.19ms)
2026/10/08 08:58:50 OK   00005_investigation.sql (27.18ms)
2026/10/08 08:58:50 OK   00006_action_command.sql (9.02ms)
2026/10/08 08:58:50 OK   00007_audit.sql (21.98ms)
2026/10/08 08:58:50 OK   00008_rls.sql (11.38ms)
2026/10/08 08:58:50 OK   00009_idempotency_ledger.sql (25.92ms)
2026/10/08 08:58:50 OK   00010_tenant_provisioning.sql (13.84ms)
2026/10/08 08:58:50 OK   00011_source_registration_history.sql (5.88ms)
2026/10/08 08:58:50 OK   00012_config_registry_lifecycle.sql (8.43ms)
2026/10/08 08:58:50 OK   00013_audit_signed_segments.sql (10.44ms)
2026/10/08 08:58:50 OK   00014_audit_segment_predecessors.sql (9.82ms)
2026/10/08 08:58:50 OK   00015_source_schema_scope.sql (8.21ms)
2026/10/08 08:58:50 OK   00016_cluster_registration_metadata.sql (9.98ms)
2026/10/08 08:58:50 OK   00017_source_data_scope.sql (5.94ms)
2026/10/08 08:58:50 OK   00018_sp04_resources_evidence.sql (21.12ms)
2026/10/08 08:58:50 OK   00019_sp04_archive_ciphertext_bytes.sql (11.32ms)
2026/10/08 08:58:50 OK   00020_sp04_request_ledger.sql (14.54ms)
2026/10/08 08:58:50 OK   00021_sp04_archive_protection.sql (4.3ms)
2026/10/08 08:58:50 OK   00022_sp04_legal_hold_dependencies.sql (3.27ms)
2026/10/08 08:58:50 OK   00023_sp04_archive_query_intent.sql (3.17ms)
2026/10/08 08:58:50 OK   00024_sp05_finding_incident.sql (32.07ms)
2026/10/08 08:58:50 OK   00025_sp05_incident_event_time.sql (7.86ms)
2026/10/08 08:58:50 OK   00026_sp05_source_binding_lock.sql (6.32ms)
2026/10/08 08:58:50 OK   00027_sp05_rca_and_poll.sql (19.32ms)
2026/10/08 08:58:50 OK   00028_sp05_operator_lock.sql (15.7ms)
2026/10/08 08:58:50 OK   00029_sp05_evidence_links.sql (8.83ms)
2026/10/08 08:58:50 OK   00030_sp05_recipe_fence.sql (6.26ms)
2026/10/08 08:58:50 OK   00031_sp05_rca_postcheck.sql (5.6ms)
2026/10/08 08:58:50 OK   00032_sp05_transport_audit.sql (4.17ms)
2026/10/08 08:58:50 OK   00033_sp05_poll_resolution_clock.sql (9.69ms)
2026/10/08 08:58:50 OK   00034_sp06_investigation_ledger.sql (26.38ms)
2026/10/08 08:58:50 OK   00035_sp06_admission_data_classes.sql (12.75ms)
2026/10/08 08:58:50 goose: successfully migrated database to version: 35
2026/10/08 08:58:50 OK   00001_roles_and_schemas.sql (23.7ms)
2026/10/08 08:58:50 goose: successfully migrated database to version: 1
2026/10/08 08:58:50 OK   00002_platform_meta.sql (42.68ms)
2026/10/08 08:58:50 OK   00003_finding.sql (17.49ms)
2026/10/08 08:58:50 OK   00004_incident.sql (17.41ms)
2026/10/08 08:58:50 OK   00005_investigation.sql (6.06ms)
2026/10/08 08:58:50 OK   00006_action_command.sql (10.93ms)
2026/10/08 08:58:50 OK   00007_audit.sql (19.65ms)
2026/10/08 08:58:50 OK   00008_rls.sql (12.83ms)
2026/10/08 08:58:50 OK   00009_idempotency_ledger.sql (21.31ms)
2026/10/08 08:58:50 OK   00010_tenant_provisioning.sql (20.8ms)
2026/10/08 08:58:50 OK   00011_source_registration_history.sql (9.11ms)
2026/10/08 08:58:50 OK   00012_config_registry_lifecycle.sql (21.29ms)
2026/10/08 08:58:51 OK   00013_audit_signed_segments.sql (29.04ms)
2026/10/08 08:58:51 OK   00014_audit_segment_predecessors.sql (9.41ms)
2026/10/08 08:58:51 OK   00015_source_schema_scope.sql (7.3ms)
2026/10/08 08:58:51 OK   00016_cluster_registration_metadata.sql (8.06ms)
2026/10/08 08:58:51 OK   00017_source_data_scope.sql (7.85ms)
2026/10/08 08:58:51 OK   00018_sp04_resources_evidence.sql (18.75ms)
2026/10/08 08:58:51 OK   00019_sp04_archive_ciphertext_bytes.sql (4.59ms)
2026/10/08 08:58:51 OK   00020_sp04_request_ledger.sql (9.68ms)
2026/10/08 08:58:51 OK   00021_sp04_archive_protection.sql (6.66ms)
2026/10/08 08:58:51 OK   00022_sp04_legal_hold_dependencies.sql (4.03ms)
2026/10/08 08:58:51 OK   00023_sp04_archive_query_intent.sql (3.55ms)
2026/10/08 08:58:51 OK   00024_sp05_finding_incident.sql (24.2ms)
2026/10/08 08:58:51 OK   00025_sp05_incident_event_time.sql (4.49ms)
2026/10/08 08:58:51 OK   00026_sp05_source_binding_lock.sql (5.66ms)
2026/10/08 08:58:51 OK   00027_sp05_rca_and_poll.sql (31.45ms)
2026/10/08 08:58:51 OK   00028_sp05_operator_lock.sql (7.46ms)
2026/10/08 08:58:51 OK   00029_sp05_evidence_links.sql (11.01ms)
2026/10/08 08:58:51 OK   00030_sp05_recipe_fence.sql (6.07ms)
2026/10/08 08:58:51 OK   00031_sp05_rca_postcheck.sql (4.93ms)
2026/10/08 08:58:51 OK   00032_sp05_transport_audit.sql (10.75ms)
2026/10/08 08:58:51 OK   00033_sp05_poll_resolution_clock.sql (8.68ms)
2026/10/08 08:58:51 OK   00034_sp06_investigation_ledger.sql (37.71ms)
2026/10/08 08:58:51 OK   00035_sp06_admission_data_classes.sql (4.3ms)
2026/10/08 08:58:51 goose: successfully migrated database to version: 35
2026/10/08 08:58:51 OK   00001_roles_and_schemas.sql (32.25ms)
2026/10/08 08:58:51 goose: successfully migrated database to version: 1
2026/10/08 08:58:51 OK   00002_platform_meta.sql (42.74ms)
2026/10/08 08:58:51 OK   00003_finding.sql (26.6ms)
2026/10/08 08:58:51 OK   00004_incident.sql (12.94ms)
2026/10/08 08:58:51 OK   00005_investigation.sql (6.91ms)
2026/10/08 08:58:51 OK   00006_action_command.sql (13.06ms)
2026/10/08 08:58:51 OK   00007_audit.sql (24.38ms)
2026/10/08 08:58:51 OK   00008_rls.sql (28.43ms)
2026/10/08 08:58:51 OK   00009_idempotency_ledger.sql (11.76ms)
2026/10/08 08:58:51 OK   00010_tenant_provisioning.sql (17.99ms)
2026/10/08 08:58:51 OK   00011_source_registration_history.sql (27.43ms)
2026/10/08 08:58:51 OK   00012_config_registry_lifecycle.sql (9.48ms)
2026/10/08 08:58:51 OK   00013_audit_signed_segments.sql (24.31ms)
2026/10/08 08:58:51 OK   00014_audit_segment_predecessors.sql (15.55ms)
2026/10/08 08:58:51 OK   00015_source_schema_scope.sql (3.29ms)
2026/10/08 08:58:52 OK   00016_cluster_registration_metadata.sql (5ms)
2026/10/08 08:58:52 OK   00017_source_data_scope.sql (7.35ms)
2026/10/08 08:58:52 OK   00018_sp04_resources_evidence.sql (25.62ms)
2026/10/08 08:58:52 OK   00019_sp04_archive_ciphertext_bytes.sql (7.52ms)
2026/10/08 08:58:52 OK   00020_sp04_request_ledger.sql (14.46ms)
2026/10/08 08:58:52 OK   00021_sp04_archive_protection.sql (5.37ms)
2026/10/08 08:58:52 OK   00022_sp04_legal_hold_dependencies.sql (8.99ms)
2026/10/08 08:58:52 OK   00023_sp04_archive_query_intent.sql (4.73ms)
2026/10/08 08:58:52 OK   00024_sp05_finding_incident.sql (37.39ms)
2026/10/08 08:58:52 OK   00025_sp05_incident_event_time.sql (4.7ms)
2026/10/08 08:58:52 OK   00026_sp05_source_binding_lock.sql (6.6ms)
2026/10/08 08:58:52 OK   00027_sp05_rca_and_poll.sql (14.59ms)
2026/10/08 08:58:52 OK   00028_sp05_operator_lock.sql (7.99ms)
2026/10/08 08:58:52 OK   00029_sp05_evidence_links.sql (11.12ms)
2026/10/08 08:58:52 OK   00030_sp05_recipe_fence.sql (5.8ms)
2026/10/08 08:58:52 OK   00031_sp05_rca_postcheck.sql (3.29ms)
2026/10/08 08:58:52 OK   00032_sp05_transport_audit.sql (4.95ms)
2026/10/08 08:58:52 OK   00033_sp05_poll_resolution_clock.sql (12.81ms)
2026/10/08 08:58:52 OK   00034_sp06_investigation_ledger.sql (48.87ms)
2026/10/08 08:58:52 OK   00035_sp06_admission_data_classes.sql (4.7ms)
2026/10/08 08:58:52 goose: successfully migrated database to version: 35
2026/10/08 08:58:52 OK   00001_roles_and_schemas.sql (12.1ms)
2026/10/08 08:58:52 goose: successfully migrated database to version: 1
2026/10/08 08:58:52 OK   00002_platform_meta.sql (28.75ms)
2026/10/08 08:58:52 OK   00003_finding.sql (25.3ms)
2026/10/08 08:58:52 OK   00004_incident.sql (24.88ms)
2026/10/08 08:58:52 OK   00005_investigation.sql (10.95ms)
2026/10/08 08:58:52 OK   00006_action_command.sql (13.4ms)
2026/10/08 08:58:52 OK   00007_audit.sql (10.75ms)
2026/10/08 08:58:52 OK   00008_rls.sql (23.6ms)
2026/10/08 08:58:52 OK   00009_idempotency_ledger.sql (8.22ms)
2026/10/08 08:58:52 OK   00010_tenant_provisioning.sql (9.32ms)
2026/10/08 08:58:52 OK   00011_source_registration_history.sql (12.93ms)
2026/10/08 08:58:52 OK   00012_config_registry_lifecycle.sql (20ms)
2026/10/08 08:58:52 OK   00013_audit_signed_segments.sql (22.45ms)
2026/10/08 08:58:52 OK   00014_audit_segment_predecessors.sql (12.86ms)
2026/10/08 08:58:52 OK   00015_source_schema_scope.sql (3.82ms)
2026/10/08 08:58:52 OK   00016_cluster_registration_metadata.sql (4.37ms)
2026/10/08 08:58:52 OK   00017_source_data_scope.sql (3.39ms)
2026/10/08 08:58:52 OK   00018_sp04_resources_evidence.sql (22.83ms)
2026/10/08 08:58:52 OK   00019_sp04_archive_ciphertext_bytes.sql (4.98ms)
2026/10/08 08:58:52 OK   00020_sp04_request_ledger.sql (9.59ms)
2026/10/08 08:58:52 OK   00021_sp04_archive_protection.sql (3.81ms)
2026/10/08 08:58:52 OK   00022_sp04_legal_hold_dependencies.sql (3.12ms)
2026/10/08 08:58:52 OK   00023_sp04_archive_query_intent.sql (3.53ms)
2026/10/08 08:58:52 OK   00024_sp05_finding_incident.sql (39.23ms)
2026/10/08 08:58:52 OK   00025_sp05_incident_event_time.sql (2.77ms)
2026/10/08 08:58:52 OK   00026_sp05_source_binding_lock.sql (4.31ms)
2026/10/08 08:58:52 OK   00027_sp05_rca_and_poll.sql (16.29ms)
2026/10/08 08:58:52 OK   00028_sp05_operator_lock.sql (6.07ms)
2026/10/08 08:58:52 OK   00029_sp05_evidence_links.sql (11.24ms)
2026/10/08 08:58:52 OK   00030_sp05_recipe_fence.sql (3.66ms)
2026/10/08 08:58:52 OK   00031_sp05_rca_postcheck.sql (3.05ms)
2026/10/08 08:58:52 OK   00032_sp05_transport_audit.sql (3.1ms)
2026/10/08 08:58:52 OK   00033_sp05_poll_resolution_clock.sql (10.23ms)
2026/10/08 08:58:53 OK   00034_sp06_investigation_ledger.sql (35.69ms)
2026/10/08 08:58:53 OK   00035_sp06_admission_data_classes.sql (7.33ms)
2026/10/08 08:58:53 goose: successfully migrated database to version: 35
2026/10/08 08:58:53 OK   00001_roles_and_schemas.sql (17.31ms)
2026/10/08 08:58:53 goose: successfully migrated database to version: 1
2026/10/08 08:58:53 OK   00002_platform_meta.sql (27.17ms)
2026/10/08 08:58:53 OK   00003_finding.sql (30.07ms)
2026/10/08 08:58:53 OK   00004_incident.sql (15.13ms)
2026/10/08 08:58:53 OK   00005_investigation.sql (28.56ms)
2026/10/08 08:58:53 OK   00006_action_command.sql (6.76ms)
2026/10/08 08:58:53 OK   00007_audit.sql (13.01ms)
2026/10/08 08:58:53 OK   00008_rls.sql (21.95ms)
2026/10/08 08:58:53 OK   00009_idempotency_ledger.sql (14.23ms)
2026/10/08 08:58:53 OK   00010_tenant_provisioning.sql (3.95ms)
2026/10/08 08:58:53 OK   00011_source_registration_history.sql (9.92ms)
2026/10/08 08:58:53 OK   00012_config_registry_lifecycle.sql (14.11ms)
2026/10/08 08:58:53 OK   00013_audit_signed_segments.sql (17.75ms)
2026/10/08 08:58:53 OK   00014_audit_segment_predecessors.sql (5.55ms)
2026/10/08 08:58:53 OK   00015_source_schema_scope.sql (18.66ms)
2026/10/08 08:58:53 OK   00016_cluster_registration_metadata.sql (10.84ms)
2026/10/08 08:58:53 OK   00017_source_data_scope.sql (4.5ms)
2026/10/08 08:58:53 OK   00018_sp04_resources_evidence.sql (34.03ms)
2026/10/08 08:58:53 OK   00019_sp04_archive_ciphertext_bytes.sql (3.81ms)
2026/10/08 08:58:53 OK   00020_sp04_request_ledger.sql (7.53ms)
2026/10/08 08:58:53 OK   00021_sp04_archive_protection.sql (12.98ms)
2026/10/08 08:58:53 OK   00022_sp04_legal_hold_dependencies.sql (4.52ms)
2026/10/08 08:58:53 OK   00023_sp04_archive_query_intent.sql (7.12ms)
2026/10/08 08:58:53 OK   00024_sp05_finding_incident.sql (27.87ms)
2026/10/08 08:58:53 OK   00025_sp05_incident_event_time.sql (10.81ms)
2026/10/08 08:58:53 OK   00026_sp05_source_binding_lock.sql (3.83ms)
2026/10/08 08:58:53 OK   00027_sp05_rca_and_poll.sql (17.56ms)
2026/10/08 08:58:53 OK   00028_sp05_operator_lock.sql (6.1ms)
2026/10/08 08:58:53 OK   00029_sp05_evidence_links.sql (13.16ms)
2026/10/08 08:58:53 OK   00030_sp05_recipe_fence.sql (3.67ms)
2026/10/08 08:58:53 OK   00031_sp05_rca_postcheck.sql (3.68ms)
2026/10/08 08:58:53 OK   00032_sp05_transport_audit.sql (3.04ms)
2026/10/08 08:58:53 OK   00033_sp05_poll_resolution_clock.sql (12.42ms)
2026/10/08 08:58:53 OK   00034_sp06_investigation_ledger.sql (30.11ms)
2026/10/08 08:58:53 OK   00035_sp06_admission_data_classes.sql (3.63ms)
2026/10/08 08:58:53 goose: successfully migrated database to version: 35
2026/10/08 08:58:54 OK   00001_roles_and_schemas.sql (10.58ms)
2026/10/08 08:58:54 goose: successfully migrated database to version: 1
2026/10/08 08:58:54 OK   00002_platform_meta.sql (51.18ms)
2026/10/08 08:58:54 OK   00003_finding.sql (19.39ms)
2026/10/08 08:58:54 OK   00004_incident.sql (34.78ms)
2026/10/08 08:58:54 OK   00005_investigation.sql (13.34ms)
2026/10/08 08:58:54 OK   00006_action_command.sql (25.13ms)
2026/10/08 08:58:54 OK   00007_audit.sql (24.82ms)
2026/10/08 08:58:54 OK   00008_rls.sql (13.26ms)
2026/10/08 08:58:54 OK   00009_idempotency_ledger.sql (10.33ms)
2026/10/08 08:58:54 OK   00010_tenant_provisioning.sql (6.21ms)
2026/10/08 08:58:54 OK   00011_source_registration_history.sql (15.18ms)
2026/10/08 08:58:54 OK   00012_config_registry_lifecycle.sql (20.1ms)
2026/10/08 08:58:54 OK   00013_audit_signed_segments.sql (32.09ms)
2026/10/08 08:58:54 OK   00014_audit_segment_predecessors.sql (4.86ms)
2026/10/08 08:58:54 OK   00015_source_schema_scope.sql (3.52ms)
2026/10/08 08:58:54 OK   00016_cluster_registration_metadata.sql (10.4ms)
2026/10/08 08:58:54 OK   00017_source_data_scope.sql (24.34ms)
2026/10/08 08:58:54 OK   00018_sp04_resources_evidence.sql (19.42ms)
2026/10/08 08:58:54 OK   00019_sp04_archive_ciphertext_bytes.sql (3.57ms)
2026/10/08 08:58:54 OK   00020_sp04_request_ledger.sql (17.38ms)
2026/10/08 08:58:54 OK   00021_sp04_archive_protection.sql (6.66ms)
2026/10/08 08:58:54 OK   00022_sp04_legal_hold_dependencies.sql (7.97ms)
2026/10/08 08:58:54 OK   00023_sp04_archive_query_intent.sql (4.46ms)
2026/10/08 08:58:54 OK   00024_sp05_finding_incident.sql (23.75ms)
2026/10/08 08:58:54 OK   00025_sp05_incident_event_time.sql (6.61ms)
2026/10/08 08:58:54 OK   00026_sp05_source_binding_lock.sql (5.45ms)
2026/10/08 08:58:54 OK   00027_sp05_rca_and_poll.sql (19.66ms)
2026/10/08 08:58:54 OK   00028_sp05_operator_lock.sql (8.25ms)
2026/10/08 08:58:54 OK   00029_sp05_evidence_links.sql (7.62ms)
2026/10/08 08:58:54 OK   00030_sp05_recipe_fence.sql (5.46ms)
2026/10/08 08:58:54 OK   00031_sp05_rca_postcheck.sql (3.87ms)
2026/10/08 08:58:54 OK   00032_sp05_transport_audit.sql (5.01ms)
2026/10/08 08:58:54 OK   00033_sp05_poll_resolution_clock.sql (9.99ms)
2026/10/08 08:58:54 OK   00034_sp06_investigation_ledger.sql (32.34ms)
2026/10/08 08:58:54 OK   00035_sp06_admission_data_classes.sql (8.1ms)
2026/10/08 08:58:54 goose: successfully migrated database to version: 35
2026/10/08 08:59:26 OK   00001_roles_and_schemas.sql (20.73ms)
2026/10/08 08:59:26 goose: successfully migrated database to version: 1
2026/10/08 08:59:26 OK   00002_platform_meta.sql (23.25ms)
2026/10/08 08:59:26 OK   00003_finding.sql (22.7ms)
2026/10/08 08:59:26 OK   00004_incident.sql (7.54ms)
2026/10/08 08:59:26 OK   00005_investigation.sql (6.72ms)
2026/10/08 08:59:26 OK   00006_action_command.sql (5.51ms)
2026/10/08 08:59:26 OK   00007_audit.sql (20.87ms)
2026/10/08 08:59:26 OK   00008_rls.sql (18.39ms)
2026/10/08 08:59:26 OK   00009_idempotency_ledger.sql (17.9ms)
2026/10/08 08:59:26 OK   00010_tenant_provisioning.sql (15.5ms)
2026/10/08 08:59:26 OK   00011_source_registration_history.sql (11.71ms)
2026/10/08 08:59:26 OK   00012_config_registry_lifecycle.sql (24.75ms)
2026/10/08 08:59:26 OK   00013_audit_signed_segments.sql (26.85ms)
2026/10/08 08:59:26 OK   00014_audit_segment_predecessors.sql (7.48ms)
2026/10/08 08:59:26 OK   00015_source_schema_scope.sql (5.67ms)
2026/10/08 08:59:26 OK   00016_cluster_registration_metadata.sql (10.49ms)
2026/10/08 08:59:26 OK   00017_source_data_scope.sql (10.44ms)
2026/10/08 08:59:26 OK   00018_sp04_resources_evidence.sql (23.55ms)
2026/10/08 08:59:26 OK   00019_sp04_archive_ciphertext_bytes.sql (11.78ms)
2026/10/08 08:59:26 OK   00020_sp04_request_ledger.sql (6.36ms)
2026/10/08 08:59:26 OK   00021_sp04_archive_protection.sql (3.76ms)
2026/10/08 08:59:26 OK   00022_sp04_legal_hold_dependencies.sql (3.36ms)
2026/10/08 08:59:26 OK   00023_sp04_archive_query_intent.sql (3.48ms)
2026/10/08 08:59:26 OK   00024_sp05_finding_incident.sql (36.9ms)
2026/10/08 08:59:26 OK   00025_sp05_incident_event_time.sql (4.39ms)
2026/10/08 08:59:26 OK   00026_sp05_source_binding_lock.sql (9.19ms)
2026/10/08 08:59:26 OK   00027_sp05_rca_and_poll.sql (22.43ms)
2026/10/08 08:59:26 OK   00028_sp05_operator_lock.sql (3.66ms)
2026/10/08 08:59:26 OK   00029_sp05_evidence_links.sql (5.13ms)
2026/10/08 08:59:26 OK   00030_sp05_recipe_fence.sql (28.09ms)
2026/10/08 08:59:26 OK   00031_sp05_rca_postcheck.sql (3.18ms)
2026/10/08 08:59:26 OK   00032_sp05_transport_audit.sql (10.06ms)
2026/10/08 08:59:26 OK   00033_sp05_poll_resolution_clock.sql (8.93ms)
2026/10/08 08:59:26 OK   00034_sp06_investigation_ledger.sql (24.48ms)
2026/10/08 08:59:26 OK   00035_sp06_admission_data_classes.sql (9.85ms)
2026/10/08 08:59:26 goose: successfully migrated database to version: 35
2026/10/08 08:59:27 OK   00001_roles_and_schemas.sql (14.07ms)
2026/10/08 08:59:27 goose: successfully migrated database to version: 1
2026/10/08 08:59:27 OK   00002_platform_meta.sql (50.61ms)
2026/10/08 08:59:27 OK   00003_finding.sql (61.66ms)
2026/10/08 08:59:27 OK   00004_incident.sql (6.75ms)
2026/10/08 08:59:27 OK   00005_investigation.sql (25.95ms)
2026/10/08 08:59:27 OK   00006_action_command.sql (9.54ms)
2026/10/08 08:59:27 OK   00007_audit.sql (35.84ms)
2026/10/08 08:59:27 OK   00008_rls.sql (36.81ms)
2026/10/08 08:59:27 OK   00009_idempotency_ledger.sql (13.29ms)
2026/10/08 08:59:27 OK   00010_tenant_provisioning.sql (19.59ms)
2026/10/08 08:59:27 OK   00011_source_registration_history.sql (16.9ms)
2026/10/08 08:59:27 OK   00012_config_registry_lifecycle.sql (23.34ms)
2026/10/08 08:59:27 OK   00013_audit_signed_segments.sql (39.04ms)
2026/10/08 08:59:27 OK   00014_audit_segment_predecessors.sql (7.67ms)
2026/10/08 08:59:27 OK   00015_source_schema_scope.sql (17.07ms)
2026/10/08 08:59:27 OK   00016_cluster_registration_metadata.sql (15.71ms)
2026/10/08 08:59:27 OK   00017_source_data_scope.sql (4.72ms)
2026/10/08 08:59:27 OK   00018_sp04_resources_evidence.sql (16.48ms)
2026/10/08 08:59:27 OK   00019_sp04_archive_ciphertext_bytes.sql (10.95ms)
2026/10/08 08:59:27 OK   00020_sp04_request_ledger.sql (12.65ms)
2026/10/08 08:59:27 OK   00021_sp04_archive_protection.sql (8.34ms)
2026/10/08 08:59:27 OK   00022_sp04_legal_hold_dependencies.sql (3.68ms)
2026/10/08 08:59:27 OK   00023_sp04_archive_query_intent.sql (4.16ms)
2026/10/08 08:59:27 OK   00024_sp05_finding_incident.sql (44.84ms)
2026/10/08 08:59:27 OK   00025_sp05_incident_event_time.sql (3.73ms)
2026/10/08 08:59:27 OK   00026_sp05_source_binding_lock.sql (7.99ms)
2026/10/08 08:59:27 OK   00027_sp05_rca_and_poll.sql (13.03ms)
2026/10/08 08:59:27 OK   00028_sp05_operator_lock.sql (10.24ms)
2026/10/08 08:59:27 OK   00029_sp05_evidence_links.sql (13.49ms)
2026/10/08 08:59:27 OK   00030_sp05_recipe_fence.sql (3.42ms)
2026/10/08 08:59:27 OK   00031_sp05_rca_postcheck.sql (13ms)
2026/10/08 08:59:27 OK   00032_sp05_transport_audit.sql (9.77ms)
2026/10/08 08:59:27 OK   00033_sp05_poll_resolution_clock.sql (8.95ms)
2026/10/08 08:59:27 OK   00034_sp06_investigation_ledger.sql (26.03ms)
2026/10/08 08:59:27 OK   00035_sp06_admission_data_classes.sql (8.73ms)
2026/10/08 08:59:27 goose: successfully migrated database to version: 35
2026/10/08 08:59:29 OK   00001_roles_and_schemas.sql (15.52ms)
2026/10/08 08:59:29 goose: successfully migrated database to version: 1
2026/10/08 08:59:29 OK   00002_platform_meta.sql (55.7ms)
2026/10/08 08:59:29 OK   00003_finding.sql (23.64ms)
2026/10/08 08:59:29 OK   00004_incident.sql (17.15ms)
2026/10/08 08:59:29 OK   00005_investigation.sql (31.81ms)
2026/10/08 08:59:29 OK   00006_action_command.sql (11.97ms)
2026/10/08 08:59:29 OK   00007_audit.sql (26.52ms)
2026/10/08 08:59:30 OK   00008_rls.sql (24.13ms)
2026/10/08 08:59:30 OK   00009_idempotency_ledger.sql (14.87ms)
2026/10/08 08:59:30 OK   00010_tenant_provisioning.sql (21.98ms)
2026/10/08 08:59:30 OK   00011_source_registration_history.sql (30.21ms)
2026/10/08 08:59:30 OK   00012_config_registry_lifecycle.sql (56.44ms)
2026/10/08 08:59:30 OK   00013_audit_signed_segments.sql (11.95ms)
2026/10/08 08:59:30 OK   00014_audit_segment_predecessors.sql (14.22ms)
2026/10/08 08:59:30 OK   00015_source_schema_scope.sql (3.66ms)
2026/10/08 08:59:30 OK   00016_cluster_registration_metadata.sql (7.67ms)
2026/10/08 08:59:30 OK   00017_source_data_scope.sql (5.75ms)
2026/10/08 08:59:30 OK   00018_sp04_resources_evidence.sql (20.76ms)
2026/10/08 08:59:30 OK   00019_sp04_archive_ciphertext_bytes.sql (5.12ms)
2026/10/08 08:59:30 OK   00020_sp04_request_ledger.sql (13.84ms)
2026/10/08 08:59:30 OK   00021_sp04_archive_protection.sql (12.15ms)
2026/10/08 08:59:30 OK   00022_sp04_legal_hold_dependencies.sql (3.86ms)
2026/10/08 08:59:30 OK   00023_sp04_archive_query_intent.sql (4.68ms)
2026/10/08 08:59:30 OK   00024_sp05_finding_incident.sql (24.59ms)
2026/10/08 08:59:30 OK   00025_sp05_incident_event_time.sql (7.24ms)
2026/10/08 08:59:30 OK   00026_sp05_source_binding_lock.sql (6.77ms)
2026/10/08 08:59:30 OK   00027_sp05_rca_and_poll.sql (6.89ms)
2026/10/08 08:59:30 OK   00028_sp05_operator_lock.sql (3.79ms)
2026/10/08 08:59:30 OK   00029_sp05_evidence_links.sql (8.79ms)
2026/10/08 08:59:30 OK   00030_sp05_recipe_fence.sql (5.28ms)
2026/10/08 08:59:30 OK   00031_sp05_rca_postcheck.sql (7.99ms)
2026/10/08 08:59:30 OK   00032_sp05_transport_audit.sql (8.08ms)
2026/10/08 08:59:30 OK   00033_sp05_poll_resolution_clock.sql (5.74ms)
2026/10/08 08:59:30 OK   00034_sp06_investigation_ledger.sql (25.76ms)
2026/10/08 08:59:30 OK   00035_sp06_admission_data_classes.sql (6.64ms)
2026/10/08 08:59:30 goose: successfully migrated database to version: 35
2026/10/08 08:59:31 OK   00001_roles_and_schemas.sql (23.53ms)
2026/10/08 08:59:31 goose: successfully migrated database to version: 1
2026/10/08 08:59:31 OK   00002_platform_meta.sql (45.46ms)
2026/10/08 08:59:31 OK   00003_finding.sql (12.4ms)
2026/10/08 08:59:31 OK   00004_incident.sql (26.42ms)
2026/10/08 08:59:31 OK   00005_investigation.sql (7.62ms)
2026/10/08 08:59:31 OK   00006_action_command.sql (7.33ms)
2026/10/08 08:59:31 OK   00007_audit.sql (27.81ms)
2026/10/08 08:59:31 OK   00008_rls.sql (9.04ms)
2026/10/08 08:59:31 OK   00009_idempotency_ledger.sql (10.72ms)
2026/10/08 08:59:31 OK   00010_tenant_provisioning.sql (12.3ms)
2026/10/08 08:59:31 OK   00011_source_registration_history.sql (15.68ms)
2026/10/08 08:59:31 OK   00012_config_registry_lifecycle.sql (26.3ms)
2026/10/08 08:59:31 OK   00013_audit_signed_segments.sql (18.28ms)
2026/10/08 08:59:31 OK   00014_audit_segment_predecessors.sql (6.6ms)
2026/10/08 08:59:31 OK   00015_source_schema_scope.sql (3.02ms)
2026/10/08 08:59:31 OK   00016_cluster_registration_metadata.sql (4.23ms)
2026/10/08 08:59:31 OK   00017_source_data_scope.sql (8.64ms)
2026/10/08 08:59:31 OK   00018_sp04_resources_evidence.sql (23.63ms)
2026/10/08 08:59:31 OK   00019_sp04_archive_ciphertext_bytes.sql (7.44ms)
2026/10/08 08:59:31 OK   00020_sp04_request_ledger.sql (5.17ms)
2026/10/08 08:59:31 OK   00021_sp04_archive_protection.sql (5.4ms)
2026/10/08 08:59:31 OK   00022_sp04_legal_hold_dependencies.sql (5.36ms)
2026/10/08 08:59:31 OK   00023_sp04_archive_query_intent.sql (4.71ms)
2026/10/08 08:59:31 OK   00024_sp05_finding_incident.sql (36.67ms)
2026/10/08 08:59:31 OK   00025_sp05_incident_event_time.sql (3.2ms)
2026/10/08 08:59:31 OK   00026_sp05_source_binding_lock.sql (3.72ms)
2026/10/08 08:59:31 OK   00027_sp05_rca_and_poll.sql (9.99ms)
2026/10/08 08:59:31 OK   00028_sp05_operator_lock.sql (6.35ms)
2026/10/08 08:59:31 OK   00029_sp05_evidence_links.sql (10.6ms)
2026/10/08 08:59:31 OK   00030_sp05_recipe_fence.sql (5.23ms)
2026/10/08 08:59:31 OK   00031_sp05_rca_postcheck.sql (5.3ms)
2026/10/08 08:59:31 OK   00032_sp05_transport_audit.sql (3.17ms)
2026/10/08 08:59:31 OK   00033_sp05_poll_resolution_clock.sql (5.76ms)
2026/10/08 08:59:31 OK   00034_sp06_investigation_ledger.sql (43.46ms)
2026/10/08 08:59:31 OK   00035_sp06_admission_data_classes.sql (5.88ms)
2026/10/08 08:59:31 goose: successfully migrated database to version: 35
2026/10/08 08:59:33 OK   00001_roles_and_schemas.sql (22.63ms)
2026/10/08 08:59:33 goose: successfully migrated database to version: 1
2026/10/08 08:59:34 OK   00002_platform_meta.sql (81.9ms)
2026/10/08 08:59:34 OK   00003_finding.sql (21.39ms)
2026/10/08 08:59:34 OK   00004_incident.sql (23.04ms)
2026/10/08 08:59:34 OK   00005_investigation.sql (21.59ms)
2026/10/08 08:59:34 OK   00006_action_command.sql (9.4ms)
2026/10/08 08:59:34 OK   00007_audit.sql (36.2ms)
2026/10/08 08:59:34 OK   00008_rls.sql (13.13ms)
2026/10/08 08:59:34 OK   00009_idempotency_ledger.sql (18.53ms)
2026/10/08 08:59:34 OK   00010_tenant_provisioning.sql (21.86ms)
2026/10/08 08:59:34 OK   00011_source_registration_history.sql (13.53ms)
2026/10/08 08:59:34 OK   00012_config_registry_lifecycle.sql (10.06ms)
2026/10/08 08:59:34 OK   00013_audit_signed_segments.sql (16.74ms)
2026/10/08 08:59:34 OK   00014_audit_segment_predecessors.sql (10.21ms)
2026/10/08 08:59:34 OK   00015_source_schema_scope.sql (4.15ms)
2026/10/08 08:59:34 OK   00016_cluster_registration_metadata.sql (4.95ms)
2026/10/08 08:59:34 OK   00017_source_data_scope.sql (4.37ms)
2026/10/08 08:59:34 OK   00018_sp04_resources_evidence.sql (14.44ms)
2026/10/08 08:59:34 OK   00019_sp04_archive_ciphertext_bytes.sql (6.62ms)
2026/10/08 08:59:34 OK   00020_sp04_request_ledger.sql (9.93ms)
2026/10/08 08:59:34 OK   00021_sp04_archive_protection.sql (6.01ms)
2026/10/08 08:59:34 OK   00022_sp04_legal_hold_dependencies.sql (3.91ms)
2026/10/08 08:59:34 OK   00023_sp04_archive_query_intent.sql (4.59ms)
2026/10/08 08:59:34 OK   00024_sp05_finding_incident.sql (43.14ms)
2026/10/08 08:59:34 OK   00025_sp05_incident_event_time.sql (4.51ms)
2026/10/08 08:59:34 OK   00026_sp05_source_binding_lock.sql (4.17ms)
2026/10/08 08:59:34 OK   00027_sp05_rca_and_poll.sql (17.55ms)
2026/10/08 08:59:34 OK   00028_sp05_operator_lock.sql (7.6ms)
2026/10/08 08:59:34 OK   00029_sp05_evidence_links.sql (12.14ms)
2026/10/08 08:59:34 OK   00030_sp05_recipe_fence.sql (9.89ms)
2026/10/08 08:59:34 OK   00031_sp05_rca_postcheck.sql (5.7ms)
2026/10/08 08:59:34 OK   00032_sp05_transport_audit.sql (12.37ms)
2026/10/08 08:59:34 OK   00033_sp05_poll_resolution_clock.sql (5.99ms)
2026/10/08 08:59:34 OK   00034_sp06_investigation_ledger.sql (41.8ms)
2026/10/08 08:59:34 OK   00035_sp06_admission_data_classes.sql (6.99ms)
2026/10/08 08:59:34 goose: successfully migrated database to version: 35
2026/10/08 08:59:53 OK   00001_roles_and_schemas.sql (32.5ms)
2026/10/08 08:59:53 goose: successfully migrated database to version: 1
2026/10/08 08:59:53 OK   00002_platform_meta.sql (29.84ms)
2026/10/08 08:59:53 OK   00003_finding.sql (27.18ms)
2026/10/08 08:59:53 OK   00004_incident.sql (18.46ms)
2026/10/08 08:59:53 OK   00005_investigation.sql (18.19ms)
2026/10/08 08:59:53 OK   00006_action_command.sql (15.3ms)
2026/10/08 08:59:53 OK   00007_audit.sql (17.74ms)
2026/10/08 08:59:53 OK   00008_rls.sql (19.07ms)
2026/10/08 08:59:53 OK   00009_idempotency_ledger.sql (17.14ms)
2026/10/08 08:59:53 OK   00010_tenant_provisioning.sql (8.67ms)
2026/10/08 08:59:53 OK   00011_source_registration_history.sql (8.04ms)
2026/10/08 08:59:53 OK   00012_config_registry_lifecycle.sql (19.69ms)
2026/10/08 08:59:53 OK   00013_audit_signed_segments.sql (25.07ms)
2026/10/08 08:59:53 OK   00014_audit_segment_predecessors.sql (14.14ms)
2026/10/08 08:59:53 OK   00015_source_schema_scope.sql (9.92ms)
2026/10/08 08:59:53 OK   00016_cluster_registration_metadata.sql (8.19ms)
2026/10/08 08:59:53 OK   00017_source_data_scope.sql (8.07ms)
2026/10/08 08:59:53 OK   00018_sp04_resources_evidence.sql (21.56ms)
2026/10/08 08:59:53 OK   00019_sp04_archive_ciphertext_bytes.sql (6.31ms)
2026/10/08 08:59:53 OK   00020_sp04_request_ledger.sql (16.21ms)
2026/10/08 08:59:53 OK   00021_sp04_archive_protection.sql (4.82ms)
2026/10/08 08:59:53 OK   00022_sp04_legal_hold_dependencies.sql (2.85ms)
2026/10/08 08:59:53 OK   00023_sp04_archive_query_intent.sql (8.36ms)
2026/10/08 08:59:53 OK   00024_sp05_finding_incident.sql (28.29ms)
2026/10/08 08:59:53 OK   00025_sp05_incident_event_time.sql (3.41ms)
2026/10/08 08:59:53 OK   00026_sp05_source_binding_lock.sql (4.03ms)
2026/10/08 08:59:53 OK   00027_sp05_rca_and_poll.sql (17.08ms)
2026/10/08 08:59:53 OK   00028_sp05_operator_lock.sql (4.66ms)
2026/10/08 08:59:53 OK   00029_sp05_evidence_links.sql (6.35ms)
2026/10/08 08:59:53 OK   00030_sp05_recipe_fence.sql (6.06ms)
2026/10/08 08:59:53 OK   00031_sp05_rca_postcheck.sql (3.79ms)
2026/10/08 08:59:53 OK   00032_sp05_transport_audit.sql (3.69ms)
2026/10/08 08:59:53 OK   00033_sp05_poll_resolution_clock.sql (3.59ms)
2026/10/08 08:59:53 OK   00034_sp06_investigation_ledger.sql (39.11ms)
2026/10/08 08:59:53 OK   00035_sp06_admission_data_classes.sql (3.39ms)
2026/10/08 08:59:53 goose: successfully migrated database to version: 35
2026/10/08 08:59:54 OK   00001_roles_and_schemas.sql (23.32ms)
2026/10/08 08:59:54 goose: successfully migrated database to version: 1
2026/10/08 08:59:55 OK   00002_platform_meta.sql (38.47ms)
2026/10/08 08:59:55 OK   00003_finding.sql (34.44ms)
2026/10/08 08:59:55 OK   00004_incident.sql (12.28ms)
2026/10/08 08:59:55 OK   00005_investigation.sql (8.61ms)
2026/10/08 08:59:55 OK   00006_action_command.sql (5.61ms)
2026/10/08 08:59:55 OK   00007_audit.sql (27.16ms)
2026/10/08 08:59:55 OK   00008_rls.sql (25.7ms)
2026/10/08 08:59:55 OK   00009_idempotency_ledger.sql (10.13ms)
2026/10/08 08:59:55 OK   00010_tenant_provisioning.sql (7.4ms)
2026/10/08 08:59:55 OK   00011_source_registration_history.sql (19.57ms)
2026/10/08 08:59:55 OK   00012_config_registry_lifecycle.sql (12.11ms)
2026/10/08 08:59:55 OK   00013_audit_signed_segments.sql (29.3ms)
2026/10/08 08:59:55 OK   00014_audit_segment_predecessors.sql (16.04ms)
2026/10/08 08:59:55 OK   00015_source_schema_scope.sql (5.07ms)
2026/10/08 08:59:55 OK   00016_cluster_registration_metadata.sql (4.11ms)
2026/10/08 08:59:55 OK   00017_source_data_scope.sql (4.56ms)
2026/10/08 08:59:55 OK   00018_sp04_resources_evidence.sql (16.4ms)
2026/10/08 08:59:55 OK   00019_sp04_archive_ciphertext_bytes.sql (4.99ms)
2026/10/08 08:59:55 OK   00020_sp04_request_ledger.sql (16.12ms)
2026/10/08 08:59:55 OK   00021_sp04_archive_protection.sql (5.17ms)
2026/10/08 08:59:55 OK   00022_sp04_legal_hold_dependencies.sql (7.1ms)
2026/10/08 08:59:55 OK   00023_sp04_archive_query_intent.sql (4.35ms)
2026/10/08 08:59:55 OK   00024_sp05_finding_incident.sql (33.76ms)
2026/10/08 08:59:55 OK   00025_sp05_incident_event_time.sql (18.44ms)
2026/10/08 08:59:55 OK   00026_sp05_source_binding_lock.sql (14.52ms)
2026/10/08 08:59:55 OK   00027_sp05_rca_and_poll.sql (11.83ms)
2026/10/08 08:59:55 OK   00028_sp05_operator_lock.sql (13.99ms)
2026/10/08 08:59:55 OK   00029_sp05_evidence_links.sql (9.5ms)
2026/10/08 08:59:55 OK   00030_sp05_recipe_fence.sql (4.17ms)
2026/10/08 08:59:55 OK   00031_sp05_rca_postcheck.sql (3.21ms)
2026/10/08 08:59:55 OK   00032_sp05_transport_audit.sql (3.03ms)
2026/10/08 08:59:55 OK   00033_sp05_poll_resolution_clock.sql (3.2ms)
2026/10/08 08:59:55 OK   00034_sp06_investigation_ledger.sql (46.11ms)
2026/10/08 08:59:55 OK   00035_sp06_admission_data_classes.sql (3.46ms)
2026/10/08 08:59:55 goose: successfully migrated database to version: 35
2026/10/08 08:59:55 OK   00001_roles_and_schemas.sql (16.37ms)
2026/10/08 08:59:55 goose: successfully migrated database to version: 1
2026/10/08 08:59:55 OK   00002_platform_meta.sql (52.12ms)
2026/10/08 08:59:55 OK   00003_finding.sql (21.76ms)
2026/10/08 08:59:55 OK   00004_incident.sql (24.97ms)
2026/10/08 08:59:55 OK   00005_investigation.sql (17.71ms)
2026/10/08 08:59:55 OK   00006_action_command.sql (16.85ms)
2026/10/08 08:59:55 OK   00007_audit.sql (18.6ms)
2026/10/08 08:59:55 OK   00008_rls.sql (9.25ms)
2026/10/08 08:59:56 OK   00009_idempotency_ledger.sql (29.83ms)
2026/10/08 08:59:56 OK   00010_tenant_provisioning.sql (9.67ms)
2026/10/08 08:59:56 OK   00011_source_registration_history.sql (10.87ms)
2026/10/08 08:59:56 OK   00012_config_registry_lifecycle.sql (22.86ms)
2026/10/08 08:59:56 OK   00013_audit_signed_segments.sql (37.54ms)
2026/10/08 08:59:56 OK   00014_audit_segment_predecessors.sql (18.79ms)
2026/10/08 08:59:56 OK   00015_source_schema_scope.sql (3.9ms)
2026/10/08 08:59:56 OK   00016_cluster_registration_metadata.sql (7.65ms)
2026/10/08 08:59:56 OK   00017_source_data_scope.sql (8.94ms)
2026/10/08 08:59:56 OK   00018_sp04_resources_evidence.sql (27.04ms)
2026/10/08 08:59:56 OK   00019_sp04_archive_ciphertext_bytes.sql (5.26ms)
2026/10/08 08:59:56 OK   00020_sp04_request_ledger.sql (3.54ms)
2026/10/08 08:59:56 OK   00021_sp04_archive_protection.sql (23.42ms)
2026/10/08 08:59:56 OK   00022_sp04_legal_hold_dependencies.sql (15.33ms)
2026/10/08 08:59:56 OK   00023_sp04_archive_query_intent.sql (4.98ms)
2026/10/08 08:59:56 OK   00024_sp05_finding_incident.sql (45.35ms)
2026/10/08 08:59:56 OK   00025_sp05_incident_event_time.sql (4.26ms)
2026/10/08 08:59:56 OK   00026_sp05_source_binding_lock.sql (3.86ms)
2026/10/08 08:59:56 OK   00027_sp05_rca_and_poll.sql (33.64ms)
2026/10/08 08:59:56 OK   00028_sp05_operator_lock.sql (5.69ms)
2026/10/08 08:59:56 OK   00029_sp05_evidence_links.sql (14.33ms)
2026/10/08 08:59:56 OK   00030_sp05_recipe_fence.sql (10.14ms)
2026/10/08 08:59:56 OK   00031_sp05_rca_postcheck.sql (7.53ms)
2026/10/08 08:59:56 OK   00032_sp05_transport_audit.sql (3.4ms)
2026/10/08 08:59:56 OK   00033_sp05_poll_resolution_clock.sql (4.8ms)
2026/10/08 08:59:56 OK   00034_sp06_investigation_ledger.sql (24.76ms)
2026/10/08 08:59:56 OK   00035_sp06_admission_data_classes.sql (13.66ms)
2026/10/08 08:59:56 goose: successfully migrated database to version: 35
2026/10/08 09:00:12 OK   00001_roles_and_schemas.sql (18.84ms)
2026/10/08 09:00:12 goose: successfully migrated database to version: 1
2026/10/08 09:00:12 OK   00002_platform_meta.sql (63.96ms)
2026/10/08 09:00:12 OK   00003_finding.sql (11.78ms)
2026/10/08 09:00:12 OK   00004_incident.sql (32.76ms)
2026/10/08 09:00:12 OK   00005_investigation.sql (6.66ms)
2026/10/08 09:00:12 OK   00006_action_command.sql (21.01ms)
2026/10/08 09:00:12 OK   00007_audit.sql (30.2ms)
2026/10/08 09:00:12 OK   00008_rls.sql (26.89ms)
2026/10/08 09:00:12 OK   00009_idempotency_ledger.sql (15.23ms)
2026/10/08 09:00:12 OK   00010_tenant_provisioning.sql (4.77ms)
2026/10/08 09:00:12 OK   00011_source_registration_history.sql (16.09ms)
2026/10/08 09:00:12 OK   00012_config_registry_lifecycle.sql (36.2ms)
2026/10/08 09:00:12 OK   00013_audit_signed_segments.sql (18.27ms)
2026/10/08 09:00:12 OK   00014_audit_segment_predecessors.sql (11.41ms)
2026/10/08 09:00:12 OK   00015_source_schema_scope.sql (5.61ms)
2026/10/08 09:00:12 OK   00016_cluster_registration_metadata.sql (13.02ms)
2026/10/08 09:00:12 OK   00017_source_data_scope.sql (4.39ms)
2026/10/08 09:00:12 OK   00018_sp04_resources_evidence.sql (19.79ms)
2026/10/08 09:00:12 OK   00019_sp04_archive_ciphertext_bytes.sql (12.73ms)
2026/10/08 09:00:12 OK   00020_sp04_request_ledger.sql (12.49ms)
2026/10/08 09:00:12 OK   00021_sp04_archive_protection.sql (3.43ms)
2026/10/08 09:00:12 OK   00022_sp04_legal_hold_dependencies.sql (3.97ms)
2026/10/08 09:00:12 OK   00023_sp04_archive_query_intent.sql (4.68ms)
2026/10/08 09:00:12 OK   00024_sp05_finding_incident.sql (23.74ms)
2026/10/08 09:00:12 OK   00025_sp05_incident_event_time.sql (3.37ms)
2026/10/08 09:00:12 OK   00026_sp05_source_binding_lock.sql (8.37ms)
2026/10/08 09:00:12 OK   00027_sp05_rca_and_poll.sql (8.3ms)
2026/10/08 09:00:12 OK   00028_sp05_operator_lock.sql (4.94ms)
2026/10/08 09:00:12 OK   00029_sp05_evidence_links.sql (11.52ms)
2026/10/08 09:00:12 OK   00030_sp05_recipe_fence.sql (11.1ms)
2026/10/08 09:00:12 OK   00031_sp05_rca_postcheck.sql (9.85ms)
2026/10/08 09:00:12 OK   00032_sp05_transport_audit.sql (3.47ms)
2026/10/08 09:00:12 OK   00033_sp05_poll_resolution_clock.sql (3.98ms)
2026/10/08 09:00:12 OK   00034_sp06_investigation_ledger.sql (39.48ms)
2026/10/08 09:00:12 OK   00035_sp06_admission_data_classes.sql (3.32ms)
2026/10/08 09:00:12 goose: successfully migrated database to version: 35
2026/10/08 09:00:13 OK   00001_roles_and_schemas.sql (28.01ms)
2026/10/08 09:00:13 goose: successfully migrated database to version: 1
2026/10/08 09:00:13 OK   00002_platform_meta.sql (39.4ms)
2026/10/08 09:00:13 OK   00003_finding.sql (16.55ms)
2026/10/08 09:00:13 OK   00004_incident.sql (17.88ms)
2026/10/08 09:00:13 OK   00005_investigation.sql (7.49ms)
2026/10/08 09:00:13 OK   00006_action_command.sql (6.46ms)
2026/10/08 09:00:13 OK   00007_audit.sql (21.79ms)
2026/10/08 09:00:13 OK   00008_rls.sql (14.61ms)
2026/10/08 09:00:13 OK   00009_idempotency_ledger.sql (16.23ms)
2026/10/08 09:00:13 OK   00010_tenant_provisioning.sql (8.84ms)
2026/10/08 09:00:13 OK   00011_source_registration_history.sql (16.01ms)
2026/10/08 09:00:13 OK   00012_config_registry_lifecycle.sql (14.81ms)
2026/10/08 09:00:13 OK   00013_audit_signed_segments.sql (37.05ms)
2026/10/08 09:00:13 OK   00014_audit_segment_predecessors.sql (18.99ms)
2026/10/08 09:00:13 OK   00015_source_schema_scope.sql (6.26ms)
2026/10/08 09:00:13 OK   00016_cluster_registration_metadata.sql (4.59ms)
2026/10/08 09:00:13 OK   00017_source_data_scope.sql (8ms)
2026/10/08 09:00:13 OK   00018_sp04_resources_evidence.sql (17.19ms)
2026/10/08 09:00:13 OK   00019_sp04_archive_ciphertext_bytes.sql (11.32ms)
2026/10/08 09:00:13 OK   00020_sp04_request_ledger.sql (20.81ms)
2026/10/08 09:00:13 OK   00021_sp04_archive_protection.sql (13.06ms)
2026/10/08 09:00:13 OK   00022_sp04_legal_hold_dependencies.sql (6.96ms)
2026/10/08 09:00:13 OK   00023_sp04_archive_query_intent.sql (10.09ms)
2026/10/08 09:00:13 OK   00024_sp05_finding_incident.sql (41.22ms)
2026/10/08 09:00:13 OK   00025_sp05_incident_event_time.sql (6.67ms)
2026/10/08 09:00:13 OK   00026_sp05_source_binding_lock.sql (22.64ms)
2026/10/08 09:00:14 OK   00027_sp05_rca_and_poll.sql (12.81ms)
2026/10/08 09:00:14 OK   00028_sp05_operator_lock.sql (3.71ms)
2026/10/08 09:00:14 OK   00029_sp05_evidence_links.sql (5.1ms)
2026/10/08 09:00:14 OK   00030_sp05_recipe_fence.sql (3.58ms)
2026/10/08 09:00:14 OK   00031_sp05_rca_postcheck.sql (3.64ms)
2026/10/08 09:00:14 OK   00032_sp05_transport_audit.sql (9.14ms)
2026/10/08 09:00:14 OK   00033_sp05_poll_resolution_clock.sql (4.99ms)
2026/10/08 09:00:14 OK   00034_sp06_investigation_ledger.sql (36.59ms)
2026/10/08 09:00:14 OK   00035_sp06_admission_data_classes.sql (25.6ms)
2026/10/08 09:00:14 goose: successfully migrated database to version: 35
2026/10/08 09:00:14 OK   00001_roles_and_schemas.sql (20.07ms)
2026/10/08 09:00:14 goose: successfully migrated database to version: 1
2026/10/08 09:00:14 OK   00002_platform_meta.sql (34.64ms)
2026/10/08 09:00:14 OK   00003_finding.sql (23.33ms)
2026/10/08 09:00:14 OK   00004_incident.sql (7.74ms)
2026/10/08 09:00:14 OK   00005_investigation.sql (13.8ms)
2026/10/08 09:00:14 OK   00006_action_command.sql (12.09ms)
2026/10/08 09:00:14 OK   00007_audit.sql (12.15ms)
2026/10/08 09:00:14 OK   00008_rls.sql (29.44ms)
2026/10/08 09:00:14 OK   00009_idempotency_ledger.sql (8.57ms)
2026/10/08 09:00:14 OK   00010_tenant_provisioning.sql (5.51ms)
2026/10/08 09:00:14 OK   00011_source_registration_history.sql (7.19ms)
2026/10/08 09:00:14 OK   00012_config_registry_lifecycle.sql (11.6ms)
2026/10/08 09:00:14 OK   00013_audit_signed_segments.sql (28.72ms)
2026/10/08 09:00:14 OK   00014_audit_segment_predecessors.sql (7.2ms)
2026/10/08 09:00:14 OK   00015_source_schema_scope.sql (7.9ms)
2026/10/08 09:00:14 OK   00016_cluster_registration_metadata.sql (9.53ms)
2026/10/08 09:00:14 OK   00017_source_data_scope.sql (9.3ms)
2026/10/08 09:00:14 OK   00018_sp04_resources_evidence.sql (11.68ms)
2026/10/08 09:00:14 OK   00019_sp04_archive_ciphertext_bytes.sql (4.15ms)
2026/10/08 09:00:14 OK   00020_sp04_request_ledger.sql (13.3ms)
2026/10/08 09:00:14 OK   00021_sp04_archive_protection.sql (5.31ms)
2026/10/08 09:00:14 OK   00022_sp04_legal_hold_dependencies.sql (4.13ms)
2026/10/08 09:00:14 OK   00023_sp04_archive_query_intent.sql (3.45ms)
2026/10/08 09:00:14 OK   00024_sp05_finding_incident.sql (37.93ms)
2026/10/08 09:00:14 OK   00025_sp05_incident_event_time.sql (2.57ms)
2026/10/08 09:00:14 OK   00026_sp05_source_binding_lock.sql (2.93ms)
2026/10/08 09:00:14 OK   00027_sp05_rca_and_poll.sql (6.62ms)
2026/10/08 09:00:14 OK   00028_sp05_operator_lock.sql (4.42ms)
2026/10/08 09:00:15 OK   00029_sp05_evidence_links.sql (14.44ms)
2026/10/08 09:00:15 OK   00030_sp05_recipe_fence.sql (4.77ms)
2026/10/08 09:00:15 OK   00031_sp05_rca_postcheck.sql (12.55ms)
2026/10/08 09:00:15 OK   00032_sp05_transport_audit.sql (2.94ms)
2026/10/08 09:00:15 OK   00033_sp05_poll_resolution_clock.sql (3.44ms)
2026/10/08 09:00:15 OK   00034_sp06_investigation_ledger.sql (17.34ms)
2026/10/08 09:00:15 OK   00035_sp06_admission_data_classes.sql (3.47ms)
2026/10/08 09:00:15 goose: successfully migrated database to version: 35
2026/10/08 09:00:31 OK   00001_roles_and_schemas.sql (59.03ms)
2026/10/08 09:00:31 goose: successfully migrated database to version: 1
2026/10/08 09:00:31 OK   00002_platform_meta.sql (51.93ms)
2026/10/08 09:00:31 OK   00003_finding.sql (34.62ms)
2026/10/08 09:00:31 OK   00004_incident.sql (7.12ms)
2026/10/08 09:00:31 OK   00005_investigation.sql (13.43ms)
2026/10/08 09:00:31 OK   00006_action_command.sql (20.24ms)
2026/10/08 09:00:31 OK   00007_audit.sql (13.74ms)
2026/10/08 09:00:31 OK   00008_rls.sql (8.23ms)
2026/10/08 09:00:31 OK   00009_idempotency_ledger.sql (45.32ms)
2026/10/08 09:00:31 OK   00010_tenant_provisioning.sql (9.64ms)
2026/10/08 09:00:31 OK   00011_source_registration_history.sql (34.48ms)
2026/10/08 09:00:31 OK   00012_config_registry_lifecycle.sql (40.86ms)
2026/10/08 09:00:31 OK   00013_audit_signed_segments.sql (30.27ms)
2026/10/08 09:00:31 OK   00014_audit_segment_predecessors.sql (38.88ms)
2026/10/08 09:00:31 OK   00015_source_schema_scope.sql (7.47ms)
2026/10/08 09:00:31 OK   00016_cluster_registration_metadata.sql (9.81ms)
2026/10/08 09:00:31 OK   00017_source_data_scope.sql (14.65ms)
2026/10/08 09:00:31 OK   00018_sp04_resources_evidence.sql (34.75ms)
2026/10/08 09:00:31 OK   00019_sp04_archive_ciphertext_bytes.sql (20.65ms)
2026/10/08 09:00:31 OK   00020_sp04_request_ledger.sql (27.33ms)
2026/10/08 09:00:31 OK   00021_sp04_archive_protection.sql (7.58ms)
2026/10/08 09:00:31 OK   00022_sp04_legal_hold_dependencies.sql (9.91ms)
2026/10/08 09:00:31 OK   00023_sp04_archive_query_intent.sql (18.75ms)
2026/10/08 09:00:31 OK   00024_sp05_finding_incident.sql (55.96ms)
2026/10/08 09:00:31 OK   00025_sp05_incident_event_time.sql (10.27ms)
2026/10/08 09:00:31 OK   00026_sp05_source_binding_lock.sql (21.43ms)
2026/10/08 09:00:31 OK   00027_sp05_rca_and_poll.sql (20.82ms)
2026/10/08 09:00:31 OK   00028_sp05_operator_lock.sql (3.34ms)
2026/10/08 09:00:31 OK   00029_sp05_evidence_links.sql (7.31ms)
2026/10/08 09:00:31 OK   00030_sp05_recipe_fence.sql (6.83ms)
2026/10/08 09:00:31 OK   00031_sp05_rca_postcheck.sql (4.29ms)
2026/10/08 09:00:31 OK   00032_sp05_transport_audit.sql (6.88ms)
2026/10/08 09:00:31 OK   00033_sp05_poll_resolution_clock.sql (7.12ms)
2026/10/08 09:00:31 OK   00034_sp06_investigation_ledger.sql (43.93ms)
2026/10/08 09:00:31 OK   00035_sp06_admission_data_classes.sql (4.23ms)
2026/10/08 09:00:31 goose: successfully migrated database to version: 35
2026/10/08 09:01:45 OK   00001_roles_and_schemas.sql (16.93ms)
2026/10/08 09:01:45 goose: successfully migrated database to version: 1
2026/10/08 09:01:45 OK   00002_platform_meta.sql (35.7ms)
2026/10/08 09:01:45 OK   00003_finding.sql (10.75ms)
2026/10/08 09:01:45 OK   00004_incident.sql (17.05ms)
2026/10/08 09:01:45 OK   00005_investigation.sql (31.7ms)
2026/10/08 09:01:45 OK   00006_action_command.sql (15.23ms)
2026/10/08 09:01:45 OK   00007_audit.sql (29.92ms)
2026/10/08 09:01:45 OK   00008_rls.sql (18.14ms)
2026/10/08 09:01:45 OK   00009_idempotency_ledger.sql (9.69ms)
2026/10/08 09:01:45 OK   00010_tenant_provisioning.sql (13.4ms)
2026/10/08 09:01:45 OK   00011_source_registration_history.sql (23.35ms)
2026/10/08 09:01:45 OK   00012_config_registry_lifecycle.sql (12.01ms)
2026/10/08 09:01:45 OK   00013_audit_signed_segments.sql (16.62ms)
2026/10/08 09:01:45 OK   00014_audit_segment_predecessors.sql (7.28ms)
2026/10/08 09:01:45 OK   00015_source_schema_scope.sql (9.39ms)
2026/10/08 09:01:45 OK   00016_cluster_registration_metadata.sql (5.5ms)
2026/10/08 09:01:45 OK   00017_source_data_scope.sql (5.46ms)
2026/10/08 09:01:45 OK   00018_sp04_resources_evidence.sql (21.19ms)
2026/10/08 09:01:45 OK   00019_sp04_archive_ciphertext_bytes.sql (5.43ms)
2026/10/08 09:01:45 OK   00020_sp04_request_ledger.sql (8.23ms)
2026/10/08 09:01:45 OK   00021_sp04_archive_protection.sql (5.96ms)
2026/10/08 09:01:45 OK   00022_sp04_legal_hold_dependencies.sql (5.94ms)
2026/10/08 09:01:45 OK   00023_sp04_archive_query_intent.sql (6.42ms)
2026/10/08 09:01:45 OK   00024_sp05_finding_incident.sql (41.87ms)
2026/10/08 09:01:45 OK   00025_sp05_incident_event_time.sql (5.29ms)
2026/10/08 09:01:45 OK   00026_sp05_source_binding_lock.sql (14.96ms)
2026/10/08 09:01:46 OK   00027_sp05_rca_and_poll.sql (13.78ms)
2026/10/08 09:01:46 OK   00028_sp05_operator_lock.sql (5.47ms)
2026/10/08 09:01:46 OK   00029_sp05_evidence_links.sql (6.34ms)
2026/10/08 09:01:46 OK   00030_sp05_recipe_fence.sql (13.03ms)
2026/10/08 09:01:46 OK   00031_sp05_rca_postcheck.sql (3.4ms)
2026/10/08 09:01:46 OK   00032_sp05_transport_audit.sql (3.18ms)
2026/10/08 09:01:46 OK   00033_sp05_poll_resolution_clock.sql (4.56ms)
2026/10/08 09:01:46 OK   00034_sp06_investigation_ledger.sql (32.09ms)
2026/10/08 09:01:46 OK   00035_sp06_admission_data_classes.sql (13.41ms)
2026/10/08 09:01:46 goose: successfully migrated database to version: 35
2026/10/08 09:01:46 OK   00001_roles_and_schemas.sql (20.16ms)
2026/10/08 09:01:46 goose: successfully migrated database to version: 1
2026/10/08 09:01:46 OK   00002_platform_meta.sql (50.93ms)
2026/10/08 09:01:46 OK   00003_finding.sql (20.64ms)
2026/10/08 09:01:46 OK   00004_incident.sql (8.68ms)
2026/10/08 09:01:47 OK   00005_investigation.sql (17.65ms)
2026/10/08 09:01:47 OK   00006_action_command.sql (19.21ms)
2026/10/08 09:01:47 OK   00007_audit.sql (27.57ms)
2026/10/08 09:01:47 OK   00008_rls.sql (19.55ms)
2026/10/08 09:01:47 OK   00009_idempotency_ledger.sql (8.26ms)
2026/10/08 09:01:47 OK   00010_tenant_provisioning.sql (5.11ms)
2026/10/08 09:01:47 OK   00011_source_registration_history.sql (13.27ms)
2026/10/08 09:01:47 OK   00012_config_registry_lifecycle.sql (23.59ms)
2026/10/08 09:01:47 OK   00013_audit_signed_segments.sql (13.18ms)
2026/10/08 09:01:47 OK   00014_audit_segment_predecessors.sql (12.22ms)
2026/10/08 09:01:47 OK   00015_source_schema_scope.sql (4.59ms)
2026/10/08 09:01:47 OK   00016_cluster_registration_metadata.sql (5.4ms)
2026/10/08 09:01:47 OK   00017_source_data_scope.sql (4.37ms)
2026/10/08 09:01:47 OK   00018_sp04_resources_evidence.sql (31.28ms)
2026/10/08 09:01:47 OK   00019_sp04_archive_ciphertext_bytes.sql (6.31ms)
2026/10/08 09:01:47 OK   00020_sp04_request_ledger.sql (7.54ms)
2026/10/08 09:01:47 OK   00021_sp04_archive_protection.sql (4.32ms)
2026/10/08 09:01:47 OK   00022_sp04_legal_hold_dependencies.sql (4.21ms)
2026/10/08 09:01:47 OK   00023_sp04_archive_query_intent.sql (5.6ms)
2026/10/08 09:01:47 OK   00024_sp05_finding_incident.sql (38.36ms)
2026/10/08 09:01:47 OK   00025_sp05_incident_event_time.sql (3.62ms)
2026/10/08 09:01:47 OK   00026_sp05_source_binding_lock.sql (11.42ms)
2026/10/08 09:01:47 OK   00027_sp05_rca_and_poll.sql (14.02ms)
2026/10/08 09:01:47 OK   00028_sp05_operator_lock.sql (4.41ms)
2026/10/08 09:01:47 OK   00029_sp05_evidence_links.sql (12.02ms)
2026/10/08 09:01:47 OK   00030_sp05_recipe_fence.sql (3.7ms)
2026/10/08 09:01:47 OK   00031_sp05_rca_postcheck.sql (2.43ms)
2026/10/08 09:01:47 OK   00032_sp05_transport_audit.sql (5.6ms)
2026/10/08 09:01:47 OK   00033_sp05_poll_resolution_clock.sql (6.82ms)
2026/10/08 09:01:47 OK   00034_sp06_investigation_ledger.sql (75.89ms)
2026/10/08 09:01:47 OK   00035_sp06_admission_data_classes.sql (10.66ms)
2026/10/08 09:01:47 goose: successfully migrated database to version: 35
2026/10/08 09:01:48 OK   00001_roles_and_schemas.sql (17.85ms)
2026/10/08 09:01:48 goose: successfully migrated database to version: 1
2026/10/08 09:01:48 OK   00002_platform_meta.sql (39.05ms)
2026/10/08 09:01:48 OK   00003_finding.sql (20.51ms)
2026/10/08 09:01:48 OK   00004_incident.sql (31.03ms)
2026/10/08 09:01:48 OK   00005_investigation.sql (12.01ms)
2026/10/08 09:01:48 OK   00006_action_command.sql (10.17ms)
2026/10/08 09:01:48 OK   00007_audit.sql (36.19ms)
2026/10/08 09:01:48 OK   00008_rls.sql (23.15ms)
2026/10/08 09:01:48 OK   00009_idempotency_ledger.sql (15.61ms)
2026/10/08 09:01:48 OK   00010_tenant_provisioning.sql (11.14ms)
2026/10/08 09:01:48 OK   00011_source_registration_history.sql (10.49ms)
2026/10/08 09:01:48 OK   00012_config_registry_lifecycle.sql (12.14ms)
2026/10/08 09:01:48 OK   00013_audit_signed_segments.sql (19.08ms)
2026/10/08 09:01:48 OK   00014_audit_segment_predecessors.sql (6.95ms)
2026/10/08 09:01:48 OK   00015_source_schema_scope.sql (3.85ms)
2026/10/08 09:01:48 OK   00016_cluster_registration_metadata.sql (6.9ms)
2026/10/08 09:01:48 OK   00017_source_data_scope.sql (5.75ms)
2026/10/08 09:01:48 OK   00018_sp04_resources_evidence.sql (13.64ms)
2026/10/08 09:01:48 OK   00019_sp04_archive_ciphertext_bytes.sql (2.92ms)
2026/10/08 09:01:48 OK   00020_sp04_request_ledger.sql (5.22ms)
2026/10/08 09:01:48 OK   00021_sp04_archive_protection.sql (3.54ms)
2026/10/08 09:01:48 OK   00022_sp04_legal_hold_dependencies.sql (8.55ms)
2026/10/08 09:01:48 OK   00023_sp04_archive_query_intent.sql (4.92ms)
2026/10/08 09:01:48 OK   00024_sp05_finding_incident.sql (42.91ms)
2026/10/08 09:01:48 OK   00025_sp05_incident_event_time.sql (7.13ms)
2026/10/08 09:01:48 OK   00026_sp05_source_binding_lock.sql (9.49ms)
2026/10/08 09:01:48 OK   00027_sp05_rca_and_poll.sql (20.66ms)
2026/10/08 09:01:48 OK   00028_sp05_operator_lock.sql (8.59ms)
2026/10/08 09:01:48 OK   00029_sp05_evidence_links.sql (9.79ms)
2026/10/08 09:01:48 OK   00030_sp05_recipe_fence.sql (3.72ms)
2026/10/08 09:01:48 OK   00031_sp05_rca_postcheck.sql (3.03ms)
2026/10/08 09:01:48 OK   00032_sp05_transport_audit.sql (4.03ms)
2026/10/08 09:01:48 OK   00033_sp05_poll_resolution_clock.sql (6.09ms)
2026/10/08 09:01:48 OK   00034_sp06_investigation_ledger.sql (40.51ms)
2026/10/08 09:01:48 OK   00035_sp06_admission_data_classes.sql (4.15ms)
2026/10/08 09:01:48 goose: successfully migrated database to version: 35
2026/10/08 09:01:48 OK   00001_roles_and_schemas.sql (9.72ms)
2026/10/08 09:01:48 goose: successfully migrated database to version: 1
2026/10/08 09:01:48 OK   00002_platform_meta.sql (25.36ms)
2026/10/08 09:01:49 OK   00003_finding.sql (17.93ms)
2026/10/08 09:01:49 OK   00004_incident.sql (9.26ms)
2026/10/08 09:01:49 OK   00005_investigation.sql (7.4ms)
2026/10/08 09:01:49 OK   00006_action_command.sql (13.05ms)
2026/10/08 09:01:49 OK   00007_audit.sql (22.73ms)
2026/10/08 09:01:49 OK   00008_rls.sql (9.08ms)
2026/10/08 09:01:49 OK   00009_idempotency_ledger.sql (14.24ms)
2026/10/08 09:01:49 OK   00010_tenant_provisioning.sql (8.06ms)
2026/10/08 09:01:49 OK   00011_source_registration_history.sql (16.61ms)
2026/10/08 09:01:49 OK   00012_config_registry_lifecycle.sql (16.03ms)
2026/10/08 09:01:49 OK   00013_audit_signed_segments.sql (17.04ms)
2026/10/08 09:01:49 OK   00014_audit_segment_predecessors.sql (6.76ms)
2026/10/08 09:01:49 OK   00015_source_schema_scope.sql (3.99ms)
2026/10/08 09:01:49 OK   00016_cluster_registration_metadata.sql (7.68ms)
2026/10/08 09:01:49 OK   00017_source_data_scope.sql (5.02ms)
2026/10/08 09:01:49 OK   00018_sp04_resources_evidence.sql (29.28ms)
2026/10/08 09:01:49 OK   00019_sp04_archive_ciphertext_bytes.sql (5.33ms)
2026/10/08 09:01:49 OK   00020_sp04_request_ledger.sql (7.8ms)
2026/10/08 09:01:49 OK   00021_sp04_archive_protection.sql (6.06ms)
2026/10/08 09:01:49 OK   00022_sp04_legal_hold_dependencies.sql (4.22ms)
2026/10/08 09:01:49 OK   00023_sp04_archive_query_intent.sql (3.05ms)
2026/10/08 09:01:49 OK   00024_sp05_finding_incident.sql (26.65ms)
2026/10/08 09:01:49 OK   00025_sp05_incident_event_time.sql (4.32ms)
2026/10/08 09:01:49 OK   00026_sp05_source_binding_lock.sql (5.36ms)
2026/10/08 09:01:49 OK   00027_sp05_rca_and_poll.sql (8.59ms)
2026/10/08 09:01:49 OK   00028_sp05_operator_lock.sql (8.51ms)
2026/10/08 09:01:49 OK   00029_sp05_evidence_links.sql (7.01ms)
2026/10/08 09:01:49 OK   00030_sp05_recipe_fence.sql (4.92ms)
2026/10/08 09:01:49 OK   00031_sp05_rca_postcheck.sql (9.95ms)
2026/10/08 09:01:49 OK   00032_sp05_transport_audit.sql (4.56ms)
2026/10/08 09:01:49 OK   00033_sp05_poll_resolution_clock.sql (3.34ms)
2026/10/08 09:01:49 OK   00034_sp06_investigation_ledger.sql (35.77ms)
2026/10/08 09:01:49 OK   00035_sp06_admission_data_classes.sql (4.26ms)
2026/10/08 09:01:49 goose: successfully migrated database to version: 35
2026/10/08 09:02:06 OK   00001_roles_and_schemas.sql (28.13ms)
2026/10/08 09:02:06 goose: successfully migrated database to version: 1
2026/10/08 09:02:06 OK   00002_platform_meta.sql (29.75ms)
2026/10/08 09:02:06 OK   00003_finding.sql (35.82ms)
2026/10/08 09:02:06 OK   00004_incident.sql (10.95ms)
2026/10/08 09:02:06 OK   00005_investigation.sql (9.05ms)
2026/10/08 09:02:06 OK   00006_action_command.sql (21.48ms)
2026/10/08 09:02:06 OK   00007_audit.sql (17.83ms)
2026/10/08 09:02:06 OK   00008_rls.sql (9.77ms)
2026/10/08 09:02:06 OK   00009_idempotency_ledger.sql (10.69ms)
2026/10/08 09:02:06 OK   00010_tenant_provisioning.sql (18.66ms)
2026/10/08 09:02:06 OK   00011_source_registration_history.sql (32.43ms)
2026/10/08 09:02:06 OK   00012_config_registry_lifecycle.sql (24.82ms)
2026/10/08 09:02:06 OK   00013_audit_signed_segments.sql (26.87ms)
2026/10/08 09:02:06 OK   00014_audit_segment_predecessors.sql (7.48ms)
2026/10/08 09:02:06 OK   00015_source_schema_scope.sql (3.11ms)
2026/10/08 09:02:06 OK   00016_cluster_registration_metadata.sql (7.54ms)
2026/10/08 09:02:06 OK   00017_source_data_scope.sql (8.6ms)
2026/10/08 09:02:06 OK   00018_sp04_resources_evidence.sql (32.37ms)
2026/10/08 09:02:06 OK   00019_sp04_archive_ciphertext_bytes.sql (7.67ms)
2026/10/08 09:02:06 OK   00020_sp04_request_ledger.sql (16.51ms)
2026/10/08 09:02:06 OK   00021_sp04_archive_protection.sql (7.41ms)
2026/10/08 09:02:06 OK   00022_sp04_legal_hold_dependencies.sql (6.09ms)
2026/10/08 09:02:06 OK   00023_sp04_archive_query_intent.sql (4.22ms)
2026/10/08 09:02:06 OK   00024_sp05_finding_incident.sql (51.42ms)
2026/10/08 09:02:06 OK   00025_sp05_incident_event_time.sql (4.39ms)
2026/10/08 09:02:06 OK   00026_sp05_source_binding_lock.sql (8.09ms)
2026/10/08 09:02:06 OK   00027_sp05_rca_and_poll.sql (15.29ms)
2026/10/08 09:02:06 OK   00028_sp05_operator_lock.sql (10.91ms)
2026/10/08 09:02:06 OK   00029_sp05_evidence_links.sql (5.31ms)
2026/10/08 09:02:06 OK   00030_sp05_recipe_fence.sql (3.04ms)
2026/10/08 09:02:06 OK   00031_sp05_rca_postcheck.sql (5.03ms)
2026/10/08 09:02:06 OK   00032_sp05_transport_audit.sql (14.35ms)
2026/10/08 09:02:06 OK   00033_sp05_poll_resolution_clock.sql (6.71ms)
2026/10/08 09:02:06 OK   00034_sp06_investigation_ledger.sql (45.75ms)
2026/10/08 09:02:06 OK   00035_sp06_admission_data_classes.sql (5.84ms)
2026/10/08 09:02:06 goose: successfully migrated database to version: 35
2026/10/08 09:02:07 OK   00001_roles_and_schemas.sql (15.11ms)
2026/10/08 09:02:07 goose: successfully migrated database to version: 1
2026/10/08 09:02:07 OK   00002_platform_meta.sql (41.71ms)
2026/10/08 09:02:07 OK   00003_finding.sql (25.62ms)
2026/10/08 09:02:07 OK   00004_incident.sql (12.07ms)
2026/10/08 09:02:07 OK   00005_investigation.sql (7.38ms)
2026/10/08 09:02:07 OK   00006_action_command.sql (14.78ms)
2026/10/08 09:02:07 OK   00007_audit.sql (24.46ms)
2026/10/08 09:02:07 OK   00008_rls.sql (33.64ms)
2026/10/08 09:02:07 OK   00009_idempotency_ledger.sql (9.31ms)
2026/10/08 09:02:07 OK   00010_tenant_provisioning.sql (4.6ms)
2026/10/08 09:02:07 OK   00011_source_registration_history.sql (13.01ms)
2026/10/08 09:02:07 OK   00012_config_registry_lifecycle.sql (28.22ms)
2026/10/08 09:02:07 OK   00013_audit_signed_segments.sql (40.62ms)
2026/10/08 09:02:07 OK   00014_audit_segment_predecessors.sql (14.3ms)
2026/10/08 09:02:07 OK   00015_source_schema_scope.sql (6.11ms)
2026/10/08 09:02:07 OK   00016_cluster_registration_metadata.sql (7.66ms)
2026/10/08 09:02:07 OK   00017_source_data_scope.sql (7.69ms)
2026/10/08 09:02:07 OK   00018_sp04_resources_evidence.sql (27.39ms)
2026/10/08 09:02:07 OK   00019_sp04_archive_ciphertext_bytes.sql (4.29ms)
2026/10/08 09:02:07 OK   00020_sp04_request_ledger.sql (6.31ms)
2026/10/08 09:02:07 OK   00021_sp04_archive_protection.sql (3.81ms)
2026/10/08 09:02:07 OK   00022_sp04_legal_hold_dependencies.sql (4.43ms)
2026/10/08 09:02:07 OK   00023_sp04_archive_query_intent.sql (6.88ms)
2026/10/08 09:02:07 OK   00024_sp05_finding_incident.sql (44.67ms)
2026/10/08 09:02:07 OK   00025_sp05_incident_event_time.sql (4.48ms)
2026/10/08 09:02:07 OK   00026_sp05_source_binding_lock.sql (8.23ms)
2026/10/08 09:02:07 OK   00027_sp05_rca_and_poll.sql (18.65ms)
2026/10/08 09:02:07 OK   00028_sp05_operator_lock.sql (10.07ms)
2026/10/08 09:02:07 OK   00029_sp05_evidence_links.sql (14ms)
2026/10/08 09:02:08 OK   00030_sp05_recipe_fence.sql (10.19ms)
2026/10/08 09:02:08 OK   00031_sp05_rca_postcheck.sql (8.79ms)
2026/10/08 09:02:08 OK   00032_sp05_transport_audit.sql (8.37ms)
2026/10/08 09:02:08 OK   00033_sp05_poll_resolution_clock.sql (10.13ms)
2026/10/08 09:02:08 OK   00034_sp06_investigation_ledger.sql (36.74ms)
2026/10/08 09:02:08 OK   00035_sp06_admission_data_classes.sql (3.96ms)
2026/10/08 09:02:08 goose: successfully migrated database to version: 35
2026/10/08 09:02:08 OK   00001_roles_and_schemas.sql (15.39ms)
2026/10/08 09:02:08 goose: successfully migrated database to version: 1
2026/10/08 09:02:08 OK   00002_platform_meta.sql (30.38ms)
2026/10/08 09:02:08 OK   00003_finding.sql (24.22ms)
2026/10/08 09:02:08 OK   00004_incident.sql (6.75ms)
2026/10/08 09:02:08 OK   00005_investigation.sql (9.72ms)
2026/10/08 09:02:08 OK   00006_action_command.sql (7.64ms)
2026/10/08 09:02:08 OK   00007_audit.sql (9.35ms)
2026/10/08 09:02:08 OK   00008_rls.sql (9.44ms)
2026/10/08 09:02:08 OK   00009_idempotency_ledger.sql (15.99ms)
2026/10/08 09:02:08 OK   00010_tenant_provisioning.sql (8.2ms)
2026/10/08 09:02:08 OK   00011_source_registration_history.sql (7.7ms)
2026/10/08 09:02:08 OK   00012_config_registry_lifecycle.sql (12.72ms)
2026/10/08 09:02:08 OK   00013_audit_signed_segments.sql (21.43ms)
2026/10/08 09:02:08 OK   00014_audit_segment_predecessors.sql (13.82ms)
2026/10/08 09:02:08 OK   00015_source_schema_scope.sql (3.17ms)
2026/10/08 09:02:08 OK   00016_cluster_registration_metadata.sql (8.53ms)
2026/10/08 09:02:08 OK   00017_source_data_scope.sql (8.26ms)
2026/10/08 09:02:08 OK   00018_sp04_resources_evidence.sql (23.22ms)
2026/10/08 09:02:08 OK   00019_sp04_archive_ciphertext_bytes.sql (3.61ms)
2026/10/08 09:02:08 OK   00020_sp04_request_ledger.sql (5.17ms)
2026/10/08 09:02:08 OK   00021_sp04_archive_protection.sql (3.88ms)
2026/10/08 09:02:08 OK   00022_sp04_legal_hold_dependencies.sql (3.88ms)
2026/10/08 09:02:08 OK   00023_sp04_archive_query_intent.sql (3.03ms)
2026/10/08 09:02:08 OK   00024_sp05_finding_incident.sql (19.34ms)
2026/10/08 09:02:08 OK   00025_sp05_incident_event_time.sql (10.83ms)
2026/10/08 09:02:08 OK   00026_sp05_source_binding_lock.sql (4.54ms)
2026/10/08 09:02:08 OK   00027_sp05_rca_and_poll.sql (10.53ms)
2026/10/08 09:02:08 OK   00028_sp05_operator_lock.sql (10.86ms)
2026/10/08 09:02:08 OK   00029_sp05_evidence_links.sql (14.76ms)
2026/10/08 09:02:08 OK   00030_sp05_recipe_fence.sql (3.54ms)
2026/10/08 09:02:08 OK   00031_sp05_rca_postcheck.sql (2.89ms)
2026/10/08 09:02:08 OK   00032_sp05_transport_audit.sql (4.05ms)
2026/10/08 09:02:08 OK   00033_sp05_poll_resolution_clock.sql (5.42ms)
2026/10/08 09:02:08 OK   00034_sp06_investigation_ledger.sql (33.69ms)
2026/10/08 09:02:08 OK   00035_sp06_admission_data_classes.sql (7.1ms)
2026/10/08 09:02:08 goose: successfully migrated database to version: 35
2026/10/08 09:02:09 OK   00001_roles_and_schemas.sql (8.87ms)
2026/10/08 09:02:09 goose: successfully migrated database to version: 1
2026/10/08 09:02:09 OK   00002_platform_meta.sql (29.03ms)
2026/10/08 09:02:09 OK   00003_finding.sql (16.3ms)
2026/10/08 09:02:09 OK   00004_incident.sql (12.13ms)
2026/10/08 09:02:09 OK   00005_investigation.sql (7.11ms)
2026/10/08 09:02:09 OK   00006_action_command.sql (10.33ms)
2026/10/08 09:02:09 OK   00007_audit.sql (29.17ms)
2026/10/08 09:02:09 OK   00008_rls.sql (19.3ms)
2026/10/08 09:02:09 OK   00009_idempotency_ledger.sql (13.46ms)
2026/10/08 09:02:09 OK   00010_tenant_provisioning.sql (4.67ms)
2026/10/08 09:02:09 OK   00011_source_registration_history.sql (19.34ms)
2026/10/08 09:02:09 OK   00012_config_registry_lifecycle.sql (20.27ms)
2026/10/08 09:02:09 OK   00013_audit_signed_segments.sql (15.61ms)
2026/10/08 09:02:09 OK   00014_audit_segment_predecessors.sql (10.87ms)
2026/10/08 09:02:09 OK   00015_source_schema_scope.sql (4.93ms)
2026/10/08 09:02:09 OK   00016_cluster_registration_metadata.sql (8.9ms)
2026/10/08 09:02:09 OK   00017_source_data_scope.sql (4.79ms)
2026/10/08 09:02:09 OK   00018_sp04_resources_evidence.sql (21.88ms)
2026/10/08 09:02:09 OK   00019_sp04_archive_ciphertext_bytes.sql (4.15ms)
2026/10/08 09:02:09 OK   00020_sp04_request_ledger.sql (4.89ms)
2026/10/08 09:02:09 OK   00021_sp04_archive_protection.sql (3.59ms)
2026/10/08 09:02:09 OK   00022_sp04_legal_hold_dependencies.sql (3.71ms)
2026/10/08 09:02:09 OK   00023_sp04_archive_query_intent.sql (3.16ms)
2026/10/08 09:02:09 OK   00024_sp05_finding_incident.sql (29.08ms)
2026/10/08 09:02:09 OK   00025_sp05_incident_event_time.sql (3.77ms)
2026/10/08 09:02:09 OK   00026_sp05_source_binding_lock.sql (7.03ms)
2026/10/08 09:02:09 OK   00027_sp05_rca_and_poll.sql (13.07ms)
2026/10/08 09:02:09 OK   00028_sp05_operator_lock.sql (4.25ms)
2026/10/08 09:02:09 OK   00029_sp05_evidence_links.sql (10.64ms)
2026/10/08 09:02:09 OK   00030_sp05_recipe_fence.sql (7.94ms)
2026/10/08 09:02:09 OK   00031_sp05_rca_postcheck.sql (5.11ms)
2026/10/08 09:02:09 OK   00032_sp05_transport_audit.sql (4.62ms)
2026/10/08 09:02:09 OK   00033_sp05_poll_resolution_clock.sql (4.26ms)
2026/10/08 09:02:09 OK   00034_sp06_investigation_ledger.sql (22.79ms)
2026/10/08 09:02:09 OK   00035_sp06_admission_data_classes.sql (4.43ms)
2026/10/08 09:02:09 goose: successfully migrated database to version: 35
2026/10/08 09:02:10 OK   00001_roles_and_schemas.sql (55.94ms)
2026/10/08 09:02:10 goose: successfully migrated database to version: 1
2026/10/08 09:02:10 OK   00002_platform_meta.sql (61.49ms)
2026/10/08 09:02:10 OK   00003_finding.sql (70.08ms)
2026/10/08 09:02:10 OK   00004_incident.sql (10.58ms)
2026/10/08 09:02:10 OK   00005_investigation.sql (34.4ms)
2026/10/08 09:02:10 OK   00006_action_command.sql (9.51ms)
2026/10/08 09:02:10 OK   00007_audit.sql (19.23ms)
2026/10/08 09:02:10 OK   00008_rls.sql (29.34ms)
2026/10/08 09:02:10 OK   00009_idempotency_ledger.sql (9.38ms)
2026/10/08 09:02:10 OK   00010_tenant_provisioning.sql (3.87ms)
2026/10/08 09:02:10 OK   00011_source_registration_history.sql (13.51ms)
2026/10/08 09:02:10 OK   00012_config_registry_lifecycle.sql (16.02ms)
2026/10/08 09:02:10 OK   00013_audit_signed_segments.sql (23.65ms)
2026/10/08 09:02:10 OK   00014_audit_segment_predecessors.sql (9.37ms)
2026/10/08 09:02:10 OK   00015_source_schema_scope.sql (6.25ms)
2026/10/08 09:02:10 OK   00016_cluster_registration_metadata.sql (8.5ms)
2026/10/08 09:02:10 OK   00017_source_data_scope.sql (5.17ms)
2026/10/08 09:02:10 OK   00018_sp04_resources_evidence.sql (25.83ms)
2026/10/08 09:02:10 OK   00019_sp04_archive_ciphertext_bytes.sql (8.05ms)
2026/10/08 09:02:10 OK   00020_sp04_request_ledger.sql (18.26ms)
2026/10/08 09:02:10 OK   00021_sp04_archive_protection.sql (5.79ms)
2026/10/08 09:02:10 OK   00022_sp04_legal_hold_dependencies.sql (2.43ms)
2026/10/08 09:02:10 OK   00023_sp04_archive_query_intent.sql (2.89ms)
2026/10/08 09:02:10 OK   00024_sp05_finding_incident.sql (63.36ms)
2026/10/08 09:02:10 OK   00025_sp05_incident_event_time.sql (9.16ms)
2026/10/08 09:02:10 OK   00026_sp05_source_binding_lock.sql (24.91ms)
2026/10/08 09:02:11 OK   00027_sp05_rca_and_poll.sql (43.17ms)
2026/10/08 09:02:11 OK   00028_sp05_operator_lock.sql (6.63ms)
2026/10/08 09:02:11 OK   00029_sp05_evidence_links.sql (14.27ms)
2026/10/08 09:02:11 OK   00030_sp05_recipe_fence.sql (4.06ms)
2026/10/08 09:02:11 OK   00031_sp05_rca_postcheck.sql (3.08ms)
2026/10/08 09:02:11 OK   00032_sp05_transport_audit.sql (2.96ms)
2026/10/08 09:02:11 OK   00033_sp05_poll_resolution_clock.sql (4.02ms)
2026/10/08 09:02:11 OK   00034_sp06_investigation_ledger.sql (33.4ms)
2026/10/08 09:02:11 OK   00035_sp06_admission_data_classes.sql (6.52ms)
2026/10/08 09:02:11 goose: successfully migrated database to version: 35
2026/10/08 09:02:11 OK   00001_roles_and_schemas.sql (18.87ms)
2026/10/08 09:02:11 goose: successfully migrated database to version: 1
2026/10/08 09:02:11 OK   00002_platform_meta.sql (21.48ms)
2026/10/08 09:02:11 OK   00003_finding.sql (14.29ms)
2026/10/08 09:02:11 OK   00004_incident.sql (12.67ms)
2026/10/08 09:02:11 OK   00005_investigation.sql (16.07ms)
2026/10/08 09:02:11 OK   00006_action_command.sql (12.54ms)
2026/10/08 09:02:11 OK   00007_audit.sql (50.08ms)
2026/10/08 09:02:11 OK   00008_rls.sql (14.15ms)
2026/10/08 09:02:11 OK   00009_idempotency_ledger.sql (20.32ms)
2026/10/08 09:02:11 OK   00010_tenant_provisioning.sql (10.12ms)
2026/10/08 09:02:11 OK   00011_source_registration_history.sql (19.4ms)
2026/10/08 09:02:11 OK   00012_config_registry_lifecycle.sql (9.81ms)
2026/10/08 09:02:11 OK   00013_audit_signed_segments.sql (13.08ms)
2026/10/08 09:02:11 OK   00014_audit_segment_predecessors.sql (13.12ms)
2026/10/08 09:02:11 OK   00015_source_schema_scope.sql (5.02ms)
2026/10/08 09:02:11 OK   00016_cluster_registration_metadata.sql (6.77ms)
2026/10/08 09:02:11 OK   00017_source_data_scope.sql (6.95ms)
2026/10/08 09:02:11 OK   00018_sp04_resources_evidence.sql (22.71ms)
2026/10/08 09:02:11 OK   00019_sp04_archive_ciphertext_bytes.sql (2.92ms)
2026/10/08 09:02:11 OK   00020_sp04_request_ledger.sql (4.61ms)
2026/10/08 09:02:11 OK   00021_sp04_archive_protection.sql (3.22ms)
2026/10/08 09:02:11 OK   00022_sp04_legal_hold_dependencies.sql (2.93ms)
2026/10/08 09:02:11 OK   00023_sp04_archive_query_intent.sql (4.77ms)
2026/10/08 09:02:11 OK   00024_sp05_finding_incident.sql (24.55ms)
2026/10/08 09:02:11 OK   00025_sp05_incident_event_time.sql (5.38ms)
2026/10/08 09:02:11 OK   00026_sp05_source_binding_lock.sql (3.1ms)
2026/10/08 09:02:11 OK   00027_sp05_rca_and_poll.sql (7.66ms)
2026/10/08 09:02:11 OK   00028_sp05_operator_lock.sql (4.47ms)
2026/10/08 09:02:11 OK   00029_sp05_evidence_links.sql (17.36ms)
2026/10/08 09:02:11 OK   00030_sp05_recipe_fence.sql (6.9ms)
2026/10/08 09:02:11 OK   00031_sp05_rca_postcheck.sql (3.66ms)
2026/10/08 09:02:11 OK   00032_sp05_transport_audit.sql (3.21ms)
2026/10/08 09:02:11 OK   00033_sp05_poll_resolution_clock.sql (4.05ms)
2026/10/08 09:02:11 OK   00034_sp06_investigation_ledger.sql (19.27ms)
2026/10/08 09:02:11 OK   00035_sp06_admission_data_classes.sql (11.25ms)
2026/10/08 09:02:11 goose: successfully migrated database to version: 35
2026/10/08 09:02:12 OK   00001_roles_and_schemas.sql (11.85ms)
2026/10/08 09:02:12 goose: successfully migrated database to version: 1
2026/10/08 09:02:12 OK   00002_platform_meta.sql (52.72ms)
2026/10/08 09:02:12 OK   00003_finding.sql (29.07ms)
2026/10/08 09:02:12 OK   00004_incident.sql (5.62ms)
2026/10/08 09:02:12 OK   00005_investigation.sql (6.6ms)
2026/10/08 09:02:12 OK   00006_action_command.sql (5.72ms)
2026/10/08 09:02:12 OK   00007_audit.sql (8.2ms)
2026/10/08 09:02:12 OK   00008_rls.sql (24.81ms)
2026/10/08 09:02:12 OK   00009_idempotency_ledger.sql (10.99ms)
2026/10/08 09:02:12 OK   00010_tenant_provisioning.sql (18.85ms)
2026/10/08 09:02:12 OK   00011_source_registration_history.sql (20.92ms)
2026/10/08 09:02:12 OK   00012_config_registry_lifecycle.sql (14.11ms)
2026/10/08 09:02:12 OK   00013_audit_signed_segments.sql (28.36ms)
2026/10/08 09:02:12 OK   00014_audit_segment_predecessors.sql (6.7ms)
2026/10/08 09:02:12 OK   00015_source_schema_scope.sql (3.76ms)
2026/10/08 09:02:12 OK   00016_cluster_registration_metadata.sql (6.89ms)
2026/10/08 09:02:12 OK   00017_source_data_scope.sql (6.12ms)
2026/10/08 09:02:12 OK   00018_sp04_resources_evidence.sql (32.78ms)
2026/10/08 09:02:12 OK   00019_sp04_archive_ciphertext_bytes.sql (10.44ms)
2026/10/08 09:02:12 OK   00020_sp04_request_ledger.sql (10.07ms)
2026/10/08 09:02:12 OK   00021_sp04_archive_protection.sql (5.07ms)
2026/10/08 09:02:12 OK   00022_sp04_legal_hold_dependencies.sql (3.27ms)
2026/10/08 09:02:12 OK   00023_sp04_archive_query_intent.sql (3.43ms)
2026/10/08 09:02:12 OK   00024_sp05_finding_incident.sql (33.98ms)
2026/10/08 09:02:12 OK   00025_sp05_incident_event_time.sql (5.07ms)
2026/10/08 09:02:12 OK   00026_sp05_source_binding_lock.sql (9.98ms)
2026/10/08 09:02:12 OK   00027_sp05_rca_and_poll.sql (16.04ms)
2026/10/08 09:02:12 OK   00028_sp05_operator_lock.sql (4.83ms)
2026/10/08 09:02:12 OK   00029_sp05_evidence_links.sql (10.8ms)
2026/10/08 09:02:12 OK   00030_sp05_recipe_fence.sql (3.08ms)
2026/10/08 09:02:12 OK   00031_sp05_rca_postcheck.sql (2.63ms)
2026/10/08 09:02:12 OK   00032_sp05_transport_audit.sql (2.69ms)
2026/10/08 09:02:12 OK   00033_sp05_poll_resolution_clock.sql (9.47ms)
2026/10/08 09:02:12 OK   00034_sp06_investigation_ledger.sql (45.49ms)
2026/10/08 09:02:12 OK   00035_sp06_admission_data_classes.sql (3.95ms)
2026/10/08 09:02:12 goose: successfully migrated database to version: 35
2026/10/08 09:02:13 OK   00001_roles_and_schemas.sql (19.31ms)
2026/10/08 09:02:13 goose: successfully migrated database to version: 1
2026/10/08 09:02:13 OK   00002_platform_meta.sql (41.19ms)
2026/10/08 09:02:13 OK   00003_finding.sql (19.04ms)
2026/10/08 09:02:13 OK   00004_incident.sql (10.53ms)
2026/10/08 09:02:13 OK   00005_investigation.sql (9.47ms)
2026/10/08 09:02:13 OK   00006_action_command.sql (15.41ms)
2026/10/08 09:02:13 OK   00007_audit.sql (27.97ms)
2026/10/08 09:02:13 OK   00008_rls.sql (9.09ms)
2026/10/08 09:02:13 OK   00009_idempotency_ledger.sql (6.29ms)
2026/10/08 09:02:13 OK   00010_tenant_provisioning.sql (4.01ms)
2026/10/08 09:02:13 OK   00011_source_registration_history.sql (5.27ms)
2026/10/08 09:02:13 OK   00012_config_registry_lifecycle.sql (8.01ms)
2026/10/08 09:02:13 OK   00013_audit_signed_segments.sql (11.11ms)
2026/10/08 09:02:13 OK   00014_audit_segment_predecessors.sql (4.6ms)
2026/10/08 09:02:13 OK   00015_source_schema_scope.sql (2.75ms)
2026/10/08 09:02:13 OK   00016_cluster_registration_metadata.sql (4.06ms)
2026/10/08 09:02:13 OK   00017_source_data_scope.sql (4.9ms)
2026/10/08 09:02:13 OK   00018_sp04_resources_evidence.sql (28.99ms)
2026/10/08 09:02:13 OK   00019_sp04_archive_ciphertext_bytes.sql (3ms)
2026/10/08 09:02:13 OK   00020_sp04_request_ledger.sql (8.46ms)
2026/10/08 09:02:13 OK   00021_sp04_archive_protection.sql (11.49ms)
2026/10/08 09:02:13 OK   00022_sp04_legal_hold_dependencies.sql (8.07ms)
2026/10/08 09:02:13 OK   00023_sp04_archive_query_intent.sql (6.51ms)
2026/10/08 09:02:13 OK   00024_sp05_finding_incident.sql (18.39ms)
2026/10/08 09:02:13 OK   00025_sp05_incident_event_time.sql (10.15ms)
2026/10/08 09:02:13 OK   00026_sp05_source_binding_lock.sql (7.86ms)
2026/10/08 09:02:13 OK   00027_sp05_rca_and_poll.sql (14.16ms)
2026/10/08 09:02:13 OK   00028_sp05_operator_lock.sql (30.8ms)
2026/10/08 09:02:13 OK   00029_sp05_evidence_links.sql (13.85ms)
2026/10/08 09:02:13 OK   00030_sp05_recipe_fence.sql (2.83ms)
2026/10/08 09:02:13 OK   00031_sp05_rca_postcheck.sql (2.68ms)
2026/10/08 09:02:13 OK   00032_sp05_transport_audit.sql (3.79ms)
2026/10/08 09:02:13 OK   00033_sp05_poll_resolution_clock.sql (5.43ms)
2026/10/08 09:02:13 OK   00034_sp06_investigation_ledger.sql (32.8ms)
2026/10/08 09:02:13 OK   00035_sp06_admission_data_classes.sql (10.98ms)
2026/10/08 09:02:13 goose: successfully migrated database to version: 35
2026/10/08 09:02:15 OK   00001_roles_and_schemas.sql (30.99ms)
2026/10/08 09:02:15 goose: successfully migrated database to version: 1
2026/10/08 09:02:16 OK   00002_platform_meta.sql (43.33ms)
2026/10/08 09:02:16 OK   00003_finding.sql (14.24ms)
2026/10/08 09:02:16 OK   00004_incident.sql (23.4ms)
2026/10/08 09:02:16 OK   00005_investigation.sql (7.08ms)
2026/10/08 09:02:16 OK   00006_action_command.sql (6.44ms)
2026/10/08 09:02:16 OK   00007_audit.sql (10.1ms)
2026/10/08 09:02:16 OK   00008_rls.sql (9.74ms)
2026/10/08 09:02:16 OK   00009_idempotency_ledger.sql (33.69ms)
2026/10/08 09:02:16 OK   00010_tenant_provisioning.sql (18.9ms)
2026/10/08 09:02:16 OK   00011_source_registration_history.sql (42.43ms)
2026/10/08 09:02:16 OK   00012_config_registry_lifecycle.sql (20.98ms)
2026/10/08 09:02:16 OK   00013_audit_signed_segments.sql (54.08ms)
2026/10/08 09:02:16 OK   00014_audit_segment_predecessors.sql (6.88ms)
2026/10/08 09:02:16 OK   00015_source_schema_scope.sql (4.62ms)
2026/10/08 09:02:16 OK   00016_cluster_registration_metadata.sql (13.31ms)
2026/10/08 09:02:16 OK   00017_source_data_scope.sql (7.23ms)
2026/10/08 09:02:16 OK   00018_sp04_resources_evidence.sql (31.09ms)
2026/10/08 09:02:16 OK   00019_sp04_archive_ciphertext_bytes.sql (3.46ms)
2026/10/08 09:02:16 OK   00020_sp04_request_ledger.sql (4.48ms)
2026/10/08 09:02:16 OK   00021_sp04_archive_protection.sql (4.7ms)
2026/10/08 09:02:16 OK   00022_sp04_legal_hold_dependencies.sql (4.76ms)
2026/10/08 09:02:16 OK   00023_sp04_archive_query_intent.sql (5.58ms)
2026/10/08 09:02:16 OK   00024_sp05_finding_incident.sql (35.02ms)
2026/10/08 09:02:16 OK   00025_sp05_incident_event_time.sql (4.42ms)
2026/10/08 09:02:16 OK   00026_sp05_source_binding_lock.sql (19.07ms)
2026/10/08 09:02:16 OK   00027_sp05_rca_and_poll.sql (9.79ms)
2026/10/08 09:02:16 OK   00028_sp05_operator_lock.sql (5.56ms)
2026/10/08 09:02:16 OK   00029_sp05_evidence_links.sql (17.6ms)
2026/10/08 09:02:16 OK   00030_sp05_recipe_fence.sql (9.41ms)
2026/10/08 09:02:16 OK   00031_sp05_rca_postcheck.sql (3.54ms)
2026/10/08 09:02:16 OK   00032_sp05_transport_audit.sql (11.32ms)
2026/10/08 09:02:16 OK   00033_sp05_poll_resolution_clock.sql (8.69ms)
2026/10/08 09:02:16 OK   00034_sp06_investigation_ledger.sql (43.51ms)
2026/10/08 09:02:16 OK   00035_sp06_admission_data_classes.sql (7.37ms)
2026/10/08 09:02:16 goose: successfully migrated database to version: 35
2026/10/08 09:02:17 OK   00001_roles_and_schemas.sql (18.8ms)
2026/10/08 09:02:17 goose: successfully migrated database to version: 1
2026/10/08 09:02:17 OK   00002_platform_meta.sql (52.78ms)
2026/10/08 09:02:17 OK   00003_finding.sql (11.93ms)
2026/10/08 09:02:17 OK   00004_incident.sql (5.18ms)
2026/10/08 09:02:17 OK   00005_investigation.sql (30.79ms)
2026/10/08 09:02:17 OK   00006_action_command.sql (11.54ms)
2026/10/08 09:02:17 OK   00007_audit.sql (16.54ms)
2026/10/08 09:02:17 OK   00008_rls.sql (17.9ms)
2026/10/08 09:02:17 OK   00009_idempotency_ledger.sql (8.03ms)
2026/10/08 09:02:17 OK   00010_tenant_provisioning.sql (4.14ms)
2026/10/08 09:02:17 OK   00011_source_registration_history.sql (5.54ms)
2026/10/08 09:02:17 OK   00012_config_registry_lifecycle.sql (17.22ms)
2026/10/08 09:02:17 OK   00013_audit_signed_segments.sql (22.93ms)
2026/10/08 09:02:17 OK   00014_audit_segment_predecessors.sql (9.91ms)
2026/10/08 09:02:17 OK   00015_source_schema_scope.sql (7.5ms)
2026/10/08 09:02:17 OK   00016_cluster_registration_metadata.sql (7.73ms)
2026/10/08 09:02:17 OK   00017_source_data_scope.sql (7.78ms)
2026/10/08 09:02:17 OK   00018_sp04_resources_evidence.sql (45.54ms)
2026/10/08 09:02:17 OK   00019_sp04_archive_ciphertext_bytes.sql (3.06ms)
2026/10/08 09:02:17 OK   00020_sp04_request_ledger.sql (3.85ms)
2026/10/08 09:02:17 OK   00021_sp04_archive_protection.sql (2.76ms)
2026/10/08 09:02:17 OK   00022_sp04_legal_hold_dependencies.sql (2.83ms)
2026/10/08 09:02:17 OK   00023_sp04_archive_query_intent.sql (10.74ms)
2026/10/08 09:02:17 OK   00024_sp05_finding_incident.sql (33.27ms)
2026/10/08 09:02:17 OK   00025_sp05_incident_event_time.sql (4.79ms)
2026/10/08 09:02:17 OK   00026_sp05_source_binding_lock.sql (3.57ms)
2026/10/08 09:02:17 OK   00027_sp05_rca_and_poll.sql (7.91ms)
2026/10/08 09:02:17 OK   00028_sp05_operator_lock.sql (17.98ms)
2026/10/08 09:02:17 OK   00029_sp05_evidence_links.sql (12.2ms)
2026/10/08 09:02:17 OK   00030_sp05_recipe_fence.sql (2.97ms)
2026/10/08 09:02:17 OK   00031_sp05_rca_postcheck.sql (2.78ms)
2026/10/08 09:02:17 OK   00032_sp05_transport_audit.sql (2.42ms)
2026/10/08 09:02:17 OK   00033_sp05_poll_resolution_clock.sql (2.69ms)
2026/10/08 09:02:17 OK   00034_sp06_investigation_ledger.sql (40.01ms)
2026/10/08 09:02:17 OK   00035_sp06_admission_data_classes.sql (9.98ms)
2026/10/08 09:02:17 goose: successfully migrated database to version: 35
2026/10/08 09:02:18 OK   00001_roles_and_schemas.sql (32.98ms)
2026/10/08 09:02:18 goose: successfully migrated database to version: 1
2026/10/08 09:02:18 OK   00002_platform_meta.sql (38.24ms)
2026/10/08 09:02:18 OK   00003_finding.sql (9.49ms)
2026/10/08 09:02:18 OK   00004_incident.sql (24.41ms)
2026/10/08 09:02:18 OK   00005_investigation.sql (21.81ms)
2026/10/08 09:02:18 OK   00006_action_command.sql (9.67ms)
2026/10/08 09:02:18 OK   00007_audit.sql (28.64ms)
2026/10/08 09:02:18 OK   00008_rls.sql (19.98ms)
2026/10/08 09:02:18 OK   00009_idempotency_ledger.sql (14.48ms)
2026/10/08 09:02:18 OK   00010_tenant_provisioning.sql (6.76ms)
2026/10/08 09:02:18 OK   00011_source_registration_history.sql (21.1ms)
2026/10/08 09:02:18 OK   00012_config_registry_lifecycle.sql (20.25ms)
2026/10/08 09:02:18 OK   00013_audit_signed_segments.sql (20.85ms)
2026/10/08 09:02:18 OK   00014_audit_segment_predecessors.sql (19.98ms)
2026/10/08 09:02:18 OK   00015_source_schema_scope.sql (3.38ms)
2026/10/08 09:02:18 OK   00016_cluster_registration_metadata.sql (4.38ms)
2026/10/08 09:02:18 OK   00017_source_data_scope.sql (4.69ms)
2026/10/08 09:02:18 OK   00018_sp04_resources_evidence.sql (17.57ms)
2026/10/08 09:02:18 OK   00019_sp04_archive_ciphertext_bytes.sql (3.12ms)
2026/10/08 09:02:18 OK   00020_sp04_request_ledger.sql (16.01ms)
2026/10/08 09:02:18 OK   00021_sp04_archive_protection.sql (5.29ms)
2026/10/08 09:02:18 OK   00022_sp04_legal_hold_dependencies.sql (3.07ms)
2026/10/08 09:02:18 OK   00023_sp04_archive_query_intent.sql (3.82ms)
2026/10/08 09:02:18 OK   00024_sp05_finding_incident.sql (33.84ms)
2026/10/08 09:02:18 OK   00025_sp05_incident_event_time.sql (6.51ms)
2026/10/08 09:02:18 OK   00026_sp05_source_binding_lock.sql (4.74ms)
2026/10/08 09:02:18 OK   00027_sp05_rca_and_poll.sql (24.54ms)
2026/10/08 09:02:18 OK   00028_sp05_operator_lock.sql (19.98ms)
2026/10/08 09:02:18 OK   00029_sp05_evidence_links.sql (6.17ms)
2026/10/08 09:02:18 OK   00030_sp05_recipe_fence.sql (3.55ms)
2026/10/08 09:02:18 OK   00031_sp05_rca_postcheck.sql (2.94ms)
2026/10/08 09:02:18 OK   00032_sp05_transport_audit.sql (3.31ms)
2026/10/08 09:02:18 OK   00033_sp05_poll_resolution_clock.sql (3.48ms)
2026/10/08 09:02:18 OK   00034_sp06_investigation_ledger.sql (43.06ms)
2026/10/08 09:02:18 OK   00035_sp06_admission_data_classes.sql (5.49ms)
2026/10/08 09:02:18 goose: successfully migrated database to version: 35
2026/10/08 09:02:23 OK   00001_roles_and_schemas.sql (20.39ms)
2026/10/08 09:02:23 goose: successfully migrated database to version: 1
2026/10/08 09:02:23 OK   00002_platform_meta.sql (21.63ms)
2026/10/08 09:02:23 OK   00003_finding.sql (12.58ms)
2026/10/08 09:02:23 OK   00004_incident.sql (14.41ms)
2026/10/08 09:02:23 OK   00005_investigation.sql (26.37ms)
2026/10/08 09:02:23 OK   00006_action_command.sql (9.52ms)
2026/10/08 09:02:23 OK   00007_audit.sql (8.94ms)
2026/10/08 09:02:23 OK   00008_rls.sql (18.16ms)
2026/10/08 09:02:23 OK   00009_idempotency_ledger.sql (10.25ms)
2026/10/08 09:02:23 OK   00010_tenant_provisioning.sql (5.97ms)
2026/10/08 09:02:23 OK   00011_source_registration_history.sql (6.24ms)
2026/10/08 09:02:23 OK   00012_config_registry_lifecycle.sql (25.2ms)
2026/10/08 09:02:23 OK   00013_audit_signed_segments.sql (18.45ms)
2026/10/08 09:02:23 OK   00014_audit_segment_predecessors.sql (5.72ms)
2026/10/08 09:02:23 OK   00015_source_schema_scope.sql (5.14ms)
2026/10/08 09:02:23 OK   00016_cluster_registration_metadata.sql (9.6ms)
2026/10/08 09:02:23 OK   00017_source_data_scope.sql (6.24ms)
2026/10/08 09:02:23 OK   00018_sp04_resources_evidence.sql (29.9ms)
2026/10/08 09:02:23 OK   00019_sp04_archive_ciphertext_bytes.sql (3.85ms)
2026/10/08 09:02:23 OK   00020_sp04_request_ledger.sql (7.1ms)
2026/10/08 09:02:23 OK   00021_sp04_archive_protection.sql (6.15ms)
2026/10/08 09:02:23 OK   00022_sp04_legal_hold_dependencies.sql (4.87ms)
2026/10/08 09:02:23 OK   00023_sp04_archive_query_intent.sql (4.85ms)
2026/10/08 09:02:23 OK   00024_sp05_finding_incident.sql (31.63ms)
2026/10/08 09:02:23 OK   00025_sp05_incident_event_time.sql (6.14ms)
2026/10/08 09:02:23 OK   00026_sp05_source_binding_lock.sql (5.9ms)
2026/10/08 09:02:23 OK   00027_sp05_rca_and_poll.sql (20.8ms)
2026/10/08 09:02:23 OK   00028_sp05_operator_lock.sql (3.56ms)
2026/10/08 09:02:23 OK   00029_sp05_evidence_links.sql (9.31ms)
2026/10/08 09:02:23 OK   00030_sp05_recipe_fence.sql (4.22ms)
2026/10/08 09:02:23 OK   00031_sp05_rca_postcheck.sql (7.39ms)
2026/10/08 09:02:23 OK   00032_sp05_transport_audit.sql (15.87ms)
2026/10/08 09:02:23 OK   00033_sp05_poll_resolution_clock.sql (9.28ms)
2026/10/08 09:02:23 OK   00034_sp06_investigation_ledger.sql (44.56ms)
2026/10/08 09:02:23 OK   00035_sp06_admission_data_classes.sql (5.21ms)
2026/10/08 09:02:23 goose: successfully migrated database to version: 35
2026/10/08 09:02:46 OK   00001_roles_and_schemas.sql (25.07ms)
2026/10/08 09:02:46 OK   00002_platform_meta.sql (64.38ms)
2026/10/08 09:02:46 OK   00003_finding.sql (20.17ms)
2026/10/08 09:02:46 OK   00004_incident.sql (12.88ms)
2026/10/08 09:02:46 OK   00005_investigation.sql (14.01ms)
2026/10/08 09:02:46 OK   00006_action_command.sql (7.09ms)
2026/10/08 09:02:46 OK   00007_audit.sql (28.53ms)
2026/10/08 09:02:46 OK   00008_rls.sql (11.74ms)
2026/10/08 09:02:46 OK   00009_idempotency_ledger.sql (7.94ms)
2026/10/08 09:02:46 OK   00010_tenant_provisioning.sql (9.72ms)
2026/10/08 09:02:46 OK   00011_source_registration_history.sql (33.65ms)
2026/10/08 09:02:46 OK   00012_config_registry_lifecycle.sql (38.27ms)
2026/10/08 09:02:46 OK   00013_audit_signed_segments.sql (27.63ms)
2026/10/08 09:02:46 OK   00014_audit_segment_predecessors.sql (6.19ms)
2026/10/08 09:02:46 OK   00015_source_schema_scope.sql (2.82ms)
2026/10/08 09:02:46 OK   00016_cluster_registration_metadata.sql (5.25ms)
2026/10/08 09:02:46 OK   00017_source_data_scope.sql (5.32ms)
2026/10/08 09:02:46 OK   00018_sp04_resources_evidence.sql (30.57ms)
2026/10/08 09:02:46 OK   00019_sp04_archive_ciphertext_bytes.sql (5.5ms)
2026/10/08 09:02:46 OK   00020_sp04_request_ledger.sql (8.63ms)
2026/10/08 09:02:46 OK   00021_sp04_archive_protection.sql (3.75ms)
2026/10/08 09:02:46 OK   00022_sp04_legal_hold_dependencies.sql (2.72ms)
2026/10/08 09:02:46 OK   00023_sp04_archive_query_intent.sql (3.07ms)
2026/10/08 09:02:46 OK   00024_sp05_finding_incident.sql (46.15ms)
2026/10/08 09:02:46 OK   00025_sp05_incident_event_time.sql (11.85ms)
2026/10/08 09:02:46 OK   00026_sp05_source_binding_lock.sql (12.2ms)
2026/10/08 09:02:46 OK   00027_sp05_rca_and_poll.sql (18.96ms)
2026/10/08 09:02:46 OK   00028_sp05_operator_lock.sql (3.17ms)
2026/10/08 09:02:46 OK   00029_sp05_evidence_links.sql (4.93ms)
2026/10/08 09:02:46 OK   00030_sp05_recipe_fence.sql (10.97ms)
2026/10/08 09:02:46 OK   00031_sp05_rca_postcheck.sql (4.1ms)
2026/10/08 09:02:46 OK   00032_sp05_transport_audit.sql (8.05ms)
2026/10/08 09:02:46 OK   00033_sp05_poll_resolution_clock.sql (7.04ms)
2026/10/08 09:02:46 OK   00034_sp06_investigation_ledger.sql (45.84ms)
2026/10/08 09:02:46 OK   00035_sp06_admission_data_classes.sql (9.24ms)
2026/10/08 09:02:46 goose: successfully migrated database to version: 35
2026/10/08 09:02:47 OK   00001_roles_and_schemas.sql (44.69ms)
2026/10/08 09:02:47 goose: successfully migrated database to version: 1
2026/10/08 09:02:47 OK   00002_platform_meta.sql (36.17ms)
2026/10/08 09:02:47 OK   00003_finding.sql (26.86ms)
2026/10/08 09:02:47 OK   00004_incident.sql (9.25ms)
2026/10/08 09:02:47 OK   00005_investigation.sql (5.95ms)
2026/10/08 09:02:47 OK   00006_action_command.sql (18.59ms)
2026/10/08 09:02:47 OK   00007_audit.sql (21.26ms)
2026/10/08 09:02:47 OK   00008_rls.sql (38.6ms)
2026/10/08 09:02:47 OK   00009_idempotency_ledger.sql (37.97ms)
2026/10/08 09:02:47 OK   00010_tenant_provisioning.sql (13.49ms)
2026/10/08 09:02:47 OK   00011_source_registration_history.sql (40.66ms)
2026/10/08 09:02:47 OK   00012_config_registry_lifecycle.sql (59.63ms)
2026/10/08 09:02:47 OK   00013_audit_signed_segments.sql (79.69ms)
2026/10/08 09:02:47 OK   00014_audit_segment_predecessors.sql (23.96ms)
2026/10/08 09:02:47 OK   00015_source_schema_scope.sql (7.79ms)
2026/10/08 09:02:47 OK   00016_cluster_registration_metadata.sql (11.93ms)
2026/10/08 09:02:47 OK   00017_source_data_scope.sql (6.45ms)
2026/10/08 09:02:47 OK   00018_sp04_resources_evidence.sql (35.24ms)
2026/10/08 09:02:47 OK   00019_sp04_archive_ciphertext_bytes.sql (7.77ms)
2026/10/08 09:02:47 OK   00020_sp04_request_ledger.sql (7.33ms)
2026/10/08 09:02:47 OK   00021_sp04_archive_protection.sql (8.38ms)
2026/10/08 09:02:47 OK   00022_sp04_legal_hold_dependencies.sql (7.34ms)
2026/10/08 09:02:47 OK   00023_sp04_archive_query_intent.sql (8.64ms)
2026/10/08 09:02:47 OK   00024_sp05_finding_incident.sql (27.99ms)
2026/10/08 09:02:47 OK   00025_sp05_incident_event_time.sql (10ms)
2026/10/08 09:02:47 OK   00026_sp05_source_binding_lock.sql (10.22ms)
2026/10/08 09:02:47 OK   00027_sp05_rca_and_poll.sql (14.4ms)
2026/10/08 09:02:47 OK   00028_sp05_operator_lock.sql (7.8ms)
2026/10/08 09:02:47 OK   00029_sp05_evidence_links.sql (19.41ms)
2026/10/08 09:02:47 OK   00030_sp05_recipe_fence.sql (3.83ms)
2026/10/08 09:02:47 OK   00031_sp05_rca_postcheck.sql (7.93ms)
2026/10/08 09:02:47 OK   00032_sp05_transport_audit.sql (16.15ms)
2026/10/08 09:02:47 OK   00033_sp05_poll_resolution_clock.sql (11.07ms)
2026/10/08 09:02:47 OK   00034_sp06_investigation_ledger.sql (33.18ms)
2026/10/08 09:02:47 OK   00035_sp06_admission_data_classes.sql (10.75ms)
2026/10/08 09:02:47 goose: successfully migrated database to version: 35
FAIL
FAIL	ops-platform/test/integration	906.761s
ok  	ops-platform/test/security	(cached)
?   	ops-platform/test/tools/sp05-analyzer-check	[no test files]
?   	ops-platform/test/tools/sp05-worker-check	[no test files]
?   	ops-platform/test/tools/sp06-dispatcher-process	[no test files]
FAIL
make: *** [test-unit] Error 1
