python3 scripts/check-generated.py "go" gen web/src/api/generated internal/persistence/dbgen services/investigator/src/investigator/output.schema.json
✓ Lockfile passes supply-chain policies (verified 11d ago)
Lockfile is up to date, resolution step is skipped
Already up to date
Done in 176ms using pnpm v12.7.0
$ orval --config ./orval.config.ts
🍻 orval v8.37.0 - A swagger client generator for typescript
platform - Cleaning output folder
platform - 🎉 Smart Operations Platform API - Your OpenAPI spec has been converted into ready to use orval!
python3 scripts/prepare-runtime-source.py --check
{"modules": 98, "selectedModuleFiles": 2993, "standardLibraryFiles": 1386, "sourceBundleSHA256": "sha256:9628d31da79f4d4fcbffb303796aa805ee0508e732c66f203f2f330fb9bbe903"}
python3 scripts/prepare-migration-source.py --check
{"modules": 10, "selectedModuleFiles": 296, "standardLibraryFiles": 1129, "sourceBundleSHA256": "sha256:7eae032b1b99f0aec4b0ddbc6398e304fabeb68c176cf502c8c0f83bbc8d7639"}
go vet ./...
?   	ops-platform/api	[no test files]
?   	ops-platform/artifacts	[no test files]
?   	ops-platform/artifacts/pre-sp07/business-values-validation-r1	[no test files]
?   	ops-platform/artifacts/pre-sp07/checkpoint-observer-r1	[no test files]
?   	ops-platform/artifacts/task27-materials/sp010203-bao-operator	[no test files]
?   	ops-platform/artifacts/task27-materials/sp010203-cleanup-operator	[no test files]
?   	ops-platform/artifacts/task27-materials/sp010203-live-runtime-probe	[no test files]
?   	ops-platform/artifacts/task27-materials/sp010203-operator-helper	[no test files]
?   	ops-platform/artifacts/task27-materials/sp010203-role-probe	[no test files]
?   	ops-platform/bundle	[no test files]
ok  	ops-platform/cmd/db-migrate	(cached)
ok  	ops-platform/cmd/opsctl	(cached)
?   	ops-platform/cmd/platform-api	[no test files]
?   	ops-platform/cmd/platform-worker	[no test files]
?   	ops-platform/gen/api	[no test files]
?   	ops-platform/gen/internalgraph	[no test files]
ok  	ops-platform/internal/app	1.161s
ok  	ops-platform/internal/archive	(cached)
ok  	ops-platform/internal/audit	(cached)
ok  	ops-platform/internal/auth	(cached)
ok  	ops-platform/internal/bootstrap	(cached)
ok  	ops-platform/internal/bundle	(cached)
ok  	ops-platform/internal/bundle/drivers	(cached)
ok  	ops-platform/internal/configregistry	(cached)
?   	ops-platform/internal/contract	[no test files]
ok  	ops-platform/internal/crypto	(cached)
?   	ops-platform/internal/datascope	[no test files]
ok  	ops-platform/internal/evidence	(cached)
ok  	ops-platform/internal/finding	(cached)
ok  	ops-platform/internal/graph	(cached)
ok  	ops-platform/internal/httpapi	(cached)
ok  	ops-platform/internal/incident	(cached)
ok  	ops-platform/internal/inspection/hardware	(cached)
ok  	ops-platform/internal/inspection/kubernetes	(cached)
ok  	ops-platform/internal/inspection/npd	(cached)
?   	ops-platform/internal/integrations	[no test files]
ok  	ops-platform/internal/integrations/deepflow	(cached)
ok  	ops-platform/internal/integrations/k8sgpt	(cached)
ok  	ops-platform/internal/integrations/keycloak	(cached)
ok  	ops-platform/internal/integrations/kubernetes	(cached)
ok  	ops-platform/internal/integrations/openbao	(cached)
ok  	ops-platform/internal/integrations/redfish	(cached)
ok  	ops-platform/internal/integrations/s3	(cached)
?   	ops-platform/internal/integrations/victorialogs	[no test files]
?   	ops-platform/internal/integrations/victorialogs/adapter	[no test files]
?   	ops-platform/internal/integrations/victoriametrics	[no test files]
?   	ops-platform/internal/integrations/victoriametrics/adapter	[no test files]
?   	ops-platform/internal/integrations/vmalert	[no test files]
ok  	ops-platform/internal/investigation	(cached)
?   	ops-platform/internal/investigation/mcp	[no test files]
ok  	ops-platform/internal/investigation/tools	(cached)
ok  	ops-platform/internal/observability	(cached)
ok  	ops-platform/internal/persistence	(cached)
?   	ops-platform/internal/persistence/dbgen	[no test files]
ok  	ops-platform/internal/policy	(cached)
ok  	ops-platform/internal/profile	(cached)
ok  	ops-platform/internal/rca	1.221s
ok  	ops-platform/internal/resource	(cached)
?   	ops-platform/internal/resourcestore	[no test files]
ok  	ops-platform/internal/source	(cached)
ok  	ops-platform/internal/supplychain	(cached)
?   	ops-platform/internal/tenant	[no test files]
?   	ops-platform/internal/upstream/corootcheck	[no test files]
?   	ops-platform/internal/upstream/keepmodel	[no test files]
?   	ops-platform/internal/upstream/metal3	[no test files]
?   	ops-platform/internal/upstream/ontology/api	[no test files]
?   	ops-platform/internal/upstream/ontology/model	[no test files]
?   	ops-platform/internal/upstream/ontology/service/diagnostic	[no test files]
?   	ops-platform/policies	[no test files]
ok  	ops-platform/test/contract	(cached)
ok  	ops-platform/test/e2e	(cached)
?   	ops-platform/test/fixtures/sp04/profile-detect	[no test files]
?   	ops-platform/test/fixtures/upstream-inspection	[no test files]
2026/10/08 09:14:13 OK   00001_roles_and_schemas.sql (48.09ms)
2026/10/08 09:14:13 goose: successfully migrated database to version: 1
2026/10/08 09:14:13 OK   00002_platform_meta.sql (49.59ms)
2026/10/08 09:14:13 OK   00003_finding.sql (17.07ms)
2026/10/08 09:14:13 OK   00004_incident.sql (21.33ms)
2026/10/08 09:14:13 OK   00005_investigation.sql (19.85ms)
2026/10/08 09:14:13 OK   00006_action_command.sql (8.43ms)
2026/10/08 09:14:13 OK   00007_audit.sql (27.68ms)
2026/10/08 09:14:13 OK   00008_rls.sql (13.47ms)
2026/10/08 09:14:13 OK   00009_idempotency_ledger.sql (20.45ms)
2026/10/08 09:14:13 OK   00010_tenant_provisioning.sql (32.92ms)
2026/10/08 09:14:13 OK   00011_source_registration_history.sql (12.68ms)
2026/10/08 09:14:13 OK   00012_config_registry_lifecycle.sql (20.9ms)
2026/10/08 09:14:13 OK   00013_audit_signed_segments.sql (88.68ms)
2026/10/08 09:14:13 OK   00014_audit_segment_predecessors.sql (14.34ms)
2026/10/08 09:14:13 OK   00015_source_schema_scope.sql (9.04ms)
2026/10/08 09:14:13 OK   00016_cluster_registration_metadata.sql (7.64ms)
2026/10/08 09:14:13 OK   00017_source_data_scope.sql (7.79ms)
2026/10/08 09:14:13 OK   00018_sp04_resources_evidence.sql (24.71ms)
2026/10/08 09:14:13 OK   00019_sp04_archive_ciphertext_bytes.sql (3.81ms)
2026/10/08 09:14:13 OK   00020_sp04_request_ledger.sql (6.64ms)
2026/10/08 09:14:13 OK   00021_sp04_archive_protection.sql (10.34ms)
2026/10/08 09:14:13 OK   00022_sp04_legal_hold_dependencies.sql (4.7ms)
2026/10/08 09:14:13 OK   00023_sp04_archive_query_intent.sql (3.31ms)
2026/10/08 09:14:13 OK   00024_sp05_finding_incident.sql (31.87ms)
2026/10/08 09:14:13 OK   00025_sp05_incident_event_time.sql (5.35ms)
2026/10/08 09:14:13 OK   00026_sp05_source_binding_lock.sql (3.95ms)
2026/10/08 09:14:13 OK   00027_sp05_rca_and_poll.sql (32.95ms)
2026/10/08 09:14:13 OK   00028_sp05_operator_lock.sql (11.8ms)
2026/10/08 09:14:13 OK   00029_sp05_evidence_links.sql (7.1ms)
2026/10/08 09:14:13 OK   00030_sp05_recipe_fence.sql (3.38ms)
2026/10/08 09:14:13 OK   00031_sp05_rca_postcheck.sql (10.22ms)
2026/10/08 09:14:13 OK   00032_sp05_transport_audit.sql (14.65ms)
2026/10/08 09:14:13 OK   00033_sp05_poll_resolution_clock.sql (8.94ms)
2026/10/08 09:14:13 OK   00034_sp06_investigation_ledger.sql (30.54ms)
2026/10/08 09:14:13 OK   00035_sp06_admission_data_classes.sql (4.72ms)
2026/10/08 09:14:13 goose: successfully migrated database to version: 35
2026/10/08 09:14:14 OK   00001_roles_and_schemas.sql (24.58ms)
2026/10/08 09:14:14 goose: successfully migrated database to version: 1
2026/10/08 09:14:14 OK   00002_platform_meta.sql (46.02ms)
2026/10/08 09:14:14 OK   00003_finding.sql (26.17ms)
2026/10/08 09:14:14 OK   00004_incident.sql (7.85ms)
2026/10/08 09:14:14 OK   00005_investigation.sql (8.99ms)
2026/10/08 09:14:14 OK   00006_action_command.sql (6.36ms)
2026/10/08 09:14:14 OK   00007_audit.sql (18.59ms)
2026/10/08 09:14:14 OK   00008_rls.sql (19.4ms)
2026/10/08 09:14:14 OK   00009_idempotency_ledger.sql (8.9ms)
2026/10/08 09:14:14 OK   00010_tenant_provisioning.sql (5.21ms)
2026/10/08 09:14:14 OK   00011_source_registration_history.sql (24.56ms)
2026/10/08 09:14:14 OK   00012_config_registry_lifecycle.sql (17.25ms)
2026/10/08 09:14:14 OK   00013_audit_signed_segments.sql (21.01ms)
2026/10/08 09:14:14 OK   00014_audit_segment_predecessors.sql (15.08ms)
2026/10/08 09:14:14 OK   00015_source_schema_scope.sql (7.43ms)
2026/10/08 09:14:14 OK   00016_cluster_registration_metadata.sql (6.35ms)
2026/10/08 09:14:14 OK   00017_source_data_scope.sql (5.59ms)
2026/10/08 09:14:14 OK   00018_sp04_resources_evidence.sql (34.04ms)
2026/10/08 09:14:14 OK   00019_sp04_archive_ciphertext_bytes.sql (3.95ms)
2026/10/08 09:14:14 OK   00020_sp04_request_ledger.sql (14.65ms)
2026/10/08 09:14:14 OK   00021_sp04_archive_protection.sql (8.23ms)
2026/10/08 09:14:14 OK   00022_sp04_legal_hold_dependencies.sql (4.7ms)
2026/10/08 09:14:14 OK   00023_sp04_archive_query_intent.sql (6.82ms)
2026/10/08 09:14:14 OK   00024_sp05_finding_incident.sql (28.01ms)
2026/10/08 09:14:14 OK   00025_sp05_incident_event_time.sql (11.48ms)
2026/10/08 09:14:14 OK   00026_sp05_source_binding_lock.sql (8.38ms)
2026/10/08 09:14:14 OK   00027_sp05_rca_and_poll.sql (9.91ms)
2026/10/08 09:14:14 OK   00028_sp05_operator_lock.sql (4.61ms)
2026/10/08 09:14:14 OK   00029_sp05_evidence_links.sql (10.55ms)
2026/10/08 09:14:14 OK   00030_sp05_recipe_fence.sql (5.02ms)
2026/10/08 09:14:14 OK   00031_sp05_rca_postcheck.sql (4.84ms)
2026/10/08 09:14:14 OK   00032_sp05_transport_audit.sql (5.67ms)
2026/10/08 09:14:14 OK   00033_sp05_poll_resolution_clock.sql (7.28ms)
2026/10/08 09:14:14 OK   00034_sp06_investigation_ledger.sql (30.9ms)
2026/10/08 09:14:14 OK   00035_sp06_admission_data_classes.sql (4.93ms)
2026/10/08 09:14:14 goose: successfully migrated database to version: 35
2026/10/08 09:14:20 OK   00001_roles_and_schemas.sql (15.51ms)
2026/10/08 09:14:20 goose: successfully migrated database to version: 1
2026/10/08 09:14:20 OK   00002_platform_meta.sql (31.96ms)
2026/10/08 09:14:20 OK   00003_finding.sql (19.88ms)
2026/10/08 09:14:20 OK   00004_incident.sql (18.37ms)
2026/10/08 09:14:20 OK   00005_investigation.sql (7.76ms)
2026/10/08 09:14:20 OK   00006_action_command.sql (7.71ms)
2026/10/08 09:14:20 OK   00007_audit.sql (25.91ms)
2026/10/08 09:14:20 OK   00008_rls.sql (18.07ms)
2026/10/08 09:14:20 OK   00009_idempotency_ledger.sql (7.17ms)
2026/10/08 09:14:20 OK   00010_tenant_provisioning.sql (4.57ms)
2026/10/08 09:14:20 OK   00011_source_registration_history.sql (11.93ms)
2026/10/08 09:14:20 OK   00012_config_registry_lifecycle.sql (15.62ms)
2026/10/08 09:14:20 OK   00013_audit_signed_segments.sql (20.02ms)
2026/10/08 09:14:20 OK   00014_audit_segment_predecessors.sql (11.11ms)
2026/10/08 09:14:20 OK   00015_source_schema_scope.sql (4.59ms)
2026/10/08 09:14:20 OK   00016_cluster_registration_metadata.sql (11.47ms)
2026/10/08 09:14:20 OK   00017_source_data_scope.sql (5.81ms)
2026/10/08 09:14:20 OK   00018_sp04_resources_evidence.sql (22.29ms)
2026/10/08 09:14:20 OK   00019_sp04_archive_ciphertext_bytes.sql (9.72ms)
2026/10/08 09:14:20 OK   00020_sp04_request_ledger.sql (7.72ms)
2026/10/08 09:14:20 OK   00021_sp04_archive_protection.sql (3.33ms)
2026/10/08 09:14:20 OK   00022_sp04_legal_hold_dependencies.sql (3.4ms)
2026/10/08 09:14:20 OK   00023_sp04_archive_query_intent.sql (3.01ms)
2026/10/08 09:14:20 OK   00024_sp05_finding_incident.sql (27.24ms)
2026/10/08 09:14:20 OK   00025_sp05_incident_event_time.sql (4.8ms)
2026/10/08 09:14:20 OK   00026_sp05_source_binding_lock.sql (6.58ms)
2026/10/08 09:14:20 OK   00027_sp05_rca_and_poll.sql (8.54ms)
2026/10/08 09:14:20 OK   00028_sp05_operator_lock.sql (7.3ms)
2026/10/08 09:14:20 OK   00029_sp05_evidence_links.sql (13.76ms)
2026/10/08 09:14:20 OK   00030_sp05_recipe_fence.sql (5.66ms)
2026/10/08 09:14:20 OK   00031_sp05_rca_postcheck.sql (11.1ms)
2026/10/08 09:14:20 OK   00032_sp05_transport_audit.sql (4.86ms)
2026/10/08 09:14:20 OK   00033_sp05_poll_resolution_clock.sql (4.17ms)
2026/10/08 09:14:20 OK   00034_sp06_investigation_ledger.sql (47.67ms)
2026/10/08 09:14:20 OK   00035_sp06_admission_data_classes.sql (3.29ms)
2026/10/08 09:14:20 goose: successfully migrated database to version: 35
2026/10/08 09:14:20 OK   00001_roles_and_schemas.sql (21.51ms)
2026/10/08 09:14:20 goose: successfully migrated database to version: 1
2026/10/08 09:14:20 OK   00002_platform_meta.sql (20.82ms)
2026/10/08 09:14:20 OK   00003_finding.sql (25.08ms)
2026/10/08 09:14:20 OK   00004_incident.sql (8.92ms)
2026/10/08 09:14:20 OK   00005_investigation.sql (13.88ms)
2026/10/08 09:14:20 OK   00006_action_command.sql (8.31ms)
2026/10/08 09:14:20 OK   00007_audit.sql (16.82ms)
2026/10/08 09:14:20 OK   00008_rls.sql (36.64ms)
2026/10/08 09:14:20 OK   00009_idempotency_ledger.sql (8.9ms)
2026/10/08 09:14:20 OK   00010_tenant_provisioning.sql (5.44ms)
2026/10/08 09:14:20 OK   00011_source_registration_history.sql (14.26ms)
2026/10/08 09:14:20 OK   00012_config_registry_lifecycle.sql (11.61ms)
2026/10/08 09:14:20 OK   00013_audit_signed_segments.sql (13.63ms)
2026/10/08 09:14:20 OK   00014_audit_segment_predecessors.sql (14.62ms)
2026/10/08 09:14:20 OK   00015_source_schema_scope.sql (5.9ms)
2026/10/08 09:14:20 OK   00016_cluster_registration_metadata.sql (12.16ms)
2026/10/08 09:14:20 OK   00017_source_data_scope.sql (4.27ms)
2026/10/08 09:14:20 OK   00018_sp04_resources_evidence.sql (22.91ms)
2026/10/08 09:14:21 OK   00019_sp04_archive_ciphertext_bytes.sql (6.95ms)
2026/10/08 09:14:21 OK   00020_sp04_request_ledger.sql (6.82ms)
2026/10/08 09:14:21 OK   00021_sp04_archive_protection.sql (5.23ms)
2026/10/08 09:14:21 OK   00022_sp04_legal_hold_dependencies.sql (3.41ms)
2026/10/08 09:14:21 OK   00023_sp04_archive_query_intent.sql (3.47ms)
2026/10/08 09:14:21 OK   00024_sp05_finding_incident.sql (31.18ms)
2026/10/08 09:14:21 OK   00025_sp05_incident_event_time.sql (4.83ms)
2026/10/08 09:14:21 OK   00026_sp05_source_binding_lock.sql (6.57ms)
2026/10/08 09:14:21 OK   00027_sp05_rca_and_poll.sql (8.62ms)
2026/10/08 09:14:21 OK   00028_sp05_operator_lock.sql (3.78ms)
2026/10/08 09:14:21 OK   00029_sp05_evidence_links.sql (6.23ms)
2026/10/08 09:14:21 OK   00030_sp05_recipe_fence.sql (4.64ms)
2026/10/08 09:14:21 OK   00031_sp05_rca_postcheck.sql (4.78ms)
2026/10/08 09:14:21 OK   00032_sp05_transport_audit.sql (4.79ms)
2026/10/08 09:14:21 OK   00033_sp05_poll_resolution_clock.sql (5.85ms)
2026/10/08 09:14:21 OK   00034_sp06_investigation_ledger.sql (43.42ms)
2026/10/08 09:14:21 OK   00035_sp06_admission_data_classes.sql (5.22ms)
2026/10/08 09:14:21 goose: successfully migrated database to version: 35
2026/10/08 09:14:21 OK   00001_roles_and_schemas.sql (19.09ms)
2026/10/08 09:14:21 goose: successfully migrated database to version: 1
2026/10/08 09:14:21 OK   00002_platform_meta.sql (41.89ms)
2026/10/08 09:14:21 OK   00003_finding.sql (16.61ms)
2026/10/08 09:14:21 OK   00004_incident.sql (18.85ms)
2026/10/08 09:14:21 OK   00005_investigation.sql (11.54ms)
2026/10/08 09:14:21 OK   00006_action_command.sql (6.01ms)
2026/10/08 09:14:21 OK   00007_audit.sql (17.56ms)
2026/10/08 09:14:21 OK   00008_rls.sql (18.82ms)
2026/10/08 09:14:21 OK   00009_idempotency_ledger.sql (9.35ms)
2026/10/08 09:14:21 OK   00010_tenant_provisioning.sql (6.75ms)
2026/10/08 09:14:21 OK   00011_source_registration_history.sql (17.93ms)
2026/10/08 09:14:21 OK   00012_config_registry_lifecycle.sql (9.71ms)
2026/10/08 09:14:21 OK   00013_audit_signed_segments.sql (9.08ms)
2026/10/08 09:14:21 OK   00014_audit_segment_predecessors.sql (7.09ms)
2026/10/08 09:14:21 OK   00015_source_schema_scope.sql (8.27ms)
2026/10/08 09:14:21 OK   00016_cluster_registration_metadata.sql (5.93ms)
2026/10/08 09:14:21 OK   00017_source_data_scope.sql (4.75ms)
2026/10/08 09:14:21 OK   00018_sp04_resources_evidence.sql (20.97ms)
2026/10/08 09:14:21 OK   00019_sp04_archive_ciphertext_bytes.sql (7.07ms)
2026/10/08 09:14:22 OK   00020_sp04_request_ledger.sql (17.8ms)
2026/10/08 09:14:22 OK   00021_sp04_archive_protection.sql (10.63ms)
2026/10/08 09:14:22 OK   00022_sp04_legal_hold_dependencies.sql (2.56ms)
2026/10/08 09:14:22 OK   00023_sp04_archive_query_intent.sql (10.64ms)
2026/10/08 09:14:22 OK   00024_sp05_finding_incident.sql (26.47ms)
2026/10/08 09:14:22 OK   00025_sp05_incident_event_time.sql (2.68ms)
2026/10/08 09:14:22 OK   00026_sp05_source_binding_lock.sql (3.77ms)
2026/10/08 09:14:22 OK   00027_sp05_rca_and_poll.sql (8.8ms)
2026/10/08 09:14:22 OK   00028_sp05_operator_lock.sql (5.56ms)
2026/10/08 09:14:22 OK   00029_sp05_evidence_links.sql (9.47ms)
2026/10/08 09:14:22 OK   00030_sp05_recipe_fence.sql (4.62ms)
2026/10/08 09:14:22 OK   00031_sp05_rca_postcheck.sql (7.76ms)
2026/10/08 09:14:22 OK   00032_sp05_transport_audit.sql (3.8ms)
2026/10/08 09:14:22 OK   00033_sp05_poll_resolution_clock.sql (3.68ms)
2026/10/08 09:14:22 OK   00034_sp06_investigation_ledger.sql (35.83ms)
2026/10/08 09:14:22 OK   00035_sp06_admission_data_classes.sql (2.97ms)
2026/10/08 09:14:22 goose: successfully migrated database to version: 35
2026/10/08 09:14:27 OK   00001_roles_and_schemas.sql (59.81ms)
2026/10/08 09:14:27 goose: successfully migrated database to version: 1
2026/10/08 09:14:27 OK   00002_platform_meta.sql (45.26ms)
2026/10/08 09:14:27 OK   00003_finding.sql (50.19ms)
2026/10/08 09:14:27 OK   00004_incident.sql (51.38ms)
2026/10/08 09:14:27 OK   00005_investigation.sql (33.26ms)
2026/10/08 09:14:27 OK   00006_action_command.sql (23.32ms)
2026/10/08 09:14:27 OK   00007_audit.sql (37.72ms)
2026/10/08 09:14:27 OK   00008_rls.sql (51.1ms)
2026/10/08 09:14:27 OK   00009_idempotency_ledger.sql (22.53ms)
2026/10/08 09:14:27 OK   00010_tenant_provisioning.sql (9.43ms)
2026/10/08 09:14:27 OK   00011_source_registration_history.sql (31.76ms)
2026/10/08 09:14:27 OK   00012_config_registry_lifecycle.sql (26.01ms)
2026/10/08 09:14:27 OK   00013_audit_signed_segments.sql (35.31ms)
2026/10/08 09:14:27 OK   00014_audit_segment_predecessors.sql (14.36ms)
2026/10/08 09:14:27 OK   00015_source_schema_scope.sql (6.17ms)
2026/10/08 09:14:27 OK   00016_cluster_registration_metadata.sql (7.76ms)
2026/10/08 09:14:27 OK   00017_source_data_scope.sql (7.19ms)
2026/10/08 09:14:27 OK   00018_sp04_resources_evidence.sql (37.99ms)
2026/10/08 09:14:27 OK   00019_sp04_archive_ciphertext_bytes.sql (10.24ms)
2026/10/08 09:14:27 OK   00020_sp04_request_ledger.sql (8.99ms)
2026/10/08 09:14:27 OK   00021_sp04_archive_protection.sql (12.86ms)
2026/10/08 09:14:27 OK   00022_sp04_legal_hold_dependencies.sql (6.03ms)
2026/10/08 09:14:28 OK   00023_sp04_archive_query_intent.sql (19.54ms)
2026/10/08 09:14:28 OK   00024_sp05_finding_incident.sql (101.59ms)
2026/10/08 09:14:28 OK   00025_sp05_incident_event_time.sql (20.87ms)
2026/10/08 09:14:28 OK   00026_sp05_source_binding_lock.sql (18.06ms)
2026/10/08 09:14:28 OK   00027_sp05_rca_and_poll.sql (20.17ms)
2026/10/08 09:14:28 OK   00028_sp05_operator_lock.sql (8.18ms)
2026/10/08 09:14:28 OK   00029_sp05_evidence_links.sql (31.42ms)
2026/10/08 09:14:28 OK   00030_sp05_recipe_fence.sql (27.41ms)
2026/10/08 09:14:28 OK   00031_sp05_rca_postcheck.sql (8.67ms)
2026/10/08 09:14:28 OK   00032_sp05_transport_audit.sql (10.93ms)
2026/10/08 09:14:28 OK   00033_sp05_poll_resolution_clock.sql (46.44ms)
2026/10/08 09:14:28 OK   00034_sp06_investigation_ledger.sql (73.46ms)
2026/10/08 09:14:28 OK   00035_sp06_admission_data_classes.sql (6.33ms)
2026/10/08 09:14:28 goose: successfully migrated database to version: 35
2026/10/08 09:14:29 OK   00001_roles_and_schemas.sql (20.76ms)
2026/10/08 09:14:29 goose: successfully migrated database to version: 1
2026/10/08 09:14:29 OK   00002_platform_meta.sql (78.05ms)
2026/10/08 09:14:29 OK   00003_finding.sql (21.96ms)
2026/10/08 09:14:29 OK   00004_incident.sql (11.76ms)
2026/10/08 09:14:29 OK   00005_investigation.sql (11.08ms)
2026/10/08 09:14:29 OK   00006_action_command.sql (10.37ms)
2026/10/08 09:14:29 OK   00007_audit.sql (12.25ms)
2026/10/08 09:14:29 OK   00008_rls.sql (10.68ms)
2026/10/08 09:14:29 OK   00009_idempotency_ledger.sql (10.2ms)
2026/10/08 09:14:29 OK   00010_tenant_provisioning.sql (8.59ms)
2026/10/08 09:14:29 OK   00011_source_registration_history.sql (8.72ms)
2026/10/08 09:14:29 OK   00012_config_registry_lifecycle.sql (17.54ms)
2026/10/08 09:14:29 OK   00013_audit_signed_segments.sql (36.71ms)
2026/10/08 09:14:29 OK   00014_audit_segment_predecessors.sql (9.67ms)
2026/10/08 09:14:29 OK   00015_source_schema_scope.sql (5.81ms)
2026/10/08 09:14:29 OK   00016_cluster_registration_metadata.sql (5.5ms)
2026/10/08 09:14:29 OK   00017_source_data_scope.sql (5.3ms)
2026/10/08 09:14:29 OK   00018_sp04_resources_evidence.sql (42.36ms)
2026/10/08 09:14:29 OK   00019_sp04_archive_ciphertext_bytes.sql (3.64ms)
2026/10/08 09:14:29 OK   00020_sp04_request_ledger.sql (7.11ms)
2026/10/08 09:14:29 OK   00021_sp04_archive_protection.sql (5.38ms)
2026/10/08 09:14:29 OK   00022_sp04_legal_hold_dependencies.sql (6.14ms)
2026/10/08 09:14:29 OK   00023_sp04_archive_query_intent.sql (8.63ms)
2026/10/08 09:14:29 OK   00024_sp05_finding_incident.sql (35.78ms)
2026/10/08 09:14:30 OK   00025_sp05_incident_event_time.sql (10.37ms)
2026/10/08 09:14:30 OK   00026_sp05_source_binding_lock.sql (42.87ms)
2026/10/08 09:14:30 OK   00027_sp05_rca_and_poll.sql (12.39ms)
2026/10/08 09:14:30 OK   00028_sp05_operator_lock.sql (16.01ms)
2026/10/08 09:14:30 OK   00029_sp05_evidence_links.sql (13.58ms)
2026/10/08 09:14:30 OK   00030_sp05_recipe_fence.sql (3.48ms)
2026/10/08 09:14:30 OK   00031_sp05_rca_postcheck.sql (3.97ms)
2026/10/08 09:14:30 OK   00032_sp05_transport_audit.sql (3.47ms)
2026/10/08 09:14:30 OK   00033_sp05_poll_resolution_clock.sql (4.36ms)
2026/10/08 09:14:30 OK   00034_sp06_investigation_ledger.sql (28.92ms)
2026/10/08 09:14:30 OK   00035_sp06_admission_data_classes.sql (4.11ms)
2026/10/08 09:14:30 goose: successfully migrated database to version: 35
2026/10/08 09:15:00 OK   00001_roles_and_schemas.sql (41.32ms)
2026/10/08 09:15:00 goose: successfully migrated database to version: 1
2026/10/08 09:15:00 OK   00002_platform_meta.sql (54.75ms)
2026/10/08 09:15:00 OK   00003_finding.sql (9.33ms)
2026/10/08 09:15:00 OK   00004_incident.sql (36.1ms)
2026/10/08 09:15:00 OK   00005_investigation.sql (12.79ms)
2026/10/08 09:15:00 OK   00006_action_command.sql (21.65ms)
2026/10/08 09:15:00 OK   00007_audit.sql (29.41ms)
2026/10/08 09:15:00 OK   00008_rls.sql (27.77ms)
2026/10/08 09:15:00 OK   00009_idempotency_ledger.sql (15.77ms)
2026/10/08 09:15:00 OK   00010_tenant_provisioning.sql (25.78ms)
2026/10/08 09:15:00 OK   00011_source_registration_history.sql (9.07ms)
2026/10/08 09:15:00 OK   00012_config_registry_lifecycle.sql (48.53ms)
2026/10/08 09:15:01 OK   00013_audit_signed_segments.sql (33.62ms)
2026/10/08 09:15:01 OK   00014_audit_segment_predecessors.sql (11.5ms)
2026/10/08 09:15:01 OK   00015_source_schema_scope.sql (6.9ms)
2026/10/08 09:15:01 OK   00016_cluster_registration_metadata.sql (11.69ms)
2026/10/08 09:15:01 OK   00017_source_data_scope.sql (10.87ms)
2026/10/08 09:15:01 OK   00018_sp04_resources_evidence.sql (40.79ms)
2026/10/08 09:15:01 OK   00019_sp04_archive_ciphertext_bytes.sql (5.7ms)
2026/10/08 09:15:01 OK   00020_sp04_request_ledger.sql (17.2ms)
2026/10/08 09:15:01 OK   00021_sp04_archive_protection.sql (4.65ms)
2026/10/08 09:15:01 OK   00022_sp04_legal_hold_dependencies.sql (12.66ms)
2026/10/08 09:15:01 OK   00023_sp04_archive_query_intent.sql (26.24ms)
2026/10/08 09:15:01 OK   00024_sp05_finding_incident.sql (54.17ms)
2026/10/08 09:15:01 OK   00025_sp05_incident_event_time.sql (2.82ms)
2026/10/08 09:15:01 OK   00026_sp05_source_binding_lock.sql (5.96ms)
2026/10/08 09:15:01 OK   00027_sp05_rca_and_poll.sql (19.74ms)
2026/10/08 09:15:01 OK   00028_sp05_operator_lock.sql (6.48ms)
2026/10/08 09:15:01 OK   00029_sp05_evidence_links.sql (6.3ms)
2026/10/08 09:15:01 OK   00030_sp05_recipe_fence.sql (3.26ms)
2026/10/08 09:15:01 OK   00031_sp05_rca_postcheck.sql (2.24ms)
2026/10/08 09:15:01 OK   00032_sp05_transport_audit.sql (2.74ms)
2026/10/08 09:15:01 OK   00033_sp05_poll_resolution_clock.sql (9.61ms)
2026/10/08 09:15:01 OK   00034_sp06_investigation_ledger.sql (33.92ms)
2026/10/08 09:15:01 OK   00035_sp06_admission_data_classes.sql (3.94ms)
2026/10/08 09:15:01 goose: successfully migrated database to version: 35
{"time":"2026-10-08T09:15:01.512828+08:00","level":"INFO","msg":"http request complete","request_id":"01a11913-f7de-704a-9d4b-a1d4ce3a9aca","trace_id":"4bf92f3577b34da6a3ce929d0e0e4736","span_id":"bbae7ec1666b7d54","method":"GET","status_code":200,"duration_ms":42}
{"time":"2026-10-08T09:15:01.516563+08:00","level":"INFO","msg":"http request complete","request_id":"01a11913-f809-7138-970d-a9e98d94dd1a","trace_id":"4bf92f3577b34da6a3ce929d0e0e4736","span_id":"d91a0931e4d32810","method":"GET","status_code":200,"duration_ms":3}
{"time":"2026-10-08T09:15:01.519493+08:00","level":"INFO","msg":"http request complete","request_id":"01a11913-f80c-7dbb-862c-bbaf2c734b4d","trace_id":"4bf92f3577b34da6a3ce929d0e0e4736","span_id":"1abb39780200727b","method":"GET","status_code":200,"duration_ms":2}
{"time":"2026-10-08T09:15:01.522037+08:00","level":"INFO","msg":"http request complete","request_id":"01a11913-f80f-7b1b-87c1-2b5414ce6254","trace_id":"4bf92f3577b34da6a3ce929d0e0e4736","span_id":"5c934c676fce96bb","method":"GET","status_code":200,"duration_ms":2}
{"time":"2026-10-08T09:15:01.524147+08:00","level":"INFO","msg":"http request complete","request_id":"01a11913-f812-7376-9a54-3c1645088409","trace_id":"4bf92f3577b34da6a3ce929d0e0e4736","span_id":"69f4e46f97de37ea","method":"GET","status_code":200,"duration_ms":1}
{"time":"2026-10-08T09:15:01.528181+08:00","level":"INFO","msg":"http request complete","request_id":"01a11913-f814-75d4-a56c-7e176925903f","trace_id":"4bf92f3577b34da6a3ce929d0e0e4736","span_id":"207f1bf21c0af56b","method":"GET","status_code":200,"duration_ms":3}
{"time":"2026-10-08T09:15:01.577179+08:00","level":"INFO","msg":"http request complete","request_id":"01a11913-f818-76d6-ac96-ba498607f885","trace_id":"3175313030c2e5a238eeef849a1bd413","span_id":"efc4a1aa73f2fd3d","method":"POST","status_code":201,"duration_ms":48}
{"time":"2026-10-08T09:15:01.590117+08:00","level":"INFO","msg":"http request complete","request_id":"01a11913-f849-7812-976e-817fc95bb737","trace_id":"61a7c037e370e1235b74621e1efca0bc","span_id":"bc86145954cfae5f","method":"POST","status_code":201,"duration_ms":12}
{"time":"2026-10-08T09:15:01.592426+08:00","level":"WARN","msg":"trace export failed","signal":"traces"}
{"time":"2026-10-08T09:15:01.594827+08:00","level":"INFO","msg":"http request complete","request_id":"01a11913-f858-79c0-82fd-1bdf026771ee","trace_id":"9fff2aa96ac44bc67013aaf2af7ce73a","span_id":"a2f6b0d1d1583001","method":"GET","status_code":200,"duration_ms":2}
2026/10/08 09:15:01 OK   00001_roles_and_schemas.sql (25.16ms)
2026/10/08 09:15:01 goose: successfully migrated database to version: 1
2026/10/08 09:15:01 OK   00002_platform_meta.sql (60.07ms)
2026/10/08 09:15:01 OK   00003_finding.sql (28.4ms)
2026/10/08 09:15:01 OK   00004_incident.sql (20.49ms)
2026/10/08 09:15:01 OK   00005_investigation.sql (9.12ms)
2026/10/08 09:15:01 OK   00006_action_command.sql (33.4ms)
2026/10/08 09:15:01 OK   00007_audit.sql (31.17ms)
2026/10/08 09:15:01 OK   00008_rls.sql (16.87ms)
2026/10/08 09:15:02 OK   00009_idempotency_ledger.sql (32.21ms)
2026/10/08 09:15:02 OK   00010_tenant_provisioning.sql (5.49ms)
2026/10/08 09:15:02 OK   00011_source_registration_history.sql (7.02ms)
2026/10/08 09:15:02 OK   00012_config_registry_lifecycle.sql (38.86ms)
2026/10/08 09:15:02 OK   00013_audit_signed_segments.sql (28.72ms)
2026/10/08 09:15:02 OK   00014_audit_segment_predecessors.sql (25.28ms)
2026/10/08 09:15:02 OK   00015_source_schema_scope.sql (3.4ms)
2026/10/08 09:15:02 OK   00016_cluster_registration_metadata.sql (5.12ms)
2026/10/08 09:15:02 OK   00017_source_data_scope.sql (4.97ms)
2026/10/08 09:15:02 OK   00018_sp04_resources_evidence.sql (106.99ms)
2026/10/08 09:15:02 OK   00019_sp04_archive_ciphertext_bytes.sql (7.81ms)
2026/10/08 09:15:02 OK   00020_sp04_request_ledger.sql (8.93ms)
2026/10/08 09:15:02 OK   00021_sp04_archive_protection.sql (5.43ms)
2026/10/08 09:15:02 OK   00022_sp04_legal_hold_dependencies.sql (3.99ms)
2026/10/08 09:15:02 OK   00023_sp04_archive_query_intent.sql (15.3ms)
2026/10/08 09:15:02 OK   00024_sp05_finding_incident.sql (48.08ms)
2026/10/08 09:15:02 OK   00025_sp05_incident_event_time.sql (4.29ms)
2026/10/08 09:15:02 OK   00026_sp05_source_binding_lock.sql (10.13ms)
2026/10/08 09:15:02 OK   00027_sp05_rca_and_poll.sql (124.71ms)
2026/10/08 09:15:02 OK   00028_sp05_operator_lock.sql (6.28ms)
2026/10/08 09:15:02 OK   00029_sp05_evidence_links.sql (53.29ms)
2026/10/08 09:15:02 OK   00030_sp05_recipe_fence.sql (10.8ms)
2026/10/08 09:15:02 OK   00031_sp05_rca_postcheck.sql (26.94ms)
2026/10/08 09:15:02 OK   00032_sp05_transport_audit.sql (14.39ms)
2026/10/08 09:15:02 OK   00033_sp05_poll_resolution_clock.sql (7.94ms)
2026/10/08 09:15:02 OK   00034_sp06_investigation_ledger.sql (42.35ms)
2026/10/08 09:15:02 OK   00035_sp06_admission_data_classes.sql (8.06ms)
2026/10/08 09:15:02 goose: successfully migrated database to version: 35
2026/10/08 09:15:02 OK   00036_review_failure.sql (21.64ms)
2026/10/08 09:15:02 goose: successfully migrated database to version: 36
2026/10/08 09:15:07 OK   00001_roles_and_schemas.sql (43.62ms)
2026/10/08 09:15:07 goose: successfully migrated database to version: 1
2026/10/08 09:15:07 OK   00002_platform_meta.sql (97.38ms)
2026/10/08 09:15:07 OK   00003_finding.sql (51.76ms)
2026/10/08 09:15:07 OK   00004_incident.sql (38.84ms)
2026/10/08 09:15:07 OK   00005_investigation.sql (16.75ms)
2026/10/08 09:15:07 OK   00006_action_command.sql (304.89ms)
2026/10/08 09:15:07 OK   00007_audit.sql (31.49ms)
2026/10/08 09:15:07 OK   00008_rls.sql (47.98ms)
2026/10/08 09:15:07 OK   00009_idempotency_ledger.sql (11.45ms)
2026/10/08 09:15:07 OK   00010_tenant_provisioning.sql (8.94ms)
2026/10/08 09:15:08 OK   00011_source_registration_history.sql (19.31ms)
2026/10/08 09:15:08 OK   00012_config_registry_lifecycle.sql (24.26ms)
2026/10/08 09:15:08 OK   00013_audit_signed_segments.sql (30.38ms)
2026/10/08 09:15:08 OK   00014_audit_segment_predecessors.sql (13.09ms)
2026/10/08 09:15:08 OK   00015_source_schema_scope.sql (5.33ms)
2026/10/08 09:15:08 OK   00016_cluster_registration_metadata.sql (8.64ms)
2026/10/08 09:15:08 OK   00017_source_data_scope.sql (8.24ms)
2026/10/08 09:15:08 OK   00018_sp04_resources_evidence.sql (25.37ms)
2026/10/08 09:15:08 OK   00019_sp04_archive_ciphertext_bytes.sql (5.73ms)
2026/10/08 09:15:08 OK   00020_sp04_request_ledger.sql (10.43ms)
2026/10/08 09:15:08 OK   00021_sp04_archive_protection.sql (4.34ms)
2026/10/08 09:15:08 OK   00022_sp04_legal_hold_dependencies.sql (4.05ms)
2026/10/08 09:15:08 OK   00023_sp04_archive_query_intent.sql (4.53ms)
2026/10/08 09:15:08 OK   00024_sp05_finding_incident.sql (38.94ms)
2026/10/08 09:15:08 OK   00025_sp05_incident_event_time.sql (3.02ms)
2026/10/08 09:15:08 OK   00026_sp05_source_binding_lock.sql (3.27ms)
2026/10/08 09:15:08 OK   00027_sp05_rca_and_poll.sql (12.44ms)
2026/10/08 09:15:08 OK   00028_sp05_operator_lock.sql (5.87ms)
2026/10/08 09:15:08 OK   00029_sp05_evidence_links.sql (8.18ms)
2026/10/08 09:15:08 OK   00030_sp05_recipe_fence.sql (6.01ms)
2026/10/08 09:15:08 OK   00031_sp05_rca_postcheck.sql (3.46ms)
2026/10/08 09:15:08 OK   00032_sp05_transport_audit.sql (9.99ms)
2026/10/08 09:15:08 OK   00033_sp05_poll_resolution_clock.sql (3.97ms)
2026/10/08 09:15:08 OK   00034_sp06_investigation_ledger.sql (46.02ms)
2026/10/08 09:15:08 OK   00035_sp06_admission_data_classes.sql (5.88ms)
2026/10/08 09:15:08 goose: successfully migrated database to version: 35
2026/10/08 09:15:08 OK   00001_roles_and_schemas.sql (13.91ms)
2026/10/08 09:15:08 goose: successfully migrated database to version: 1
2026/10/08 09:15:08 OK   00002_platform_meta.sql (23.82ms)
2026/10/08 09:15:08 OK   00003_finding.sql (19.42ms)
2026/10/08 09:15:08 OK   00004_incident.sql (5.8ms)
2026/10/08 09:15:08 OK   00005_investigation.sql (10.58ms)
2026/10/08 09:15:08 OK   00006_action_command.sql (11.41ms)
2026/10/08 09:15:08 OK   00007_audit.sql (17.42ms)
2026/10/08 09:15:08 OK   00008_rls.sql (26.08ms)
2026/10/08 09:15:08 OK   00009_idempotency_ledger.sql (12ms)
2026/10/08 09:15:08 OK   00010_tenant_provisioning.sql (7.73ms)
2026/10/08 09:15:08 OK   00011_source_registration_history.sql (26.31ms)
2026/10/08 09:15:08 OK   00012_config_registry_lifecycle.sql (15.02ms)
2026/10/08 09:15:08 OK   00013_audit_signed_segments.sql (28.27ms)
2026/10/08 09:15:08 OK   00014_audit_segment_predecessors.sql (7.09ms)
2026/10/08 09:15:08 OK   00015_source_schema_scope.sql (6.05ms)
2026/10/08 09:15:08 OK   00016_cluster_registration_metadata.sql (11.23ms)
2026/10/08 09:15:08 OK   00017_source_data_scope.sql (11.9ms)
2026/10/08 09:15:08 OK   00018_sp04_resources_evidence.sql (24.62ms)
2026/10/08 09:15:08 OK   00019_sp04_archive_ciphertext_bytes.sql (4.96ms)
2026/10/08 09:15:08 OK   00020_sp04_request_ledger.sql (10.03ms)
2026/10/08 09:15:08 OK   00021_sp04_archive_protection.sql (4.88ms)
2026/10/08 09:15:08 OK   00022_sp04_legal_hold_dependencies.sql (3ms)
2026/10/08 09:15:08 OK   00023_sp04_archive_query_intent.sql (2.82ms)
2026/10/08 09:15:09 OK   00024_sp05_finding_incident.sql (36.92ms)
2026/10/08 09:15:09 OK   00025_sp05_incident_event_time.sql (3.62ms)
2026/10/08 09:15:09 OK   00026_sp05_source_binding_lock.sql (4.05ms)
2026/10/08 09:15:09 OK   00027_sp05_rca_and_poll.sql (7.63ms)
2026/10/08 09:15:09 OK   00028_sp05_operator_lock.sql (5.18ms)
2026/10/08 09:15:09 OK   00029_sp05_evidence_links.sql (23.78ms)
2026/10/08 09:15:09 OK   00030_sp05_recipe_fence.sql (3.08ms)
2026/10/08 09:15:09 OK   00031_sp05_rca_postcheck.sql (3.1ms)
2026/10/08 09:15:09 OK   00032_sp05_transport_audit.sql (3.69ms)
2026/10/08 09:15:09 OK   00033_sp05_poll_resolution_clock.sql (3.11ms)
2026/10/08 09:15:09 OK   00034_sp06_investigation_ledger.sql (33.18ms)
2026/10/08 09:15:09 OK   00035_sp06_admission_data_classes.sql (5.32ms)
2026/10/08 09:15:09 goose: successfully migrated database to version: 35
2026/10/08 09:15:09 OK   00001_roles_and_schemas.sql (16.5ms)
2026/10/08 09:15:09 goose: successfully migrated database to version: 1
2026/10/08 09:15:09 OK   00002_platform_meta.sql (49.8ms)
2026/10/08 09:15:09 OK   00003_finding.sql (30.54ms)
2026/10/08 09:15:09 OK   00004_incident.sql (11.87ms)
2026/10/08 09:15:09 OK   00005_investigation.sql (16.63ms)
2026/10/08 09:15:09 OK   00006_action_command.sql (8.2ms)
2026/10/08 09:15:09 OK   00007_audit.sql (15.54ms)
2026/10/08 09:15:09 OK   00008_rls.sql (18.07ms)
2026/10/08 09:15:09 OK   00009_idempotency_ledger.sql (12.08ms)
2026/10/08 09:15:09 OK   00010_tenant_provisioning.sql (4.66ms)
2026/10/08 09:15:09 OK   00011_source_registration_history.sql (11.51ms)
2026/10/08 09:15:09 OK   00012_config_registry_lifecycle.sql (23.35ms)
2026/10/08 09:15:09 OK   00013_audit_signed_segments.sql (23.23ms)
2026/10/08 09:15:09 OK   00014_audit_segment_predecessors.sql (9.58ms)
2026/10/08 09:15:09 OK   00015_source_schema_scope.sql (8.4ms)
2026/10/08 09:15:09 OK   00016_cluster_registration_metadata.sql (7.79ms)
2026/10/08 09:15:09 OK   00017_source_data_scope.sql (7.96ms)
2026/10/08 09:15:09 OK   00018_sp04_resources_evidence.sql (22.68ms)
2026/10/08 09:15:09 OK   00019_sp04_archive_ciphertext_bytes.sql (12.23ms)
2026/10/08 09:15:09 OK   00020_sp04_request_ledger.sql (8.32ms)
2026/10/08 09:15:09 OK   00021_sp04_archive_protection.sql (2.97ms)
2026/10/08 09:15:09 OK   00022_sp04_legal_hold_dependencies.sql (2.71ms)
2026/10/08 09:15:09 OK   00023_sp04_archive_query_intent.sql (3.58ms)
2026/10/08 09:15:09 OK   00024_sp05_finding_incident.sql (64.63ms)
2026/10/08 09:15:09 OK   00025_sp05_incident_event_time.sql (3.28ms)
2026/10/08 09:15:09 OK   00026_sp05_source_binding_lock.sql (3.71ms)
2026/10/08 09:15:09 OK   00027_sp05_rca_and_poll.sql (8.92ms)
2026/10/08 09:15:09 OK   00028_sp05_operator_lock.sql (4.31ms)
2026/10/08 09:15:09 OK   00029_sp05_evidence_links.sql (11.83ms)
2026/10/08 09:15:09 OK   00030_sp05_recipe_fence.sql (14.84ms)
2026/10/08 09:15:09 OK   00031_sp05_rca_postcheck.sql (3.02ms)
2026/10/08 09:15:09 OK   00032_sp05_transport_audit.sql (3.12ms)
2026/10/08 09:15:09 OK   00033_sp05_poll_resolution_clock.sql (10.77ms)
2026/10/08 09:15:09 OK   00034_sp06_investigation_ledger.sql (47.28ms)
2026/10/08 09:15:09 OK   00035_sp06_admission_data_classes.sql (8.41ms)
2026/10/08 09:15:09 goose: successfully migrated database to version: 35
2026/10/08 09:15:10 OK   00001_roles_and_schemas.sql (27.8ms)
2026/10/08 09:15:10 goose: successfully migrated database to version: 1
2026/10/08 09:15:10 OK   00002_platform_meta.sql (17.8ms)
2026/10/08 09:15:10 OK   00003_finding.sql (21.99ms)
2026/10/08 09:15:10 OK   00004_incident.sql (13.2ms)
2026/10/08 09:15:10 OK   00005_investigation.sql (10.45ms)
2026/10/08 09:15:10 OK   00006_action_command.sql (6.63ms)
2026/10/08 09:15:10 OK   00007_audit.sql (14.74ms)
2026/10/08 09:15:10 OK   00008_rls.sql (11.61ms)
2026/10/08 09:15:10 OK   00009_idempotency_ledger.sql (17.5ms)
2026/10/08 09:15:10 OK   00010_tenant_provisioning.sql (6.82ms)
2026/10/08 09:15:10 OK   00011_source_registration_history.sql (27.27ms)
2026/10/08 09:15:10 OK   00012_config_registry_lifecycle.sql (26.23ms)
2026/10/08 09:15:10 OK   00013_audit_signed_segments.sql (37.09ms)
2026/10/08 09:15:10 OK   00014_audit_segment_predecessors.sql (11.64ms)
2026/10/08 09:15:10 OK   00015_source_schema_scope.sql (4.82ms)
2026/10/08 09:15:10 OK   00016_cluster_registration_metadata.sql (6.86ms)
2026/10/08 09:15:10 OK   00017_source_data_scope.sql (30.73ms)
2026/10/08 09:15:10 OK   00018_sp04_resources_evidence.sql (55.32ms)
2026/10/08 09:15:10 OK   00019_sp04_archive_ciphertext_bytes.sql (18.93ms)
2026/10/08 09:15:10 OK   00020_sp04_request_ledger.sql (6.96ms)
2026/10/08 09:15:10 OK   00021_sp04_archive_protection.sql (5.07ms)
2026/10/08 09:15:10 OK   00022_sp04_legal_hold_dependencies.sql (2.19ms)
2026/10/08 09:15:10 OK   00023_sp04_archive_query_intent.sql (3.79ms)
2026/10/08 09:15:10 OK   00024_sp05_finding_incident.sql (60.76ms)
2026/10/08 09:15:10 OK   00025_sp05_incident_event_time.sql (15.71ms)
2026/10/08 09:15:10 OK   00026_sp05_source_binding_lock.sql (23.56ms)
2026/10/08 09:15:10 OK   00027_sp05_rca_and_poll.sql (11.48ms)
2026/10/08 09:15:10 OK   00028_sp05_operator_lock.sql (9.89ms)
2026/10/08 09:15:10 OK   00029_sp05_evidence_links.sql (29.02ms)
2026/10/08 09:15:10 OK   00030_sp05_recipe_fence.sql (5.31ms)
2026/10/08 09:15:10 OK   00031_sp05_rca_postcheck.sql (3.32ms)
2026/10/08 09:15:10 OK   00032_sp05_transport_audit.sql (3.18ms)
2026/10/08 09:15:10 OK   00033_sp05_poll_resolution_clock.sql (3.53ms)
2026/10/08 09:15:10 OK   00034_sp06_investigation_ledger.sql (68.89ms)
2026/10/08 09:15:10 OK   00035_sp06_admission_data_classes.sql (7.37ms)
2026/10/08 09:15:10 goose: successfully migrated database to version: 35
2026/10/08 09:15:11 OK   00001_roles_and_schemas.sql (148.24ms)
2026/10/08 09:15:11 goose: successfully migrated database to version: 1
2026/10/08 09:15:20 OK   00002_platform_meta.sql (47.88ms)
2026/10/08 09:15:20 OK   00003_finding.sql (12.5ms)
2026/10/08 09:15:20 OK   00004_incident.sql (21.75ms)
2026/10/08 09:15:20 OK   00005_investigation.sql (12.75ms)
2026/10/08 09:15:20 OK   00006_action_command.sql (11.74ms)
2026/10/08 09:15:20 OK   00007_audit.sql (25.1ms)
2026/10/08 09:15:20 OK   00008_rls.sql (11.13ms)
2026/10/08 09:15:20 OK   00009_idempotency_ledger.sql (9.28ms)
2026/10/08 09:15:20 OK   00010_tenant_provisioning.sql (6.89ms)
2026/10/08 09:15:20 OK   00011_source_registration_history.sql (14.75ms)
2026/10/08 09:15:20 OK   00012_config_registry_lifecycle.sql (39.06ms)
2026/10/08 09:15:20 OK   00013_audit_signed_segments.sql (16.01ms)
2026/10/08 09:15:20 OK   00014_audit_segment_predecessors.sql (5.29ms)
2026/10/08 09:15:20 OK   00015_source_schema_scope.sql (4.66ms)
2026/10/08 09:15:20 OK   00016_cluster_registration_metadata.sql (20.06ms)
2026/10/08 09:15:20 OK   00017_source_data_scope.sql (12.76ms)
2026/10/08 09:15:20 OK   00018_sp04_resources_evidence.sql (19.1ms)
2026/10/08 09:15:20 OK   00019_sp04_archive_ciphertext_bytes.sql (5.99ms)
2026/10/08 09:15:20 OK   00020_sp04_request_ledger.sql (24.89ms)
2026/10/08 09:15:20 OK   00021_sp04_archive_protection.sql (3.54ms)
2026/10/08 09:15:20 OK   00022_sp04_legal_hold_dependencies.sql (6.75ms)
2026/10/08 09:15:20 OK   00023_sp04_archive_query_intent.sql (11.52ms)
2026/10/08 09:15:20 OK   00024_sp05_finding_incident.sql (30.13ms)
2026/10/08 09:15:20 OK   00025_sp05_incident_event_time.sql (4.69ms)
2026/10/08 09:15:20 OK   00026_sp05_source_binding_lock.sql (9.4ms)
2026/10/08 09:15:20 OK   00027_sp05_rca_and_poll.sql (20.55ms)
2026/10/08 09:15:20 OK   00028_sp05_operator_lock.sql (4.59ms)
2026/10/08 09:15:20 OK   00029_sp05_evidence_links.sql (49.93ms)
2026/10/08 09:15:20 OK   00030_sp05_recipe_fence.sql (63.67ms)
2026/10/08 09:15:20 OK   00031_sp05_rca_postcheck.sql (10.8ms)
2026/10/08 09:15:20 OK   00032_sp05_transport_audit.sql (11.31ms)
2026/10/08 09:15:20 OK   00033_sp05_poll_resolution_clock.sql (14.27ms)
2026/10/08 09:15:20 OK   00034_sp06_investigation_ledger.sql (44.03ms)
2026/10/08 09:15:20 OK   00035_sp06_admission_data_classes.sql (6.78ms)
2026/10/08 09:15:20 goose: successfully migrated database to version: 35
2026/10/08 09:15:23 OK   00001_roles_and_schemas.sql (21.48ms)
2026/10/08 09:15:23 goose: successfully migrated database to version: 1
2026/10/08 09:15:23 OK   00002_platform_meta.sql (41.07ms)
2026/10/08 09:15:23 OK   00003_finding.sql (32.75ms)
2026/10/08 09:15:23 OK   00004_incident.sql (17.46ms)
2026/10/08 09:15:23 OK   00005_investigation.sql (13.3ms)
2026/10/08 09:15:23 OK   00006_action_command.sql (14.35ms)
2026/10/08 09:15:23 OK   00007_audit.sql (23.4ms)
2026/10/08 09:15:23 OK   00008_rls.sql (10.72ms)
2026/10/08 09:15:23 OK   00009_idempotency_ledger.sql (8.81ms)
2026/10/08 09:15:23 OK   00010_tenant_provisioning.sql (7.66ms)
2026/10/08 09:15:23 OK   00011_source_registration_history.sql (14.97ms)
2026/10/08 09:15:23 OK   00012_config_registry_lifecycle.sql (24.69ms)
2026/10/08 09:15:23 OK   00013_audit_signed_segments.sql (24.6ms)
2026/10/08 09:15:23 OK   00014_audit_segment_predecessors.sql (9.82ms)
2026/10/08 09:15:23 OK   00015_source_schema_scope.sql (4.31ms)
2026/10/08 09:15:23 OK   00016_cluster_registration_metadata.sql (10.48ms)
2026/10/08 09:15:23 OK   00017_source_data_scope.sql (3.91ms)
2026/10/08 09:15:23 OK   00018_sp04_resources_evidence.sql (52.85ms)
2026/10/08 09:15:23 OK   00019_sp04_archive_ciphertext_bytes.sql (3.41ms)
2026/10/08 09:15:23 OK   00020_sp04_request_ledger.sql (12.65ms)
2026/10/08 09:15:23 OK   00021_sp04_archive_protection.sql (34.23ms)
2026/10/08 09:15:23 OK   00022_sp04_legal_hold_dependencies.sql (43.07ms)
2026/10/08 09:15:23 OK   00023_sp04_archive_query_intent.sql (16.26ms)
2026/10/08 09:15:24 OK   00024_sp05_finding_incident.sql (105.21ms)
2026/10/08 09:15:24 OK   00025_sp05_incident_event_time.sql (21.78ms)
2026/10/08 09:15:24 OK   00026_sp05_source_binding_lock.sql (9.98ms)
2026/10/08 09:15:24 OK   00027_sp05_rca_and_poll.sql (18.5ms)
2026/10/08 09:15:24 OK   00028_sp05_operator_lock.sql (7.45ms)
2026/10/08 09:15:24 OK   00029_sp05_evidence_links.sql (5.8ms)
2026/10/08 09:15:24 OK   00030_sp05_recipe_fence.sql (3.93ms)
2026/10/08 09:15:24 OK   00031_sp05_rca_postcheck.sql (6.71ms)
2026/10/08 09:15:24 OK   00032_sp05_transport_audit.sql (9.73ms)
2026/10/08 09:15:24 OK   00033_sp05_poll_resolution_clock.sql (11.74ms)
2026/10/08 09:15:24 OK   00034_sp06_investigation_ledger.sql (41.27ms)
2026/10/08 09:15:24 OK   00035_sp06_admission_data_classes.sql (8.3ms)
2026/10/08 09:15:24 goose: successfully migrated database to version: 35
2026/10/08 09:16:11 OK   00001_roles_and_schemas.sql (41.77ms)
2026/10/08 09:16:11 goose: successfully migrated database to version: 1
2026/10/08 09:16:11 OK   00002_platform_meta.sql (30.82ms)
2026/10/08 09:16:11 OK   00003_finding.sql (16.19ms)
2026/10/08 09:16:11 OK   00004_incident.sql (6.61ms)
2026/10/08 09:16:11 OK   00005_investigation.sql (13.17ms)
2026/10/08 09:16:11 OK   00006_action_command.sql (9.6ms)
2026/10/08 09:16:11 OK   00007_audit.sql (28.08ms)
2026/10/08 09:16:11 OK   00008_rls.sql (21.8ms)
2026/10/08 09:16:11 OK   00009_idempotency_ledger.sql (19.04ms)
2026/10/08 09:16:11 OK   00010_tenant_provisioning.sql (9.04ms)
2026/10/08 09:16:11 OK   00011_source_registration_history.sql (16.51ms)
2026/10/08 09:16:11 OK   00012_config_registry_lifecycle.sql (18.32ms)
2026/10/08 09:16:11 OK   00013_audit_signed_segments.sql (27.58ms)
2026/10/08 09:16:11 OK   00014_audit_segment_predecessors.sql (9.58ms)
2026/10/08 09:16:11 OK   00015_source_schema_scope.sql (10.87ms)
2026/10/08 09:16:11 OK   00016_cluster_registration_metadata.sql (36.7ms)
2026/10/08 09:16:11 OK   00017_source_data_scope.sql (4.66ms)
2026/10/08 09:16:11 OK   00018_sp04_resources_evidence.sql (58.16ms)
2026/10/08 09:16:11 OK   00019_sp04_archive_ciphertext_bytes.sql (4.32ms)
2026/10/08 09:16:11 OK   00020_sp04_request_ledger.sql (11.35ms)
2026/10/08 09:16:11 OK   00021_sp04_archive_protection.sql (6.1ms)
2026/10/08 09:16:11 OK   00022_sp04_legal_hold_dependencies.sql (9.81ms)
2026/10/08 09:16:11 OK   00023_sp04_archive_query_intent.sql (8.63ms)
2026/10/08 09:16:11 OK   00024_sp05_finding_incident.sql (35.73ms)
2026/10/08 09:16:11 OK   00025_sp05_incident_event_time.sql (3.91ms)
2026/10/08 09:16:11 OK   00026_sp05_source_binding_lock.sql (4.19ms)
2026/10/08 09:16:11 OK   00027_sp05_rca_and_poll.sql (23.89ms)
2026/10/08 09:16:11 OK   00028_sp05_operator_lock.sql (8.05ms)
2026/10/08 09:16:11 OK   00029_sp05_evidence_links.sql (14.89ms)
2026/10/08 09:16:11 OK   00030_sp05_recipe_fence.sql (15.81ms)
2026/10/08 09:16:11 OK   00031_sp05_rca_postcheck.sql (3.06ms)
2026/10/08 09:16:11 OK   00032_sp05_transport_audit.sql (2.85ms)
2026/10/08 09:16:11 OK   00033_sp05_poll_resolution_clock.sql (3.81ms)
2026/10/08 09:16:11 OK   00034_sp06_investigation_ledger.sql (68.82ms)
2026/10/08 09:16:11 OK   00035_sp06_admission_data_classes.sql (14.04ms)
2026/10/08 09:16:11 goose: successfully migrated database to version: 35
2026/10/08 09:16:12 OK   00001_roles_and_schemas.sql (17.1ms)
2026/10/08 09:16:12 OK   00002_platform_meta.sql (61.55ms)
2026/10/08 09:16:12 OK   00003_finding.sql (76.82ms)
2026/10/08 09:16:12 OK   00004_incident.sql (40.61ms)
2026/10/08 09:16:12 OK   00005_investigation.sql (64.41ms)
2026/10/08 09:16:12 OK   00006_action_command.sql (76.01ms)
2026/10/08 09:16:12 OK   00007_audit.sql (89.44ms)
2026/10/08 09:16:12 OK   00008_rls.sql (48.38ms)
2026/10/08 09:16:12 OK   00009_idempotency_ledger.sql (93.99ms)
2026/10/08 09:16:12 OK   00010_tenant_provisioning.sql (8.42ms)
2026/10/08 09:16:12 OK   00011_source_registration_history.sql (19.77ms)
2026/10/08 09:16:12 OK   00012_config_registry_lifecycle.sql (92.07ms)
2026/10/08 09:16:13 OK   00013_audit_signed_segments.sql (61.79ms)
2026/10/08 09:16:13 OK   00014_audit_segment_predecessors.sql (20.84ms)
2026/10/08 09:16:13 OK   00015_source_schema_scope.sql (9.47ms)
2026/10/08 09:16:13 OK   00016_cluster_registration_metadata.sql (7.01ms)
2026/10/08 09:16:13 OK   00017_source_data_scope.sql (15.43ms)
2026/10/08 09:16:13 OK   00018_sp04_resources_evidence.sql (35.24ms)
2026/10/08 09:16:13 OK   00019_sp04_archive_ciphertext_bytes.sql (4.2ms)
2026/10/08 09:16:13 OK   00020_sp04_request_ledger.sql (5.79ms)
2026/10/08 09:16:13 OK   00021_sp04_archive_protection.sql (4.68ms)
2026/10/08 09:16:13 OK   00022_sp04_legal_hold_dependencies.sql (6.56ms)
2026/10/08 09:16:13 OK   00023_sp04_archive_query_intent.sql (7.14ms)
2026/10/08 09:16:13 OK   00024_sp05_finding_incident.sql (47.79ms)
2026/10/08 09:16:13 OK   00025_sp05_incident_event_time.sql (31.19ms)
2026/10/08 09:16:13 OK   00026_sp05_source_binding_lock.sql (5.34ms)
2026/10/08 09:16:13 OK   00027_sp05_rca_and_poll.sql (25.98ms)
2026/10/08 09:16:13 OK   00028_sp05_operator_lock.sql (18.18ms)
2026/10/08 09:16:13 OK   00029_sp05_evidence_links.sql (31.67ms)
2026/10/08 09:16:13 OK   00030_sp05_recipe_fence.sql (5.75ms)
2026/10/08 09:16:13 OK   00031_sp05_rca_postcheck.sql (5.82ms)
2026/10/08 09:16:13 OK   00032_sp05_transport_audit.sql (26.98ms)
2026/10/08 09:16:13 OK   00033_sp05_poll_resolution_clock.sql (18.5ms)
2026/10/08 09:16:13 OK   00034_sp06_investigation_ledger.sql (84.05ms)
2026/10/08 09:16:13 OK   00035_sp06_admission_data_classes.sql (8.57ms)
2026/10/08 09:16:13 goose: successfully migrated database to version: 35
2026/10/08 09:16:17 OK   00001_roles_and_schemas.sql (34.03ms)
2026/10/08 09:16:17 goose: successfully migrated database to version: 1
2026/10/08 09:16:17 OK   00002_platform_meta.sql (47.36ms)
2026/10/08 09:16:17 OK   00003_finding.sql (26.57ms)
2026/10/08 09:16:17 OK   00004_incident.sql (8.71ms)
2026/10/08 09:16:17 OK   00005_investigation.sql (28.8ms)
2026/10/08 09:16:17 OK   00006_action_command.sql (12.75ms)
2026/10/08 09:16:17 OK   00007_audit.sql (11.65ms)
2026/10/08 09:16:17 OK   00008_rls.sql (23ms)
2026/10/08 09:16:17 OK   00009_idempotency_ledger.sql (16.13ms)
2026/10/08 09:16:17 OK   00010_tenant_provisioning.sql (6.68ms)
2026/10/08 09:16:17 OK   00011_source_registration_history.sql (18.14ms)
2026/10/08 09:16:17 OK   00012_config_registry_lifecycle.sql (21.68ms)
2026/10/08 09:16:17 OK   00013_audit_signed_segments.sql (27.56ms)
2026/10/08 09:16:17 OK   00014_audit_segment_predecessors.sql (16.12ms)
2026/10/08 09:16:17 OK   00015_source_schema_scope.sql (3.31ms)
2026/10/08 09:16:17 OK   00016_cluster_registration_metadata.sql (4.46ms)
2026/10/08 09:16:17 goose: successfully migrated database to version: 16
2026/10/08 09:16:17 OK   00017_source_data_scope.sql (26.41ms)
2026/10/08 09:16:17 OK   00018_sp04_resources_evidence.sql (26.16ms)
2026/10/08 09:16:17 OK   00019_sp04_archive_ciphertext_bytes.sql (7.07ms)
2026/10/08 09:16:17 OK   00020_sp04_request_ledger.sql (10.52ms)
2026/10/08 09:16:17 OK   00021_sp04_archive_protection.sql (6.01ms)
2026/10/08 09:16:17 OK   00022_sp04_legal_hold_dependencies.sql (6.3ms)
2026/10/08 09:16:17 OK   00023_sp04_archive_query_intent.sql (2.62ms)
2026/10/08 09:16:17 OK   00024_sp05_finding_incident.sql (44.91ms)
2026/10/08 09:16:17 OK   00025_sp05_incident_event_time.sql (3.62ms)
2026/10/08 09:16:17 OK   00026_sp05_source_binding_lock.sql (3.17ms)
2026/10/08 09:16:17 OK   00027_sp05_rca_and_poll.sql (21.36ms)
2026/10/08 09:16:17 OK   00028_sp05_operator_lock.sql (16.3ms)
2026/10/08 09:16:17 OK   00029_sp05_evidence_links.sql (26.66ms)
2026/10/08 09:16:17 OK   00030_sp05_recipe_fence.sql (5.5ms)
2026/10/08 09:16:17 OK   00031_sp05_rca_postcheck.sql (3.3ms)
2026/10/08 09:16:17 OK   00032_sp05_transport_audit.sql (7.39ms)
2026/10/08 09:16:17 OK   00033_sp05_poll_resolution_clock.sql (5.82ms)
2026/10/08 09:16:17 OK   00034_sp06_investigation_ledger.sql (31.28ms)
2026/10/08 09:16:17 OK   00035_sp06_admission_data_classes.sql (3.44ms)
2026/10/08 09:16:17 goose: successfully migrated database to version: 35
2026/10/08 09:16:18 OK   00001_roles_and_schemas.sql (21.82ms)
2026/10/08 09:16:18 goose: successfully migrated database to version: 1
2026/10/08 09:16:18 OK   00002_platform_meta.sql (67.54ms)
2026/10/08 09:16:18 OK   00003_finding.sql (16.9ms)
2026/10/08 09:16:18 OK   00004_incident.sql (8.8ms)
2026/10/08 09:16:18 OK   00005_investigation.sql (17.82ms)
2026/10/08 09:16:18 OK   00006_action_command.sql (11.69ms)
2026/10/08 09:16:18 OK   00007_audit.sql (21.31ms)
2026/10/08 09:16:18 OK   00008_rls.sql (10.69ms)
2026/10/08 09:16:18 OK   00009_idempotency_ledger.sql (21.6ms)
2026/10/08 09:16:18 OK   00010_tenant_provisioning.sql (15.95ms)
2026/10/08 09:16:18 OK   00011_source_registration_history.sql (6.58ms)
2026/10/08 09:16:18 OK   00012_config_registry_lifecycle.sql (10.55ms)
2026/10/08 09:16:18 OK   00013_audit_signed_segments.sql (22.7ms)
2026/10/08 09:16:18 OK   00014_audit_segment_predecessors.sql (9.72ms)
2026/10/08 09:16:18 OK   00015_source_schema_scope.sql (5.82ms)
2026/10/08 09:16:18 OK   00016_cluster_registration_metadata.sql (6.06ms)
2026/10/08 09:16:18 OK   00017_source_data_scope.sql (5.24ms)
2026/10/08 09:16:18 OK   00018_sp04_resources_evidence.sql (37.2ms)
2026/10/08 09:16:18 OK   00019_sp04_archive_ciphertext_bytes.sql (2.92ms)
2026/10/08 09:16:18 OK   00020_sp04_request_ledger.sql (5.86ms)
2026/10/08 09:16:18 OK   00021_sp04_archive_protection.sql (7.16ms)
2026/10/08 09:16:18 OK   00022_sp04_legal_hold_dependencies.sql (4.02ms)
2026/10/08 09:16:18 OK   00023_sp04_archive_query_intent.sql (4.47ms)
2026/10/08 09:16:18 OK   00024_sp05_finding_incident.sql (24.08ms)
2026/10/08 09:16:18 OK   00025_sp05_incident_event_time.sql (5.1ms)
2026/10/08 09:16:18 OK   00026_sp05_source_binding_lock.sql (7.05ms)
2026/10/08 09:16:18 OK   00027_sp05_rca_and_poll.sql (19.4ms)
2026/10/08 09:16:18 OK   00028_sp05_operator_lock.sql (3.6ms)
2026/10/08 09:16:18 OK   00029_sp05_evidence_links.sql (5.65ms)
2026/10/08 09:16:18 OK   00030_sp05_recipe_fence.sql (2.62ms)
2026/10/08 09:16:18 OK   00031_sp05_rca_postcheck.sql (5.92ms)
2026/10/08 09:16:18 OK   00032_sp05_transport_audit.sql (9.87ms)
2026/10/08 09:16:18 OK   00033_sp05_poll_resolution_clock.sql (8.93ms)
2026/10/08 09:16:18 OK   00034_sp06_investigation_ledger.sql (48.56ms)
2026/10/08 09:16:18 OK   00035_sp06_admission_data_classes.sql (2.97ms)
2026/10/08 09:16:18 goose: successfully migrated database to version: 35
2026/10/08 09:16:18 OK   00001_roles_and_schemas.sql (22.94ms)
2026/10/08 09:16:18 goose: successfully migrated database to version: 1
2026/10/08 09:16:19 OK   00002_platform_meta.sql (39.28ms)
2026/10/08 09:16:19 OK   00003_finding.sql (22.88ms)
2026/10/08 09:16:19 OK   00004_incident.sql (14.4ms)
2026/10/08 09:16:19 OK   00005_investigation.sql (9.31ms)
2026/10/08 09:16:19 OK   00006_action_command.sql (12.77ms)
2026/10/08 09:16:19 OK   00007_audit.sql (18.83ms)
2026/10/08 09:16:19 OK   00008_rls.sql (9.3ms)
2026/10/08 09:16:19 OK   00009_idempotency_ledger.sql (24.86ms)
2026/10/08 09:16:19 OK   00010_tenant_provisioning.sql (6.04ms)
2026/10/08 09:16:19 OK   00011_source_registration_history.sql (8.21ms)
2026/10/08 09:16:19 OK   00012_config_registry_lifecycle.sql (25.46ms)
2026/10/08 09:16:19 OK   00013_audit_signed_segments.sql (17.39ms)
2026/10/08 09:16:19 OK   00014_audit_segment_predecessors.sql (12.98ms)
2026/10/08 09:16:19 OK   00015_source_schema_scope.sql (23.91ms)
2026/10/08 09:16:19 OK   00016_cluster_registration_metadata.sql (5.66ms)
2026/10/08 09:16:19 OK   00017_source_data_scope.sql (4.91ms)
2026/10/08 09:16:19 OK   00018_sp04_resources_evidence.sql (17.18ms)
2026/10/08 09:16:19 OK   00019_sp04_archive_ciphertext_bytes.sql (12.17ms)
2026/10/08 09:16:19 OK   00020_sp04_request_ledger.sql (9.37ms)
2026/10/08 09:16:19 OK   00021_sp04_archive_protection.sql (9.09ms)
2026/10/08 09:16:19 OK   00022_sp04_legal_hold_dependencies.sql (4.42ms)
2026/10/08 09:16:19 OK   00023_sp04_archive_query_intent.sql (4.26ms)
2026/10/08 09:16:19 OK   00024_sp05_finding_incident.sql (43.11ms)
2026/10/08 09:16:19 OK   00025_sp05_incident_event_time.sql (3.38ms)
2026/10/08 09:16:19 OK   00026_sp05_source_binding_lock.sql (2.85ms)
2026/10/08 09:16:19 OK   00027_sp05_rca_and_poll.sql (8.84ms)
2026/10/08 09:16:19 OK   00028_sp05_operator_lock.sql (5.92ms)
2026/10/08 09:16:19 OK   00029_sp05_evidence_links.sql (9.8ms)
2026/10/08 09:16:19 OK   00030_sp05_recipe_fence.sql (5.15ms)
2026/10/08 09:16:19 OK   00031_sp05_rca_postcheck.sql (4.16ms)
2026/10/08 09:16:19 OK   00032_sp05_transport_audit.sql (8.72ms)
2026/10/08 09:16:19 OK   00033_sp05_poll_resolution_clock.sql (5.77ms)
2026/10/08 09:16:19 OK   00034_sp06_investigation_ledger.sql (38.09ms)
2026/10/08 09:16:19 OK   00035_sp06_admission_data_classes.sql (7.03ms)
2026/10/08 09:16:19 goose: successfully migrated database to version: 35
2026/10/08 09:16:35 OK   00001_roles_and_schemas.sql (41.45ms)
2026/10/08 09:16:35 goose: successfully migrated database to version: 1
2026/10/08 09:16:35 OK   00002_platform_meta.sql (55.27ms)
2026/10/08 09:16:35 OK   00003_finding.sql (18.75ms)
2026/10/08 09:16:35 OK   00004_incident.sql (11.74ms)
2026/10/08 09:16:35 OK   00005_investigation.sql (13.09ms)
2026/10/08 09:16:35 OK   00006_action_command.sql (7.62ms)
2026/10/08 09:16:35 OK   00007_audit.sql (20.45ms)
2026/10/08 09:16:35 OK   00008_rls.sql (13.46ms)
2026/10/08 09:16:35 OK   00009_idempotency_ledger.sql (15.62ms)
2026/10/08 09:16:35 OK   00010_tenant_provisioning.sql (5.69ms)
2026/10/08 09:16:35 OK   00011_source_registration_history.sql (36ms)
2026/10/08 09:16:35 OK   00012_config_registry_lifecycle.sql (15.85ms)
2026/10/08 09:16:35 OK   00013_audit_signed_segments.sql (34.44ms)
2026/10/08 09:16:35 OK   00014_audit_segment_predecessors.sql (12.05ms)
2026/10/08 09:16:35 OK   00015_source_schema_scope.sql (5.59ms)
2026/10/08 09:16:35 OK   00016_cluster_registration_metadata.sql (5.28ms)
2026/10/08 09:16:35 OK   00017_source_data_scope.sql (8.05ms)
2026/10/08 09:16:36 OK   00018_sp04_resources_evidence.sql (43.89ms)
2026/10/08 09:16:36 OK   00019_sp04_archive_ciphertext_bytes.sql (3.07ms)
2026/10/08 09:16:36 OK   00020_sp04_request_ledger.sql (14.1ms)
2026/10/08 09:16:36 OK   00021_sp04_archive_protection.sql (22.43ms)
2026/10/08 09:16:36 OK   00022_sp04_legal_hold_dependencies.sql (4.18ms)
2026/10/08 09:16:36 OK   00023_sp04_archive_query_intent.sql (39.19ms)
2026/10/08 09:16:36 OK   00024_sp05_finding_incident.sql (38.7ms)
2026/10/08 09:16:36 OK   00025_sp05_incident_event_time.sql (11.85ms)
2026/10/08 09:16:36 OK   00026_sp05_source_binding_lock.sql (26.07ms)
2026/10/08 09:16:36 OK   00027_sp05_rca_and_poll.sql (13.29ms)
2026/10/08 09:16:36 OK   00028_sp05_operator_lock.sql (5.04ms)
2026/10/08 09:16:36 OK   00029_sp05_evidence_links.sql (15.84ms)
2026/10/08 09:16:36 OK   00030_sp05_recipe_fence.sql (4.23ms)
2026/10/08 09:16:36 OK   00031_sp05_rca_postcheck.sql (6.93ms)
2026/10/08 09:16:36 OK   00032_sp05_transport_audit.sql (6.95ms)
2026/10/08 09:16:36 OK   00033_sp05_poll_resolution_clock.sql (7.09ms)
2026/10/08 09:16:36 OK   00034_sp06_investigation_ledger.sql (33.35ms)
2026/10/08 09:16:36 OK   00035_sp06_admission_data_classes.sql (6.72ms)
2026/10/08 09:16:36 goose: successfully migrated database to version: 35
2026/10/08 09:16:37 OK   00001_roles_and_schemas.sql (11.73ms)
2026/10/08 09:16:37 goose: successfully migrated database to version: 1
2026/10/08 09:16:37 OK   00002_platform_meta.sql (36.39ms)
2026/10/08 09:16:37 OK   00003_finding.sql (14.09ms)
2026/10/08 09:16:37 OK   00004_incident.sql (6.75ms)
2026/10/08 09:16:37 OK   00005_investigation.sql (12.04ms)
2026/10/08 09:16:37 OK   00006_action_command.sql (19.78ms)
2026/10/08 09:16:37 OK   00007_audit.sql (16.66ms)
2026/10/08 09:16:37 OK   00008_rls.sql (15.42ms)
2026/10/08 09:16:37 OK   00009_idempotency_ledger.sql (11.26ms)
2026/10/08 09:16:37 OK   00010_tenant_provisioning.sql (5.94ms)
2026/10/08 09:16:37 OK   00011_source_registration_history.sql (11.82ms)
2026/10/08 09:16:37 OK   00012_config_registry_lifecycle.sql (12.15ms)
2026/10/08 09:16:37 OK   00013_audit_signed_segments.sql (16.35ms)
2026/10/08 09:16:37 OK   00014_audit_segment_predecessors.sql (14.08ms)
2026/10/08 09:16:37 OK   00015_source_schema_scope.sql (5.54ms)
2026/10/08 09:16:37 OK   00016_cluster_registration_metadata.sql (7.79ms)
2026/10/08 09:16:37 OK   00017_source_data_scope.sql (8.49ms)
2026/10/08 09:16:37 OK   00018_sp04_resources_evidence.sql (25.98ms)
2026/10/08 09:16:37 OK   00019_sp04_archive_ciphertext_bytes.sql (5.22ms)
2026/10/08 09:16:37 OK   00020_sp04_request_ledger.sql (12.89ms)
2026/10/08 09:16:38 OK   00021_sp04_archive_protection.sql (5.68ms)
2026/10/08 09:16:38 OK   00022_sp04_legal_hold_dependencies.sql (5.55ms)
2026/10/08 09:16:38 OK   00023_sp04_archive_query_intent.sql (6.11ms)
2026/10/08 09:16:38 OK   00024_sp05_finding_incident.sql (45.09ms)
2026/10/08 09:16:38 OK   00025_sp05_incident_event_time.sql (6.19ms)
2026/10/08 09:16:38 OK   00026_sp05_source_binding_lock.sql (9.89ms)
2026/10/08 09:16:38 OK   00027_sp05_rca_and_poll.sql (9.24ms)
2026/10/08 09:16:38 OK   00028_sp05_operator_lock.sql (8.65ms)
2026/10/08 09:16:38 OK   00029_sp05_evidence_links.sql (10.15ms)
2026/10/08 09:16:38 OK   00030_sp05_recipe_fence.sql (6.4ms)
2026/10/08 09:16:38 OK   00031_sp05_rca_postcheck.sql (6.61ms)
2026/10/08 09:16:38 OK   00032_sp05_transport_audit.sql (6.01ms)
2026/10/08 09:16:38 OK   00033_sp05_poll_resolution_clock.sql (5.73ms)
2026/10/08 09:16:38 OK   00034_sp06_investigation_ledger.sql (42.64ms)
2026/10/08 09:16:38 OK   00035_sp06_admission_data_classes.sql (4.47ms)
2026/10/08 09:16:38 goose: successfully migrated database to version: 35
2026/10/08 09:17:03 OK   00001_roles_and_schemas.sql (20.84ms)
2026/10/08 09:17:03 goose: successfully migrated database to version: 1
2026/10/08 09:17:03 OK   00002_platform_meta.sql (48.15ms)
2026/10/08 09:17:03 OK   00003_finding.sql (14.28ms)
2026/10/08 09:17:03 OK   00004_incident.sql (20.5ms)
2026/10/08 09:17:03 OK   00005_investigation.sql (32.84ms)
2026/10/08 09:17:03 OK   00006_action_command.sql (26.82ms)
2026/10/08 09:17:03 OK   00007_audit.sql (14.51ms)
2026/10/08 09:17:03 OK   00008_rls.sql (18.31ms)
2026/10/08 09:17:03 OK   00009_idempotency_ledger.sql (31.03ms)
2026/10/08 09:17:03 OK   00010_tenant_provisioning.sql (24.55ms)
2026/10/08 09:17:03 OK   00011_source_registration_history.sql (25.89ms)
2026/10/08 09:17:04 OK   00012_config_registry_lifecycle.sql (15.45ms)
2026/10/08 09:17:04 OK   00013_audit_signed_segments.sql (34.57ms)
2026/10/08 09:17:04 OK   00014_audit_segment_predecessors.sql (18.95ms)
2026/10/08 09:17:04 OK   00015_source_schema_scope.sql (9.61ms)
2026/10/08 09:17:04 OK   00016_cluster_registration_metadata.sql (13.49ms)
2026/10/08 09:17:04 OK   00017_source_data_scope.sql (4.56ms)
2026/10/08 09:17:04 OK   00018_sp04_resources_evidence.sql (38.91ms)
2026/10/08 09:17:04 OK   00019_sp04_archive_ciphertext_bytes.sql (28.87ms)
2026/10/08 09:17:04 OK   00020_sp04_request_ledger.sql (9.14ms)
2026/10/08 09:17:04 OK   00021_sp04_archive_protection.sql (8.89ms)
2026/10/08 09:17:04 OK   00022_sp04_legal_hold_dependencies.sql (11.71ms)
2026/10/08 09:17:04 OK   00023_sp04_archive_query_intent.sql (33.16ms)
2026/10/08 09:17:04 OK   00024_sp05_finding_incident.sql (49.1ms)
2026/10/08 09:17:04 OK   00025_sp05_incident_event_time.sql (20.92ms)
2026/10/08 09:17:04 OK   00026_sp05_source_binding_lock.sql (10.84ms)
2026/10/08 09:17:04 OK   00027_sp05_rca_and_poll.sql (65.05ms)
2026/10/08 09:17:04 OK   00028_sp05_operator_lock.sql (12.31ms)
2026/10/08 09:17:04 OK   00029_sp05_evidence_links.sql (48.37ms)
2026/10/08 09:17:04 OK   00030_sp05_recipe_fence.sql (87.01ms)
2026/10/08 09:17:04 OK   00031_sp05_rca_postcheck.sql (5.13ms)
2026/10/08 09:17:04 OK   00032_sp05_transport_audit.sql (20.07ms)
2026/10/08 09:17:04 OK   00033_sp05_poll_resolution_clock.sql (77.15ms)
2026/10/08 09:17:04 OK   00034_sp06_investigation_ledger.sql (88.02ms)
2026/10/08 09:17:04 OK   00035_sp06_admission_data_classes.sql (9.7ms)
2026/10/08 09:17:04 goose: successfully migrated database to version: 35
2026/10/08 09:17:09 OK   00001_roles_and_schemas.sql (18.68ms)
2026/10/08 09:17:09 goose: successfully migrated database to version: 1
2026/10/08 09:17:09 OK   00002_platform_meta.sql (55.28ms)
2026/10/08 09:17:10 OK   00003_finding.sql (46.41ms)
2026/10/08 09:17:10 OK   00004_incident.sql (9.23ms)
2026/10/08 09:17:10 OK   00005_investigation.sql (22.1ms)
2026/10/08 09:17:10 OK   00006_action_command.sql (22.58ms)
2026/10/08 09:17:10 OK   00007_audit.sql (25.82ms)
2026/10/08 09:17:10 OK   00008_rls.sql (17.07ms)
2026/10/08 09:17:10 OK   00009_idempotency_ledger.sql (20.02ms)
2026/10/08 09:17:10 OK   00010_tenant_provisioning.sql (15.22ms)
2026/10/08 09:17:10 OK   00011_source_registration_history.sql (25.37ms)
2026/10/08 09:17:10 OK   00012_config_registry_lifecycle.sql (31.57ms)
2026/10/08 09:17:10 OK   00013_audit_signed_segments.sql (50.35ms)
2026/10/08 09:17:10 OK   00014_audit_segment_predecessors.sql (10.94ms)
2026/10/08 09:17:10 OK   00015_source_schema_scope.sql (7.58ms)
2026/10/08 09:17:10 OK   00016_cluster_registration_metadata.sql (7.87ms)
2026/10/08 09:17:10 OK   00017_source_data_scope.sql (6.79ms)
2026/10/08 09:17:10 OK   00018_sp04_resources_evidence.sql (41.93ms)
2026/10/08 09:17:10 OK   00019_sp04_archive_ciphertext_bytes.sql (5.12ms)
2026/10/08 09:17:10 OK   00020_sp04_request_ledger.sql (6.78ms)
2026/10/08 09:17:10 OK   00021_sp04_archive_protection.sql (6.97ms)
2026/10/08 09:17:10 OK   00022_sp04_legal_hold_dependencies.sql (9.71ms)
2026/10/08 09:17:10 OK   00023_sp04_archive_query_intent.sql (7.38ms)
2026/10/08 09:17:10 OK   00024_sp05_finding_incident.sql (48.83ms)
2026/10/08 09:17:10 OK   00025_sp05_incident_event_time.sql (9.24ms)
2026/10/08 09:17:10 OK   00026_sp05_source_binding_lock.sql (11.86ms)
2026/10/08 09:17:10 OK   00027_sp05_rca_and_poll.sql (12.36ms)
2026/10/08 09:17:10 OK   00028_sp05_operator_lock.sql (6.24ms)
2026/10/08 09:17:10 OK   00029_sp05_evidence_links.sql (13.95ms)
2026/10/08 09:17:10 OK   00030_sp05_recipe_fence.sql (7.96ms)
2026/10/08 09:17:10 OK   00031_sp05_rca_postcheck.sql (8.79ms)
2026/10/08 09:17:10 OK   00032_sp05_transport_audit.sql (8.6ms)
2026/10/08 09:17:10 OK   00033_sp05_poll_resolution_clock.sql (11.95ms)
2026/10/08 09:17:10 OK   00034_sp06_investigation_ledger.sql (61.7ms)
2026/10/08 09:17:10 OK   00035_sp06_admission_data_classes.sql (5.95ms)
2026/10/08 09:17:10 goose: successfully migrated database to version: 35
2026/10/08 09:17:11 OK   00001_roles_and_schemas.sql (31.69ms)
2026/10/08 09:17:11 goose: successfully migrated database to version: 1
2026/10/08 09:17:11 OK   00002_platform_meta.sql (34.57ms)
2026/10/08 09:17:11 OK   00003_finding.sql (22.54ms)
2026/10/08 09:17:11 OK   00004_incident.sql (16.72ms)
2026/10/08 09:17:11 OK   00005_investigation.sql (12.79ms)
2026/10/08 09:17:11 OK   00006_action_command.sql (9.01ms)
2026/10/08 09:17:11 OK   00007_audit.sql (29.13ms)
2026/10/08 09:17:11 OK   00008_rls.sql (20.21ms)
2026/10/08 09:17:11 OK   00009_idempotency_ledger.sql (16.32ms)
2026/10/08 09:17:11 OK   00010_tenant_provisioning.sql (4.43ms)
2026/10/08 09:17:11 OK   00011_source_registration_history.sql (8.66ms)
2026/10/08 09:17:11 OK   00012_config_registry_lifecycle.sql (10.48ms)
2026/10/08 09:17:11 OK   00013_audit_signed_segments.sql (29.04ms)
2026/10/08 09:17:11 OK   00014_audit_segment_predecessors.sql (6.28ms)
2026/10/08 09:17:11 OK   00015_source_schema_scope.sql (4.62ms)
2026/10/08 09:17:11 OK   00016_cluster_registration_metadata.sql (9.86ms)
2026/10/08 09:17:11 OK   00017_source_data_scope.sql (14.31ms)
2026/10/08 09:17:11 OK   00018_sp04_resources_evidence.sql (21.92ms)
2026/10/08 09:17:11 OK   00019_sp04_archive_ciphertext_bytes.sql (9.17ms)
2026/10/08 09:17:11 OK   00020_sp04_request_ledger.sql (11.19ms)
2026/10/08 09:17:11 OK   00021_sp04_archive_protection.sql (11.48ms)
2026/10/08 09:17:11 OK   00022_sp04_legal_hold_dependencies.sql (3.93ms)
2026/10/08 09:17:11 OK   00023_sp04_archive_query_intent.sql (2.86ms)
2026/10/08 09:17:11 OK   00024_sp05_finding_incident.sql (44.94ms)
2026/10/08 09:17:11 OK   00025_sp05_incident_event_time.sql (4.96ms)
2026/10/08 09:17:11 OK   00026_sp05_source_binding_lock.sql (5.12ms)
2026/10/08 09:17:11 OK   00027_sp05_rca_and_poll.sql (12.42ms)
2026/10/08 09:17:11 OK   00028_sp05_operator_lock.sql (5.86ms)
2026/10/08 09:17:11 OK   00029_sp05_evidence_links.sql (19.91ms)
2026/10/08 09:17:11 OK   00030_sp05_recipe_fence.sql (4.02ms)
2026/10/08 09:17:11 OK   00031_sp05_rca_postcheck.sql (4.89ms)
2026/10/08 09:17:11 OK   00032_sp05_transport_audit.sql (2.61ms)
2026/10/08 09:17:11 OK   00033_sp05_poll_resolution_clock.sql (3.49ms)
2026/10/08 09:17:11 OK   00034_sp06_investigation_ledger.sql (44.49ms)
2026/10/08 09:17:11 OK   00035_sp06_admission_data_classes.sql (3.04ms)
2026/10/08 09:17:11 goose: successfully migrated database to version: 35
2026/10/08 09:17:12 OK   00001_roles_and_schemas.sql (13.61ms)
2026/10/08 09:17:12 goose: successfully migrated database to version: 1
2026/10/08 09:17:12 OK   00002_platform_meta.sql (42.71ms)
2026/10/08 09:17:12 OK   00003_finding.sql (27.18ms)
2026/10/08 09:17:12 OK   00004_incident.sql (19.86ms)
2026/10/08 09:17:12 OK   00005_investigation.sql (17.29ms)
2026/10/08 09:17:12 OK   00006_action_command.sql (9.93ms)
2026/10/08 09:17:12 OK   00007_audit.sql (13.59ms)
2026/10/08 09:17:12 OK   00008_rls.sql (9.24ms)
2026/10/08 09:17:12 OK   00009_idempotency_ledger.sql (23.13ms)
2026/10/08 09:17:12 OK   00010_tenant_provisioning.sql (8.06ms)
2026/10/08 09:17:12 OK   00011_source_registration_history.sql (9.69ms)
2026/10/08 09:17:12 OK   00012_config_registry_lifecycle.sql (12.95ms)
2026/10/08 09:17:12 OK   00013_audit_signed_segments.sql (18.33ms)
2026/10/08 09:17:12 OK   00014_audit_segment_predecessors.sql (24.29ms)
2026/10/08 09:17:12 OK   00015_source_schema_scope.sql (4.06ms)
2026/10/08 09:17:12 OK   00016_cluster_registration_metadata.sql (4.84ms)
2026/10/08 09:17:12 OK   00017_source_data_scope.sql (4.54ms)
2026/10/08 09:17:12 OK   00018_sp04_resources_evidence.sql (28.17ms)
2026/10/08 09:17:12 OK   00019_sp04_archive_ciphertext_bytes.sql (4.81ms)
2026/10/08 09:17:12 OK   00020_sp04_request_ledger.sql (9.07ms)
2026/10/08 09:17:12 OK   00021_sp04_archive_protection.sql (6.01ms)
2026/10/08 09:17:12 OK   00022_sp04_legal_hold_dependencies.sql (5.02ms)
2026/10/08 09:17:12 OK   00023_sp04_archive_query_intent.sql (3.88ms)
2026/10/08 09:17:12 OK   00024_sp05_finding_incident.sql (19.13ms)
2026/10/08 09:17:12 OK   00025_sp05_incident_event_time.sql (4.52ms)
2026/10/08 09:17:12 OK   00026_sp05_source_binding_lock.sql (5.64ms)
2026/10/08 09:17:12 OK   00027_sp05_rca_and_poll.sql (15.38ms)
2026/10/08 09:17:12 OK   00028_sp05_operator_lock.sql (4.93ms)
2026/10/08 09:17:12 OK   00029_sp05_evidence_links.sql (9.87ms)
2026/10/08 09:17:12 OK   00030_sp05_recipe_fence.sql (4.98ms)
2026/10/08 09:17:12 OK   00031_sp05_rca_postcheck.sql (3.22ms)
2026/10/08 09:17:12 OK   00032_sp05_transport_audit.sql (3.03ms)
2026/10/08 09:17:12 OK   00033_sp05_poll_resolution_clock.sql (3.05ms)
2026/10/08 09:17:12 OK   00034_sp06_investigation_ledger.sql (41.77ms)
2026/10/08 09:17:12 OK   00035_sp06_admission_data_classes.sql (4.02ms)
2026/10/08 09:17:12 goose: successfully migrated database to version: 35
2026/10/08 09:17:31 OK   00001_roles_and_schemas.sql (50.12ms)
2026/10/08 09:17:31 goose: successfully migrated database to version: 1
2026/10/08 09:17:31 OK   00002_platform_meta.sql (125.57ms)
2026/10/08 09:17:31 OK   00003_finding.sql (29.42ms)
2026/10/08 09:17:31 OK   00004_incident.sql (8.36ms)
2026/10/08 09:17:31 OK   00005_investigation.sql (9.9ms)
2026/10/08 09:17:31 OK   00006_action_command.sql (16.1ms)
2026/10/08 09:17:31 OK   00007_audit.sql (32.39ms)
2026/10/08 09:17:31 OK   00008_rls.sql (14.22ms)
2026/10/08 09:17:31 OK   00009_idempotency_ledger.sql (11.96ms)
2026/10/08 09:17:31 OK   00010_tenant_provisioning.sql (10.44ms)
2026/10/08 09:17:31 OK   00011_source_registration_history.sql (15.87ms)
2026/10/08 09:17:31 OK   00012_config_registry_lifecycle.sql (26.07ms)
2026/10/08 09:17:31 OK   00013_audit_signed_segments.sql (27.77ms)
2026/10/08 09:17:31 OK   00014_audit_segment_predecessors.sql (11.54ms)
2026/10/08 09:17:31 OK   00015_source_schema_scope.sql (10.29ms)
2026/10/08 09:17:31 OK   00016_cluster_registration_metadata.sql (12.2ms)
2026/10/08 09:17:31 OK   00017_source_data_scope.sql (4.81ms)
2026/10/08 09:17:31 OK   00018_sp04_resources_evidence.sql (56.43ms)
2026/10/08 09:17:31 OK   00019_sp04_archive_ciphertext_bytes.sql (7.02ms)
2026/10/08 09:17:31 OK   00020_sp04_request_ledger.sql (10.23ms)
2026/10/08 09:17:31 OK   00021_sp04_archive_protection.sql (7.22ms)
2026/10/08 09:17:31 OK   00022_sp04_legal_hold_dependencies.sql (5.2ms)
2026/10/08 09:17:31 OK   00023_sp04_archive_query_intent.sql (6.94ms)
2026/10/08 09:17:31 OK   00024_sp05_finding_incident.sql (51.44ms)
2026/10/08 09:17:31 OK   00025_sp05_incident_event_time.sql (20.34ms)
2026/10/08 09:17:31 OK   00026_sp05_source_binding_lock.sql (7.45ms)
2026/10/08 09:17:31 OK   00027_sp05_rca_and_poll.sql (10.08ms)
2026/10/08 09:17:31 OK   00028_sp05_operator_lock.sql (4.87ms)
2026/10/08 09:17:31 OK   00029_sp05_evidence_links.sql (16.87ms)
2026/10/08 09:17:31 OK   00030_sp05_recipe_fence.sql (9.65ms)
2026/10/08 09:17:31 OK   00031_sp05_rca_postcheck.sql (6.85ms)
2026/10/08 09:17:31 OK   00032_sp05_transport_audit.sql (7.47ms)
2026/10/08 09:17:31 OK   00033_sp05_poll_resolution_clock.sql (92.22ms)
2026/10/08 09:17:31 OK   00034_sp06_investigation_ledger.sql (156.41ms)
2026/10/08 09:17:31 OK   00035_sp06_admission_data_classes.sql (12.63ms)
2026/10/08 09:17:31 goose: successfully migrated database to version: 35
2026/10/08 09:17:51 OK   00001_roles_and_schemas.sql (23.25ms)
2026/10/08 09:17:51 goose: successfully migrated database to version: 1
2026/10/08 09:17:51 OK   00002_platform_meta.sql (49.19ms)
2026/10/08 09:17:51 OK   00003_finding.sql (23.59ms)
2026/10/08 09:17:51 OK   00004_incident.sql (14.85ms)
2026/10/08 09:17:51 OK   00005_investigation.sql (24.16ms)
2026/10/08 09:17:51 OK   00006_action_command.sql (8.41ms)
2026/10/08 09:17:51 OK   00007_audit.sql (12.5ms)
2026/10/08 09:17:51 OK   00008_rls.sql (38.93ms)
2026/10/08 09:17:51 OK   00009_idempotency_ledger.sql (44.54ms)
2026/10/08 09:17:51 OK   00010_tenant_provisioning.sql (4.96ms)
2026/10/08 09:17:51 OK   00011_source_registration_history.sql (7.83ms)
2026/10/08 09:17:51 OK   00012_config_registry_lifecycle.sql (21.81ms)
2026/10/08 09:17:51 OK   00013_audit_signed_segments.sql (49.54ms)
2026/10/08 09:17:51 OK   00014_audit_segment_predecessors.sql (21.01ms)
2026/10/08 09:17:51 OK   00015_source_schema_scope.sql (4.79ms)
2026/10/08 09:17:51 OK   00016_cluster_registration_metadata.sql (10.17ms)
2026/10/08 09:17:51 OK   00017_source_data_scope.sql (29.51ms)
2026/10/08 09:17:51 OK   00018_sp04_resources_evidence.sql (54ms)
2026/10/08 09:17:51 OK   00019_sp04_archive_ciphertext_bytes.sql (4.04ms)
2026/10/08 09:17:51 OK   00020_sp04_request_ledger.sql (11.67ms)
2026/10/08 09:17:51 OK   00021_sp04_archive_protection.sql (10.02ms)
2026/10/08 09:17:51 OK   00022_sp04_legal_hold_dependencies.sql (6.99ms)
2026/10/08 09:17:51 OK   00023_sp04_archive_query_intent.sql (13.94ms)
2026/10/08 09:17:51 OK   00024_sp05_finding_incident.sql (51.79ms)
2026/10/08 09:17:51 OK   00025_sp05_incident_event_time.sql (7.26ms)
2026/10/08 09:17:51 OK   00026_sp05_source_binding_lock.sql (6.41ms)
2026/10/08 09:17:51 OK   00027_sp05_rca_and_poll.sql (19.38ms)
2026/10/08 09:17:51 OK   00028_sp05_operator_lock.sql (8.61ms)
2026/10/08 09:17:51 OK   00029_sp05_evidence_links.sql (19.53ms)
2026/10/08 09:17:51 OK   00030_sp05_recipe_fence.sql (5.35ms)
2026/10/08 09:17:51 OK   00031_sp05_rca_postcheck.sql (8.71ms)
2026/10/08 09:17:51 OK   00032_sp05_transport_audit.sql (8.77ms)
2026/10/08 09:17:51 OK   00033_sp05_poll_resolution_clock.sql (24.19ms)
2026/10/08 09:17:51 OK   00034_sp06_investigation_ledger.sql (62.02ms)
2026/10/08 09:17:51 OK   00035_sp06_admission_data_classes.sql (32.43ms)
2026/10/08 09:17:51 goose: successfully migrated database to version: 35
2026/10/08 09:18:11 OK   00001_roles_and_schemas.sql (9.33ms)
2026/10/08 09:18:11 goose: successfully migrated database to version: 1
2026/10/08 09:18:11 OK   00002_platform_meta.sql (28.81ms)
2026/10/08 09:18:11 OK   00003_finding.sql (14.62ms)
2026/10/08 09:18:11 OK   00004_incident.sql (6.67ms)
2026/10/08 09:18:11 OK   00005_investigation.sql (13.49ms)
2026/10/08 09:18:11 OK   00006_action_command.sql (8.59ms)
2026/10/08 09:18:11 OK   00007_audit.sql (19.75ms)
2026/10/08 09:18:11 OK   00008_rls.sql (9.3ms)
2026/10/08 09:18:11 OK   00009_idempotency_ledger.sql (8.38ms)
2026/10/08 09:18:11 OK   00010_tenant_provisioning.sql (10.98ms)
2026/10/08 09:18:11 OK   00011_source_registration_history.sql (9.99ms)
2026/10/08 09:18:11 OK   00012_config_registry_lifecycle.sql (21.18ms)
2026/10/08 09:18:11 OK   00013_audit_signed_segments.sql (13.26ms)
2026/10/08 09:18:11 OK   00014_audit_segment_predecessors.sql (5.87ms)
2026/10/08 09:18:11 OK   00015_source_schema_scope.sql (3.83ms)
2026/10/08 09:18:11 OK   00016_cluster_registration_metadata.sql (3.7ms)
2026/10/08 09:18:11 OK   00017_source_data_scope.sql (3.86ms)
2026/10/08 09:18:11 OK   00018_sp04_resources_evidence.sql (29.62ms)
2026/10/08 09:18:11 OK   00019_sp04_archive_ciphertext_bytes.sql (5.12ms)
2026/10/08 09:18:11 OK   00020_sp04_request_ledger.sql (8.25ms)
2026/10/08 09:18:11 OK   00021_sp04_archive_protection.sql (4.14ms)
2026/10/08 09:18:11 OK   00022_sp04_legal_hold_dependencies.sql (3.54ms)
2026/10/08 09:18:11 OK   00023_sp04_archive_query_intent.sql (4.59ms)
2026/10/08 09:18:11 OK   00024_sp05_finding_incident.sql (42.26ms)
2026/10/08 09:18:11 OK   00025_sp05_incident_event_time.sql (6.73ms)
2026/10/08 09:18:11 OK   00026_sp05_source_binding_lock.sql (6.6ms)
2026/10/08 09:18:11 OK   00027_sp05_rca_and_poll.sql (18.87ms)
2026/10/08 09:18:11 OK   00028_sp05_operator_lock.sql (8.93ms)
2026/10/08 09:18:11 OK   00029_sp05_evidence_links.sql (9.8ms)
2026/10/08 09:18:11 OK   00030_sp05_recipe_fence.sql (3.3ms)
2026/10/08 09:18:11 OK   00031_sp05_rca_postcheck.sql (3.87ms)
2026/10/08 09:18:11 OK   00032_sp05_transport_audit.sql (5.34ms)
2026/10/08 09:18:11 OK   00033_sp05_poll_resolution_clock.sql (6.68ms)
2026/10/08 09:18:12 OK   00034_sp06_investigation_ledger.sql (41.71ms)
2026/10/08 09:18:12 OK   00035_sp06_admission_data_classes.sql (6.64ms)
2026/10/08 09:18:12 goose: successfully migrated database to version: 35
2026/10/08 09:18:28 OK   00001_roles_and_schemas.sql (12.67ms)
2026/10/08 09:18:28 goose: successfully migrated database to version: 1
2026/10/08 09:18:28 OK   00002_platform_meta.sql (40.22ms)
2026/10/08 09:18:28 OK   00003_finding.sql (8.59ms)
2026/10/08 09:18:28 OK   00004_incident.sql (10.84ms)
2026/10/08 09:18:28 OK   00005_investigation.sql (20.04ms)
2026/10/08 09:18:28 OK   00006_action_command.sql (14.27ms)
2026/10/08 09:18:28 OK   00007_audit.sql (11.73ms)
2026/10/08 09:18:28 OK   00008_rls.sql (20.82ms)
2026/10/08 09:18:28 OK   00009_idempotency_ledger.sql (17.04ms)
2026/10/08 09:18:28 OK   00010_tenant_provisioning.sql (8.09ms)
2026/10/08 09:18:28 OK   00011_source_registration_history.sql (15.37ms)
2026/10/08 09:18:28 OK   00012_config_registry_lifecycle.sql (23.73ms)
2026/10/08 09:18:28 OK   00013_audit_signed_segments.sql (15.21ms)
2026/10/08 09:18:28 OK   00014_audit_segment_predecessors.sql (8.86ms)
2026/10/08 09:18:28 OK   00015_source_schema_scope.sql (9.42ms)
2026/10/08 09:18:28 OK   00016_cluster_registration_metadata.sql (12.3ms)
2026/10/08 09:18:28 OK   00017_source_data_scope.sql (3.72ms)
2026/10/08 09:18:28 OK   00018_sp04_resources_evidence.sql (30.1ms)
2026/10/08 09:18:28 OK   00019_sp04_archive_ciphertext_bytes.sql (10.42ms)
2026/10/08 09:18:28 OK   00020_sp04_request_ledger.sql (6.63ms)
2026/10/08 09:18:28 OK   00021_sp04_archive_protection.sql (5.95ms)
2026/10/08 09:18:28 OK   00022_sp04_legal_hold_dependencies.sql (8.47ms)
2026/10/08 09:18:28 OK   00023_sp04_archive_query_intent.sql (5.3ms)
2026/10/08 09:18:28 OK   00024_sp05_finding_incident.sql (39.35ms)
2026/10/08 09:18:28 OK   00025_sp05_incident_event_time.sql (5.06ms)
2026/10/08 09:18:28 OK   00026_sp05_source_binding_lock.sql (5.61ms)
2026/10/08 09:18:28 OK   00027_sp05_rca_and_poll.sql (17.87ms)
2026/10/08 09:18:28 OK   00028_sp05_operator_lock.sql (11.15ms)
2026/10/08 09:18:28 OK   00029_sp05_evidence_links.sql (5.96ms)
2026/10/08 09:18:28 OK   00030_sp05_recipe_fence.sql (3.16ms)
2026/10/08 09:18:29 OK   00031_sp05_rca_postcheck.sql (2.64ms)
2026/10/08 09:18:29 OK   00032_sp05_transport_audit.sql (3.54ms)
2026/10/08 09:18:29 OK   00033_sp05_poll_resolution_clock.sql (5.38ms)
2026/10/08 09:18:29 OK   00034_sp06_investigation_ledger.sql (42.63ms)
2026/10/08 09:18:29 OK   00035_sp06_admission_data_classes.sql (5.01ms)
2026/10/08 09:18:29 goose: successfully migrated database to version: 35
2026/10/08 09:18:45 OK   00001_roles_and_schemas.sql (29.64ms)
2026/10/08 09:18:45 goose: successfully migrated database to version: 1
2026/10/08 09:18:45 OK   00002_platform_meta.sql (50.91ms)
2026/10/08 09:18:45 OK   00003_finding.sql (10.11ms)
2026/10/08 09:18:45 OK   00004_incident.sql (12.65ms)
2026/10/08 09:18:45 OK   00005_investigation.sql (14.54ms)
2026/10/08 09:18:45 OK   00006_action_command.sql (12.13ms)
2026/10/08 09:18:45 OK   00007_audit.sql (14.96ms)
2026/10/08 09:18:45 OK   00008_rls.sql (34.63ms)
2026/10/08 09:18:45 OK   00009_idempotency_ledger.sql (11.32ms)
2026/10/08 09:18:45 OK   00010_tenant_provisioning.sql (5.25ms)
2026/10/08 09:18:45 OK   00011_source_registration_history.sql (8.45ms)
2026/10/08 09:18:45 OK   00012_config_registry_lifecycle.sql (25.63ms)
2026/10/08 09:18:45 OK   00013_audit_signed_segments.sql (11.74ms)
2026/10/08 09:18:45 OK   00014_audit_segment_predecessors.sql (9.09ms)
2026/10/08 09:18:45 OK   00015_source_schema_scope.sql (4.33ms)
2026/10/08 09:18:45 OK   00016_cluster_registration_metadata.sql (11.44ms)
2026/10/08 09:18:45 OK   00017_source_data_scope.sql (12.61ms)
2026/10/08 09:18:45 OK   00018_sp04_resources_evidence.sql (20.09ms)
2026/10/08 09:18:45 OK   00019_sp04_archive_ciphertext_bytes.sql (11.12ms)
2026/10/08 09:18:45 OK   00020_sp04_request_ledger.sql (16.34ms)
2026/10/08 09:18:45 OK   00021_sp04_archive_protection.sql (14.73ms)
2026/10/08 09:18:45 OK   00022_sp04_legal_hold_dependencies.sql (3.57ms)
2026/10/08 09:18:45 OK   00023_sp04_archive_query_intent.sql (3.32ms)
2026/10/08 09:18:45 OK   00024_sp05_finding_incident.sql (26.71ms)
2026/10/08 09:18:45 OK   00025_sp05_incident_event_time.sql (18.75ms)
2026/10/08 09:18:45 OK   00026_sp05_source_binding_lock.sql (3.93ms)
2026/10/08 09:18:45 OK   00027_sp05_rca_and_poll.sql (19.04ms)
2026/10/08 09:18:45 OK   00028_sp05_operator_lock.sql (16.92ms)
2026/10/08 09:18:45 OK   00029_sp05_evidence_links.sql (11.62ms)
2026/10/08 09:18:45 OK   00030_sp05_recipe_fence.sql (3.38ms)
2026/10/08 09:18:45 OK   00031_sp05_rca_postcheck.sql (5.29ms)
2026/10/08 09:18:45 OK   00032_sp05_transport_audit.sql (4.48ms)
2026/10/08 09:18:45 OK   00033_sp05_poll_resolution_clock.sql (13.04ms)
2026/10/08 09:18:45 OK   00034_sp06_investigation_ledger.sql (37.33ms)
2026/10/08 09:18:45 OK   00035_sp06_admission_data_classes.sql (6.76ms)
2026/10/08 09:18:45 goose: successfully migrated database to version: 35
2026/10/08 09:19:02 OK   00001_roles_and_schemas.sql (24.16ms)
2026/10/08 09:19:02 goose: successfully migrated database to version: 1
2026/10/08 09:19:02 OK   00002_platform_meta.sql (48.53ms)
2026/10/08 09:19:02 OK   00003_finding.sql (9.83ms)
2026/10/08 09:19:02 OK   00004_incident.sql (7.18ms)
2026/10/08 09:19:02 OK   00005_investigation.sql (13.52ms)
2026/10/08 09:19:02 OK   00006_action_command.sql (11.16ms)
2026/10/08 09:19:02 OK   00007_audit.sql (18.47ms)
2026/10/08 09:19:02 OK   00008_rls.sql (10.9ms)
2026/10/08 09:19:02 OK   00009_idempotency_ledger.sql (19.55ms)
2026/10/08 09:19:02 OK   00010_tenant_provisioning.sql (13.72ms)
2026/10/08 09:19:02 OK   00011_source_registration_history.sql (7.5ms)
2026/10/08 09:19:02 OK   00012_config_registry_lifecycle.sql (26.17ms)
2026/10/08 09:19:02 OK   00013_audit_signed_segments.sql (28.57ms)
2026/10/08 09:19:02 OK   00014_audit_segment_predecessors.sql (6.18ms)
2026/10/08 09:19:02 OK   00015_source_schema_scope.sql (3.17ms)
2026/10/08 09:19:02 OK   00016_cluster_registration_metadata.sql (6.83ms)
2026/10/08 09:19:02 OK   00017_source_data_scope.sql (6.57ms)
2026/10/08 09:19:02 OK   00018_sp04_resources_evidence.sql (44.02ms)
2026/10/08 09:19:02 OK   00019_sp04_archive_ciphertext_bytes.sql (10.6ms)
2026/10/08 09:19:02 OK   00020_sp04_request_ledger.sql (5.24ms)
2026/10/08 09:19:02 OK   00021_sp04_archive_protection.sql (4.53ms)
2026/10/08 09:19:02 OK   00022_sp04_legal_hold_dependencies.sql (3.19ms)
2026/10/08 09:19:02 OK   00023_sp04_archive_query_intent.sql (4.56ms)
2026/10/08 09:19:02 OK   00024_sp05_finding_incident.sql (33.95ms)
2026/10/08 09:19:03 OK   00025_sp05_incident_event_time.sql (13.53ms)
2026/10/08 09:19:03 OK   00026_sp05_source_binding_lock.sql (32.47ms)
2026/10/08 09:19:03 OK   00027_sp05_rca_and_poll.sql (13.92ms)
2026/10/08 09:19:03 OK   00028_sp05_operator_lock.sql (10.03ms)
2026/10/08 09:19:03 OK   00029_sp05_evidence_links.sql (32.79ms)
2026/10/08 09:19:03 OK   00030_sp05_recipe_fence.sql (4.56ms)
2026/10/08 09:19:03 OK   00031_sp05_rca_postcheck.sql (3.2ms)
2026/10/08 09:19:03 OK   00032_sp05_transport_audit.sql (3.15ms)
2026/10/08 09:19:03 OK   00033_sp05_poll_resolution_clock.sql (4.26ms)
2026/10/08 09:19:03 OK   00034_sp06_investigation_ledger.sql (61.74ms)
2026/10/08 09:19:03 OK   00035_sp06_admission_data_classes.sql (7.01ms)
2026/10/08 09:19:03 goose: successfully migrated database to version: 35
2026/10/08 09:19:24 OK   00001_roles_and_schemas.sql (14.44ms)
2026/10/08 09:19:24 goose: successfully migrated database to version: 1
2026/10/08 09:19:24 OK   00002_platform_meta.sql (41.4ms)
2026/10/08 09:19:24 OK   00003_finding.sql (36.6ms)
2026/10/08 09:19:24 OK   00004_incident.sql (11.97ms)
2026/10/08 09:19:24 OK   00005_investigation.sql (24.97ms)
2026/10/08 09:19:24 OK   00006_action_command.sql (19.03ms)
2026/10/08 09:19:24 OK   00007_audit.sql (24.04ms)
2026/10/08 09:19:24 OK   00008_rls.sql (25.35ms)
2026/10/08 09:19:24 OK   00009_idempotency_ledger.sql (19.17ms)
2026/10/08 09:19:24 OK   00010_tenant_provisioning.sql (12.54ms)
2026/10/08 09:19:24 OK   00011_source_registration_history.sql (17.06ms)
2026/10/08 09:19:24 OK   00012_config_registry_lifecycle.sql (23.03ms)
2026/10/08 09:19:24 OK   00013_audit_signed_segments.sql (17.06ms)
2026/10/08 09:19:24 OK   00014_audit_segment_predecessors.sql (5.29ms)
2026/10/08 09:19:24 OK   00015_source_schema_scope.sql (3.35ms)
2026/10/08 09:19:24 OK   00016_cluster_registration_metadata.sql (10.88ms)
2026/10/08 09:19:24 OK   00017_source_data_scope.sql (6.61ms)
2026/10/08 09:19:24 OK   00018_sp04_resources_evidence.sql (29.64ms)
2026/10/08 09:19:24 OK   00019_sp04_archive_ciphertext_bytes.sql (5.12ms)
2026/10/08 09:19:24 OK   00020_sp04_request_ledger.sql (12.35ms)
2026/10/08 09:19:24 OK   00021_sp04_archive_protection.sql (10.64ms)
2026/10/08 09:19:24 OK   00022_sp04_legal_hold_dependencies.sql (3.08ms)
2026/10/08 09:19:24 OK   00023_sp04_archive_query_intent.sql (3.12ms)
2026/10/08 09:19:24 OK   00024_sp05_finding_incident.sql (19.91ms)
2026/10/08 09:19:24 OK   00025_sp05_incident_event_time.sql (15.26ms)
2026/10/08 09:19:24 OK   00026_sp05_source_binding_lock.sql (9.33ms)
2026/10/08 09:19:24 OK   00027_sp05_rca_and_poll.sql (9.95ms)
2026/10/08 09:19:24 OK   00028_sp05_operator_lock.sql (7.3ms)
2026/10/08 09:19:24 OK   00029_sp05_evidence_links.sql (7.36ms)
2026/10/08 09:19:24 OK   00030_sp05_recipe_fence.sql (5.17ms)
2026/10/08 09:19:24 OK   00031_sp05_rca_postcheck.sql (5.57ms)
2026/10/08 09:19:24 OK   00032_sp05_transport_audit.sql (6.06ms)
2026/10/08 09:19:24 OK   00033_sp05_poll_resolution_clock.sql (4.43ms)
2026/10/08 09:19:24 OK   00034_sp06_investigation_ledger.sql (29.81ms)
2026/10/08 09:19:24 OK   00035_sp06_admission_data_classes.sql (4.46ms)
2026/10/08 09:19:24 goose: successfully migrated database to version: 35
2026/10/08 09:19:45 OK   00001_roles_and_schemas.sql (15.01ms)
2026/10/08 09:19:45 goose: successfully migrated database to version: 1
2026/10/08 09:19:45 OK   00002_platform_meta.sql (41.92ms)
2026/10/08 09:19:45 OK   00003_finding.sql (22.94ms)
2026/10/08 09:19:45 OK   00004_incident.sql (16.03ms)
2026/10/08 09:19:45 OK   00005_investigation.sql (37.33ms)
2026/10/08 09:19:45 OK   00006_action_command.sql (17.02ms)
2026/10/08 09:19:45 OK   00007_audit.sql (33.58ms)
2026/10/08 09:19:45 OK   00008_rls.sql (18.9ms)
2026/10/08 09:19:45 OK   00009_idempotency_ledger.sql (25.28ms)
2026/10/08 09:19:45 OK   00010_tenant_provisioning.sql (15.71ms)
2026/10/08 09:19:45 OK   00011_source_registration_history.sql (7.78ms)
2026/10/08 09:19:46 OK   00012_config_registry_lifecycle.sql (41.78ms)
2026/10/08 09:19:46 OK   00013_audit_signed_segments.sql (57.95ms)
2026/10/08 09:19:46 OK   00014_audit_segment_predecessors.sql (17.05ms)
2026/10/08 09:19:46 OK   00015_source_schema_scope.sql (7.8ms)
2026/10/08 09:19:46 OK   00016_cluster_registration_metadata.sql (12.51ms)
2026/10/08 09:19:46 OK   00017_source_data_scope.sql (10.23ms)
2026/10/08 09:19:46 OK   00018_sp04_resources_evidence.sql (40.64ms)
2026/10/08 09:19:46 OK   00019_sp04_archive_ciphertext_bytes.sql (22.92ms)
2026/10/08 09:19:46 OK   00020_sp04_request_ledger.sql (8.17ms)
2026/10/08 09:19:46 OK   00021_sp04_archive_protection.sql (5.58ms)
2026/10/08 09:19:46 OK   00022_sp04_legal_hold_dependencies.sql (4.83ms)
2026/10/08 09:19:46 OK   00023_sp04_archive_query_intent.sql (4.83ms)
2026/10/08 09:19:46 OK   00024_sp05_finding_incident.sql (30.46ms)
2026/10/08 09:19:46 OK   00025_sp05_incident_event_time.sql (3.73ms)
2026/10/08 09:19:46 OK   00026_sp05_source_binding_lock.sql (3.43ms)
2026/10/08 09:19:46 OK   00027_sp05_rca_and_poll.sql (10.32ms)
2026/10/08 09:19:46 OK   00028_sp05_operator_lock.sql (5.68ms)
2026/10/08 09:19:46 OK   00029_sp05_evidence_links.sql (14.08ms)
2026/10/08 09:19:46 OK   00030_sp05_recipe_fence.sql (14.82ms)
2026/10/08 09:19:46 OK   00031_sp05_rca_postcheck.sql (5.53ms)
2026/10/08 09:19:46 OK   00032_sp05_transport_audit.sql (3.84ms)
2026/10/08 09:19:46 OK   00033_sp05_poll_resolution_clock.sql (17.48ms)
2026/10/08 09:19:46 OK   00034_sp06_investigation_ledger.sql (35.08ms)
2026/10/08 09:19:46 OK   00035_sp06_admission_data_classes.sql (4.3ms)
2026/10/08 09:19:46 goose: successfully migrated database to version: 35
2026/10/08 09:20:02 OK   00001_roles_and_schemas.sql (16.96ms)
2026/10/08 09:20:02 goose: successfully migrated database to version: 1
2026/10/08 09:20:02 OK   00002_platform_meta.sql (38.65ms)
2026/10/08 09:20:02 OK   00003_finding.sql (14.8ms)
2026/10/08 09:20:02 OK   00004_incident.sql (10.92ms)
2026/10/08 09:20:02 OK   00005_investigation.sql (7.84ms)
2026/10/08 09:20:02 OK   00006_action_command.sql (7.05ms)
2026/10/08 09:20:02 OK   00007_audit.sql (30ms)
2026/10/08 09:20:02 OK   00008_rls.sql (21.4ms)
2026/10/08 09:20:02 OK   00009_idempotency_ledger.sql (12.15ms)
2026/10/08 09:20:02 OK   00010_tenant_provisioning.sql (6.75ms)
2026/10/08 09:20:02 OK   00011_source_registration_history.sql (19.33ms)
2026/10/08 09:20:02 OK   00012_config_registry_lifecycle.sql (19.73ms)
2026/10/08 09:20:02 OK   00013_audit_signed_segments.sql (12.29ms)
2026/10/08 09:20:02 OK   00014_audit_segment_predecessors.sql (7.49ms)
2026/10/08 09:20:02 OK   00015_source_schema_scope.sql (10.62ms)
2026/10/08 09:20:02 OK   00016_cluster_registration_metadata.sql (6.19ms)
2026/10/08 09:20:02 OK   00017_source_data_scope.sql (7.09ms)
2026/10/08 09:20:02 OK   00018_sp04_resources_evidence.sql (22.9ms)
2026/10/08 09:20:02 OK   00019_sp04_archive_ciphertext_bytes.sql (15.49ms)
2026/10/08 09:20:02 OK   00020_sp04_request_ledger.sql (10.22ms)
2026/10/08 09:20:02 OK   00021_sp04_archive_protection.sql (4.56ms)
2026/10/08 09:20:02 OK   00022_sp04_legal_hold_dependencies.sql (5.51ms)
2026/10/08 09:20:02 OK   00023_sp04_archive_query_intent.sql (5.7ms)
2026/10/08 09:20:02 OK   00024_sp05_finding_incident.sql (33.25ms)
2026/10/08 09:20:02 OK   00025_sp05_incident_event_time.sql (8.54ms)
2026/10/08 09:20:02 OK   00026_sp05_source_binding_lock.sql (6.42ms)
2026/10/08 09:20:02 OK   00027_sp05_rca_and_poll.sql (9.33ms)
2026/10/08 09:20:02 OK   00028_sp05_operator_lock.sql (4.61ms)
2026/10/08 09:20:02 OK   00029_sp05_evidence_links.sql (9.28ms)
2026/10/08 09:20:02 OK   00030_sp05_recipe_fence.sql (7.47ms)
2026/10/08 09:20:02 OK   00031_sp05_rca_postcheck.sql (4.07ms)
2026/10/08 09:20:02 OK   00032_sp05_transport_audit.sql (7.06ms)
2026/10/08 09:20:02 OK   00033_sp05_poll_resolution_clock.sql (7.84ms)
2026/10/08 09:20:02 OK   00034_sp06_investigation_ledger.sql (43.85ms)
2026/10/08 09:20:02 OK   00035_sp06_admission_data_classes.sql (11.96ms)
2026/10/08 09:20:02 goose: successfully migrated database to version: 35
2026/10/08 09:20:18 OK   00001_roles_and_schemas.sql (14.8ms)
2026/10/08 09:20:18 goose: successfully migrated database to version: 1
2026/10/08 09:20:18 OK   00002_platform_meta.sql (43.34ms)
2026/10/08 09:20:18 OK   00003_finding.sql (8.61ms)
2026/10/08 09:20:18 OK   00004_incident.sql (9.93ms)
2026/10/08 09:20:18 OK   00005_investigation.sql (14.12ms)
2026/10/08 09:20:18 OK   00006_action_command.sql (12.27ms)
2026/10/08 09:20:18 OK   00007_audit.sql (12.33ms)
2026/10/08 09:20:18 OK   00008_rls.sql (23.69ms)
2026/10/08 09:20:18 OK   00009_idempotency_ledger.sql (22.04ms)
2026/10/08 09:20:18 OK   00010_tenant_provisioning.sql (4.99ms)
2026/10/08 09:20:18 OK   00011_source_registration_history.sql (36.18ms)
2026/10/08 09:20:18 OK   00012_config_registry_lifecycle.sql (15.58ms)
2026/10/08 09:20:18 OK   00013_audit_signed_segments.sql (34.34ms)
2026/10/08 09:20:18 OK   00014_audit_segment_predecessors.sql (12.44ms)
2026/10/08 09:20:18 OK   00015_source_schema_scope.sql (6.56ms)
2026/10/08 09:20:18 OK   00016_cluster_registration_metadata.sql (16.52ms)
2026/10/08 09:20:18 OK   00017_source_data_scope.sql (11.74ms)
2026/10/08 09:20:18 OK   00018_sp04_resources_evidence.sql (32.29ms)
2026/10/08 09:20:18 OK   00019_sp04_archive_ciphertext_bytes.sql (12.14ms)
2026/10/08 09:20:18 OK   00020_sp04_request_ledger.sql (7.49ms)
2026/10/08 09:20:18 OK   00021_sp04_archive_protection.sql (12.53ms)
2026/10/08 09:20:18 OK   00022_sp04_legal_hold_dependencies.sql (9.81ms)
2026/10/08 09:20:18 OK   00023_sp04_archive_query_intent.sql (6.68ms)
2026/10/08 09:20:18 OK   00024_sp05_finding_incident.sql (26.33ms)
2026/10/08 09:20:19 OK   00025_sp05_incident_event_time.sql (3.87ms)
2026/10/08 09:20:19 OK   00026_sp05_source_binding_lock.sql (7.31ms)
2026/10/08 09:20:19 OK   00027_sp05_rca_and_poll.sql (16.42ms)
2026/10/08 09:20:19 OK   00028_sp05_operator_lock.sql (10.93ms)
2026/10/08 09:20:19 OK   00029_sp05_evidence_links.sql (9.56ms)
2026/10/08 09:20:19 OK   00030_sp05_recipe_fence.sql (4.41ms)
2026/10/08 09:20:19 OK   00031_sp05_rca_postcheck.sql (2.27ms)
2026/10/08 09:20:19 OK   00032_sp05_transport_audit.sql (2.95ms)
2026/10/08 09:20:19 OK   00033_sp05_poll_resolution_clock.sql (2.82ms)
2026/10/08 09:20:19 OK   00034_sp06_investigation_ledger.sql (50.75ms)
2026/10/08 09:20:19 OK   00035_sp06_admission_data_classes.sql (3.44ms)
2026/10/08 09:20:19 goose: successfully migrated database to version: 35
2026/10/08 09:20:36 OK   00001_roles_and_schemas.sql (32.9ms)
2026/10/08 09:20:36 goose: successfully migrated database to version: 1
2026/10/08 09:20:36 OK   00002_platform_meta.sql (46.17ms)
2026/10/08 09:20:36 OK   00003_finding.sql (7.81ms)
2026/10/08 09:20:36 OK   00004_incident.sql (16.39ms)
2026/10/08 09:20:36 OK   00005_investigation.sql (8.82ms)
2026/10/08 09:20:36 OK   00006_action_command.sql (16.39ms)
2026/10/08 09:20:36 OK   00007_audit.sql (9.1ms)
2026/10/08 09:20:36 OK   00008_rls.sql (12.35ms)
2026/10/08 09:20:36 OK   00009_idempotency_ledger.sql (21.23ms)
2026/10/08 09:20:36 OK   00010_tenant_provisioning.sql (9.48ms)
2026/10/08 09:20:36 OK   00011_source_registration_history.sql (16.25ms)
2026/10/08 09:20:36 OK   00012_config_registry_lifecycle.sql (13.15ms)
2026/10/08 09:20:36 OK   00013_audit_signed_segments.sql (31.01ms)
2026/10/08 09:20:36 OK   00014_audit_segment_predecessors.sql (11.04ms)
2026/10/08 09:20:36 OK   00015_source_schema_scope.sql (7.64ms)
2026/10/08 09:20:36 OK   00016_cluster_registration_metadata.sql (8.68ms)
2026/10/08 09:20:36 OK   00017_source_data_scope.sql (10.15ms)
2026/10/08 09:20:36 OK   00018_sp04_resources_evidence.sql (23.93ms)
2026/10/08 09:20:36 OK   00019_sp04_archive_ciphertext_bytes.sql (2.97ms)
2026/10/08 09:20:36 OK   00020_sp04_request_ledger.sql (10.1ms)
2026/10/08 09:20:36 OK   00021_sp04_archive_protection.sql (6.76ms)
2026/10/08 09:20:36 OK   00022_sp04_legal_hold_dependencies.sql (7.07ms)
2026/10/08 09:20:36 OK   00023_sp04_archive_query_intent.sql (6.69ms)
2026/10/08 09:20:36 OK   00024_sp05_finding_incident.sql (43.07ms)
2026/10/08 09:20:36 OK   00025_sp05_incident_event_time.sql (9.74ms)
2026/10/08 09:20:36 OK   00026_sp05_source_binding_lock.sql (11.18ms)
2026/10/08 09:20:36 OK   00027_sp05_rca_and_poll.sql (12.42ms)
2026/10/08 09:20:36 OK   00028_sp05_operator_lock.sql (8.16ms)
2026/10/08 09:20:36 OK   00029_sp05_evidence_links.sql (11.03ms)
2026/10/08 09:20:36 OK   00030_sp05_recipe_fence.sql (4.93ms)
2026/10/08 09:20:36 OK   00031_sp05_rca_postcheck.sql (6.05ms)
2026/10/08 09:20:37 OK   00032_sp05_transport_audit.sql (5.85ms)
2026/10/08 09:20:37 OK   00033_sp05_poll_resolution_clock.sql (3.27ms)
2026/10/08 09:20:37 OK   00034_sp06_investigation_ledger.sql (17ms)
2026/10/08 09:20:37 OK   00035_sp06_admission_data_classes.sql (5.1ms)
2026/10/08 09:20:37 goose: successfully migrated database to version: 35
2026/10/08 09:20:56 OK   00001_roles_and_schemas.sql (11.65ms)
2026/10/08 09:20:56 goose: successfully migrated database to version: 1
2026/10/08 09:20:57 OK   00002_platform_meta.sql (32.32ms)
2026/10/08 09:20:57 OK   00003_finding.sql (49.65ms)
2026/10/08 09:20:57 OK   00004_incident.sql (44.82ms)
2026/10/08 09:20:57 OK   00005_investigation.sql (22.24ms)
2026/10/08 09:20:57 OK   00006_action_command.sql (9.96ms)
2026/10/08 09:20:57 OK   00007_audit.sql (24.34ms)
2026/10/08 09:20:57 OK   00008_rls.sql (42.17ms)
2026/10/08 09:20:57 OK   00009_idempotency_ledger.sql (53.02ms)
2026/10/08 09:20:57 OK   00010_tenant_provisioning.sql (10.09ms)
2026/10/08 09:20:57 OK   00011_source_registration_history.sql (40.82ms)
2026/10/08 09:20:57 OK   00012_config_registry_lifecycle.sql (20.57ms)
2026/10/08 09:20:57 OK   00013_audit_signed_segments.sql (50.92ms)
2026/10/08 09:20:57 OK   00014_audit_segment_predecessors.sql (19.45ms)
2026/10/08 09:20:57 OK   00015_source_schema_scope.sql (5.27ms)
2026/10/08 09:20:57 OK   00016_cluster_registration_metadata.sql (12.65ms)
2026/10/08 09:20:57 OK   00017_source_data_scope.sql (4.2ms)
2026/10/08 09:20:57 OK   00018_sp04_resources_evidence.sql (29.86ms)
2026/10/08 09:20:57 OK   00019_sp04_archive_ciphertext_bytes.sql (12.68ms)
2026/10/08 09:20:57 OK   00020_sp04_request_ledger.sql (6.29ms)
2026/10/08 09:20:57 OK   00021_sp04_archive_protection.sql (24.55ms)
2026/10/08 09:20:57 OK   00022_sp04_legal_hold_dependencies.sql (13.02ms)
2026/10/08 09:20:57 OK   00023_sp04_archive_query_intent.sql (5.33ms)
2026/10/08 09:20:57 OK   00024_sp05_finding_incident.sql (54.82ms)
2026/10/08 09:20:57 OK   00025_sp05_incident_event_time.sql (4.63ms)
2026/10/08 09:20:57 OK   00026_sp05_source_binding_lock.sql (7.88ms)
2026/10/08 09:20:57 OK   00027_sp05_rca_and_poll.sql (33.5ms)
2026/10/08 09:20:57 OK   00028_sp05_operator_lock.sql (4.4ms)
2026/10/08 09:20:57 OK   00029_sp05_evidence_links.sql (12.97ms)
2026/10/08 09:20:57 OK   00030_sp05_recipe_fence.sql (9.41ms)
2026/10/08 09:20:57 OK   00031_sp05_rca_postcheck.sql (5.04ms)
2026/10/08 09:20:57 OK   00032_sp05_transport_audit.sql (13.01ms)
2026/10/08 09:20:57 OK   00033_sp05_poll_resolution_clock.sql (7.92ms)
2026/10/08 09:20:57 OK   00034_sp06_investigation_ledger.sql (27.3ms)
2026/10/08 09:20:57 OK   00035_sp06_admission_data_classes.sql (3.21ms)
2026/10/08 09:20:57 goose: successfully migrated database to version: 35
2026/10/08 09:21:15 OK   00001_roles_and_schemas.sql (9.94ms)
2026/10/08 09:21:15 goose: successfully migrated database to version: 1
2026/10/08 09:21:15 OK   00002_platform_meta.sql (31.22ms)
2026/10/08 09:21:15 OK   00003_finding.sql (23.33ms)
2026/10/08 09:21:15 OK   00004_incident.sql (10.77ms)
2026/10/08 09:21:15 OK   00005_investigation.sql (7.71ms)
2026/10/08 09:21:15 OK   00006_action_command.sql (8.86ms)
2026/10/08 09:21:15 OK   00007_audit.sql (33.98ms)
2026/10/08 09:21:15 OK   00008_rls.sql (20.44ms)
2026/10/08 09:21:15 OK   00009_idempotency_ledger.sql (36.26ms)
2026/10/08 09:21:15 OK   00010_tenant_provisioning.sql (4.69ms)
2026/10/08 09:21:15 OK   00011_source_registration_history.sql (9.73ms)
2026/10/08 09:21:15 OK   00012_config_registry_lifecycle.sql (42.15ms)
2026/10/08 09:21:15 OK   00013_audit_signed_segments.sql (42.45ms)
2026/10/08 09:21:15 OK   00014_audit_segment_predecessors.sql (16ms)
2026/10/08 09:21:15 OK   00015_source_schema_scope.sql (5.64ms)
2026/10/08 09:21:15 OK   00016_cluster_registration_metadata.sql (6.71ms)
2026/10/08 09:21:15 OK   00017_source_data_scope.sql (6.99ms)
2026/10/08 09:21:15 OK   00018_sp04_resources_evidence.sql (31.61ms)
2026/10/08 09:21:15 OK   00019_sp04_archive_ciphertext_bytes.sql (22.19ms)
2026/10/08 09:21:15 OK   00020_sp04_request_ledger.sql (17.57ms)
2026/10/08 09:21:15 OK   00021_sp04_archive_protection.sql (5.3ms)
2026/10/08 09:21:15 OK   00022_sp04_legal_hold_dependencies.sql (3.1ms)
2026/10/08 09:21:15 OK   00023_sp04_archive_query_intent.sql (2.8ms)
2026/10/08 09:21:15 OK   00024_sp05_finding_incident.sql (42.62ms)
2026/10/08 09:21:15 OK   00025_sp05_incident_event_time.sql (10.23ms)
2026/10/08 09:21:15 OK   00026_sp05_source_binding_lock.sql (3.74ms)
2026/10/08 09:21:15 OK   00027_sp05_rca_and_poll.sql (9.84ms)
2026/10/08 09:21:15 OK   00028_sp05_operator_lock.sql (11.01ms)
2026/10/08 09:21:15 OK   00029_sp05_evidence_links.sql (15.67ms)
2026/10/08 09:21:15 OK   00030_sp05_recipe_fence.sql (9.33ms)
2026/10/08 09:21:15 OK   00031_sp05_rca_postcheck.sql (5.4ms)
2026/10/08 09:21:15 OK   00032_sp05_transport_audit.sql (3.73ms)
2026/10/08 09:21:15 OK   00033_sp05_poll_resolution_clock.sql (3.68ms)
2026/10/08 09:21:15 OK   00034_sp06_investigation_ledger.sql (49.13ms)
2026/10/08 09:21:15 OK   00035_sp06_admission_data_classes.sql (4.74ms)
2026/10/08 09:21:15 goose: successfully migrated database to version: 35
2026/10/08 09:21:34 OK   00001_roles_and_schemas.sql (62.63ms)
2026/10/08 09:21:34 goose: successfully migrated database to version: 1
2026/10/08 09:21:34 OK   00002_platform_meta.sql (223.31ms)
2026/10/08 09:21:34 OK   00003_finding.sql (35.92ms)
2026/10/08 09:21:34 OK   00004_incident.sql (32.32ms)
2026/10/08 09:21:34 OK   00005_investigation.sql (114.75ms)
2026/10/08 09:21:34 OK   00006_action_command.sql (89.79ms)
2026/10/08 09:21:34 OK   00007_audit.sql (19.23ms)
2026/10/08 09:21:34 OK   00008_rls.sql (24.51ms)
2026/10/08 09:21:34 OK   00009_idempotency_ledger.sql (30.22ms)
2026/10/08 09:21:34 OK   00010_tenant_provisioning.sql (15.75ms)
2026/10/08 09:21:34 OK   00011_source_registration_history.sql (34.48ms)
2026/10/08 09:21:34 OK   00012_config_registry_lifecycle.sql (120.39ms)
2026/10/08 09:21:34 OK   00013_audit_signed_segments.sql (144.42ms)
2026/10/08 09:21:34 OK   00014_audit_segment_predecessors.sql (16.61ms)
2026/10/08 09:21:35 OK   00015_source_schema_scope.sql (4.89ms)
2026/10/08 09:21:35 OK   00016_cluster_registration_metadata.sql (9.86ms)
2026/10/08 09:21:35 OK   00017_source_data_scope.sql (37.89ms)
2026/10/08 09:21:35 OK   00018_sp04_resources_evidence.sql (80.32ms)
2026/10/08 09:21:35 OK   00019_sp04_archive_ciphertext_bytes.sql (9.12ms)
2026/10/08 09:21:35 OK   00020_sp04_request_ledger.sql (26.98ms)
2026/10/08 09:21:35 OK   00021_sp04_archive_protection.sql (6.53ms)
2026/10/08 09:21:35 OK   00022_sp04_legal_hold_dependencies.sql (9.28ms)
2026/10/08 09:21:35 OK   00023_sp04_archive_query_intent.sql (11.68ms)
2026/10/08 09:21:35 OK   00024_sp05_finding_incident.sql (28.24ms)
2026/10/08 09:21:35 OK   00025_sp05_incident_event_time.sql (22.51ms)
2026/10/08 09:21:35 OK   00026_sp05_source_binding_lock.sql (6.22ms)
2026/10/08 09:21:35 OK   00027_sp05_rca_and_poll.sql (19.31ms)
2026/10/08 09:21:35 OK   00028_sp05_operator_lock.sql (21.46ms)
2026/10/08 09:21:35 OK   00029_sp05_evidence_links.sql (29.07ms)
2026/10/08 09:21:35 OK   00030_sp05_recipe_fence.sql (4.52ms)
2026/10/08 09:21:35 OK   00031_sp05_rca_postcheck.sql (4.14ms)
2026/10/08 09:21:35 OK   00032_sp05_transport_audit.sql (34.13ms)
2026/10/08 09:21:35 OK   00033_sp05_poll_resolution_clock.sql (14.26ms)
2026/10/08 09:21:35 OK   00034_sp06_investigation_ledger.sql (84.94ms)
2026/10/08 09:21:35 OK   00035_sp06_admission_data_classes.sql (44.94ms)
2026/10/08 09:21:35 goose: successfully migrated database to version: 35
2026/10/08 09:21:56 OK   00001_roles_and_schemas.sql (19.75ms)
2026/10/08 09:21:56 goose: successfully migrated database to version: 1
2026/10/08 09:21:56 OK   00002_platform_meta.sql (35.82ms)
2026/10/08 09:21:56 OK   00003_finding.sql (15.93ms)
2026/10/08 09:21:56 OK   00004_incident.sql (23ms)
2026/10/08 09:21:56 OK   00005_investigation.sql (12.86ms)
2026/10/08 09:21:56 OK   00006_action_command.sql (7.62ms)
2026/10/08 09:21:56 OK   00007_audit.sql (21.94ms)
2026/10/08 09:21:56 OK   00008_rls.sql (15.79ms)
2026/10/08 09:21:56 OK   00009_idempotency_ledger.sql (18.65ms)
2026/10/08 09:21:56 OK   00010_tenant_provisioning.sql (5.73ms)
2026/10/08 09:21:56 OK   00011_source_registration_history.sql (11.36ms)
2026/10/08 09:21:56 OK   00012_config_registry_lifecycle.sql (18.11ms)
2026/10/08 09:21:56 OK   00013_audit_signed_segments.sql (14.88ms)
2026/10/08 09:21:56 OK   00014_audit_segment_predecessors.sql (5.15ms)
2026/10/08 09:21:56 OK   00015_source_schema_scope.sql (3.49ms)
2026/10/08 09:21:56 OK   00016_cluster_registration_metadata.sql (4.81ms)
2026/10/08 09:21:56 OK   00017_source_data_scope.sql (7.58ms)
2026/10/08 09:21:56 OK   00018_sp04_resources_evidence.sql (36.8ms)
2026/10/08 09:21:56 OK   00019_sp04_archive_ciphertext_bytes.sql (2.51ms)
2026/10/08 09:21:56 OK   00020_sp04_request_ledger.sql (6.31ms)
2026/10/08 09:21:56 OK   00021_sp04_archive_protection.sql (6.94ms)
2026/10/08 09:21:56 OK   00022_sp04_legal_hold_dependencies.sql (4.23ms)
2026/10/08 09:21:56 OK   00023_sp04_archive_query_intent.sql (12.23ms)
2026/10/08 09:21:56 OK   00024_sp05_finding_incident.sql (37.36ms)
2026/10/08 09:21:56 OK   00025_sp05_incident_event_time.sql (6.16ms)
2026/10/08 09:21:56 OK   00026_sp05_source_binding_lock.sql (20.31ms)
2026/10/08 09:21:56 OK   00027_sp05_rca_and_poll.sql (12.1ms)
2026/10/08 09:21:56 OK   00028_sp05_operator_lock.sql (4.26ms)
2026/10/08 09:21:56 OK   00029_sp05_evidence_links.sql (10.48ms)
2026/10/08 09:21:56 OK   00030_sp05_recipe_fence.sql (8.61ms)
2026/10/08 09:21:56 OK   00031_sp05_rca_postcheck.sql (6.23ms)
2026/10/08 09:21:56 OK   00032_sp05_transport_audit.sql (4.09ms)
2026/10/08 09:21:56 OK   00033_sp05_poll_resolution_clock.sql (8.34ms)
2026/10/08 09:21:56 OK   00034_sp06_investigation_ledger.sql (50.72ms)
2026/10/08 09:21:56 OK   00035_sp06_admission_data_classes.sql (6.78ms)
2026/10/08 09:21:56 goose: successfully migrated database to version: 35
2026/10/08 09:22:19 OK   00001_roles_and_schemas.sql (224.07ms)
2026/10/08 09:22:19 goose: successfully migrated database to version: 1
2026/10/08 09:22:19 OK   00002_platform_meta.sql (124.57ms)
2026/10/08 09:22:19 OK   00003_finding.sql (105.55ms)
2026/10/08 09:22:20 OK   00004_incident.sql (56.82ms)
2026/10/08 09:22:20 OK   00005_investigation.sql (27.73ms)
2026/10/08 09:22:20 OK   00006_action_command.sql (34.51ms)
2026/10/08 09:22:20 OK   00007_audit.sql (67.83ms)
2026/10/08 09:22:20 OK   00008_rls.sql (40.22ms)
2026/10/08 09:22:20 OK   00009_idempotency_ledger.sql (52.87ms)
2026/10/08 09:22:20 OK   00010_tenant_provisioning.sql (30.26ms)
2026/10/08 09:22:20 OK   00011_source_registration_history.sql (34.07ms)
2026/10/08 09:22:20 OK   00012_config_registry_lifecycle.sql (62.83ms)
2026/10/08 09:22:20 OK   00013_audit_signed_segments.sql (84.54ms)
2026/10/08 09:22:20 OK   00014_audit_segment_predecessors.sql (68.29ms)
2026/10/08 09:22:20 OK   00015_source_schema_scope.sql (44.45ms)
2026/10/08 09:22:20 OK   00016_cluster_registration_metadata.sql (18.8ms)
2026/10/08 09:22:20 OK   00017_source_data_scope.sql (18.74ms)
2026/10/08 09:22:20 OK   00018_sp04_resources_evidence.sql (144.56ms)
2026/10/08 09:22:20 OK   00019_sp04_archive_ciphertext_bytes.sql (26.62ms)
2026/10/08 09:22:20 OK   00020_sp04_request_ledger.sql (63.82ms)
2026/10/08 09:22:20 OK   00021_sp04_archive_protection.sql (59.43ms)
2026/10/08 09:22:20 OK   00022_sp04_legal_hold_dependencies.sql (25.49ms)
2026/10/08 09:22:20 OK   00023_sp04_archive_query_intent.sql (13.25ms)
2026/10/08 09:22:21 OK   00024_sp05_finding_incident.sql (68.82ms)
2026/10/08 09:22:21 OK   00025_sp05_incident_event_time.sql (24.16ms)
2026/10/08 09:22:21 OK   00026_sp05_source_binding_lock.sql (13.66ms)
2026/10/08 09:22:21 OK   00027_sp05_rca_and_poll.sql (62.98ms)
2026/10/08 09:22:21 OK   00028_sp05_operator_lock.sql (60.37ms)
2026/10/08 09:22:21 OK   00029_sp05_evidence_links.sql (50.21ms)
2026/10/08 09:22:21 OK   00030_sp05_recipe_fence.sql (56.27ms)
2026/10/08 09:22:21 OK   00031_sp05_rca_postcheck.sql (51.3ms)
2026/10/08 09:22:21 OK   00032_sp05_transport_audit.sql (23.76ms)
2026/10/08 09:22:21 OK   00033_sp05_poll_resolution_clock.sql (17.16ms)
2026/10/08 09:22:21 OK   00034_sp06_investigation_ledger.sql (58.86ms)
2026/10/08 09:22:21 OK   00035_sp06_admission_data_classes.sql (10.55ms)
2026/10/08 09:22:21 goose: successfully migrated database to version: 35
2026/10/08 09:22:22 OK   00001_roles_and_schemas.sql (45.54ms)
2026/10/08 09:22:22 goose: successfully migrated database to version: 1
2026/10/08 09:22:22 OK   00002_platform_meta.sql (63.77ms)
2026/10/08 09:22:22 OK   00003_finding.sql (25.17ms)
2026/10/08 09:22:22 OK   00004_incident.sql (10.16ms)
2026/10/08 09:22:22 OK   00005_investigation.sql (8.33ms)
2026/10/08 09:22:22 OK   00006_action_command.sql (8.72ms)
2026/10/08 09:22:22 OK   00007_audit.sql (31.58ms)
2026/10/08 09:22:22 OK   00008_rls.sql (12.98ms)
2026/10/08 09:22:22 OK   00009_idempotency_ledger.sql (39.95ms)
2026/10/08 09:22:22 OK   00010_tenant_provisioning.sql (4.72ms)
2026/10/08 09:22:22 OK   00011_source_registration_history.sql (8.95ms)
2026/10/08 09:22:22 OK   00012_config_registry_lifecycle.sql (11.2ms)
2026/10/08 09:22:22 OK   00013_audit_signed_segments.sql (39.07ms)
2026/10/08 09:22:22 OK   00014_audit_segment_predecessors.sql (39.6ms)
2026/10/08 09:22:22 OK   00015_source_schema_scope.sql (3.9ms)
2026/10/08 09:22:22 OK   00016_cluster_registration_metadata.sql (5.63ms)
2026/10/08 09:22:22 OK   00017_source_data_scope.sql (4.5ms)
2026/10/08 09:22:22 OK   00018_sp04_resources_evidence.sql (47.72ms)
2026/10/08 09:22:22 OK   00019_sp04_archive_ciphertext_bytes.sql (4.02ms)
2026/10/08 09:22:22 OK   00020_sp04_request_ledger.sql (4.78ms)
2026/10/08 09:22:22 OK   00021_sp04_archive_protection.sql (2.98ms)
2026/10/08 09:22:22 OK   00022_sp04_legal_hold_dependencies.sql (3.01ms)
2026/10/08 09:22:22 OK   00023_sp04_archive_query_intent.sql (2.93ms)
2026/10/08 09:22:22 OK   00024_sp05_finding_incident.sql (25.08ms)
2026/10/08 09:22:22 OK   00025_sp05_incident_event_time.sql (3.42ms)
2026/10/08 09:22:22 OK   00026_sp05_source_binding_lock.sql (4.11ms)
2026/10/08 09:22:22 OK   00027_sp05_rca_and_poll.sql (24.19ms)
2026/10/08 09:22:22 OK   00028_sp05_operator_lock.sql (5.97ms)
2026/10/08 09:22:22 OK   00029_sp05_evidence_links.sql (5.89ms)
2026/10/08 09:22:22 OK   00030_sp05_recipe_fence.sql (3.4ms)
2026/10/08 09:22:22 OK   00031_sp05_rca_postcheck.sql (3.2ms)
2026/10/08 09:22:22 OK   00032_sp05_transport_audit.sql (8.91ms)
2026/10/08 09:22:22 OK   00033_sp05_poll_resolution_clock.sql (12.16ms)
2026/10/08 09:22:22 OK   00034_sp06_investigation_ledger.sql (35.67ms)
2026/10/08 09:22:23 OK   00035_sp06_admission_data_classes.sql (17.83ms)
2026/10/08 09:22:23 goose: successfully migrated database to version: 35
2026/10/08 09:22:29 OK   00001_roles_and_schemas.sql (47.49ms)
2026/10/08 09:22:29 goose: successfully migrated database to version: 1
2026/10/08 09:22:29 OK   00002_platform_meta.sql (37.76ms)
2026/10/08 09:22:29 OK   00003_finding.sql (12.3ms)
2026/10/08 09:22:29 OK   00004_incident.sql (11.99ms)
2026/10/08 09:22:29 OK   00005_investigation.sql (14.24ms)
2026/10/08 09:22:29 OK   00006_action_command.sql (25.29ms)
2026/10/08 09:22:29 OK   00007_audit.sql (11.05ms)
2026/10/08 09:22:29 OK   00008_rls.sql (10.59ms)
2026/10/08 09:22:29 OK   00009_idempotency_ledger.sql (21.23ms)
2026/10/08 09:22:29 OK   00010_tenant_provisioning.sql (8.67ms)
2026/10/08 09:22:29 OK   00011_source_registration_history.sql (22.59ms)
2026/10/08 09:22:29 OK   00012_config_registry_lifecycle.sql (27.14ms)
2026/10/08 09:22:29 OK   00013_audit_signed_segments.sql (28.15ms)
2026/10/08 09:22:29 OK   00014_audit_segment_predecessors.sql (9.13ms)
2026/10/08 09:22:29 OK   00015_source_schema_scope.sql (8.3ms)
2026/10/08 09:22:29 OK   00016_cluster_registration_metadata.sql (12.05ms)
2026/10/08 09:22:29 OK   00017_source_data_scope.sql (13.57ms)
2026/10/08 09:22:29 OK   00018_sp04_resources_evidence.sql (50.9ms)
2026/10/08 09:22:29 OK   00019_sp04_archive_ciphertext_bytes.sql (10.62ms)
2026/10/08 09:22:29 OK   00020_sp04_request_ledger.sql (12.67ms)
2026/10/08 09:22:29 OK   00021_sp04_archive_protection.sql (13.51ms)
2026/10/08 09:22:29 OK   00022_sp04_legal_hold_dependencies.sql (18.84ms)
2026/10/08 09:22:29 OK   00023_sp04_archive_query_intent.sql (12.32ms)
2026/10/08 09:22:29 OK   00024_sp05_finding_incident.sql (51.51ms)
2026/10/08 09:22:29 OK   00025_sp05_incident_event_time.sql (8.89ms)
2026/10/08 09:22:29 OK   00026_sp05_source_binding_lock.sql (13.36ms)
2026/10/08 09:22:29 OK   00027_sp05_rca_and_poll.sql (79.37ms)
2026/10/08 09:22:29 OK   00028_sp05_operator_lock.sql (15.1ms)
2026/10/08 09:22:30 OK   00029_sp05_evidence_links.sql (12.2ms)
2026/10/08 09:22:30 OK   00030_sp05_recipe_fence.sql (14.93ms)
2026/10/08 09:22:30 OK   00031_sp05_rca_postcheck.sql (15.48ms)
2026/10/08 09:22:30 OK   00032_sp05_transport_audit.sql (12.3ms)
2026/10/08 09:22:30 OK   00033_sp05_poll_resolution_clock.sql (8.1ms)
2026/10/08 09:22:30 OK   00034_sp06_investigation_ledger.sql (49.89ms)
2026/10/08 09:22:30 OK   00035_sp06_admission_data_classes.sql (8.81ms)
2026/10/08 09:22:30 goose: successfully migrated database to version: 35
{"time":"2026-10-08T09:22:37.493566+08:00","level":"WARN","msg":"Graph ownership not ready","qualification":{"/v1/configmaps":"list_missing","/v1/events":"list_missing","/v1/nodes":"list_missing","/v1/persistentvolumeclaims":"list_missing","/v1/persistentvolumes":"list_missing","/v1/pods":"list_missing","/v1/services":"list_missing","apps/v1/daemonsets":"list_missing","apps/v1/deployments":"list_missing","apps/v1/replicasets":"list_missing","apps/v1/statefulsets":"list_missing","batch/v1/jobs":"list_missing","discovery.k8s.io/v1/endpointslices":"list_missing","storage.k8s.io/v1/csidrivers":"list_missing","storage.k8s.io/v1/csinodes":"list_missing","storage.k8s.io/v1/storageclasses":"list_missing","storage.k8s.io/v1/volumeattachments":"list_missing"}}
{"time":"2026-10-08T09:22:39.54878+08:00","level":"WARN","msg":"Graph ownership not ready","qualification":{"/v1/configmaps":"list_missing","/v1/events":"list_missing","/v1/nodes":"list_missing","/v1/persistentvolumes":"list_missing","/v1/pods":"list_missing","/v1/services":"list_missing","apps/v1/daemonsets":"list_missing","apps/v1/deployments":"list_missing","apps/v1/replicasets":"list_missing","apps/v1/statefulsets":"list_missing","discovery.k8s.io/v1/endpointslices":"list_missing","storage.k8s.io/v1/csidrivers":"list_missing","storage.k8s.io/v1/csinodes":"list_missing","storage.k8s.io/v1/storageclasses":"list_missing","storage.k8s.io/v1/volumeattachments":"list_missing"}}
{"time":"2026-10-08T09:22:41.441482+08:00","level":"WARN","msg":"Graph ownership not ready","qualification":{"/v1/persistentvolumes":"watch_initializing"}}
{"time":"2026-10-08T09:22:48.70181+08:00","level":"INFO","msg":"http request complete","request_id":"01a1191b-1845-71bd-8963-86a2e08a0cb1","method":"GET","status_code":200,"duration_ms":184}
{"time":"2026-10-08T09:22:48.711794+08:00","level":"INFO","msg":"http request complete","request_id":"01a1191b-1902-7324-a710-9c2aa2591b3c","method":"GET","status_code":200,"duration_ms":5}
{"time":"2026-10-08T09:22:48.71803+08:00","level":"INFO","msg":"http request complete","request_id":"01a1191b-1908-7d56-96a8-f610f858b771","method":"GET","status_code":200,"duration_ms":5}
{"time":"2026-10-08T09:22:48.728688+08:00","level":"INFO","msg":"http request complete","request_id":"01a1191b-190f-7213-82f2-6038a7feeb1d","method":"GET","status_code":200,"duration_ms":9}
{"time":"2026-10-08T09:22:48.884002+08:00","level":"INFO","msg":"http request complete","request_id":"01a1191b-1919-7868-99e7-7b3e7c409323","method":"GET","status_code":200,"duration_ms":154}
{"time":"2026-10-08T09:22:49.268866+08:00","level":"INFO","msg":"http request complete","request_id":"01a1191b-1a8b-736e-93e1-11f885eb0f1e","method":"GET","status_code":200,"duration_ms":169}
{"time":"2026-10-08T09:22:49.97327+08:00","level":"INFO","msg":"http request complete","request_id":"01a1191b-1bfe-796e-918f-b0ee3d80629a","method":"GET","status_code":200,"duration_ms":502}
{"time":"2026-10-08T09:22:50.585881+08:00","level":"INFO","msg":"http request complete","request_id":"01a1191b-1ebf-787f-ba8f-6a11821e8456","method":"GET","status_code":200,"duration_ms":410}
{"time":"2026-10-08T09:22:51.177891+08:00","level":"INFO","msg":"http request complete","request_id":"01a1191b-2124-78cd-9a44-3af832512a4f","method":"GET","status_code":200,"duration_ms":389}
{"time":"2026-10-08T09:22:52.083643+08:00","level":"INFO","msg":"http request complete","request_id":"01a1191b-2374-7167-96ac-9a6fdcfecf99","method":"GET","status_code":200,"duration_ms":703}
{"time":"2026-10-08T09:22:52.44793+08:00","level":"INFO","msg":"http request complete","request_id":"01a1191b-26fd-7f17-8bae-d271ea3b7d4f","method":"GET","status_code":200,"duration_ms":161}
{"time":"2026-10-08T09:22:52.77814+08:00","level":"INFO","msg":"http request complete","request_id":"01a1191b-286a-7242-86f3-648c227a37e2","method":"GET","status_code":200,"duration_ms":127}
{"time":"2026-10-08T09:22:53.108908+08:00","level":"INFO","msg":"http request complete","request_id":"01a1191b-29b4-71cc-9640-ad68932b4b0c","method":"GET","status_code":200,"duration_ms":128}
{"time":"2026-10-08T09:22:53.474104+08:00","level":"INFO","msg":"http request complete","request_id":"01a1191b-2aff-705d-ba5a-eb3f59ecab67","method":"GET","status_code":200,"duration_ms":163}
{"time":"2026-10-08T09:22:53.892444+08:00","level":"INFO","msg":"http request complete","request_id":"01a1191b-2c6b-7bb4-8146-6c3ee87d7df9","method":"GET","status_code":200,"duration_ms":216}
{"time":"2026-10-08T09:22:54.286471+08:00","level":"INFO","msg":"http request complete","request_id":"01a1191b-2e0d-7ba4-b6a7-4caf4c98f135","method":"GET","status_code":200,"duration_ms":192}
{"time":"2026-10-08T09:22:54.886311+08:00","level":"INFO","msg":"http request complete","request_id":"01a1191b-2f98-78ae-9a63-41444d75082c","method":"GET","status_code":200,"duration_ms":397}
{"time":"2026-10-08T09:22:55.241296+08:00","level":"INFO","msg":"http request complete","request_id":"01a1191b-31f0-74d6-ae56-cbae81ca8f5c","method":"GET","status_code":200,"duration_ms":152}
{"time":"2026-10-08T09:22:55.721303+08:00","level":"INFO","msg":"http request complete","request_id":"01a1191b-3353-78b6-b034-dce72a56983b","method":"GET","status_code":200,"duration_ms":277}
{"time":"2026-10-08T09:22:56.097562+08:00","level":"INFO","msg":"http request complete","request_id":"01a1191b-3533-7908-b95a-785308120b4a","method":"GET","status_code":200,"duration_ms":173}
{"time":"2026-10-08T09:22:56.431334+08:00","level":"INFO","msg":"http request complete","request_id":"01a1191b-36ab-7ba0-b41d-9f6032495909","method":"GET","status_code":200,"duration_ms":131}
{"time":"2026-10-08T09:22:56.801569+08:00","level":"INFO","msg":"http request complete","request_id":"01a1191b-37f8-7f0f-a1ca-ea15fa8c7294","method":"GET","status_code":200,"duration_ms":168}
{"time":"2026-10-08T09:22:57.191788+08:00","level":"INFO","msg":"http request complete","request_id":"01a1191b-396b-7de2-8491-4cb54d633216","method":"GET","status_code":200,"duration_ms":187}
{"time":"2026-10-08T09:22:57.721883+08:00","level":"INFO","msg":"http request complete","request_id":"01a1191b-3af1-7b65-af19-2fbf5189333b","method":"GET","status_code":200,"duration_ms":328}
{"time":"2026-10-08T09:22:58.090571+08:00","level":"INFO","msg":"http request complete","request_id":"01a1191b-3d03-7a39-b9c8-2b01ef34c438","method":"GET","status_code":200,"duration_ms":166}
{"time":"2026-10-08T09:22:58.45176+08:00","level":"INFO","msg":"http request complete","request_id":"01a1191b-3e74-7b3e-8f9c-40a2b68c6876","method":"GET","status_code":200,"duration_ms":158}
{"time":"2026-10-08T09:22:58.797108+08:00","level":"INFO","msg":"http request complete","request_id":"01a1191b-3fde-7109-8446-6e964aede100","method":"GET","status_code":200,"duration_ms":143}
{"time":"2026-10-08T09:22:59.134817+08:00","level":"INFO","msg":"http request complete","request_id":"01a1191b-4137-7412-94c5-30158ce88587","method":"GET","status_code":200,"duration_ms":135}
{"time":"2026-10-08T09:22:59.947501+08:00","level":"INFO","msg":"http request complete","request_id":"01a1191b-4288-7ee0-859d-7b8e46cc6994","method":"GET","status_code":200,"duration_ms":610}
{"time":"2026-10-08T09:23:00.558005+08:00","level":"INFO","msg":"http request complete","request_id":"01a1191b-45b5-71f7-a148-f948953537f4","method":"GET","status_code":200,"duration_ms":408}
{"time":"2026-10-08T09:23:01.17008+08:00","level":"INFO","msg":"http request complete","request_id":"01a1191b-4818-71a5-81b4-f47db5419ac8","method":"GET","status_code":200,"duration_ms":409}
{"time":"2026-10-08T09:23:02.070348+08:00","level":"INFO","msg":"http request complete","request_id":"01a1191b-4a7c-7c50-9447-58dea112a432","method":"GET","status_code":200,"duration_ms":697}
{"time":"2026-10-08T09:23:02.430557+08:00","level":"INFO","msg":"http request complete","request_id":"01a1191b-4e00-78d5-be5e-5da5fca58a23","method":"GET","status_code":200,"duration_ms":157}
{"time":"2026-10-08T09:23:02.793965+08:00","level":"INFO","msg":"http request complete","request_id":"01a1191b-4f67-79ee-9905-b2d97a4cc1b2","method":"GET","status_code":200,"duration_ms":161}
{"time":"2026-10-08T09:23:03.193859+08:00","level":"INFO","msg":"http request complete","request_id":"01a1191b-50d5-7789-8037-4318d89c7816","method":"GET","status_code":200,"duration_ms":196}
{"time":"2026-10-08T09:23:03.762025+08:00","level":"INFO","msg":"http request complete","request_id":"01a1191b-5263-7d42-9ef9-14abd7dc3374","method":"GET","status_code":200,"duration_ms":366}
{"time":"2026-10-08T09:23:04.182931+08:00","level":"INFO","msg":"http request complete","request_id":"01a1191b-549b-7850-938f-dc002395dd7a","method":"GET","status_code":200,"duration_ms":219}
{"time":"2026-10-08T09:23:04.566746+08:00","level":"INFO","msg":"http request complete","request_id":"01a1191b-5641-7547-b1cd-f48069680214","method":"GET","status_code":200,"duration_ms":181}
{"time":"2026-10-08T09:23:04.927364+08:00","level":"INFO","msg":"http request complete","request_id":"01a1191b-57c0-7416-8403-ffca0c610f5b","method":"GET","status_code":200,"duration_ms":159}
{"time":"2026-10-08T09:23:05.309462+08:00","level":"INFO","msg":"http request complete","request_id":"01a1191b-5929-7603-b2c4-28e193b8b29b","method":"GET","status_code":200,"duration_ms":180}
{"time":"2026-10-08T09:23:05.819197+08:00","level":"INFO","msg":"http request complete","request_id":"01a1191b-5aa9-7bee-a945-06829ba686e1","method":"GET","status_code":200,"duration_ms":305}
{"time":"2026-10-08T09:23:06.265605+08:00","level":"INFO","msg":"http request complete","request_id":"01a1191b-5ca4-75df-89a9-aa814a31189b","method":"GET","status_code":200,"duration_ms":245}
{"time":"2026-10-08T09:23:06.658077+08:00","level":"INFO","msg":"http request complete","request_id":"01a1191b-5e62-7d00-b7c2-2c211bf3aad8","method":"GET","status_code":200,"duration_ms":191}
{"time":"2026-10-08T09:23:07.044424+08:00","level":"INFO","msg":"http request complete","request_id":"01a1191b-5fec-700b-b891-eae9c60b92e4","method":"GET","status_code":200,"duration_ms":184}
{"time":"2026-10-08T09:23:07.455986+08:00","level":"INFO","msg":"http request complete","request_id":"01a1191b-616e-79b8-8013-d2b17318bb16","method":"GET","status_code":200,"duration_ms":209}
{"time":"2026-10-08T09:23:07.8591+08:00","level":"INFO","msg":"http request complete","request_id":"01a1191b-6309-75a5-a710-4f95823dac7b","method":"GET","status_code":200,"duration_ms":201}
{"time":"2026-10-08T09:23:08.237755+08:00","level":"INFO","msg":"http request complete","request_id":"01a1191b-649c-7670-90d7-a327b653708c","method":"GET","status_code":200,"duration_ms":177}
{"time":"2026-10-08T09:23:08.581442+08:00","level":"INFO","msg":"http request complete","request_id":"01a1191b-6617-771c-8134-93b0c472bbee","method":"GET","status_code":200,"duration_ms":141}
{"time":"2026-10-08T09:23:08.924811+08:00","level":"INFO","msg":"http request complete","request_id":"01a1191b-676f-7864-bceb-73a3a87b862f","method":"GET","status_code":200,"duration_ms":141}
{"time":"2026-10-08T09:23:09.312305+08:00","level":"INFO","msg":"http request complete","request_id":"01a1191b-68c6-7128-ac90-2466bd32fbfd","method":"GET","status_code":200,"duration_ms":186}
{"time":"2026-10-08T09:23:10.100271+08:00","level":"INFO","msg":"http request complete","request_id":"01a1191b-6a4b-7027-b62e-2ae09908e497","method":"GET","status_code":200,"duration_ms":585}
{"time":"2026-10-08T09:23:10.700206+08:00","level":"INFO","msg":"http request complete","request_id":"01a1191b-6d5d-73f3-bc96-385d93efc719","method":"GET","status_code":200,"duration_ms":398}
{"time":"2026-10-08T09:23:11.326342+08:00","level":"INFO","msg":"http request complete","request_id":"01a1191b-6fb5-7493-a210-fb2f93d74804","method":"GET","status_code":200,"duration_ms":424}
{"time":"2026-10-08T09:23:12.224289+08:00","level":"INFO","msg":"http request complete","request_id":"01a1191b-7227-78fc-91b5-ccbe56c9400f","method":"GET","status_code":200,"duration_ms":696}
{"time":"2026-10-08T09:23:12.818072+08:00","level":"INFO","msg":"http request complete","request_id":"01a1191b-75aa-7b62-b65e-e90b7d36b076","method":"GET","status_code":200,"duration_ms":391}
{"time":"2026-10-08T09:23:13.332449+08:00","level":"INFO","msg":"http request complete","request_id":"01a1191b-77fb-771c-bea7-8f044b6640d7","method":"GET","status_code":200,"duration_ms":312}
{"time":"2026-10-08T09:23:13.722713+08:00","level":"INFO","msg":"http request complete","request_id":"01a1191b-79fd-76e1-a272-6eea4e0a9664","method":"GET","status_code":200,"duration_ms":189}
{"time":"2026-10-08T09:23:14.154732+08:00","level":"INFO","msg":"http request complete","request_id":"01a1191b-7b84-79db-88d3-6cfd217e1399","method":"GET","status_code":200,"duration_ms":230}
{"time":"2026-10-08T09:23:14.208724+08:00","level":"INFO","msg":"http request complete","request_id":"01a1191b-7c6c-772b-bae0-dbc708315ca4","method":"GET","status_code":200,"duration_ms":52}
{"time":"2026-10-08T09:23:14.229802+08:00","level":"INFO","msg":"http request complete","request_id":"01a1191b-7ca2-715f-a2fd-20f17db6f9b0","method":"GET","status_code":200,"duration_ms":19}
{"time":"2026-10-08T09:23:14.458643+08:00","level":"WARN","msg":"Graph request unavailable","stage":"lease_before_query"}
{"time":"2026-10-08T09:23:14.458635+08:00","level":"WARN","msg":"Graph ownership not ready","qualification":{"/v1/configmaps":"list_missing","/v1/events":"list_missing","/v1/nodes":"list_missing","/v1/persistentvolumeclaims":"list_missing","/v1/persistentvolumes":"list_missing","/v1/pods":"list_missing","/v1/services":"list_missing","apps/v1/daemonsets":"list_missing","apps/v1/deployments":"list_missing","apps/v1/replicasets":"list_missing","apps/v1/statefulsets":"list_missing","batch/v1/jobs":"list_missing","discovery.k8s.io/v1/endpointslices":"list_missing","storage.k8s.io/v1/csidrivers":"list_missing","storage.k8s.io/v1/csinodes":"list_missing","storage.k8s.io/v1/storageclasses":"list_missing","storage.k8s.io/v1/volumeattachments":"list_missing"}}
{"time":"2026-10-08T09:23:14.467779+08:00","level":"INFO","msg":"http request complete","request_id":"01a1191b-7ccb-7daf-b4ae-c23ad44a8409","method":"GET","status_code":200,"duration_ms":215}
{"time":"2026-10-08T09:23:14.69943+08:00","level":"WARN","msg":"Graph request unavailable","stage":"lease_before_query"}
{"time":"2026-10-08T09:23:14.714354+08:00","level":"INFO","msg":"http request complete","request_id":"01a1191b-7e6d-71dc-821a-150e673b9637","method":"GET","status_code":200,"duration_ms":45}
{"time":"2026-10-08T09:23:14.934023+08:00","level":"WARN","msg":"Graph request unavailable","stage":"lease_before_query"}
{"time":"2026-10-08T09:23:14.962657+08:00","level":"INFO","msg":"http request complete","request_id":"01a1191b-7f64-71d0-8320-0f8788d27d12","method":"GET","status_code":200,"duration_ms":45}
{"time":"2026-10-08T09:23:15.201666+08:00","level":"WARN","msg":"Graph request unavailable","stage":"lease_before_query"}
{"time":"2026-10-08T09:23:15.228555+08:00","level":"INFO","msg":"http request complete","request_id":"01a1191b-805c-72a7-a08b-6c4a3ef90fb6","method":"GET","status_code":200,"duration_ms":64}
{"time":"2026-10-08T09:23:15.486754+08:00","level":"WARN","msg":"Graph request unavailable","stage":"lease_before_query"}
{"time":"2026-10-08T09:23:15.525533+08:00","level":"INFO","msg":"http request complete","request_id":"01a1191b-8166-7134-a692-de7f06998af1","method":"GET","status_code":200,"duration_ms":95}
{"time":"2026-10-08T09:23:15.758527+08:00","level":"WARN","msg":"Graph request unavailable","stage":"lease_before_query"}
{"time":"2026-10-08T09:23:15.776882+08:00","level":"INFO","msg":"http request complete","request_id":"01a1191b-828f-7ee0-81e1-89ec0321d02b","method":"GET","status_code":200,"duration_ms":48}
{"time":"2026-10-08T09:23:16.019976+08:00","level":"WARN","msg":"Graph request unavailable","stage":"lease_before_query"}
{"time":"2026-10-08T09:23:16.026702+08:00","level":"INFO","msg":"http request complete","request_id":"01a1191b-838b-73f3-bd98-ef202ad8821d","method":"GET","status_code":200,"duration_ms":47}
{"time":"2026-10-08T09:23:16.371741+08:00","level":"WARN","msg":"Graph request unavailable","stage":"lease_before_query"}
{"time":"2026-10-08T09:23:16.37174+08:00","level":"WARN","msg":"Graph ownership not ready","qualification":{"/v1/configmaps":"list_missing","/v1/nodes":"list_missing","/v1/persistentvolumeclaims":"list_missing","/v1/persistentvolumes":"list_missing","/v1/services":"list_missing","apps/v1/daemonsets":"list_missing","apps/v1/deployments":"list_missing","apps/v1/replicasets":"list_missing","apps/v1/statefulsets":"list_missing","batch/v1/jobs":"list_missing","discovery.k8s.io/v1/endpointslices":"list_missing","storage.k8s.io/v1/csidrivers":"list_missing","storage.k8s.io/v1/csinodes":"list_missing","storage.k8s.io/v1/storageclasses":"list_missing","storage.k8s.io/v1/volumeattachments":"list_missing"}}
{"time":"2026-10-08T09:23:16.393509+08:00","level":"INFO","msg":"http request complete","request_id":"01a1191b-8485-75ad-a21d-4df5f57e04b4","method":"GET","status_code":200,"duration_ms":164}
{"time":"2026-10-08T09:23:16.613507+08:00","level":"WARN","msg":"Graph request unavailable","stage":"lease_before_query"}
{"time":"2026-10-08T09:23:16.62301+08:00","level":"INFO","msg":"http request complete","request_id":"01a1191b-85f3-72fd-8383-157e4e59c8ba","method":"GET","status_code":200,"duration_ms":27}
{"time":"2026-10-08T09:23:16.850143+08:00","level":"WARN","msg":"Graph request unavailable","stage":"lease_before_query"}
{"time":"2026-10-08T09:23:16.861792+08:00","level":"INFO","msg":"http request complete","request_id":"01a1191b-86d8-77d0-a0fa-bb214595b462","method":"GET","status_code":200,"duration_ms":37}
{"time":"2026-10-08T09:23:17.124751+08:00","level":"WARN","msg":"Graph request unavailable","stage":"lease_before_query"}
{"time":"2026-10-08T09:23:17.133206+08:00","level":"INFO","msg":"http request complete","request_id":"01a1191b-87c8-70af-9e0b-dc41d7e350b6","method":"GET","status_code":200,"duration_ms":69}
{"time":"2026-10-08T09:23:17.389551+08:00","level":"INFO","msg":"http request complete","request_id":"01a1191b-88d7-7bc3-9a4c-d3952cadca53","method":"GET","status_code":200,"duration_ms":53}
{"time":"2026-10-08T09:23:17.632142+08:00","level":"INFO","msg":"http request complete","request_id":"01a1191b-89d7-72ca-9f1f-192af5181cd7","method":"GET","status_code":200,"duration_ms":40}
{"time":"2026-10-08T09:23:17.871803+08:00","level":"INFO","msg":"http request complete","request_id":"01a1191b-8ac9-79e3-a12a-11709473541d","method":"GET","status_code":200,"duration_ms":38}
{"time":"2026-10-08T09:23:18.117233+08:00","level":"INFO","msg":"http request complete","request_id":"01a1191b-8bb9-7382-85e1-d31fef3c74bd","method":"GET","status_code":200,"duration_ms":43}
{"time":"2026-10-08T09:23:18.382888+08:00","level":"WARN","msg":"Graph ownership not ready","qualification":{"/v1/persistentvolumes":"watch_initializing"}}
{"time":"2026-10-08T09:23:18.387063+08:00","level":"INFO","msg":"http request complete","request_id":"01a1191b-8cb0-7488-97c9-df90018fb87f","method":"GET","status_code":200,"duration_ms":66}
{"time":"2026-10-08T09:23:18.659275+08:00","level":"WARN","msg":"Graph request unavailable","stage":"lease_before_query"}
{"time":"2026-10-08T09:23:18.668901+08:00","level":"INFO","msg":"http request complete","request_id":"01a1191b-8dbd-7829-8944-4a95c96e0938","method":"GET","status_code":200,"duration_ms":79}
{"time":"2026-10-08T09:23:18.914517+08:00","level":"WARN","msg":"Graph request unavailable","stage":"lease_before_query"}
{"time":"2026-10-08T09:23:18.923226+08:00","level":"INFO","msg":"http request complete","request_id":"01a1191b-8ed7-774f-84ab-6be475b1e768","method":"GET","status_code":200,"duration_ms":51}
{"time":"2026-10-08T09:23:19.156959+08:00","level":"WARN","msg":"Graph request unavailable","stage":"lease_before_query"}
{"time":"2026-10-08T09:23:19.16274+08:00","level":"INFO","msg":"http request complete","request_id":"01a1191b-8fd5-7802-a82f-4e09be4174f8","method":"GET","status_code":200,"duration_ms":37}
{"time":"2026-10-08T09:23:19.398222+08:00","level":"WARN","msg":"Graph request unavailable","stage":"lease_before_query"}
{"time":"2026-10-08T09:23:19.41005+08:00","level":"INFO","msg":"http request complete","request_id":"01a1191b-90c6-7157-9c1d-9c75cbafacb4","method":"GET","status_code":200,"duration_ms":43}
{"time":"2026-10-08T09:23:19.667063+08:00","level":"INFO","msg":"http request complete","request_id":"01a1191b-91bc-71ad-9bf7-11a94fd2263e","method":"GET","status_code":200,"duration_ms":54}
{"time":"2026-10-08T09:23:19.916264+08:00","level":"INFO","msg":"http request complete","request_id":"01a1191b-92bc-7cf8-a67b-cf3dc6ea207b","method":"GET","status_code":200,"duration_ms":47}
{"time":"2026-10-08T09:23:20.151465+08:00","level":"INFO","msg":"http request complete","request_id":"01a1191b-93b6-7a48-b4a6-a1f7e324852b","method":"GET","status_code":200,"duration_ms":32}
{"time":"2026-10-08T09:23:20.398731+08:00","level":"INFO","msg":"http request complete","request_id":"01a1191b-94a2-702a-a26a-c00131c724db","method":"GET","status_code":200,"duration_ms":44}
{"time":"2026-10-08T09:23:20.658054+08:00","level":"INFO","msg":"http request complete","request_id":"01a1191b-9598-76dd-b224-01a8cae3b503","method":"GET","status_code":200,"duration_ms":57}
{"time":"2026-10-08T09:23:20.880467+08:00","level":"INFO","msg":"http request complete","request_id":"01a1191b-969c-78d5-ba20-f8972c9587d6","method":"GET","status_code":200,"duration_ms":19}
{"time":"2026-10-08T09:23:21.140351+08:00","level":"INFO","msg":"http request complete","request_id":"01a1191b-977a-7ed4-8ce9-1601825e6932","method":"GET","status_code":200,"duration_ms":57}
{"time":"2026-10-08T09:23:21.386453+08:00","level":"INFO","msg":"http request complete","request_id":"01a1191b-987e-7b81-b537-e09a1ca58919","method":"GET","status_code":200,"duration_ms":43}
{"time":"2026-10-08T09:23:21.625884+08:00","level":"INFO","msg":"http request complete","request_id":"01a1191b-9974-7e8a-b60e-d636883256b4","method":"GET","status_code":200,"duration_ms":36}
{"time":"2026-10-08T09:23:21.857004+08:00","level":"INFO","msg":"http request complete","request_id":"01a1191b-9a63-7f3a-afcd-21d9d633cd4d","method":"GET","status_code":200,"duration_ms":28}
{"time":"2026-10-08T09:23:22.082659+08:00","level":"INFO","msg":"http request complete","request_id":"01a1191b-9b4a-7dac-868d-727b134ce727","method":"GET","status_code":200,"duration_ms":23}
{"time":"2026-10-08T09:23:22.316483+08:00","level":"INFO","msg":"http request complete","request_id":"01a1191b-9c2c-7e92-bb6a-788a8fb3cdb2","method":"GET","status_code":200,"duration_ms":31}
{"time":"2026-10-08T09:23:22.551907+08:00","level":"INFO","msg":"http request complete","request_id":"01a1191b-9d17-7003-8b1a-a96c43971023","method":"GET","status_code":200,"duration_ms":32}
{"time":"2026-10-08T09:23:22.799737+08:00","level":"INFO","msg":"http request complete","request_id":"01a1191b-9e02-7785-8e9e-a60dd95f6c41","method":"GET","status_code":200,"duration_ms":45}
{"time":"2026-10-08T09:23:23.02046+08:00","level":"INFO","msg":"http request complete","request_id":"01a1191b-9efa-737e-a0bc-7bbafe619a36","method":"GET","status_code":200,"duration_ms":18}
{"time":"2026-10-08T09:23:23.258781+08:00","level":"INFO","msg":"http request complete","request_id":"01a1191b-9fd6-7ce8-9de1-d0338adf40f4","method":"GET","status_code":200,"duration_ms":35}
{"time":"2026-10-08T09:23:23.49243+08:00","level":"INFO","msg":"http request complete","request_id":"01a1191b-a0c5-7639-b4c4-9c778d29c975","method":"GET","status_code":200,"duration_ms":30}
{"time":"2026-10-08T09:23:23.729705+08:00","level":"INFO","msg":"http request complete","request_id":"01a1191b-a1ae-75a1-92ea-1eabf750c581","method":"GET","status_code":200,"duration_ms":35}
{"time":"2026-10-08T09:23:23.972094+08:00","level":"INFO","msg":"http request complete","request_id":"01a1191b-a2a0-7173-9385-64dd14f37d88","method":"GET","status_code":200,"duration_ms":35}
{"time":"2026-10-08T09:23:24.198599+08:00","level":"INFO","msg":"http request complete","request_id":"01a1191b-a38d-7ca2-92c4-3e82bd3dec0f","method":"GET","status_code":200,"duration_ms":24}
{"time":"2026-10-08T09:23:24.434512+08:00","level":"INFO","msg":"http request complete","request_id":"01a1191b-a470-75fb-b9d3-96df227bd567","method":"GET","status_code":200,"duration_ms":34}
{"time":"2026-10-08T09:23:24.656092+08:00","level":"INFO","msg":"http request complete","request_id":"01a1191b-a55c-7b17-a56d-ec71773a7e3c","method":"GET","status_code":200,"duration_ms":19}
{"time":"2026-10-08T09:23:24.905532+08:00","level":"INFO","msg":"http request complete","request_id":"01a1191b-a63a-77b8-b3c3-295e63fca099","method":"GET","status_code":200,"duration_ms":46}
{"time":"2026-10-08T09:23:25.222533+08:00","level":"INFO","msg":"http request complete","request_id":"01a1191b-a734-7052-860c-36baac7b960a","method":"GET","status_code":200,"duration_ms":114}
{"time":"2026-10-08T09:23:25.496169+08:00","level":"INFO","msg":"http request complete","request_id":"01a1191b-a870-7e25-9c5c-69cbad51bb9e","method":"GET","status_code":200,"duration_ms":71}
{"time":"2026-10-08T09:23:25.727282+08:00","level":"INFO","msg":"http request complete","request_id":"01a1191b-a981-79cf-bd6f-3ecf6018b968","method":"GET","status_code":200,"duration_ms":29}
{"time":"2026-10-08T09:23:25.973589+08:00","level":"INFO","msg":"http request complete","request_id":"01a1191b-aa6a-70fa-bc27-a0bec042d0d3","method":"GET","status_code":200,"duration_ms":43}
{"time":"2026-10-08T09:23:26.216584+08:00","level":"INFO","msg":"http request complete","request_id":"01a1191b-ab5f-7a87-815a-5dee217cbaef","method":"GET","status_code":200,"duration_ms":40}
{"time":"2026-10-08T09:23:26.451232+08:00","level":"INFO","msg":"http request complete","request_id":"01a1191b-ac51-7ef4-aa6c-52809d7d3810","method":"GET","status_code":200,"duration_ms":33}
{"time":"2026-10-08T09:23:26.681503+08:00","level":"INFO","msg":"http request complete","request_id":"01a1191b-ad3d-71cc-aafc-924b7243cb4a","method":"GET","status_code":200,"duration_ms":28}
{"time":"2026-10-08T09:23:26.928358+08:00","level":"INFO","msg":"http request complete","request_id":"01a1191b-ae23-7943-b65a-0f52e08fbc83","method":"GET","status_code":200,"duration_ms":44}
{"time":"2026-10-08T09:23:27.175083+08:00","level":"INFO","msg":"http request complete","request_id":"01a1191b-af19-7b4e-bb51-3574eb89b36c","method":"GET","status_code":200,"duration_ms":45}
{"time":"2026-10-08T09:23:27.407996+08:00","level":"INFO","msg":"http request complete","request_id":"01a1191b-b012-72b3-bebc-5d2543dde65b","method":"GET","status_code":200,"duration_ms":29}
{"time":"2026-10-08T09:23:27.64173+08:00","level":"INFO","msg":"http request complete","request_id":"01a1191b-b0fa-7343-9b19-ccf54eca5cfd","method":"GET","status_code":200,"duration_ms":31}
{"time":"2026-10-08T09:23:27.871789+08:00","level":"INFO","msg":"http request complete","request_id":"01a1191b-b1e4-79bc-8c2e-80c0f0fd288a","method":"GET","status_code":200,"duration_ms":27}
{"time":"2026-10-08T09:23:28.132541+08:00","level":"INFO","msg":"http request complete","request_id":"01a1191b-b2c9-7589-af07-0f5d54ed2e57","method":"GET","status_code":200,"duration_ms":59}
{"time":"2026-10-08T09:23:28.409211+08:00","level":"INFO","msg":"http request complete","request_id":"01a1191b-b3cf-70ee-80ea-0b4729647945","method":"GET","status_code":200,"duration_ms":74}
{"time":"2026-10-08T09:23:28.654701+08:00","level":"INFO","msg":"http request complete","request_id":"01a1191b-b4e3-7645-9882-cdc3ab863358","method":"GET","status_code":200,"duration_ms":43}
{"time":"2026-10-08T09:23:28.926872+08:00","level":"INFO","msg":"http request complete","request_id":"01a1191b-b5d9-748f-8e46-ae5c910db313","method":"GET","status_code":200,"duration_ms":69}
{"time":"2026-10-08T09:23:29.165971+08:00","level":"INFO","msg":"http request complete","request_id":"01a1191b-b6e9-72c3-a053-615126a97872","method":"GET","status_code":200,"duration_ms":36}
{"time":"2026-10-08T09:23:29.38896+08:00","level":"INFO","msg":"http request complete","request_id":"01a1191b-b7d7-7791-bee5-cf2cdc3f0a56","method":"GET","status_code":200,"duration_ms":21}
{"time":"2026-10-08T09:23:29.648079+08:00","level":"INFO","msg":"http request complete","request_id":"01a1191b-b8b6-7816-b450-fc807b91c57c","method":"GET","status_code":200,"duration_ms":57}
{"time":"2026-10-08T09:23:29.888005+08:00","level":"INFO","msg":"http request complete","request_id":"01a1191b-b9ba-7659-940d-5fe5f0af95fd","method":"GET","status_code":200,"duration_ms":37}
{"time":"2026-10-08T09:23:30.120593+08:00","level":"INFO","msg":"http request complete","request_id":"01a1191b-baa9-7c7b-9b37-4afa3823931c","method":"GET","status_code":200,"duration_ms":30}
{"time":"2026-10-08T09:23:30.365045+08:00","level":"INFO","msg":"http request complete","request_id":"01a1191b-bb92-7ec5-9897-2136878d6a02","method":"GET","status_code":200,"duration_ms":42}
{"time":"2026-10-08T09:23:30.721081+08:00","level":"INFO","msg":"http request complete","request_id":"01a1191b-bc87-728c-91a4-25abc3892f59","method":"GET","status_code":200,"duration_ms":153}
{"time":"2026-10-08T09:23:31.109741+08:00","level":"INFO","msg":"http request complete","request_id":"01a1191b-bdeb-7524-8a4f-50aeb6914621","method":"GET","status_code":200,"duration_ms":186}
{"time":"2026-10-08T09:23:31.472494+08:00","level":"INFO","msg":"http request complete","request_id":"01a1191b-bf70-7269-be0c-add7c3a52986","method":"GET","status_code":200,"duration_ms":160}
{"time":"2026-10-08T09:23:31.831026+08:00","level":"INFO","msg":"http request complete","request_id":"01a1191b-c0da-7de6-a5a3-2a0fce066410","method":"GET","status_code":200,"duration_ms":156}
{"time":"2026-10-08T09:23:32.280228+08:00","level":"INFO","msg":"http request complete","request_id":"01a1191b-c241-77c8-8ef6-b2186f14a800","method":"GET","status_code":200,"duration_ms":246}
{"time":"2026-10-08T09:23:32.661539+08:00","level":"INFO","msg":"http request complete","request_id":"01a1191b-c404-7981-9731-cc33912c4b3a","method":"GET","status_code":200,"duration_ms":176}
{"time":"2026-10-08T09:23:33.024006+08:00","level":"INFO","msg":"http request complete","request_id":"01a1191b-c57f-7870-be4d-d0fc21fccf64","method":"GET","status_code":200,"duration_ms":160}
{"time":"2026-10-08T09:23:33.377172+08:00","level":"INFO","msg":"http request complete","request_id":"01a1191b-c6ea-7478-b61f-a9a665b3abe8","method":"GET","status_code":200,"duration_ms":150}
{"time":"2026-10-08T09:23:33.983467+08:00","level":"INFO","msg":"http request complete","request_id":"01a1191b-c84b-79db-8b4f-7f74a295be7d","method":"GET","status_code":200,"duration_ms":403}
{"time":"2026-10-08T09:23:34.339686+08:00","level":"INFO","msg":"http request complete","request_id":"01a1191b-caa9-788b-921f-2e89401e9373","method":"GET","status_code":200,"duration_ms":154}
{"time":"2026-10-08T09:23:34.843283+08:00","level":"INFO","msg":"http request complete","request_id":"01a1191b-cc0d-7dcf-8e8d-9a88cb31bce4","method":"GET","status_code":200,"duration_ms":301}
{"time":"2026-10-08T09:23:35.221456+08:00","level":"INFO","msg":"http request complete","request_id":"01a1191b-ce05-79d7-bb94-b2b938cb1681","method":"GET","status_code":200,"duration_ms":175}
{"time":"2026-10-08T09:23:35.567573+08:00","level":"INFO","msg":"http request complete","request_id":"01a1191b-cf80-720f-9d1e-66b1ab8a1c93","method":"GET","status_code":200,"duration_ms":143}
{"time":"2026-10-08T09:23:35.93923+08:00","level":"INFO","msg":"http request complete","request_id":"01a1191b-d0da-7217-9647-b045b27c713a","method":"GET","status_code":200,"duration_ms":169}
{"time":"2026-10-08T09:23:36.319052+08:00","level":"INFO","msg":"http request complete","request_id":"01a1191b-d24d-7995-8e1a-9ea702f7de0b","method":"GET","status_code":200,"duration_ms":177}
{"time":"2026-10-08T09:23:37.013801+08:00","level":"INFO","msg":"http request complete","request_id":"01a1191b-d3c9-7a96-b6ad-503a5912a613","method":"GET","status_code":200,"duration_ms":492}
{"time":"2026-10-08T09:23:37.614095+08:00","level":"INFO","msg":"http request complete","request_id":"01a1191b-d67f-74f1-9f8f-60cd53307d7a","method":"GET","status_code":200,"duration_ms":398}
{"time":"2026-10-08T09:23:38.328459+08:00","level":"INFO","msg":"http request complete","request_id":"01a1191b-d8db-7bfa-a214-ec0667d3aff3","method":"GET","status_code":200,"duration_ms":508}
{"time":"2026-10-08T09:23:39.134654+08:00","level":"INFO","msg":"http request complete","request_id":"01a1191b-dba1-7979-b193-4080109bcaf6","method":"GET","status_code":200,"duration_ms":604}
{"time":"2026-10-08T09:23:39.531335+08:00","level":"INFO","msg":"http request complete","request_id":"01a1191b-dec8-7157-9336-b06fe18ec747","method":"GET","status_code":200,"duration_ms":195}
{"time":"2026-10-08T09:23:39.980579+08:00","level":"INFO","msg":"http request complete","request_id":"01a1191b-e054-7b7d-9f6e-72ddaa31fe2c","method":"GET","status_code":200,"duration_ms":247}
{"time":"2026-10-08T09:23:40.63115+08:00","level":"INFO","msg":"http request complete","request_id":"01a1191b-e215-7be2-8c48-47b8f9ebea6f","method":"GET","status_code":200,"duration_ms":449}
{"time":"2026-10-08T09:23:41.022552+08:00","level":"INFO","msg":"http request complete","request_id":"01a1191b-e4a0-7ac5-9d25-73d36da5ff5c","method":"GET","status_code":200,"duration_ms":189}
{"time":"2026-10-08T09:23:41.404715+08:00","level":"INFO","msg":"http request complete","request_id":"01a1191b-e627-7d71-b5de-98dd65077610","method":"GET","status_code":200,"duration_ms":180}
{"time":"2026-10-08T09:23:41.822601+08:00","level":"INFO","msg":"http request complete","request_id":"01a1191b-e7a6-7933-80a0-62524849ee95","method":"GET","status_code":200,"duration_ms":215}
{"time":"2026-10-08T09:23:42.19787+08:00","level":"INFO","msg":"http request complete","request_id":"01a1191b-e947-7bbb-bece-7c1b50383017","method":"GET","status_code":200,"duration_ms":174}
{"time":"2026-10-08T09:23:42.642814+08:00","level":"INFO","msg":"http request complete","request_id":"01a1191b-eabf-76f9-84a6-42baecaac666","method":"GET","status_code":200,"duration_ms":243}
{"time":"2026-10-08T09:23:43.018865+08:00","level":"INFO","msg":"http request complete","request_id":"01a1191b-ec7b-7b75-9d9d-afb41a6dd029","method":"GET","status_code":200,"duration_ms":175}
{"time":"2026-10-08T09:23:43.474244+08:00","level":"INFO","msg":"http request complete","request_id":"01a1191b-edf4-7013-b430-b30407789abf","method":"GET","status_code":200,"duration_ms":254}
{"time":"2026-10-08T09:23:43.874941+08:00","level":"INFO","msg":"http request complete","request_id":"01a1191b-efbb-7cec-80c7-3c3566b9a7b0","method":"GET","status_code":200,"duration_ms":199}
{"time":"2026-10-08T09:23:44.276964+08:00","level":"INFO","msg":"http request complete","request_id":"01a1191b-f14c-7dd6-9ca0-8f8918cf58a9","method":"GET","status_code":200,"duration_ms":200}
{"time":"2026-10-08T09:23:44.766234+08:00","level":"INFO","msg":"http request complete","request_id":"01a1191b-f2de-7971-961d-9c943af7fed5","method":"GET","status_code":200,"duration_ms":287}
{"time":"2026-10-08T09:23:45.258377+08:00","level":"INFO","msg":"http request complete","request_id":"01a1191b-f4c8-7b13-953c-48380a710414","method":"GET","status_code":200,"duration_ms":289}
{"time":"2026-10-08T09:23:45.749182+08:00","level":"INFO","msg":"http request complete","request_id":"01a1191b-f6b4-70ea-80bc-6a7c6cc83785","method":"GET","status_code":200,"duration_ms":289}
{"time":"2026-10-08T09:23:46.188785+08:00","level":"INFO","msg":"http request complete","request_id":"01a1191b-f89f-7add-9618-cfd8b8658875","method":"GET","status_code":200,"duration_ms":237}
{"time":"2026-10-08T09:23:46.803477+08:00","level":"INFO","msg":"http request complete","request_id":"01a1191b-fa57-72af-b2e2-a33c32f93c4b","method":"GET","status_code":200,"duration_ms":412}
{"time":"2026-10-08T09:23:47.388279+08:00","level":"INFO","msg":"http request complete","request_id":"01a1191b-fcbd-7a0a-95d3-4c5c2306920e","method":"GET","status_code":200,"duration_ms":382}
{"time":"2026-10-08T09:23:48.132493+08:00","level":"INFO","msg":"http request complete","request_id":"01a1191b-ff05-7d56-82bd-e8629dc0c869","method":"GET","status_code":200,"duration_ms":542}
{"time":"2026-10-08T09:23:49.026747+08:00","level":"INFO","msg":"http request complete","request_id":"01a1191c-01ed-7c9a-8fc8-a2b72bd532d9","method":"GET","status_code":200,"duration_ms":692}
{"time":"2026-10-08T09:23:49.612555+08:00","level":"INFO","msg":"http request complete","request_id":"01a1191c-056d-7111-b575-fa058ecfc550","method":"GET","status_code":200,"duration_ms":383}
{"time":"2026-10-08T09:23:50.202211+08:00","level":"INFO","msg":"http request complete","request_id":"01a1191c-07b8-7c8a-95db-911e6edd9bcd","method":"GET","status_code":200,"duration_ms":385}
{"time":"2026-10-08T09:23:50.609798+08:00","level":"INFO","msg":"http request complete","request_id":"01a1191c-0a03-781a-b7ed-0b1965bf5fd0","method":"GET","status_code":200,"duration_ms":206}
{"time":"2026-10-08T09:23:51.055228+08:00","level":"INFO","msg":"http request complete","request_id":"01a1191c-0b9b-7509-8f5c-0f9d66d82ace","method":"GET","status_code":200,"duration_ms":243}
{"time":"2026-10-08T09:23:51.061846+08:00","level":"INFO","msg":"http request complete","request_id":"01a1191c-0c90-7c38-9aa1-903fc440cf5c","method":"POST","status_code":409,"duration_ms":4}
{"time":"2026-10-08T09:23:51.110572+08:00","level":"INFO","msg":"http request complete","request_id":"01a1191c-0c96-73d0-9937-f05177af11c0","method":"POST","status_code":200,"duration_ms":48}
{"time":"2026-10-08T09:23:51.132873+08:00","level":"INFO","msg":"http request complete","request_id":"01a1191c-0cc7-7de2-8bce-b5366c92e58a","method":"POST","status_code":200,"duration_ms":20}
{"time":"2026-10-08T09:23:51.363758+08:00","level":"WARN","msg":"Graph ownership not ready","qualification":{"/v1/configmaps":"list_missing","/v1/events":"list_missing","/v1/nodes":"list_missing","/v1/persistentvolumeclaims":"list_missing","/v1/persistentvolumes":"list_missing","/v1/pods":"list_missing","/v1/services":"list_missing","apps/v1/daemonsets":"list_missing","apps/v1/deployments":"list_missing","apps/v1/replicasets":"list_missing","apps/v1/statefulsets":"list_missing","batch/v1/jobs":"list_missing","discovery.k8s.io/v1/endpointslices":"list_missing","storage.k8s.io/v1/csidrivers":"list_missing","storage.k8s.io/v1/csinodes":"list_missing","storage.k8s.io/v1/storageclasses":"list_missing","storage.k8s.io/v1/volumeattachments":"list_missing"}}
{"time":"2026-10-08T09:23:51.365283+08:00","level":"WARN","msg":"SP05 official observation unavailable","errorClass":"canceled"}
{"time":"2026-10-08T09:23:51.365792+08:00","level":"WARN","msg":"SP05 durable reducer pass unavailable","errorClass":"canceled"}
{"time":"2026-10-08T09:23:51.424463+08:00","level":"INFO","msg":"http request complete","request_id":"01a1191c-0dce-73d4-9f11-de052a52eb70","method":"POST","status_code":200,"duration_ms":50}
{"time":"2026-10-08T09:23:51.450682+08:00","level":"INFO","msg":"http request complete","request_id":"01a1191c-0e01-733c-bbd2-467ab1d636f3","method":"POST","status_code":200,"duration_ms":25}
{"time":"2026-10-08T09:23:51.545286+08:00","level":"INFO","msg":"http request complete","request_id":"01a1191c-0e65-7ce0-a574-8140f0fd0914","method":"POST","status_code":200,"duration_ms":19}
{"time":"2026-10-08T09:23:51.678451+08:00","level":"INFO","msg":"http request complete","request_id":"01a1191c-0ea8-762a-a26d-ccac609092bf","method":"POST","status_code":200,"duration_ms":86}
{"time":"2026-10-08T09:23:51.709234+08:00","level":"INFO","msg":"http request complete","request_id":"01a1191c-0efe-7eb5-a241-3d4e05d24586","method":"POST","status_code":200,"duration_ms":30}
{"time":"2026-10-08T09:23:51.73254+08:00","level":"INFO","msg":"http request complete","request_id":"01a1191c-0f1d-7abe-a558-973d956fc80e","method":"POST","status_code":409,"duration_ms":22}
{"time":"2026-10-08T09:23:51.746809+08:00","level":"INFO","msg":"http request complete","request_id":"01a1191c-0f3e-779d-bafd-39c41fcc7f56","method":"POST","status_code":403,"duration_ms":4}
{"time":"2026-10-08T09:23:51.78552+08:00","level":"INFO","msg":"http request complete","request_id":"01a1191c-0f4e-79b0-a59d-8c525bac0336","method":"POST","status_code":200,"duration_ms":26}
{"time":"2026-10-08T09:23:51.815285+08:00","level":"INFO","msg":"http request complete","request_id":"01a1191c-0f69-7e5b-a2e1-2055f35ea65b","method":"POST","status_code":200,"duration_ms":29}
{"time":"2026-10-08T09:23:51.87057+08:00","level":"INFO","msg":"http request complete","request_id":"01a1191c-0f8a-7d04-9875-ae53847de075","method":"POST","status_code":409,"duration_ms":51}
{"time":"2026-10-08T09:23:51.910282+08:00","level":"INFO","msg":"http request complete","request_id":"01a1191c-0fbf-7aec-b4f9-87b68ffed8da","method":"POST","status_code":200,"duration_ms":38}
{"time":"2026-10-08T09:23:51.926811+08:00","level":"INFO","msg":"http request complete","request_id":"01a1191c-0fe6-7b3b-911d-2a3226bc6e06","method":"POST","status_code":200,"duration_ms":16}
{"time":"2026-10-08T09:23:51.948536+08:00","level":"INFO","msg":"http request complete","request_id":"01a1191c-0ff7-7a02-8633-04a067030665","method":"POST","status_code":409,"duration_ms":20}
{"time":"2026-10-08T09:23:51.960021+08:00","level":"INFO","msg":"http request complete","request_id":"01a1191c-100e-7b75-8523-5175d679ed46","method":"POST","status_code":403,"duration_ms":9}
{"time":"2026-10-08T09:23:51.972184+08:00","level":"INFO","msg":"http request complete","request_id":"01a1191c-1021-756e-b7e8-acb7aa7bce0b","method":"POST","status_code":403,"duration_ms":2}
{"time":"2026-10-08T09:23:51.973251+08:00","level":"INFO","msg":"http request complete","request_id":"01a1191c-1024-7799-896f-21ef7cf73659","method":"POST","status_code":403,"duration_ms":0}
{"time":"2026-10-08T09:23:51.974083+08:00","level":"INFO","msg":"http request complete","request_id":"01a1191c-1025-76c6-a1fd-bef1a5c68d1f","method":"POST","status_code":403,"duration_ms":0}
{"time":"2026-10-08T09:23:51.981983+08:00","level":"INFO","msg":"http request complete","request_id":"01a1191c-102d-7173-9ffe-75cce989acbf","method":"POST","status_code":403,"duration_ms":0}
2026/10/08 09:24:03 OK   00001_roles_and_schemas.sql (66.08ms)
2026/10/08 09:24:03 goose: successfully migrated database to version: 1
2026/10/08 09:24:04 OK   00002_platform_meta.sql (561.93ms)
2026/10/08 09:24:04 OK   00003_finding.sql (155.07ms)
2026/10/08 09:24:04 OK   00004_incident.sql (180.34ms)
2026/10/08 09:24:04 OK   00005_investigation.sql (132.1ms)
2026/10/08 09:24:04 OK   00006_action_command.sql (21.69ms)
2026/10/08 09:24:05 OK   00007_audit.sql (234.82ms)
2026/10/08 09:24:05 OK   00008_rls.sql (84.48ms)
2026/10/08 09:24:05 OK   00009_idempotency_ledger.sql (103.61ms)
2026/10/08 09:24:05 OK   00010_tenant_provisioning.sql (69.38ms)
2026/10/08 09:24:05 OK   00011_source_registration_history.sql (98.79ms)
2026/10/08 09:24:05 OK   00012_config_registry_lifecycle.sql (71.22ms)
2026/10/08 09:24:05 OK   00013_audit_signed_segments.sql (111.8ms)
2026/10/08 09:24:05 OK   00014_audit_segment_predecessors.sql (106.53ms)
2026/10/08 09:24:05 OK   00015_source_schema_scope.sql (86.5ms)
2026/10/08 09:24:05 OK   00016_cluster_registration_metadata.sql (47.03ms)
2026/10/08 09:24:05 OK   00017_source_data_scope.sql (17.84ms)
2026/10/08 09:24:05 OK   00018_sp04_resources_evidence.sql (49.4ms)
2026/10/08 09:24:05 OK   00019_sp04_archive_ciphertext_bytes.sql (9.61ms)
2026/10/08 09:24:05 OK   00020_sp04_request_ledger.sql (30.93ms)
2026/10/08 09:24:06 OK   00021_sp04_archive_protection.sql (59.27ms)
2026/10/08 09:24:06 OK   00022_sp04_legal_hold_dependencies.sql (32.91ms)
2026/10/08 09:24:06 OK   00023_sp04_archive_query_intent.sql (67.29ms)
2026/10/08 09:24:06 OK   00024_sp05_finding_incident.sql (50.61ms)
2026/10/08 09:24:06 OK   00025_sp05_incident_event_time.sql (25.56ms)
2026/10/08 09:24:06 OK   00026_sp05_source_binding_lock.sql (25.63ms)
2026/10/08 09:24:06 OK   00027_sp05_rca_and_poll.sql (78.41ms)
2026/10/08 09:24:06 OK   00028_sp05_operator_lock.sql (44.98ms)
2026/10/08 09:24:06 OK   00029_sp05_evidence_links.sql (41.81ms)
2026/10/08 09:24:06 OK   00030_sp05_recipe_fence.sql (11.63ms)
2026/10/08 09:24:06 OK   00031_sp05_rca_postcheck.sql (9.96ms)
2026/10/08 09:24:06 OK   00032_sp05_transport_audit.sql (6.56ms)
2026/10/08 09:24:06 OK   00033_sp05_poll_resolution_clock.sql (7.4ms)
2026/10/08 09:24:06 OK   00034_sp06_investigation_ledger.sql (76.24ms)
2026/10/08 09:24:06 OK   00035_sp06_admission_data_classes.sql (15.85ms)
2026/10/08 09:24:06 goose: successfully migrated database to version: 35
2026/10/08 09:24:09 OK   00001_roles_and_schemas.sql (117.56ms)
2026/10/08 09:24:09 goose: successfully migrated database to version: 1
2026/10/08 09:24:09 OK   00002_platform_meta.sql (125.08ms)
2026/10/08 09:24:09 OK   00003_finding.sql (18.6ms)
2026/10/08 09:24:09 OK   00004_incident.sql (20.98ms)
2026/10/08 09:24:09 OK   00005_investigation.sql (16.55ms)
2026/10/08 09:24:09 OK   00006_action_command.sql (11.53ms)
2026/10/08 09:24:09 OK   00007_audit.sql (29.15ms)
2026/10/08 09:24:09 OK   00008_rls.sql (30.97ms)
2026/10/08 09:24:09 OK   00009_idempotency_ledger.sql (33.85ms)
2026/10/08 09:24:09 OK   00010_tenant_provisioning.sql (11.21ms)
2026/10/08 09:24:09 OK   00011_source_registration_history.sql (34.03ms)
2026/10/08 09:24:09 OK   00012_config_registry_lifecycle.sql (17.21ms)
2026/10/08 09:24:09 OK   00013_audit_signed_segments.sql (44.15ms)
2026/10/08 09:24:09 OK   00014_audit_segment_predecessors.sql (53.44ms)
2026/10/08 09:24:09 OK   00015_source_schema_scope.sql (8.1ms)
2026/10/08 09:24:09 OK   00016_cluster_registration_metadata.sql (54.82ms)
2026/10/08 09:24:09 OK   00017_source_data_scope.sql (50.29ms)
2026/10/08 09:24:09 OK   00018_sp04_resources_evidence.sql (66.13ms)
2026/10/08 09:24:09 OK   00019_sp04_archive_ciphertext_bytes.sql (10.56ms)
2026/10/08 09:24:09 OK   00020_sp04_request_ledger.sql (27.76ms)
2026/10/08 09:24:09 OK   00021_sp04_archive_protection.sql (18.9ms)
2026/10/08 09:24:09 OK   00022_sp04_legal_hold_dependencies.sql (6.21ms)
2026/10/08 09:24:09 OK   00023_sp04_archive_query_intent.sql (9.37ms)
2026/10/08 09:24:10 OK   00024_sp05_finding_incident.sql (111.14ms)
2026/10/08 09:24:10 OK   00025_sp05_incident_event_time.sql (30.43ms)
2026/10/08 09:24:10 OK   00026_sp05_source_binding_lock.sql (27.75ms)
2026/10/08 09:24:10 OK   00027_sp05_rca_and_poll.sql (26.01ms)
2026/10/08 09:24:10 OK   00028_sp05_operator_lock.sql (12.78ms)
2026/10/08 09:24:10 OK   00029_sp05_evidence_links.sql (36.19ms)
2026/10/08 09:24:10 OK   00030_sp05_recipe_fence.sql (15.55ms)
2026/10/08 09:24:10 OK   00031_sp05_rca_postcheck.sql (23.36ms)
2026/10/08 09:24:10 OK   00032_sp05_transport_audit.sql (10.19ms)
2026/10/08 09:24:10 OK   00033_sp05_poll_resolution_clock.sql (48.5ms)
2026/10/08 09:24:10 OK   00034_sp06_investigation_ledger.sql (84.31ms)
2026/10/08 09:24:10 OK   00035_sp06_admission_data_classes.sql (14.08ms)
2026/10/08 09:24:10 goose: successfully migrated database to version: 35
2026/10/08 09:25:42 OK   00001_roles_and_schemas.sql (141.22ms)
2026/10/08 09:25:42 goose: successfully migrated database to version: 1
2026/10/08 09:25:42 OK   00002_platform_meta.sql (124.09ms)
2026/10/08 09:25:42 OK   00003_finding.sql (42.42ms)
2026/10/08 09:25:42 OK   00004_incident.sql (45.6ms)
2026/10/08 09:25:42 OK   00005_investigation.sql (18.4ms)
2026/10/08 09:25:42 OK   00006_action_command.sql (10.57ms)
2026/10/08 09:25:43 OK   00007_audit.sql (23.01ms)
2026/10/08 09:25:43 OK   00008_rls.sql (56.39ms)
2026/10/08 09:25:43 OK   00009_idempotency_ledger.sql (43.96ms)
2026/10/08 09:25:43 OK   00010_tenant_provisioning.sql (16.19ms)
2026/10/08 09:25:43 OK   00011_source_registration_history.sql (29.11ms)
2026/10/08 09:25:43 OK   00012_config_registry_lifecycle.sql (36.65ms)
2026/10/08 09:25:43 OK   00013_audit_signed_segments.sql (33.6ms)
2026/10/08 09:25:43 OK   00014_audit_segment_predecessors.sql (19.44ms)
2026/10/08 09:25:43 OK   00015_source_schema_scope.sql (8.61ms)
2026/10/08 09:25:43 OK   00016_cluster_registration_metadata.sql (13.65ms)
2026/10/08 09:25:43 OK   00017_source_data_scope.sql (134.15ms)
2026/10/08 09:25:43 OK   00018_sp04_resources_evidence.sql (154.33ms)
2026/10/08 09:25:43 OK   00019_sp04_archive_ciphertext_bytes.sql (119.23ms)
2026/10/08 09:25:43 OK   00020_sp04_request_ledger.sql (36ms)
2026/10/08 09:25:43 OK   00021_sp04_archive_protection.sql (184.03ms)
2026/10/08 09:25:44 OK   00022_sp04_legal_hold_dependencies.sql (150.38ms)
2026/10/08 09:25:44 OK   00023_sp04_archive_query_intent.sql (53.09ms)
2026/10/08 09:25:44 OK   00024_sp05_finding_incident.sql (184.16ms)
2026/10/08 09:25:44 OK   00025_sp05_incident_event_time.sql (105.5ms)
2026/10/08 09:25:44 OK   00026_sp05_source_binding_lock.sql (10.97ms)
2026/10/08 09:25:44 OK   00027_sp05_rca_and_poll.sql (37.57ms)
2026/10/08 09:25:44 OK   00028_sp05_operator_lock.sql (36.95ms)
2026/10/08 09:25:44 OK   00029_sp05_evidence_links.sql (43.88ms)
2026/10/08 09:25:44 OK   00030_sp05_recipe_fence.sql (11.05ms)
2026/10/08 09:25:44 OK   00031_sp05_rca_postcheck.sql (8.2ms)
2026/10/08 09:25:44 OK   00032_sp05_transport_audit.sql (19.04ms)
2026/10/08 09:25:44 OK   00033_sp05_poll_resolution_clock.sql (10.64ms)
2026/10/08 09:25:44 OK   00034_sp06_investigation_ledger.sql (44.88ms)
2026/10/08 09:25:44 OK   00035_sp06_admission_data_classes.sql (8.4ms)
2026/10/08 09:25:44 goose: successfully migrated database to version: 35
2026/10/08 09:26:17 OK   00001_roles_and_schemas.sql (16.5ms)
2026/10/08 09:26:17 goose: successfully migrated database to version: 1
2026/10/08 09:26:17 OK   00002_platform_meta.sql (70.19ms)
2026/10/08 09:26:18 OK   00003_finding.sql (176.52ms)
2026/10/08 09:26:18 OK   00004_incident.sql (58.81ms)
2026/10/08 09:26:18 OK   00005_investigation.sql (54.42ms)
2026/10/08 09:26:18 OK   00006_action_command.sql (20.35ms)
2026/10/08 09:26:18 OK   00007_audit.sql (39.73ms)
2026/10/08 09:26:18 OK   00008_rls.sql (11.44ms)
2026/10/08 09:26:18 OK   00009_idempotency_ledger.sql (12.64ms)
2026/10/08 09:26:18 OK   00010_tenant_provisioning.sql (6.27ms)
2026/10/08 09:26:18 OK   00011_source_registration_history.sql (12.68ms)
2026/10/08 09:26:18 OK   00012_config_registry_lifecycle.sql (16.32ms)
2026/10/08 09:26:18 OK   00013_audit_signed_segments.sql (22.68ms)
2026/10/08 09:26:18 OK   00014_audit_segment_predecessors.sql (11.92ms)
2026/10/08 09:26:18 OK   00015_source_schema_scope.sql (9.09ms)
2026/10/08 09:26:18 OK   00016_cluster_registration_metadata.sql (11.34ms)
2026/10/08 09:26:18 OK   00017_source_data_scope.sql (13.16ms)
2026/10/08 09:26:18 OK   00018_sp04_resources_evidence.sql (33.68ms)
2026/10/08 09:26:18 OK   00019_sp04_archive_ciphertext_bytes.sql (5.6ms)
2026/10/08 09:26:18 OK   00020_sp04_request_ledger.sql (30.55ms)
2026/10/08 09:26:18 OK   00021_sp04_archive_protection.sql (24.15ms)
2026/10/08 09:26:18 OK   00022_sp04_legal_hold_dependencies.sql (17.99ms)
2026/10/08 09:26:18 OK   00023_sp04_archive_query_intent.sql (20.87ms)
2026/10/08 09:26:18 OK   00024_sp05_finding_incident.sql (49.29ms)
2026/10/08 09:26:18 OK   00025_sp05_incident_event_time.sql (11.84ms)
2026/10/08 09:26:18 OK   00026_sp05_source_binding_lock.sql (31.39ms)
2026/10/08 09:26:18 OK   00027_sp05_rca_and_poll.sql (11.04ms)
2026/10/08 09:26:18 OK   00028_sp05_operator_lock.sql (12.78ms)
2026/10/08 09:26:18 OK   00029_sp05_evidence_links.sql (11.85ms)
2026/10/08 09:26:18 OK   00030_sp05_recipe_fence.sql (3.69ms)
2026/10/08 09:26:18 OK   00031_sp05_rca_postcheck.sql (9.95ms)
2026/10/08 09:26:18 OK   00032_sp05_transport_audit.sql (6ms)
2026/10/08 09:26:18 OK   00033_sp05_poll_resolution_clock.sql (4.67ms)
2026/10/08 09:26:18 OK   00034_sp06_investigation_ledger.sql (42.26ms)
2026/10/08 09:26:18 OK   00035_sp06_admission_data_classes.sql (4.37ms)
2026/10/08 09:26:18 goose: successfully migrated database to version: 35
2026/10/08 09:26:20 OK   00001_roles_and_schemas.sql (10.92ms)
2026/10/08 09:26:20 goose: successfully migrated database to version: 1
2026/10/08 09:26:21 OK   00002_platform_meta.sql (64.56ms)
2026/10/08 09:26:21 OK   00003_finding.sql (25.35ms)
2026/10/08 09:26:21 OK   00004_incident.sql (12.5ms)
2026/10/08 09:26:21 OK   00005_investigation.sql (36.89ms)
2026/10/08 09:26:21 OK   00006_action_command.sql (8.73ms)
2026/10/08 09:26:21 OK   00007_audit.sql (16.16ms)
2026/10/08 09:26:21 OK   00008_rls.sql (31.6ms)
2026/10/08 09:26:21 OK   00009_idempotency_ledger.sql (17.42ms)
2026/10/08 09:26:21 OK   00010_tenant_provisioning.sql (6.47ms)
2026/10/08 09:26:21 OK   00011_source_registration_history.sql (14.75ms)
2026/10/08 09:26:21 OK   00012_config_registry_lifecycle.sql (40.75ms)
2026/10/08 09:26:21 OK   00013_audit_signed_segments.sql (49.27ms)
2026/10/08 09:26:21 OK   00014_audit_segment_predecessors.sql (8.52ms)
2026/10/08 09:26:21 OK   00015_source_schema_scope.sql (9.06ms)
2026/10/08 09:26:21 OK   00016_cluster_registration_metadata.sql (8.58ms)
2026/10/08 09:26:21 OK   00017_source_data_scope.sql (4.79ms)
2026/10/08 09:26:21 OK   00018_sp04_resources_evidence.sql (32.97ms)
2026/10/08 09:26:21 OK   00019_sp04_archive_ciphertext_bytes.sql (7.02ms)
2026/10/08 09:26:21 OK   00020_sp04_request_ledger.sql (12.87ms)
2026/10/08 09:26:21 OK   00021_sp04_archive_protection.sql (9.76ms)
2026/10/08 09:26:21 OK   00022_sp04_legal_hold_dependencies.sql (5.64ms)
2026/10/08 09:26:21 OK   00023_sp04_archive_query_intent.sql (5.69ms)
2026/10/08 09:26:21 OK   00024_sp05_finding_incident.sql (35.95ms)
2026/10/08 09:26:21 OK   00025_sp05_incident_event_time.sql (4.2ms)
2026/10/08 09:26:21 OK   00026_sp05_source_binding_lock.sql (5.24ms)
2026/10/08 09:26:21 OK   00027_sp05_rca_and_poll.sql (11.29ms)
2026/10/08 09:26:21 OK   00028_sp05_operator_lock.sql (5.88ms)
2026/10/08 09:26:21 OK   00029_sp05_evidence_links.sql (10.7ms)
2026/10/08 09:26:21 OK   00030_sp05_recipe_fence.sql (5.62ms)
2026/10/08 09:26:21 OK   00031_sp05_rca_postcheck.sql (5.51ms)
2026/10/08 09:26:21 OK   00032_sp05_transport_audit.sql (5.33ms)
2026/10/08 09:26:21 OK   00033_sp05_poll_resolution_clock.sql (5.86ms)
2026/10/08 09:26:21 OK   00034_sp06_investigation_ledger.sql (30.95ms)
2026/10/08 09:26:21 OK   00035_sp06_admission_data_classes.sql (11.59ms)
2026/10/08 09:26:21 goose: successfully migrated database to version: 35
2026/10/08 09:26:22 OK   00001_roles_and_schemas.sql (28.04ms)
2026/10/08 09:26:22 goose: successfully migrated database to version: 1
2026/10/08 09:26:22 OK   00002_platform_meta.sql (73.54ms)
2026/10/08 09:26:22 OK   00003_finding.sql (12.86ms)
2026/10/08 09:26:22 OK   00004_incident.sql (15.04ms)
2026/10/08 09:26:22 OK   00005_investigation.sql (14.83ms)
2026/10/08 09:26:22 OK   00006_action_command.sql (22.43ms)
2026/10/08 09:26:22 OK   00007_audit.sql (10.47ms)
2026/10/08 09:26:22 OK   00008_rls.sql (10.53ms)
2026/10/08 09:26:22 OK   00009_idempotency_ledger.sql (15.13ms)
2026/10/08 09:26:22 OK   00010_tenant_provisioning.sql (8.06ms)
2026/10/08 09:26:22 OK   00011_source_registration_history.sql (11.35ms)
2026/10/08 09:26:22 OK   00012_config_registry_lifecycle.sql (13.27ms)
2026/10/08 09:26:22 OK   00013_audit_signed_segments.sql (25.04ms)
2026/10/08 09:26:22 OK   00014_audit_segment_predecessors.sql (15.68ms)
2026/10/08 09:26:22 OK   00015_source_schema_scope.sql (10.4ms)
2026/10/08 09:26:22 OK   00016_cluster_registration_metadata.sql (7.42ms)
2026/10/08 09:26:22 OK   00017_source_data_scope.sql (4.04ms)
2026/10/08 09:26:22 OK   00018_sp04_resources_evidence.sql (25.56ms)
2026/10/08 09:26:22 OK   00019_sp04_archive_ciphertext_bytes.sql (5.09ms)
2026/10/08 09:26:22 OK   00020_sp04_request_ledger.sql (9.17ms)
2026/10/08 09:26:22 OK   00021_sp04_archive_protection.sql (8.61ms)
2026/10/08 09:26:22 OK   00022_sp04_legal_hold_dependencies.sql (3.52ms)
2026/10/08 09:26:22 OK   00023_sp04_archive_query_intent.sql (2.95ms)
2026/10/08 09:26:22 OK   00024_sp05_finding_incident.sql (49.91ms)
2026/10/08 09:26:22 OK   00025_sp05_incident_event_time.sql (3.89ms)
2026/10/08 09:26:22 OK   00026_sp05_source_binding_lock.sql (5.22ms)
2026/10/08 09:26:22 OK   00027_sp05_rca_and_poll.sql (12.04ms)
2026/10/08 09:26:22 OK   00028_sp05_operator_lock.sql (4.42ms)
2026/10/08 09:26:22 OK   00029_sp05_evidence_links.sql (10.08ms)
2026/10/08 09:26:22 OK   00030_sp05_recipe_fence.sql (5.55ms)
2026/10/08 09:26:22 OK   00031_sp05_rca_postcheck.sql (4.37ms)
2026/10/08 09:26:22 OK   00032_sp05_transport_audit.sql (5.33ms)
2026/10/08 09:26:22 OK   00033_sp05_poll_resolution_clock.sql (6.38ms)
2026/10/08 09:26:22 OK   00034_sp06_investigation_ledger.sql (34.03ms)
2026/10/08 09:26:22 OK   00035_sp06_admission_data_classes.sql (5.23ms)
2026/10/08 09:26:22 goose: successfully migrated database to version: 35
2026/10/08 09:26:22 OK   00001_roles_and_schemas.sql (19.83ms)
2026/10/08 09:26:22 goose: successfully migrated database to version: 1
2026/10/08 09:26:22 OK   00002_platform_meta.sql (44.93ms)
2026/10/08 09:26:22 OK   00003_finding.sql (11.94ms)
2026/10/08 09:26:22 OK   00004_incident.sql (10.48ms)
2026/10/08 09:26:22 OK   00005_investigation.sql (17.33ms)
2026/10/08 09:26:23 OK   00006_action_command.sql (20.42ms)
2026/10/08 09:26:23 OK   00007_audit.sql (19.77ms)
2026/10/08 09:26:23 OK   00008_rls.sql (19.98ms)
2026/10/08 09:26:23 OK   00009_idempotency_ledger.sql (24.85ms)
2026/10/08 09:26:23 OK   00010_tenant_provisioning.sql (6.72ms)
2026/10/08 09:26:23 OK   00011_source_registration_history.sql (10.21ms)
2026/10/08 09:26:23 OK   00012_config_registry_lifecycle.sql (18.49ms)
2026/10/08 09:26:23 OK   00013_audit_signed_segments.sql (26.23ms)
2026/10/08 09:26:23 OK   00014_audit_segment_predecessors.sql (8.41ms)
2026/10/08 09:26:23 OK   00015_source_schema_scope.sql (6.61ms)
2026/10/08 09:26:23 OK   00016_cluster_registration_metadata.sql (15.34ms)
2026/10/08 09:26:23 OK   00017_source_data_scope.sql (10.83ms)
2026/10/08 09:26:23 OK   00018_sp04_resources_evidence.sql (17.73ms)
2026/10/08 09:26:23 OK   00019_sp04_archive_ciphertext_bytes.sql (16.36ms)
2026/10/08 09:26:23 OK   00020_sp04_request_ledger.sql (15.87ms)
2026/10/08 09:26:23 OK   00021_sp04_archive_protection.sql (12.73ms)
2026/10/08 09:26:23 OK   00022_sp04_legal_hold_dependencies.sql (2.85ms)
2026/10/08 09:26:23 OK   00023_sp04_archive_query_intent.sql (3.78ms)
2026/10/08 09:26:23 OK   00024_sp05_finding_incident.sql (41.43ms)
2026/10/08 09:26:23 OK   00025_sp05_incident_event_time.sql (9.59ms)
2026/10/08 09:26:23 OK   00026_sp05_source_binding_lock.sql (4.25ms)
2026/10/08 09:26:23 OK   00027_sp05_rca_and_poll.sql (9.08ms)
2026/10/08 09:26:23 OK   00028_sp05_operator_lock.sql (4.71ms)
2026/10/08 09:26:23 OK   00029_sp05_evidence_links.sql (28.72ms)
2026/10/08 09:26:23 OK   00030_sp05_recipe_fence.sql (12.5ms)
2026/10/08 09:26:23 OK   00031_sp05_rca_postcheck.sql (6.13ms)
2026/10/08 09:26:23 OK   00032_sp05_transport_audit.sql (8.84ms)
2026/10/08 09:26:23 OK   00033_sp05_poll_resolution_clock.sql (4.43ms)
2026/10/08 09:26:23 OK   00034_sp06_investigation_ledger.sql (51.07ms)
2026/10/08 09:26:23 OK   00035_sp06_admission_data_classes.sql (5.5ms)
2026/10/08 09:26:23 goose: successfully migrated database to version: 35
2026/10/08 09:26:23 OK   00001_roles_and_schemas.sql (22.1ms)
2026/10/08 09:26:23 goose: successfully migrated database to version: 1
2026/10/08 09:26:23 OK   00002_platform_meta.sql (58.06ms)
2026/10/08 09:26:23 OK   00003_finding.sql (22.51ms)
2026/10/08 09:26:23 OK   00004_incident.sql (21.05ms)
2026/10/08 09:26:23 OK   00005_investigation.sql (12.55ms)
2026/10/08 09:26:23 OK   00006_action_command.sql (16.28ms)
2026/10/08 09:26:23 OK   00007_audit.sql (22.14ms)
2026/10/08 09:26:23 OK   00008_rls.sql (38.19ms)
2026/10/08 09:26:24 OK   00009_idempotency_ledger.sql (22.65ms)
2026/10/08 09:26:24 OK   00010_tenant_provisioning.sql (15.37ms)
2026/10/08 09:26:24 OK   00011_source_registration_history.sql (17.71ms)
2026/10/08 09:26:24 OK   00012_config_registry_lifecycle.sql (32.97ms)
2026/10/08 09:26:24 OK   00013_audit_signed_segments.sql (26.76ms)
2026/10/08 09:26:24 OK   00014_audit_segment_predecessors.sql (20.04ms)
2026/10/08 09:26:24 OK   00015_source_schema_scope.sql (6.72ms)
2026/10/08 09:26:24 OK   00016_cluster_registration_metadata.sql (24.57ms)
2026/10/08 09:26:24 OK   00017_source_data_scope.sql (8.27ms)
2026/10/08 09:26:24 OK   00018_sp04_resources_evidence.sql (27.74ms)
2026/10/08 09:26:24 OK   00019_sp04_archive_ciphertext_bytes.sql (12.71ms)
2026/10/08 09:26:24 OK   00020_sp04_request_ledger.sql (16.7ms)
2026/10/08 09:26:24 OK   00021_sp04_archive_protection.sql (6.39ms)
2026/10/08 09:26:24 OK   00022_sp04_legal_hold_dependencies.sql (3.66ms)
2026/10/08 09:26:24 OK   00023_sp04_archive_query_intent.sql (4.92ms)
2026/10/08 09:26:24 OK   00024_sp05_finding_incident.sql (22.51ms)
2026/10/08 09:26:24 OK   00025_sp05_incident_event_time.sql (9.66ms)
2026/10/08 09:26:24 OK   00026_sp05_source_binding_lock.sql (5.68ms)
2026/10/08 09:26:24 OK   00027_sp05_rca_and_poll.sql (23.54ms)
2026/10/08 09:26:24 OK   00028_sp05_operator_lock.sql (7.64ms)
2026/10/08 09:26:24 OK   00029_sp05_evidence_links.sql (9.29ms)
2026/10/08 09:26:24 OK   00030_sp05_recipe_fence.sql (10.36ms)
2026/10/08 09:26:24 OK   00031_sp05_rca_postcheck.sql (5.79ms)
2026/10/08 09:26:24 OK   00032_sp05_transport_audit.sql (4.81ms)
2026/10/08 09:26:24 OK   00033_sp05_poll_resolution_clock.sql (20.4ms)
2026/10/08 09:26:24 OK   00034_sp06_investigation_ledger.sql (55.32ms)
2026/10/08 09:26:24 OK   00035_sp06_admission_data_classes.sql (3.9ms)
2026/10/08 09:26:24 goose: successfully migrated database to version: 35
2026/10/08 09:26:24 OK   00001_roles_and_schemas.sql (14.69ms)
2026/10/08 09:26:24 goose: successfully migrated database to version: 1
2026/10/08 09:26:24 OK   00002_platform_meta.sql (68.16ms)
2026/10/08 09:26:24 OK   00003_finding.sql (22.8ms)
2026/10/08 09:26:24 OK   00004_incident.sql (8.14ms)
2026/10/08 09:26:25 OK   00005_investigation.sql (17.25ms)
2026/10/08 09:26:25 OK   00006_action_command.sql (29.64ms)
2026/10/08 09:26:25 OK   00007_audit.sql (14.36ms)
2026/10/08 09:26:25 OK   00008_rls.sql (26.34ms)
2026/10/08 09:26:25 OK   00009_idempotency_ledger.sql (21.78ms)
2026/10/08 09:26:25 OK   00010_tenant_provisioning.sql (6.55ms)
2026/10/08 09:26:25 OK   00011_source_registration_history.sql (21.41ms)
2026/10/08 09:26:25 OK   00012_config_registry_lifecycle.sql (28.19ms)
2026/10/08 09:26:25 OK   00013_audit_signed_segments.sql (32.8ms)
2026/10/08 09:26:25 OK   00014_audit_segment_predecessors.sql (15.96ms)
2026/10/08 09:26:25 OK   00015_source_schema_scope.sql (6.35ms)
2026/10/08 09:26:25 OK   00016_cluster_registration_metadata.sql (6.74ms)
2026/10/08 09:26:25 OK   00017_source_data_scope.sql (7.51ms)
2026/10/08 09:26:25 OK   00018_sp04_resources_evidence.sql (17.93ms)
2026/10/08 09:26:25 OK   00019_sp04_archive_ciphertext_bytes.sql (23.97ms)
2026/10/08 09:26:25 OK   00020_sp04_request_ledger.sql (6.12ms)
2026/10/08 09:26:25 OK   00021_sp04_archive_protection.sql (3.17ms)
2026/10/08 09:26:25 OK   00022_sp04_legal_hold_dependencies.sql (3.34ms)
2026/10/08 09:26:25 OK   00023_sp04_archive_query_intent.sql (4.08ms)
2026/10/08 09:26:25 OK   00024_sp05_finding_incident.sql (18.84ms)
2026/10/08 09:26:25 OK   00025_sp05_incident_event_time.sql (5.15ms)
2026/10/08 09:26:25 OK   00026_sp05_source_binding_lock.sql (13.61ms)
2026/10/08 09:26:25 OK   00027_sp05_rca_and_poll.sql (19.24ms)
2026/10/08 09:26:25 OK   00028_sp05_operator_lock.sql (8.35ms)
2026/10/08 09:26:25 OK   00029_sp05_evidence_links.sql (10.62ms)
2026/10/08 09:26:25 OK   00030_sp05_recipe_fence.sql (5.02ms)
2026/10/08 09:26:25 OK   00031_sp05_rca_postcheck.sql (3.98ms)
2026/10/08 09:26:25 OK   00032_sp05_transport_audit.sql (6.02ms)
2026/10/08 09:26:25 OK   00033_sp05_poll_resolution_clock.sql (6.03ms)
2026/10/08 09:26:25 OK   00034_sp06_investigation_ledger.sql (47.67ms)
2026/10/08 09:26:25 OK   00035_sp06_admission_data_classes.sql (9.09ms)
2026/10/08 09:26:25 goose: successfully migrated database to version: 35
2026/10/08 09:26:25 OK   00001_roles_and_schemas.sql (22.03ms)
2026/10/08 09:26:25 goose: successfully migrated database to version: 1
2026/10/08 09:26:26 OK   00002_platform_meta.sql (68.02ms)
2026/10/08 09:26:26 OK   00003_finding.sql (26.72ms)
2026/10/08 09:26:26 OK   00004_incident.sql (31.88ms)
2026/10/08 09:26:26 OK   00005_investigation.sql (15.82ms)
2026/10/08 09:26:26 OK   00006_action_command.sql (16.92ms)
2026/10/08 09:26:26 OK   00007_audit.sql (20.63ms)
2026/10/08 09:26:26 OK   00008_rls.sql (32.33ms)
2026/10/08 09:26:26 OK   00009_idempotency_ledger.sql (22.87ms)
2026/10/08 09:26:26 OK   00010_tenant_provisioning.sql (20.15ms)
2026/10/08 09:26:26 OK   00011_source_registration_history.sql (16.31ms)
2026/10/08 09:26:26 OK   00012_config_registry_lifecycle.sql (23.71ms)
2026/10/08 09:26:26 OK   00013_audit_signed_segments.sql (21.22ms)
2026/10/08 09:26:26 OK   00014_audit_segment_predecessors.sql (19.85ms)
2026/10/08 09:26:26 OK   00015_source_schema_scope.sql (4.42ms)
2026/10/08 09:26:26 OK   00016_cluster_registration_metadata.sql (4.86ms)
2026/10/08 09:26:26 OK   00017_source_data_scope.sql (5.38ms)
2026/10/08 09:26:26 OK   00018_sp04_resources_evidence.sql (31.08ms)
2026/10/08 09:26:26 OK   00019_sp04_archive_ciphertext_bytes.sql (8.96ms)
2026/10/08 09:26:26 OK   00020_sp04_request_ledger.sql (7.9ms)
2026/10/08 09:26:26 OK   00021_sp04_archive_protection.sql (4.33ms)
2026/10/08 09:26:26 OK   00022_sp04_legal_hold_dependencies.sql (4.09ms)
2026/10/08 09:26:26 OK   00023_sp04_archive_query_intent.sql (4.65ms)
2026/10/08 09:26:26 OK   00024_sp05_finding_incident.sql (32.3ms)
2026/10/08 09:26:26 OK   00025_sp05_incident_event_time.sql (3.16ms)
2026/10/08 09:26:26 OK   00026_sp05_source_binding_lock.sql (4.12ms)
2026/10/08 09:26:26 OK   00027_sp05_rca_and_poll.sql (10.66ms)
2026/10/08 09:26:26 OK   00028_sp05_operator_lock.sql (3.78ms)
2026/10/08 09:26:26 OK   00029_sp05_evidence_links.sql (9.21ms)
2026/10/08 09:26:26 OK   00030_sp05_recipe_fence.sql (4.28ms)
2026/10/08 09:26:26 OK   00031_sp05_rca_postcheck.sql (3.8ms)
2026/10/08 09:26:26 OK   00032_sp05_transport_audit.sql (3.93ms)
2026/10/08 09:26:26 OK   00033_sp05_poll_resolution_clock.sql (7.99ms)
2026/10/08 09:26:26 OK   00034_sp06_investigation_ledger.sql (25.43ms)
2026/10/08 09:26:26 OK   00035_sp06_admission_data_classes.sql (5.94ms)
2026/10/08 09:26:26 goose: successfully migrated database to version: 35
2026/10/08 09:26:58 OK   00001_roles_and_schemas.sql (50.23ms)
2026/10/08 09:26:58 goose: successfully migrated database to version: 1
2026/10/08 09:26:58 OK   00002_platform_meta.sql (34.6ms)
2026/10/08 09:26:58 OK   00003_finding.sql (20.62ms)
2026/10/08 09:26:58 OK   00004_incident.sql (17.21ms)
2026/10/08 09:26:58 OK   00005_investigation.sql (7.36ms)
2026/10/08 09:26:58 OK   00006_action_command.sql (11.81ms)
2026/10/08 09:26:58 OK   00007_audit.sql (33.28ms)
2026/10/08 09:26:58 OK   00008_rls.sql (31.56ms)
2026/10/08 09:26:58 OK   00009_idempotency_ledger.sql (18.99ms)
2026/10/08 09:26:58 OK   00010_tenant_provisioning.sql (9.95ms)
2026/10/08 09:26:58 OK   00011_source_registration_history.sql (11.18ms)
2026/10/08 09:26:58 OK   00012_config_registry_lifecycle.sql (39.39ms)
2026/10/08 09:26:58 OK   00013_audit_signed_segments.sql (35.92ms)
2026/10/08 09:26:58 OK   00014_audit_segment_predecessors.sql (18.47ms)
2026/10/08 09:26:58 OK   00015_source_schema_scope.sql (3.9ms)
2026/10/08 09:26:58 OK   00016_cluster_registration_metadata.sql (5.17ms)
2026/10/08 09:26:58 OK   00017_source_data_scope.sql (6.16ms)
2026/10/08 09:26:58 OK   00018_sp04_resources_evidence.sql (35.63ms)
2026/10/08 09:26:58 OK   00019_sp04_archive_ciphertext_bytes.sql (3ms)
2026/10/08 09:26:58 OK   00020_sp04_request_ledger.sql (5.16ms)
2026/10/08 09:26:58 OK   00021_sp04_archive_protection.sql (15.8ms)
2026/10/08 09:26:58 OK   00022_sp04_legal_hold_dependencies.sql (5.09ms)
2026/10/08 09:26:58 OK   00023_sp04_archive_query_intent.sql (3.88ms)
2026/10/08 09:26:58 OK   00024_sp05_finding_incident.sql (20.95ms)
2026/10/08 09:26:58 OK   00025_sp05_incident_event_time.sql (3.26ms)
2026/10/08 09:26:58 OK   00026_sp05_source_binding_lock.sql (4.32ms)
2026/10/08 09:26:58 OK   00027_sp05_rca_and_poll.sql (16.74ms)
2026/10/08 09:26:58 OK   00028_sp05_operator_lock.sql (5.42ms)
2026/10/08 09:26:58 OK   00029_sp05_evidence_links.sql (12.38ms)
2026/10/08 09:26:58 OK   00030_sp05_recipe_fence.sql (9.68ms)
2026/10/08 09:26:58 OK   00031_sp05_rca_postcheck.sql (3.4ms)
2026/10/08 09:26:58 OK   00032_sp05_transport_audit.sql (3.19ms)
2026/10/08 09:26:58 OK   00033_sp05_poll_resolution_clock.sql (3.58ms)
2026/10/08 09:26:58 OK   00034_sp06_investigation_ledger.sql (28.4ms)
2026/10/08 09:26:58 OK   00035_sp06_admission_data_classes.sql (9.63ms)
2026/10/08 09:26:58 goose: successfully migrated database to version: 35
2026/10/08 09:26:58 OK   00001_roles_and_schemas.sql (21.05ms)
2026/10/08 09:26:58 goose: successfully migrated database to version: 1
2026/10/08 09:26:58 OK   00002_platform_meta.sql (15.68ms)
2026/10/08 09:26:58 OK   00003_finding.sql (7.01ms)
2026/10/08 09:26:58 OK   00004_incident.sql (5.81ms)
2026/10/08 09:26:58 OK   00005_investigation.sql (10.73ms)
2026/10/08 09:26:58 OK   00006_action_command.sql (10.58ms)
2026/10/08 09:26:58 OK   00007_audit.sql (12.71ms)
2026/10/08 09:26:59 OK   00008_rls.sql (15.33ms)
2026/10/08 09:26:59 OK   00009_idempotency_ledger.sql (20.76ms)
2026/10/08 09:26:59 OK   00010_tenant_provisioning.sql (3.99ms)
2026/10/08 09:26:59 OK   00011_source_registration_history.sql (6.19ms)
2026/10/08 09:26:59 OK   00012_config_registry_lifecycle.sql (27.72ms)
2026/10/08 09:26:59 OK   00013_audit_signed_segments.sql (11.34ms)
2026/10/08 09:26:59 OK   00014_audit_segment_predecessors.sql (8.57ms)
2026/10/08 09:26:59 OK   00015_source_schema_scope.sql (6.11ms)
2026/10/08 09:26:59 OK   00016_cluster_registration_metadata.sql (10.36ms)
2026/10/08 09:26:59 OK   00017_source_data_scope.sql (6.52ms)
2026/10/08 09:26:59 OK   00018_sp04_resources_evidence.sql (33.81ms)
2026/10/08 09:26:59 OK   00019_sp04_archive_ciphertext_bytes.sql (3.8ms)
2026/10/08 09:26:59 OK   00020_sp04_request_ledger.sql (4.74ms)
2026/10/08 09:26:59 OK   00021_sp04_archive_protection.sql (5.75ms)
2026/10/08 09:26:59 OK   00022_sp04_legal_hold_dependencies.sql (3.77ms)
2026/10/08 09:26:59 OK   00023_sp04_archive_query_intent.sql (5.16ms)
2026/10/08 09:26:59 OK   00024_sp05_finding_incident.sql (34ms)
2026/10/08 09:26:59 OK   00025_sp05_incident_event_time.sql (7.94ms)
2026/10/08 09:26:59 OK   00026_sp05_source_binding_lock.sql (5.75ms)
2026/10/08 09:26:59 OK   00027_sp05_rca_and_poll.sql (15.69ms)
2026/10/08 09:26:59 OK   00028_sp05_operator_lock.sql (3.88ms)
2026/10/08 09:26:59 OK   00029_sp05_evidence_links.sql (8.28ms)
2026/10/08 09:26:59 OK   00030_sp05_recipe_fence.sql (5.88ms)
2026/10/08 09:26:59 OK   00031_sp05_rca_postcheck.sql (7.15ms)
2026/10/08 09:26:59 OK   00032_sp05_transport_audit.sql (6.46ms)
2026/10/08 09:26:59 OK   00033_sp05_poll_resolution_clock.sql (5.66ms)
2026/10/08 09:26:59 OK   00034_sp06_investigation_ledger.sql (40.53ms)
2026/10/08 09:26:59 OK   00035_sp06_admission_data_classes.sql (3.82ms)
2026/10/08 09:26:59 goose: successfully migrated database to version: 35
2026/10/08 09:27:01 OK   00001_roles_and_schemas.sql (29.58ms)
2026/10/08 09:27:01 goose: successfully migrated database to version: 1
2026/10/08 09:27:01 OK   00002_platform_meta.sql (39.9ms)
2026/10/08 09:27:01 OK   00003_finding.sql (7.99ms)
2026/10/08 09:27:01 OK   00004_incident.sql (12.58ms)
2026/10/08 09:27:01 OK   00005_investigation.sql (6.94ms)
2026/10/08 09:27:01 OK   00006_action_command.sql (6.42ms)
2026/10/08 09:27:01 OK   00007_audit.sql (9.92ms)
2026/10/08 09:27:01 OK   00008_rls.sql (9.55ms)
2026/10/08 09:27:01 OK   00009_idempotency_ledger.sql (7.39ms)
2026/10/08 09:27:01 OK   00010_tenant_provisioning.sql (4.15ms)
2026/10/08 09:27:01 OK   00011_source_registration_history.sql (11.11ms)
2026/10/08 09:27:01 OK   00012_config_registry_lifecycle.sql (10.29ms)
2026/10/08 09:27:01 OK   00013_audit_signed_segments.sql (18.5ms)
2026/10/08 09:27:01 OK   00014_audit_segment_predecessors.sql (7.56ms)
2026/10/08 09:27:01 OK   00015_source_schema_scope.sql (4.87ms)
2026/10/08 09:27:01 OK   00016_cluster_registration_metadata.sql (11.49ms)
2026/10/08 09:27:01 OK   00017_source_data_scope.sql (4.71ms)
2026/10/08 09:27:01 OK   00018_sp04_resources_evidence.sql (15.23ms)
2026/10/08 09:27:01 OK   00019_sp04_archive_ciphertext_bytes.sql (3.88ms)
2026/10/08 09:27:01 OK   00020_sp04_request_ledger.sql (8.34ms)
2026/10/08 09:27:01 OK   00021_sp04_archive_protection.sql (9.92ms)
2026/10/08 09:27:01 OK   00022_sp04_legal_hold_dependencies.sql (10.1ms)
2026/10/08 09:27:01 OK   00023_sp04_archive_query_intent.sql (4.75ms)
2026/10/08 09:27:01 OK   00024_sp05_finding_incident.sql (33.59ms)
2026/10/08 09:27:01 OK   00025_sp05_incident_event_time.sql (7.16ms)
2026/10/08 09:27:01 OK   00026_sp05_source_binding_lock.sql (4.11ms)
2026/10/08 09:27:01 OK   00027_sp05_rca_and_poll.sql (15.11ms)
2026/10/08 09:27:01 OK   00028_sp05_operator_lock.sql (5.26ms)
2026/10/08 09:27:01 OK   00029_sp05_evidence_links.sql (12.85ms)
2026/10/08 09:27:01 OK   00030_sp05_recipe_fence.sql (3.88ms)
2026/10/08 09:27:01 OK   00031_sp05_rca_postcheck.sql (3.36ms)
2026/10/08 09:27:01 OK   00032_sp05_transport_audit.sql (4.66ms)
2026/10/08 09:27:01 OK   00033_sp05_poll_resolution_clock.sql (8.8ms)
2026/10/08 09:27:01 OK   00034_sp06_investigation_ledger.sql (35.02ms)
2026/10/08 09:27:01 OK   00035_sp06_admission_data_classes.sql (3.84ms)
2026/10/08 09:27:01 goose: successfully migrated database to version: 35
2026/10/08 09:27:03 OK   00001_roles_and_schemas.sql (28.39ms)
2026/10/08 09:27:03 goose: successfully migrated database to version: 1
2026/10/08 09:27:03 OK   00002_platform_meta.sql (54.57ms)
2026/10/08 09:27:03 OK   00003_finding.sql (33.43ms)
2026/10/08 09:27:03 OK   00004_incident.sql (10.28ms)
2026/10/08 09:27:03 OK   00005_investigation.sql (17.55ms)
2026/10/08 09:27:03 OK   00006_action_command.sql (12.55ms)
2026/10/08 09:27:03 OK   00007_audit.sql (18.55ms)
2026/10/08 09:27:03 OK   00008_rls.sql (20.24ms)
2026/10/08 09:27:03 OK   00009_idempotency_ledger.sql (17.1ms)
2026/10/08 09:27:03 OK   00010_tenant_provisioning.sql (7.29ms)
2026/10/08 09:27:03 OK   00011_source_registration_history.sql (7.4ms)
2026/10/08 09:27:03 OK   00012_config_registry_lifecycle.sql (18.01ms)
2026/10/08 09:27:03 OK   00013_audit_signed_segments.sql (30.6ms)
2026/10/08 09:27:03 OK   00014_audit_segment_predecessors.sql (8.31ms)
2026/10/08 09:27:03 OK   00015_source_schema_scope.sql (7.83ms)
2026/10/08 09:27:03 OK   00016_cluster_registration_metadata.sql (9.15ms)
2026/10/08 09:27:03 OK   00017_source_data_scope.sql (12.69ms)
2026/10/08 09:27:03 OK   00018_sp04_resources_evidence.sql (33.4ms)
2026/10/08 09:27:03 OK   00019_sp04_archive_ciphertext_bytes.sql (9.75ms)
2026/10/08 09:27:03 OK   00020_sp04_request_ledger.sql (12.31ms)
2026/10/08 09:27:03 OK   00021_sp04_archive_protection.sql (11.92ms)
2026/10/08 09:27:03 OK   00022_sp04_legal_hold_dependencies.sql (8.8ms)
2026/10/08 09:27:03 OK   00023_sp04_archive_query_intent.sql (4.07ms)
2026/10/08 09:27:03 OK   00024_sp05_finding_incident.sql (48.25ms)
2026/10/08 09:27:03 OK   00025_sp05_incident_event_time.sql (14.9ms)
2026/10/08 09:27:03 OK   00026_sp05_source_binding_lock.sql (9.02ms)
2026/10/08 09:27:03 OK   00027_sp05_rca_and_poll.sql (10ms)
2026/10/08 09:27:03 OK   00028_sp05_operator_lock.sql (3.76ms)
2026/10/08 09:27:03 OK   00029_sp05_evidence_links.sql (11.92ms)
2026/10/08 09:27:03 OK   00030_sp05_recipe_fence.sql (4.78ms)
2026/10/08 09:27:03 OK   00031_sp05_rca_postcheck.sql (4.75ms)
2026/10/08 09:27:03 OK   00032_sp05_transport_audit.sql (3.76ms)
2026/10/08 09:27:03 OK   00033_sp05_poll_resolution_clock.sql (5.39ms)
2026/10/08 09:27:03 OK   00034_sp06_investigation_ledger.sql (33.65ms)
2026/10/08 09:27:03 OK   00035_sp06_admission_data_classes.sql (3.6ms)
2026/10/08 09:27:03 goose: successfully migrated database to version: 35
2026/10/08 09:27:06 OK   00001_roles_and_schemas.sql (18.15ms)
2026/10/08 09:27:06 goose: successfully migrated database to version: 1
2026/10/08 09:27:06 OK   00002_platform_meta.sql (53.17ms)
2026/10/08 09:27:06 OK   00003_finding.sql (51.26ms)
2026/10/08 09:27:06 OK   00004_incident.sql (6.92ms)
2026/10/08 09:27:06 OK   00005_investigation.sql (8.31ms)
2026/10/08 09:27:06 OK   00006_action_command.sql (17.38ms)
2026/10/08 09:27:06 OK   00007_audit.sql (15.33ms)
2026/10/08 09:27:06 OK   00008_rls.sql (14.47ms)
2026/10/08 09:27:06 OK   00009_idempotency_ledger.sql (17.99ms)
2026/10/08 09:27:06 OK   00010_tenant_provisioning.sql (6.77ms)
2026/10/08 09:27:06 OK   00011_source_registration_history.sql (6.39ms)
2026/10/08 09:27:06 OK   00012_config_registry_lifecycle.sql (19.23ms)
2026/10/08 09:27:06 OK   00013_audit_signed_segments.sql (29.15ms)
2026/10/08 09:27:06 OK   00014_audit_segment_predecessors.sql (13.92ms)
2026/10/08 09:27:06 OK   00015_source_schema_scope.sql (8.21ms)
2026/10/08 09:27:06 OK   00016_cluster_registration_metadata.sql (7.56ms)
2026/10/08 09:27:06 OK   00017_source_data_scope.sql (3.94ms)
2026/10/08 09:27:06 OK   00018_sp04_resources_evidence.sql (35.02ms)
2026/10/08 09:27:06 OK   00019_sp04_archive_ciphertext_bytes.sql (3.63ms)
2026/10/08 09:27:06 OK   00020_sp04_request_ledger.sql (9.31ms)
2026/10/08 09:27:06 OK   00021_sp04_archive_protection.sql (16.17ms)
2026/10/08 09:27:06 OK   00022_sp04_legal_hold_dependencies.sql (5.52ms)
2026/10/08 09:27:06 OK   00023_sp04_archive_query_intent.sql (4.2ms)
2026/10/08 09:27:06 OK   00024_sp05_finding_incident.sql (21.22ms)
2026/10/08 09:27:06 OK   00025_sp05_incident_event_time.sql (8.08ms)
2026/10/08 09:27:06 OK   00026_sp05_source_binding_lock.sql (4.68ms)
2026/10/08 09:27:06 OK   00027_sp05_rca_and_poll.sql (9.57ms)
2026/10/08 09:27:06 OK   00028_sp05_operator_lock.sql (3.53ms)
2026/10/08 09:27:06 OK   00029_sp05_evidence_links.sql (5.97ms)
2026/10/08 09:27:06 OK   00030_sp05_recipe_fence.sql (4.85ms)
2026/10/08 09:27:06 OK   00031_sp05_rca_postcheck.sql (4.37ms)
2026/10/08 09:27:06 OK   00032_sp05_transport_audit.sql (5.11ms)
2026/10/08 09:27:06 OK   00033_sp05_poll_resolution_clock.sql (8.79ms)
2026/10/08 09:27:06 OK   00034_sp06_investigation_ledger.sql (18.58ms)
2026/10/08 09:27:06 OK   00035_sp06_admission_data_classes.sql (11.03ms)
2026/10/08 09:27:06 goose: successfully migrated database to version: 35
2026/10/08 09:27:24 OK   00001_roles_and_schemas.sql (32.78ms)
2026/10/08 09:27:24 goose: successfully migrated database to version: 1
2026/10/08 09:27:24 OK   00002_platform_meta.sql (41.62ms)
2026/10/08 09:27:24 OK   00003_finding.sql (13.46ms)
2026/10/08 09:27:24 OK   00004_incident.sql (12.01ms)
2026/10/08 09:27:24 OK   00005_investigation.sql (62.16ms)
2026/10/08 09:27:24 OK   00006_action_command.sql (17.52ms)
2026/10/08 09:27:24 OK   00007_audit.sql (20.58ms)
2026/10/08 09:27:24 OK   00008_rls.sql (13.29ms)
2026/10/08 09:27:24 OK   00009_idempotency_ledger.sql (9.27ms)
2026/10/08 09:27:24 OK   00010_tenant_provisioning.sql (6.5ms)
2026/10/08 09:27:24 OK   00011_source_registration_history.sql (8.69ms)
2026/10/08 09:27:24 OK   00012_config_registry_lifecycle.sql (18.04ms)
2026/10/08 09:27:24 OK   00013_audit_signed_segments.sql (23.86ms)
2026/10/08 09:27:24 OK   00014_audit_segment_predecessors.sql (9.32ms)
2026/10/08 09:27:24 OK   00015_source_schema_scope.sql (4.61ms)
2026/10/08 09:27:24 OK   00016_cluster_registration_metadata.sql (11.73ms)
2026/10/08 09:27:24 OK   00017_source_data_scope.sql (6.55ms)
2026/10/08 09:27:24 OK   00018_sp04_resources_evidence.sql (22.92ms)
2026/10/08 09:27:24 OK   00019_sp04_archive_ciphertext_bytes.sql (5.27ms)
2026/10/08 09:27:24 OK   00020_sp04_request_ledger.sql (5.18ms)
2026/10/08 09:27:24 OK   00021_sp04_archive_protection.sql (3.64ms)
2026/10/08 09:27:24 OK   00022_sp04_legal_hold_dependencies.sql (4.32ms)
2026/10/08 09:27:24 OK   00023_sp04_archive_query_intent.sql (5.25ms)
2026/10/08 09:27:24 OK   00024_sp05_finding_incident.sql (41.39ms)
2026/10/08 09:27:24 OK   00025_sp05_incident_event_time.sql (4.43ms)
2026/10/08 09:27:24 OK   00026_sp05_source_binding_lock.sql (8.7ms)
2026/10/08 09:27:24 OK   00027_sp05_rca_and_poll.sql (14.68ms)
2026/10/08 09:27:24 OK   00028_sp05_operator_lock.sql (5.93ms)
2026/10/08 09:27:24 OK   00029_sp05_evidence_links.sql (12.6ms)
2026/10/08 09:27:24 OK   00030_sp05_recipe_fence.sql (4.34ms)
2026/10/08 09:27:24 OK   00031_sp05_rca_postcheck.sql (3.64ms)
2026/10/08 09:27:24 OK   00032_sp05_transport_audit.sql (5.93ms)
2026/10/08 09:27:24 OK   00033_sp05_poll_resolution_clock.sql (6.83ms)
2026/10/08 09:27:24 OK   00034_sp06_investigation_ledger.sql (48.45ms)
2026/10/08 09:27:24 OK   00035_sp06_admission_data_classes.sql (8.44ms)
2026/10/08 09:27:24 goose: successfully migrated database to version: 35
2026/10/08 09:27:26 OK   00001_roles_and_schemas.sql (49.4ms)
2026/10/08 09:27:26 goose: successfully migrated database to version: 1
2026/10/08 09:27:26 OK   00002_platform_meta.sql (17.42ms)
2026/10/08 09:27:26 OK   00003_finding.sql (7.58ms)
2026/10/08 09:27:26 OK   00004_incident.sql (11.14ms)
2026/10/08 09:27:26 OK   00005_investigation.sql (16.29ms)
2026/10/08 09:27:26 OK   00006_action_command.sql (17.58ms)
2026/10/08 09:27:26 OK   00007_audit.sql (10.56ms)
2026/10/08 09:27:26 OK   00008_rls.sql (28.22ms)
2026/10/08 09:27:26 OK   00009_idempotency_ledger.sql (8.34ms)
2026/10/08 09:27:26 OK   00010_tenant_provisioning.sql (4.18ms)
2026/10/08 09:27:26 OK   00011_source_registration_history.sql (20.31ms)
2026/10/08 09:27:26 OK   00012_config_registry_lifecycle.sql (19.31ms)
2026/10/08 09:27:26 OK   00013_audit_signed_segments.sql (24.37ms)
2026/10/08 09:27:26 OK   00014_audit_segment_predecessors.sql (12.9ms)
2026/10/08 09:27:26 OK   00015_source_schema_scope.sql (3.97ms)
2026/10/08 09:27:26 OK   00016_cluster_registration_metadata.sql (8.08ms)
2026/10/08 09:27:26 OK   00017_source_data_scope.sql (7.5ms)
2026/10/08 09:27:26 OK   00018_sp04_resources_evidence.sql (27.71ms)
2026/10/08 09:27:26 OK   00019_sp04_archive_ciphertext_bytes.sql (3.26ms)
2026/10/08 09:27:26 OK   00020_sp04_request_ledger.sql (7.59ms)
2026/10/08 09:27:26 OK   00021_sp04_archive_protection.sql (10.79ms)
2026/10/08 09:27:26 OK   00022_sp04_legal_hold_dependencies.sql (4.73ms)
2026/10/08 09:27:26 OK   00023_sp04_archive_query_intent.sql (5.7ms)
2026/10/08 09:27:26 OK   00024_sp05_finding_incident.sql (27.41ms)
2026/10/08 09:27:26 OK   00025_sp05_incident_event_time.sql (3.37ms)
2026/10/08 09:27:26 OK   00026_sp05_source_binding_lock.sql (7.25ms)
2026/10/08 09:27:26 OK   00027_sp05_rca_and_poll.sql (14.33ms)
2026/10/08 09:27:26 OK   00028_sp05_operator_lock.sql (4.91ms)
2026/10/08 09:27:26 OK   00029_sp05_evidence_links.sql (12.75ms)
2026/10/08 09:27:26 OK   00030_sp05_recipe_fence.sql (3.42ms)
2026/10/08 09:27:26 OK   00031_sp05_rca_postcheck.sql (5.98ms)
2026/10/08 09:27:26 OK   00032_sp05_transport_audit.sql (6.51ms)
2026/10/08 09:27:26 OK   00033_sp05_poll_resolution_clock.sql (4.2ms)
2026/10/08 09:27:26 OK   00034_sp06_investigation_ledger.sql (34.79ms)
2026/10/08 09:27:26 OK   00035_sp06_admission_data_classes.sql (3.99ms)
2026/10/08 09:27:26 goose: successfully migrated database to version: 35
2026/10/08 09:27:27 OK   00001_roles_and_schemas.sql (13.55ms)
2026/10/08 09:27:27 goose: successfully migrated database to version: 1
2026/10/08 09:27:27 OK   00002_platform_meta.sql (40.43ms)
2026/10/08 09:27:27 OK   00003_finding.sql (9.49ms)
2026/10/08 09:27:27 OK   00004_incident.sql (10.03ms)
2026/10/08 09:27:27 OK   00005_investigation.sql (9.12ms)
2026/10/08 09:27:27 OK   00006_action_command.sql (19.75ms)
2026/10/08 09:27:27 OK   00007_audit.sql (37.88ms)
2026/10/08 09:27:27 OK   00008_rls.sql (45.67ms)
2026/10/08 09:27:27 OK   00009_idempotency_ledger.sql (10.53ms)
2026/10/08 09:27:27 OK   00010_tenant_provisioning.sql (5.05ms)
2026/10/08 09:27:27 OK   00011_source_registration_history.sql (9.08ms)
2026/10/08 09:27:27 OK   00012_config_registry_lifecycle.sql (39.14ms)
2026/10/08 09:27:27 OK   00013_audit_signed_segments.sql (15.23ms)
2026/10/08 09:27:27 OK   00014_audit_segment_predecessors.sql (6.43ms)
2026/10/08 09:27:27 OK   00015_source_schema_scope.sql (4.2ms)
2026/10/08 09:27:27 OK   00016_cluster_registration_metadata.sql (12.78ms)
2026/10/08 09:27:27 OK   00017_source_data_scope.sql (9.54ms)
2026/10/08 09:27:27 OK   00018_sp04_resources_evidence.sql (24.15ms)
2026/10/08 09:27:27 OK   00019_sp04_archive_ciphertext_bytes.sql (8.27ms)
2026/10/08 09:27:27 OK   00020_sp04_request_ledger.sql (13.82ms)
2026/10/08 09:27:27 OK   00021_sp04_archive_protection.sql (3.01ms)
2026/10/08 09:27:27 OK   00022_sp04_legal_hold_dependencies.sql (2.91ms)
2026/10/08 09:27:27 OK   00023_sp04_archive_query_intent.sql (4.38ms)
2026/10/08 09:27:27 OK   00024_sp05_finding_incident.sql (42.48ms)
2026/10/08 09:27:27 OK   00025_sp05_incident_event_time.sql (3.25ms)
2026/10/08 09:27:27 OK   00026_sp05_source_binding_lock.sql (3.22ms)
2026/10/08 09:27:27 OK   00027_sp05_rca_and_poll.sql (8.26ms)
2026/10/08 09:27:27 OK   00028_sp05_operator_lock.sql (10.5ms)
2026/10/08 09:27:27 OK   00029_sp05_evidence_links.sql (9.63ms)
2026/10/08 09:27:27 OK   00030_sp05_recipe_fence.sql (5.32ms)
2026/10/08 09:27:27 OK   00031_sp05_rca_postcheck.sql (4.34ms)
2026/10/08 09:27:27 OK   00032_sp05_transport_audit.sql (8.85ms)
2026/10/08 09:27:27 OK   00033_sp05_poll_resolution_clock.sql (5.82ms)
2026/10/08 09:27:27 OK   00034_sp06_investigation_ledger.sql (47.41ms)
2026/10/08 09:27:27 OK   00035_sp06_admission_data_classes.sql (3.55ms)
2026/10/08 09:27:27 goose: successfully migrated database to version: 35
2026/10/08 09:27:48 OK   00001_roles_and_schemas.sql (38.17ms)
2026/10/08 09:27:48 goose: successfully migrated database to version: 1
2026/10/08 09:27:48 OK   00002_platform_meta.sql (63.36ms)
2026/10/08 09:27:48 OK   00003_finding.sql (26.8ms)
2026/10/08 09:27:48 OK   00004_incident.sql (31.42ms)
2026/10/08 09:27:48 OK   00005_investigation.sql (12.47ms)
2026/10/08 09:27:48 OK   00006_action_command.sql (9.63ms)
2026/10/08 09:27:48 OK   00007_audit.sql (42.71ms)
2026/10/08 09:27:48 OK   00008_rls.sql (19.12ms)
2026/10/08 09:27:48 OK   00009_idempotency_ledger.sql (31.74ms)
2026/10/08 09:27:48 OK   00010_tenant_provisioning.sql (15.14ms)
2026/10/08 09:27:48 OK   00011_source_registration_history.sql (7.7ms)
2026/10/08 09:27:49 OK   00012_config_registry_lifecycle.sql (30.45ms)
2026/10/08 09:27:49 OK   00013_audit_signed_segments.sql (27.19ms)
2026/10/08 09:27:49 OK   00014_audit_segment_predecessors.sql (5.49ms)
2026/10/08 09:27:49 OK   00015_source_schema_scope.sql (2.92ms)
2026/10/08 09:27:49 OK   00016_cluster_registration_metadata.sql (4.67ms)
2026/10/08 09:27:49 OK   00017_source_data_scope.sql (3.67ms)
2026/10/08 09:27:49 OK   00018_sp04_resources_evidence.sql (43.66ms)
2026/10/08 09:27:49 OK   00019_sp04_archive_ciphertext_bytes.sql (10.85ms)
2026/10/08 09:27:49 OK   00020_sp04_request_ledger.sql (5.53ms)
2026/10/08 09:27:49 OK   00021_sp04_archive_protection.sql (2.87ms)
2026/10/08 09:27:49 OK   00022_sp04_legal_hold_dependencies.sql (14.27ms)
2026/10/08 09:27:49 OK   00023_sp04_archive_query_intent.sql (10.58ms)
2026/10/08 09:27:49 OK   00024_sp05_finding_incident.sql (52.73ms)
2026/10/08 09:27:49 OK   00025_sp05_incident_event_time.sql (14.55ms)
2026/10/08 09:27:49 OK   00026_sp05_source_binding_lock.sql (16.19ms)
2026/10/08 09:27:49 OK   00027_sp05_rca_and_poll.sql (15.3ms)
2026/10/08 09:27:49 OK   00028_sp05_operator_lock.sql (5.45ms)
2026/10/08 09:27:49 OK   00029_sp05_evidence_links.sql (41.43ms)
2026/10/08 09:27:49 OK   00030_sp05_recipe_fence.sql (9.76ms)
2026/10/08 09:27:49 OK   00031_sp05_rca_postcheck.sql (4.82ms)
2026/10/08 09:27:49 OK   00032_sp05_transport_audit.sql (4.65ms)
2026/10/08 09:27:49 OK   00033_sp05_poll_resolution_clock.sql (4.51ms)
2026/10/08 09:27:49 OK   00034_sp06_investigation_ledger.sql (79.98ms)
2026/10/08 09:27:49 OK   00035_sp06_admission_data_classes.sql (11.82ms)
2026/10/08 09:27:49 goose: successfully migrated database to version: 35
2026/10/08 09:27:50 OK   00001_roles_and_schemas.sql (63.39ms)
2026/10/08 09:27:50 goose: successfully migrated database to version: 1
2026/10/08 09:27:50 OK   00002_platform_meta.sql (47.6ms)
2026/10/08 09:27:50 OK   00003_finding.sql (18.76ms)
2026/10/08 09:27:50 OK   00004_incident.sql (24.85ms)
2026/10/08 09:27:50 OK   00005_investigation.sql (25.68ms)
2026/10/08 09:27:50 OK   00006_action_command.sql (15.14ms)
2026/10/08 09:27:50 OK   00007_audit.sql (62.48ms)
2026/10/08 09:27:50 OK   00008_rls.sql (41.63ms)
2026/10/08 09:27:50 OK   00009_idempotency_ledger.sql (40.91ms)
2026/10/08 09:27:50 OK   00010_tenant_provisioning.sql (13.8ms)
2026/10/08 09:27:50 OK   00011_source_registration_history.sql (13.79ms)
2026/10/08 09:27:50 OK   00012_config_registry_lifecycle.sql (44.07ms)
2026/10/08 09:27:50 OK   00013_audit_signed_segments.sql (44.38ms)
2026/10/08 09:27:50 OK   00014_audit_segment_predecessors.sql (14.67ms)
2026/10/08 09:27:50 OK   00015_source_schema_scope.sql (5.35ms)
2026/10/08 09:27:50 OK   00016_cluster_registration_metadata.sql (11.94ms)
2026/10/08 09:27:51 OK   00017_source_data_scope.sql (16.44ms)
2026/10/08 09:27:51 OK   00018_sp04_resources_evidence.sql (45.42ms)
2026/10/08 09:27:51 OK   00019_sp04_archive_ciphertext_bytes.sql (21.77ms)
2026/10/08 09:27:51 OK   00020_sp04_request_ledger.sql (4.66ms)
2026/10/08 09:27:51 OK   00021_sp04_archive_protection.sql (4.1ms)
2026/10/08 09:27:51 OK   00022_sp04_legal_hold_dependencies.sql (4.09ms)
2026/10/08 09:27:51 OK   00023_sp04_archive_query_intent.sql (4.13ms)
2026/10/08 09:27:51 OK   00024_sp05_finding_incident.sql (84.58ms)
2026/10/08 09:27:51 OK   00025_sp05_incident_event_time.sql (6.05ms)
2026/10/08 09:27:51 OK   00026_sp05_source_binding_lock.sql (8.2ms)
2026/10/08 09:27:51 OK   00027_sp05_rca_and_poll.sql (23.13ms)
2026/10/08 09:27:51 OK   00028_sp05_operator_lock.sql (10.68ms)
2026/10/08 09:27:51 OK   00029_sp05_evidence_links.sql (17.46ms)
2026/10/08 09:27:51 OK   00030_sp05_recipe_fence.sql (21.86ms)
2026/10/08 09:27:51 OK   00031_sp05_rca_postcheck.sql (14.91ms)
2026/10/08 09:27:51 OK   00032_sp05_transport_audit.sql (6.4ms)
2026/10/08 09:27:51 OK   00033_sp05_poll_resolution_clock.sql (3.44ms)
2026/10/08 09:27:51 OK   00034_sp06_investigation_ledger.sql (53.74ms)
2026/10/08 09:27:51 OK   00035_sp06_admission_data_classes.sql (4.47ms)
2026/10/08 09:27:51 goose: successfully migrated database to version: 35
2026/10/08 09:27:51 OK   00001_roles_and_schemas.sql (10.81ms)
2026/10/08 09:27:51 goose: successfully migrated database to version: 1
2026/10/08 09:27:51 OK   00002_platform_meta.sql (22.89ms)
2026/10/08 09:27:51 OK   00003_finding.sql (26.74ms)
2026/10/08 09:27:51 OK   00004_incident.sql (11.36ms)
2026/10/08 09:27:51 OK   00005_investigation.sql (7.56ms)
2026/10/08 09:27:51 OK   00006_action_command.sql (10.04ms)
2026/10/08 09:27:51 OK   00007_audit.sql (9.85ms)
2026/10/08 09:27:51 OK   00008_rls.sql (17.43ms)
2026/10/08 09:27:51 OK   00009_idempotency_ledger.sql (12.92ms)
2026/10/08 09:27:52 OK   00010_tenant_provisioning.sql (26.59ms)
2026/10/08 09:27:52 OK   00011_source_registration_history.sql (9.73ms)
2026/10/08 09:27:52 OK   00012_config_registry_lifecycle.sql (22.8ms)
2026/10/08 09:27:52 OK   00013_audit_signed_segments.sql (42.77ms)
2026/10/08 09:27:52 OK   00014_audit_segment_predecessors.sql (13.83ms)
2026/10/08 09:27:52 OK   00015_source_schema_scope.sql (12.52ms)
2026/10/08 09:27:52 OK   00016_cluster_registration_metadata.sql (35.9ms)
2026/10/08 09:27:52 OK   00017_source_data_scope.sql (12.68ms)
2026/10/08 09:27:52 OK   00018_sp04_resources_evidence.sql (39.58ms)
2026/10/08 09:27:52 OK   00019_sp04_archive_ciphertext_bytes.sql (13.95ms)
2026/10/08 09:27:52 OK   00020_sp04_request_ledger.sql (5.88ms)
2026/10/08 09:27:52 OK   00021_sp04_archive_protection.sql (4.93ms)
2026/10/08 09:27:52 OK   00022_sp04_legal_hold_dependencies.sql (5.4ms)
2026/10/08 09:27:52 OK   00023_sp04_archive_query_intent.sql (7.41ms)
2026/10/08 09:27:52 OK   00024_sp05_finding_incident.sql (36.37ms)
2026/10/08 09:27:52 OK   00025_sp05_incident_event_time.sql (21.14ms)
2026/10/08 09:27:52 OK   00026_sp05_source_binding_lock.sql (21.34ms)
2026/10/08 09:27:52 OK   00027_sp05_rca_and_poll.sql (28.38ms)
2026/10/08 09:27:52 OK   00028_sp05_operator_lock.sql (12.7ms)
2026/10/08 09:27:52 OK   00029_sp05_evidence_links.sql (8.65ms)
2026/10/08 09:27:52 OK   00030_sp05_recipe_fence.sql (27.84ms)
2026/10/08 09:27:52 OK   00031_sp05_rca_postcheck.sql (11.45ms)
2026/10/08 09:27:52 OK   00032_sp05_transport_audit.sql (10.09ms)
2026/10/08 09:27:52 OK   00033_sp05_poll_resolution_clock.sql (7.46ms)
2026/10/08 09:27:52 OK   00034_sp06_investigation_ledger.sql (54.92ms)
2026/10/08 09:27:52 OK   00035_sp06_admission_data_classes.sql (5.61ms)
2026/10/08 09:27:52 goose: successfully migrated database to version: 35
2026/10/08 09:28:09 OK   00001_roles_and_schemas.sql (26.77ms)
2026/10/08 09:28:09 goose: successfully migrated database to version: 1
2026/10/08 09:28:09 OK   00002_platform_meta.sql (35.37ms)
2026/10/08 09:28:09 OK   00003_finding.sql (14.24ms)
2026/10/08 09:28:09 OK   00004_incident.sql (6.55ms)
2026/10/08 09:28:09 OK   00005_investigation.sql (13.6ms)
2026/10/08 09:28:09 OK   00006_action_command.sql (12.56ms)
2026/10/08 09:28:09 OK   00007_audit.sql (13.64ms)
2026/10/08 09:28:09 OK   00008_rls.sql (22.01ms)
2026/10/08 09:28:09 OK   00009_idempotency_ledger.sql (21.48ms)
2026/10/08 09:28:09 OK   00010_tenant_provisioning.sql (22.73ms)
2026/10/08 09:28:09 OK   00011_source_registration_history.sql (10.68ms)
2026/10/08 09:28:09 OK   00012_config_registry_lifecycle.sql (11ms)
2026/10/08 09:28:09 OK   00013_audit_signed_segments.sql (14.67ms)
2026/10/08 09:28:09 OK   00014_audit_segment_predecessors.sql (7.98ms)
2026/10/08 09:28:09 OK   00015_source_schema_scope.sql (7.74ms)
2026/10/08 09:28:09 OK   00016_cluster_registration_metadata.sql (4.79ms)
2026/10/08 09:28:09 OK   00017_source_data_scope.sql (9.81ms)
2026/10/08 09:28:09 OK   00018_sp04_resources_evidence.sql (30.45ms)
2026/10/08 09:28:09 OK   00019_sp04_archive_ciphertext_bytes.sql (2.31ms)
2026/10/08 09:28:09 OK   00020_sp04_request_ledger.sql (5.98ms)
2026/10/08 09:28:09 OK   00021_sp04_archive_protection.sql (5.64ms)
2026/10/08 09:28:09 OK   00022_sp04_legal_hold_dependencies.sql (4.76ms)
2026/10/08 09:28:09 OK   00023_sp04_archive_query_intent.sql (11.82ms)
2026/10/08 09:28:09 OK   00024_sp05_finding_incident.sql (19.4ms)
2026/10/08 09:28:09 OK   00025_sp05_incident_event_time.sql (3.03ms)
2026/10/08 09:28:09 OK   00026_sp05_source_binding_lock.sql (3.15ms)
2026/10/08 09:28:09 OK   00027_sp05_rca_and_poll.sql (13.88ms)
2026/10/08 09:28:09 OK   00028_sp05_operator_lock.sql (11.25ms)
2026/10/08 09:28:09 OK   00029_sp05_evidence_links.sql (12.53ms)
2026/10/08 09:28:09 OK   00030_sp05_recipe_fence.sql (3.76ms)
2026/10/08 09:28:09 OK   00031_sp05_rca_postcheck.sql (6.5ms)
2026/10/08 09:28:09 OK   00032_sp05_transport_audit.sql (6.41ms)
2026/10/08 09:28:09 OK   00033_sp05_poll_resolution_clock.sql (5.85ms)
2026/10/08 09:28:09 OK   00034_sp06_investigation_ledger.sql (21.08ms)
2026/10/08 09:28:09 OK   00035_sp06_admission_data_classes.sql (4.1ms)
2026/10/08 09:28:09 goose: successfully migrated database to version: 35
2026/10/08 09:29:02 ERROR investigator dispatch failed reason=INVESTIGATOR_UNAVAILABLE
--- FAIL: TestSP06RealHolmesModelMCPJobAndSSE (53.66s)
    sp06_real_chain_test.go:497: real chain state=failed errorCode=INVESTIGATOR_FAILURE
    sp06_real_chain_test.go:226: investigator diagnostic ERROR:root:LLM call failed on model=openai/llama3.1:8b-16k (streaming iteration 1): ModelCallError: MODEL_TIMEOUT
        Traceback (most recent call last):
          File "/Users/mssc/Documents/Code/ops/platform/services/investigator/.venv/lib/python3.12/site-packages/holmes/core/tool_calling_llm.py", line 1216, in call_stream
            full_response = self.llm.completion(
                            ^^^^^^^^^^^^^^^^^^^^
          File "/Users/mssc/Documents/Code/ops/platform/services/investigator/src/investigator/budget.py", line 69, in completion
            raise ModelCallError(kind) from None
        investigator.budget.ModelCallError: MODEL_TIMEOUT
        investigator-model-failure MODEL_TIMEOUT 
        investigator-failure ModelCallError /Users/mssc/Documents/Code/ops/platform/services/investigator/src/investigator/worker.py 76
        investigator-failure ModelCallError /Users/mssc/Documents/Code/ops/platform/services/investigator/src/investigator/holmes_adapter.py 79
        investigator-failure ModelCallError /Users/mssc/Documents/Code/ops/platform/services/investigator/.venv/lib/python3.12/site-packages/sentry_sdk/tracing_utils.py 1154
        investigator-failure ModelCallError /Users/mssc/Documents/Code/ops/platform/services/investigator/.venv/lib/python3.12/site-packages/holmes/core/tool_calling_llm.py 657
        investigator-failure ModelCallError /Users/mssc/Documents/Code/ops/platform/services/investigator/.venv/lib/python3.12/site-packages/holmes/core/tool_calling_llm.py 1216
        investigator-failure ModelCallError /Users/mssc/Documents/Code/ops/platform/services/investigator/src/investigator/budget.py 69
        
    migrations_test.go:436: retained owned integration database=sp03_mig_2f9358223f8c452f8d3e9c0bf1be08e4 test=TestSP06RealHolmesModelMCPJobAndSSE reason=audit.records; no automatic protected cleanup
2026/10/08 09:29:03 OK   00001_roles_and_schemas.sql (367.67ms)
2026/10/08 09:29:03 goose: successfully migrated database to version: 1
2026/10/08 09:29:03 OK   00002_platform_meta.sql (117.01ms)
2026/10/08 09:29:03 OK   00003_finding.sql (27.51ms)
2026/10/08 09:29:03 OK   00004_incident.sql (38.83ms)
2026/10/08 09:29:03 OK   00005_investigation.sql (71.11ms)
2026/10/08 09:29:03 OK   00006_action_command.sql (36.84ms)
2026/10/08 09:29:04 OK   00007_audit.sql (143.42ms)
2026/10/08 09:29:04 OK   00008_rls.sql (97.22ms)
2026/10/08 09:29:04 OK   00009_idempotency_ledger.sql (78.48ms)
2026/10/08 09:29:04 OK   00010_tenant_provisioning.sql (15.07ms)
2026/10/08 09:29:04 OK   00011_source_registration_history.sql (59.13ms)
2026/10/08 09:29:04 OK   00012_config_registry_lifecycle.sql (88.66ms)
2026/10/08 09:29:04 OK   00013_audit_signed_segments.sql (217.6ms)
2026/10/08 09:29:04 OK   00014_audit_segment_predecessors.sql (64.5ms)
2026/10/08 09:29:04 OK   00015_source_schema_scope.sql (60.42ms)
2026/10/08 09:29:04 OK   00016_cluster_registration_metadata.sql (40.39ms)
2026/10/08 09:29:04 OK   00017_source_data_scope.sql (26.62ms)
2026/10/08 09:29:04 OK   00018_sp04_resources_evidence.sql (93.37ms)
2026/10/08 09:29:04 OK   00019_sp04_archive_ciphertext_bytes.sql (6.99ms)
2026/10/08 09:29:05 OK   00020_sp04_request_ledger.sql (199.37ms)
2026/10/08 09:29:05 OK   00021_sp04_archive_protection.sql (32.13ms)
2026/10/08 09:29:05 OK   00022_sp04_legal_hold_dependencies.sql (21.41ms)
2026/10/08 09:29:05 OK   00023_sp04_archive_query_intent.sql (10.4ms)
2026/10/08 09:29:05 OK   00024_sp05_finding_incident.sql (68.44ms)
2026/10/08 09:29:05 OK   00025_sp05_incident_event_time.sql (10.51ms)
2026/10/08 09:29:05 OK   00026_sp05_source_binding_lock.sql (11.78ms)
2026/10/08 09:29:05 OK   00027_sp05_rca_and_poll.sql (19.08ms)
2026/10/08 09:29:05 OK   00028_sp05_operator_lock.sql (41.62ms)
2026/10/08 09:29:05 OK   00029_sp05_evidence_links.sql (30.62ms)
2026/10/08 09:29:05 OK   00030_sp05_recipe_fence.sql (15.83ms)
2026/10/08 09:29:05 OK   00031_sp05_rca_postcheck.sql (11.98ms)
2026/10/08 09:29:05 OK   00032_sp05_transport_audit.sql (41.97ms)
2026/10/08 09:29:05 OK   00033_sp05_poll_resolution_clock.sql (9.9ms)
2026/10/08 09:29:05 OK   00034_sp06_investigation_ledger.sql (92.09ms)
2026/10/08 09:29:05 OK   00035_sp06_admission_data_classes.sql (26.12ms)
2026/10/08 09:29:05 goose: successfully migrated database to version: 35
2026/10/08 09:29:07 OK   00001_roles_and_schemas.sql (67.95ms)
2026/10/08 09:29:07 goose: successfully migrated database to version: 1
2026/10/08 09:29:07 OK   00002_platform_meta.sql (52.04ms)
2026/10/08 09:29:07 OK   00003_finding.sql (21.03ms)
2026/10/08 09:29:07 OK   00004_incident.sql (36.18ms)
2026/10/08 09:29:07 OK   00005_investigation.sql (28.5ms)
2026/10/08 09:29:07 OK   00006_action_command.sql (17.09ms)
2026/10/08 09:29:07 OK   00007_audit.sql (16.36ms)
2026/10/08 09:29:07 OK   00008_rls.sql (18.88ms)
2026/10/08 09:29:07 OK   00009_idempotency_ledger.sql (15.07ms)
2026/10/08 09:29:07 OK   00010_tenant_provisioning.sql (31.18ms)
2026/10/08 09:29:07 OK   00011_source_registration_history.sql (12.62ms)
2026/10/08 09:29:07 OK   00012_config_registry_lifecycle.sql (19.2ms)
2026/10/08 09:29:07 OK   00013_audit_signed_segments.sql (35ms)
2026/10/08 09:29:07 OK   00014_audit_segment_predecessors.sql (9.16ms)
2026/10/08 09:29:07 OK   00015_source_schema_scope.sql (9.18ms)
2026/10/08 09:29:07 OK   00016_cluster_registration_metadata.sql (17.49ms)
2026/10/08 09:29:07 OK   00017_source_data_scope.sql (10.55ms)
2026/10/08 09:29:07 OK   00018_sp04_resources_evidence.sql (28.73ms)
2026/10/08 09:29:07 OK   00019_sp04_archive_ciphertext_bytes.sql (10.79ms)
2026/10/08 09:29:07 OK   00020_sp04_request_ledger.sql (9.49ms)
2026/10/08 09:29:07 OK   00021_sp04_archive_protection.sql (13.49ms)
2026/10/08 09:29:07 OK   00022_sp04_legal_hold_dependencies.sql (8.18ms)
2026/10/08 09:29:07 OK   00023_sp04_archive_query_intent.sql (3.6ms)
2026/10/08 09:29:07 OK   00024_sp05_finding_incident.sql (50.93ms)
2026/10/08 09:29:07 OK   00025_sp05_incident_event_time.sql (3.65ms)
2026/10/08 09:29:07 OK   00026_sp05_source_binding_lock.sql (3.33ms)
2026/10/08 09:29:07 OK   00027_sp05_rca_and_poll.sql (11.45ms)
2026/10/08 09:29:07 OK   00028_sp05_operator_lock.sql (5.6ms)
2026/10/08 09:29:07 OK   00029_sp05_evidence_links.sql (11.53ms)
2026/10/08 09:29:07 OK   00030_sp05_recipe_fence.sql (11.54ms)
2026/10/08 09:29:07 OK   00031_sp05_rca_postcheck.sql (6.77ms)
2026/10/08 09:29:07 OK   00032_sp05_transport_audit.sql (10.94ms)
2026/10/08 09:29:07 OK   00033_sp05_poll_resolution_clock.sql (4.38ms)
2026/10/08 09:29:07 OK   00034_sp06_investigation_ledger.sql (53.77ms)
2026/10/08 09:29:07 OK   00035_sp06_admission_data_classes.sql (7.07ms)
2026/10/08 09:29:07 goose: successfully migrated database to version: 35
2026/10/08 09:29:08 OK   00001_roles_and_schemas.sql (25.03ms)
2026/10/08 09:29:08 goose: successfully migrated database to version: 1
2026/10/08 09:29:08 OK   00002_platform_meta.sql (61.51ms)
2026/10/08 09:29:08 OK   00003_finding.sql (19.36ms)
2026/10/08 09:29:08 OK   00004_incident.sql (19.96ms)
2026/10/08 09:29:08 OK   00005_investigation.sql (21.74ms)
2026/10/08 09:29:08 OK   00006_action_command.sql (18.52ms)
2026/10/08 09:29:08 OK   00007_audit.sql (17.05ms)
2026/10/08 09:29:08 OK   00008_rls.sql (14.27ms)
2026/10/08 09:29:08 OK   00009_idempotency_ledger.sql (10.44ms)
2026/10/08 09:29:08 OK   00010_tenant_provisioning.sql (35.59ms)
2026/10/08 09:29:08 OK   00011_source_registration_history.sql (9.19ms)
2026/10/08 09:29:08 OK   00012_config_registry_lifecycle.sql (22.78ms)
2026/10/08 09:29:09 OK   00013_audit_signed_segments.sql (30.96ms)
2026/10/08 09:29:09 OK   00014_audit_segment_predecessors.sql (41.21ms)
2026/10/08 09:29:09 OK   00015_source_schema_scope.sql (6.19ms)
2026/10/08 09:29:09 OK   00016_cluster_registration_metadata.sql (6.14ms)
2026/10/08 09:29:09 OK   00017_source_data_scope.sql (4.49ms)
2026/10/08 09:29:09 OK   00018_sp04_resources_evidence.sql (51.22ms)
2026/10/08 09:29:09 OK   00019_sp04_archive_ciphertext_bytes.sql (4.49ms)
2026/10/08 09:29:09 OK   00020_sp04_request_ledger.sql (8.49ms)
2026/10/08 09:29:09 OK   00021_sp04_archive_protection.sql (35.53ms)
2026/10/08 09:29:09 OK   00022_sp04_legal_hold_dependencies.sql (3.89ms)
2026/10/08 09:29:09 OK   00023_sp04_archive_query_intent.sql (6.92ms)
2026/10/08 09:29:09 OK   00024_sp05_finding_incident.sql (45.62ms)
2026/10/08 09:29:09 OK   00025_sp05_incident_event_time.sql (4.76ms)
2026/10/08 09:29:09 OK   00026_sp05_source_binding_lock.sql (4.23ms)
2026/10/08 09:29:09 OK   00027_sp05_rca_and_poll.sql (35.24ms)
2026/10/08 09:29:09 OK   00028_sp05_operator_lock.sql (4.77ms)
2026/10/08 09:29:09 OK   00029_sp05_evidence_links.sql (14.3ms)
2026/10/08 09:29:09 OK   00030_sp05_recipe_fence.sql (27.9ms)
2026/10/08 09:29:09 OK   00031_sp05_rca_postcheck.sql (4.98ms)
2026/10/08 09:29:09 OK   00032_sp05_transport_audit.sql (7.09ms)
2026/10/08 09:29:09 OK   00033_sp05_poll_resolution_clock.sql (7.38ms)
2026/10/08 09:29:09 OK   00034_sp06_investigation_ledger.sql (46.22ms)
2026/10/08 09:29:09 OK   00035_sp06_admission_data_classes.sql (6.99ms)
2026/10/08 09:29:09 goose: successfully migrated database to version: 35
2026/10/08 09:29:09 OK   00001_roles_and_schemas.sql (21.06ms)
2026/10/08 09:29:09 goose: successfully migrated database to version: 1
2026/10/08 09:29:10 OK   00002_platform_meta.sql (62.02ms)
2026/10/08 09:29:10 OK   00003_finding.sql (25.14ms)
2026/10/08 09:29:10 OK   00004_incident.sql (9.96ms)
2026/10/08 09:29:10 OK   00005_investigation.sql (8.31ms)
2026/10/08 09:29:10 OK   00006_action_command.sql (25.73ms)
2026/10/08 09:29:10 OK   00007_audit.sql (21.62ms)
2026/10/08 09:29:10 OK   00008_rls.sql (28.98ms)
2026/10/08 09:29:10 OK   00009_idempotency_ledger.sql (17.8ms)
2026/10/08 09:29:10 OK   00010_tenant_provisioning.sql (7.72ms)
2026/10/08 09:29:10 OK   00011_source_registration_history.sql (10.69ms)
2026/10/08 09:29:10 OK   00012_config_registry_lifecycle.sql (23.46ms)
2026/10/08 09:29:10 OK   00013_audit_signed_segments.sql (24.58ms)
2026/10/08 09:29:10 OK   00014_audit_segment_predecessors.sql (19.87ms)
2026/10/08 09:29:10 OK   00015_source_schema_scope.sql (10.57ms)
2026/10/08 09:29:10 OK   00016_cluster_registration_metadata.sql (12.52ms)
2026/10/08 09:29:10 OK   00017_source_data_scope.sql (18.5ms)
2026/10/08 09:29:10 OK   00018_sp04_resources_evidence.sql (55.38ms)
2026/10/08 09:29:10 OK   00019_sp04_archive_ciphertext_bytes.sql (22.71ms)
2026/10/08 09:29:10 OK   00020_sp04_request_ledger.sql (8.35ms)
2026/10/08 09:29:10 OK   00021_sp04_archive_protection.sql (11.01ms)
2026/10/08 09:29:10 OK   00022_sp04_legal_hold_dependencies.sql (13.77ms)
2026/10/08 09:29:10 OK   00023_sp04_archive_query_intent.sql (11.86ms)
2026/10/08 09:29:10 OK   00024_sp05_finding_incident.sql (44.91ms)
2026/10/08 09:29:10 OK   00025_sp05_incident_event_time.sql (17.98ms)
2026/10/08 09:29:10 OK   00026_sp05_source_binding_lock.sql (4.62ms)
2026/10/08 09:29:10 OK   00027_sp05_rca_and_poll.sql (20.28ms)
2026/10/08 09:29:10 OK   00028_sp05_operator_lock.sql (13.72ms)
2026/10/08 09:29:10 OK   00029_sp05_evidence_links.sql (14.63ms)
2026/10/08 09:29:10 OK   00030_sp05_recipe_fence.sql (3.87ms)
2026/10/08 09:29:10 OK   00031_sp05_rca_postcheck.sql (4.76ms)
2026/10/08 09:29:10 OK   00032_sp05_transport_audit.sql (18.41ms)
2026/10/08 09:29:10 OK   00033_sp05_poll_resolution_clock.sql (13.94ms)
2026/10/08 09:29:10 OK   00034_sp06_investigation_ledger.sql (53.39ms)
2026/10/08 09:29:10 OK   00035_sp06_admission_data_classes.sql (6.65ms)
2026/10/08 09:29:10 goose: successfully migrated database to version: 35
2026/10/08 09:29:29 OK   00001_roles_and_schemas.sql (47.47ms)
2026/10/08 09:29:29 goose: successfully migrated database to version: 1
2026/10/08 09:29:29 OK   00002_platform_meta.sql (54.06ms)
2026/10/08 09:29:29 OK   00003_finding.sql (32.29ms)
2026/10/08 09:29:29 OK   00004_incident.sql (60.87ms)
2026/10/08 09:29:29 OK   00005_investigation.sql (26.32ms)
2026/10/08 09:29:29 OK   00006_action_command.sql (35.31ms)
2026/10/08 09:29:29 OK   00007_audit.sql (50.23ms)
2026/10/08 09:29:29 OK   00008_rls.sql (19.92ms)
2026/10/08 09:29:29 OK   00009_idempotency_ledger.sql (54.46ms)
2026/10/08 09:29:29 OK   00010_tenant_provisioning.sql (10.02ms)
2026/10/08 09:29:29 OK   00011_source_registration_history.sql (21.02ms)
2026/10/08 09:29:29 OK   00012_config_registry_lifecycle.sql (28.38ms)
2026/10/08 09:29:29 OK   00013_audit_signed_segments.sql (44.84ms)
2026/10/08 09:29:29 OK   00014_audit_segment_predecessors.sql (6.85ms)
2026/10/08 09:29:29 OK   00015_source_schema_scope.sql (3.76ms)
2026/10/08 09:29:29 OK   00016_cluster_registration_metadata.sql (6.21ms)
2026/10/08 09:29:29 OK   00017_source_data_scope.sql (7.73ms)
2026/10/08 09:29:29 OK   00018_sp04_resources_evidence.sql (51.03ms)
2026/10/08 09:29:29 OK   00019_sp04_archive_ciphertext_bytes.sql (5.98ms)
2026/10/08 09:29:29 OK   00020_sp04_request_ledger.sql (12.3ms)
2026/10/08 09:29:29 OK   00021_sp04_archive_protection.sql (4.03ms)
2026/10/08 09:29:29 OK   00022_sp04_legal_hold_dependencies.sql (4.42ms)
2026/10/08 09:29:29 OK   00023_sp04_archive_query_intent.sql (6.84ms)
2026/10/08 09:29:29 OK   00024_sp05_finding_incident.sql (50.27ms)
2026/10/08 09:29:29 OK   00025_sp05_incident_event_time.sql (4.75ms)
2026/10/08 09:29:29 OK   00026_sp05_source_binding_lock.sql (6.33ms)
2026/10/08 09:29:29 OK   00027_sp05_rca_and_poll.sql (15.71ms)
2026/10/08 09:29:29 OK   00028_sp05_operator_lock.sql (7.19ms)
2026/10/08 09:29:29 OK   00029_sp05_evidence_links.sql (48.99ms)
2026/10/08 09:29:29 OK   00030_sp05_recipe_fence.sql (27.37ms)
2026/10/08 09:29:29 OK   00031_sp05_rca_postcheck.sql (11.35ms)
2026/10/08 09:29:29 OK   00032_sp05_transport_audit.sql (7.99ms)
2026/10/08 09:29:29 OK   00033_sp05_poll_resolution_clock.sql (15.55ms)
2026/10/08 09:29:30 OK   00034_sp06_investigation_ledger.sql (85.93ms)
2026/10/08 09:29:30 OK   00035_sp06_admission_data_classes.sql (48.31ms)
2026/10/08 09:29:30 goose: successfully migrated database to version: 35
2026/10/08 09:29:31 OK   00001_roles_and_schemas.sql (21.45ms)
2026/10/08 09:29:31 goose: successfully migrated database to version: 1
2026/10/08 09:29:31 OK   00002_platform_meta.sql (49.34ms)
2026/10/08 09:29:31 OK   00003_finding.sql (10.18ms)
2026/10/08 09:29:31 OK   00004_incident.sql (8.73ms)
2026/10/08 09:29:31 OK   00005_investigation.sql (19.18ms)
2026/10/08 09:29:31 OK   00006_action_command.sql (23.7ms)
2026/10/08 09:29:31 OK   00007_audit.sql (59.35ms)
2026/10/08 09:29:31 OK   00008_rls.sql (16.79ms)
2026/10/08 09:29:31 OK   00009_idempotency_ledger.sql (60.75ms)
2026/10/08 09:29:31 OK   00010_tenant_provisioning.sql (14.06ms)
2026/10/08 09:29:31 OK   00011_source_registration_history.sql (32.82ms)
2026/10/08 09:29:31 OK   00012_config_registry_lifecycle.sql (71.08ms)
2026/10/08 09:29:31 OK   00013_audit_signed_segments.sql (127.63ms)
2026/10/08 09:29:31 OK   00014_audit_segment_predecessors.sql (47.34ms)
2026/10/08 09:29:31 OK   00015_source_schema_scope.sql (11.37ms)
2026/10/08 09:29:31 OK   00016_cluster_registration_metadata.sql (13.95ms)
2026/10/08 09:29:31 OK   00017_source_data_scope.sql (8.02ms)
2026/10/08 09:29:31 OK   00018_sp04_resources_evidence.sql (95.46ms)
2026/10/08 09:29:31 OK   00019_sp04_archive_ciphertext_bytes.sql (6.78ms)
2026/10/08 09:29:31 OK   00020_sp04_request_ledger.sql (10.11ms)
2026/10/08 09:29:31 OK   00021_sp04_archive_protection.sql (6.13ms)
2026/10/08 09:29:31 OK   00022_sp04_legal_hold_dependencies.sql (5.72ms)
2026/10/08 09:29:32 OK   00023_sp04_archive_query_intent.sql (11.25ms)
2026/10/08 09:29:32 OK   00024_sp05_finding_incident.sql (43.02ms)
2026/10/08 09:29:32 OK   00025_sp05_incident_event_time.sql (9.97ms)
2026/10/08 09:29:32 OK   00026_sp05_source_binding_lock.sql (24.19ms)
2026/10/08 09:29:32 OK   00027_sp05_rca_and_poll.sql (49.59ms)
2026/10/08 09:29:32 OK   00028_sp05_operator_lock.sql (26.76ms)
2026/10/08 09:29:32 OK   00029_sp05_evidence_links.sql (12.61ms)
2026/10/08 09:29:32 OK   00030_sp05_recipe_fence.sql (7.76ms)
2026/10/08 09:29:32 OK   00031_sp05_rca_postcheck.sql (5.97ms)
2026/10/08 09:29:32 OK   00032_sp05_transport_audit.sql (13.06ms)
2026/10/08 09:29:32 OK   00033_sp05_poll_resolution_clock.sql (33.51ms)
2026/10/08 09:29:32 OK   00034_sp06_investigation_ledger.sql (30.94ms)
2026/10/08 09:29:32 OK   00035_sp06_admission_data_classes.sql (5.84ms)
2026/10/08 09:29:32 goose: successfully migrated database to version: 35
2026/10/08 09:29:33 OK   00001_roles_and_schemas.sql (25.45ms)
2026/10/08 09:29:33 goose: successfully migrated database to version: 1
2026/10/08 09:29:33 OK   00002_platform_meta.sql (83.66ms)
2026/10/08 09:29:33 OK   00003_finding.sql (12.67ms)
2026/10/08 09:29:33 OK   00004_incident.sql (7.48ms)
2026/10/08 09:29:33 OK   00005_investigation.sql (13.15ms)
2026/10/08 09:29:33 OK   00006_action_command.sql (42.72ms)
2026/10/08 09:29:33 OK   00007_audit.sql (298.43ms)
2026/10/08 09:29:33 OK   00008_rls.sql (20.69ms)
2026/10/08 09:29:33 OK   00009_idempotency_ledger.sql (33.2ms)
2026/10/08 09:29:33 OK   00010_tenant_provisioning.sql (10.03ms)
2026/10/08 09:29:33 OK   00011_source_registration_history.sql (15.45ms)
2026/10/08 09:29:33 OK   00012_config_registry_lifecycle.sql (40.98ms)
2026/10/08 09:29:33 OK   00013_audit_signed_segments.sql (46.23ms)
2026/10/08 09:29:33 OK   00014_audit_segment_predecessors.sql (14.97ms)
2026/10/08 09:29:33 OK   00015_source_schema_scope.sql (5.93ms)
2026/10/08 09:29:33 OK   00016_cluster_registration_metadata.sql (14.08ms)
2026/10/08 09:29:33 OK   00017_source_data_scope.sql (21.73ms)
2026/10/08 09:29:33 OK   00018_sp04_resources_evidence.sql (26.15ms)
2026/10/08 09:29:33 OK   00019_sp04_archive_ciphertext_bytes.sql (6.52ms)
2026/10/08 09:29:33 OK   00020_sp04_request_ledger.sql (15.19ms)
2026/10/08 09:29:33 OK   00021_sp04_archive_protection.sql (7.91ms)
2026/10/08 09:29:33 OK   00022_sp04_legal_hold_dependencies.sql (5.01ms)
2026/10/08 09:29:33 OK   00023_sp04_archive_query_intent.sql (7.61ms)
2026/10/08 09:29:33 OK   00024_sp05_finding_incident.sql (40.58ms)
2026/10/08 09:29:34 OK   00025_sp05_incident_event_time.sql (291.07ms)
2026/10/08 09:29:34 OK   00026_sp05_source_binding_lock.sql (24.32ms)
2026/10/08 09:29:34 OK   00027_sp05_rca_and_poll.sql (76.45ms)
2026/10/08 09:29:34 OK   00028_sp05_operator_lock.sql (18.03ms)
2026/10/08 09:29:34 OK   00029_sp05_evidence_links.sql (103.3ms)
2026/10/08 09:29:34 OK   00030_sp05_recipe_fence.sql (18.84ms)
2026/10/08 09:29:34 OK   00031_sp05_rca_postcheck.sql (36.21ms)
2026/10/08 09:29:34 OK   00032_sp05_transport_audit.sql (9.61ms)
2026/10/08 09:29:34 OK   00033_sp05_poll_resolution_clock.sql (13.05ms)
2026/10/08 09:29:34 OK   00034_sp06_investigation_ledger.sql (92.59ms)
2026/10/08 09:29:34 OK   00035_sp06_admission_data_classes.sql (8.48ms)
2026/10/08 09:29:34 goose: successfully migrated database to version: 35
2026/10/08 09:29:35 OK   00001_roles_and_schemas.sql (49.15ms)
2026/10/08 09:29:35 goose: successfully migrated database to version: 1
2026/10/08 09:29:35 OK   00002_platform_meta.sql (37.39ms)
2026/10/08 09:29:35 OK   00003_finding.sql (15.78ms)
2026/10/08 09:29:35 OK   00004_incident.sql (9.41ms)
2026/10/08 09:29:35 OK   00005_investigation.sql (10.49ms)
2026/10/08 09:29:35 OK   00006_action_command.sql (18.89ms)
2026/10/08 09:29:35 OK   00007_audit.sql (22.49ms)
2026/10/08 09:29:35 OK   00008_rls.sql (36.19ms)
2026/10/08 09:29:35 OK   00009_idempotency_ledger.sql (19.53ms)
2026/10/08 09:29:35 OK   00010_tenant_provisioning.sql (13.97ms)
2026/10/08 09:29:35 OK   00011_source_registration_history.sql (16.05ms)
2026/10/08 09:29:35 OK   00012_config_registry_lifecycle.sql (10.49ms)
2026/10/08 09:29:35 OK   00013_audit_signed_segments.sql (68.44ms)
2026/10/08 09:29:35 OK   00014_audit_segment_predecessors.sql (30.63ms)
2026/10/08 09:29:35 OK   00015_source_schema_scope.sql (15.12ms)
2026/10/08 09:29:35 OK   00016_cluster_registration_metadata.sql (16.57ms)
2026/10/08 09:29:35 OK   00017_source_data_scope.sql (31.14ms)
2026/10/08 09:29:35 OK   00018_sp04_resources_evidence.sql (107.58ms)
2026/10/08 09:29:35 OK   00019_sp04_archive_ciphertext_bytes.sql (11.22ms)
2026/10/08 09:29:35 OK   00020_sp04_request_ledger.sql (77.42ms)
2026/10/08 09:29:36 OK   00021_sp04_archive_protection.sql (240.06ms)
2026/10/08 09:29:36 OK   00022_sp04_legal_hold_dependencies.sql (19.17ms)
2026/10/08 09:29:36 OK   00023_sp04_archive_query_intent.sql (15.37ms)
2026/10/08 09:29:36 OK   00024_sp05_finding_incident.sql (134.66ms)
2026/10/08 09:29:36 OK   00025_sp05_incident_event_time.sql (25.17ms)
2026/10/08 09:29:36 OK   00026_sp05_source_binding_lock.sql (14.19ms)
2026/10/08 09:29:36 OK   00027_sp05_rca_and_poll.sql (31.48ms)
2026/10/08 09:29:36 OK   00028_sp05_operator_lock.sql (6.94ms)
2026/10/08 09:29:36 OK   00029_sp05_evidence_links.sql (16.82ms)
2026/10/08 09:29:36 OK   00030_sp05_recipe_fence.sql (20.31ms)
2026/10/08 09:29:36 OK   00031_sp05_rca_postcheck.sql (24.91ms)
2026/10/08 09:29:36 OK   00032_sp05_transport_audit.sql (62.68ms)
2026/10/08 09:29:36 OK   00033_sp05_poll_resolution_clock.sql (84.87ms)
2026/10/08 09:29:36 OK   00034_sp06_investigation_ledger.sql (102.77ms)
2026/10/08 09:29:36 OK   00035_sp06_admission_data_classes.sql (15.7ms)
2026/10/08 09:29:36 goose: successfully migrated database to version: 35
2026/10/08 09:29:38 OK   00001_roles_and_schemas.sql (77.59ms)
2026/10/08 09:29:38 goose: successfully migrated database to version: 1
2026/10/08 09:29:38 OK   00002_platform_meta.sql (98.09ms)
2026/10/08 09:29:38 OK   00003_finding.sql (28.12ms)
2026/10/08 09:29:38 OK   00004_incident.sql (34.24ms)
2026/10/08 09:29:38 OK   00005_investigation.sql (8.55ms)
2026/10/08 09:29:38 OK   00006_action_command.sql (13.89ms)
2026/10/08 09:29:38 OK   00007_audit.sql (23.71ms)
2026/10/08 09:29:38 OK   00008_rls.sql (18.46ms)
2026/10/08 09:29:38 OK   00009_idempotency_ledger.sql (20.82ms)
2026/10/08 09:29:38 OK   00010_tenant_provisioning.sql (10.56ms)
2026/10/08 09:29:38 OK   00011_source_registration_history.sql (27.74ms)
2026/10/08 09:29:38 OK   00012_config_registry_lifecycle.sql (18.17ms)
2026/10/08 09:29:38 OK   00013_audit_signed_segments.sql (25.73ms)
2026/10/08 09:29:38 OK   00014_audit_segment_predecessors.sql (13.73ms)
2026/10/08 09:29:38 OK   00015_source_schema_scope.sql (5.4ms)
2026/10/08 09:29:38 OK   00016_cluster_registration_metadata.sql (4.68ms)
2026/10/08 09:29:38 OK   00017_source_data_scope.sql (4.56ms)
2026/10/08 09:29:38 OK   00018_sp04_resources_evidence.sql (48.94ms)
2026/10/08 09:29:38 OK   00019_sp04_archive_ciphertext_bytes.sql (4.15ms)
2026/10/08 09:29:38 OK   00020_sp04_request_ledger.sql (4.97ms)
2026/10/08 09:29:38 OK   00021_sp04_archive_protection.sql (4.15ms)
2026/10/08 09:29:38 OK   00022_sp04_legal_hold_dependencies.sql (7.61ms)
2026/10/08 09:29:38 OK   00023_sp04_archive_query_intent.sql (5.75ms)
2026/10/08 09:29:38 OK   00024_sp05_finding_incident.sql (44.98ms)
2026/10/08 09:29:38 OK   00025_sp05_incident_event_time.sql (3.32ms)
2026/10/08 09:29:38 OK   00026_sp05_source_binding_lock.sql (3.64ms)
2026/10/08 09:29:38 OK   00027_sp05_rca_and_poll.sql (26.83ms)
2026/10/08 09:29:38 OK   00028_sp05_operator_lock.sql (5.59ms)
2026/10/08 09:29:38 OK   00029_sp05_evidence_links.sql (9.71ms)
2026/10/08 09:29:38 OK   00030_sp05_recipe_fence.sql (7.28ms)
2026/10/08 09:29:38 OK   00031_sp05_rca_postcheck.sql (3.19ms)
2026/10/08 09:29:38 OK   00032_sp05_transport_audit.sql (3.44ms)
2026/10/08 09:29:38 OK   00033_sp05_poll_resolution_clock.sql (10.17ms)
2026/10/08 09:29:38 OK   00034_sp06_investigation_ledger.sql (37.25ms)
2026/10/08 09:29:38 OK   00035_sp06_admission_data_classes.sql (4.3ms)
2026/10/08 09:29:38 goose: successfully migrated database to version: 35
2026/10/08 09:29:39 OK   00001_roles_and_schemas.sql (21.11ms)
2026/10/08 09:29:39 goose: successfully migrated database to version: 1
2026/10/08 09:29:39 OK   00002_platform_meta.sql (51.69ms)
2026/10/08 09:29:39 OK   00003_finding.sql (34.35ms)
2026/10/08 09:29:39 OK   00004_incident.sql (12.46ms)
2026/10/08 09:29:39 OK   00005_investigation.sql (13.81ms)
2026/10/08 09:29:39 OK   00006_action_command.sql (14.82ms)
2026/10/08 09:29:39 OK   00007_audit.sql (22.04ms)
2026/10/08 09:29:39 OK   00008_rls.sql (16.48ms)
2026/10/08 09:29:39 OK   00009_idempotency_ledger.sql (18.03ms)
2026/10/08 09:29:39 OK   00010_tenant_provisioning.sql (9.21ms)
2026/10/08 09:29:39 OK   00011_source_registration_history.sql (10.69ms)
2026/10/08 09:29:39 OK   00012_config_registry_lifecycle.sql (22.93ms)
2026/10/08 09:29:39 OK   00013_audit_signed_segments.sql (16.37ms)
2026/10/08 09:29:39 OK   00014_audit_segment_predecessors.sql (4.91ms)
2026/10/08 09:29:39 OK   00015_source_schema_scope.sql (3.27ms)
2026/10/08 09:29:39 OK   00016_cluster_registration_metadata.sql (8.26ms)
2026/10/08 09:29:39 OK   00017_source_data_scope.sql (9.5ms)
2026/10/08 09:29:39 OK   00018_sp04_resources_evidence.sql (36.16ms)
2026/10/08 09:29:39 OK   00019_sp04_archive_ciphertext_bytes.sql (4.67ms)
2026/10/08 09:29:39 OK   00020_sp04_request_ledger.sql (8.66ms)
2026/10/08 09:29:39 OK   00021_sp04_archive_protection.sql (9ms)
2026/10/08 09:29:39 OK   00022_sp04_legal_hold_dependencies.sql (7.39ms)
2026/10/08 09:29:39 OK   00023_sp04_archive_query_intent.sql (3.74ms)
2026/10/08 09:29:39 OK   00024_sp05_finding_incident.sql (35.28ms)
2026/10/08 09:29:39 OK   00025_sp05_incident_event_time.sql (5.03ms)
2026/10/08 09:29:39 OK   00026_sp05_source_binding_lock.sql (3.7ms)
2026/10/08 09:29:39 OK   00027_sp05_rca_and_poll.sql (10.03ms)
2026/10/08 09:29:39 OK   00028_sp05_operator_lock.sql (5.55ms)
2026/10/08 09:29:39 OK   00029_sp05_evidence_links.sql (10.51ms)
2026/10/08 09:29:39 OK   00030_sp05_recipe_fence.sql (6.39ms)
2026/10/08 09:29:39 OK   00031_sp05_rca_postcheck.sql (3.64ms)
2026/10/08 09:29:39 OK   00032_sp05_transport_audit.sql (4.42ms)
2026/10/08 09:29:39 OK   00033_sp05_poll_resolution_clock.sql (8.38ms)
2026/10/08 09:29:39 OK   00034_sp06_investigation_ledger.sql (36.66ms)
2026/10/08 09:29:39 OK   00035_sp06_admission_data_classes.sql (6.63ms)
2026/10/08 09:29:39 goose: successfully migrated database to version: 35
2026/10/08 09:29:40 OK   00001_roles_and_schemas.sql (19.39ms)
2026/10/08 09:29:40 goose: successfully migrated database to version: 1
2026/10/08 09:29:40 OK   00002_platform_meta.sql (53.27ms)
2026/10/08 09:29:40 OK   00003_finding.sql (10.33ms)
2026/10/08 09:29:40 OK   00004_incident.sql (26.81ms)
2026/10/08 09:29:40 OK   00005_investigation.sql (26.15ms)
2026/10/08 09:29:40 OK   00006_action_command.sql (31.69ms)
2026/10/08 09:29:40 OK   00007_audit.sql (20.61ms)
2026/10/08 09:29:40 OK   00008_rls.sql (28.74ms)
2026/10/08 09:29:40 OK   00009_idempotency_ledger.sql (25ms)
2026/10/08 09:29:40 OK   00010_tenant_provisioning.sql (13.59ms)
2026/10/08 09:29:40 OK   00011_source_registration_history.sql (15.54ms)
2026/10/08 09:29:40 OK   00012_config_registry_lifecycle.sql (18.91ms)
2026/10/08 09:29:40 OK   00013_audit_signed_segments.sql (17.95ms)
2026/10/08 09:29:40 OK   00014_audit_segment_predecessors.sql (15.64ms)
2026/10/08 09:29:40 OK   00015_source_schema_scope.sql (9.68ms)
2026/10/08 09:29:40 OK   00016_cluster_registration_metadata.sql (6.4ms)
2026/10/08 09:29:40 OK   00017_source_data_scope.sql (8.22ms)
2026/10/08 09:29:40 OK   00018_sp04_resources_evidence.sql (26.61ms)
2026/10/08 09:29:40 OK   00019_sp04_archive_ciphertext_bytes.sql (7.99ms)
2026/10/08 09:29:40 OK   00020_sp04_request_ledger.sql (14.69ms)
2026/10/08 09:29:40 OK   00021_sp04_archive_protection.sql (3.66ms)
2026/10/08 09:29:40 OK   00022_sp04_legal_hold_dependencies.sql (3.32ms)
2026/10/08 09:29:40 OK   00023_sp04_archive_query_intent.sql (9.18ms)
2026/10/08 09:29:40 OK   00024_sp05_finding_incident.sql (38.89ms)
2026/10/08 09:29:40 OK   00025_sp05_incident_event_time.sql (5.72ms)
2026/10/08 09:29:40 OK   00026_sp05_source_binding_lock.sql (5.95ms)
2026/10/08 09:29:40 OK   00027_sp05_rca_and_poll.sql (7.52ms)
2026/10/08 09:29:40 OK   00028_sp05_operator_lock.sql (4.02ms)
2026/10/08 09:29:40 OK   00029_sp05_evidence_links.sql (5.44ms)
2026/10/08 09:29:40 OK   00030_sp05_recipe_fence.sql (3.34ms)
2026/10/08 09:29:40 OK   00031_sp05_rca_postcheck.sql (3.3ms)
2026/10/08 09:29:40 OK   00032_sp05_transport_audit.sql (6.87ms)
2026/10/08 09:29:40 OK   00033_sp05_poll_resolution_clock.sql (8.18ms)
2026/10/08 09:29:40 OK   00034_sp06_investigation_ledger.sql (27.43ms)
2026/10/08 09:29:40 OK   00035_sp06_admission_data_classes.sql (5.33ms)
2026/10/08 09:29:40 goose: successfully migrated database to version: 35
2026/10/08 09:29:41 OK   00001_roles_and_schemas.sql (10.5ms)
2026/10/08 09:29:41 goose: successfully migrated database to version: 1
2026/10/08 09:29:41 OK   00002_platform_meta.sql (54.4ms)
2026/10/08 09:29:41 OK   00003_finding.sql (30.32ms)
2026/10/08 09:29:41 OK   00004_incident.sql (31.42ms)
2026/10/08 09:29:41 OK   00005_investigation.sql (11.04ms)
2026/10/08 09:29:41 OK   00006_action_command.sql (6.14ms)
2026/10/08 09:29:41 OK   00007_audit.sql (24.93ms)
2026/10/08 09:29:41 OK   00008_rls.sql (17.39ms)
2026/10/08 09:29:41 OK   00009_idempotency_ledger.sql (11.32ms)
2026/10/08 09:29:41 OK   00010_tenant_provisioning.sql (10.6ms)
2026/10/08 09:29:41 OK   00011_source_registration_history.sql (22.15ms)
2026/10/08 09:29:41 OK   00012_config_registry_lifecycle.sql (30.6ms)
2026/10/08 09:29:41 OK   00013_audit_signed_segments.sql (13.66ms)
2026/10/08 09:29:41 OK   00014_audit_segment_predecessors.sql (5.71ms)
2026/10/08 09:29:41 OK   00015_source_schema_scope.sql (3.04ms)
2026/10/08 09:29:41 OK   00016_cluster_registration_metadata.sql (9ms)
2026/10/08 09:29:41 OK   00017_source_data_scope.sql (16.49ms)
2026/10/08 09:29:41 OK   00018_sp04_resources_evidence.sql (16.58ms)
2026/10/08 09:29:41 OK   00019_sp04_archive_ciphertext_bytes.sql (8.23ms)
2026/10/08 09:29:41 OK   00020_sp04_request_ledger.sql (15.22ms)
2026/10/08 09:29:41 OK   00021_sp04_archive_protection.sql (5.01ms)
2026/10/08 09:29:41 OK   00022_sp04_legal_hold_dependencies.sql (7ms)
2026/10/08 09:29:41 OK   00023_sp04_archive_query_intent.sql (2.82ms)
2026/10/08 09:29:41 OK   00024_sp05_finding_incident.sql (25.58ms)
2026/10/08 09:29:41 OK   00025_sp05_incident_event_time.sql (4.37ms)
2026/10/08 09:29:41 OK   00026_sp05_source_binding_lock.sql (5.91ms)
2026/10/08 09:29:41 OK   00027_sp05_rca_and_poll.sql (8.91ms)
2026/10/08 09:29:41 OK   00028_sp05_operator_lock.sql (3.89ms)
2026/10/08 09:29:41 OK   00029_sp05_evidence_links.sql (5.55ms)
2026/10/08 09:29:41 OK   00030_sp05_recipe_fence.sql (5.15ms)
2026/10/08 09:29:41 OK   00031_sp05_rca_postcheck.sql (3.9ms)
2026/10/08 09:29:41 OK   00032_sp05_transport_audit.sql (4.49ms)
2026/10/08 09:29:41 OK   00033_sp05_poll_resolution_clock.sql (6.53ms)
2026/10/08 09:29:41 OK   00034_sp06_investigation_ledger.sql (35.61ms)
2026/10/08 09:29:41 OK   00035_sp06_admission_data_classes.sql (9.83ms)
2026/10/08 09:29:41 goose: successfully migrated database to version: 35
2026/10/08 09:29:44 OK   00001_roles_and_schemas.sql (11.1ms)
2026/10/08 09:29:44 goose: successfully migrated database to version: 1
2026/10/08 09:29:44 OK   00002_platform_meta.sql (44.06ms)
2026/10/08 09:29:44 OK   00003_finding.sql (16.23ms)
2026/10/08 09:29:44 OK   00004_incident.sql (18.62ms)
2026/10/08 09:29:44 OK   00005_investigation.sql (16.5ms)
2026/10/08 09:29:44 OK   00006_action_command.sql (14.86ms)
2026/10/08 09:29:44 OK   00007_audit.sql (32.38ms)
2026/10/08 09:29:44 OK   00008_rls.sql (20.23ms)
2026/10/08 09:29:44 OK   00009_idempotency_ledger.sql (8.95ms)
2026/10/08 09:29:44 OK   00010_tenant_provisioning.sql (5.23ms)
2026/10/08 09:29:44 OK   00011_source_registration_history.sql (9.19ms)
2026/10/08 09:29:45 OK   00012_config_registry_lifecycle.sql (28.91ms)
2026/10/08 09:29:45 OK   00013_audit_signed_segments.sql (31.73ms)
2026/10/08 09:29:45 OK   00014_audit_segment_predecessors.sql (8.73ms)
2026/10/08 09:29:45 OK   00015_source_schema_scope.sql (16.76ms)
2026/10/08 09:29:45 OK   00016_cluster_registration_metadata.sql (13.32ms)
2026/10/08 09:29:45 OK   00017_source_data_scope.sql (5.32ms)
2026/10/08 09:29:45 OK   00018_sp04_resources_evidence.sql (36.17ms)
2026/10/08 09:29:45 OK   00019_sp04_archive_ciphertext_bytes.sql (18.77ms)
2026/10/08 09:29:45 OK   00020_sp04_request_ledger.sql (8.77ms)
2026/10/08 09:29:45 OK   00021_sp04_archive_protection.sql (8.07ms)
2026/10/08 09:29:45 OK   00022_sp04_legal_hold_dependencies.sql (8.69ms)
2026/10/08 09:29:45 OK   00023_sp04_archive_query_intent.sql (5.59ms)
2026/10/08 09:29:45 OK   00024_sp05_finding_incident.sql (57.58ms)
2026/10/08 09:29:45 OK   00025_sp05_incident_event_time.sql (13.6ms)
2026/10/08 09:29:45 OK   00026_sp05_source_binding_lock.sql (8.07ms)
2026/10/08 09:29:45 OK   00027_sp05_rca_and_poll.sql (7.94ms)
2026/10/08 09:29:45 OK   00028_sp05_operator_lock.sql (3.48ms)
2026/10/08 09:29:45 OK   00029_sp05_evidence_links.sql (9.07ms)
2026/10/08 09:29:45 OK   00030_sp05_recipe_fence.sql (9.45ms)
2026/10/08 09:29:45 OK   00031_sp05_rca_postcheck.sql (5.86ms)
2026/10/08 09:29:45 OK   00032_sp05_transport_audit.sql (20.84ms)
2026/10/08 09:29:45 OK   00033_sp05_poll_resolution_clock.sql (9.65ms)
2026/10/08 09:29:45 OK   00034_sp06_investigation_ledger.sql (36.71ms)
2026/10/08 09:29:45 OK   00035_sp06_admission_data_classes.sql (21.48ms)
2026/10/08 09:29:45 goose: successfully migrated database to version: 35
2026/10/08 09:29:46 OK   00001_roles_and_schemas.sql (19.01ms)
2026/10/08 09:29:46 goose: successfully migrated database to version: 1
2026/10/08 09:29:46 OK   00002_platform_meta.sql (37.97ms)
2026/10/08 09:29:46 OK   00003_finding.sql (12.3ms)
2026/10/08 09:29:46 OK   00004_incident.sql (12.7ms)
2026/10/08 09:29:46 OK   00005_investigation.sql (16.17ms)
2026/10/08 09:29:46 OK   00006_action_command.sql (9.16ms)
2026/10/08 09:29:46 OK   00007_audit.sql (16.45ms)
2026/10/08 09:29:46 OK   00008_rls.sql (14.88ms)
2026/10/08 09:29:46 OK   00009_idempotency_ledger.sql (42.49ms)
2026/10/08 09:29:46 OK   00010_tenant_provisioning.sql (19.32ms)
2026/10/08 09:29:46 OK   00011_source_registration_history.sql (10.47ms)
2026/10/08 09:29:46 OK   00012_config_registry_lifecycle.sql (29.37ms)
2026/10/08 09:29:46 OK   00013_audit_signed_segments.sql (27.82ms)
2026/10/08 09:29:46 OK   00014_audit_segment_predecessors.sql (20.55ms)
2026/10/08 09:29:46 OK   00015_source_schema_scope.sql (11.99ms)
2026/10/08 09:29:46 OK   00016_cluster_registration_metadata.sql (19.06ms)
2026/10/08 09:29:46 OK   00017_source_data_scope.sql (8.37ms)
2026/10/08 09:29:46 OK   00018_sp04_resources_evidence.sql (44.8ms)
2026/10/08 09:29:46 OK   00019_sp04_archive_ciphertext_bytes.sql (9.97ms)
2026/10/08 09:29:46 OK   00020_sp04_request_ledger.sql (6.6ms)
2026/10/08 09:29:46 OK   00021_sp04_archive_protection.sql (4.93ms)
2026/10/08 09:29:46 OK   00022_sp04_legal_hold_dependencies.sql (9.32ms)
2026/10/08 09:29:46 OK   00023_sp04_archive_query_intent.sql (13.5ms)
2026/10/08 09:29:46 OK   00024_sp05_finding_incident.sql (39.39ms)
2026/10/08 09:29:46 OK   00025_sp05_incident_event_time.sql (15.52ms)
2026/10/08 09:29:46 OK   00026_sp05_source_binding_lock.sql (9.37ms)
2026/10/08 09:29:46 OK   00027_sp05_rca_and_poll.sql (8.2ms)
2026/10/08 09:29:46 OK   00028_sp05_operator_lock.sql (4.43ms)
2026/10/08 09:29:46 OK   00029_sp05_evidence_links.sql (15.63ms)
2026/10/08 09:29:46 OK   00030_sp05_recipe_fence.sql (6.63ms)
2026/10/08 09:29:46 OK   00031_sp05_rca_postcheck.sql (8.81ms)
2026/10/08 09:29:46 OK   00032_sp05_transport_audit.sql (7.41ms)
2026/10/08 09:29:46 OK   00033_sp05_poll_resolution_clock.sql (4.31ms)
2026/10/08 09:29:46 OK   00034_sp06_investigation_ledger.sql (33.86ms)
2026/10/08 09:29:46 OK   00035_sp06_admission_data_classes.sql (11.61ms)
2026/10/08 09:29:46 goose: successfully migrated database to version: 35
2026/10/08 09:29:47 OK   00001_roles_and_schemas.sql (19.5ms)
2026/10/08 09:29:47 goose: successfully migrated database to version: 1
2026/10/08 09:29:47 OK   00002_platform_meta.sql (39.73ms)
2026/10/08 09:29:47 OK   00003_finding.sql (28.09ms)
2026/10/08 09:29:47 OK   00004_incident.sql (10.46ms)
2026/10/08 09:29:47 OK   00005_investigation.sql (6.72ms)
2026/10/08 09:29:47 OK   00006_action_command.sql (12.29ms)
2026/10/08 09:29:47 OK   00007_audit.sql (31.8ms)
2026/10/08 09:29:47 OK   00008_rls.sql (34.79ms)
2026/10/08 09:29:47 OK   00009_idempotency_ledger.sql (16.02ms)
2026/10/08 09:29:47 OK   00010_tenant_provisioning.sql (5.35ms)
2026/10/08 09:29:47 OK   00011_source_registration_history.sql (20.22ms)
2026/10/08 09:29:47 OK   00012_config_registry_lifecycle.sql (22.97ms)
2026/10/08 09:29:47 OK   00013_audit_signed_segments.sql (38.71ms)
2026/10/08 09:29:47 OK   00014_audit_segment_predecessors.sql (10.38ms)
2026/10/08 09:29:47 OK   00015_source_schema_scope.sql (4.08ms)
2026/10/08 09:29:47 OK   00016_cluster_registration_metadata.sql (6.1ms)
2026/10/08 09:29:47 OK   00017_source_data_scope.sql (4.11ms)
2026/10/08 09:29:47 OK   00018_sp04_resources_evidence.sql (21.78ms)
2026/10/08 09:29:47 OK   00019_sp04_archive_ciphertext_bytes.sql (4.63ms)
2026/10/08 09:29:47 OK   00020_sp04_request_ledger.sql (10.33ms)
2026/10/08 09:29:47 OK   00021_sp04_archive_protection.sql (6.61ms)
2026/10/08 09:29:47 OK   00022_sp04_legal_hold_dependencies.sql (5.98ms)
2026/10/08 09:29:47 OK   00023_sp04_archive_query_intent.sql (2.99ms)
2026/10/08 09:29:47 OK   00024_sp05_finding_incident.sql (46.07ms)
2026/10/08 09:29:47 OK   00025_sp05_incident_event_time.sql (3.15ms)
2026/10/08 09:29:47 OK   00026_sp05_source_binding_lock.sql (3.34ms)
2026/10/08 09:29:47 OK   00027_sp05_rca_and_poll.sql (10.7ms)
2026/10/08 09:29:47 OK   00028_sp05_operator_lock.sql (5.8ms)
2026/10/08 09:29:48 OK   00029_sp05_evidence_links.sql (13.42ms)
2026/10/08 09:29:48 OK   00030_sp05_recipe_fence.sql (12.32ms)
2026/10/08 09:29:48 OK   00031_sp05_rca_postcheck.sql (7.03ms)
2026/10/08 09:29:48 OK   00032_sp05_transport_audit.sql (6.6ms)
2026/10/08 09:29:48 OK   00033_sp05_poll_resolution_clock.sql (6.34ms)
2026/10/08 09:29:48 OK   00034_sp06_investigation_ledger.sql (47.64ms)
2026/10/08 09:29:48 OK   00035_sp06_admission_data_classes.sql (4.76ms)
2026/10/08 09:29:48 goose: successfully migrated database to version: 35
2026/10/08 09:29:53 OK   00001_roles_and_schemas.sql (31.57ms)
2026/10/08 09:29:53 goose: successfully migrated database to version: 1
2026/10/08 09:29:53 OK   00002_platform_meta.sql (33.74ms)
2026/10/08 09:29:53 OK   00003_finding.sql (26.43ms)
2026/10/08 09:29:53 OK   00004_incident.sql (5.57ms)
2026/10/08 09:29:53 OK   00005_investigation.sql (5.39ms)
2026/10/08 09:29:53 OK   00006_action_command.sql (17.52ms)
2026/10/08 09:29:53 OK   00007_audit.sql (26.8ms)
2026/10/08 09:29:53 OK   00008_rls.sql (9.45ms)
2026/10/08 09:29:53 OK   00009_idempotency_ledger.sql (11.16ms)
2026/10/08 09:29:53 OK   00010_tenant_provisioning.sql (5.72ms)
2026/10/08 09:29:53 OK   00011_source_registration_history.sql (17.77ms)
2026/10/08 09:29:53 OK   00012_config_registry_lifecycle.sql (14.85ms)
2026/10/08 09:29:53 OK   00013_audit_signed_segments.sql (19.06ms)
2026/10/08 09:29:53 OK   00014_audit_segment_predecessors.sql (7.27ms)
2026/10/08 09:29:53 OK   00015_source_schema_scope.sql (3.33ms)
2026/10/08 09:29:53 OK   00016_cluster_registration_metadata.sql (3.59ms)
2026/10/08 09:29:53 OK   00017_source_data_scope.sql (5.52ms)
2026/10/08 09:29:53 OK   00018_sp04_resources_evidence.sql (37.91ms)
2026/10/08 09:29:53 OK   00019_sp04_archive_ciphertext_bytes.sql (12.18ms)
2026/10/08 09:29:53 OK   00020_sp04_request_ledger.sql (38.75ms)
2026/10/08 09:29:53 OK   00021_sp04_archive_protection.sql (11.04ms)
2026/10/08 09:29:53 OK   00022_sp04_legal_hold_dependencies.sql (3.12ms)
2026/10/08 09:29:53 OK   00023_sp04_archive_query_intent.sql (4.32ms)
2026/10/08 09:29:53 OK   00024_sp05_finding_incident.sql (20.24ms)
2026/10/08 09:29:53 OK   00025_sp05_incident_event_time.sql (3.48ms)
2026/10/08 09:29:53 OK   00026_sp05_source_binding_lock.sql (5.73ms)
2026/10/08 09:29:53 OK   00027_sp05_rca_and_poll.sql (8.07ms)
2026/10/08 09:29:53 OK   00028_sp05_operator_lock.sql (4.24ms)
2026/10/08 09:29:53 OK   00029_sp05_evidence_links.sql (6.79ms)
2026/10/08 09:29:53 OK   00030_sp05_recipe_fence.sql (14.71ms)
2026/10/08 09:29:53 OK   00031_sp05_rca_postcheck.sql (6ms)
2026/10/08 09:29:53 OK   00032_sp05_transport_audit.sql (3.58ms)
2026/10/08 09:29:53 OK   00033_sp05_poll_resolution_clock.sql (3.95ms)
2026/10/08 09:29:53 OK   00034_sp06_investigation_ledger.sql (56.48ms)
2026/10/08 09:29:53 OK   00035_sp06_admission_data_classes.sql (8.2ms)
2026/10/08 09:29:53 goose: successfully migrated database to version: 35
2026/10/08 09:30:18 OK   00001_roles_and_schemas.sql (25.81ms)
2026/10/08 09:30:18 OK   00002_platform_meta.sql (48.44ms)
2026/10/08 09:30:18 OK   00003_finding.sql (21.95ms)
2026/10/08 09:30:18 OK   00004_incident.sql (13.47ms)
2026/10/08 09:30:18 OK   00005_investigation.sql (14.44ms)
2026/10/08 09:30:18 OK   00006_action_command.sql (27.53ms)
2026/10/08 09:30:18 OK   00007_audit.sql (18.5ms)
2026/10/08 09:30:18 OK   00008_rls.sql (17.93ms)
2026/10/08 09:30:18 OK   00009_idempotency_ledger.sql (21.04ms)
2026/10/08 09:30:18 OK   00010_tenant_provisioning.sql (8.89ms)
2026/10/08 09:30:19 OK   00011_source_registration_history.sql (21.95ms)
2026/10/08 09:30:19 OK   00012_config_registry_lifecycle.sql (19.17ms)
2026/10/08 09:30:19 OK   00013_audit_signed_segments.sql (40.21ms)
2026/10/08 09:30:19 OK   00014_audit_segment_predecessors.sql (9.1ms)
2026/10/08 09:30:19 OK   00015_source_schema_scope.sql (5.08ms)
2026/10/08 09:30:19 OK   00016_cluster_registration_metadata.sql (8.8ms)
2026/10/08 09:30:19 OK   00017_source_data_scope.sql (11.28ms)
2026/10/08 09:30:19 OK   00018_sp04_resources_evidence.sql (33.69ms)
2026/10/08 09:30:19 OK   00019_sp04_archive_ciphertext_bytes.sql (4.03ms)
2026/10/08 09:30:19 OK   00020_sp04_request_ledger.sql (21.42ms)
2026/10/08 09:30:19 OK   00021_sp04_archive_protection.sql (9.98ms)
2026/10/08 09:30:19 OK   00022_sp04_legal_hold_dependencies.sql (3.27ms)
2026/10/08 09:30:19 OK   00023_sp04_archive_query_intent.sql (3.4ms)
2026/10/08 09:30:19 OK   00024_sp05_finding_incident.sql (33.05ms)
2026/10/08 09:30:19 OK   00025_sp05_incident_event_time.sql (13.19ms)
2026/10/08 09:30:19 OK   00026_sp05_source_binding_lock.sql (4ms)
2026/10/08 09:30:19 OK   00027_sp05_rca_and_poll.sql (7.82ms)
2026/10/08 09:30:19 OK   00028_sp05_operator_lock.sql (3.31ms)
2026/10/08 09:30:19 OK   00029_sp05_evidence_links.sql (6.29ms)
2026/10/08 09:30:19 OK   00030_sp05_recipe_fence.sql (4.09ms)
2026/10/08 09:30:19 OK   00031_sp05_rca_postcheck.sql (7.45ms)
2026/10/08 09:30:19 OK   00032_sp05_transport_audit.sql (3.59ms)
2026/10/08 09:30:19 OK   00033_sp05_poll_resolution_clock.sql (11.54ms)
2026/10/08 09:30:19 OK   00034_sp06_investigation_ledger.sql (36.74ms)
2026/10/08 09:30:19 OK   00035_sp06_admission_data_classes.sql (22.26ms)
2026/10/08 09:30:19 goose: successfully migrated database to version: 35
2026/10/08 09:30:19 OK   00001_roles_and_schemas.sql (28.21ms)
2026/10/08 09:30:19 goose: successfully migrated database to version: 1
2026/10/08 09:30:19 OK   00002_platform_meta.sql (40.94ms)
2026/10/08 09:30:19 OK   00003_finding.sql (35.96ms)
2026/10/08 09:30:19 OK   00004_incident.sql (11.98ms)
2026/10/08 09:30:19 OK   00005_investigation.sql (22.73ms)
2026/10/08 09:30:19 OK   00006_action_command.sql (19.24ms)
2026/10/08 09:30:19 OK   00007_audit.sql (45.53ms)
2026/10/08 09:30:19 OK   00008_rls.sql (13.18ms)
2026/10/08 09:30:19 OK   00009_idempotency_ledger.sql (34.9ms)
2026/10/08 09:30:19 OK   00010_tenant_provisioning.sql (14.64ms)
2026/10/08 09:30:19 OK   00011_source_registration_history.sql (10.84ms)
2026/10/08 09:30:19 OK   00012_config_registry_lifecycle.sql (10.39ms)
2026/10/08 09:30:19 OK   00013_audit_signed_segments.sql (20.23ms)
2026/10/08 09:30:19 OK   00014_audit_segment_predecessors.sql (9.37ms)
2026/10/08 09:30:19 OK   00015_source_schema_scope.sql (5.77ms)
2026/10/08 09:30:19 OK   00016_cluster_registration_metadata.sql (7.2ms)
2026/10/08 09:30:19 OK   00017_source_data_scope.sql (7.4ms)
2026/10/08 09:30:19 OK   00018_sp04_resources_evidence.sql (24.9ms)
2026/10/08 09:30:19 OK   00019_sp04_archive_ciphertext_bytes.sql (3.89ms)
2026/10/08 09:30:19 OK   00020_sp04_request_ledger.sql (15.04ms)
2026/10/08 09:30:19 OK   00021_sp04_archive_protection.sql (10.11ms)
2026/10/08 09:30:19 OK   00022_sp04_legal_hold_dependencies.sql (3.01ms)
2026/10/08 09:30:19 OK   00023_sp04_archive_query_intent.sql (3.88ms)
2026/10/08 09:30:20 OK   00024_sp05_finding_incident.sql (64.95ms)
2026/10/08 09:30:20 OK   00025_sp05_incident_event_time.sql (3.73ms)
2026/10/08 09:30:20 OK   00026_sp05_source_binding_lock.sql (5.32ms)
2026/10/08 09:30:20 OK   00027_sp05_rca_and_poll.sql (28.69ms)
2026/10/08 09:30:20 OK   00028_sp05_operator_lock.sql (9.54ms)
2026/10/08 09:30:20 OK   00029_sp05_evidence_links.sql (29.63ms)
2026/10/08 09:30:20 OK   00030_sp05_recipe_fence.sql (6.58ms)
2026/10/08 09:30:20 OK   00031_sp05_rca_postcheck.sql (7.01ms)
2026/10/08 09:30:20 OK   00032_sp05_transport_audit.sql (11.03ms)
2026/10/08 09:30:20 OK   00033_sp05_poll_resolution_clock.sql (24.27ms)
2026/10/08 09:30:20 OK   00034_sp06_investigation_ledger.sql (208.05ms)
2026/10/08 09:30:20 OK   00035_sp06_admission_data_classes.sql (12.86ms)
2026/10/08 09:30:20 goose: successfully migrated database to version: 35
FAIL
FAIL	ops-platform/test/integration	985.690s
ok  	ops-platform/test/security	(cached)
?   	ops-platform/test/tools/sp05-analyzer-check	[no test files]
?   	ops-platform/test/tools/sp05-worker-check	[no test files]
?   	ops-platform/test/tools/sp06-dispatcher-process	[no test files]
FAIL
make: *** [test-unit] Error 1
