python3 scripts/check-generated.py "go" gen web/src/api/generated internal/persistence/dbgen services/investigator/src/investigator/output.schema.json
✓ Lockfile passes supply-chain policies (verified 11d ago)
Lockfile is up to date, resolution step is skipped
Already up to date
Done in 208ms using pnpm v12.7.0
$ orval --config ./orval.config.ts
🍻 orval v8.37.0 - A swagger client generator for typescript
platform - Cleaning output folder
platform - 🎉 Smart Operations Platform API - Your OpenAPI spec has been converted into ready to use orval!
python3 scripts/prepare-runtime-source.py --check
{"modules": 98, "selectedModuleFiles": 2993, "standardLibraryFiles": 1386, "sourceBundleSHA256": "sha256:9628d31da79f4d4fcbffb303796aa805ee0508e732c66f203f2f330fb9bbe903"}
python3 scripts/prepare-migration-source.py --check
{"modules": 10, "selectedModuleFiles": 296, "standardLibraryFiles": 1129, "sourceBundleSHA256": "sha256:7eae032b1b99f0aec4b0ddbc6398e304fabeb68c176cf502c8c0f83bbc8d7639"}
go vet ./...
?   	ops-platform/api	[no test files]
?   	ops-platform/artifacts	[no test files]
?   	ops-platform/artifacts/pre-sp07/business-values-validation-r1	[no test files]
?   	ops-platform/artifacts/pre-sp07/checkpoint-observer-r1	[no test files]
?   	ops-platform/artifacts/task27-materials/sp010203-bao-operator	[no test files]
?   	ops-platform/artifacts/task27-materials/sp010203-cleanup-operator	[no test files]
?   	ops-platform/artifacts/task27-materials/sp010203-live-runtime-probe	[no test files]
?   	ops-platform/artifacts/task27-materials/sp010203-operator-helper	[no test files]
?   	ops-platform/artifacts/task27-materials/sp010203-role-probe	[no test files]
?   	ops-platform/bundle	[no test files]
ok  	ops-platform/cmd/db-migrate	(cached)
ok  	ops-platform/cmd/opsctl	(cached)
?   	ops-platform/cmd/platform-api	[no test files]
?   	ops-platform/cmd/platform-worker	[no test files]
?   	ops-platform/gen/api	[no test files]
?   	ops-platform/gen/internalgraph	[no test files]
ok  	ops-platform/internal/app	1.168s
ok  	ops-platform/internal/archive	(cached)
ok  	ops-platform/internal/audit	(cached)
ok  	ops-platform/internal/auth	(cached)
ok  	ops-platform/internal/bootstrap	(cached)
ok  	ops-platform/internal/bundle	(cached)
ok  	ops-platform/internal/bundle/drivers	(cached)
ok  	ops-platform/internal/configregistry	(cached)
?   	ops-platform/internal/contract	[no test files]
ok  	ops-platform/internal/crypto	(cached)
?   	ops-platform/internal/datascope	[no test files]
ok  	ops-platform/internal/evidence	(cached)
ok  	ops-platform/internal/finding	(cached)
ok  	ops-platform/internal/graph	(cached)
ok  	ops-platform/internal/httpapi	(cached)
ok  	ops-platform/internal/incident	(cached)
ok  	ops-platform/internal/inspection/hardware	(cached)
ok  	ops-platform/internal/inspection/kubernetes	1.637s
ok  	ops-platform/internal/inspection/npd	(cached)
?   	ops-platform/internal/integrations	[no test files]
ok  	ops-platform/internal/integrations/deepflow	(cached)
ok  	ops-platform/internal/integrations/k8sgpt	(cached)
ok  	ops-platform/internal/integrations/keycloak	(cached)
ok  	ops-platform/internal/integrations/kubernetes	(cached)
ok  	ops-platform/internal/integrations/openbao	(cached)
ok  	ops-platform/internal/integrations/redfish	(cached)
ok  	ops-platform/internal/integrations/s3	(cached)
?   	ops-platform/internal/integrations/victorialogs	[no test files]
?   	ops-platform/internal/integrations/victorialogs/adapter	[no test files]
?   	ops-platform/internal/integrations/victoriametrics	[no test files]
?   	ops-platform/internal/integrations/victoriametrics/adapter	[no test files]
?   	ops-platform/internal/integrations/vmalert	[no test files]
ok  	ops-platform/internal/investigation	(cached)
?   	ops-platform/internal/investigation/mcp	[no test files]
ok  	ops-platform/internal/investigation/tools	(cached)
ok  	ops-platform/internal/observability	(cached)
ok  	ops-platform/internal/persistence	(cached)
?   	ops-platform/internal/persistence/dbgen	[no test files]
ok  	ops-platform/internal/policy	(cached)
ok  	ops-platform/internal/profile	(cached)
ok  	ops-platform/internal/rca	(cached)
ok  	ops-platform/internal/resource	(cached)
?   	ops-platform/internal/resourcestore	[no test files]
ok  	ops-platform/internal/source	(cached)
ok  	ops-platform/internal/supplychain	(cached)
?   	ops-platform/internal/tenant	[no test files]
?   	ops-platform/internal/upstream/corootcheck	[no test files]
?   	ops-platform/internal/upstream/keepmodel	[no test files]
?   	ops-platform/internal/upstream/metal3	[no test files]
?   	ops-platform/internal/upstream/ontology/api	[no test files]
?   	ops-platform/internal/upstream/ontology/model	[no test files]
?   	ops-platform/internal/upstream/ontology/service/diagnostic	[no test files]
?   	ops-platform/policies	[no test files]
ok  	ops-platform/test/contract	(cached)
ok  	ops-platform/test/e2e	(cached)
?   	ops-platform/test/fixtures/sp04/profile-detect	[no test files]
?   	ops-platform/test/fixtures/upstream-inspection	[no test files]
2026/10/08 14:41:30 OK   00001_roles_and_schemas.sql (10.4ms)
2026/10/08 14:41:30 goose: successfully migrated database to version: 1
2026/10/08 14:41:30 OK   00002_platform_meta.sql (51.07ms)
2026/10/08 14:41:31 OK   00003_finding.sql (10.34ms)
2026/10/08 14:41:31 OK   00004_incident.sql (7.76ms)
2026/10/08 14:41:31 OK   00005_investigation.sql (16.21ms)
2026/10/08 14:41:31 OK   00006_action_command.sql (10.26ms)
2026/10/08 14:41:31 OK   00007_audit.sql (19.08ms)
2026/10/08 14:41:31 OK   00008_rls.sql (17.47ms)
2026/10/08 14:41:31 OK   00009_idempotency_ledger.sql (7.87ms)
2026/10/08 14:41:31 OK   00010_tenant_provisioning.sql (4.78ms)
2026/10/08 14:41:31 OK   00011_source_registration_history.sql (11.42ms)
2026/10/08 14:41:31 OK   00012_config_registry_lifecycle.sql (22.84ms)
2026/10/08 14:41:31 OK   00013_audit_signed_segments.sql (32.79ms)
2026/10/08 14:41:31 OK   00014_audit_segment_predecessors.sql (9.3ms)
2026/10/08 14:41:31 OK   00015_source_schema_scope.sql (5.06ms)
2026/10/08 14:41:31 OK   00016_cluster_registration_metadata.sql (11.89ms)
2026/10/08 14:41:31 OK   00017_source_data_scope.sql (6.67ms)
2026/10/08 14:41:31 OK   00018_sp04_resources_evidence.sql (35.56ms)
2026/10/08 14:41:31 OK   00019_sp04_archive_ciphertext_bytes.sql (6.49ms)
2026/10/08 14:41:31 OK   00020_sp04_request_ledger.sql (7.55ms)
2026/10/08 14:41:31 OK   00021_sp04_archive_protection.sql (8.8ms)
2026/10/08 14:41:31 OK   00022_sp04_legal_hold_dependencies.sql (8.09ms)
2026/10/08 14:41:31 OK   00023_sp04_archive_query_intent.sql (7.17ms)
2026/10/08 14:41:31 OK   00024_sp05_finding_incident.sql (21.52ms)
2026/10/08 14:41:31 OK   00025_sp05_incident_event_time.sql (7.42ms)
2026/10/08 14:41:31 OK   00026_sp05_source_binding_lock.sql (7.18ms)
2026/10/08 14:41:31 OK   00027_sp05_rca_and_poll.sql (11.47ms)
2026/10/08 14:41:31 OK   00028_sp05_operator_lock.sql (9.21ms)
2026/10/08 14:41:31 OK   00029_sp05_evidence_links.sql (18.58ms)
2026/10/08 14:41:31 OK   00030_sp05_recipe_fence.sql (4.08ms)
2026/10/08 14:41:31 OK   00031_sp05_rca_postcheck.sql (5.73ms)
2026/10/08 14:41:31 OK   00032_sp05_transport_audit.sql (4.51ms)
2026/10/08 14:41:31 OK   00033_sp05_poll_resolution_clock.sql (5.95ms)
2026/10/08 14:41:31 OK   00034_sp06_investigation_ledger.sql (52.64ms)
2026/10/08 14:41:31 OK   00035_sp06_admission_data_classes.sql (10.02ms)
2026/10/08 14:41:31 goose: successfully migrated database to version: 35
2026/10/08 14:41:31 OK   00001_roles_and_schemas.sql (56.31ms)
2026/10/08 14:41:31 goose: successfully migrated database to version: 1
2026/10/08 14:41:32 OK   00002_platform_meta.sql (72.93ms)
2026/10/08 14:41:32 OK   00003_finding.sql (24.81ms)
2026/10/08 14:41:32 OK   00004_incident.sql (38.3ms)
2026/10/08 14:41:32 OK   00005_investigation.sql (9.94ms)
2026/10/08 14:41:32 OK   00006_action_command.sql (11.26ms)
2026/10/08 14:41:32 OK   00007_audit.sql (15.18ms)
2026/10/08 14:41:32 OK   00008_rls.sql (20.18ms)
2026/10/08 14:41:32 OK   00009_idempotency_ledger.sql (26.62ms)
2026/10/08 14:41:32 OK   00010_tenant_provisioning.sql (9.8ms)
2026/10/08 14:41:32 OK   00011_source_registration_history.sql (19.54ms)
2026/10/08 14:41:32 OK   00012_config_registry_lifecycle.sql (25.39ms)
2026/10/08 14:41:32 OK   00013_audit_signed_segments.sql (34.86ms)
2026/10/08 14:41:32 OK   00014_audit_segment_predecessors.sql (21.26ms)
2026/10/08 14:41:32 OK   00015_source_schema_scope.sql (6.25ms)
2026/10/08 14:41:32 OK   00016_cluster_registration_metadata.sql (8.67ms)
2026/10/08 14:41:32 OK   00017_source_data_scope.sql (18.56ms)
2026/10/08 14:41:32 OK   00018_sp04_resources_evidence.sql (43.67ms)
2026/10/08 14:41:32 OK   00019_sp04_archive_ciphertext_bytes.sql (4.64ms)
2026/10/08 14:41:32 OK   00020_sp04_request_ledger.sql (16.91ms)
2026/10/08 14:41:32 OK   00021_sp04_archive_protection.sql (9.95ms)
2026/10/08 14:41:32 OK   00022_sp04_legal_hold_dependencies.sql (7.99ms)
2026/10/08 14:41:32 OK   00023_sp04_archive_query_intent.sql (7.32ms)
2026/10/08 14:41:32 OK   00024_sp05_finding_incident.sql (18.9ms)
2026/10/08 14:41:32 OK   00025_sp05_incident_event_time.sql (3.85ms)
2026/10/08 14:41:32 OK   00026_sp05_source_binding_lock.sql (5.84ms)
2026/10/08 14:41:32 OK   00027_sp05_rca_and_poll.sql (11.79ms)
2026/10/08 14:41:32 OK   00028_sp05_operator_lock.sql (7.18ms)
2026/10/08 14:41:32 OK   00029_sp05_evidence_links.sql (10.24ms)
2026/10/08 14:41:32 OK   00030_sp05_recipe_fence.sql (3.97ms)
2026/10/08 14:41:32 OK   00031_sp05_rca_postcheck.sql (3.2ms)
2026/10/08 14:41:32 OK   00032_sp05_transport_audit.sql (9.84ms)
2026/10/08 14:41:32 OK   00033_sp05_poll_resolution_clock.sql (4.21ms)
2026/10/08 14:41:32 OK   00034_sp06_investigation_ledger.sql (19.94ms)
2026/10/08 14:41:32 OK   00035_sp06_admission_data_classes.sql (5.16ms)
2026/10/08 14:41:32 goose: successfully migrated database to version: 35
2026/10/08 14:41:38 OK   00001_roles_and_schemas.sql (14.63ms)
2026/10/08 14:41:38 goose: successfully migrated database to version: 1
2026/10/08 14:41:38 OK   00002_platform_meta.sql (38.26ms)
2026/10/08 14:41:38 OK   00003_finding.sql (17.73ms)
2026/10/08 14:41:38 OK   00004_incident.sql (5.98ms)
2026/10/08 14:41:38 OK   00005_investigation.sql (20.1ms)
2026/10/08 14:41:38 OK   00006_action_command.sql (12.9ms)
2026/10/08 14:41:38 OK   00007_audit.sql (13.81ms)
2026/10/08 14:41:38 OK   00008_rls.sql (10.44ms)
2026/10/08 14:41:38 OK   00009_idempotency_ledger.sql (18.62ms)
2026/10/08 14:41:38 OK   00010_tenant_provisioning.sql (8.56ms)
2026/10/08 14:41:38 OK   00011_source_registration_history.sql (17.54ms)
2026/10/08 14:41:38 OK   00012_config_registry_lifecycle.sql (19.76ms)
2026/10/08 14:41:38 OK   00013_audit_signed_segments.sql (38.87ms)
2026/10/08 14:41:38 OK   00014_audit_segment_predecessors.sql (13.25ms)
2026/10/08 14:41:38 OK   00015_source_schema_scope.sql (4.94ms)
2026/10/08 14:41:38 OK   00016_cluster_registration_metadata.sql (8.29ms)
2026/10/08 14:41:38 OK   00017_source_data_scope.sql (11.47ms)
2026/10/08 14:41:38 OK   00018_sp04_resources_evidence.sql (49.8ms)
2026/10/08 14:41:38 OK   00019_sp04_archive_ciphertext_bytes.sql (3.38ms)
2026/10/08 14:41:38 OK   00020_sp04_request_ledger.sql (8.48ms)
2026/10/08 14:41:38 OK   00021_sp04_archive_protection.sql (11.24ms)
2026/10/08 14:41:38 OK   00022_sp04_legal_hold_dependencies.sql (27.7ms)
2026/10/08 14:41:38 OK   00023_sp04_archive_query_intent.sql (11.84ms)
2026/10/08 14:41:38 OK   00024_sp05_finding_incident.sql (20.48ms)
2026/10/08 14:41:38 OK   00025_sp05_incident_event_time.sql (4.5ms)
2026/10/08 14:41:38 OK   00026_sp05_source_binding_lock.sql (17.56ms)
2026/10/08 14:41:38 OK   00027_sp05_rca_and_poll.sql (29.7ms)
2026/10/08 14:41:38 OK   00028_sp05_operator_lock.sql (4.82ms)
2026/10/08 14:41:38 OK   00029_sp05_evidence_links.sql (6.61ms)
2026/10/08 14:41:38 OK   00030_sp05_recipe_fence.sql (10.27ms)
2026/10/08 14:41:38 OK   00031_sp05_rca_postcheck.sql (16.2ms)
2026/10/08 14:41:38 OK   00032_sp05_transport_audit.sql (8.49ms)
2026/10/08 14:41:38 OK   00033_sp05_poll_resolution_clock.sql (8.96ms)
2026/10/08 14:41:38 OK   00034_sp06_investigation_ledger.sql (44.19ms)
2026/10/08 14:41:38 OK   00035_sp06_admission_data_classes.sql (13ms)
2026/10/08 14:41:38 goose: successfully migrated database to version: 35
2026/10/08 14:41:38 OK   00001_roles_and_schemas.sql (27.8ms)
2026/10/08 14:41:38 goose: successfully migrated database to version: 1
2026/10/08 14:41:39 OK   00002_platform_meta.sql (63.04ms)
2026/10/08 14:41:39 OK   00003_finding.sql (24.73ms)
2026/10/08 14:41:39 OK   00004_incident.sql (21.73ms)
2026/10/08 14:41:39 OK   00005_investigation.sql (7.19ms)
2026/10/08 14:41:39 OK   00006_action_command.sql (8.51ms)
2026/10/08 14:41:39 OK   00007_audit.sql (25.56ms)
2026/10/08 14:41:39 OK   00008_rls.sql (10.27ms)
2026/10/08 14:41:39 OK   00009_idempotency_ledger.sql (10.6ms)
2026/10/08 14:41:39 OK   00010_tenant_provisioning.sql (14.69ms)
2026/10/08 14:41:39 OK   00011_source_registration_history.sql (16.65ms)
2026/10/08 14:41:39 OK   00012_config_registry_lifecycle.sql (9.12ms)
2026/10/08 14:41:39 OK   00013_audit_signed_segments.sql (16.88ms)
2026/10/08 14:41:39 OK   00014_audit_segment_predecessors.sql (13.48ms)
2026/10/08 14:41:39 OK   00015_source_schema_scope.sql (7.23ms)
2026/10/08 14:41:39 OK   00016_cluster_registration_metadata.sql (6.62ms)
2026/10/08 14:41:39 OK   00017_source_data_scope.sql (3.65ms)
2026/10/08 14:41:39 OK   00018_sp04_resources_evidence.sql (35.26ms)
2026/10/08 14:41:39 OK   00019_sp04_archive_ciphertext_bytes.sql (5.79ms)
2026/10/08 14:41:39 OK   00020_sp04_request_ledger.sql (4.74ms)
2026/10/08 14:41:39 OK   00021_sp04_archive_protection.sql (8.74ms)
2026/10/08 14:41:39 OK   00022_sp04_legal_hold_dependencies.sql (10.15ms)
2026/10/08 14:41:39 OK   00023_sp04_archive_query_intent.sql (7.19ms)
2026/10/08 14:41:39 OK   00024_sp05_finding_incident.sql (19.36ms)
2026/10/08 14:41:39 OK   00025_sp05_incident_event_time.sql (9.15ms)
2026/10/08 14:41:39 OK   00026_sp05_source_binding_lock.sql (6.71ms)
2026/10/08 14:41:39 OK   00027_sp05_rca_and_poll.sql (37.26ms)
2026/10/08 14:41:39 OK   00028_sp05_operator_lock.sql (3.96ms)
2026/10/08 14:41:39 OK   00029_sp05_evidence_links.sql (9.89ms)
2026/10/08 14:41:39 OK   00030_sp05_recipe_fence.sql (4.15ms)
2026/10/08 14:41:39 OK   00031_sp05_rca_postcheck.sql (7.5ms)
2026/10/08 14:41:39 OK   00032_sp05_transport_audit.sql (7.96ms)
2026/10/08 14:41:39 OK   00033_sp05_poll_resolution_clock.sql (9.78ms)
2026/10/08 14:41:39 OK   00034_sp06_investigation_ledger.sql (22.95ms)
2026/10/08 14:41:39 OK   00035_sp06_admission_data_classes.sql (6.77ms)
2026/10/08 14:41:39 goose: successfully migrated database to version: 35
2026/10/08 14:41:39 OK   00001_roles_and_schemas.sql (11.03ms)
2026/10/08 14:41:39 goose: successfully migrated database to version: 1
2026/10/08 14:41:39 OK   00002_platform_meta.sql (40.96ms)
2026/10/08 14:41:39 OK   00003_finding.sql (9.75ms)
2026/10/08 14:41:39 OK   00004_incident.sql (9.78ms)
2026/10/08 14:41:39 OK   00005_investigation.sql (41.9ms)
2026/10/08 14:41:40 OK   00006_action_command.sql (10.69ms)
2026/10/08 14:41:40 OK   00007_audit.sql (16.9ms)
2026/10/08 14:41:40 OK   00008_rls.sql (39.23ms)
2026/10/08 14:41:40 OK   00009_idempotency_ledger.sql (16.42ms)
2026/10/08 14:41:40 OK   00010_tenant_provisioning.sql (5.14ms)
2026/10/08 14:41:40 OK   00011_source_registration_history.sql (8.12ms)
2026/10/08 14:41:40 OK   00012_config_registry_lifecycle.sql (11.85ms)
2026/10/08 14:41:40 OK   00013_audit_signed_segments.sql (29.21ms)
2026/10/08 14:41:40 OK   00014_audit_segment_predecessors.sql (8.65ms)
2026/10/08 14:41:40 OK   00015_source_schema_scope.sql (3.82ms)
2026/10/08 14:41:40 OK   00016_cluster_registration_metadata.sql (6.83ms)
2026/10/08 14:41:40 OK   00017_source_data_scope.sql (7.62ms)
2026/10/08 14:41:40 OK   00018_sp04_resources_evidence.sql (35.35ms)
2026/10/08 14:41:40 OK   00019_sp04_archive_ciphertext_bytes.sql (8.32ms)
2026/10/08 14:41:40 OK   00020_sp04_request_ledger.sql (13.42ms)
2026/10/08 14:41:40 OK   00021_sp04_archive_protection.sql (3.58ms)
2026/10/08 14:41:40 OK   00022_sp04_legal_hold_dependencies.sql (2.84ms)
2026/10/08 14:41:40 OK   00023_sp04_archive_query_intent.sql (2.37ms)
2026/10/08 14:41:40 OK   00024_sp05_finding_incident.sql (16.78ms)
2026/10/08 14:41:40 OK   00025_sp05_incident_event_time.sql (7.04ms)
2026/10/08 14:41:40 OK   00026_sp05_source_binding_lock.sql (13.58ms)
2026/10/08 14:41:40 OK   00027_sp05_rca_and_poll.sql (17.17ms)
2026/10/08 14:41:40 OK   00028_sp05_operator_lock.sql (4.17ms)
2026/10/08 14:41:40 OK   00029_sp05_evidence_links.sql (10.1ms)
2026/10/08 14:41:40 OK   00030_sp05_recipe_fence.sql (5ms)
2026/10/08 14:41:40 OK   00031_sp05_rca_postcheck.sql (5.3ms)
2026/10/08 14:41:40 OK   00032_sp05_transport_audit.sql (3.68ms)
2026/10/08 14:41:40 OK   00033_sp05_poll_resolution_clock.sql (4.95ms)
2026/10/08 14:41:40 OK   00034_sp06_investigation_ledger.sql (23.77ms)
2026/10/08 14:41:40 OK   00035_sp06_admission_data_classes.sql (8.59ms)
2026/10/08 14:41:40 goose: successfully migrated database to version: 35
2026/10/08 14:41:45 OK   00001_roles_and_schemas.sql (30.36ms)
2026/10/08 14:41:45 goose: successfully migrated database to version: 1
2026/10/08 14:41:45 OK   00002_platform_meta.sql (77.93ms)
2026/10/08 14:41:45 OK   00003_finding.sql (19ms)
2026/10/08 14:41:45 OK   00004_incident.sql (10.24ms)
2026/10/08 14:41:45 OK   00005_investigation.sql (15.04ms)
2026/10/08 14:41:45 OK   00006_action_command.sql (11.85ms)
2026/10/08 14:41:45 OK   00007_audit.sql (25.44ms)
2026/10/08 14:41:45 OK   00008_rls.sql (16.01ms)
2026/10/08 14:41:45 OK   00009_idempotency_ledger.sql (15.31ms)
2026/10/08 14:41:45 OK   00010_tenant_provisioning.sql (11.15ms)
2026/10/08 14:41:45 OK   00011_source_registration_history.sql (10.45ms)
2026/10/08 14:41:45 OK   00012_config_registry_lifecycle.sql (15.53ms)
2026/10/08 14:41:45 OK   00013_audit_signed_segments.sql (36.84ms)
2026/10/08 14:41:45 OK   00014_audit_segment_predecessors.sql (6.63ms)
2026/10/08 14:41:45 OK   00015_source_schema_scope.sql (3.91ms)
2026/10/08 14:41:45 OK   00016_cluster_registration_metadata.sql (6.64ms)
2026/10/08 14:41:45 OK   00017_source_data_scope.sql (9.43ms)
2026/10/08 14:41:45 OK   00018_sp04_resources_evidence.sql (28.59ms)
2026/10/08 14:41:45 OK   00019_sp04_archive_ciphertext_bytes.sql (10.38ms)
2026/10/08 14:41:45 OK   00020_sp04_request_ledger.sql (16.76ms)
2026/10/08 14:41:45 OK   00021_sp04_archive_protection.sql (8.34ms)
2026/10/08 14:41:45 OK   00022_sp04_legal_hold_dependencies.sql (7.69ms)
2026/10/08 14:41:45 OK   00023_sp04_archive_query_intent.sql (8.48ms)
2026/10/08 14:41:45 OK   00024_sp05_finding_incident.sql (44.61ms)
2026/10/08 14:41:45 OK   00025_sp05_incident_event_time.sql (5.71ms)
2026/10/08 14:41:45 OK   00026_sp05_source_binding_lock.sql (11.57ms)
2026/10/08 14:41:45 OK   00027_sp05_rca_and_poll.sql (21.75ms)
2026/10/08 14:41:46 OK   00028_sp05_operator_lock.sql (10.66ms)
2026/10/08 14:41:46 OK   00029_sp05_evidence_links.sql (15.71ms)
2026/10/08 14:41:46 OK   00030_sp05_recipe_fence.sql (7.32ms)
2026/10/08 14:41:46 OK   00031_sp05_rca_postcheck.sql (6.75ms)
2026/10/08 14:41:46 OK   00032_sp05_transport_audit.sql (7.86ms)
2026/10/08 14:41:46 OK   00033_sp05_poll_resolution_clock.sql (10.51ms)
2026/10/08 14:41:46 OK   00034_sp06_investigation_ledger.sql (39.33ms)
2026/10/08 14:41:46 OK   00035_sp06_admission_data_classes.sql (6.81ms)
2026/10/08 14:41:46 goose: successfully migrated database to version: 35
2026/10/08 14:41:49 OK   00001_roles_and_schemas.sql (20.41ms)
2026/10/08 14:41:49 goose: successfully migrated database to version: 1
2026/10/08 14:41:49 OK   00002_platform_meta.sql (47.43ms)
2026/10/08 14:41:49 OK   00003_finding.sql (9.23ms)
2026/10/08 14:41:49 OK   00004_incident.sql (9.34ms)
2026/10/08 14:41:49 OK   00005_investigation.sql (7.93ms)
2026/10/08 14:41:49 OK   00006_action_command.sql (8.68ms)
2026/10/08 14:41:49 OK   00007_audit.sql (11.81ms)
2026/10/08 14:41:49 OK   00008_rls.sql (10.92ms)
2026/10/08 14:41:49 OK   00009_idempotency_ledger.sql (11.97ms)
2026/10/08 14:41:49 OK   00010_tenant_provisioning.sql (6.2ms)
2026/10/08 14:41:49 OK   00011_source_registration_history.sql (12.34ms)
2026/10/08 14:41:49 OK   00012_config_registry_lifecycle.sql (9.16ms)
2026/10/08 14:41:49 OK   00013_audit_signed_segments.sql (12.9ms)
2026/10/08 14:41:49 OK   00014_audit_segment_predecessors.sql (7.05ms)
2026/10/08 14:41:49 OK   00015_source_schema_scope.sql (5.78ms)
2026/10/08 14:41:49 OK   00016_cluster_registration_metadata.sql (23.91ms)
2026/10/08 14:41:49 OK   00017_source_data_scope.sql (4.61ms)
2026/10/08 14:41:49 OK   00018_sp04_resources_evidence.sql (12.43ms)
2026/10/08 14:41:49 OK   00019_sp04_archive_ciphertext_bytes.sql (6.31ms)
2026/10/08 14:41:50 OK   00020_sp04_request_ledger.sql (17.4ms)
2026/10/08 14:41:50 OK   00021_sp04_archive_protection.sql (16.88ms)
2026/10/08 14:41:50 OK   00022_sp04_legal_hold_dependencies.sql (3.49ms)
2026/10/08 14:41:50 OK   00023_sp04_archive_query_intent.sql (2.58ms)
2026/10/08 14:41:50 OK   00024_sp05_finding_incident.sql (40.22ms)
2026/10/08 14:41:50 OK   00025_sp05_incident_event_time.sql (4ms)
2026/10/08 14:41:50 OK   00026_sp05_source_binding_lock.sql (5.05ms)
2026/10/08 14:41:50 OK   00027_sp05_rca_and_poll.sql (8.59ms)
2026/10/08 14:41:50 OK   00028_sp05_operator_lock.sql (6.54ms)
2026/10/08 14:41:50 OK   00029_sp05_evidence_links.sql (11.88ms)
2026/10/08 14:41:50 OK   00030_sp05_recipe_fence.sql (9.81ms)
2026/10/08 14:41:50 OK   00031_sp05_rca_postcheck.sql (5.95ms)
2026/10/08 14:41:50 OK   00032_sp05_transport_audit.sql (3.97ms)
2026/10/08 14:41:50 OK   00033_sp05_poll_resolution_clock.sql (3.67ms)
2026/10/08 14:41:50 OK   00034_sp06_investigation_ledger.sql (49.71ms)
2026/10/08 14:41:50 OK   00035_sp06_admission_data_classes.sql (3.66ms)
2026/10/08 14:41:50 goose: successfully migrated database to version: 35
2026/10/08 14:42:00 OK   00001_roles_and_schemas.sql (33.51ms)
2026/10/08 14:42:00 goose: successfully migrated database to version: 1
2026/10/08 14:42:00 OK   00002_platform_meta.sql (59.56ms)
2026/10/08 14:42:00 OK   00003_finding.sql (27.03ms)
2026/10/08 14:42:00 OK   00004_incident.sql (18.96ms)
2026/10/08 14:42:00 OK   00005_investigation.sql (16.18ms)
2026/10/08 14:42:00 OK   00006_action_command.sql (12.05ms)
2026/10/08 14:42:00 OK   00007_audit.sql (19.74ms)
2026/10/08 14:42:00 OK   00008_rls.sql (19.73ms)
2026/10/08 14:42:00 OK   00009_idempotency_ledger.sql (15.43ms)
2026/10/08 14:42:00 OK   00010_tenant_provisioning.sql (4.99ms)
2026/10/08 14:42:00 OK   00011_source_registration_history.sql (9.34ms)
2026/10/08 14:42:00 OK   00012_config_registry_lifecycle.sql (14.48ms)
2026/10/08 14:42:00 OK   00013_audit_signed_segments.sql (24.72ms)
2026/10/08 14:42:00 OK   00014_audit_segment_predecessors.sql (7.93ms)
2026/10/08 14:42:00 OK   00015_source_schema_scope.sql (7.6ms)
2026/10/08 14:42:00 OK   00016_cluster_registration_metadata.sql (17.84ms)
2026/10/08 14:42:00 OK   00017_source_data_scope.sql (15.97ms)
2026/10/08 14:42:00 OK   00018_sp04_resources_evidence.sql (14.64ms)
2026/10/08 14:42:00 OK   00019_sp04_archive_ciphertext_bytes.sql (10.42ms)
2026/10/08 14:42:00 OK   00020_sp04_request_ledger.sql (7.25ms)
2026/10/08 14:42:00 OK   00021_sp04_archive_protection.sql (5.87ms)
2026/10/08 14:42:00 OK   00022_sp04_legal_hold_dependencies.sql (3.95ms)
2026/10/08 14:42:00 OK   00023_sp04_archive_query_intent.sql (10.04ms)
2026/10/08 14:42:00 OK   00024_sp05_finding_incident.sql (19.3ms)
2026/10/08 14:42:00 OK   00025_sp05_incident_event_time.sql (3.16ms)
2026/10/08 14:42:00 OK   00026_sp05_source_binding_lock.sql (4.16ms)
2026/10/08 14:42:00 OK   00027_sp05_rca_and_poll.sql (22.08ms)
2026/10/08 14:42:00 OK   00028_sp05_operator_lock.sql (5.88ms)
2026/10/08 14:42:00 OK   00029_sp05_evidence_links.sql (11.17ms)
2026/10/08 14:42:00 OK   00030_sp05_recipe_fence.sql (8.33ms)
2026/10/08 14:42:00 OK   00031_sp05_rca_postcheck.sql (4.42ms)
2026/10/08 14:42:00 OK   00032_sp05_transport_audit.sql (5.57ms)
2026/10/08 14:42:00 OK   00033_sp05_poll_resolution_clock.sql (4.04ms)
2026/10/08 14:42:01 OK   00034_sp06_investigation_ledger.sql (55.78ms)
2026/10/08 14:42:01 OK   00035_sp06_admission_data_classes.sql (4.2ms)
2026/10/08 14:42:01 goose: successfully migrated database to version: 35
{"time":"2026-10-08T14:42:01.179255+08:00","level":"INFO","msg":"http request complete","request_id":"01a11a3f-5745-7cfc-b2f0-4cbbaf6386e5","trace_id":"4bf92f3577b34da6a3ce929d0e0e4736","span_id":"aed6662df23adcd5","method":"GET","status_code":200,"duration_ms":21}
{"time":"2026-10-08T14:42:01.185043+08:00","level":"INFO","msg":"http request complete","request_id":"01a11a3f-575b-77bc-888a-31b869f10cfc","trace_id":"4bf92f3577b34da6a3ce929d0e0e4736","span_id":"a6fa61e1ffa1bbb3","method":"GET","status_code":200,"duration_ms":5}
{"time":"2026-10-08T14:42:01.191852+08:00","level":"INFO","msg":"http request complete","request_id":"01a11a3f-5761-740b-a46b-4bf53579df42","trace_id":"4bf92f3577b34da6a3ce929d0e0e4736","span_id":"a9d82becf7dfd150","method":"GET","status_code":200,"duration_ms":6}
{"time":"2026-10-08T14:42:01.200155+08:00","level":"INFO","msg":"http request complete","request_id":"01a11a3f-5768-71c5-8680-4b97681e26d1","trace_id":"4bf92f3577b34da6a3ce929d0e0e4736","span_id":"8fab1a67ebe99d56","method":"GET","status_code":200,"duration_ms":7}
{"time":"2026-10-08T14:42:01.20348+08:00","level":"INFO","msg":"http request complete","request_id":"01a11a3f-5770-75f7-8c2e-3516e70b8014","trace_id":"4bf92f3577b34da6a3ce929d0e0e4736","span_id":"f2692ada9c0aac37","method":"GET","status_code":200,"duration_ms":3}
{"time":"2026-10-08T14:42:01.205307+08:00","level":"INFO","msg":"http request complete","request_id":"01a11a3f-5773-7ae8-9ff8-198642da80c3","trace_id":"4bf92f3577b34da6a3ce929d0e0e4736","span_id":"a090de6936a21b1a","method":"GET","status_code":200,"duration_ms":1}
{"time":"2026-10-08T14:42:01.222167+08:00","level":"INFO","msg":"http request complete","request_id":"01a11a3f-5775-772f-946c-826f24c7e544","trace_id":"bf8305f81e00dda6628e22500fff7fb4","span_id":"959faec2743cb993","method":"POST","status_code":201,"duration_ms":16}
{"time":"2026-10-08T14:42:01.233437+08:00","level":"INFO","msg":"http request complete","request_id":"01a11a3f-5786-7670-b122-17be1f47a715","trace_id":"3326419142cf07a9df36241f957412fc","span_id":"d6c994393b98140b","method":"POST","status_code":201,"duration_ms":10}
{"time":"2026-10-08T14:42:01.235597+08:00","level":"WARN","msg":"trace export failed","signal":"traces"}
{"time":"2026-10-08T14:42:01.244735+08:00","level":"INFO","msg":"http request complete","request_id":"01a11a3f-5793-7bcf-b0f7-ac5e870800ea","trace_id":"0bdf6426c659d6922193b30fec700906","span_id":"e0dc113db31fe5b6","method":"GET","status_code":200,"duration_ms":8}
2026/10/08 14:42:01 OK   00001_roles_and_schemas.sql (23.85ms)
2026/10/08 14:42:01 goose: successfully migrated database to version: 1
2026/10/08 14:42:01 OK   00002_platform_meta.sql (46.1ms)
2026/10/08 14:42:01 OK   00003_finding.sql (17.92ms)
2026/10/08 14:42:01 OK   00004_incident.sql (16.08ms)
2026/10/08 14:42:01 OK   00005_investigation.sql (15.59ms)
2026/10/08 14:42:01 OK   00006_action_command.sql (8.96ms)
2026/10/08 14:42:01 OK   00007_audit.sql (19.02ms)
2026/10/08 14:42:01 OK   00008_rls.sql (25.17ms)
2026/10/08 14:42:01 OK   00009_idempotency_ledger.sql (9.38ms)
2026/10/08 14:42:01 OK   00010_tenant_provisioning.sql (8.64ms)
2026/10/08 14:42:01 OK   00011_source_registration_history.sql (14.22ms)
2026/10/08 14:42:01 OK   00012_config_registry_lifecycle.sql (16.34ms)
2026/10/08 14:42:01 OK   00013_audit_signed_segments.sql (20.08ms)
2026/10/08 14:42:01 OK   00014_audit_segment_predecessors.sql (12.88ms)
2026/10/08 14:42:01 OK   00015_source_schema_scope.sql (7ms)
2026/10/08 14:42:01 OK   00016_cluster_registration_metadata.sql (10.11ms)
2026/10/08 14:42:01 OK   00017_source_data_scope.sql (7.11ms)
2026/10/08 14:42:01 OK   00018_sp04_resources_evidence.sql (39.15ms)
2026/10/08 14:42:01 OK   00019_sp04_archive_ciphertext_bytes.sql (24.76ms)
2026/10/08 14:42:01 OK   00020_sp04_request_ledger.sql (13.33ms)
2026/10/08 14:42:01 OK   00021_sp04_archive_protection.sql (6.03ms)
2026/10/08 14:42:01 OK   00022_sp04_legal_hold_dependencies.sql (7.12ms)
2026/10/08 14:42:01 OK   00023_sp04_archive_query_intent.sql (39.24ms)
2026/10/08 14:42:01 OK   00024_sp05_finding_incident.sql (81.55ms)
2026/10/08 14:42:01 OK   00025_sp05_incident_event_time.sql (27.43ms)
2026/10/08 14:42:01 OK   00026_sp05_source_binding_lock.sql (9.11ms)
2026/10/08 14:42:01 OK   00027_sp05_rca_and_poll.sql (20.82ms)
2026/10/08 14:42:01 OK   00028_sp05_operator_lock.sql (8ms)
2026/10/08 14:42:01 OK   00029_sp05_evidence_links.sql (19.99ms)
2026/10/08 14:42:01 OK   00030_sp05_recipe_fence.sql (11.56ms)
2026/10/08 14:42:01 OK   00031_sp05_rca_postcheck.sql (4.82ms)
2026/10/08 14:42:01 OK   00032_sp05_transport_audit.sql (7.42ms)
2026/10/08 14:42:02 OK   00033_sp05_poll_resolution_clock.sql (12.86ms)
2026/10/08 14:42:02 OK   00034_sp06_investigation_ledger.sql (37.15ms)
2026/10/08 14:42:02 OK   00035_sp06_admission_data_classes.sql (6.55ms)
2026/10/08 14:42:02 goose: successfully migrated database to version: 35
2026/10/08 14:42:02 OK   00036_review_failure.sql (11.68ms)
2026/10/08 14:42:02 goose: successfully migrated database to version: 36
2026/10/08 14:42:04 OK   00001_roles_and_schemas.sql (18.01ms)
2026/10/08 14:42:04 goose: successfully migrated database to version: 1
2026/10/08 14:42:04 OK   00002_platform_meta.sql (59.43ms)
2026/10/08 14:42:04 OK   00003_finding.sql (11.73ms)
2026/10/08 14:42:04 OK   00004_incident.sql (10.71ms)
2026/10/08 14:42:04 OK   00005_investigation.sql (15.15ms)
2026/10/08 14:42:04 OK   00006_action_command.sql (27.88ms)
2026/10/08 14:42:04 OK   00007_audit.sql (14.14ms)
2026/10/08 14:42:04 OK   00008_rls.sql (21.74ms)
2026/10/08 14:42:04 OK   00009_idempotency_ledger.sql (9.49ms)
2026/10/08 14:42:04 OK   00010_tenant_provisioning.sql (4.2ms)
2026/10/08 14:42:04 OK   00011_source_registration_history.sql (5.93ms)
2026/10/08 14:42:04 OK   00012_config_registry_lifecycle.sql (16.85ms)
2026/10/08 14:42:04 OK   00013_audit_signed_segments.sql (32.45ms)
2026/10/08 14:42:04 OK   00014_audit_segment_predecessors.sql (11.93ms)
2026/10/08 14:42:04 OK   00015_source_schema_scope.sql (11.2ms)
2026/10/08 14:42:04 OK   00016_cluster_registration_metadata.sql (10.4ms)
2026/10/08 14:42:04 OK   00017_source_data_scope.sql (11.91ms)
2026/10/08 14:42:04 OK   00018_sp04_resources_evidence.sql (36.65ms)
2026/10/08 14:42:04 OK   00019_sp04_archive_ciphertext_bytes.sql (6.4ms)
2026/10/08 14:42:04 OK   00020_sp04_request_ledger.sql (5.36ms)
2026/10/08 14:42:04 OK   00021_sp04_archive_protection.sql (3.86ms)
2026/10/08 14:42:04 OK   00022_sp04_legal_hold_dependencies.sql (8.16ms)
2026/10/08 14:42:04 OK   00023_sp04_archive_query_intent.sql (6.5ms)
2026/10/08 14:42:04 OK   00024_sp05_finding_incident.sql (48.74ms)
2026/10/08 14:42:04 OK   00025_sp05_incident_event_time.sql (2.89ms)
2026/10/08 14:42:04 OK   00026_sp05_source_binding_lock.sql (4.68ms)
2026/10/08 14:42:04 OK   00027_sp05_rca_and_poll.sql (23.46ms)
2026/10/08 14:42:04 OK   00028_sp05_operator_lock.sql (8.84ms)
2026/10/08 14:42:04 OK   00029_sp05_evidence_links.sql (15.45ms)
2026/10/08 14:42:04 OK   00030_sp05_recipe_fence.sql (4.5ms)
2026/10/08 14:42:04 OK   00031_sp05_rca_postcheck.sql (3.02ms)
2026/10/08 14:42:04 OK   00032_sp05_transport_audit.sql (3.42ms)
2026/10/08 14:42:04 OK   00033_sp05_poll_resolution_clock.sql (3.3ms)
2026/10/08 14:42:04 OK   00034_sp06_investigation_ledger.sql (52.98ms)
2026/10/08 14:42:04 OK   00035_sp06_admission_data_classes.sql (4.06ms)
2026/10/08 14:42:04 goose: successfully migrated database to version: 35
2026/10/08 14:42:05 OK   00001_roles_and_schemas.sql (45.34ms)
2026/10/08 14:42:05 goose: successfully migrated database to version: 1
2026/10/08 14:42:05 OK   00002_platform_meta.sql (46.22ms)
2026/10/08 14:42:05 OK   00003_finding.sql (24.31ms)
2026/10/08 14:42:05 OK   00004_incident.sql (14.88ms)
2026/10/08 14:42:05 OK   00005_investigation.sql (9.52ms)
2026/10/08 14:42:05 OK   00006_action_command.sql (8.2ms)
2026/10/08 14:42:05 OK   00007_audit.sql (29.44ms)
2026/10/08 14:42:05 OK   00008_rls.sql (13.68ms)
2026/10/08 14:42:05 OK   00009_idempotency_ledger.sql (26.56ms)
2026/10/08 14:42:05 OK   00010_tenant_provisioning.sql (9.54ms)
2026/10/08 14:42:05 OK   00011_source_registration_history.sql (12.25ms)
2026/10/08 14:42:05 OK   00012_config_registry_lifecycle.sql (26.01ms)
2026/10/08 14:42:05 OK   00013_audit_signed_segments.sql (27.78ms)
2026/10/08 14:42:05 OK   00014_audit_segment_predecessors.sql (10.13ms)
2026/10/08 14:42:05 OK   00015_source_schema_scope.sql (6.71ms)
2026/10/08 14:42:05 OK   00016_cluster_registration_metadata.sql (8.91ms)
2026/10/08 14:42:05 OK   00017_source_data_scope.sql (7.71ms)
2026/10/08 14:42:05 OK   00018_sp04_resources_evidence.sql (29.02ms)
2026/10/08 14:42:05 OK   00019_sp04_archive_ciphertext_bytes.sql (3.62ms)
2026/10/08 14:42:05 OK   00020_sp04_request_ledger.sql (4.6ms)
2026/10/08 14:42:05 OK   00021_sp04_archive_protection.sql (5ms)
2026/10/08 14:42:05 OK   00022_sp04_legal_hold_dependencies.sql (6.91ms)
2026/10/08 14:42:05 OK   00023_sp04_archive_query_intent.sql (4.8ms)
2026/10/08 14:42:05 OK   00024_sp05_finding_incident.sql (36.06ms)
2026/10/08 14:42:05 OK   00025_sp05_incident_event_time.sql (4.33ms)
2026/10/08 14:42:05 OK   00026_sp05_source_binding_lock.sql (3.69ms)
2026/10/08 14:42:05 OK   00027_sp05_rca_and_poll.sql (16.2ms)
2026/10/08 14:42:05 OK   00028_sp05_operator_lock.sql (5.52ms)
2026/10/08 14:42:05 OK   00029_sp05_evidence_links.sql (17.47ms)
2026/10/08 14:42:05 OK   00030_sp05_recipe_fence.sql (9.32ms)
2026/10/08 14:42:05 OK   00031_sp05_rca_postcheck.sql (12.52ms)
2026/10/08 14:42:05 OK   00032_sp05_transport_audit.sql (7.04ms)
2026/10/08 14:42:05 OK   00033_sp05_poll_resolution_clock.sql (10.06ms)
2026/10/08 14:42:05 OK   00034_sp06_investigation_ledger.sql (39.12ms)
2026/10/08 14:42:05 OK   00035_sp06_admission_data_classes.sql (4.37ms)
2026/10/08 14:42:05 goose: successfully migrated database to version: 35
2026/10/08 14:42:05 OK   00001_roles_and_schemas.sql (23.99ms)
2026/10/08 14:42:05 goose: successfully migrated database to version: 1
2026/10/08 14:42:06 OK   00002_platform_meta.sql (35.53ms)
2026/10/08 14:42:06 OK   00003_finding.sql (19.28ms)
2026/10/08 14:42:06 OK   00004_incident.sql (17.1ms)
2026/10/08 14:42:06 OK   00005_investigation.sql (7.89ms)
2026/10/08 14:42:06 OK   00006_action_command.sql (7.02ms)
2026/10/08 14:42:06 OK   00007_audit.sql (19.26ms)
2026/10/08 14:42:06 OK   00008_rls.sql (18.82ms)
2026/10/08 14:42:06 OK   00009_idempotency_ledger.sql (8.09ms)
2026/10/08 14:42:06 OK   00010_tenant_provisioning.sql (4.35ms)
2026/10/08 14:42:06 OK   00011_source_registration_history.sql (9.11ms)
2026/10/08 14:42:06 OK   00012_config_registry_lifecycle.sql (21.99ms)
2026/10/08 14:42:06 OK   00013_audit_signed_segments.sql (16.47ms)
2026/10/08 14:42:06 OK   00014_audit_segment_predecessors.sql (8.64ms)
2026/10/08 14:42:06 OK   00015_source_schema_scope.sql (3.39ms)
2026/10/08 14:42:06 OK   00016_cluster_registration_metadata.sql (5.65ms)
2026/10/08 14:42:06 OK   00017_source_data_scope.sql (10.16ms)
2026/10/08 14:42:06 OK   00018_sp04_resources_evidence.sql (16.3ms)
2026/10/08 14:42:06 OK   00019_sp04_archive_ciphertext_bytes.sql (3.54ms)
2026/10/08 14:42:06 OK   00020_sp04_request_ledger.sql (14.12ms)
2026/10/08 14:42:06 OK   00021_sp04_archive_protection.sql (9.88ms)
2026/10/08 14:42:06 OK   00022_sp04_legal_hold_dependencies.sql (4.74ms)
2026/10/08 14:42:06 OK   00023_sp04_archive_query_intent.sql (10.21ms)
2026/10/08 14:42:06 OK   00024_sp05_finding_incident.sql (47.87ms)
2026/10/08 14:42:06 OK   00025_sp05_incident_event_time.sql (4.37ms)
2026/10/08 14:42:06 OK   00026_sp05_source_binding_lock.sql (4.36ms)
2026/10/08 14:42:06 OK   00027_sp05_rca_and_poll.sql (22.78ms)
2026/10/08 14:42:06 OK   00028_sp05_operator_lock.sql (9.54ms)
2026/10/08 14:42:06 OK   00029_sp05_evidence_links.sql (11.07ms)
2026/10/08 14:42:06 OK   00030_sp05_recipe_fence.sql (3.74ms)
2026/10/08 14:42:06 OK   00031_sp05_rca_postcheck.sql (4.92ms)
2026/10/08 14:42:06 OK   00032_sp05_transport_audit.sql (6.14ms)
2026/10/08 14:42:06 OK   00033_sp05_poll_resolution_clock.sql (8.76ms)
2026/10/08 14:42:06 OK   00034_sp06_investigation_ledger.sql (54ms)
2026/10/08 14:42:06 OK   00035_sp06_admission_data_classes.sql (16.91ms)
2026/10/08 14:42:06 goose: successfully migrated database to version: 35
2026/10/08 14:42:06 OK   00001_roles_and_schemas.sql (10.17ms)
2026/10/08 14:42:06 goose: successfully migrated database to version: 1
2026/10/08 14:42:06 OK   00002_platform_meta.sql (48.96ms)
2026/10/08 14:42:06 OK   00003_finding.sql (13.51ms)
2026/10/08 14:42:06 OK   00004_incident.sql (10.08ms)
2026/10/08 14:42:06 OK   00005_investigation.sql (17.15ms)
2026/10/08 14:42:06 OK   00006_action_command.sql (13.44ms)
2026/10/08 14:42:06 OK   00007_audit.sql (22.24ms)
2026/10/08 14:42:06 OK   00008_rls.sql (22.84ms)
2026/10/08 14:42:06 OK   00009_idempotency_ledger.sql (12.94ms)
2026/10/08 14:42:06 OK   00010_tenant_provisioning.sql (6.63ms)
2026/10/08 14:42:06 OK   00011_source_registration_history.sql (9.42ms)
2026/10/08 14:42:06 OK   00012_config_registry_lifecycle.sql (9.15ms)
2026/10/08 14:42:06 OK   00013_audit_signed_segments.sql (12.25ms)
2026/10/08 14:42:06 OK   00014_audit_segment_predecessors.sql (7.14ms)
2026/10/08 14:42:06 OK   00015_source_schema_scope.sql (9.62ms)
2026/10/08 14:42:06 OK   00016_cluster_registration_metadata.sql (12.76ms)
2026/10/08 14:42:06 OK   00017_source_data_scope.sql (5.89ms)
2026/10/08 14:42:06 OK   00018_sp04_resources_evidence.sql (16.7ms)
2026/10/08 14:42:06 OK   00019_sp04_archive_ciphertext_bytes.sql (3.52ms)
2026/10/08 14:42:06 OK   00020_sp04_request_ledger.sql (4.13ms)
2026/10/08 14:42:06 OK   00021_sp04_archive_protection.sql (10.38ms)
2026/10/08 14:42:06 OK   00022_sp04_legal_hold_dependencies.sql (4.74ms)
2026/10/08 14:42:06 OK   00023_sp04_archive_query_intent.sql (11.78ms)
2026/10/08 14:42:07 OK   00024_sp05_finding_incident.sql (25.9ms)
2026/10/08 14:42:07 OK   00025_sp05_incident_event_time.sql (3.65ms)
2026/10/08 14:42:07 OK   00026_sp05_source_binding_lock.sql (7.3ms)
2026/10/08 14:42:07 OK   00027_sp05_rca_and_poll.sql (26.67ms)
2026/10/08 14:42:07 OK   00028_sp05_operator_lock.sql (8.71ms)
2026/10/08 14:42:07 OK   00029_sp05_evidence_links.sql (7.27ms)
2026/10/08 14:42:07 OK   00030_sp05_recipe_fence.sql (4.09ms)
2026/10/08 14:42:07 OK   00031_sp05_rca_postcheck.sql (3.97ms)
2026/10/08 14:42:07 OK   00032_sp05_transport_audit.sql (7.05ms)
2026/10/08 14:42:07 OK   00033_sp05_poll_resolution_clock.sql (8.59ms)
2026/10/08 14:42:07 OK   00034_sp06_investigation_ledger.sql (25.15ms)
2026/10/08 14:42:07 OK   00035_sp06_admission_data_classes.sql (3.72ms)
2026/10/08 14:42:07 goose: successfully migrated database to version: 35
2026/10/08 14:42:07 OK   00001_roles_and_schemas.sql (11.71ms)
2026/10/08 14:42:07 goose: successfully migrated database to version: 1
2026/10/08 14:42:15 OK   00002_platform_meta.sql (62ms)
2026/10/08 14:42:15 OK   00003_finding.sql (19.34ms)
2026/10/08 14:42:15 OK   00004_incident.sql (31.36ms)
2026/10/08 14:42:15 OK   00005_investigation.sql (10.61ms)
2026/10/08 14:42:15 OK   00006_action_command.sql (22.77ms)
2026/10/08 14:42:15 OK   00007_audit.sql (26.72ms)
2026/10/08 14:42:15 OK   00008_rls.sql (30.77ms)
2026/10/08 14:42:15 OK   00009_idempotency_ledger.sql (15.6ms)
2026/10/08 14:42:15 OK   00010_tenant_provisioning.sql (5.9ms)
2026/10/08 14:42:15 OK   00011_source_registration_history.sql (7.36ms)
2026/10/08 14:42:15 OK   00012_config_registry_lifecycle.sql (11.73ms)
2026/10/08 14:42:15 OK   00013_audit_signed_segments.sql (28.03ms)
2026/10/08 14:42:15 OK   00014_audit_segment_predecessors.sql (9.2ms)
2026/10/08 14:42:15 OK   00015_source_schema_scope.sql (4.22ms)
2026/10/08 14:42:15 OK   00016_cluster_registration_metadata.sql (7.02ms)
2026/10/08 14:42:15 OK   00017_source_data_scope.sql (9.09ms)
2026/10/08 14:42:16 OK   00018_sp04_resources_evidence.sql (35.2ms)
2026/10/08 14:42:16 OK   00019_sp04_archive_ciphertext_bytes.sql (4.67ms)
2026/10/08 14:42:16 OK   00020_sp04_request_ledger.sql (5.18ms)
2026/10/08 14:42:16 OK   00021_sp04_archive_protection.sql (4.31ms)
2026/10/08 14:42:16 OK   00022_sp04_legal_hold_dependencies.sql (4.7ms)
2026/10/08 14:42:16 OK   00023_sp04_archive_query_intent.sql (7.46ms)
2026/10/08 14:42:16 OK   00024_sp05_finding_incident.sql (38.51ms)
2026/10/08 14:42:16 OK   00025_sp05_incident_event_time.sql (3.63ms)
2026/10/08 14:42:16 OK   00026_sp05_source_binding_lock.sql (5.06ms)
2026/10/08 14:42:16 OK   00027_sp05_rca_and_poll.sql (24.8ms)
2026/10/08 14:42:16 OK   00028_sp05_operator_lock.sql (5.58ms)
2026/10/08 14:42:16 OK   00029_sp05_evidence_links.sql (6.18ms)
2026/10/08 14:42:16 OK   00030_sp05_recipe_fence.sql (2.97ms)
2026/10/08 14:42:16 OK   00031_sp05_rca_postcheck.sql (2.77ms)
2026/10/08 14:42:16 OK   00032_sp05_transport_audit.sql (8.22ms)
2026/10/08 14:42:16 OK   00033_sp05_poll_resolution_clock.sql (5.74ms)
2026/10/08 14:42:16 OK   00034_sp06_investigation_ledger.sql (42.37ms)
2026/10/08 14:42:16 OK   00035_sp06_admission_data_classes.sql (14.05ms)
2026/10/08 14:42:16 goose: successfully migrated database to version: 35
2026/10/08 14:42:16 OK   00001_roles_and_schemas.sql (14.15ms)
2026/10/08 14:42:16 goose: successfully migrated database to version: 1
2026/10/08 14:42:16 OK   00002_platform_meta.sql (40.14ms)
2026/10/08 14:42:16 OK   00003_finding.sql (21.65ms)
2026/10/08 14:42:16 OK   00004_incident.sql (12.76ms)
2026/10/08 14:42:16 OK   00005_investigation.sql (45.93ms)
2026/10/08 14:42:16 OK   00006_action_command.sql (36.67ms)
2026/10/08 14:42:17 OK   00007_audit.sql (19.04ms)
2026/10/08 14:42:17 OK   00008_rls.sql (20.68ms)
2026/10/08 14:42:17 OK   00009_idempotency_ledger.sql (44.87ms)
2026/10/08 14:42:17 OK   00010_tenant_provisioning.sql (11.11ms)
2026/10/08 14:42:17 OK   00011_source_registration_history.sql (44.32ms)
2026/10/08 14:42:17 OK   00012_config_registry_lifecycle.sql (64.18ms)
2026/10/08 14:42:17 OK   00013_audit_signed_segments.sql (61.29ms)
2026/10/08 14:42:17 OK   00014_audit_segment_predecessors.sql (25.19ms)
2026/10/08 14:42:17 OK   00015_source_schema_scope.sql (28.33ms)
2026/10/08 14:42:17 OK   00016_cluster_registration_metadata.sql (7.63ms)
2026/10/08 14:42:17 OK   00017_source_data_scope.sql (4.04ms)
2026/10/08 14:42:17 OK   00018_sp04_resources_evidence.sql (15.38ms)
2026/10/08 14:42:17 OK   00019_sp04_archive_ciphertext_bytes.sql (4.12ms)
2026/10/08 14:42:17 OK   00020_sp04_request_ledger.sql (6.28ms)
2026/10/08 14:42:17 OK   00021_sp04_archive_protection.sql (23.4ms)
2026/10/08 14:42:17 OK   00022_sp04_legal_hold_dependencies.sql (17.43ms)
2026/10/08 14:42:17 OK   00023_sp04_archive_query_intent.sql (23.14ms)
2026/10/08 14:42:17 OK   00024_sp05_finding_incident.sql (96.56ms)
2026/10/08 14:42:17 OK   00025_sp05_incident_event_time.sql (19.93ms)
2026/10/08 14:42:17 OK   00026_sp05_source_binding_lock.sql (11.86ms)
2026/10/08 14:42:17 OK   00027_sp05_rca_and_poll.sql (21.06ms)
2026/10/08 14:42:17 OK   00028_sp05_operator_lock.sql (31.03ms)
2026/10/08 14:42:17 OK   00029_sp05_evidence_links.sql (12.67ms)
2026/10/08 14:42:17 OK   00030_sp05_recipe_fence.sql (12.67ms)
2026/10/08 14:42:17 OK   00031_sp05_rca_postcheck.sql (6.15ms)
2026/10/08 14:42:17 OK   00032_sp05_transport_audit.sql (7.03ms)
2026/10/08 14:42:17 OK   00033_sp05_poll_resolution_clock.sql (7.42ms)
2026/10/08 14:42:17 OK   00034_sp06_investigation_ledger.sql (45.98ms)
2026/10/08 14:42:17 OK   00035_sp06_admission_data_classes.sql (4.54ms)
2026/10/08 14:42:17 goose: successfully migrated database to version: 35
2026/10/08 14:42:59 OK   00001_roles_and_schemas.sql (40.54ms)
2026/10/08 14:42:59 goose: successfully migrated database to version: 1
2026/10/08 14:42:59 OK   00002_platform_meta.sql (137.12ms)
2026/10/08 14:42:59 OK   00003_finding.sql (16.75ms)
2026/10/08 14:42:59 OK   00004_incident.sql (13.3ms)
2026/10/08 14:42:59 OK   00005_investigation.sql (19.62ms)
2026/10/08 14:42:59 OK   00006_action_command.sql (31.96ms)
2026/10/08 14:42:59 OK   00007_audit.sql (24.88ms)
2026/10/08 14:42:59 OK   00008_rls.sql (13.85ms)
2026/10/08 14:42:59 OK   00009_idempotency_ledger.sql (22.77ms)
2026/10/08 14:42:59 OK   00010_tenant_provisioning.sql (11.23ms)
2026/10/08 14:42:59 OK   00011_source_registration_history.sql (11.9ms)
2026/10/08 14:42:59 OK   00012_config_registry_lifecycle.sql (19ms)
2026/10/08 14:42:59 OK   00013_audit_signed_segments.sql (38.19ms)
2026/10/08 14:42:59 OK   00014_audit_segment_predecessors.sql (20.51ms)
2026/10/08 14:42:59 OK   00015_source_schema_scope.sql (13.5ms)
2026/10/08 14:42:59 OK   00016_cluster_registration_metadata.sql (10.89ms)
2026/10/08 14:42:59 OK   00017_source_data_scope.sql (13.42ms)
2026/10/08 14:42:59 OK   00018_sp04_resources_evidence.sql (28.45ms)
2026/10/08 14:42:59 OK   00019_sp04_archive_ciphertext_bytes.sql (9.28ms)
2026/10/08 14:42:59 OK   00020_sp04_request_ledger.sql (15.03ms)
2026/10/08 14:42:59 OK   00021_sp04_archive_protection.sql (7.32ms)
2026/10/08 14:42:59 OK   00022_sp04_legal_hold_dependencies.sql (7.18ms)
2026/10/08 14:42:59 OK   00023_sp04_archive_query_intent.sql (5.96ms)
2026/10/08 14:42:59 OK   00024_sp05_finding_incident.sql (61.71ms)
2026/10/08 14:42:59 OK   00025_sp05_incident_event_time.sql (15.94ms)
2026/10/08 14:42:59 OK   00026_sp05_source_binding_lock.sql (12.02ms)
2026/10/08 14:42:59 OK   00027_sp05_rca_and_poll.sql (29.07ms)
2026/10/08 14:42:59 OK   00028_sp05_operator_lock.sql (18.57ms)
2026/10/08 14:42:59 OK   00029_sp05_evidence_links.sql (23.35ms)
2026/10/08 14:42:59 OK   00030_sp05_recipe_fence.sql (14.1ms)
2026/10/08 14:42:59 OK   00031_sp05_rca_postcheck.sql (7.06ms)
2026/10/08 14:42:59 OK   00032_sp05_transport_audit.sql (8.76ms)
2026/10/08 14:42:59 OK   00033_sp05_poll_resolution_clock.sql (7.92ms)
2026/10/08 14:42:59 OK   00034_sp06_investigation_ledger.sql (249.03ms)
2026/10/08 14:43:00 OK   00035_sp06_admission_data_classes.sql (17.29ms)
2026/10/08 14:43:00 goose: successfully migrated database to version: 35
2026/10/08 14:43:00 OK   00001_roles_and_schemas.sql (79.75ms)
2026/10/08 14:43:00 OK   00002_platform_meta.sql (46.17ms)
2026/10/08 14:43:00 OK   00003_finding.sql (33.09ms)
2026/10/08 14:43:00 OK   00004_incident.sql (16.33ms)
2026/10/08 14:43:00 OK   00005_investigation.sql (13.9ms)
2026/10/08 14:43:00 OK   00006_action_command.sql (62.81ms)
2026/10/08 14:43:00 OK   00007_audit.sql (47.44ms)
2026/10/08 14:43:00 OK   00008_rls.sql (23.25ms)
2026/10/08 14:43:00 OK   00009_idempotency_ledger.sql (46.43ms)
2026/10/08 14:43:00 OK   00010_tenant_provisioning.sql (28.02ms)
2026/10/08 14:43:00 OK   00011_source_registration_history.sql (107.08ms)
2026/10/08 14:43:00 OK   00012_config_registry_lifecycle.sql (42.23ms)
2026/10/08 14:43:00 OK   00013_audit_signed_segments.sql (45.39ms)
2026/10/08 14:43:01 OK   00014_audit_segment_predecessors.sql (35.1ms)
2026/10/08 14:43:01 OK   00015_source_schema_scope.sql (14.24ms)
2026/10/08 14:43:01 OK   00016_cluster_registration_metadata.sql (20.04ms)
2026/10/08 14:43:01 OK   00017_source_data_scope.sql (10.1ms)
2026/10/08 14:43:01 OK   00018_sp04_resources_evidence.sql (35.69ms)
2026/10/08 14:43:01 OK   00019_sp04_archive_ciphertext_bytes.sql (12.74ms)
2026/10/08 14:43:01 OK   00020_sp04_request_ledger.sql (11.26ms)
2026/10/08 14:43:01 OK   00021_sp04_archive_protection.sql (7.64ms)
2026/10/08 14:43:01 OK   00022_sp04_legal_hold_dependencies.sql (5.29ms)
2026/10/08 14:43:01 OK   00023_sp04_archive_query_intent.sql (9.52ms)
2026/10/08 14:43:01 OK   00024_sp05_finding_incident.sql (44.25ms)
2026/10/08 14:43:01 OK   00025_sp05_incident_event_time.sql (26.34ms)
2026/10/08 14:43:01 OK   00026_sp05_source_binding_lock.sql (13.05ms)
2026/10/08 14:43:01 OK   00027_sp05_rca_and_poll.sql (12.65ms)
2026/10/08 14:43:01 OK   00028_sp05_operator_lock.sql (14.5ms)
2026/10/08 14:43:01 OK   00029_sp05_evidence_links.sql (29.43ms)
2026/10/08 14:43:01 OK   00030_sp05_recipe_fence.sql (5.59ms)
2026/10/08 14:43:01 OK   00031_sp05_rca_postcheck.sql (7.76ms)
2026/10/08 14:43:01 OK   00032_sp05_transport_audit.sql (13.85ms)
2026/10/08 14:43:01 OK   00033_sp05_poll_resolution_clock.sql (11.27ms)
2026/10/08 14:43:01 OK   00034_sp06_investigation_ledger.sql (62.77ms)
2026/10/08 14:43:01 OK   00035_sp06_admission_data_classes.sql (6.9ms)
2026/10/08 14:43:01 goose: successfully migrated database to version: 35
2026/10/08 14:43:04 OK   00001_roles_and_schemas.sql (47.11ms)
2026/10/08 14:43:04 goose: successfully migrated database to version: 1
2026/10/08 14:43:04 OK   00002_platform_meta.sql (53.67ms)
2026/10/08 14:43:04 OK   00003_finding.sql (26.66ms)
2026/10/08 14:43:04 OK   00004_incident.sql (15.89ms)
2026/10/08 14:43:04 OK   00005_investigation.sql (19.68ms)
2026/10/08 14:43:04 OK   00006_action_command.sql (18.95ms)
2026/10/08 14:43:04 OK   00007_audit.sql (37.89ms)
2026/10/08 14:43:04 OK   00008_rls.sql (23.78ms)
2026/10/08 14:43:04 OK   00009_idempotency_ledger.sql (54.39ms)
2026/10/08 14:43:04 OK   00010_tenant_provisioning.sql (19.7ms)
2026/10/08 14:43:04 OK   00011_source_registration_history.sql (34.18ms)
2026/10/08 14:43:04 OK   00012_config_registry_lifecycle.sql (40.89ms)
2026/10/08 14:43:04 OK   00013_audit_signed_segments.sql (29.31ms)
2026/10/08 14:43:04 OK   00014_audit_segment_predecessors.sql (10.22ms)
2026/10/08 14:43:04 OK   00015_source_schema_scope.sql (10.05ms)
2026/10/08 14:43:04 OK   00016_cluster_registration_metadata.sql (21.26ms)
2026/10/08 14:43:04 goose: successfully migrated database to version: 16
2026/10/08 14:43:04 OK   00017_source_data_scope.sql (16.45ms)
2026/10/08 14:43:04 OK   00018_sp04_resources_evidence.sql (45.46ms)
2026/10/08 14:43:04 OK   00019_sp04_archive_ciphertext_bytes.sql (15.19ms)
2026/10/08 14:43:04 OK   00020_sp04_request_ledger.sql (8.27ms)
2026/10/08 14:43:04 OK   00021_sp04_archive_protection.sql (4.15ms)
2026/10/08 14:43:04 OK   00022_sp04_legal_hold_dependencies.sql (3.37ms)
2026/10/08 14:43:04 OK   00023_sp04_archive_query_intent.sql (3.63ms)
2026/10/08 14:43:04 OK   00024_sp05_finding_incident.sql (59.42ms)
2026/10/08 14:43:04 OK   00025_sp05_incident_event_time.sql (8.1ms)
2026/10/08 14:43:04 OK   00026_sp05_source_binding_lock.sql (9.33ms)
2026/10/08 14:43:04 OK   00027_sp05_rca_and_poll.sql (23.58ms)
2026/10/08 14:43:04 OK   00028_sp05_operator_lock.sql (11.65ms)
2026/10/08 14:43:04 OK   00029_sp05_evidence_links.sql (15.82ms)
2026/10/08 14:43:04 OK   00030_sp05_recipe_fence.sql (5.52ms)
2026/10/08 14:43:04 OK   00031_sp05_rca_postcheck.sql (11.74ms)
2026/10/08 14:43:04 OK   00032_sp05_transport_audit.sql (8.33ms)
2026/10/08 14:43:04 OK   00033_sp05_poll_resolution_clock.sql (8.41ms)
2026/10/08 14:43:05 OK   00034_sp06_investigation_ledger.sql (68.04ms)
2026/10/08 14:43:05 OK   00035_sp06_admission_data_classes.sql (7.37ms)
2026/10/08 14:43:05 goose: successfully migrated database to version: 35
2026/10/08 14:43:05 OK   00001_roles_and_schemas.sql (15.12ms)
2026/10/08 14:43:05 goose: successfully migrated database to version: 1
2026/10/08 14:43:05 OK   00002_platform_meta.sql (61.26ms)
2026/10/08 14:43:05 OK   00003_finding.sql (36.98ms)
2026/10/08 14:43:05 OK   00004_incident.sql (15.84ms)
2026/10/08 14:43:05 OK   00005_investigation.sql (38.45ms)
2026/10/08 14:43:05 OK   00006_action_command.sql (22.52ms)
2026/10/08 14:43:05 OK   00007_audit.sql (27.56ms)
2026/10/08 14:43:05 OK   00008_rls.sql (35.8ms)
2026/10/08 14:43:05 OK   00009_idempotency_ledger.sql (11.49ms)
2026/10/08 14:43:05 OK   00010_tenant_provisioning.sql (6.66ms)
2026/10/08 14:43:05 OK   00011_source_registration_history.sql (12.92ms)
2026/10/08 14:43:05 OK   00012_config_registry_lifecycle.sql (21.57ms)
2026/10/08 14:43:05 OK   00013_audit_signed_segments.sql (19.88ms)
2026/10/08 14:43:05 OK   00014_audit_segment_predecessors.sql (16.09ms)
2026/10/08 14:43:05 OK   00015_source_schema_scope.sql (5.43ms)
2026/10/08 14:43:05 OK   00016_cluster_registration_metadata.sql (8.26ms)
2026/10/08 14:43:05 OK   00017_source_data_scope.sql (6.79ms)
2026/10/08 14:43:05 OK   00018_sp04_resources_evidence.sql (43.84ms)
2026/10/08 14:43:05 OK   00019_sp04_archive_ciphertext_bytes.sql (11.46ms)
2026/10/08 14:43:05 OK   00020_sp04_request_ledger.sql (13.3ms)
2026/10/08 14:43:05 OK   00021_sp04_archive_protection.sql (7.13ms)
2026/10/08 14:43:05 OK   00022_sp04_legal_hold_dependencies.sql (4.1ms)
2026/10/08 14:43:05 OK   00023_sp04_archive_query_intent.sql (4.07ms)
2026/10/08 14:43:05 OK   00024_sp05_finding_incident.sql (51.6ms)
2026/10/08 14:43:05 OK   00025_sp05_incident_event_time.sql (6.11ms)
2026/10/08 14:43:05 OK   00026_sp05_source_binding_lock.sql (6.13ms)
2026/10/08 14:43:05 OK   00027_sp05_rca_and_poll.sql (19.42ms)
2026/10/08 14:43:05 OK   00028_sp05_operator_lock.sql (6.07ms)
2026/10/08 14:43:05 OK   00029_sp05_evidence_links.sql (15.47ms)
2026/10/08 14:43:05 OK   00030_sp05_recipe_fence.sql (4.75ms)
2026/10/08 14:43:05 OK   00031_sp05_rca_postcheck.sql (4.63ms)
2026/10/08 14:43:05 OK   00032_sp05_transport_audit.sql (3.96ms)
2026/10/08 14:43:05 OK   00033_sp05_poll_resolution_clock.sql (11.18ms)
2026/10/08 14:43:06 OK   00034_sp06_investigation_ledger.sql (120.03ms)
2026/10/08 14:43:06 OK   00035_sp06_admission_data_classes.sql (34.98ms)
2026/10/08 14:43:06 goose: successfully migrated database to version: 35
2026/10/08 14:43:07 OK   00001_roles_and_schemas.sql (57.68ms)
2026/10/08 14:43:07 goose: successfully migrated database to version: 1
2026/10/08 14:43:07 OK   00002_platform_meta.sql (63.43ms)
2026/10/08 14:43:07 OK   00003_finding.sql (45.99ms)
2026/10/08 14:43:07 OK   00004_incident.sql (17.47ms)
2026/10/08 14:43:07 OK   00005_investigation.sql (21.04ms)
2026/10/08 14:43:07 OK   00006_action_command.sql (19.49ms)
2026/10/08 14:43:07 OK   00007_audit.sql (24.32ms)
2026/10/08 14:43:07 OK   00008_rls.sql (27.64ms)
2026/10/08 14:43:07 OK   00009_idempotency_ledger.sql (14.99ms)
2026/10/08 14:43:07 OK   00010_tenant_provisioning.sql (8.65ms)
2026/10/08 14:43:07 OK   00011_source_registration_history.sql (17.38ms)
2026/10/08 14:43:07 OK   00012_config_registry_lifecycle.sql (28.48ms)
2026/10/08 14:43:07 OK   00013_audit_signed_segments.sql (46.73ms)
2026/10/08 14:43:07 OK   00014_audit_segment_predecessors.sql (12.08ms)
2026/10/08 14:43:07 OK   00015_source_schema_scope.sql (10.6ms)
2026/10/08 14:43:07 OK   00016_cluster_registration_metadata.sql (28.14ms)
2026/10/08 14:43:07 OK   00017_source_data_scope.sql (22.22ms)
2026/10/08 14:43:07 OK   00018_sp04_resources_evidence.sql (46.27ms)
2026/10/08 14:43:07 OK   00019_sp04_archive_ciphertext_bytes.sql (3.43ms)
2026/10/08 14:43:07 OK   00020_sp04_request_ledger.sql (13.23ms)
2026/10/08 14:43:07 OK   00021_sp04_archive_protection.sql (8.54ms)
2026/10/08 14:43:07 OK   00022_sp04_legal_hold_dependencies.sql (11.26ms)
2026/10/08 14:43:07 OK   00023_sp04_archive_query_intent.sql (11.06ms)
2026/10/08 14:43:07 OK   00024_sp05_finding_incident.sql (59.22ms)
2026/10/08 14:43:07 OK   00025_sp05_incident_event_time.sql (5.83ms)
2026/10/08 14:43:07 OK   00026_sp05_source_binding_lock.sql (4.4ms)
2026/10/08 14:43:07 OK   00027_sp05_rca_and_poll.sql (16.98ms)
2026/10/08 14:43:07 OK   00028_sp05_operator_lock.sql (6.88ms)
2026/10/08 14:43:07 OK   00029_sp05_evidence_links.sql (10.16ms)
2026/10/08 14:43:07 OK   00030_sp05_recipe_fence.sql (5.51ms)
2026/10/08 14:43:07 OK   00031_sp05_rca_postcheck.sql (4.27ms)
2026/10/08 14:43:07 OK   00032_sp05_transport_audit.sql (3.5ms)
2026/10/08 14:43:07 OK   00033_sp05_poll_resolution_clock.sql (6.84ms)
2026/10/08 14:43:07 OK   00034_sp06_investigation_ledger.sql (46.21ms)
2026/10/08 14:43:07 OK   00035_sp06_admission_data_classes.sql (7.54ms)
2026/10/08 14:43:07 goose: successfully migrated database to version: 35
2026/10/08 14:43:28 OK   00001_roles_and_schemas.sql (52.34ms)
2026/10/08 14:43:28 goose: successfully migrated database to version: 1
2026/10/08 14:43:28 OK   00002_platform_meta.sql (44.37ms)
2026/10/08 14:43:28 OK   00003_finding.sql (19.33ms)
2026/10/08 14:43:28 OK   00004_incident.sql (30.57ms)
2026/10/08 14:43:28 OK   00005_investigation.sql (29.46ms)
2026/10/08 14:43:28 OK   00006_action_command.sql (10.35ms)
2026/10/08 14:43:28 OK   00007_audit.sql (42.45ms)
2026/10/08 14:43:28 OK   00008_rls.sql (23.38ms)
2026/10/08 14:43:28 OK   00009_idempotency_ledger.sql (10.84ms)
2026/10/08 14:43:28 OK   00010_tenant_provisioning.sql (9.49ms)
2026/10/08 14:43:28 OK   00011_source_registration_history.sql (19.78ms)
2026/10/08 14:43:28 OK   00012_config_registry_lifecycle.sql (27.13ms)
2026/10/08 14:43:28 OK   00013_audit_signed_segments.sql (44.12ms)
2026/10/08 14:43:28 OK   00014_audit_segment_predecessors.sql (21.5ms)
2026/10/08 14:43:28 OK   00015_source_schema_scope.sql (4.93ms)
2026/10/08 14:43:28 OK   00016_cluster_registration_metadata.sql (19.09ms)
2026/10/08 14:43:28 OK   00017_source_data_scope.sql (10.71ms)
2026/10/08 14:43:28 OK   00018_sp04_resources_evidence.sql (48.85ms)
2026/10/08 14:43:28 OK   00019_sp04_archive_ciphertext_bytes.sql (17.32ms)
2026/10/08 14:43:28 OK   00020_sp04_request_ledger.sql (9.47ms)
2026/10/08 14:43:28 OK   00021_sp04_archive_protection.sql (11.86ms)
2026/10/08 14:43:28 OK   00022_sp04_legal_hold_dependencies.sql (9.23ms)
2026/10/08 14:43:28 OK   00023_sp04_archive_query_intent.sql (18.82ms)
2026/10/08 14:43:28 OK   00024_sp05_finding_incident.sql (88.86ms)
2026/10/08 14:43:28 OK   00025_sp05_incident_event_time.sql (6.26ms)
2026/10/08 14:43:28 OK   00026_sp05_source_binding_lock.sql (12.33ms)
2026/10/08 14:43:28 OK   00027_sp05_rca_and_poll.sql (18.32ms)
2026/10/08 14:43:28 OK   00028_sp05_operator_lock.sql (8.23ms)
2026/10/08 14:43:28 OK   00029_sp05_evidence_links.sql (12.2ms)
2026/10/08 14:43:28 OK   00030_sp05_recipe_fence.sql (4.74ms)
2026/10/08 14:43:28 OK   00031_sp05_rca_postcheck.sql (4.65ms)
2026/10/08 14:43:28 OK   00032_sp05_transport_audit.sql (6.2ms)
2026/10/08 14:43:28 OK   00033_sp05_poll_resolution_clock.sql (5.48ms)
2026/10/08 14:43:28 OK   00034_sp06_investigation_ledger.sql (35.11ms)
2026/10/08 14:43:28 OK   00035_sp06_admission_data_classes.sql (8.69ms)
2026/10/08 14:43:28 goose: successfully migrated database to version: 35
2026/10/08 14:43:30 OK   00001_roles_and_schemas.sql (61.05ms)
2026/10/08 14:43:30 goose: successfully migrated database to version: 1
2026/10/08 14:43:30 OK   00002_platform_meta.sql (116.17ms)
2026/10/08 14:43:30 OK   00003_finding.sql (51.02ms)
2026/10/08 14:43:30 OK   00004_incident.sql (20.08ms)
2026/10/08 14:43:30 OK   00005_investigation.sql (23.08ms)
2026/10/08 14:43:30 OK   00006_action_command.sql (28.39ms)
2026/10/08 14:43:30 OK   00007_audit.sql (36.58ms)
2026/10/08 14:43:30 OK   00008_rls.sql (22.44ms)
2026/10/08 14:43:31 OK   00009_idempotency_ledger.sql (164.35ms)
2026/10/08 14:43:31 OK   00010_tenant_provisioning.sql (60.54ms)
2026/10/08 14:43:31 OK   00011_source_registration_history.sql (79.8ms)
2026/10/08 14:43:31 OK   00012_config_registry_lifecycle.sql (73.5ms)
2026/10/08 14:43:31 OK   00013_audit_signed_segments.sql (68.4ms)
2026/10/08 14:43:31 OK   00014_audit_segment_predecessors.sql (15.45ms)
2026/10/08 14:43:31 OK   00015_source_schema_scope.sql (6.79ms)
2026/10/08 14:43:31 OK   00016_cluster_registration_metadata.sql (8.94ms)
2026/10/08 14:43:31 OK   00017_source_data_scope.sql (14.07ms)
2026/10/08 14:43:31 OK   00018_sp04_resources_evidence.sql (39.28ms)
2026/10/08 14:43:31 OK   00019_sp04_archive_ciphertext_bytes.sql (9.26ms)
2026/10/08 14:43:31 OK   00020_sp04_request_ledger.sql (10.48ms)
2026/10/08 14:43:31 OK   00021_sp04_archive_protection.sql (17.54ms)
2026/10/08 14:43:31 OK   00022_sp04_legal_hold_dependencies.sql (8.93ms)
2026/10/08 14:43:31 OK   00023_sp04_archive_query_intent.sql (9.81ms)
2026/10/08 14:43:31 OK   00024_sp05_finding_incident.sql (67.18ms)
2026/10/08 14:43:31 OK   00025_sp05_incident_event_time.sql (15.56ms)
2026/10/08 14:43:31 OK   00026_sp05_source_binding_lock.sql (10.76ms)
2026/10/08 14:43:31 OK   00027_sp05_rca_and_poll.sql (27.63ms)
2026/10/08 14:43:31 OK   00028_sp05_operator_lock.sql (26.65ms)
2026/10/08 14:43:31 OK   00029_sp05_evidence_links.sql (27.95ms)
2026/10/08 14:43:31 OK   00030_sp05_recipe_fence.sql (7.51ms)
2026/10/08 14:43:31 OK   00031_sp05_rca_postcheck.sql (5.92ms)
2026/10/08 14:43:31 OK   00032_sp05_transport_audit.sql (5.56ms)
2026/10/08 14:43:31 OK   00033_sp05_poll_resolution_clock.sql (17.15ms)
2026/10/08 14:43:31 OK   00034_sp06_investigation_ledger.sql (90.07ms)
2026/10/08 14:43:31 OK   00035_sp06_admission_data_classes.sql (19.72ms)
2026/10/08 14:43:31 goose: successfully migrated database to version: 35
2026/10/08 14:44:07 OK   00001_roles_and_schemas.sql (119.22ms)
2026/10/08 14:44:07 goose: successfully migrated database to version: 1
2026/10/08 14:44:07 OK   00002_platform_meta.sql (88.46ms)
2026/10/08 14:44:07 OK   00003_finding.sql (75.99ms)
2026/10/08 14:44:07 OK   00004_incident.sql (14.46ms)
2026/10/08 14:44:07 OK   00005_investigation.sql (24.82ms)
2026/10/08 14:44:07 OK   00006_action_command.sql (64.7ms)
2026/10/08 14:44:07 OK   00007_audit.sql (65.63ms)
2026/10/08 14:44:07 OK   00008_rls.sql (39.58ms)
2026/10/08 14:44:07 OK   00009_idempotency_ledger.sql (10.22ms)
2026/10/08 14:44:07 OK   00010_tenant_provisioning.sql (9.04ms)
2026/10/08 14:44:07 OK   00011_source_registration_history.sql (31.33ms)
2026/10/08 14:44:07 OK   00012_config_registry_lifecycle.sql (31.73ms)
2026/10/08 14:44:07 OK   00013_audit_signed_segments.sql (59.29ms)
2026/10/08 14:44:07 OK   00014_audit_segment_predecessors.sql (72.17ms)
2026/10/08 14:44:07 OK   00015_source_schema_scope.sql (7.91ms)
2026/10/08 14:44:07 OK   00016_cluster_registration_metadata.sql (30.68ms)
2026/10/08 14:44:07 OK   00017_source_data_scope.sql (6.69ms)
2026/10/08 14:44:07 OK   00018_sp04_resources_evidence.sql (59.62ms)
2026/10/08 14:44:07 OK   00019_sp04_archive_ciphertext_bytes.sql (22.68ms)
2026/10/08 14:44:07 OK   00020_sp04_request_ledger.sql (23.1ms)
2026/10/08 14:44:07 OK   00021_sp04_archive_protection.sql (22.12ms)
2026/10/08 14:44:07 OK   00022_sp04_legal_hold_dependencies.sql (5.58ms)
2026/10/08 14:44:07 OK   00023_sp04_archive_query_intent.sql (5.09ms)
2026/10/08 14:44:08 OK   00024_sp05_finding_incident.sql (189.02ms)
2026/10/08 14:44:08 OK   00025_sp05_incident_event_time.sql (5.11ms)
2026/10/08 14:44:08 OK   00026_sp05_source_binding_lock.sql (6.79ms)
2026/10/08 14:44:08 OK   00027_sp05_rca_and_poll.sql (18.65ms)
2026/10/08 14:44:08 OK   00028_sp05_operator_lock.sql (8.94ms)
2026/10/08 14:44:08 OK   00029_sp05_evidence_links.sql (43.95ms)
2026/10/08 14:44:08 OK   00030_sp05_recipe_fence.sql (15.3ms)
2026/10/08 14:44:08 OK   00031_sp05_rca_postcheck.sql (7.67ms)
2026/10/08 14:44:08 OK   00032_sp05_transport_audit.sql (16.05ms)
2026/10/08 14:44:08 OK   00033_sp05_poll_resolution_clock.sql (9.04ms)
2026/10/08 14:44:08 OK   00034_sp06_investigation_ledger.sql (365.07ms)
2026/10/08 14:44:08 OK   00035_sp06_admission_data_classes.sql (16.22ms)
2026/10/08 14:44:08 goose: successfully migrated database to version: 35
2026/10/08 14:44:15 OK   00001_roles_and_schemas.sql (52.05ms)
2026/10/08 14:44:15 goose: successfully migrated database to version: 1
2026/10/08 14:44:15 OK   00002_platform_meta.sql (116.9ms)
2026/10/08 14:44:15 OK   00003_finding.sql (25.71ms)
2026/10/08 14:44:15 OK   00004_incident.sql (14.47ms)
2026/10/08 14:44:15 OK   00005_investigation.sql (25.72ms)
2026/10/08 14:44:15 OK   00006_action_command.sql (20.19ms)
2026/10/08 14:44:15 OK   00007_audit.sql (61.1ms)
2026/10/08 14:44:15 OK   00008_rls.sql (74.7ms)
2026/10/08 14:44:15 OK   00009_idempotency_ledger.sql (20.03ms)
2026/10/08 14:44:15 OK   00010_tenant_provisioning.sql (6.56ms)
2026/10/08 14:44:15 OK   00011_source_registration_history.sql (15.9ms)
2026/10/08 14:44:15 OK   00012_config_registry_lifecycle.sql (25.4ms)
2026/10/08 14:44:15 OK   00013_audit_signed_segments.sql (23.68ms)
2026/10/08 14:44:15 OK   00014_audit_segment_predecessors.sql (30.89ms)
2026/10/08 14:44:15 OK   00015_source_schema_scope.sql (10.05ms)
2026/10/08 14:44:15 OK   00016_cluster_registration_metadata.sql (11.08ms)
2026/10/08 14:44:15 OK   00017_source_data_scope.sql (30.31ms)
2026/10/08 14:44:15 OK   00018_sp04_resources_evidence.sql (67.4ms)
2026/10/08 14:44:15 OK   00019_sp04_archive_ciphertext_bytes.sql (7ms)
2026/10/08 14:44:15 OK   00020_sp04_request_ledger.sql (11.56ms)
2026/10/08 14:44:15 OK   00021_sp04_archive_protection.sql (8.28ms)
2026/10/08 14:44:15 OK   00022_sp04_legal_hold_dependencies.sql (7.31ms)
2026/10/08 14:44:15 OK   00023_sp04_archive_query_intent.sql (6.61ms)
2026/10/08 14:44:15 OK   00024_sp05_finding_incident.sql (63.43ms)
2026/10/08 14:44:15 OK   00025_sp05_incident_event_time.sql (13.24ms)
2026/10/08 14:44:15 OK   00026_sp05_source_binding_lock.sql (13.58ms)
2026/10/08 14:44:15 OK   00027_sp05_rca_and_poll.sql (11.88ms)
2026/10/08 14:44:15 OK   00028_sp05_operator_lock.sql (5.55ms)
2026/10/08 14:44:15 OK   00029_sp05_evidence_links.sql (10.05ms)
2026/10/08 14:44:15 OK   00030_sp05_recipe_fence.sql (4.77ms)
2026/10/08 14:44:15 OK   00031_sp05_rca_postcheck.sql (5.11ms)
2026/10/08 14:44:15 OK   00032_sp05_transport_audit.sql (5.01ms)
2026/10/08 14:44:15 OK   00033_sp05_poll_resolution_clock.sql (4.55ms)
2026/10/08 14:44:15 OK   00034_sp06_investigation_ledger.sql (34.08ms)
2026/10/08 14:44:15 OK   00035_sp06_admission_data_classes.sql (4.29ms)
2026/10/08 14:44:15 goose: successfully migrated database to version: 35
2026/10/08 14:44:16 OK   00001_roles_and_schemas.sql (29.34ms)
2026/10/08 14:44:16 goose: successfully migrated database to version: 1
2026/10/08 14:44:17 OK   00002_platform_meta.sql (42.16ms)
2026/10/08 14:44:17 OK   00003_finding.sql (28.71ms)
2026/10/08 14:44:17 OK   00004_incident.sql (10.21ms)
2026/10/08 14:44:17 OK   00005_investigation.sql (25.41ms)
2026/10/08 14:44:17 OK   00006_action_command.sql (17.74ms)
2026/10/08 14:44:17 OK   00007_audit.sql (32.16ms)
2026/10/08 14:44:17 OK   00008_rls.sql (18.23ms)
2026/10/08 14:44:17 OK   00009_idempotency_ledger.sql (47.39ms)
2026/10/08 14:44:17 OK   00010_tenant_provisioning.sql (11.18ms)
2026/10/08 14:44:17 OK   00011_source_registration_history.sql (22.33ms)
2026/10/08 14:44:17 OK   00012_config_registry_lifecycle.sql (41.17ms)
2026/10/08 14:44:17 OK   00013_audit_signed_segments.sql (57.35ms)
2026/10/08 14:44:17 OK   00014_audit_segment_predecessors.sql (7.86ms)
2026/10/08 14:44:17 OK   00015_source_schema_scope.sql (4.8ms)
2026/10/08 14:44:17 OK   00016_cluster_registration_metadata.sql (11.08ms)
2026/10/08 14:44:17 OK   00017_source_data_scope.sql (11.61ms)
2026/10/08 14:44:17 OK   00018_sp04_resources_evidence.sql (33.22ms)
2026/10/08 14:44:17 OK   00019_sp04_archive_ciphertext_bytes.sql (7.86ms)
2026/10/08 14:44:17 OK   00020_sp04_request_ledger.sql (31.43ms)
2026/10/08 14:44:17 OK   00021_sp04_archive_protection.sql (9.9ms)
2026/10/08 14:44:17 OK   00022_sp04_legal_hold_dependencies.sql (4.41ms)
2026/10/08 14:44:17 OK   00023_sp04_archive_query_intent.sql (3.84ms)
2026/10/08 14:44:17 OK   00024_sp05_finding_incident.sql (38.86ms)
2026/10/08 14:44:17 OK   00025_sp05_incident_event_time.sql (15.12ms)
2026/10/08 14:44:17 OK   00026_sp05_source_binding_lock.sql (12.86ms)
2026/10/08 14:44:17 OK   00027_sp05_rca_and_poll.sql (12.19ms)
2026/10/08 14:44:17 OK   00028_sp05_operator_lock.sql (6.06ms)
2026/10/08 14:44:17 OK   00029_sp05_evidence_links.sql (58.79ms)
2026/10/08 14:44:17 OK   00030_sp05_recipe_fence.sql (5.01ms)
2026/10/08 14:44:17 OK   00031_sp05_rca_postcheck.sql (8.35ms)
2026/10/08 14:44:17 OK   00032_sp05_transport_audit.sql (9.83ms)
2026/10/08 14:44:17 OK   00033_sp05_poll_resolution_clock.sql (9.57ms)
2026/10/08 14:44:17 OK   00034_sp06_investigation_ledger.sql (51.21ms)
2026/10/08 14:44:17 OK   00035_sp06_admission_data_classes.sql (16.44ms)
2026/10/08 14:44:17 goose: successfully migrated database to version: 35
2026/10/08 14:44:18 OK   00001_roles_and_schemas.sql (47.49ms)
2026/10/08 14:44:18 goose: successfully migrated database to version: 1
2026/10/08 14:44:18 OK   00002_platform_meta.sql (73.1ms)
2026/10/08 14:44:18 OK   00003_finding.sql (35.72ms)
2026/10/08 14:44:18 OK   00004_incident.sql (24.87ms)
2026/10/08 14:44:18 OK   00005_investigation.sql (10.62ms)
2026/10/08 14:44:18 OK   00006_action_command.sql (29.48ms)
2026/10/08 14:44:18 OK   00007_audit.sql (69.25ms)
2026/10/08 14:44:18 OK   00008_rls.sql (36.79ms)
2026/10/08 14:44:18 OK   00009_idempotency_ledger.sql (62.86ms)
2026/10/08 14:44:18 OK   00010_tenant_provisioning.sql (13.27ms)
2026/10/08 14:44:18 OK   00011_source_registration_history.sql (17.26ms)
2026/10/08 14:44:18 OK   00012_config_registry_lifecycle.sql (45.26ms)
2026/10/08 14:44:18 OK   00013_audit_signed_segments.sql (11.75ms)
2026/10/08 14:44:18 OK   00014_audit_segment_predecessors.sql (22.41ms)
2026/10/08 14:44:18 OK   00015_source_schema_scope.sql (16.11ms)
2026/10/08 14:44:18 OK   00016_cluster_registration_metadata.sql (18.04ms)
2026/10/08 14:44:18 OK   00017_source_data_scope.sql (7ms)
2026/10/08 14:44:18 OK   00018_sp04_resources_evidence.sql (53.01ms)
2026/10/08 14:44:18 OK   00019_sp04_archive_ciphertext_bytes.sql (11.27ms)
2026/10/08 14:44:18 OK   00020_sp04_request_ledger.sql (8.02ms)
2026/10/08 14:44:18 OK   00021_sp04_archive_protection.sql (5.42ms)
2026/10/08 14:44:18 OK   00022_sp04_legal_hold_dependencies.sql (4.22ms)
2026/10/08 14:44:18 OK   00023_sp04_archive_query_intent.sql (5.66ms)
2026/10/08 14:44:18 OK   00024_sp05_finding_incident.sql (41.7ms)
2026/10/08 14:44:18 OK   00025_sp05_incident_event_time.sql (6.67ms)
2026/10/08 14:44:18 OK   00026_sp05_source_binding_lock.sql (7.22ms)
2026/10/08 14:44:18 OK   00027_sp05_rca_and_poll.sql (13.06ms)
2026/10/08 14:44:18 OK   00028_sp05_operator_lock.sql (4.83ms)
2026/10/08 14:44:18 OK   00029_sp05_evidence_links.sql (13.39ms)
2026/10/08 14:44:18 OK   00030_sp05_recipe_fence.sql (6.67ms)
2026/10/08 14:44:18 OK   00031_sp05_rca_postcheck.sql (10.46ms)
2026/10/08 14:44:18 OK   00032_sp05_transport_audit.sql (6.92ms)
2026/10/08 14:44:18 OK   00033_sp05_poll_resolution_clock.sql (8.85ms)
2026/10/08 14:44:18 OK   00034_sp06_investigation_ledger.sql (45.05ms)
2026/10/08 14:44:18 OK   00035_sp06_admission_data_classes.sql (8.95ms)
2026/10/08 14:44:18 goose: successfully migrated database to version: 35
2026/10/08 14:44:39 OK   00001_roles_and_schemas.sql (31.27ms)
2026/10/08 14:44:39 goose: successfully migrated database to version: 1
2026/10/08 14:44:39 OK   00002_platform_meta.sql (48.51ms)
2026/10/08 14:44:39 OK   00003_finding.sql (36.29ms)
2026/10/08 14:44:39 OK   00004_incident.sql (31.77ms)
2026/10/08 14:44:39 OK   00005_investigation.sql (12.16ms)
2026/10/08 14:44:39 OK   00006_action_command.sql (13.27ms)
2026/10/08 14:44:39 OK   00007_audit.sql (29.17ms)
2026/10/08 14:44:39 OK   00008_rls.sql (15.77ms)
2026/10/08 14:44:39 OK   00009_idempotency_ledger.sql (10.65ms)
2026/10/08 14:44:39 OK   00010_tenant_provisioning.sql (22.29ms)
2026/10/08 14:44:39 OK   00011_source_registration_history.sql (36.63ms)
2026/10/08 14:44:39 OK   00012_config_registry_lifecycle.sql (13.94ms)
2026/10/08 14:44:39 OK   00013_audit_signed_segments.sql (54.76ms)
2026/10/08 14:44:39 OK   00014_audit_segment_predecessors.sql (6.68ms)
2026/10/08 14:44:39 OK   00015_source_schema_scope.sql (4.59ms)
2026/10/08 14:44:39 OK   00016_cluster_registration_metadata.sql (4.47ms)
2026/10/08 14:44:39 OK   00017_source_data_scope.sql (32.25ms)
2026/10/08 14:44:39 OK   00018_sp04_resources_evidence.sql (57.85ms)
2026/10/08 14:44:39 OK   00019_sp04_archive_ciphertext_bytes.sql (16.09ms)
2026/10/08 14:44:39 OK   00020_sp04_request_ledger.sql (18.3ms)
2026/10/08 14:44:39 OK   00021_sp04_archive_protection.sql (4.43ms)
2026/10/08 14:44:39 OK   00022_sp04_legal_hold_dependencies.sql (4.1ms)
2026/10/08 14:44:39 OK   00023_sp04_archive_query_intent.sql (7.3ms)
2026/10/08 14:44:40 OK   00024_sp05_finding_incident.sql (52.83ms)
2026/10/08 14:44:40 OK   00025_sp05_incident_event_time.sql (3.2ms)
2026/10/08 14:44:40 OK   00026_sp05_source_binding_lock.sql (5.17ms)
2026/10/08 14:44:40 OK   00027_sp05_rca_and_poll.sql (16.21ms)
2026/10/08 14:44:40 OK   00028_sp05_operator_lock.sql (10.11ms)
2026/10/08 14:44:40 OK   00029_sp05_evidence_links.sql (16.23ms)
2026/10/08 14:44:40 OK   00030_sp05_recipe_fence.sql (24.45ms)
2026/10/08 14:44:40 OK   00031_sp05_rca_postcheck.sql (14.18ms)
2026/10/08 14:44:40 OK   00032_sp05_transport_audit.sql (5.56ms)
2026/10/08 14:44:40 OK   00033_sp05_poll_resolution_clock.sql (11.77ms)
2026/10/08 14:44:40 OK   00034_sp06_investigation_ledger.sql (57.42ms)
2026/10/08 14:44:40 OK   00035_sp06_admission_data_classes.sql (13.66ms)
2026/10/08 14:44:40 goose: successfully migrated database to version: 35
2026/10/08 14:44:56 OK   00001_roles_and_schemas.sql (24.21ms)
2026/10/08 14:44:56 goose: successfully migrated database to version: 1
2026/10/08 14:44:57 OK   00002_platform_meta.sql (57.95ms)
2026/10/08 14:44:57 OK   00003_finding.sql (25.14ms)
2026/10/08 14:44:57 OK   00004_incident.sql (12.85ms)
2026/10/08 14:44:57 OK   00005_investigation.sql (22.26ms)
2026/10/08 14:44:57 OK   00006_action_command.sql (14.98ms)
2026/10/08 14:44:57 OK   00007_audit.sql (33.59ms)
2026/10/08 14:44:57 OK   00008_rls.sql (19.73ms)
2026/10/08 14:44:57 OK   00009_idempotency_ledger.sql (13.89ms)
2026/10/08 14:44:57 OK   00010_tenant_provisioning.sql (24.67ms)
2026/10/08 14:44:57 OK   00011_source_registration_history.sql (32.19ms)
2026/10/08 14:44:57 OK   00012_config_registry_lifecycle.sql (34.38ms)
2026/10/08 14:44:57 OK   00013_audit_signed_segments.sql (46.26ms)
2026/10/08 14:44:57 OK   00014_audit_segment_predecessors.sql (11.4ms)
2026/10/08 14:44:57 OK   00015_source_schema_scope.sql (12.53ms)
2026/10/08 14:44:57 OK   00016_cluster_registration_metadata.sql (15.61ms)
2026/10/08 14:44:57 OK   00017_source_data_scope.sql (10.21ms)
2026/10/08 14:44:57 OK   00018_sp04_resources_evidence.sql (33.3ms)
2026/10/08 14:44:57 OK   00019_sp04_archive_ciphertext_bytes.sql (16.59ms)
2026/10/08 14:44:57 OK   00020_sp04_request_ledger.sql (20.02ms)
2026/10/08 14:44:57 OK   00021_sp04_archive_protection.sql (7.58ms)
2026/10/08 14:44:57 OK   00022_sp04_legal_hold_dependencies.sql (4.98ms)
2026/10/08 14:44:57 OK   00023_sp04_archive_query_intent.sql (5.55ms)
2026/10/08 14:44:57 OK   00024_sp05_finding_incident.sql (61.73ms)
2026/10/08 14:44:57 OK   00025_sp05_incident_event_time.sql (4.54ms)
2026/10/08 14:44:57 OK   00026_sp05_source_binding_lock.sql (9.94ms)
2026/10/08 14:44:57 OK   00027_sp05_rca_and_poll.sql (20.82ms)
2026/10/08 14:44:57 OK   00028_sp05_operator_lock.sql (8.8ms)
2026/10/08 14:44:57 OK   00029_sp05_evidence_links.sql (8.5ms)
2026/10/08 14:44:57 OK   00030_sp05_recipe_fence.sql (5.09ms)
2026/10/08 14:44:57 OK   00031_sp05_rca_postcheck.sql (5.18ms)
2026/10/08 14:44:57 OK   00032_sp05_transport_audit.sql (4.22ms)
2026/10/08 14:44:57 OK   00033_sp05_poll_resolution_clock.sql (3.95ms)
2026/10/08 14:44:57 OK   00034_sp06_investigation_ledger.sql (45.52ms)
2026/10/08 14:44:57 OK   00035_sp06_admission_data_classes.sql (8.52ms)
2026/10/08 14:44:57 goose: successfully migrated database to version: 35
2026/10/08 14:45:15 OK   00001_roles_and_schemas.sql (50.56ms)
2026/10/08 14:45:15 goose: successfully migrated database to version: 1
2026/10/08 14:45:15 OK   00002_platform_meta.sql (41.75ms)
2026/10/08 14:45:15 OK   00003_finding.sql (22.46ms)
2026/10/08 14:45:15 OK   00004_incident.sql (12.23ms)
2026/10/08 14:45:15 OK   00005_investigation.sql (9.2ms)
2026/10/08 14:45:15 OK   00006_action_command.sql (14.07ms)
2026/10/08 14:45:15 OK   00007_audit.sql (29.88ms)
2026/10/08 14:45:15 OK   00008_rls.sql (23.17ms)
2026/10/08 14:45:15 OK   00009_idempotency_ledger.sql (11.23ms)
2026/10/08 14:45:15 OK   00010_tenant_provisioning.sql (5.02ms)
2026/10/08 14:45:15 OK   00011_source_registration_history.sql (12.46ms)
2026/10/08 14:45:15 OK   00012_config_registry_lifecycle.sql (32.08ms)
2026/10/08 14:45:16 OK   00013_audit_signed_segments.sql (32.66ms)
2026/10/08 14:45:16 OK   00014_audit_segment_predecessors.sql (16.51ms)
2026/10/08 14:45:16 OK   00015_source_schema_scope.sql (8.37ms)
2026/10/08 14:45:16 OK   00016_cluster_registration_metadata.sql (9.1ms)
2026/10/08 14:45:16 OK   00017_source_data_scope.sql (14.6ms)
2026/10/08 14:45:16 OK   00018_sp04_resources_evidence.sql (19.48ms)
2026/10/08 14:45:16 OK   00019_sp04_archive_ciphertext_bytes.sql (6.7ms)
2026/10/08 14:45:16 OK   00020_sp04_request_ledger.sql (7.91ms)
2026/10/08 14:45:16 OK   00021_sp04_archive_protection.sql (8.25ms)
2026/10/08 14:45:16 OK   00022_sp04_legal_hold_dependencies.sql (5.14ms)
2026/10/08 14:45:16 OK   00023_sp04_archive_query_intent.sql (6.05ms)
2026/10/08 14:45:16 OK   00024_sp05_finding_incident.sql (46.79ms)
2026/10/08 14:45:16 OK   00025_sp05_incident_event_time.sql (9.67ms)
2026/10/08 14:45:16 OK   00026_sp05_source_binding_lock.sql (12.47ms)
2026/10/08 14:45:16 OK   00027_sp05_rca_and_poll.sql (26.03ms)
2026/10/08 14:45:16 OK   00028_sp05_operator_lock.sql (6.35ms)
2026/10/08 14:45:16 OK   00029_sp05_evidence_links.sql (19.35ms)
2026/10/08 14:45:16 OK   00030_sp05_recipe_fence.sql (10.33ms)
2026/10/08 14:45:16 OK   00031_sp05_rca_postcheck.sql (6.09ms)
2026/10/08 14:45:16 OK   00032_sp05_transport_audit.sql (10.57ms)
2026/10/08 14:45:16 OK   00033_sp05_poll_resolution_clock.sql (11.95ms)
2026/10/08 14:45:16 OK   00034_sp06_investigation_ledger.sql (34.29ms)
2026/10/08 14:45:16 OK   00035_sp06_admission_data_classes.sql (6.23ms)
2026/10/08 14:45:16 goose: successfully migrated database to version: 35
2026/10/08 14:45:32 OK   00001_roles_and_schemas.sql (37.49ms)
2026/10/08 14:45:32 goose: successfully migrated database to version: 1
2026/10/08 14:45:33 OK   00002_platform_meta.sql (81.44ms)
2026/10/08 14:45:33 OK   00003_finding.sql (32.99ms)
2026/10/08 14:45:33 OK   00004_incident.sql (34.95ms)
2026/10/08 14:45:33 OK   00005_investigation.sql (33.39ms)
2026/10/08 14:45:33 OK   00006_action_command.sql (19.52ms)
2026/10/08 14:45:33 OK   00007_audit.sql (31.31ms)
2026/10/08 14:45:33 OK   00008_rls.sql (46.29ms)
2026/10/08 14:45:33 OK   00009_idempotency_ledger.sql (9.56ms)
2026/10/08 14:45:33 OK   00010_tenant_provisioning.sql (10.1ms)
2026/10/08 14:45:33 OK   00011_source_registration_history.sql (22.66ms)
2026/10/08 14:45:33 OK   00012_config_registry_lifecycle.sql (27.23ms)
2026/10/08 14:45:33 OK   00013_audit_signed_segments.sql (38.24ms)
2026/10/08 14:45:33 OK   00014_audit_segment_predecessors.sql (26.23ms)
2026/10/08 14:45:33 OK   00015_source_schema_scope.sql (3.8ms)
2026/10/08 14:45:33 OK   00016_cluster_registration_metadata.sql (8.71ms)
2026/10/08 14:45:33 OK   00017_source_data_scope.sql (9.06ms)
2026/10/08 14:45:33 OK   00018_sp04_resources_evidence.sql (46.97ms)
2026/10/08 14:45:33 OK   00019_sp04_archive_ciphertext_bytes.sql (7.15ms)
2026/10/08 14:45:33 OK   00020_sp04_request_ledger.sql (6.87ms)
2026/10/08 14:45:33 OK   00021_sp04_archive_protection.sql (13.81ms)
2026/10/08 14:45:33 OK   00022_sp04_legal_hold_dependencies.sql (48.64ms)
2026/10/08 14:45:33 OK   00023_sp04_archive_query_intent.sql (36.68ms)
2026/10/08 14:45:33 OK   00024_sp05_finding_incident.sql (54.33ms)
2026/10/08 14:45:33 OK   00025_sp05_incident_event_time.sql (7.97ms)
2026/10/08 14:45:33 OK   00026_sp05_source_binding_lock.sql (6.85ms)
2026/10/08 14:45:33 OK   00027_sp05_rca_and_poll.sql (62.1ms)
2026/10/08 14:45:33 OK   00028_sp05_operator_lock.sql (15.74ms)
2026/10/08 14:45:33 OK   00029_sp05_evidence_links.sql (25.54ms)
2026/10/08 14:45:33 OK   00030_sp05_recipe_fence.sql (36.93ms)
2026/10/08 14:45:33 OK   00031_sp05_rca_postcheck.sql (24.51ms)
2026/10/08 14:45:33 OK   00032_sp05_transport_audit.sql (11.19ms)
2026/10/08 14:45:33 OK   00033_sp05_poll_resolution_clock.sql (11.44ms)
2026/10/08 14:45:33 OK   00034_sp06_investigation_ledger.sql (121.27ms)
2026/10/08 14:45:34 OK   00035_sp06_admission_data_classes.sql (167.97ms)
2026/10/08 14:45:34 goose: successfully migrated database to version: 35
2026/10/08 14:45:55 OK   00001_roles_and_schemas.sql (28.05ms)
2026/10/08 14:45:55 goose: successfully migrated database to version: 1
2026/10/08 14:45:55 OK   00002_platform_meta.sql (121.65ms)
2026/10/08 14:45:55 OK   00003_finding.sql (41.69ms)
2026/10/08 14:45:55 OK   00004_incident.sql (44.09ms)
2026/10/08 14:45:55 OK   00005_investigation.sql (11.48ms)
2026/10/08 14:45:55 OK   00006_action_command.sql (46.94ms)
2026/10/08 14:45:55 OK   00007_audit.sql (30.82ms)
2026/10/08 14:45:55 OK   00008_rls.sql (29.78ms)
2026/10/08 14:45:55 OK   00009_idempotency_ledger.sql (18.09ms)
2026/10/08 14:45:55 OK   00010_tenant_provisioning.sql (13.86ms)
2026/10/08 14:45:55 OK   00011_source_registration_history.sql (14.93ms)
2026/10/08 14:45:55 OK   00012_config_registry_lifecycle.sql (30.7ms)
2026/10/08 14:45:55 OK   00013_audit_signed_segments.sql (37.85ms)
2026/10/08 14:45:55 OK   00014_audit_segment_predecessors.sql (18.07ms)
2026/10/08 14:45:55 OK   00015_source_schema_scope.sql (5.69ms)
2026/10/08 14:45:55 OK   00016_cluster_registration_metadata.sql (23.3ms)
2026/10/08 14:45:55 OK   00017_source_data_scope.sql (10.62ms)
2026/10/08 14:45:55 OK   00018_sp04_resources_evidence.sql (44.5ms)
2026/10/08 14:45:55 OK   00019_sp04_archive_ciphertext_bytes.sql (7.39ms)
2026/10/08 14:45:55 OK   00020_sp04_request_ledger.sql (16.87ms)
2026/10/08 14:45:55 OK   00021_sp04_archive_protection.sql (10.87ms)
2026/10/08 14:45:55 OK   00022_sp04_legal_hold_dependencies.sql (12.88ms)
2026/10/08 14:45:55 OK   00023_sp04_archive_query_intent.sql (10.26ms)
2026/10/08 14:45:55 OK   00024_sp05_finding_incident.sql (67.49ms)
2026/10/08 14:45:55 OK   00025_sp05_incident_event_time.sql (5.36ms)
2026/10/08 14:45:55 OK   00026_sp05_source_binding_lock.sql (3.86ms)
2026/10/08 14:45:55 OK   00027_sp05_rca_and_poll.sql (10.56ms)
2026/10/08 14:45:55 OK   00028_sp05_operator_lock.sql (4.12ms)
2026/10/08 14:45:55 OK   00029_sp05_evidence_links.sql (17.88ms)
2026/10/08 14:45:55 OK   00030_sp05_recipe_fence.sql (5.75ms)
2026/10/08 14:45:55 OK   00031_sp05_rca_postcheck.sql (21.73ms)
2026/10/08 14:45:55 OK   00032_sp05_transport_audit.sql (11.21ms)
2026/10/08 14:45:55 OK   00033_sp05_poll_resolution_clock.sql (10.68ms)
2026/10/08 14:45:55 OK   00034_sp06_investigation_ledger.sql (70.39ms)
2026/10/08 14:45:55 OK   00035_sp06_admission_data_classes.sql (9.52ms)
2026/10/08 14:45:55 goose: successfully migrated database to version: 35
2026/10/08 14:46:13 OK   00001_roles_and_schemas.sql (45.96ms)
2026/10/08 14:46:13 goose: successfully migrated database to version: 1
2026/10/08 14:46:13 OK   00002_platform_meta.sql (52.37ms)
2026/10/08 14:46:13 OK   00003_finding.sql (14.06ms)
2026/10/08 14:46:13 OK   00004_incident.sql (6.82ms)
2026/10/08 14:46:13 OK   00005_investigation.sql (18.76ms)
2026/10/08 14:46:13 OK   00006_action_command.sql (21.02ms)
2026/10/08 14:46:13 OK   00007_audit.sql (23.48ms)
2026/10/08 14:46:13 OK   00008_rls.sql (37.36ms)
2026/10/08 14:46:13 OK   00009_idempotency_ledger.sql (19.31ms)
2026/10/08 14:46:13 OK   00010_tenant_provisioning.sql (8.01ms)
2026/10/08 14:46:13 OK   00011_source_registration_history.sql (28.03ms)
2026/10/08 14:46:13 OK   00012_config_registry_lifecycle.sql (27.51ms)
2026/10/08 14:46:13 OK   00013_audit_signed_segments.sql (26.43ms)
2026/10/08 14:46:13 OK   00014_audit_segment_predecessors.sql (22.13ms)
2026/10/08 14:46:13 OK   00015_source_schema_scope.sql (8.34ms)
2026/10/08 14:46:13 OK   00016_cluster_registration_metadata.sql (12.65ms)
2026/10/08 14:46:13 OK   00017_source_data_scope.sql (4.59ms)
2026/10/08 14:46:13 OK   00018_sp04_resources_evidence.sql (51.4ms)
2026/10/08 14:46:13 OK   00019_sp04_archive_ciphertext_bytes.sql (10.2ms)
2026/10/08 14:46:13 OK   00020_sp04_request_ledger.sql (8.84ms)
2026/10/08 14:46:13 OK   00021_sp04_archive_protection.sql (13.42ms)
2026/10/08 14:46:13 OK   00022_sp04_legal_hold_dependencies.sql (4.77ms)
2026/10/08 14:46:13 OK   00023_sp04_archive_query_intent.sql (9ms)
2026/10/08 14:46:13 OK   00024_sp05_finding_incident.sql (43.72ms)
2026/10/08 14:46:13 OK   00025_sp05_incident_event_time.sql (8ms)
2026/10/08 14:46:13 OK   00026_sp05_source_binding_lock.sql (17.25ms)
2026/10/08 14:46:13 OK   00027_sp05_rca_and_poll.sql (28.51ms)
2026/10/08 14:46:13 OK   00028_sp05_operator_lock.sql (7.08ms)
2026/10/08 14:46:13 OK   00029_sp05_evidence_links.sql (17.15ms)
2026/10/08 14:46:14 OK   00030_sp05_recipe_fence.sql (8.32ms)
2026/10/08 14:46:14 OK   00031_sp05_rca_postcheck.sql (16.59ms)
2026/10/08 14:46:14 OK   00032_sp05_transport_audit.sql (5.95ms)
2026/10/08 14:46:14 OK   00033_sp05_poll_resolution_clock.sql (4.53ms)
2026/10/08 14:46:14 OK   00034_sp06_investigation_ledger.sql (65.82ms)
2026/10/08 14:46:14 OK   00035_sp06_admission_data_classes.sql (6.65ms)
2026/10/08 14:46:14 goose: successfully migrated database to version: 35
2026/10/08 14:46:33 OK   00001_roles_and_schemas.sql (23.52ms)
2026/10/08 14:46:33 goose: successfully migrated database to version: 1
2026/10/08 14:46:33 OK   00002_platform_meta.sql (64.1ms)
2026/10/08 14:46:33 OK   00003_finding.sql (20.68ms)
2026/10/08 14:46:33 OK   00004_incident.sql (17.55ms)
2026/10/08 14:46:33 OK   00005_investigation.sql (19.12ms)
2026/10/08 14:46:33 OK   00006_action_command.sql (10.14ms)
2026/10/08 14:46:33 OK   00007_audit.sql (28.08ms)
2026/10/08 14:46:33 OK   00008_rls.sql (24.28ms)
2026/10/08 14:46:33 OK   00009_idempotency_ledger.sql (12.56ms)
2026/10/08 14:46:34 OK   00010_tenant_provisioning.sql (6.37ms)
2026/10/08 14:46:34 OK   00011_source_registration_history.sql (16.36ms)
2026/10/08 14:46:34 OK   00012_config_registry_lifecycle.sql (18.4ms)
2026/10/08 14:46:34 OK   00013_audit_signed_segments.sql (30.07ms)
2026/10/08 14:46:34 OK   00014_audit_segment_predecessors.sql (9.74ms)
2026/10/08 14:46:34 OK   00015_source_schema_scope.sql (9.42ms)
2026/10/08 14:46:34 OK   00016_cluster_registration_metadata.sql (14.95ms)
2026/10/08 14:46:34 OK   00017_source_data_scope.sql (16.3ms)
2026/10/08 14:46:34 OK   00018_sp04_resources_evidence.sql (41.84ms)
2026/10/08 14:46:34 OK   00019_sp04_archive_ciphertext_bytes.sql (9.22ms)
2026/10/08 14:46:34 OK   00020_sp04_request_ledger.sql (12.96ms)
2026/10/08 14:46:34 OK   00021_sp04_archive_protection.sql (5.23ms)
2026/10/08 14:46:34 OK   00022_sp04_legal_hold_dependencies.sql (10.84ms)
2026/10/08 14:46:34 OK   00023_sp04_archive_query_intent.sql (17.43ms)
2026/10/08 14:46:34 OK   00024_sp05_finding_incident.sql (35.93ms)
2026/10/08 14:46:34 OK   00025_sp05_incident_event_time.sql (5.85ms)
2026/10/08 14:46:34 OK   00026_sp05_source_binding_lock.sql (15.01ms)
2026/10/08 14:46:34 OK   00027_sp05_rca_and_poll.sql (23.43ms)
2026/10/08 14:46:34 OK   00028_sp05_operator_lock.sql (8.89ms)
2026/10/08 14:46:34 OK   00029_sp05_evidence_links.sql (12.79ms)
2026/10/08 14:46:34 OK   00030_sp05_recipe_fence.sql (9.49ms)
2026/10/08 14:46:34 OK   00031_sp05_rca_postcheck.sql (7.73ms)
2026/10/08 14:46:34 OK   00032_sp05_transport_audit.sql (9.31ms)
2026/10/08 14:46:34 OK   00033_sp05_poll_resolution_clock.sql (9.15ms)
2026/10/08 14:46:34 OK   00034_sp06_investigation_ledger.sql (44.77ms)
2026/10/08 14:46:34 OK   00035_sp06_admission_data_classes.sql (6.69ms)
2026/10/08 14:46:34 goose: successfully migrated database to version: 35
2026/10/08 14:46:50 OK   00001_roles_and_schemas.sql (30.44ms)
2026/10/08 14:46:50 goose: successfully migrated database to version: 1
2026/10/08 14:46:50 OK   00002_platform_meta.sql (43.16ms)
2026/10/08 14:46:50 OK   00003_finding.sql (21.68ms)
2026/10/08 14:46:50 OK   00004_incident.sql (9.58ms)
2026/10/08 14:46:50 OK   00005_investigation.sql (16.63ms)
2026/10/08 14:46:50 OK   00006_action_command.sql (15.26ms)
2026/10/08 14:46:50 OK   00007_audit.sql (27.93ms)
2026/10/08 14:46:50 OK   00008_rls.sql (29.29ms)
2026/10/08 14:46:50 OK   00009_idempotency_ledger.sql (39.46ms)
2026/10/08 14:46:50 OK   00010_tenant_provisioning.sql (9.44ms)
2026/10/08 14:46:50 OK   00011_source_registration_history.sql (25.88ms)
2026/10/08 14:46:50 OK   00012_config_registry_lifecycle.sql (23.14ms)
2026/10/08 14:46:50 OK   00013_audit_signed_segments.sql (13.03ms)
2026/10/08 14:46:50 OK   00014_audit_segment_predecessors.sql (12.53ms)
2026/10/08 14:46:50 OK   00015_source_schema_scope.sql (4.57ms)
2026/10/08 14:46:50 OK   00016_cluster_registration_metadata.sql (9.14ms)
2026/10/08 14:46:50 OK   00017_source_data_scope.sql (5.03ms)
2026/10/08 14:46:50 OK   00018_sp04_resources_evidence.sql (44.73ms)
2026/10/08 14:46:50 OK   00019_sp04_archive_ciphertext_bytes.sql (17ms)
2026/10/08 14:46:50 OK   00020_sp04_request_ledger.sql (19.41ms)
2026/10/08 14:46:50 OK   00021_sp04_archive_protection.sql (4.35ms)
2026/10/08 14:46:51 OK   00022_sp04_legal_hold_dependencies.sql (8.26ms)
2026/10/08 14:46:51 OK   00023_sp04_archive_query_intent.sql (8.62ms)
2026/10/08 14:46:51 OK   00024_sp05_finding_incident.sql (47.95ms)
2026/10/08 14:46:51 OK   00025_sp05_incident_event_time.sql (6.95ms)
2026/10/08 14:46:51 OK   00026_sp05_source_binding_lock.sql (7.34ms)
2026/10/08 14:46:51 OK   00027_sp05_rca_and_poll.sql (23.43ms)
2026/10/08 14:46:51 OK   00028_sp05_operator_lock.sql (12.72ms)
2026/10/08 14:46:51 OK   00029_sp05_evidence_links.sql (7.39ms)
2026/10/08 14:46:51 OK   00030_sp05_recipe_fence.sql (9.88ms)
2026/10/08 14:46:51 OK   00031_sp05_rca_postcheck.sql (11.9ms)
2026/10/08 14:46:51 OK   00032_sp05_transport_audit.sql (20.56ms)
2026/10/08 14:46:51 OK   00033_sp05_poll_resolution_clock.sql (5.6ms)
2026/10/08 14:46:51 OK   00034_sp06_investigation_ledger.sql (24.44ms)
2026/10/08 14:46:51 OK   00035_sp06_admission_data_classes.sql (4.37ms)
2026/10/08 14:46:51 goose: successfully migrated database to version: 35
2026/10/08 14:47:08 OK   00001_roles_and_schemas.sql (15.65ms)
2026/10/08 14:47:08 goose: successfully migrated database to version: 1
2026/10/08 14:47:08 OK   00002_platform_meta.sql (43.84ms)
2026/10/08 14:47:08 OK   00003_finding.sql (28.67ms)
2026/10/08 14:47:08 OK   00004_incident.sql (15.28ms)
2026/10/08 14:47:08 OK   00005_investigation.sql (16.49ms)
2026/10/08 14:47:08 OK   00006_action_command.sql (6.59ms)
2026/10/08 14:47:08 OK   00007_audit.sql (22.85ms)
2026/10/08 14:47:08 OK   00008_rls.sql (53ms)
2026/10/08 14:47:08 OK   00009_idempotency_ledger.sql (13.26ms)
2026/10/08 14:47:08 OK   00010_tenant_provisioning.sql (13.89ms)
2026/10/08 14:47:08 OK   00011_source_registration_history.sql (33.27ms)
2026/10/08 14:47:08 OK   00012_config_registry_lifecycle.sql (21.17ms)
2026/10/08 14:47:08 OK   00013_audit_signed_segments.sql (38.41ms)
2026/10/08 14:47:08 OK   00014_audit_segment_predecessors.sql (12.52ms)
2026/10/08 14:47:08 OK   00015_source_schema_scope.sql (6.71ms)
2026/10/08 14:47:08 OK   00016_cluster_registration_metadata.sql (5.51ms)
2026/10/08 14:47:08 OK   00017_source_data_scope.sql (5.3ms)
2026/10/08 14:47:08 OK   00018_sp04_resources_evidence.sql (34.94ms)
2026/10/08 14:47:08 OK   00019_sp04_archive_ciphertext_bytes.sql (5.75ms)
2026/10/08 14:47:08 OK   00020_sp04_request_ledger.sql (10.86ms)
2026/10/08 14:47:08 OK   00021_sp04_archive_protection.sql (4.82ms)
2026/10/08 14:47:08 OK   00022_sp04_legal_hold_dependencies.sql (3.76ms)
2026/10/08 14:47:08 OK   00023_sp04_archive_query_intent.sql (8.31ms)
2026/10/08 14:47:08 OK   00024_sp05_finding_incident.sql (55.96ms)
2026/10/08 14:47:08 OK   00025_sp05_incident_event_time.sql (6.2ms)
2026/10/08 14:47:08 OK   00026_sp05_source_binding_lock.sql (4.6ms)
2026/10/08 14:47:08 OK   00027_sp05_rca_and_poll.sql (19.27ms)
2026/10/08 14:47:08 OK   00028_sp05_operator_lock.sql (5.46ms)
2026/10/08 14:47:08 OK   00029_sp05_evidence_links.sql (21.93ms)
2026/10/08 14:47:08 OK   00030_sp05_recipe_fence.sql (16.55ms)
2026/10/08 14:47:08 OK   00031_sp05_rca_postcheck.sql (11.81ms)
2026/10/08 14:47:09 OK   00032_sp05_transport_audit.sql (18.65ms)
2026/10/08 14:47:09 OK   00033_sp05_poll_resolution_clock.sql (12.92ms)
2026/10/08 14:47:09 OK   00034_sp06_investigation_ledger.sql (73.91ms)
2026/10/08 14:47:09 OK   00035_sp06_admission_data_classes.sql (10.07ms)
2026/10/08 14:47:09 goose: successfully migrated database to version: 35
2026/10/08 14:47:25 OK   00001_roles_and_schemas.sql (35.16ms)
2026/10/08 14:47:25 goose: successfully migrated database to version: 1
2026/10/08 14:47:25 OK   00002_platform_meta.sql (52.15ms)
2026/10/08 14:47:25 OK   00003_finding.sql (13.37ms)
2026/10/08 14:47:26 OK   00004_incident.sql (11.92ms)
2026/10/08 14:47:26 OK   00005_investigation.sql (16.03ms)
2026/10/08 14:47:26 OK   00006_action_command.sql (13.91ms)
2026/10/08 14:47:26 OK   00007_audit.sql (22.27ms)
2026/10/08 14:47:26 OK   00008_rls.sql (16ms)
2026/10/08 14:47:26 OK   00009_idempotency_ledger.sql (29.32ms)
2026/10/08 14:47:26 OK   00010_tenant_provisioning.sql (12.59ms)
2026/10/08 14:47:26 OK   00011_source_registration_history.sql (22.47ms)
2026/10/08 14:47:26 OK   00012_config_registry_lifecycle.sql (33.58ms)
2026/10/08 14:47:26 OK   00013_audit_signed_segments.sql (35.71ms)
2026/10/08 14:47:26 OK   00014_audit_segment_predecessors.sql (18.9ms)
2026/10/08 14:47:26 OK   00015_source_schema_scope.sql (5.01ms)
2026/10/08 14:47:26 OK   00016_cluster_registration_metadata.sql (6.83ms)
2026/10/08 14:47:26 OK   00017_source_data_scope.sql (13.52ms)
2026/10/08 14:47:26 OK   00018_sp04_resources_evidence.sql (41.71ms)
2026/10/08 14:47:26 OK   00019_sp04_archive_ciphertext_bytes.sql (5ms)
2026/10/08 14:47:26 OK   00020_sp04_request_ledger.sql (13.4ms)
2026/10/08 14:47:26 OK   00021_sp04_archive_protection.sql (13.91ms)
2026/10/08 14:47:26 OK   00022_sp04_legal_hold_dependencies.sql (4.25ms)
2026/10/08 14:47:26 OK   00023_sp04_archive_query_intent.sql (4.96ms)
2026/10/08 14:47:26 OK   00024_sp05_finding_incident.sql (61.61ms)
2026/10/08 14:47:26 OK   00025_sp05_incident_event_time.sql (6.31ms)
2026/10/08 14:47:26 OK   00026_sp05_source_binding_lock.sql (3.69ms)
2026/10/08 14:47:26 OK   00027_sp05_rca_and_poll.sql (9.78ms)
2026/10/08 14:47:26 OK   00028_sp05_operator_lock.sql (3.78ms)
2026/10/08 14:47:26 OK   00029_sp05_evidence_links.sql (6.65ms)
2026/10/08 14:47:26 OK   00030_sp05_recipe_fence.sql (13.48ms)
2026/10/08 14:47:26 OK   00031_sp05_rca_postcheck.sql (9.49ms)
2026/10/08 14:47:26 OK   00032_sp05_transport_audit.sql (10.28ms)
2026/10/08 14:47:26 OK   00033_sp05_poll_resolution_clock.sql (15.4ms)
2026/10/08 14:47:26 OK   00034_sp06_investigation_ledger.sql (63.77ms)
2026/10/08 14:47:26 OK   00035_sp06_admission_data_classes.sql (28.77ms)
2026/10/08 14:47:26 goose: successfully migrated database to version: 35
2026/10/08 14:47:43 OK   00001_roles_and_schemas.sql (25.59ms)
2026/10/08 14:47:43 goose: successfully migrated database to version: 1
2026/10/08 14:47:43 OK   00002_platform_meta.sql (33ms)
2026/10/08 14:47:43 OK   00003_finding.sql (19.13ms)
2026/10/08 14:47:43 OK   00004_incident.sql (8.71ms)
2026/10/08 14:47:43 OK   00005_investigation.sql (14.56ms)
2026/10/08 14:47:43 OK   00006_action_command.sql (7.32ms)
2026/10/08 14:47:43 OK   00007_audit.sql (32.85ms)
2026/10/08 14:47:43 OK   00008_rls.sql (49.8ms)
2026/10/08 14:47:43 OK   00009_idempotency_ledger.sql (14.44ms)
2026/10/08 14:47:43 OK   00010_tenant_provisioning.sql (22.85ms)
2026/10/08 14:47:43 OK   00011_source_registration_history.sql (36.41ms)
2026/10/08 14:47:43 OK   00012_config_registry_lifecycle.sql (13.03ms)
2026/10/08 14:47:43 OK   00013_audit_signed_segments.sql (47.09ms)
2026/10/08 14:47:43 OK   00014_audit_segment_predecessors.sql (12.1ms)
2026/10/08 14:47:43 OK   00015_source_schema_scope.sql (11.09ms)
2026/10/08 14:47:43 OK   00016_cluster_registration_metadata.sql (13.09ms)
2026/10/08 14:47:43 OK   00017_source_data_scope.sql (8.71ms)
2026/10/08 14:47:43 OK   00018_sp04_resources_evidence.sql (30.7ms)
2026/10/08 14:47:43 OK   00019_sp04_archive_ciphertext_bytes.sql (5.06ms)
2026/10/08 14:47:43 OK   00020_sp04_request_ledger.sql (7.33ms)
2026/10/08 14:47:43 OK   00021_sp04_archive_protection.sql (8.64ms)
2026/10/08 14:47:43 OK   00022_sp04_legal_hold_dependencies.sql (5.67ms)
2026/10/08 14:47:43 OK   00023_sp04_archive_query_intent.sql (5.09ms)
2026/10/08 14:47:43 OK   00024_sp05_finding_incident.sql (48.53ms)
2026/10/08 14:47:43 OK   00025_sp05_incident_event_time.sql (12.54ms)
2026/10/08 14:47:43 OK   00026_sp05_source_binding_lock.sql (12.7ms)
2026/10/08 14:47:43 OK   00027_sp05_rca_and_poll.sql (81.12ms)
2026/10/08 14:47:43 OK   00028_sp05_operator_lock.sql (4.69ms)
2026/10/08 14:47:43 OK   00029_sp05_evidence_links.sql (10.4ms)
2026/10/08 14:47:43 OK   00030_sp05_recipe_fence.sql (6.67ms)
2026/10/08 14:47:43 OK   00031_sp05_rca_postcheck.sql (8.81ms)
2026/10/08 14:47:43 OK   00032_sp05_transport_audit.sql (12.48ms)
2026/10/08 14:47:43 OK   00033_sp05_poll_resolution_clock.sql (12.3ms)
2026/10/08 14:47:43 OK   00034_sp06_investigation_ledger.sql (64.7ms)
2026/10/08 14:47:43 OK   00035_sp06_admission_data_classes.sql (29.53ms)
2026/10/08 14:47:43 goose: successfully migrated database to version: 35
2026/10/08 14:48:02 OK   00001_roles_and_schemas.sql (26.69ms)
2026/10/08 14:48:02 goose: successfully migrated database to version: 1
2026/10/08 14:48:02 OK   00002_platform_meta.sql (41.82ms)
2026/10/08 14:48:02 OK   00003_finding.sql (28.4ms)
2026/10/08 14:48:02 OK   00004_incident.sql (16.42ms)
2026/10/08 14:48:02 OK   00005_investigation.sql (14.28ms)
2026/10/08 14:48:02 OK   00006_action_command.sql (14.5ms)
2026/10/08 14:48:02 OK   00007_audit.sql (27.26ms)
2026/10/08 14:48:02 OK   00008_rls.sql (18.87ms)
2026/10/08 14:48:02 OK   00009_idempotency_ledger.sql (19.59ms)
2026/10/08 14:48:02 OK   00010_tenant_provisioning.sql (18.63ms)
2026/10/08 14:48:02 OK   00011_source_registration_history.sql (24.39ms)
2026/10/08 14:48:02 OK   00012_config_registry_lifecycle.sql (33.91ms)
2026/10/08 14:48:02 OK   00013_audit_signed_segments.sql (28.56ms)
2026/10/08 14:48:02 OK   00014_audit_segment_predecessors.sql (21.6ms)
2026/10/08 14:48:02 OK   00015_source_schema_scope.sql (12.32ms)
2026/10/08 14:48:02 OK   00016_cluster_registration_metadata.sql (22.22ms)
2026/10/08 14:48:02 OK   00017_source_data_scope.sql (11.98ms)
2026/10/08 14:48:02 OK   00018_sp04_resources_evidence.sql (52.28ms)
2026/10/08 14:48:02 OK   00019_sp04_archive_ciphertext_bytes.sql (8.14ms)
2026/10/08 14:48:02 OK   00020_sp04_request_ledger.sql (14.48ms)
2026/10/08 14:48:02 OK   00021_sp04_archive_protection.sql (5.27ms)
2026/10/08 14:48:02 OK   00022_sp04_legal_hold_dependencies.sql (5.66ms)
2026/10/08 14:48:02 OK   00023_sp04_archive_query_intent.sql (6.19ms)
2026/10/08 14:48:03 OK   00024_sp05_finding_incident.sql (47.49ms)
2026/10/08 14:48:03 OK   00025_sp05_incident_event_time.sql (9.49ms)
2026/10/08 14:48:03 OK   00026_sp05_source_binding_lock.sql (8.33ms)
2026/10/08 14:48:03 OK   00027_sp05_rca_and_poll.sql (26.71ms)
2026/10/08 14:48:03 OK   00028_sp05_operator_lock.sql (6.8ms)
2026/10/08 14:48:03 OK   00029_sp05_evidence_links.sql (24.61ms)
2026/10/08 14:48:03 OK   00030_sp05_recipe_fence.sql (4.41ms)
2026/10/08 14:48:03 OK   00031_sp05_rca_postcheck.sql (7.16ms)
2026/10/08 14:48:03 OK   00032_sp05_transport_audit.sql (6.31ms)
2026/10/08 14:48:03 OK   00033_sp05_poll_resolution_clock.sql (10.91ms)
2026/10/08 14:48:03 OK   00034_sp06_investigation_ledger.sql (54.4ms)
2026/10/08 14:48:03 OK   00035_sp06_admission_data_classes.sql (5.97ms)
2026/10/08 14:48:03 goose: successfully migrated database to version: 35
2026/10/08 14:48:22 OK   00001_roles_and_schemas.sql (15.51ms)
2026/10/08 14:48:22 goose: successfully migrated database to version: 1
2026/10/08 14:48:22 OK   00002_platform_meta.sql (78.45ms)
2026/10/08 14:48:23 OK   00003_finding.sql (24.42ms)
2026/10/08 14:48:23 OK   00004_incident.sql (16.6ms)
2026/10/08 14:48:23 OK   00005_investigation.sql (16.17ms)
2026/10/08 14:48:23 OK   00006_action_command.sql (10.09ms)
2026/10/08 14:48:23 OK   00007_audit.sql (17.3ms)
2026/10/08 14:48:23 OK   00008_rls.sql (39.8ms)
2026/10/08 14:48:23 OK   00009_idempotency_ledger.sql (9.41ms)
2026/10/08 14:48:23 OK   00010_tenant_provisioning.sql (6.6ms)
2026/10/08 14:48:23 OK   00011_source_registration_history.sql (18.33ms)
2026/10/08 14:48:23 OK   00012_config_registry_lifecycle.sql (21.95ms)
2026/10/08 14:48:23 OK   00013_audit_signed_segments.sql (25.76ms)
2026/10/08 14:48:23 OK   00014_audit_segment_predecessors.sql (19.75ms)
2026/10/08 14:48:23 OK   00015_source_schema_scope.sql (12.25ms)
2026/10/08 14:48:23 OK   00016_cluster_registration_metadata.sql (20.2ms)
2026/10/08 14:48:23 OK   00017_source_data_scope.sql (10.61ms)
2026/10/08 14:48:23 OK   00018_sp04_resources_evidence.sql (41.96ms)
2026/10/08 14:48:23 OK   00019_sp04_archive_ciphertext_bytes.sql (9.33ms)
2026/10/08 14:48:23 OK   00020_sp04_request_ledger.sql (13.28ms)
2026/10/08 14:48:23 OK   00021_sp04_archive_protection.sql (8.51ms)
2026/10/08 14:48:23 OK   00022_sp04_legal_hold_dependencies.sql (14.7ms)
2026/10/08 14:48:23 OK   00023_sp04_archive_query_intent.sql (15.7ms)
2026/10/08 14:48:23 OK   00024_sp05_finding_incident.sql (37.91ms)
2026/10/08 14:48:23 OK   00025_sp05_incident_event_time.sql (5.41ms)
2026/10/08 14:48:23 OK   00026_sp05_source_binding_lock.sql (7.64ms)
2026/10/08 14:48:23 OK   00027_sp05_rca_and_poll.sql (22.31ms)
2026/10/08 14:48:23 OK   00028_sp05_operator_lock.sql (11.2ms)
2026/10/08 14:48:23 OK   00029_sp05_evidence_links.sql (11.05ms)
2026/10/08 14:48:23 OK   00030_sp05_recipe_fence.sql (8.87ms)
2026/10/08 14:48:23 OK   00031_sp05_rca_postcheck.sql (6.04ms)
2026/10/08 14:48:23 OK   00032_sp05_transport_audit.sql (12.02ms)
2026/10/08 14:48:23 OK   00033_sp05_poll_resolution_clock.sql (17.75ms)
2026/10/08 14:48:23 OK   00034_sp06_investigation_ledger.sql (70.46ms)
2026/10/08 14:48:23 OK   00035_sp06_admission_data_classes.sql (5.22ms)
2026/10/08 14:48:23 goose: successfully migrated database to version: 35
2026/10/08 14:48:45 OK   00001_roles_and_schemas.sql (50ms)
2026/10/08 14:48:45 goose: successfully migrated database to version: 1
2026/10/08 14:48:45 OK   00002_platform_meta.sql (62.79ms)
2026/10/08 14:48:45 OK   00003_finding.sql (20.23ms)
2026/10/08 14:48:45 OK   00004_incident.sql (16.55ms)
2026/10/08 14:48:45 OK   00005_investigation.sql (14.37ms)
2026/10/08 14:48:45 OK   00006_action_command.sql (13.69ms)
2026/10/08 14:48:45 OK   00007_audit.sql (30.54ms)
2026/10/08 14:48:45 OK   00008_rls.sql (17.23ms)
2026/10/08 14:48:45 OK   00009_idempotency_ledger.sql (23.6ms)
2026/10/08 14:48:45 OK   00010_tenant_provisioning.sql (19.82ms)
2026/10/08 14:48:45 OK   00011_source_registration_history.sql (22.31ms)
2026/10/08 14:48:45 OK   00012_config_registry_lifecycle.sql (18.94ms)
2026/10/08 14:48:46 OK   00013_audit_signed_segments.sql (44.54ms)
2026/10/08 14:48:46 OK   00014_audit_segment_predecessors.sql (17.47ms)
2026/10/08 14:48:46 OK   00015_source_schema_scope.sql (11.57ms)
2026/10/08 14:48:46 OK   00016_cluster_registration_metadata.sql (9.55ms)
2026/10/08 14:48:46 OK   00017_source_data_scope.sql (19.49ms)
2026/10/08 14:48:46 OK   00018_sp04_resources_evidence.sql (33.94ms)
2026/10/08 14:48:46 OK   00019_sp04_archive_ciphertext_bytes.sql (8.07ms)
2026/10/08 14:48:46 OK   00020_sp04_request_ledger.sql (12.09ms)
2026/10/08 14:48:46 OK   00021_sp04_archive_protection.sql (6.79ms)
2026/10/08 14:48:46 OK   00022_sp04_legal_hold_dependencies.sql (5.31ms)
2026/10/08 14:48:46 OK   00023_sp04_archive_query_intent.sql (4.17ms)
2026/10/08 14:48:46 OK   00024_sp05_finding_incident.sql (18.8ms)
2026/10/08 14:48:46 OK   00025_sp05_incident_event_time.sql (5.03ms)
2026/10/08 14:48:46 OK   00026_sp05_source_binding_lock.sql (7.99ms)
2026/10/08 14:48:46 OK   00027_sp05_rca_and_poll.sql (21.38ms)
2026/10/08 14:48:46 OK   00028_sp05_operator_lock.sql (9.04ms)
2026/10/08 14:48:46 OK   00029_sp05_evidence_links.sql (7.89ms)
2026/10/08 14:48:46 OK   00030_sp05_recipe_fence.sql (9.98ms)
2026/10/08 14:48:46 OK   00031_sp05_rca_postcheck.sql (6.92ms)
2026/10/08 14:48:46 OK   00032_sp05_transport_audit.sql (6.79ms)
2026/10/08 14:48:46 OK   00033_sp05_poll_resolution_clock.sql (12.53ms)
2026/10/08 14:48:46 OK   00034_sp06_investigation_ledger.sql (82.89ms)
2026/10/08 14:48:46 OK   00035_sp06_admission_data_classes.sql (29.6ms)
2026/10/08 14:48:46 goose: successfully migrated database to version: 35
2026/10/08 14:49:08 OK   00001_roles_and_schemas.sql (33.97ms)
2026/10/08 14:49:08 goose: successfully migrated database to version: 1
2026/10/08 14:49:08 OK   00002_platform_meta.sql (64.38ms)
2026/10/08 14:49:08 OK   00003_finding.sql (19.71ms)
2026/10/08 14:49:08 OK   00004_incident.sql (17.43ms)
2026/10/08 14:49:08 OK   00005_investigation.sql (27.18ms)
2026/10/08 14:49:08 OK   00006_action_command.sql (15.81ms)
2026/10/08 14:49:08 OK   00007_audit.sql (13.42ms)
2026/10/08 14:49:08 OK   00008_rls.sql (16.99ms)
2026/10/08 14:49:08 OK   00009_idempotency_ledger.sql (12.99ms)
2026/10/08 14:49:08 OK   00010_tenant_provisioning.sql (5.87ms)
2026/10/08 14:49:08 OK   00011_source_registration_history.sql (14.08ms)
2026/10/08 14:49:08 OK   00012_config_registry_lifecycle.sql (21.53ms)
2026/10/08 14:49:08 OK   00013_audit_signed_segments.sql (31.66ms)
2026/10/08 14:49:08 OK   00014_audit_segment_predecessors.sql (58.9ms)
2026/10/08 14:49:08 OK   00015_source_schema_scope.sql (3.94ms)
2026/10/08 14:49:08 OK   00016_cluster_registration_metadata.sql (5.95ms)
2026/10/08 14:49:08 OK   00017_source_data_scope.sql (6.4ms)
2026/10/08 14:49:08 OK   00018_sp04_resources_evidence.sql (49.64ms)
2026/10/08 14:49:08 OK   00019_sp04_archive_ciphertext_bytes.sql (5.73ms)
2026/10/08 14:49:08 OK   00020_sp04_request_ledger.sql (11.69ms)
2026/10/08 14:49:08 OK   00021_sp04_archive_protection.sql (5.37ms)
2026/10/08 14:49:08 OK   00022_sp04_legal_hold_dependencies.sql (6.03ms)
2026/10/08 14:49:08 OK   00023_sp04_archive_query_intent.sql (4.48ms)
2026/10/08 14:49:08 OK   00024_sp05_finding_incident.sql (54.12ms)
2026/10/08 14:49:09 OK   00025_sp05_incident_event_time.sql (7.49ms)
2026/10/08 14:49:09 OK   00026_sp05_source_binding_lock.sql (3.48ms)
2026/10/08 14:49:09 OK   00027_sp05_rca_and_poll.sql (17.05ms)
2026/10/08 14:49:09 OK   00028_sp05_operator_lock.sql (22.95ms)
2026/10/08 14:49:09 OK   00029_sp05_evidence_links.sql (24.29ms)
2026/10/08 14:49:09 OK   00030_sp05_recipe_fence.sql (10.74ms)
2026/10/08 14:49:09 OK   00031_sp05_rca_postcheck.sql (5.99ms)
2026/10/08 14:49:09 OK   00032_sp05_transport_audit.sql (4.91ms)
2026/10/08 14:49:09 OK   00033_sp05_poll_resolution_clock.sql (6.71ms)
2026/10/08 14:49:09 OK   00034_sp06_investigation_ledger.sql (65.51ms)
2026/10/08 14:49:09 OK   00035_sp06_admission_data_classes.sql (15.52ms)
2026/10/08 14:49:09 goose: successfully migrated database to version: 35
2026/10/08 14:49:27 OK   00001_roles_and_schemas.sql (44.34ms)
2026/10/08 14:49:27 goose: successfully migrated database to version: 1
2026/10/08 14:49:28 OK   00002_platform_meta.sql (59.87ms)
2026/10/08 14:49:28 OK   00003_finding.sql (23ms)
2026/10/08 14:49:28 OK   00004_incident.sql (17.17ms)
2026/10/08 14:49:28 OK   00005_investigation.sql (16.11ms)
2026/10/08 14:49:28 OK   00006_action_command.sql (26.87ms)
2026/10/08 14:49:28 OK   00007_audit.sql (16.03ms)
2026/10/08 14:49:28 OK   00008_rls.sql (28.25ms)
2026/10/08 14:49:28 OK   00009_idempotency_ledger.sql (22.08ms)
2026/10/08 14:49:28 OK   00010_tenant_provisioning.sql (12.75ms)
2026/10/08 14:49:28 OK   00011_source_registration_history.sql (23.98ms)
2026/10/08 14:49:28 OK   00012_config_registry_lifecycle.sql (26.45ms)
2026/10/08 14:49:28 OK   00013_audit_signed_segments.sql (38.54ms)
2026/10/08 14:49:28 OK   00014_audit_segment_predecessors.sql (9.44ms)
2026/10/08 14:49:28 OK   00015_source_schema_scope.sql (4.11ms)
2026/10/08 14:49:28 OK   00016_cluster_registration_metadata.sql (11.26ms)
2026/10/08 14:49:28 OK   00017_source_data_scope.sql (5.14ms)
2026/10/08 14:49:28 OK   00018_sp04_resources_evidence.sql (40.86ms)
2026/10/08 14:49:28 OK   00019_sp04_archive_ciphertext_bytes.sql (4.95ms)
2026/10/08 14:49:28 OK   00020_sp04_request_ledger.sql (9.87ms)
2026/10/08 14:49:28 OK   00021_sp04_archive_protection.sql (6.63ms)
2026/10/08 14:49:28 OK   00022_sp04_legal_hold_dependencies.sql (3.66ms)
2026/10/08 14:49:28 OK   00023_sp04_archive_query_intent.sql (4.3ms)
2026/10/08 14:49:28 OK   00024_sp05_finding_incident.sql (61.96ms)
2026/10/08 14:49:28 OK   00025_sp05_incident_event_time.sql (5.4ms)
2026/10/08 14:49:28 OK   00026_sp05_source_binding_lock.sql (3.51ms)
2026/10/08 14:49:28 OK   00027_sp05_rca_and_poll.sql (45.94ms)
2026/10/08 14:49:28 OK   00028_sp05_operator_lock.sql (5.79ms)
2026/10/08 14:49:28 OK   00029_sp05_evidence_links.sql (11.34ms)
2026/10/08 14:49:28 OK   00030_sp05_recipe_fence.sql (4.58ms)
2026/10/08 14:49:28 OK   00031_sp05_rca_postcheck.sql (4.71ms)
2026/10/08 14:49:28 OK   00032_sp05_transport_audit.sql (5.92ms)
2026/10/08 14:49:28 OK   00033_sp05_poll_resolution_clock.sql (6.59ms)
2026/10/08 14:49:28 OK   00034_sp06_investigation_ledger.sql (58.71ms)
2026/10/08 14:49:28 OK   00035_sp06_admission_data_classes.sql (9.07ms)
2026/10/08 14:49:28 goose: successfully migrated database to version: 35
2026/10/08 14:49:30 OK   00001_roles_and_schemas.sql (24.56ms)
2026/10/08 14:49:30 goose: successfully migrated database to version: 1
2026/10/08 14:49:30 OK   00002_platform_meta.sql (50.63ms)
2026/10/08 14:49:30 OK   00003_finding.sql (25.32ms)
2026/10/08 14:49:30 OK   00004_incident.sql (14.85ms)
2026/10/08 14:49:30 OK   00005_investigation.sql (16.75ms)
2026/10/08 14:49:30 OK   00006_action_command.sql (18.37ms)
2026/10/08 14:49:30 OK   00007_audit.sql (18.8ms)
2026/10/08 14:49:30 OK   00008_rls.sql (10.44ms)
2026/10/08 14:49:30 OK   00009_idempotency_ledger.sql (22.95ms)
2026/10/08 14:49:30 OK   00010_tenant_provisioning.sql (20.17ms)
2026/10/08 14:49:30 OK   00011_source_registration_history.sql (9.42ms)
2026/10/08 14:49:30 OK   00012_config_registry_lifecycle.sql (23.69ms)
2026/10/08 14:49:30 OK   00013_audit_signed_segments.sql (36.08ms)
2026/10/08 14:49:30 OK   00014_audit_segment_predecessors.sql (16.3ms)
2026/10/08 14:49:30 OK   00015_source_schema_scope.sql (6.76ms)
2026/10/08 14:49:30 OK   00016_cluster_registration_metadata.sql (10.68ms)
2026/10/08 14:49:30 OK   00017_source_data_scope.sql (15.12ms)
2026/10/08 14:49:30 OK   00018_sp04_resources_evidence.sql (39.18ms)
2026/10/08 14:49:30 OK   00019_sp04_archive_ciphertext_bytes.sql (25.06ms)
2026/10/08 14:49:30 OK   00020_sp04_request_ledger.sql (14.45ms)
2026/10/08 14:49:30 OK   00021_sp04_archive_protection.sql (16.44ms)
2026/10/08 14:49:30 OK   00022_sp04_legal_hold_dependencies.sql (9.94ms)
2026/10/08 14:49:30 OK   00023_sp04_archive_query_intent.sql (7.83ms)
2026/10/08 14:49:30 OK   00024_sp05_finding_incident.sql (55.33ms)
2026/10/08 14:49:30 OK   00025_sp05_incident_event_time.sql (3.74ms)
2026/10/08 14:49:30 OK   00026_sp05_source_binding_lock.sql (5.71ms)
2026/10/08 14:49:30 OK   00027_sp05_rca_and_poll.sql (28ms)
2026/10/08 14:49:30 OK   00028_sp05_operator_lock.sql (12.07ms)
2026/10/08 14:49:30 OK   00029_sp05_evidence_links.sql (12.84ms)
2026/10/08 14:49:30 OK   00030_sp05_recipe_fence.sql (6.41ms)
2026/10/08 14:49:30 OK   00031_sp05_rca_postcheck.sql (21.43ms)
2026/10/08 14:49:30 OK   00032_sp05_transport_audit.sql (18.29ms)
2026/10/08 14:49:30 OK   00033_sp05_poll_resolution_clock.sql (15.21ms)
2026/10/08 14:49:30 OK   00034_sp06_investigation_ledger.sql (76.29ms)
2026/10/08 14:49:30 OK   00035_sp06_admission_data_classes.sql (10.34ms)
2026/10/08 14:49:30 goose: successfully migrated database to version: 35
2026/10/08 14:49:37 OK   00001_roles_and_schemas.sql (77.29ms)
2026/10/08 14:49:37 goose: successfully migrated database to version: 1
2026/10/08 14:49:37 OK   00002_platform_meta.sql (71.5ms)
2026/10/08 14:49:37 OK   00003_finding.sql (25.11ms)
2026/10/08 14:49:37 OK   00004_incident.sql (31.83ms)
2026/10/08 14:49:37 OK   00005_investigation.sql (66.34ms)
2026/10/08 14:49:37 OK   00006_action_command.sql (52.03ms)
2026/10/08 14:49:37 OK   00007_audit.sql (33.98ms)
2026/10/08 14:49:37 OK   00008_rls.sql (36.86ms)
2026/10/08 14:49:37 OK   00009_idempotency_ledger.sql (20.3ms)
2026/10/08 14:49:37 OK   00010_tenant_provisioning.sql (16.53ms)
2026/10/08 14:49:37 OK   00011_source_registration_history.sql (18.56ms)
2026/10/08 14:49:37 OK   00012_config_registry_lifecycle.sql (23.5ms)
2026/10/08 14:49:37 OK   00013_audit_signed_segments.sql (27.63ms)
2026/10/08 14:49:37 OK   00014_audit_segment_predecessors.sql (11.89ms)
2026/10/08 14:49:37 OK   00015_source_schema_scope.sql (9.27ms)
2026/10/08 14:49:37 OK   00016_cluster_registration_metadata.sql (12.48ms)
2026/10/08 14:49:37 OK   00017_source_data_scope.sql (17.79ms)
2026/10/08 14:49:37 OK   00018_sp04_resources_evidence.sql (44.22ms)
2026/10/08 14:49:37 OK   00019_sp04_archive_ciphertext_bytes.sql (25.37ms)
2026/10/08 14:49:37 OK   00020_sp04_request_ledger.sql (6.34ms)
2026/10/08 14:49:37 OK   00021_sp04_archive_protection.sql (15.8ms)
2026/10/08 14:49:37 OK   00022_sp04_legal_hold_dependencies.sql (18.58ms)
2026/10/08 14:49:37 OK   00023_sp04_archive_query_intent.sql (9.25ms)
2026/10/08 14:49:37 OK   00024_sp05_finding_incident.sql (54.46ms)
2026/10/08 14:49:37 OK   00025_sp05_incident_event_time.sql (3.41ms)
2026/10/08 14:49:37 OK   00026_sp05_source_binding_lock.sql (4.61ms)
2026/10/08 14:49:37 OK   00027_sp05_rca_and_poll.sql (8.77ms)
2026/10/08 14:49:37 OK   00028_sp05_operator_lock.sql (8.94ms)
2026/10/08 14:49:38 OK   00029_sp05_evidence_links.sql (9.83ms)
2026/10/08 14:49:38 OK   00030_sp05_recipe_fence.sql (8.23ms)
2026/10/08 14:49:38 OK   00031_sp05_rca_postcheck.sql (5.88ms)
2026/10/08 14:49:38 OK   00032_sp05_transport_audit.sql (11.91ms)
2026/10/08 14:49:38 OK   00033_sp05_poll_resolution_clock.sql (7.59ms)
2026/10/08 14:49:38 OK   00034_sp06_investigation_ledger.sql (86.41ms)
2026/10/08 14:49:38 OK   00035_sp06_admission_data_classes.sql (19.78ms)
2026/10/08 14:49:38 goose: successfully migrated database to version: 35
{"time":"2026-10-08T14:49:47.262524+08:00","level":"WARN","msg":"Graph ownership not ready","qualification":{"/v1/configmaps":"list_missing","/v1/events":"list_missing","/v1/nodes":"list_missing","/v1/persistentvolumeclaims":"list_missing","/v1/persistentvolumes":"list_missing","/v1/pods":"list_missing","/v1/services":"list_missing","apps/v1/daemonsets":"list_missing","apps/v1/deployments":"list_missing","apps/v1/replicasets":"list_missing","apps/v1/statefulsets":"list_missing","batch/v1/jobs":"list_missing","discovery.k8s.io/v1/endpointslices":"list_missing","storage.k8s.io/v1/csidrivers":"list_missing","storage.k8s.io/v1/csinodes":"list_missing","storage.k8s.io/v1/storageclasses":"list_missing","storage.k8s.io/v1/volumeattachments":"list_missing"}}
{"time":"2026-10-08T14:49:49.17886+08:00","level":"WARN","msg":"Graph ownership not ready","qualification":{"/v1/configmaps":"list_missing","/v1/events":"list_missing","/v1/persistentvolumeclaims":"list_missing","/v1/persistentvolumes":"list_missing","/v1/pods":"list_missing","/v1/services":"list_missing","apps/v1/daemonsets":"list_missing","apps/v1/deployments":"list_missing","apps/v1/replicasets":"list_missing","apps/v1/statefulsets":"list_missing","batch/v1/jobs":"list_missing","discovery.k8s.io/v1/endpointslices":"list_missing","storage.k8s.io/v1/csidrivers":"list_missing","storage.k8s.io/v1/csinodes":"list_missing","storage.k8s.io/v1/storageclasses":"list_missing"}}
{"time":"2026-10-08T14:49:51.056161+08:00","level":"WARN","msg":"Graph ownership not ready","qualification":{"/v1/persistentvolumes":"watch_initializing"}}
{"time":"2026-10-08T14:49:58.451428+08:00","level":"INFO","msg":"http request complete","request_id":"01a11a46-9f0a-7f32-a97d-62042af9901f","method":"GET","status_code":200,"duration_ms":168}
{"time":"2026-10-08T14:49:58.479628+08:00","level":"INFO","msg":"http request complete","request_id":"01a11a46-9fb7-7071-8c4e-ee02988c69e5","method":"GET","status_code":200,"duration_ms":24}
{"time":"2026-10-08T14:49:58.485553+08:00","level":"INFO","msg":"http request complete","request_id":"01a11a46-9fd0-7441-a1ba-bfed22c95797","method":"GET","status_code":200,"duration_ms":5}
{"time":"2026-10-08T14:49:58.52878+08:00","level":"INFO","msg":"http request complete","request_id":"01a11a46-9fd6-79d7-8cf4-1f7664fce178","method":"GET","status_code":200,"duration_ms":42}
{"time":"2026-10-08T14:49:58.714783+08:00","level":"INFO","msg":"http request complete","request_id":"01a11a46-a001-75ff-a624-3ddc76c2bf74","method":"GET","status_code":200,"duration_ms":185}
{"time":"2026-10-08T14:49:59.702812+08:00","level":"INFO","msg":"http request complete","request_id":"01a11a46-a195-79eb-98ef-fef66084d2f3","method":"GET","status_code":200,"duration_ms":769}
{"time":"2026-10-08T14:50:00.303122+08:00","level":"INFO","msg":"http request complete","request_id":"01a11a46-a560-7f03-acc6-3f84f9201b8c","method":"GET","status_code":200,"duration_ms":398}
{"time":"2026-10-08T14:50:00.919726+08:00","level":"INFO","msg":"http request complete","request_id":"01a11a46-a7b9-7109-8eb2-bc7de855f8ff","method":"GET","status_code":200,"duration_ms":414}
{"time":"2026-10-08T14:50:01.76793+08:00","level":"INFO","msg":"http request complete","request_id":"01a11a46-aa21-7d84-ae86-f2ac840ced36","method":"GET","status_code":200,"duration_ms":646}
{"time":"2026-10-08T14:50:02.304321+08:00","level":"INFO","msg":"http request complete","request_id":"01a11a46-ad71-73c4-a411-93a0fcd6075c","method":"GET","status_code":200,"duration_ms":335}
{"time":"2026-10-08T14:50:02.683993+08:00","level":"INFO","msg":"http request complete","request_id":"01a11a46-af89-7f17-8e8a-12b98ee8d83f","method":"GET","status_code":200,"duration_ms":177}
{"time":"2026-10-08T14:50:03.06225+08:00","level":"INFO","msg":"http request complete","request_id":"01a11a46-b106-7392-a826-dc4d3156c6c6","method":"GET","status_code":200,"duration_ms":175}
{"time":"2026-10-08T14:50:03.467285+08:00","level":"INFO","msg":"http request complete","request_id":"01a11a46-b280-75f7-a4c4-9e124fc72d9e","method":"GET","status_code":200,"duration_ms":202}
{"time":"2026-10-08T14:50:03.895794+08:00","level":"INFO","msg":"http request complete","request_id":"01a11a46-b414-7b2f-9bd8-1cf4dc676a47","method":"GET","status_code":200,"duration_ms":227}
{"time":"2026-10-08T14:50:04.519313+08:00","level":"INFO","msg":"http request complete","request_id":"01a11a46-b5c2-77cc-97f6-1727b4d88355","method":"GET","status_code":200,"duration_ms":420}
{"time":"2026-10-08T14:50:04.930052+08:00","level":"INFO","msg":"http request complete","request_id":"01a11a46-b831-7aa6-b8d5-e0aaf34dd75e","method":"GET","status_code":200,"duration_ms":208}
{"time":"2026-10-08T14:50:05.374239+08:00","level":"INFO","msg":"http request complete","request_id":"01a11a46-b9cc-735f-a3c7-e3af7c05acd4","method":"GET","status_code":200,"duration_ms":241}
{"time":"2026-10-08T14:50:05.75016+08:00","level":"INFO","msg":"http request complete","request_id":"01a11a46-bb89-72b3-8bb2-542184a6ca43","method":"GET","status_code":200,"duration_ms":172}
{"time":"2026-10-08T14:50:06.12677+08:00","level":"INFO","msg":"http request complete","request_id":"01a11a46-bcff-7bc3-bf3a-a7453c9eeabe","method":"GET","status_code":200,"duration_ms":174}
{"time":"2026-10-08T14:50:06.516617+08:00","level":"INFO","msg":"http request complete","request_id":"01a11a46-be78-7bea-ae0f-9c461de0173f","method":"GET","status_code":200,"duration_ms":187}
{"time":"2026-10-08T14:50:07.581863+08:00","level":"INFO","msg":"http request complete","request_id":"01a11a46-bffe-7cf8-a599-51869535cb36","method":"GET","status_code":200,"duration_ms":863}
{"time":"2026-10-08T14:50:07.982749+08:00","level":"INFO","msg":"http request complete","request_id":"01a11a46-c427-7add-85e8-f8379bed640e","method":"GET","status_code":200,"duration_ms":199}
{"time":"2026-10-08T14:50:08.36349+08:00","level":"INFO","msg":"http request complete","request_id":"01a11a46-c5b8-7db7-8d21-906ef2b6435a","method":"GET","status_code":200,"duration_ms":178}
{"time":"2026-10-08T14:50:08.735839+08:00","level":"INFO","msg":"http request complete","request_id":"01a11a46-c735-7bc7-b0b2-f35b07364698","method":"GET","status_code":200,"duration_ms":170}
{"time":"2026-10-08T14:50:09.189673+08:00","level":"INFO","msg":"http request complete","request_id":"01a11a46-c8aa-70de-9dcb-8aae05ff946f","method":"GET","status_code":200,"duration_ms":251}
{"time":"2026-10-08T14:50:10.017687+08:00","level":"INFO","msg":"http request complete","request_id":"01a11a46-ca70-79d3-92ea-fe3ec54338e1","method":"GET","status_code":200,"duration_ms":625}
{"time":"2026-10-08T14:50:10.730479+08:00","level":"INFO","msg":"http request complete","request_id":"01a11a46-cdab-7c73-af3c-f8c7ac37db64","method":"GET","status_code":200,"duration_ms":510}
{"time":"2026-10-08T14:50:11.758902+08:00","level":"INFO","msg":"http request complete","request_id":"01a11a46-d073-7d2f-9c16-db35cde21772","method":"GET","status_code":200,"duration_ms":826}
{"time":"2026-10-08T14:50:12.146112+08:00","level":"INFO","msg":"http request complete","request_id":"01a11a46-d479-722a-923e-29b6a7d8089c","method":"GET","status_code":200,"duration_ms":184}
{"time":"2026-10-08T14:50:12.644085+08:00","level":"INFO","msg":"http request complete","request_id":"01a11a46-d5fc-7497-a565-1fd08d00c6f3","method":"GET","status_code":200,"duration_ms":295}
{"time":"2026-10-08T14:50:13.492222+08:00","level":"INFO","msg":"http request complete","request_id":"01a11a46-d7ed-775e-9332-77e3efd0f2b0","method":"GET","status_code":200,"duration_ms":646}
{"time":"2026-10-08T14:50:14.0212+08:00","level":"INFO","msg":"http request complete","request_id":"01a11a46-db3f-738e-b507-4c65a902cc31","method":"GET","status_code":200,"duration_ms":325}
{"time":"2026-10-08T14:50:14.681936+08:00","level":"INFO","msg":"http request complete","request_id":"01a11a46-dd4f-796e-b68f-7477416608d6","method":"GET","status_code":200,"duration_ms":458}
{"time":"2026-10-08T14:50:15.062296+08:00","level":"INFO","msg":"http request complete","request_id":"01a11a46-dfe3-739d-87c1-c8bfedb88374","method":"GET","status_code":200,"duration_ms":179}
{"time":"2026-10-08T14:50:15.465691+08:00","level":"INFO","msg":"http request complete","request_id":"01a11a46-e160-778d-b32a-ff3f3bc0f627","method":"GET","status_code":200,"duration_ms":201}
{"time":"2026-10-08T14:50:15.852686+08:00","level":"INFO","msg":"http request complete","request_id":"01a11a46-e2f3-720f-9911-2530347fff64","method":"GET","status_code":200,"duration_ms":185}
{"time":"2026-10-08T14:50:16.228138+08:00","level":"INFO","msg":"http request complete","request_id":"01a11a46-e476-7d81-8332-43c0af622a33","method":"GET","status_code":200,"duration_ms":173}
{"time":"2026-10-08T14:50:16.711317+08:00","level":"INFO","msg":"http request complete","request_id":"01a11a46-e5ee-775e-862e-5ad1cf03a057","method":"GET","status_code":200,"duration_ms":280}
{"time":"2026-10-08T14:50:17.071776+08:00","level":"INFO","msg":"http request complete","request_id":"01a11a46-e7d1-73b1-b2f7-74efcf22c5d5","method":"GET","status_code":200,"duration_ms":158}
{"time":"2026-10-08T14:50:17.510728+08:00","level":"INFO","msg":"http request complete","request_id":"01a11a46-e939-7572-b248-e6567797ffbd","method":"GET","status_code":200,"duration_ms":237}
{"time":"2026-10-08T14:50:17.871283+08:00","level":"INFO","msg":"http request complete","request_id":"01a11a46-eaf0-7eff-8d43-e25cf989de7d","method":"GET","status_code":200,"duration_ms":158}
{"time":"2026-10-08T14:50:18.300351+08:00","level":"INFO","msg":"http request complete","request_id":"01a11a46-ec59-77db-bb28-6893b7d90189","method":"GET","status_code":200,"duration_ms":226}
{"time":"2026-10-08T14:50:18.853715+08:00","level":"INFO","msg":"http request complete","request_id":"01a11a46-ee05-7dee-8b42-767450f8f013","method":"GET","status_code":200,"duration_ms":351}
{"time":"2026-10-08T14:50:19.680206+08:00","level":"INFO","msg":"http request complete","request_id":"01a11a46-f02e-7f3e-bded-a2011b87a09c","method":"GET","status_code":200,"duration_ms":625}
{"time":"2026-10-08T14:50:20.752003+08:00","level":"INFO","msg":"http request complete","request_id":"01a11a46-f36a-7850-954c-77a550131999","method":"GET","status_code":200,"duration_ms":869}
{"time":"2026-10-08T14:50:21.80567+08:00","level":"INFO","msg":"http request complete","request_id":"01a11a46-f799-7b0c-85ff-221b685e2a45","method":"GET","status_code":200,"duration_ms":851}
{"time":"2026-10-08T14:50:22.418394+08:00","level":"INFO","msg":"http request complete","request_id":"01a11a46-fbb7-770c-9aa1-ce6aeaa0235f","method":"GET","status_code":200,"duration_ms":410}
{"time":"2026-10-08T14:50:23.084022+08:00","level":"INFO","msg":"http request complete","request_id":"01a11a46-fe1c-74b3-be63-de80fd34f871","method":"GET","status_code":200,"duration_ms":463}
{"time":"2026-10-08T14:50:23.544059+08:00","level":"INFO","msg":"http request complete","request_id":"01a11a47-00b5-745d-b2da-23fb49510cee","method":"GET","status_code":200,"duration_ms":258}
{"time":"2026-10-08T14:50:23.963603+08:00","level":"INFO","msg":"http request complete","request_id":"01a11a47-0281-7301-bc83-622f37919f49","method":"GET","status_code":200,"duration_ms":218}
{"time":"2026-10-08T14:50:24.021818+08:00","level":"INFO","msg":"http request complete","request_id":"01a11a47-035d-78f4-8be7-10118e1eba80","method":"GET","status_code":200,"duration_ms":56}
{"time":"2026-10-08T14:50:24.052203+08:00","level":"INFO","msg":"http request complete","request_id":"01a11a47-0397-7bb8-ab71-256a6d481b10","method":"GET","status_code":200,"duration_ms":28}
{"time":"2026-10-08T14:50:24.287215+08:00","level":"WARN","msg":"Graph request unavailable","stage":"lease_before_query"}
{"time":"2026-10-08T14:50:24.287216+08:00","level":"WARN","msg":"Graph ownership not ready","qualification":{"/v1/configmaps":"list_missing","/v1/events":"list_missing","/v1/nodes":"list_missing","/v1/persistentvolumeclaims":"list_missing","/v1/persistentvolumes":"list_missing","/v1/pods":"list_missing","/v1/services":"list_missing","apps/v1/daemonsets":"list_missing","apps/v1/deployments":"list_missing","apps/v1/replicasets":"list_missing","apps/v1/statefulsets":"list_missing","batch/v1/jobs":"list_missing","discovery.k8s.io/v1/endpointslices":"list_missing","storage.k8s.io/v1/csidrivers":"list_missing","storage.k8s.io/v1/csinodes":"list_missing","storage.k8s.io/v1/storageclasses":"list_missing","storage.k8s.io/v1/volumeattachments":"list_missing"}}
{"time":"2026-10-08T14:50:24.299671+08:00","level":"INFO","msg":"http request complete","request_id":"01a11a47-03ca-7e4c-8c42-ffa5d7b8c67f","method":"GET","status_code":200,"duration_ms":224}
{"time":"2026-10-08T14:50:24.586667+08:00","level":"WARN","msg":"Graph request unavailable","stage":"lease_before_query"}
{"time":"2026-10-08T14:50:24.620969+08:00","level":"INFO","msg":"http request complete","request_id":"01a11a47-0575-7ccd-acea-bbbcc05756aa","method":"GET","status_code":200,"duration_ms":119}
{"time":"2026-10-08T14:50:24.870457+08:00","level":"WARN","msg":"Graph request unavailable","stage":"lease_before_query"}
{"time":"2026-10-08T14:50:24.888441+08:00","level":"INFO","msg":"http request complete","request_id":"01a11a47-06b9-7678-b19d-6282108ae0f2","method":"GET","status_code":200,"duration_ms":62}
{"time":"2026-10-08T14:50:25.126752+08:00","level":"WARN","msg":"Graph request unavailable","stage":"lease_before_query"}
{"time":"2026-10-08T14:50:25.16278+08:00","level":"INFO","msg":"http request complete","request_id":"01a11a47-07c5-70af-950e-e31aa25bf0d6","method":"GET","status_code":200,"duration_ms":69}
{"time":"2026-10-08T14:50:25.42519+08:00","level":"WARN","msg":"Graph request unavailable","stage":"lease_before_query"}
{"time":"2026-10-08T14:50:25.432686+08:00","level":"INFO","msg":"http request complete","request_id":"01a11a47-08d5-7392-9a51-679b1e2e3c47","method":"GET","status_code":200,"duration_ms":67}
{"time":"2026-10-08T14:50:25.702275+08:00","level":"WARN","msg":"Graph request unavailable","stage":"lease_before_query"}
{"time":"2026-10-08T14:50:25.722104+08:00","level":"INFO","msg":"http request complete","request_id":"01a11a47-09e2-71bd-99e5-88c778751808","method":"GET","status_code":200,"duration_ms":87}
{"time":"2026-10-08T14:50:26.065054+08:00","level":"INFO","msg":"http request complete","request_id":"01a11a47-0b05-78e5-882e-aeaae519ebef","method":"GET","status_code":200,"duration_ms":139}
{"time":"2026-10-08T14:50:26.205335+08:00","level":"WARN","msg":"Graph ownership not ready","qualification":{"/v1/configmaps":"list_missing","/v1/nodes":"list_missing","/v1/persistentvolumeclaims":"list_missing","/v1/persistentvolumes":"list_missing","/v1/services":"list_missing","apps/v1/daemonsets":"list_missing","apps/v1/deployments":"list_missing","apps/v1/replicasets":"list_missing","apps/v1/statefulsets":"list_missing","batch/v1/jobs":"list_missing","discovery.k8s.io/v1/endpointslices":"list_missing","storage.k8s.io/v1/csidrivers":"list_missing","storage.k8s.io/v1/csinodes":"list_missing","storage.k8s.io/v1/storageclasses":"list_missing","storage.k8s.io/v1/volumeattachments":"list_missing"}}
{"time":"2026-10-08T14:50:26.354683+08:00","level":"INFO","msg":"http request complete","request_id":"01a11a47-0c5a-7d98-9b9f-b84d7ca854f9","method":"GET","status_code":200,"duration_ms":87}
{"time":"2026-10-08T14:50:26.557261+08:00","level":"WARN","msg":"SP05 durable reducer pass unavailable","errorClass":"*errors.joinError"}
{"time":"2026-10-08T14:50:26.595301+08:00","level":"INFO","msg":"http request complete","request_id":"01a11a47-0d7f-7052-90fd-ff725e900aa2","method":"GET","status_code":200,"duration_ms":36}
{"time":"2026-10-08T14:50:27.038496+08:00","level":"INFO","msg":"http request complete","request_id":"01a11a47-0e6d-7111-bd97-859c35acfe92","method":"GET","status_code":200,"duration_ms":241}
{"time":"2026-10-08T14:50:27.345295+08:00","level":"INFO","msg":"http request complete","request_id":"01a11a47-1028-7a68-96cb-3cad929e1236","method":"GET","status_code":200,"duration_ms":104}
{"time":"2026-10-08T14:50:27.622241+08:00","level":"INFO","msg":"http request complete","request_id":"01a11a47-115a-7bfa-8176-85f516cc4a26","method":"GET","status_code":200,"duration_ms":75}
{"time":"2026-10-08T14:50:27.879362+08:00","level":"INFO","msg":"http request complete","request_id":"01a11a47-1270-7c06-aca7-817322783992","method":"GET","status_code":200,"duration_ms":54}
{"time":"2026-10-08T14:50:28.150005+08:00","level":"WARN","msg":"Graph ownership not ready","qualification":{"/v1/persistentvolumes":"watch_initializing"}}
{"time":"2026-10-08T14:50:28.304087+08:00","level":"INFO","msg":"http request complete","request_id":"01a11a47-1371-7989-921b-866ab680dc60","method":"GET","status_code":200,"duration_ms":222}
{"time":"2026-10-08T14:50:28.586213+08:00","level":"INFO","msg":"http request complete","request_id":"01a11a47-1519-70d2-a554-42e37f40cca6","method":"GET","status_code":200,"duration_ms":81}
{"time":"2026-10-08T14:50:28.842153+08:00","level":"WARN","msg":"Graph request unavailable","stage":"lease_before_query"}
{"time":"2026-10-08T14:50:28.876811+08:00","level":"INFO","msg":"http request complete","request_id":"01a11a47-1633-79fa-99c9-34bf2efe5709","method":"GET","status_code":200,"duration_ms":89}
{"time":"2026-10-08T14:50:29.161962+08:00","level":"WARN","msg":"Graph request unavailable","stage":"lease_before_query"}
{"time":"2026-10-08T14:50:29.205349+08:00","level":"INFO","msg":"http request complete","request_id":"01a11a47-1757-75eb-b4f0-0b28c92e0417","method":"GET","status_code":200,"duration_ms":125}
{"time":"2026-10-08T14:50:29.468936+08:00","level":"INFO","msg":"http request complete","request_id":"01a11a47-18a0-7b17-86e8-45840eab64f9","method":"GET","status_code":200,"duration_ms":60}
{"time":"2026-10-08T14:50:29.770362+08:00","level":"INFO","msg":"http request complete","request_id":"01a11a47-19a7-7510-983a-5460ced8d751","method":"GET","status_code":200,"duration_ms":98}
{"time":"2026-10-08T14:50:30.004899+08:00","level":"INFO","msg":"http request complete","request_id":"01a11a47-1ad5-7032-be95-5b4ae9b8c4e2","method":"GET","status_code":200,"duration_ms":31}
{"time":"2026-10-08T14:50:30.498975+08:00","level":"INFO","msg":"http request complete","request_id":"01a11a47-1bc0-7259-b532-780fe5390550","method":"GET","status_code":200,"duration_ms":290}
{"time":"2026-10-08T14:50:30.892688+08:00","level":"INFO","msg":"http request complete","request_id":"01a11a47-1dad-74ce-9ea2-2ef385c4a046","method":"GET","status_code":200,"duration_ms":191}
{"time":"2026-10-08T14:50:31.217652+08:00","level":"INFO","msg":"http request complete","request_id":"01a11a47-1f38-7246-a980-e4465f60f3ac","method":"GET","status_code":200,"duration_ms":121}
{"time":"2026-10-08T14:50:31.848358+08:00","level":"INFO","msg":"http request complete","request_id":"01a11a47-207d-7ed4-aaa5-b5ed8839546e","method":"GET","status_code":200,"duration_ms":426}
{"time":"2026-10-08T14:50:32.386061+08:00","level":"INFO","msg":"http request complete","request_id":"01a11a47-22f2-74e9-9d09-51eadc1e4ff6","method":"GET","status_code":200,"duration_ms":335}
{"time":"2026-10-08T14:50:32.86026+08:00","level":"INFO","msg":"http request complete","request_id":"01a11a47-250c-7962-82c9-903d8a0ed5c0","method":"GET","status_code":200,"duration_ms":271}
{"time":"2026-10-08T14:50:33.171494+08:00","level":"INFO","msg":"http request complete","request_id":"01a11a47-26e7-737e-a091-2815bd36b28a","method":"GET","status_code":200,"duration_ms":108}
{"time":"2026-10-08T14:50:33.487696+08:00","level":"INFO","msg":"http request complete","request_id":"01a11a47-281d-7900-b5bc-75b961e74238","method":"GET","status_code":200,"duration_ms":114}
{"time":"2026-10-08T14:50:33.842456+08:00","level":"INFO","msg":"http request complete","request_id":"01a11a47-295a-78fc-9228-fb82223c60d0","method":"GET","status_code":200,"duration_ms":151}
{"time":"2026-10-08T14:50:34.180323+08:00","level":"INFO","msg":"http request complete","request_id":"01a11a47-2abd-744d-97b0-8f479341aa1d","method":"GET","status_code":200,"duration_ms":134}
{"time":"2026-10-08T14:50:34.467745+08:00","level":"INFO","msg":"http request complete","request_id":"01a11a47-2c0e-7ec5-b00b-5174f481815c","method":"GET","status_code":200,"duration_ms":84}
{"time":"2026-10-08T14:50:34.78542+08:00","level":"INFO","msg":"http request complete","request_id":"01a11a47-2d2e-73d8-8876-0d983f6be19f","method":"GET","status_code":200,"duration_ms":115}
{"time":"2026-10-08T14:50:35.049223+08:00","level":"INFO","msg":"http request complete","request_id":"01a11a47-2e6b-7003-b55f-6bdf8e081cdc","method":"GET","status_code":200,"duration_ms":62}
{"time":"2026-10-08T14:50:35.332454+08:00","level":"INFO","msg":"http request complete","request_id":"01a11a47-2f73-7622-937c-0a727a6b9990","method":"GET","status_code":200,"duration_ms":80}
{"time":"2026-10-08T14:50:35.679579+08:00","level":"INFO","msg":"http request complete","request_id":"01a11a47-308f-735f-b744-aab21b5001d3","method":"GET","status_code":200,"duration_ms":144}
{"time":"2026-10-08T14:50:35.982078+08:00","level":"INFO","msg":"http request complete","request_id":"01a11a47-31e9-7ed0-b51b-0fcbe96a70ee","method":"GET","status_code":200,"duration_ms":100}
{"time":"2026-10-08T14:50:36.302794+08:00","level":"INFO","msg":"http request complete","request_id":"01a11a47-3318-7710-8e16-dde86faa39e5","method":"GET","status_code":200,"duration_ms":118}
{"time":"2026-10-08T14:50:36.604163+08:00","level":"INFO","msg":"http request complete","request_id":"01a11a47-3459-7791-a034-9bbcbe942795","method":"GET","status_code":200,"duration_ms":98}
{"time":"2026-10-08T14:50:36.887232+08:00","level":"INFO","msg":"http request complete","request_id":"01a11a47-358a-7167-aa3b-1e3d6141171f","method":"GET","status_code":200,"duration_ms":77}
{"time":"2026-10-08T14:50:37.152451+08:00","level":"INFO","msg":"http request complete","request_id":"01a11a47-36a3-78d9-bbdc-8ef3fe90a99c","method":"GET","status_code":200,"duration_ms":60}
{"time":"2026-10-08T14:50:37.385007+08:00","level":"INFO","msg":"http request complete","request_id":"01a11a47-37aa-7839-865e-96c77f3e4d22","method":"GET","status_code":200,"duration_ms":30}
{"time":"2026-10-08T14:50:37.652433+08:00","level":"INFO","msg":"http request complete","request_id":"01a11a47-3893-7426-9cee-4b7606c9f99c","method":"GET","status_code":200,"duration_ms":65}
{"time":"2026-10-08T14:50:37.912868+08:00","level":"INFO","msg":"http request complete","request_id":"01a11a47-399d-7edc-8194-bd96d38f5763","method":"GET","status_code":200,"duration_ms":58}
{"time":"2026-10-08T14:50:38.167431+08:00","level":"INFO","msg":"http request complete","request_id":"01a11a47-3aa3-75a1-9768-0544583f1038","method":"GET","status_code":200,"duration_ms":52}
{"time":"2026-10-08T14:50:38.43535+08:00","level":"INFO","msg":"http request complete","request_id":"01a11a47-3ba2-71a9-be98-36898a8fc017","method":"GET","status_code":200,"duration_ms":65}
{"time":"2026-10-08T14:50:38.731459+08:00","level":"INFO","msg":"http request complete","request_id":"01a11a47-3cae-7036-a824-2dff5e6d183e","method":"GET","status_code":200,"duration_ms":93}
{"time":"2026-10-08T14:50:39.045689+08:00","level":"INFO","msg":"http request complete","request_id":"01a11a47-3dd5-769b-848c-694b88db7a43","method":"GET","status_code":200,"duration_ms":112}
{"time":"2026-10-08T14:50:39.351441+08:00","level":"INFO","msg":"http request complete","request_id":"01a11a47-3f10-7138-9724-b22161c55104","method":"GET","status_code":200,"duration_ms":103}
{"time":"2026-10-08T14:50:39.618919+08:00","level":"INFO","msg":"http request complete","request_id":"01a11a47-4041-7c11-a4fb-9a60b3ee6326","method":"GET","status_code":200,"duration_ms":65}
{"time":"2026-10-08T14:50:39.932947+08:00","level":"INFO","msg":"http request complete","request_id":"01a11a47-414c-75d0-aa22-8741a6d58c50","method":"GET","status_code":200,"duration_ms":112}
{"time":"2026-10-08T14:50:40.18467+08:00","level":"INFO","msg":"http request complete","request_id":"01a11a47-4287-79e3-94fc-7d410d276c7e","method":"GET","status_code":200,"duration_ms":48}
{"time":"2026-10-08T14:50:40.571215+08:00","level":"INFO","msg":"http request complete","request_id":"01a11a47-4383-7412-b455-6ff0bbc6a983","method":"GET","status_code":200,"duration_ms":183}
{"time":"2026-10-08T14:50:40.965897+08:00","level":"INFO","msg":"http request complete","request_id":"01a11a47-4506-729f-9faf-1b08c304745b","method":"GET","status_code":200,"duration_ms":191}
{"time":"2026-10-08T14:50:41.381681+08:00","level":"INFO","msg":"http request complete","request_id":"01a11a47-4690-79cb-85bf-74c62505b22d","method":"GET","status_code":200,"duration_ms":212}
{"time":"2026-10-08T14:50:41.829371+08:00","level":"INFO","msg":"http request complete","request_id":"01a11a47-4830-752c-a060-8f0b906268da","method":"GET","status_code":200,"duration_ms":244}
{"time":"2026-10-08T14:50:42.415676+08:00","level":"INFO","msg":"http request complete","request_id":"01a11a47-49f0-7908-966e-46fa24482acf","method":"GET","status_code":200,"duration_ms":383}
{"time":"2026-10-08T14:50:42.88445+08:00","level":"INFO","msg":"http request complete","request_id":"01a11a47-4c3a-721e-9c87-0094ddfe2d5a","method":"GET","status_code":200,"duration_ms":266}
{"time":"2026-10-08T14:50:43.276171+08:00","level":"INFO","msg":"http request complete","request_id":"01a11a47-4e0e-7bbf-9733-59534a1599b4","method":"GET","status_code":200,"duration_ms":189}
{"time":"2026-10-08T14:50:43.984689+08:00","level":"INFO","msg":"http request complete","request_id":"01a11a47-4f96-7b1b-b52c-6254d9912cf0","method":"GET","status_code":200,"duration_ms":505}
{"time":"2026-10-08T14:50:44.453505+08:00","level":"INFO","msg":"http request complete","request_id":"01a11a47-525a-7a1d-ad7a-7fe1632cad90","method":"GET","status_code":200,"duration_ms":266}
{"time":"2026-10-08T14:50:44.834632+08:00","level":"INFO","msg":"http request complete","request_id":"01a11a47-5430-74f5-814e-b567804ffc32","method":"GET","status_code":200,"duration_ms":178}
{"time":"2026-10-08T14:50:45.226951+08:00","level":"INFO","msg":"http request complete","request_id":"01a11a47-55ad-721e-9ecb-e8c18dff9bcc","method":"GET","status_code":200,"duration_ms":189}
{"time":"2026-10-08T14:50:45.59462+08:00","level":"INFO","msg":"http request complete","request_id":"01a11a47-5735-7626-9eca-1f53a903be82","method":"GET","status_code":200,"duration_ms":165}
{"time":"2026-10-08T14:50:46.001713+08:00","level":"INFO","msg":"http request complete","request_id":"01a11a47-58a4-7b42-81dc-eaa713d3f575","method":"GET","status_code":200,"duration_ms":204}
{"time":"2026-10-08T14:50:46.602442+08:00","level":"INFO","msg":"http request complete","request_id":"01a11a47-5a3b-7449-b7b0-8b80799e398f","method":"GET","status_code":200,"duration_ms":399}
{"time":"2026-10-08T14:50:47.242262+08:00","level":"INFO","msg":"http request complete","request_id":"01a11a47-5c94-75dc-b9fc-b8be541aaafe","method":"GET","status_code":200,"duration_ms":437}
{"time":"2026-10-08T14:50:47.943312+08:00","level":"INFO","msg":"http request complete","request_id":"01a11a47-5f15-7480-b395-6bda8ba692f7","method":"GET","status_code":200,"duration_ms":498}
{"time":"2026-10-08T14:50:48.803195+08:00","level":"INFO","msg":"http request complete","request_id":"01a11a47-61d1-7562-9b8c-7e6118cde27a","method":"GET","status_code":200,"duration_ms":657}
{"time":"2026-10-08T14:50:49.205344+08:00","level":"INFO","msg":"http request complete","request_id":"01a11a47-652d-7dde-b7bd-7fa7565f8c23","method":"GET","status_code":200,"duration_ms":199}
{"time":"2026-10-08T14:50:49.625766+08:00","level":"INFO","msg":"http request complete","request_id":"01a11a47-66c0-751c-bf4c-60bf0f4311ae","method":"GET","status_code":200,"duration_ms":217}
{"time":"2026-10-08T14:50:49.986095+08:00","level":"INFO","msg":"http request complete","request_id":"01a11a47-6864-72f5-abe7-275dea862656","method":"GET","status_code":200,"duration_ms":157}
{"time":"2026-10-08T14:50:50.435548+08:00","level":"INFO","msg":"http request complete","request_id":"01a11a47-69cb-7f3e-8d9c-adb1bc3aec00","method":"GET","status_code":200,"duration_ms":247}
{"time":"2026-10-08T14:50:50.858584+08:00","level":"INFO","msg":"http request complete","request_id":"01a11a47-6b90-710d-bdfc-736b823c5062","method":"GET","status_code":200,"duration_ms":220}
{"time":"2026-10-08T14:50:51.28593+08:00","level":"INFO","msg":"http request complete","request_id":"01a11a47-6d35-756a-a61e-22f842b1176a","method":"GET","status_code":200,"duration_ms":224}
{"time":"2026-10-08T14:50:51.853644+08:00","level":"INFO","msg":"http request complete","request_id":"01a11a47-6edf-7d79-872b-ef343591b307","method":"GET","status_code":200,"duration_ms":365}
{"time":"2026-10-08T14:50:52.410048+08:00","level":"INFO","msg":"http request complete","request_id":"01a11a47-7117-7a06-93e5-df505bfe922d","method":"GET","status_code":200,"duration_ms":354}
{"time":"2026-10-08T14:50:52.787523+08:00","level":"INFO","msg":"http request complete","request_id":"01a11a47-7344-76fd-9992-a48b8ebb77d3","method":"GET","status_code":200,"duration_ms":175}
{"time":"2026-10-08T14:50:53.186272+08:00","level":"INFO","msg":"http request complete","request_id":"01a11a47-74be-7537-967c-521158ace010","method":"GET","status_code":200,"duration_ms":195}
{"time":"2026-10-08T14:50:53.578399+08:00","level":"INFO","msg":"http request complete","request_id":"01a11a47-764e-7806-a52a-541b3a8c7d7a","method":"GET","status_code":200,"duration_ms":187}
{"time":"2026-10-08T14:50:53.952654+08:00","level":"INFO","msg":"http request complete","request_id":"01a11a47-77d5-74fd-b248-ade37f0b080e","method":"GET","status_code":200,"duration_ms":171}
{"time":"2026-10-08T14:50:54.443736+08:00","level":"INFO","msg":"http request complete","request_id":"01a11a47-794b-7265-b6d0-ae0fb679aedc","method":"GET","status_code":200,"duration_ms":288}
{"time":"2026-10-08T14:50:54.803919+08:00","level":"INFO","msg":"http request complete","request_id":"01a11a47-7b35-7a16-9bce-8bd376f2a1cc","method":"GET","status_code":200,"duration_ms":158}
{"time":"2026-10-08T14:50:55.24809+08:00","level":"INFO","msg":"http request complete","request_id":"01a11a47-7ca1-77eb-aea7-00072c074b12","method":"GET","status_code":200,"duration_ms":238}
{"time":"2026-10-08T14:50:55.665274+08:00","level":"INFO","msg":"http request complete","request_id":"01a11a47-7e5a-79a0-a593-329233d59da4","method":"GET","status_code":200,"duration_ms":214}
{"time":"2026-10-08T14:50:56.085967+08:00","level":"INFO","msg":"http request complete","request_id":"01a11a47-7ffb-7d5d-9af8-c41dae849989","method":"GET","status_code":200,"duration_ms":218}
{"time":"2026-10-08T14:50:56.778078+08:00","level":"INFO","msg":"http request complete","request_id":"01a11a47-81a1-7315-b381-5a5ab654edf2","method":"GET","status_code":200,"duration_ms":488}
{"time":"2026-10-08T14:50:57.403425+08:00","level":"INFO","msg":"http request complete","request_id":"01a11a47-8454-78fc-a680-c0d3f7c68d39","method":"GET","status_code":200,"duration_ms":422}
{"time":"2026-10-08T14:50:57.967156+08:00","level":"INFO","msg":"http request complete","request_id":"01a11a47-86c7-7975-ad4c-5b3d54b1e1a5","method":"GET","status_code":200,"duration_ms":359}
{"time":"2026-10-08T14:50:58.900377+08:00","level":"INFO","msg":"http request complete","request_id":"01a11a47-88f8-7db7-962f-f8b2a21477d1","method":"GET","status_code":200,"duration_ms":731}
{"time":"2026-10-08T14:50:59.526724+08:00","level":"INFO","msg":"http request complete","request_id":"01a11a47-8c9e-721e-b7ab-1c78c5db1642","method":"GET","status_code":200,"duration_ms":424}
{"time":"2026-10-08T14:50:59.910981+08:00","level":"INFO","msg":"http request complete","request_id":"01a11a47-8f11-780a-aac1-6daf098308ae","method":"GET","status_code":200,"duration_ms":181}
{"time":"2026-10-08T14:51:00.424733+08:00","level":"INFO","msg":"http request complete","request_id":"01a11a47-9090-790c-8726-bb032a2d2be4","method":"GET","status_code":200,"duration_ms":312}
{"time":"2026-10-08T14:51:00.904095+08:00","level":"INFO","msg":"http request complete","request_id":"01a11a47-9297-79d7-9d54-c20b631da4c3","method":"GET","status_code":200,"duration_ms":272}
{"time":"2026-10-08T14:51:00.908968+08:00","level":"INFO","msg":"http request complete","request_id":"01a11a47-93aa-7459-b7c2-69538808ced3","method":"POST","status_code":409,"duration_ms":2}
{"time":"2026-10-08T14:51:00.963411+08:00","level":"INFO","msg":"http request complete","request_id":"01a11a47-93ad-73a5-8ff6-1ccd39cbd6e5","method":"POST","status_code":200,"duration_ms":54}
{"time":"2026-10-08T14:51:01.019408+08:00","level":"INFO","msg":"http request complete","request_id":"01a11a47-93e4-7d61-a19c-75b63cec0e9a","method":"POST","status_code":200,"duration_ms":54}
{"time":"2026-10-08T14:51:01.246367+08:00","level":"WARN","msg":"SP05 official observation unavailable","errorClass":"canceled"}
{"time":"2026-10-08T14:51:01.246407+08:00","level":"WARN","msg":"SP05 durable reducer pass unavailable","errorClass":"canceled"}
{"time":"2026-10-08T14:51:01.246449+08:00","level":"WARN","msg":"Graph ownership not ready","qualification":{"/v1/configmaps":"list_missing","/v1/events":"list_missing","/v1/nodes":"source_scope_unverified","/v1/persistentvolumeclaims":"list_missing","/v1/persistentvolumes":"list_missing","/v1/pods":"list_missing","/v1/services":"list_missing","apps/v1/daemonsets":"list_missing","apps/v1/deployments":"list_missing","apps/v1/replicasets":"list_missing","apps/v1/statefulsets":"list_missing","batch/v1/jobs":"list_missing","discovery.k8s.io/v1/endpointslices":"list_missing","storage.k8s.io/v1/csidrivers":"list_missing","storage.k8s.io/v1/csinodes":"list_missing","storage.k8s.io/v1/storageclasses":"list_missing","storage.k8s.io/v1/volumeattachments":"list_missing"}}
{"time":"2026-10-08T14:51:01.284619+08:00","level":"INFO","msg":"http request complete","request_id":"01a11a47-9507-7639-bfde-aaea290836ac","method":"POST","status_code":200,"duration_ms":29}
{"time":"2026-10-08T14:51:01.330761+08:00","level":"INFO","msg":"http request complete","request_id":"01a11a47-9525-705d-90e1-75ff04716321","method":"POST","status_code":200,"duration_ms":45}
{"time":"2026-10-08T14:51:01.513894+08:00","level":"INFO","msg":"http request complete","request_id":"01a11a47-95c8-7d3e-a2c6-ddaf5e3fc920","method":"POST","status_code":200,"duration_ms":64}
{"time":"2026-10-08T14:51:01.681107+08:00","level":"INFO","msg":"http request complete","request_id":"01a11a47-9626-76b6-8a77-d09a0119a851","method":"POST","status_code":200,"duration_ms":138}
{"time":"2026-10-08T14:51:01.736858+08:00","level":"INFO","msg":"http request complete","request_id":"01a11a47-96b1-7cf4-98bf-48d179729042","method":"POST","status_code":200,"duration_ms":54}
{"time":"2026-10-08T14:51:01.841661+08:00","level":"INFO","msg":"http request complete","request_id":"01a11a47-96e9-740f-bcf1-920cfc1a58f8","method":"POST","status_code":409,"duration_ms":104}
{"time":"2026-10-08T14:51:01.87715+08:00","level":"INFO","msg":"http request complete","request_id":"01a11a47-975c-76b6-8f38-e64e35c73334","method":"POST","status_code":403,"duration_ms":24}
{"time":"2026-10-08T14:51:01.975508+08:00","level":"INFO","msg":"http request complete","request_id":"01a11a47-977b-79a8-b9cf-f86c2f0a23dc","method":"POST","status_code":200,"duration_ms":91}
{"time":"2026-10-08T14:51:02.025374+08:00","level":"INFO","msg":"http request complete","request_id":"01a11a47-97d7-7dfe-b834-895969f3fd7d","method":"POST","status_code":200,"duration_ms":49}
{"time":"2026-10-08T14:51:02.116012+08:00","level":"INFO","msg":"http request complete","request_id":"01a11a47-980a-771c-9085-d07c00b56f2c","method":"POST","status_code":409,"duration_ms":89}
{"time":"2026-10-08T14:51:02.224766+08:00","level":"INFO","msg":"http request complete","request_id":"01a11a47-9865-76f1-b738-8c6d2cf99d9a","method":"POST","status_code":200,"duration_ms":107}
{"time":"2026-10-08T14:51:02.254463+08:00","level":"INFO","msg":"http request complete","request_id":"01a11a47-98d1-7b5e-9371-398aef5842b0","method":"POST","status_code":200,"duration_ms":28}
{"time":"2026-10-08T14:51:02.327816+08:00","level":"INFO","msg":"http request complete","request_id":"01a11a47-98f2-75df-9d8e-c754c39a83ff","method":"POST","status_code":409,"duration_ms":69}
{"time":"2026-10-08T14:51:02.33541+08:00","level":"INFO","msg":"http request complete","request_id":"01a11a47-9939-7d75-aded-d722c7b0b0c1","method":"POST","status_code":403,"duration_ms":5}
{"time":"2026-10-08T14:51:02.355445+08:00","level":"INFO","msg":"http request complete","request_id":"01a11a47-9950-7ec5-893a-b383ee7337b7","method":"POST","status_code":403,"duration_ms":2}
{"time":"2026-10-08T14:51:02.358+08:00","level":"INFO","msg":"http request complete","request_id":"01a11a47-9953-7c73-b7d3-049d4d744576","method":"POST","status_code":403,"duration_ms":2}
{"time":"2026-10-08T14:51:02.360782+08:00","level":"INFO","msg":"http request complete","request_id":"01a11a47-9956-75cc-bff8-3828f0af9366","method":"POST","status_code":403,"duration_ms":2}
{"time":"2026-10-08T14:51:02.375962+08:00","level":"INFO","msg":"http request complete","request_id":"01a11a47-9965-7c29-969f-d32f40cc7baf","method":"POST","status_code":403,"duration_ms":2}
2026/10/08 14:51:14 OK   00001_roles_and_schemas.sql (175.4ms)
2026/10/08 14:51:14 goose: successfully migrated database to version: 1
2026/10/08 14:51:14 OK   00002_platform_meta.sql (91.35ms)
2026/10/08 14:51:14 OK   00003_finding.sql (38.64ms)
2026/10/08 14:51:14 OK   00004_incident.sql (10.6ms)
2026/10/08 14:51:14 OK   00005_investigation.sql (24.13ms)
2026/10/08 14:51:14 OK   00006_action_command.sql (29.97ms)
2026/10/08 14:51:14 OK   00007_audit.sql (30.58ms)
2026/10/08 14:51:14 OK   00008_rls.sql (30.84ms)
2026/10/08 14:51:14 OK   00009_idempotency_ledger.sql (28.73ms)
2026/10/08 14:51:14 OK   00010_tenant_provisioning.sql (20.8ms)
2026/10/08 14:51:14 OK   00011_source_registration_history.sql (27.32ms)
2026/10/08 14:51:14 OK   00012_config_registry_lifecycle.sql (48.5ms)
2026/10/08 14:51:14 OK   00013_audit_signed_segments.sql (42.24ms)
2026/10/08 14:51:14 OK   00014_audit_segment_predecessors.sql (12.42ms)
2026/10/08 14:51:14 OK   00015_source_schema_scope.sql (6.76ms)
2026/10/08 14:51:14 OK   00016_cluster_registration_metadata.sql (6.39ms)
2026/10/08 14:51:14 OK   00017_source_data_scope.sql (11ms)
2026/10/08 14:51:14 OK   00018_sp04_resources_evidence.sql (69.14ms)
2026/10/08 14:51:15 OK   00019_sp04_archive_ciphertext_bytes.sql (8.21ms)
2026/10/08 14:51:15 OK   00020_sp04_request_ledger.sql (8.23ms)
2026/10/08 14:51:15 OK   00021_sp04_archive_protection.sql (13.9ms)
2026/10/08 14:51:15 OK   00022_sp04_legal_hold_dependencies.sql (12.44ms)
2026/10/08 14:51:15 OK   00023_sp04_archive_query_intent.sql (8.58ms)
2026/10/08 14:51:15 OK   00024_sp05_finding_incident.sql (61.44ms)
2026/10/08 14:51:15 OK   00025_sp05_incident_event_time.sql (15.75ms)
2026/10/08 14:51:15 OK   00026_sp05_source_binding_lock.sql (15.27ms)
2026/10/08 14:51:15 OK   00027_sp05_rca_and_poll.sql (19.01ms)
2026/10/08 14:51:15 OK   00028_sp05_operator_lock.sql (6.58ms)
2026/10/08 14:51:15 OK   00029_sp05_evidence_links.sql (9.87ms)
2026/10/08 14:51:15 OK   00030_sp05_recipe_fence.sql (12.83ms)
2026/10/08 14:51:15 OK   00031_sp05_rca_postcheck.sql (15.26ms)
2026/10/08 14:51:15 OK   00032_sp05_transport_audit.sql (8.47ms)
2026/10/08 14:51:15 OK   00033_sp05_poll_resolution_clock.sql (7.99ms)
2026/10/08 14:51:15 OK   00034_sp06_investigation_ledger.sql (85.22ms)
2026/10/08 14:51:15 OK   00035_sp06_admission_data_classes.sql (14.27ms)
2026/10/08 14:51:15 goose: successfully migrated database to version: 35
2026/10/08 14:51:17 OK   00001_roles_and_schemas.sql (34.89ms)
2026/10/08 14:51:17 goose: successfully migrated database to version: 1
2026/10/08 14:51:17 OK   00002_platform_meta.sql (74.98ms)
2026/10/08 14:51:17 OK   00003_finding.sql (50.31ms)
2026/10/08 14:51:17 OK   00004_incident.sql (10.12ms)
2026/10/08 14:51:17 OK   00005_investigation.sql (29.33ms)
2026/10/08 14:51:17 OK   00006_action_command.sql (35.6ms)
2026/10/08 14:51:17 OK   00007_audit.sql (23.16ms)
2026/10/08 14:51:17 OK   00008_rls.sql (37.72ms)
2026/10/08 14:51:17 OK   00009_idempotency_ledger.sql (26.65ms)
2026/10/08 14:51:17 OK   00010_tenant_provisioning.sql (28.98ms)
2026/10/08 14:51:17 OK   00011_source_registration_history.sql (7.89ms)
2026/10/08 14:51:17 OK   00012_config_registry_lifecycle.sql (31.42ms)
2026/10/08 14:51:17 OK   00013_audit_signed_segments.sql (31.08ms)
2026/10/08 14:51:17 OK   00014_audit_segment_predecessors.sql (12.81ms)
2026/10/08 14:51:17 OK   00015_source_schema_scope.sql (6.49ms)
2026/10/08 14:51:17 OK   00016_cluster_registration_metadata.sql (10.18ms)
2026/10/08 14:51:17 OK   00017_source_data_scope.sql (10.73ms)
2026/10/08 14:51:17 OK   00018_sp04_resources_evidence.sql (24ms)
2026/10/08 14:51:17 OK   00019_sp04_archive_ciphertext_bytes.sql (4.21ms)
2026/10/08 14:51:17 OK   00020_sp04_request_ledger.sql (8.15ms)
2026/10/08 14:51:17 OK   00021_sp04_archive_protection.sql (13.34ms)
2026/10/08 14:51:17 OK   00022_sp04_legal_hold_dependencies.sql (13.39ms)
2026/10/08 14:51:17 OK   00023_sp04_archive_query_intent.sql (8.42ms)
2026/10/08 14:51:18 OK   00024_sp05_finding_incident.sql (79.3ms)
2026/10/08 14:51:18 OK   00025_sp05_incident_event_time.sql (3.52ms)
2026/10/08 14:51:18 OK   00026_sp05_source_binding_lock.sql (6.38ms)
2026/10/08 14:51:18 OK   00027_sp05_rca_and_poll.sql (14.58ms)
2026/10/08 14:51:18 OK   00028_sp05_operator_lock.sql (7.37ms)
2026/10/08 14:51:18 OK   00029_sp05_evidence_links.sql (8.77ms)
2026/10/08 14:51:18 OK   00030_sp05_recipe_fence.sql (4.99ms)
2026/10/08 14:51:18 OK   00031_sp05_rca_postcheck.sql (2.8ms)
2026/10/08 14:51:18 OK   00032_sp05_transport_audit.sql (3.89ms)
2026/10/08 14:51:18 OK   00033_sp05_poll_resolution_clock.sql (12.05ms)
2026/10/08 14:51:18 OK   00034_sp06_investigation_ledger.sql (48.88ms)
2026/10/08 14:51:18 OK   00035_sp06_admission_data_classes.sql (9.44ms)
2026/10/08 14:51:18 goose: successfully migrated database to version: 35
2026/10/08 14:53:03 OK   00001_roles_and_schemas.sql (22.24ms)
2026/10/08 14:53:03 goose: successfully migrated database to version: 1
2026/10/08 14:53:03 OK   00002_platform_meta.sql (39.78ms)
2026/10/08 14:53:03 OK   00003_finding.sql (27.24ms)
2026/10/08 14:53:03 OK   00004_incident.sql (16.35ms)
2026/10/08 14:53:03 OK   00005_investigation.sql (24.84ms)
2026/10/08 14:53:03 OK   00006_action_command.sql (9.15ms)
2026/10/08 14:53:03 OK   00007_audit.sql (50.76ms)
2026/10/08 14:53:03 OK   00008_rls.sql (30.59ms)
2026/10/08 14:53:03 OK   00009_idempotency_ledger.sql (35.96ms)
2026/10/08 14:53:03 OK   00010_tenant_provisioning.sql (11.18ms)
2026/10/08 14:53:03 OK   00011_source_registration_history.sql (19.23ms)
2026/10/08 14:53:03 OK   00012_config_registry_lifecycle.sql (19.28ms)
2026/10/08 14:53:03 OK   00013_audit_signed_segments.sql (32.21ms)
2026/10/08 14:53:03 OK   00014_audit_segment_predecessors.sql (16.56ms)
2026/10/08 14:53:03 OK   00015_source_schema_scope.sql (6.31ms)
2026/10/08 14:53:03 OK   00016_cluster_registration_metadata.sql (10.33ms)
2026/10/08 14:53:03 OK   00017_source_data_scope.sql (6.41ms)
2026/10/08 14:53:03 OK   00018_sp04_resources_evidence.sql (29.21ms)
2026/10/08 14:53:03 OK   00019_sp04_archive_ciphertext_bytes.sql (7.27ms)
2026/10/08 14:53:03 OK   00020_sp04_request_ledger.sql (14.54ms)
2026/10/08 14:53:03 OK   00021_sp04_archive_protection.sql (16.1ms)
2026/10/08 14:53:03 OK   00022_sp04_legal_hold_dependencies.sql (8.38ms)
2026/10/08 14:53:03 OK   00023_sp04_archive_query_intent.sql (5.62ms)
2026/10/08 14:53:03 OK   00024_sp05_finding_incident.sql (42.92ms)
2026/10/08 14:53:03 OK   00025_sp05_incident_event_time.sql (5.85ms)
2026/10/08 14:53:03 OK   00026_sp05_source_binding_lock.sql (8.19ms)
2026/10/08 14:53:03 OK   00027_sp05_rca_and_poll.sql (22.58ms)
2026/10/08 14:53:03 OK   00028_sp05_operator_lock.sql (6.64ms)
2026/10/08 14:53:03 OK   00029_sp05_evidence_links.sql (11.16ms)
2026/10/08 14:53:03 OK   00030_sp05_recipe_fence.sql (7.48ms)
2026/10/08 14:53:03 OK   00031_sp05_rca_postcheck.sql (5.32ms)
2026/10/08 14:53:03 OK   00032_sp05_transport_audit.sql (8.5ms)
2026/10/08 14:53:03 OK   00033_sp05_poll_resolution_clock.sql (12.15ms)
2026/10/08 14:53:03 OK   00034_sp06_investigation_ledger.sql (104.43ms)
2026/10/08 14:53:03 OK   00035_sp06_admission_data_classes.sql (4.37ms)
2026/10/08 14:53:03 goose: successfully migrated database to version: 35
2026/10/08 14:53:35 OK   00001_roles_and_schemas.sql (35.81ms)
2026/10/08 14:53:35 goose: successfully migrated database to version: 1
2026/10/08 14:53:35 OK   00002_platform_meta.sql (67.78ms)
2026/10/08 14:53:35 OK   00003_finding.sql (15.18ms)
2026/10/08 14:53:35 OK   00004_incident.sql (20.33ms)
2026/10/08 14:53:35 OK   00005_investigation.sql (20.36ms)
2026/10/08 14:53:35 OK   00006_action_command.sql (20.96ms)
2026/10/08 14:53:35 OK   00007_audit.sql (36.96ms)
2026/10/08 14:53:35 OK   00008_rls.sql (22.48ms)
2026/10/08 14:53:35 OK   00009_idempotency_ledger.sql (44.36ms)
2026/10/08 14:53:35 OK   00010_tenant_provisioning.sql (12.77ms)
2026/10/08 14:53:35 OK   00011_source_registration_history.sql (8.09ms)
2026/10/08 14:53:35 OK   00012_config_registry_lifecycle.sql (26.97ms)
2026/10/08 14:53:35 OK   00013_audit_signed_segments.sql (33.44ms)
2026/10/08 14:53:35 OK   00014_audit_segment_predecessors.sql (11.46ms)
2026/10/08 14:53:35 OK   00015_source_schema_scope.sql (5.2ms)
2026/10/08 14:53:35 OK   00016_cluster_registration_metadata.sql (11.83ms)
2026/10/08 14:53:35 OK   00017_source_data_scope.sql (4.86ms)
2026/10/08 14:53:35 OK   00018_sp04_resources_evidence.sql (34.3ms)
2026/10/08 14:53:35 OK   00019_sp04_archive_ciphertext_bytes.sql (7.49ms)
2026/10/08 14:53:35 OK   00020_sp04_request_ledger.sql (6.15ms)
2026/10/08 14:53:35 OK   00021_sp04_archive_protection.sql (9.17ms)
2026/10/08 14:53:35 OK   00022_sp04_legal_hold_dependencies.sql (14.62ms)
2026/10/08 14:53:35 OK   00023_sp04_archive_query_intent.sql (15.78ms)
2026/10/08 14:53:35 OK   00024_sp05_finding_incident.sql (42.68ms)
2026/10/08 14:53:35 OK   00025_sp05_incident_event_time.sql (8.61ms)
2026/10/08 14:53:35 OK   00026_sp05_source_binding_lock.sql (11.04ms)
2026/10/08 14:53:35 OK   00027_sp05_rca_and_poll.sql (27.29ms)
2026/10/08 14:53:35 OK   00028_sp05_operator_lock.sql (8.49ms)
2026/10/08 14:53:35 OK   00029_sp05_evidence_links.sql (9.59ms)
2026/10/08 14:53:35 OK   00030_sp05_recipe_fence.sql (13.48ms)
2026/10/08 14:53:35 OK   00031_sp05_rca_postcheck.sql (18ms)
2026/10/08 14:53:35 OK   00032_sp05_transport_audit.sql (28.84ms)
2026/10/08 14:53:36 OK   00033_sp05_poll_resolution_clock.sql (10.39ms)
2026/10/08 14:53:36 OK   00034_sp06_investigation_ledger.sql (129.64ms)
2026/10/08 14:53:36 OK   00035_sp06_admission_data_classes.sql (8.52ms)
2026/10/08 14:53:36 goose: successfully migrated database to version: 35
2026/10/08 14:53:38 OK   00001_roles_and_schemas.sql (20.63ms)
2026/10/08 14:53:38 goose: successfully migrated database to version: 1
2026/10/08 14:53:38 OK   00002_platform_meta.sql (35.61ms)
2026/10/08 14:53:38 OK   00003_finding.sql (12.71ms)
2026/10/08 14:53:38 OK   00004_incident.sql (10.31ms)
2026/10/08 14:53:38 OK   00005_investigation.sql (31.04ms)
2026/10/08 14:53:38 OK   00006_action_command.sql (7.13ms)
2026/10/08 14:53:38 OK   00007_audit.sql (22.53ms)
2026/10/08 14:53:38 OK   00008_rls.sql (22.38ms)
2026/10/08 14:53:38 OK   00009_idempotency_ledger.sql (44.07ms)
2026/10/08 14:53:38 OK   00010_tenant_provisioning.sql (6.44ms)
2026/10/08 14:53:38 OK   00011_source_registration_history.sql (23.97ms)
2026/10/08 14:53:38 OK   00012_config_registry_lifecycle.sql (20.48ms)
2026/10/08 14:53:38 OK   00013_audit_signed_segments.sql (16.39ms)
2026/10/08 14:53:38 OK   00014_audit_segment_predecessors.sql (19.95ms)
2026/10/08 14:53:38 OK   00015_source_schema_scope.sql (10.07ms)
2026/10/08 14:53:38 OK   00016_cluster_registration_metadata.sql (8.34ms)
2026/10/08 14:53:38 OK   00017_source_data_scope.sql (5.99ms)
2026/10/08 14:53:38 OK   00018_sp04_resources_evidence.sql (34.22ms)
2026/10/08 14:53:38 OK   00019_sp04_archive_ciphertext_bytes.sql (5.77ms)
2026/10/08 14:53:38 OK   00020_sp04_request_ledger.sql (12.87ms)
2026/10/08 14:53:38 OK   00021_sp04_archive_protection.sql (3.86ms)
2026/10/08 14:53:38 OK   00022_sp04_legal_hold_dependencies.sql (2.69ms)
2026/10/08 14:53:38 OK   00023_sp04_archive_query_intent.sql (5.18ms)
2026/10/08 14:53:39 OK   00024_sp05_finding_incident.sql (24.54ms)
2026/10/08 14:53:39 OK   00025_sp05_incident_event_time.sql (5.97ms)
2026/10/08 14:53:39 OK   00026_sp05_source_binding_lock.sql (4.14ms)
2026/10/08 14:53:39 OK   00027_sp05_rca_and_poll.sql (16.72ms)
2026/10/08 14:53:39 OK   00028_sp05_operator_lock.sql (4.8ms)
2026/10/08 14:53:39 OK   00029_sp05_evidence_links.sql (10.42ms)
2026/10/08 14:53:39 OK   00030_sp05_recipe_fence.sql (14.29ms)
2026/10/08 14:53:39 OK   00031_sp05_rca_postcheck.sql (5.43ms)
2026/10/08 14:53:39 OK   00032_sp05_transport_audit.sql (10.06ms)
2026/10/08 14:53:39 OK   00033_sp05_poll_resolution_clock.sql (7.11ms)
2026/10/08 14:53:39 OK   00034_sp06_investigation_ledger.sql (52.25ms)
2026/10/08 14:53:39 OK   00035_sp06_admission_data_classes.sql (4.76ms)
2026/10/08 14:53:39 goose: successfully migrated database to version: 35
2026/10/08 14:53:39 OK   00001_roles_and_schemas.sql (38.55ms)
2026/10/08 14:53:39 goose: successfully migrated database to version: 1
2026/10/08 14:53:39 OK   00002_platform_meta.sql (44.86ms)
2026/10/08 14:53:39 OK   00003_finding.sql (28.85ms)
2026/10/08 14:53:39 OK   00004_incident.sql (8.89ms)
2026/10/08 14:53:39 OK   00005_investigation.sql (12.14ms)
2026/10/08 14:53:39 OK   00006_action_command.sql (13.03ms)
2026/10/08 14:53:39 OK   00007_audit.sql (25.51ms)
2026/10/08 14:53:39 OK   00008_rls.sql (25.96ms)
2026/10/08 14:53:39 OK   00009_idempotency_ledger.sql (8.58ms)
2026/10/08 14:53:39 OK   00010_tenant_provisioning.sql (14.27ms)
2026/10/08 14:53:39 OK   00011_source_registration_history.sql (45.56ms)
2026/10/08 14:53:39 OK   00012_config_registry_lifecycle.sql (26.05ms)
2026/10/08 14:53:39 OK   00013_audit_signed_segments.sql (31.04ms)
2026/10/08 14:53:39 OK   00014_audit_segment_predecessors.sql (11.02ms)
2026/10/08 14:53:39 OK   00015_source_schema_scope.sql (6.89ms)
2026/10/08 14:53:39 OK   00016_cluster_registration_metadata.sql (10.71ms)
2026/10/08 14:53:39 OK   00017_source_data_scope.sql (22.47ms)
2026/10/08 14:53:39 OK   00018_sp04_resources_evidence.sql (23.79ms)
2026/10/08 14:53:39 OK   00019_sp04_archive_ciphertext_bytes.sql (11.87ms)
2026/10/08 14:53:39 OK   00020_sp04_request_ledger.sql (11.6ms)
2026/10/08 14:53:39 OK   00021_sp04_archive_protection.sql (5.87ms)
2026/10/08 14:53:39 OK   00022_sp04_legal_hold_dependencies.sql (2.63ms)
2026/10/08 14:53:39 OK   00023_sp04_archive_query_intent.sql (3.2ms)
2026/10/08 14:53:40 OK   00024_sp05_finding_incident.sql (41ms)
2026/10/08 14:53:40 OK   00025_sp05_incident_event_time.sql (5.1ms)
2026/10/08 14:53:40 OK   00026_sp05_source_binding_lock.sql (3.15ms)
2026/10/08 14:53:40 OK   00027_sp05_rca_and_poll.sql (9.85ms)
2026/10/08 14:53:40 OK   00028_sp05_operator_lock.sql (9.06ms)
2026/10/08 14:53:40 OK   00029_sp05_evidence_links.sql (19.34ms)
2026/10/08 14:53:40 OK   00030_sp05_recipe_fence.sql (6.78ms)
2026/10/08 14:53:40 OK   00031_sp05_rca_postcheck.sql (3.09ms)
2026/10/08 14:53:40 OK   00032_sp05_transport_audit.sql (4.05ms)
2026/10/08 14:53:40 OK   00033_sp05_poll_resolution_clock.sql (7.73ms)
2026/10/08 14:53:40 OK   00034_sp06_investigation_ledger.sql (48.09ms)
2026/10/08 14:53:40 OK   00035_sp06_admission_data_classes.sql (6.09ms)
2026/10/08 14:53:40 goose: successfully migrated database to version: 35
2026/10/08 14:53:40 OK   00001_roles_and_schemas.sql (25.16ms)
2026/10/08 14:53:40 goose: successfully migrated database to version: 1
2026/10/08 14:53:40 OK   00002_platform_meta.sql (152.34ms)
2026/10/08 14:53:40 OK   00003_finding.sql (13.44ms)
2026/10/08 14:53:40 OK   00004_incident.sql (9.58ms)
2026/10/08 14:53:40 OK   00005_investigation.sql (27.74ms)
2026/10/08 14:53:40 OK   00006_action_command.sql (10.34ms)
2026/10/08 14:53:40 OK   00007_audit.sql (40.14ms)
2026/10/08 14:53:40 OK   00008_rls.sql (14.29ms)
2026/10/08 14:53:40 OK   00009_idempotency_ledger.sql (31.39ms)
2026/10/08 14:53:40 OK   00010_tenant_provisioning.sql (10.39ms)
2026/10/08 14:53:40 OK   00011_source_registration_history.sql (13.09ms)
2026/10/08 14:53:40 OK   00012_config_registry_lifecycle.sql (31.96ms)
2026/10/08 14:53:40 OK   00013_audit_signed_segments.sql (37.02ms)
2026/10/08 14:53:40 OK   00014_audit_segment_predecessors.sql (13.4ms)
2026/10/08 14:53:40 OK   00015_source_schema_scope.sql (10.54ms)
2026/10/08 14:53:40 OK   00016_cluster_registration_metadata.sql (6.21ms)
2026/10/08 14:53:40 OK   00017_source_data_scope.sql (12.92ms)
2026/10/08 14:53:41 OK   00018_sp04_resources_evidence.sql (25.89ms)
2026/10/08 14:53:41 OK   00019_sp04_archive_ciphertext_bytes.sql (3.33ms)
2026/10/08 14:53:41 OK   00020_sp04_request_ledger.sql (7.94ms)
2026/10/08 14:53:41 OK   00021_sp04_archive_protection.sql (8.92ms)
2026/10/08 14:53:41 OK   00022_sp04_legal_hold_dependencies.sql (6.4ms)
2026/10/08 14:53:41 OK   00023_sp04_archive_query_intent.sql (8.28ms)
2026/10/08 14:53:41 OK   00024_sp05_finding_incident.sql (39.17ms)
2026/10/08 14:53:41 OK   00025_sp05_incident_event_time.sql (2.79ms)
2026/10/08 14:53:41 OK   00026_sp05_source_binding_lock.sql (9.78ms)
2026/10/08 14:53:41 OK   00027_sp05_rca_and_poll.sql (29.72ms)
2026/10/08 14:53:41 OK   00028_sp05_operator_lock.sql (15.23ms)
2026/10/08 14:53:41 OK   00029_sp05_evidence_links.sql (7.87ms)
2026/10/08 14:53:41 OK   00030_sp05_recipe_fence.sql (8.91ms)
2026/10/08 14:53:41 OK   00031_sp05_rca_postcheck.sql (20.45ms)
2026/10/08 14:53:41 OK   00032_sp05_transport_audit.sql (11.85ms)
2026/10/08 14:53:41 OK   00033_sp05_poll_resolution_clock.sql (3.33ms)
2026/10/08 14:53:41 OK   00034_sp06_investigation_ledger.sql (51.46ms)
2026/10/08 14:53:41 OK   00035_sp06_admission_data_classes.sql (3.81ms)
2026/10/08 14:53:41 goose: successfully migrated database to version: 35
2026/10/08 14:53:41 OK   00001_roles_and_schemas.sql (24.66ms)
2026/10/08 14:53:41 goose: successfully migrated database to version: 1
2026/10/08 14:53:41 OK   00002_platform_meta.sql (88.6ms)
2026/10/08 14:53:41 OK   00003_finding.sql (28.33ms)
2026/10/08 14:53:41 OK   00004_incident.sql (16.71ms)
2026/10/08 14:53:41 OK   00005_investigation.sql (16.33ms)
2026/10/08 14:53:41 OK   00006_action_command.sql (10.28ms)
2026/10/08 14:53:41 OK   00007_audit.sql (16.5ms)
2026/10/08 14:53:41 OK   00008_rls.sql (20.76ms)
2026/10/08 14:53:41 OK   00009_idempotency_ledger.sql (27.03ms)
2026/10/08 14:53:42 OK   00010_tenant_provisioning.sql (5.59ms)
2026/10/08 14:53:42 OK   00011_source_registration_history.sql (15.33ms)
2026/10/08 14:53:42 OK   00012_config_registry_lifecycle.sql (22.81ms)
2026/10/08 14:53:42 OK   00013_audit_signed_segments.sql (31.43ms)
2026/10/08 14:53:42 OK   00014_audit_segment_predecessors.sql (19.66ms)
2026/10/08 14:53:42 OK   00015_source_schema_scope.sql (7.12ms)
2026/10/08 14:53:42 OK   00016_cluster_registration_metadata.sql (11.46ms)
2026/10/08 14:53:42 OK   00017_source_data_scope.sql (14.06ms)
2026/10/08 14:53:42 OK   00018_sp04_resources_evidence.sql (31.12ms)
2026/10/08 14:53:42 OK   00019_sp04_archive_ciphertext_bytes.sql (10.24ms)
2026/10/08 14:53:42 OK   00020_sp04_request_ledger.sql (14.09ms)
2026/10/08 14:53:42 OK   00021_sp04_archive_protection.sql (25.59ms)
2026/10/08 14:53:42 OK   00022_sp04_legal_hold_dependencies.sql (8.37ms)
2026/10/08 14:53:42 OK   00023_sp04_archive_query_intent.sql (3.63ms)
2026/10/08 14:53:42 OK   00024_sp05_finding_incident.sql (40.01ms)
2026/10/08 14:53:42 OK   00025_sp05_incident_event_time.sql (7.82ms)
2026/10/08 14:53:42 OK   00026_sp05_source_binding_lock.sql (5.71ms)
2026/10/08 14:53:42 OK   00027_sp05_rca_and_poll.sql (16.45ms)
2026/10/08 14:53:42 OK   00028_sp05_operator_lock.sql (5.06ms)
2026/10/08 14:53:42 OK   00029_sp05_evidence_links.sql (5.95ms)
2026/10/08 14:53:42 OK   00030_sp05_recipe_fence.sql (3.03ms)
2026/10/08 14:53:42 OK   00031_sp05_rca_postcheck.sql (4.47ms)
2026/10/08 14:53:42 OK   00032_sp05_transport_audit.sql (11.64ms)
2026/10/08 14:53:42 OK   00033_sp05_poll_resolution_clock.sql (9.33ms)
2026/10/08 14:53:42 OK   00034_sp06_investigation_ledger.sql (39.76ms)
2026/10/08 14:53:42 OK   00035_sp06_admission_data_classes.sql (10.15ms)
2026/10/08 14:53:42 goose: successfully migrated database to version: 35
2026/10/08 14:53:42 OK   00001_roles_and_schemas.sql (26.31ms)
2026/10/08 14:53:42 goose: successfully migrated database to version: 1
2026/10/08 14:53:42 OK   00002_platform_meta.sql (37.86ms)
2026/10/08 14:53:42 OK   00003_finding.sql (10.77ms)
2026/10/08 14:53:42 OK   00004_incident.sql (6.07ms)
2026/10/08 14:53:42 OK   00005_investigation.sql (42.29ms)
2026/10/08 14:53:42 OK   00006_action_command.sql (12.18ms)
2026/10/08 14:53:42 OK   00007_audit.sql (15.19ms)
2026/10/08 14:53:42 OK   00008_rls.sql (37.44ms)
2026/10/08 14:53:42 OK   00009_idempotency_ledger.sql (14.46ms)
2026/10/08 14:53:42 OK   00010_tenant_provisioning.sql (13.23ms)
2026/10/08 14:53:43 OK   00011_source_registration_history.sql (26.29ms)
2026/10/08 14:53:43 OK   00012_config_registry_lifecycle.sql (29.78ms)
2026/10/08 14:53:43 OK   00013_audit_signed_segments.sql (21.91ms)
2026/10/08 14:53:43 OK   00014_audit_segment_predecessors.sql (10.86ms)
2026/10/08 14:53:43 OK   00015_source_schema_scope.sql (6.38ms)
2026/10/08 14:53:43 OK   00016_cluster_registration_metadata.sql (39.35ms)
2026/10/08 14:53:43 OK   00017_source_data_scope.sql (23.82ms)
2026/10/08 14:53:43 OK   00018_sp04_resources_evidence.sql (25.38ms)
2026/10/08 14:53:43 OK   00019_sp04_archive_ciphertext_bytes.sql (6.09ms)
2026/10/08 14:53:43 OK   00020_sp04_request_ledger.sql (13.17ms)
2026/10/08 14:53:43 OK   00021_sp04_archive_protection.sql (7.55ms)
2026/10/08 14:53:43 OK   00022_sp04_legal_hold_dependencies.sql (4.95ms)
2026/10/08 14:53:43 OK   00023_sp04_archive_query_intent.sql (6.5ms)
2026/10/08 14:53:43 OK   00024_sp05_finding_incident.sql (114.58ms)
2026/10/08 14:53:43 OK   00025_sp05_incident_event_time.sql (4.5ms)
2026/10/08 14:53:43 OK   00026_sp05_source_binding_lock.sql (8.17ms)
2026/10/08 14:53:43 OK   00027_sp05_rca_and_poll.sql (22.35ms)
2026/10/08 14:53:43 OK   00028_sp05_operator_lock.sql (6.21ms)
2026/10/08 14:53:43 OK   00029_sp05_evidence_links.sql (8.83ms)
2026/10/08 14:53:43 OK   00030_sp05_recipe_fence.sql (5.11ms)
2026/10/08 14:53:43 OK   00031_sp05_rca_postcheck.sql (4.17ms)
2026/10/08 14:53:43 OK   00032_sp05_transport_audit.sql (4.04ms)
2026/10/08 14:53:43 OK   00033_sp05_poll_resolution_clock.sql (3.35ms)
2026/10/08 14:53:43 OK   00034_sp06_investigation_ledger.sql (20.98ms)
2026/10/08 14:53:43 OK   00035_sp06_admission_data_classes.sql (8.66ms)
2026/10/08 14:53:43 goose: successfully migrated database to version: 35
2026/10/08 14:53:43 OK   00001_roles_and_schemas.sql (28.22ms)
2026/10/08 14:53:43 goose: successfully migrated database to version: 1
2026/10/08 14:53:43 OK   00002_platform_meta.sql (47.02ms)
2026/10/08 14:53:43 OK   00003_finding.sql (30.83ms)
2026/10/08 14:53:43 OK   00004_incident.sql (20.19ms)
2026/10/08 14:53:44 OK   00005_investigation.sql (9.61ms)
2026/10/08 14:53:44 OK   00006_action_command.sql (6.84ms)
2026/10/08 14:53:44 OK   00007_audit.sql (17.37ms)
2026/10/08 14:53:44 OK   00008_rls.sql (22.83ms)
2026/10/08 14:53:44 OK   00009_idempotency_ledger.sql (17.16ms)
2026/10/08 14:53:44 OK   00010_tenant_provisioning.sql (7.13ms)
2026/10/08 14:53:44 OK   00011_source_registration_history.sql (11.42ms)
2026/10/08 14:53:44 OK   00012_config_registry_lifecycle.sql (36.85ms)
2026/10/08 14:53:44 OK   00013_audit_signed_segments.sql (80.17ms)
2026/10/08 14:53:44 OK   00014_audit_segment_predecessors.sql (23.81ms)
2026/10/08 14:53:44 OK   00015_source_schema_scope.sql (7.46ms)
2026/10/08 14:53:44 OK   00016_cluster_registration_metadata.sql (4.94ms)
2026/10/08 14:53:44 OK   00017_source_data_scope.sql (7.1ms)
2026/10/08 14:53:44 OK   00018_sp04_resources_evidence.sql (38.54ms)
2026/10/08 14:53:44 OK   00019_sp04_archive_ciphertext_bytes.sql (7.8ms)
2026/10/08 14:53:44 OK   00020_sp04_request_ledger.sql (11.19ms)
2026/10/08 14:53:44 OK   00021_sp04_archive_protection.sql (6.1ms)
2026/10/08 14:53:44 OK   00022_sp04_legal_hold_dependencies.sql (3.83ms)
2026/10/08 14:53:44 OK   00023_sp04_archive_query_intent.sql (5.88ms)
2026/10/08 14:53:44 OK   00024_sp05_finding_incident.sql (54.98ms)
2026/10/08 14:53:44 OK   00025_sp05_incident_event_time.sql (9.79ms)
2026/10/08 14:53:44 OK   00026_sp05_source_binding_lock.sql (24.73ms)
2026/10/08 14:53:44 OK   00027_sp05_rca_and_poll.sql (35.05ms)
2026/10/08 14:53:44 OK   00028_sp05_operator_lock.sql (4.59ms)
2026/10/08 14:53:44 OK   00029_sp05_evidence_links.sql (16.74ms)
2026/10/08 14:53:44 OK   00030_sp05_recipe_fence.sql (7.89ms)
2026/10/08 14:53:44 OK   00031_sp05_rca_postcheck.sql (7.65ms)
2026/10/08 14:53:44 OK   00032_sp05_transport_audit.sql (8.7ms)
2026/10/08 14:53:44 OK   00033_sp05_poll_resolution_clock.sql (7.03ms)
2026/10/08 14:53:44 OK   00034_sp06_investigation_ledger.sql (32.52ms)
2026/10/08 14:53:44 OK   00035_sp06_admission_data_classes.sql (4.64ms)
2026/10/08 14:53:44 goose: successfully migrated database to version: 35
2026/10/08 14:54:16 OK   00001_roles_and_schemas.sql (19.09ms)
2026/10/08 14:54:16 goose: successfully migrated database to version: 1
2026/10/08 14:54:16 OK   00002_platform_meta.sql (42.81ms)
2026/10/08 14:54:16 OK   00003_finding.sql (22.04ms)
2026/10/08 14:54:16 OK   00004_incident.sql (14.42ms)
2026/10/08 14:54:16 OK   00005_investigation.sql (16.55ms)
2026/10/08 14:54:16 OK   00006_action_command.sql (11.02ms)
2026/10/08 14:54:16 OK   00007_audit.sql (25.12ms)
2026/10/08 14:54:16 OK   00008_rls.sql (8.77ms)
2026/10/08 14:54:16 OK   00009_idempotency_ledger.sql (7.85ms)
2026/10/08 14:54:16 OK   00010_tenant_provisioning.sql (4.68ms)
2026/10/08 14:54:16 OK   00011_source_registration_history.sql (12.87ms)
2026/10/08 14:54:16 OK   00012_config_registry_lifecycle.sql (38.07ms)
2026/10/08 14:54:16 OK   00013_audit_signed_segments.sql (28.06ms)
2026/10/08 14:54:16 OK   00014_audit_segment_predecessors.sql (13.76ms)
2026/10/08 14:54:16 OK   00015_source_schema_scope.sql (2.98ms)
2026/10/08 14:54:16 OK   00016_cluster_registration_metadata.sql (5.43ms)
2026/10/08 14:54:16 OK   00017_source_data_scope.sql (9.56ms)
2026/10/08 14:54:16 OK   00018_sp04_resources_evidence.sql (29.19ms)
2026/10/08 14:54:16 OK   00019_sp04_archive_ciphertext_bytes.sql (3.29ms)
2026/10/08 14:54:16 OK   00020_sp04_request_ledger.sql (5.61ms)
2026/10/08 14:54:16 OK   00021_sp04_archive_protection.sql (8.67ms)
2026/10/08 14:54:16 OK   00022_sp04_legal_hold_dependencies.sql (4.72ms)
2026/10/08 14:54:16 OK   00023_sp04_archive_query_intent.sql (6.15ms)
2026/10/08 14:54:16 OK   00024_sp05_finding_incident.sql (29.15ms)
2026/10/08 14:54:16 OK   00025_sp05_incident_event_time.sql (3.2ms)
2026/10/08 14:54:16 OK   00026_sp05_source_binding_lock.sql (5.24ms)
2026/10/08 14:54:16 OK   00027_sp05_rca_and_poll.sql (15.02ms)
2026/10/08 14:54:16 OK   00028_sp05_operator_lock.sql (5.27ms)
2026/10/08 14:54:16 OK   00029_sp05_evidence_links.sql (12.94ms)
2026/10/08 14:54:16 OK   00030_sp05_recipe_fence.sql (5.2ms)
2026/10/08 14:54:16 OK   00031_sp05_rca_postcheck.sql (2.95ms)
2026/10/08 14:54:16 OK   00032_sp05_transport_audit.sql (3.58ms)
2026/10/08 14:54:16 OK   00033_sp05_poll_resolution_clock.sql (7.25ms)
2026/10/08 14:54:16 OK   00034_sp06_investigation_ledger.sql (39.73ms)
2026/10/08 14:54:16 OK   00035_sp06_admission_data_classes.sql (2.77ms)
2026/10/08 14:54:16 goose: successfully migrated database to version: 35
2026/10/08 14:54:17 OK   00001_roles_and_schemas.sql (47.03ms)
2026/10/08 14:54:17 goose: successfully migrated database to version: 1
2026/10/08 14:54:17 OK   00002_platform_meta.sql (82.13ms)
2026/10/08 14:54:17 OK   00003_finding.sql (35.77ms)
2026/10/08 14:54:17 OK   00004_incident.sql (15.85ms)
2026/10/08 14:54:17 OK   00005_investigation.sql (17.35ms)
2026/10/08 14:54:17 OK   00006_action_command.sql (24.37ms)
2026/10/08 14:54:17 OK   00007_audit.sql (31.39ms)
2026/10/08 14:54:17 OK   00008_rls.sql (17.74ms)
2026/10/08 14:54:17 OK   00009_idempotency_ledger.sql (40.5ms)
2026/10/08 14:54:17 OK   00010_tenant_provisioning.sql (15.24ms)
2026/10/08 14:54:17 OK   00011_source_registration_history.sql (25.27ms)
2026/10/08 14:54:17 OK   00012_config_registry_lifecycle.sql (30.68ms)
2026/10/08 14:54:17 OK   00013_audit_signed_segments.sql (51.14ms)
2026/10/08 14:54:17 OK   00014_audit_segment_predecessors.sql (15.86ms)
2026/10/08 14:54:17 OK   00015_source_schema_scope.sql (5.02ms)
2026/10/08 14:54:17 OK   00016_cluster_registration_metadata.sql (5.5ms)
2026/10/08 14:54:17 OK   00017_source_data_scope.sql (12.03ms)
2026/10/08 14:54:17 OK   00018_sp04_resources_evidence.sql (47.77ms)
2026/10/08 14:54:17 OK   00019_sp04_archive_ciphertext_bytes.sql (3.68ms)
2026/10/08 14:54:17 OK   00020_sp04_request_ledger.sql (6.26ms)
2026/10/08 14:54:17 OK   00021_sp04_archive_protection.sql (10.49ms)
2026/10/08 14:54:17 OK   00022_sp04_legal_hold_dependencies.sql (3.75ms)
2026/10/08 14:54:17 OK   00023_sp04_archive_query_intent.sql (6.3ms)
2026/10/08 14:54:17 OK   00024_sp05_finding_incident.sql (64.93ms)
2026/10/08 14:54:17 OK   00025_sp05_incident_event_time.sql (8.89ms)
2026/10/08 14:54:17 OK   00026_sp05_source_binding_lock.sql (5.05ms)
2026/10/08 14:54:17 OK   00027_sp05_rca_and_poll.sql (23.77ms)
2026/10/08 14:54:17 OK   00028_sp05_operator_lock.sql (12.32ms)
2026/10/08 14:54:17 OK   00029_sp05_evidence_links.sql (7.05ms)
2026/10/08 14:54:17 OK   00030_sp05_recipe_fence.sql (3.4ms)
2026/10/08 14:54:17 OK   00031_sp05_rca_postcheck.sql (6.47ms)
2026/10/08 14:54:17 OK   00032_sp05_transport_audit.sql (3.89ms)
2026/10/08 14:54:17 OK   00033_sp05_poll_resolution_clock.sql (4.21ms)
2026/10/08 14:54:17 OK   00034_sp06_investigation_ledger.sql (39.36ms)
2026/10/08 14:54:17 OK   00035_sp06_admission_data_classes.sql (5.96ms)
2026/10/08 14:54:17 goose: successfully migrated database to version: 35
2026/10/08 14:54:20 OK   00001_roles_and_schemas.sql (47.25ms)
2026/10/08 14:54:20 goose: successfully migrated database to version: 1
2026/10/08 14:54:20 OK   00002_platform_meta.sql (58.3ms)
2026/10/08 14:54:20 OK   00003_finding.sql (23.8ms)
2026/10/08 14:54:20 OK   00004_incident.sql (13.66ms)
2026/10/08 14:54:20 OK   00005_investigation.sql (9.53ms)
2026/10/08 14:54:20 OK   00006_action_command.sql (12.02ms)
2026/10/08 14:54:20 OK   00007_audit.sql (33.77ms)
2026/10/08 14:54:20 OK   00008_rls.sql (19.02ms)
2026/10/08 14:54:20 OK   00009_idempotency_ledger.sql (38.03ms)
2026/10/08 14:54:20 OK   00010_tenant_provisioning.sql (19.01ms)
2026/10/08 14:54:20 OK   00011_source_registration_history.sql (199.83ms)
2026/10/08 14:54:20 OK   00012_config_registry_lifecycle.sql (118.94ms)
2026/10/08 14:54:20 OK   00013_audit_signed_segments.sql (93.6ms)
2026/10/08 14:54:20 OK   00014_audit_segment_predecessors.sql (17.54ms)
2026/10/08 14:54:20 OK   00015_source_schema_scope.sql (10.65ms)
2026/10/08 14:54:20 OK   00016_cluster_registration_metadata.sql (16.4ms)
2026/10/08 14:54:20 OK   00017_source_data_scope.sql (24.85ms)
2026/10/08 14:54:20 OK   00018_sp04_resources_evidence.sql (43.32ms)
2026/10/08 14:54:20 OK   00019_sp04_archive_ciphertext_bytes.sql (29.62ms)
2026/10/08 14:54:20 OK   00020_sp04_request_ledger.sql (23.86ms)
2026/10/08 14:54:20 OK   00021_sp04_archive_protection.sql (58.6ms)
2026/10/08 14:54:20 OK   00022_sp04_legal_hold_dependencies.sql (3.75ms)
2026/10/08 14:54:20 OK   00023_sp04_archive_query_intent.sql (5.24ms)
2026/10/08 14:54:21 OK   00024_sp05_finding_incident.sql (72.51ms)
2026/10/08 14:54:21 OK   00025_sp05_incident_event_time.sql (5ms)
2026/10/08 14:54:21 OK   00026_sp05_source_binding_lock.sql (12.75ms)
2026/10/08 14:54:21 OK   00027_sp05_rca_and_poll.sql (54.46ms)
2026/10/08 14:54:21 OK   00028_sp05_operator_lock.sql (5.76ms)
2026/10/08 14:54:21 OK   00029_sp05_evidence_links.sql (10.85ms)
2026/10/08 14:54:21 OK   00030_sp05_recipe_fence.sql (15.9ms)
2026/10/08 14:54:21 OK   00031_sp05_rca_postcheck.sql (11.91ms)
2026/10/08 14:54:21 OK   00032_sp05_transport_audit.sql (7.36ms)
2026/10/08 14:54:21 OK   00033_sp05_poll_resolution_clock.sql (11.32ms)
2026/10/08 14:54:21 OK   00034_sp06_investigation_ledger.sql (52.03ms)
2026/10/08 14:54:21 OK   00035_sp06_admission_data_classes.sql (7.95ms)
2026/10/08 14:54:21 goose: successfully migrated database to version: 35
2026/10/08 14:54:22 OK   00001_roles_and_schemas.sql (21.66ms)
2026/10/08 14:54:22 goose: successfully migrated database to version: 1
2026/10/08 14:54:22 OK   00002_platform_meta.sql (47.58ms)
2026/10/08 14:54:22 OK   00003_finding.sql (39.24ms)
2026/10/08 14:54:22 OK   00004_incident.sql (17.24ms)
2026/10/08 14:54:22 OK   00005_investigation.sql (63.43ms)
2026/10/08 14:54:22 OK   00006_action_command.sql (15.15ms)
2026/10/08 14:54:22 OK   00007_audit.sql (58.57ms)
2026/10/08 14:54:23 OK   00008_rls.sql (42.65ms)
2026/10/08 14:54:23 OK   00009_idempotency_ledger.sql (25.06ms)
2026/10/08 14:54:23 OK   00010_tenant_provisioning.sql (10.98ms)
2026/10/08 14:54:23 OK   00011_source_registration_history.sql (13.97ms)
2026/10/08 14:54:23 OK   00012_config_registry_lifecycle.sql (21.89ms)
2026/10/08 14:54:23 OK   00013_audit_signed_segments.sql (26.99ms)
2026/10/08 14:54:23 OK   00014_audit_segment_predecessors.sql (8.67ms)
2026/10/08 14:54:23 OK   00015_source_schema_scope.sql (5.94ms)
2026/10/08 14:54:23 OK   00016_cluster_registration_metadata.sql (10.26ms)
2026/10/08 14:54:23 OK   00017_source_data_scope.sql (48.94ms)
2026/10/08 14:54:23 OK   00018_sp04_resources_evidence.sql (43.21ms)
2026/10/08 14:54:23 OK   00019_sp04_archive_ciphertext_bytes.sql (13.39ms)
2026/10/08 14:54:23 OK   00020_sp04_request_ledger.sql (10.73ms)
2026/10/08 14:54:23 OK   00021_sp04_archive_protection.sql (9.09ms)
2026/10/08 14:54:23 OK   00022_sp04_legal_hold_dependencies.sql (16.23ms)
2026/10/08 14:54:23 OK   00023_sp04_archive_query_intent.sql (41.17ms)
2026/10/08 14:54:23 OK   00024_sp05_finding_incident.sql (96.93ms)
2026/10/08 14:54:23 OK   00025_sp05_incident_event_time.sql (4.32ms)
2026/10/08 14:54:23 OK   00026_sp05_source_binding_lock.sql (5.25ms)
2026/10/08 14:54:23 OK   00027_sp05_rca_and_poll.sql (16.75ms)
2026/10/08 14:54:23 OK   00028_sp05_operator_lock.sql (17.66ms)
2026/10/08 14:54:23 OK   00029_sp05_evidence_links.sql (36.62ms)
2026/10/08 14:54:23 OK   00030_sp05_recipe_fence.sql (7.95ms)
2026/10/08 14:54:23 OK   00031_sp05_rca_postcheck.sql (5.29ms)
2026/10/08 14:54:23 OK   00032_sp05_transport_audit.sql (12.36ms)
2026/10/08 14:54:23 OK   00033_sp05_poll_resolution_clock.sql (36.83ms)
2026/10/08 14:54:23 OK   00034_sp06_investigation_ledger.sql (63.29ms)
2026/10/08 14:54:23 OK   00035_sp06_admission_data_classes.sql (10.92ms)
2026/10/08 14:54:23 goose: successfully migrated database to version: 35
2026/10/08 14:54:26 OK   00001_roles_and_schemas.sql (46.08ms)
2026/10/08 14:54:26 goose: successfully migrated database to version: 1
2026/10/08 14:54:26 OK   00002_platform_meta.sql (117.28ms)
2026/10/08 14:54:26 OK   00003_finding.sql (31.89ms)
2026/10/08 14:54:26 OK   00004_incident.sql (24.82ms)
2026/10/08 14:54:26 OK   00005_investigation.sql (12.18ms)
2026/10/08 14:54:26 OK   00006_action_command.sql (13.48ms)
2026/10/08 14:54:26 OK   00007_audit.sql (19.1ms)
2026/10/08 14:54:26 OK   00008_rls.sql (10.31ms)
2026/10/08 14:54:26 OK   00009_idempotency_ledger.sql (21.84ms)
2026/10/08 14:54:26 OK   00010_tenant_provisioning.sql (6.98ms)
2026/10/08 14:54:26 OK   00011_source_registration_history.sql (15.35ms)
2026/10/08 14:54:26 OK   00012_config_registry_lifecycle.sql (25.59ms)
2026/10/08 14:54:26 OK   00013_audit_signed_segments.sql (32.4ms)
2026/10/08 14:54:26 OK   00014_audit_segment_predecessors.sql (6.74ms)
2026/10/08 14:54:26 OK   00015_source_schema_scope.sql (10.89ms)
2026/10/08 14:54:26 OK   00016_cluster_registration_metadata.sql (13.78ms)
2026/10/08 14:54:26 OK   00017_source_data_scope.sql (22.81ms)
2026/10/08 14:54:26 OK   00018_sp04_resources_evidence.sql (39.37ms)
2026/10/08 14:54:26 OK   00019_sp04_archive_ciphertext_bytes.sql (9.33ms)
2026/10/08 14:54:26 OK   00020_sp04_request_ledger.sql (17.36ms)
2026/10/08 14:54:26 OK   00021_sp04_archive_protection.sql (20.87ms)
2026/10/08 14:54:26 OK   00022_sp04_legal_hold_dependencies.sql (5.83ms)
2026/10/08 14:54:26 OK   00023_sp04_archive_query_intent.sql (3.4ms)
2026/10/08 14:54:26 OK   00024_sp05_finding_incident.sql (73.69ms)
2026/10/08 14:54:26 OK   00025_sp05_incident_event_time.sql (5.04ms)
2026/10/08 14:54:26 OK   00026_sp05_source_binding_lock.sql (7.34ms)
2026/10/08 14:54:26 OK   00027_sp05_rca_and_poll.sql (20.71ms)
2026/10/08 14:54:27 OK   00028_sp05_operator_lock.sql (7.08ms)
2026/10/08 14:54:27 OK   00029_sp05_evidence_links.sql (26.67ms)
2026/10/08 14:54:27 OK   00030_sp05_recipe_fence.sql (5.31ms)
2026/10/08 14:54:27 OK   00031_sp05_rca_postcheck.sql (5.28ms)
2026/10/08 14:54:27 OK   00032_sp05_transport_audit.sql (6.07ms)
2026/10/08 14:54:27 OK   00033_sp05_poll_resolution_clock.sql (7.64ms)
2026/10/08 14:54:27 OK   00034_sp06_investigation_ledger.sql (156.73ms)
2026/10/08 14:54:27 OK   00035_sp06_admission_data_classes.sql (9.6ms)
2026/10/08 14:54:27 goose: successfully migrated database to version: 35
2026/10/08 14:54:45 OK   00001_roles_and_schemas.sql (29.69ms)
2026/10/08 14:54:45 goose: successfully migrated database to version: 1
2026/10/08 14:54:45 OK   00002_platform_meta.sql (41.37ms)
2026/10/08 14:54:45 OK   00003_finding.sql (45.01ms)
2026/10/08 14:54:45 OK   00004_incident.sql (11.38ms)
2026/10/08 14:54:45 OK   00005_investigation.sql (32.54ms)
2026/10/08 14:54:45 OK   00006_action_command.sql (21.17ms)
2026/10/08 14:54:45 OK   00007_audit.sql (15.05ms)
2026/10/08 14:54:45 OK   00008_rls.sql (26.74ms)
2026/10/08 14:54:46 OK   00009_idempotency_ledger.sql (19.28ms)
2026/10/08 14:54:46 OK   00010_tenant_provisioning.sql (4.31ms)
2026/10/08 14:54:46 OK   00011_source_registration_history.sql (7.57ms)
2026/10/08 14:54:46 OK   00012_config_registry_lifecycle.sql (32.79ms)
2026/10/08 14:54:46 OK   00013_audit_signed_segments.sql (23.54ms)
2026/10/08 14:54:46 OK   00014_audit_segment_predecessors.sql (5.33ms)
2026/10/08 14:54:46 OK   00015_source_schema_scope.sql (3.9ms)
2026/10/08 14:54:46 OK   00016_cluster_registration_metadata.sql (5.25ms)
2026/10/08 14:54:46 OK   00017_source_data_scope.sql (4.35ms)
2026/10/08 14:54:46 OK   00018_sp04_resources_evidence.sql (23.63ms)
2026/10/08 14:54:46 OK   00019_sp04_archive_ciphertext_bytes.sql (5.52ms)
2026/10/08 14:54:46 OK   00020_sp04_request_ledger.sql (15.84ms)
2026/10/08 14:54:46 OK   00021_sp04_archive_protection.sql (4.01ms)
2026/10/08 14:54:46 OK   00022_sp04_legal_hold_dependencies.sql (4.56ms)
2026/10/08 14:54:46 OK   00023_sp04_archive_query_intent.sql (3.76ms)
2026/10/08 14:54:46 OK   00024_sp05_finding_incident.sql (27.78ms)
2026/10/08 14:54:46 OK   00025_sp05_incident_event_time.sql (10.92ms)
2026/10/08 14:54:46 OK   00026_sp05_source_binding_lock.sql (13.45ms)
2026/10/08 14:54:46 OK   00027_sp05_rca_and_poll.sql (11.73ms)
2026/10/08 14:54:46 OK   00028_sp05_operator_lock.sql (5.91ms)
2026/10/08 14:54:46 OK   00029_sp05_evidence_links.sql (15.57ms)
2026/10/08 14:54:46 OK   00030_sp05_recipe_fence.sql (14.34ms)
2026/10/08 14:54:46 OK   00031_sp05_rca_postcheck.sql (12.05ms)
2026/10/08 14:54:46 OK   00032_sp05_transport_audit.sql (8.63ms)
2026/10/08 14:54:46 OK   00033_sp05_poll_resolution_clock.sql (4.59ms)
2026/10/08 14:54:46 OK   00034_sp06_investigation_ledger.sql (83.53ms)
2026/10/08 14:54:46 OK   00035_sp06_admission_data_classes.sql (5.65ms)
2026/10/08 14:54:46 goose: successfully migrated database to version: 35
2026/10/08 14:54:48 OK   00001_roles_and_schemas.sql (29.59ms)
2026/10/08 14:54:48 goose: successfully migrated database to version: 1
2026/10/08 14:54:48 OK   00002_platform_meta.sql (36.87ms)
2026/10/08 14:54:48 OK   00003_finding.sql (22.1ms)
2026/10/08 14:54:48 OK   00004_incident.sql (25.98ms)
2026/10/08 14:54:48 OK   00005_investigation.sql (23.63ms)
2026/10/08 14:54:48 OK   00006_action_command.sql (6.71ms)
2026/10/08 14:54:48 OK   00007_audit.sql (43.65ms)
2026/10/08 14:54:48 OK   00008_rls.sql (11.44ms)
2026/10/08 14:54:48 OK   00009_idempotency_ledger.sql (17.8ms)
2026/10/08 14:54:48 OK   00010_tenant_provisioning.sql (32.9ms)
2026/10/08 14:54:48 OK   00011_source_registration_history.sql (8.69ms)
2026/10/08 14:54:48 OK   00012_config_registry_lifecycle.sql (60.24ms)
2026/10/08 14:54:48 OK   00013_audit_signed_segments.sql (49.21ms)
2026/10/08 14:54:48 OK   00014_audit_segment_predecessors.sql (17.13ms)
2026/10/08 14:54:48 OK   00015_source_schema_scope.sql (14.84ms)
2026/10/08 14:54:48 OK   00016_cluster_registration_metadata.sql (14.58ms)
2026/10/08 14:54:48 OK   00017_source_data_scope.sql (4.25ms)
2026/10/08 14:54:48 OK   00018_sp04_resources_evidence.sql (34.8ms)
2026/10/08 14:54:48 OK   00019_sp04_archive_ciphertext_bytes.sql (11.58ms)
2026/10/08 14:54:48 OK   00020_sp04_request_ledger.sql (9.31ms)
2026/10/08 14:54:48 OK   00021_sp04_archive_protection.sql (3.27ms)
2026/10/08 14:54:48 OK   00022_sp04_legal_hold_dependencies.sql (2.61ms)
2026/10/08 14:54:48 OK   00023_sp04_archive_query_intent.sql (4.88ms)
2026/10/08 14:54:48 OK   00024_sp05_finding_incident.sql (53.76ms)
2026/10/08 14:54:48 OK   00025_sp05_incident_event_time.sql (13.89ms)
2026/10/08 14:54:48 OK   00026_sp05_source_binding_lock.sql (15.86ms)
2026/10/08 14:54:48 OK   00027_sp05_rca_and_poll.sql (22.01ms)
2026/10/08 14:54:48 OK   00028_sp05_operator_lock.sql (31.84ms)
2026/10/08 14:54:48 OK   00029_sp05_evidence_links.sql (10.25ms)
2026/10/08 14:54:48 OK   00030_sp05_recipe_fence.sql (8.03ms)
2026/10/08 14:54:48 OK   00031_sp05_rca_postcheck.sql (13.46ms)
2026/10/08 14:54:48 OK   00032_sp05_transport_audit.sql (10.8ms)
2026/10/08 14:54:48 OK   00033_sp05_poll_resolution_clock.sql (17.37ms)
2026/10/08 14:54:48 OK   00034_sp06_investigation_ledger.sql (144.03ms)
2026/10/08 14:54:48 OK   00035_sp06_admission_data_classes.sql (17.21ms)
2026/10/08 14:54:48 goose: successfully migrated database to version: 35
2026/10/08 14:54:49 OK   00001_roles_and_schemas.sql (45.6ms)
2026/10/08 14:54:49 goose: successfully migrated database to version: 1
2026/10/08 14:54:49 OK   00002_platform_meta.sql (41.46ms)
2026/10/08 14:54:49 OK   00003_finding.sql (11.42ms)
2026/10/08 14:54:49 OK   00004_incident.sql (13.96ms)
2026/10/08 14:54:49 OK   00005_investigation.sql (12.25ms)
2026/10/08 14:54:49 OK   00006_action_command.sql (14.71ms)
2026/10/08 14:54:49 OK   00007_audit.sql (27.98ms)
2026/10/08 14:54:49 OK   00008_rls.sql (21.03ms)
2026/10/08 14:54:49 OK   00009_idempotency_ledger.sql (14.06ms)
2026/10/08 14:54:49 OK   00010_tenant_provisioning.sql (6.89ms)
2026/10/08 14:54:49 OK   00011_source_registration_history.sql (7.74ms)
2026/10/08 14:54:49 OK   00012_config_registry_lifecycle.sql (13.27ms)
2026/10/08 14:54:49 OK   00013_audit_signed_segments.sql (18.83ms)
2026/10/08 14:54:49 OK   00014_audit_segment_predecessors.sql (15.58ms)
2026/10/08 14:54:49 OK   00015_source_schema_scope.sql (6.14ms)
2026/10/08 14:54:49 OK   00016_cluster_registration_metadata.sql (11.24ms)
2026/10/08 14:54:49 OK   00017_source_data_scope.sql (10.97ms)
2026/10/08 14:54:49 OK   00018_sp04_resources_evidence.sql (43.69ms)
2026/10/08 14:54:49 OK   00019_sp04_archive_ciphertext_bytes.sql (7.92ms)
2026/10/08 14:54:49 OK   00020_sp04_request_ledger.sql (4.36ms)
2026/10/08 14:54:49 OK   00021_sp04_archive_protection.sql (5.31ms)
2026/10/08 14:54:49 OK   00022_sp04_legal_hold_dependencies.sql (5.78ms)
2026/10/08 14:54:49 OK   00023_sp04_archive_query_intent.sql (6.78ms)
2026/10/08 14:54:49 OK   00024_sp05_finding_incident.sql (38.3ms)
2026/10/08 14:54:49 OK   00025_sp05_incident_event_time.sql (4.82ms)
2026/10/08 14:54:49 OK   00026_sp05_source_binding_lock.sql (28.46ms)
2026/10/08 14:54:49 OK   00027_sp05_rca_and_poll.sql (13.5ms)
2026/10/08 14:54:49 OK   00028_sp05_operator_lock.sql (3.75ms)
2026/10/08 14:54:49 OK   00029_sp05_evidence_links.sql (28.11ms)
2026/10/08 14:54:49 OK   00030_sp05_recipe_fence.sql (13.88ms)
2026/10/08 14:54:49 OK   00031_sp05_rca_postcheck.sql (5.2ms)
2026/10/08 14:54:49 OK   00032_sp05_transport_audit.sql (24.9ms)
2026/10/08 14:54:49 OK   00033_sp05_poll_resolution_clock.sql (9.59ms)
2026/10/08 14:54:49 OK   00034_sp06_investigation_ledger.sql (52.56ms)
2026/10/08 14:54:49 OK   00035_sp06_admission_data_classes.sql (6.98ms)
2026/10/08 14:54:49 goose: successfully migrated database to version: 35
2026/10/08 14:55:05 OK   00001_roles_and_schemas.sql (55.22ms)
2026/10/08 14:55:05 goose: successfully migrated database to version: 1
2026/10/08 14:55:05 OK   00002_platform_meta.sql (66.9ms)
2026/10/08 14:55:05 OK   00003_finding.sql (15.63ms)
2026/10/08 14:55:05 OK   00004_incident.sql (21.09ms)
2026/10/08 14:55:05 OK   00005_investigation.sql (17.49ms)
2026/10/08 14:55:06 OK   00006_action_command.sql (18.03ms)
2026/10/08 14:55:06 OK   00007_audit.sql (21.84ms)
2026/10/08 14:55:06 OK   00008_rls.sql (61.84ms)
2026/10/08 14:55:06 OK   00009_idempotency_ledger.sql (61.69ms)
2026/10/08 14:55:06 OK   00010_tenant_provisioning.sql (8.7ms)
2026/10/08 14:55:06 OK   00011_source_registration_history.sql (26.54ms)
2026/10/08 14:55:06 OK   00012_config_registry_lifecycle.sql (39.32ms)
2026/10/08 14:55:06 OK   00013_audit_signed_segments.sql (46.36ms)
2026/10/08 14:55:06 OK   00014_audit_segment_predecessors.sql (16.64ms)
2026/10/08 14:55:06 OK   00015_source_schema_scope.sql (5.84ms)
2026/10/08 14:55:06 OK   00016_cluster_registration_metadata.sql (5.45ms)
2026/10/08 14:55:06 OK   00017_source_data_scope.sql (6.02ms)
2026/10/08 14:55:06 OK   00018_sp04_resources_evidence.sql (56.33ms)
2026/10/08 14:55:06 OK   00019_sp04_archive_ciphertext_bytes.sql (4.16ms)
2026/10/08 14:55:06 OK   00020_sp04_request_ledger.sql (7.22ms)
2026/10/08 14:55:06 OK   00021_sp04_archive_protection.sql (3.99ms)
2026/10/08 14:55:06 OK   00022_sp04_legal_hold_dependencies.sql (3.44ms)
2026/10/08 14:55:06 OK   00023_sp04_archive_query_intent.sql (7.92ms)
2026/10/08 14:55:06 OK   00024_sp05_finding_incident.sql (65.62ms)
2026/10/08 14:55:06 OK   00025_sp05_incident_event_time.sql (4.51ms)
2026/10/08 14:55:06 OK   00026_sp05_source_binding_lock.sql (4.29ms)
2026/10/08 14:55:06 OK   00027_sp05_rca_and_poll.sql (18.24ms)
2026/10/08 14:55:06 OK   00028_sp05_operator_lock.sql (15.6ms)
2026/10/08 14:55:06 OK   00029_sp05_evidence_links.sql (29.34ms)
2026/10/08 14:55:06 OK   00030_sp05_recipe_fence.sql (6.73ms)
2026/10/08 14:55:06 OK   00031_sp05_rca_postcheck.sql (5.34ms)
2026/10/08 14:55:06 OK   00032_sp05_transport_audit.sql (10.39ms)
2026/10/08 14:55:06 OK   00033_sp05_poll_resolution_clock.sql (11.94ms)
2026/10/08 14:55:06 OK   00034_sp06_investigation_ledger.sql (54.59ms)
2026/10/08 14:55:06 OK   00035_sp06_admission_data_classes.sql (13.61ms)
2026/10/08 14:55:06 goose: successfully migrated database to version: 35
2026/10/08 14:55:08 OK   00001_roles_and_schemas.sql (21.33ms)
2026/10/08 14:55:08 goose: successfully migrated database to version: 1
2026/10/08 14:55:08 OK   00002_platform_meta.sql (66.97ms)
2026/10/08 14:55:08 OK   00003_finding.sql (15.7ms)
2026/10/08 14:55:08 OK   00004_incident.sql (8.8ms)
2026/10/08 14:55:08 OK   00005_investigation.sql (66.62ms)
2026/10/08 14:55:08 OK   00006_action_command.sql (8.15ms)
2026/10/08 14:55:08 OK   00007_audit.sql (65.73ms)
2026/10/08 14:55:08 OK   00008_rls.sql (25.84ms)
2026/10/08 14:55:08 OK   00009_idempotency_ledger.sql (37.44ms)
2026/10/08 14:55:08 OK   00010_tenant_provisioning.sql (8.15ms)
2026/10/08 14:55:08 OK   00011_source_registration_history.sql (8.83ms)
2026/10/08 14:55:08 OK   00012_config_registry_lifecycle.sql (12.52ms)
2026/10/08 14:55:08 OK   00013_audit_signed_segments.sql (55.6ms)
2026/10/08 14:55:08 OK   00014_audit_segment_predecessors.sql (27.84ms)
2026/10/08 14:55:08 OK   00015_source_schema_scope.sql (20.25ms)
2026/10/08 14:55:08 OK   00016_cluster_registration_metadata.sql (5.41ms)
2026/10/08 14:55:08 OK   00017_source_data_scope.sql (21.28ms)
2026/10/08 14:55:08 OK   00018_sp04_resources_evidence.sql (41.8ms)
2026/10/08 14:55:08 OK   00019_sp04_archive_ciphertext_bytes.sql (8.11ms)
2026/10/08 14:55:08 OK   00020_sp04_request_ledger.sql (17.14ms)
2026/10/08 14:55:08 OK   00021_sp04_archive_protection.sql (27.31ms)
2026/10/08 14:55:08 OK   00022_sp04_legal_hold_dependencies.sql (6.17ms)
2026/10/08 14:55:08 OK   00023_sp04_archive_query_intent.sql (11.08ms)
2026/10/08 14:55:08 OK   00024_sp05_finding_incident.sql (49.71ms)
2026/10/08 14:55:09 OK   00025_sp05_incident_event_time.sql (6.85ms)
2026/10/08 14:55:09 OK   00026_sp05_source_binding_lock.sql (7.21ms)
2026/10/08 14:55:09 OK   00027_sp05_rca_and_poll.sql (40.01ms)
2026/10/08 14:55:09 OK   00028_sp05_operator_lock.sql (14.8ms)
2026/10/08 14:55:09 OK   00029_sp05_evidence_links.sql (16.9ms)
2026/10/08 14:55:09 OK   00030_sp05_recipe_fence.sql (7.02ms)
2026/10/08 14:55:09 OK   00031_sp05_rca_postcheck.sql (14.43ms)
2026/10/08 14:55:09 OK   00032_sp05_transport_audit.sql (8.64ms)
2026/10/08 14:55:09 OK   00033_sp05_poll_resolution_clock.sql (7.67ms)
2026/10/08 14:55:09 OK   00034_sp06_investigation_ledger.sql (46.45ms)
2026/10/08 14:55:09 OK   00035_sp06_admission_data_classes.sql (5.31ms)
2026/10/08 14:55:09 goose: successfully migrated database to version: 35
2026/10/08 14:55:09 OK   00001_roles_and_schemas.sql (39.36ms)
2026/10/08 14:55:09 goose: successfully migrated database to version: 1
2026/10/08 14:55:09 OK   00002_platform_meta.sql (41.31ms)
2026/10/08 14:55:09 OK   00003_finding.sql (10.35ms)
2026/10/08 14:55:10 OK   00004_incident.sql (6.83ms)
2026/10/08 14:55:10 OK   00005_investigation.sql (18.73ms)
2026/10/08 14:55:10 OK   00006_action_command.sql (23.26ms)
2026/10/08 14:55:10 OK   00007_audit.sql (87.07ms)
2026/10/08 14:55:10 OK   00008_rls.sql (56.36ms)
2026/10/08 14:55:10 OK   00009_idempotency_ledger.sql (53.92ms)
2026/10/08 14:55:10 OK   00010_tenant_provisioning.sql (4.77ms)
2026/10/08 14:55:10 OK   00011_source_registration_history.sql (17.11ms)
2026/10/08 14:55:10 OK   00012_config_registry_lifecycle.sql (38.2ms)
2026/10/08 14:55:10 OK   00013_audit_signed_segments.sql (30.74ms)
2026/10/08 14:55:10 OK   00014_audit_segment_predecessors.sql (18.94ms)
2026/10/08 14:55:10 OK   00015_source_schema_scope.sql (15.87ms)
2026/10/08 14:55:10 OK   00016_cluster_registration_metadata.sql (15.02ms)
2026/10/08 14:55:10 OK   00017_source_data_scope.sql (12.51ms)
2026/10/08 14:55:10 OK   00018_sp04_resources_evidence.sql (21.98ms)
2026/10/08 14:55:10 OK   00019_sp04_archive_ciphertext_bytes.sql (4.79ms)
2026/10/08 14:55:10 OK   00020_sp04_request_ledger.sql (9.61ms)
2026/10/08 14:55:10 OK   00021_sp04_archive_protection.sql (11.67ms)
2026/10/08 14:55:10 OK   00022_sp04_legal_hold_dependencies.sql (11.57ms)
2026/10/08 14:55:10 OK   00023_sp04_archive_query_intent.sql (10.69ms)
2026/10/08 14:55:10 OK   00024_sp05_finding_incident.sql (70.8ms)
2026/10/08 14:55:10 OK   00025_sp05_incident_event_time.sql (4.4ms)
2026/10/08 14:55:10 OK   00026_sp05_source_binding_lock.sql (21.72ms)
2026/10/08 14:55:10 OK   00027_sp05_rca_and_poll.sql (34.04ms)
2026/10/08 14:55:10 OK   00028_sp05_operator_lock.sql (4.76ms)
2026/10/08 14:55:10 OK   00029_sp05_evidence_links.sql (11.63ms)
2026/10/08 14:55:10 OK   00030_sp05_recipe_fence.sql (3.31ms)
2026/10/08 14:55:10 OK   00031_sp05_rca_postcheck.sql (4.07ms)
2026/10/08 14:55:10 OK   00032_sp05_transport_audit.sql (3.87ms)
2026/10/08 14:55:10 OK   00033_sp05_poll_resolution_clock.sql (4.65ms)
2026/10/08 14:55:10 OK   00034_sp06_investigation_ledger.sql (55.37ms)
2026/10/08 14:55:10 OK   00035_sp06_admission_data_classes.sql (3.84ms)
2026/10/08 14:55:10 goose: successfully migrated database to version: 35
2026/10/08 14:55:29 OK   00001_roles_and_schemas.sql (26.69ms)
2026/10/08 14:55:29 goose: successfully migrated database to version: 1
2026/10/08 14:55:29 OK   00002_platform_meta.sql (119.81ms)
2026/10/08 14:55:29 OK   00003_finding.sql (22.56ms)
2026/10/08 14:55:29 OK   00004_incident.sql (11.1ms)
2026/10/08 14:55:29 OK   00005_investigation.sql (23.68ms)
2026/10/08 14:55:29 OK   00006_action_command.sql (24.3ms)
2026/10/08 14:55:29 OK   00007_audit.sql (17.19ms)
2026/10/08 14:55:29 OK   00008_rls.sql (74.83ms)
2026/10/08 14:55:29 OK   00009_idempotency_ledger.sql (9.86ms)
2026/10/08 14:55:29 OK   00010_tenant_provisioning.sql (43.13ms)
2026/10/08 14:55:29 OK   00011_source_registration_history.sql (15.74ms)
2026/10/08 14:55:29 OK   00012_config_registry_lifecycle.sql (18.31ms)
2026/10/08 14:55:29 OK   00013_audit_signed_segments.sql (41.87ms)
2026/10/08 14:55:29 OK   00014_audit_segment_predecessors.sql (12.71ms)
2026/10/08 14:55:29 OK   00015_source_schema_scope.sql (5.41ms)
2026/10/08 14:55:29 OK   00016_cluster_registration_metadata.sql (7.19ms)
2026/10/08 14:55:29 OK   00017_source_data_scope.sql (7.17ms)
2026/10/08 14:55:29 OK   00018_sp04_resources_evidence.sql (58.52ms)
2026/10/08 14:55:29 OK   00019_sp04_archive_ciphertext_bytes.sql (7.31ms)
2026/10/08 14:55:29 OK   00020_sp04_request_ledger.sql (87.82ms)
2026/10/08 14:55:29 OK   00021_sp04_archive_protection.sql (12.86ms)
2026/10/08 14:55:29 OK   00022_sp04_legal_hold_dependencies.sql (6.19ms)
2026/10/08 14:55:29 OK   00023_sp04_archive_query_intent.sql (12.74ms)
2026/10/08 14:55:30 OK   00024_sp05_finding_incident.sql (64.51ms)
2026/10/08 14:55:30 OK   00025_sp05_incident_event_time.sql (9.61ms)
2026/10/08 14:55:30 OK   00026_sp05_source_binding_lock.sql (5.22ms)
2026/10/08 14:55:30 OK   00027_sp05_rca_and_poll.sql (13.6ms)
2026/10/08 14:55:30 OK   00028_sp05_operator_lock.sql (6.53ms)
2026/10/08 14:55:30 OK   00029_sp05_evidence_links.sql (14.59ms)
2026/10/08 14:55:30 OK   00030_sp05_recipe_fence.sql (3.97ms)
2026/10/08 14:55:30 OK   00031_sp05_rca_postcheck.sql (6.19ms)
2026/10/08 14:55:30 OK   00032_sp05_transport_audit.sql (8.32ms)
2026/10/08 14:55:30 OK   00033_sp05_poll_resolution_clock.sql (13.51ms)
2026/10/08 14:55:30 OK   00034_sp06_investigation_ledger.sql (170.06ms)
2026/10/08 14:55:30 OK   00035_sp06_admission_data_classes.sql (9.24ms)
2026/10/08 14:55:30 goose: successfully migrated database to version: 35
2026/10/08 14:56:24 ERROR investigator dispatch failed reason=INVESTIGATOR_UNAVAILABLE
--- FAIL: TestSP06RealHolmesModelMCPJobAndSSE (56.41s)
    sp06_real_chain_test.go:497: real chain state=failed errorCode=INVESTIGATOR_FAILURE
    sp06_real_chain_test.go:226: investigator diagnostic ERROR:root:LLM call failed on model=openai/llama3.1:8b-16k (streaming iteration 1): ModelCallError: MODEL_TIMEOUT
        Traceback (most recent call last):
          File "/Users/mssc/Documents/Code/ops/platform/services/investigator/.venv/lib/python3.12/site-packages/holmes/core/tool_calling_llm.py", line 1216, in call_stream
            full_response = self.llm.completion(
                            ^^^^^^^^^^^^^^^^^^^^
          File "/Users/mssc/Documents/Code/ops/platform/services/investigator/src/investigator/budget.py", line 69, in completion
            raise ModelCallError(kind) from None
        investigator.budget.ModelCallError: MODEL_TIMEOUT
        investigator-model-failure MODEL_TIMEOUT 
        investigator-failure ModelCallError /Users/mssc/Documents/Code/ops/platform/services/investigator/src/investigator/worker.py 76
        investigator-failure ModelCallError /Users/mssc/Documents/Code/ops/platform/services/investigator/src/investigator/holmes_adapter.py 79
        investigator-failure ModelCallError /Users/mssc/Documents/Code/ops/platform/services/investigator/.venv/lib/python3.12/site-packages/sentry_sdk/tracing_utils.py 1154
        investigator-failure ModelCallError /Users/mssc/Documents/Code/ops/platform/services/investigator/.venv/lib/python3.12/site-packages/holmes/core/tool_calling_llm.py 657
        investigator-failure ModelCallError /Users/mssc/Documents/Code/ops/platform/services/investigator/.venv/lib/python3.12/site-packages/holmes/core/tool_calling_llm.py 1216
        investigator-failure ModelCallError /Users/mssc/Documents/Code/ops/platform/services/investigator/src/investigator/budget.py 69
        
    migrations_test.go:436: retained owned integration database=sp03_mig_db15e7c3c8aa476db4ce47b769094321 test=TestSP06RealHolmesModelMCPJobAndSSE reason=audit.records; no automatic protected cleanup
2026/10/08 14:56:25 OK   00001_roles_and_schemas.sql (24.34ms)
2026/10/08 14:56:25 goose: successfully migrated database to version: 1
2026/10/08 14:56:25 OK   00002_platform_meta.sql (58.72ms)
2026/10/08 14:56:25 OK   00003_finding.sql (46.69ms)
2026/10/08 14:56:25 OK   00004_incident.sql (17.25ms)
2026/10/08 14:56:25 OK   00005_investigation.sql (21.91ms)
2026/10/08 14:56:26 OK   00006_action_command.sql (25.84ms)
2026/10/08 14:56:26 OK   00007_audit.sql (38.87ms)
2026/10/08 14:56:26 OK   00008_rls.sql (32.64ms)
2026/10/08 14:56:26 OK   00009_idempotency_ledger.sql (55.2ms)
2026/10/08 14:56:26 OK   00010_tenant_provisioning.sql (7.43ms)
2026/10/08 14:56:26 OK   00011_source_registration_history.sql (37.67ms)
2026/10/08 14:56:26 OK   00012_config_registry_lifecycle.sql (45.67ms)
2026/10/08 14:56:26 OK   00013_audit_signed_segments.sql (66.81ms)
2026/10/08 14:56:26 OK   00014_audit_segment_predecessors.sql (15.62ms)
2026/10/08 14:56:26 OK   00015_source_schema_scope.sql (6.76ms)
2026/10/08 14:56:26 OK   00016_cluster_registration_metadata.sql (20.19ms)
2026/10/08 14:56:26 OK   00017_source_data_scope.sql (15.19ms)
2026/10/08 14:56:26 OK   00018_sp04_resources_evidence.sql (54.48ms)
2026/10/08 14:56:26 OK   00019_sp04_archive_ciphertext_bytes.sql (9.88ms)
2026/10/08 14:56:26 OK   00020_sp04_request_ledger.sql (16.44ms)
2026/10/08 14:56:26 OK   00021_sp04_archive_protection.sql (12.48ms)
2026/10/08 14:56:26 OK   00022_sp04_legal_hold_dependencies.sql (7.83ms)
2026/10/08 14:56:26 OK   00023_sp04_archive_query_intent.sql (3.34ms)
2026/10/08 14:56:26 OK   00024_sp05_finding_incident.sql (60.38ms)
2026/10/08 14:56:26 OK   00025_sp05_incident_event_time.sql (3.22ms)
2026/10/08 14:56:26 OK   00026_sp05_source_binding_lock.sql (4.2ms)
2026/10/08 14:56:26 OK   00027_sp05_rca_and_poll.sql (12.22ms)
2026/10/08 14:56:26 OK   00028_sp05_operator_lock.sql (4.15ms)
2026/10/08 14:56:26 OK   00029_sp05_evidence_links.sql (12.97ms)
2026/10/08 14:56:26 OK   00030_sp05_recipe_fence.sql (10.55ms)
2026/10/08 14:56:26 OK   00031_sp05_rca_postcheck.sql (6.69ms)
2026/10/08 14:56:26 OK   00032_sp05_transport_audit.sql (7.9ms)
2026/10/08 14:56:26 OK   00033_sp05_poll_resolution_clock.sql (6.12ms)
2026/10/08 14:56:26 OK   00034_sp06_investigation_ledger.sql (31.63ms)
2026/10/08 14:56:26 OK   00035_sp06_admission_data_classes.sql (24.36ms)
2026/10/08 14:56:26 goose: successfully migrated database to version: 35
2026/10/08 14:56:27 OK   00001_roles_and_schemas.sql (63.25ms)
2026/10/08 14:56:27 goose: successfully migrated database to version: 1
2026/10/08 14:56:27 OK   00002_platform_meta.sql (86.79ms)
2026/10/08 14:56:27 OK   00003_finding.sql (36.78ms)
2026/10/08 14:56:28 OK   00004_incident.sql (32.35ms)
2026/10/08 14:56:28 OK   00005_investigation.sql (13.32ms)
2026/10/08 14:56:28 OK   00006_action_command.sql (12.47ms)
2026/10/08 14:56:28 OK   00007_audit.sql (20.89ms)
2026/10/08 14:56:28 OK   00008_rls.sql (17.53ms)
2026/10/08 14:56:28 OK   00009_idempotency_ledger.sql (7.45ms)
2026/10/08 14:56:28 OK   00010_tenant_provisioning.sql (11.14ms)
2026/10/08 14:56:28 OK   00011_source_registration_history.sql (13.68ms)
2026/10/08 14:56:28 OK   00012_config_registry_lifecycle.sql (20.1ms)
2026/10/08 14:56:28 OK   00013_audit_signed_segments.sql (10.57ms)
2026/10/08 14:56:28 OK   00014_audit_segment_predecessors.sql (5.91ms)
2026/10/08 14:56:28 OK   00015_source_schema_scope.sql (4.59ms)
2026/10/08 14:56:28 OK   00016_cluster_registration_metadata.sql (10.37ms)
2026/10/08 14:56:28 OK   00017_source_data_scope.sql (6.92ms)
2026/10/08 14:56:28 OK   00018_sp04_resources_evidence.sql (35.65ms)
2026/10/08 14:56:28 OK   00019_sp04_archive_ciphertext_bytes.sql (17.04ms)
2026/10/08 14:56:28 OK   00020_sp04_request_ledger.sql (21.15ms)
2026/10/08 14:56:28 OK   00021_sp04_archive_protection.sql (5.85ms)
2026/10/08 14:56:28 OK   00022_sp04_legal_hold_dependencies.sql (4.76ms)
2026/10/08 14:56:28 OK   00023_sp04_archive_query_intent.sql (10.1ms)
2026/10/08 14:56:28 OK   00024_sp05_finding_incident.sql (44.06ms)
2026/10/08 14:56:28 OK   00025_sp05_incident_event_time.sql (7.88ms)
2026/10/08 14:56:28 OK   00026_sp05_source_binding_lock.sql (29.02ms)
2026/10/08 14:56:28 OK   00027_sp05_rca_and_poll.sql (16.74ms)
2026/10/08 14:56:28 OK   00028_sp05_operator_lock.sql (3.73ms)
2026/10/08 14:56:28 OK   00029_sp05_evidence_links.sql (7.66ms)
2026/10/08 14:56:28 OK   00030_sp05_recipe_fence.sql (3.99ms)
2026/10/08 14:56:28 OK   00031_sp05_rca_postcheck.sql (20.94ms)
2026/10/08 14:56:28 OK   00032_sp05_transport_audit.sql (10.54ms)
2026/10/08 14:56:28 OK   00033_sp05_poll_resolution_clock.sql (6.15ms)
2026/10/08 14:56:28 OK   00034_sp06_investigation_ledger.sql (47.24ms)
2026/10/08 14:56:28 OK   00035_sp06_admission_data_classes.sql (7.26ms)
2026/10/08 14:56:28 goose: successfully migrated database to version: 35
2026/10/08 14:56:29 OK   00001_roles_and_schemas.sql (55.8ms)
2026/10/08 14:56:29 goose: successfully migrated database to version: 1
2026/10/08 14:56:29 OK   00002_platform_meta.sql (70.29ms)
2026/10/08 14:56:29 OK   00003_finding.sql (33.22ms)
2026/10/08 14:56:29 OK   00004_incident.sql (13ms)
2026/10/08 14:56:29 OK   00005_investigation.sql (13.89ms)
2026/10/08 14:56:29 OK   00006_action_command.sql (96.58ms)
2026/10/08 14:56:29 OK   00007_audit.sql (14.14ms)
2026/10/08 14:56:29 OK   00008_rls.sql (36.61ms)
2026/10/08 14:56:29 OK   00009_idempotency_ledger.sql (8.68ms)
2026/10/08 14:56:29 OK   00010_tenant_provisioning.sql (12.87ms)
2026/10/08 14:56:29 OK   00011_source_registration_history.sql (14.25ms)
2026/10/08 14:56:29 OK   00012_config_registry_lifecycle.sql (19.98ms)
2026/10/08 14:56:29 OK   00013_audit_signed_segments.sql (14.85ms)
2026/10/08 14:56:29 OK   00014_audit_segment_predecessors.sql (12.22ms)
2026/10/08 14:56:29 OK   00015_source_schema_scope.sql (6.99ms)
2026/10/08 14:56:29 OK   00016_cluster_registration_metadata.sql (26.52ms)
2026/10/08 14:56:29 OK   00017_source_data_scope.sql (15.2ms)
2026/10/08 14:56:29 OK   00018_sp04_resources_evidence.sql (17ms)
2026/10/08 14:56:29 OK   00019_sp04_archive_ciphertext_bytes.sql (4.91ms)
2026/10/08 14:56:29 OK   00020_sp04_request_ledger.sql (13.95ms)
2026/10/08 14:56:29 OK   00021_sp04_archive_protection.sql (10.11ms)
2026/10/08 14:56:29 OK   00022_sp04_legal_hold_dependencies.sql (7.46ms)
2026/10/08 14:56:29 OK   00023_sp04_archive_query_intent.sql (8.39ms)
2026/10/08 14:56:29 OK   00024_sp05_finding_incident.sql (43.22ms)
2026/10/08 14:56:29 OK   00025_sp05_incident_event_time.sql (10.3ms)
2026/10/08 14:56:29 OK   00026_sp05_source_binding_lock.sql (7.24ms)
2026/10/08 14:56:29 OK   00027_sp05_rca_and_poll.sql (17.66ms)
2026/10/08 14:56:29 OK   00028_sp05_operator_lock.sql (6.77ms)
2026/10/08 14:56:29 OK   00029_sp05_evidence_links.sql (7.41ms)
2026/10/08 14:56:29 OK   00030_sp05_recipe_fence.sql (4.55ms)
2026/10/08 14:56:29 OK   00031_sp05_rca_postcheck.sql (4.66ms)
2026/10/08 14:56:29 OK   00032_sp05_transport_audit.sql (7.59ms)
2026/10/08 14:56:29 OK   00033_sp05_poll_resolution_clock.sql (8.63ms)
2026/10/08 14:56:29 OK   00034_sp06_investigation_ledger.sql (54.7ms)
2026/10/08 14:56:29 OK   00035_sp06_admission_data_classes.sql (8.45ms)
2026/10/08 14:56:29 goose: successfully migrated database to version: 35
2026/10/08 14:56:30 OK   00001_roles_and_schemas.sql (37.65ms)
2026/10/08 14:56:30 goose: successfully migrated database to version: 1
2026/10/08 14:56:30 OK   00002_platform_meta.sql (41.5ms)
2026/10/08 14:56:30 OK   00003_finding.sql (11.92ms)
2026/10/08 14:56:30 OK   00004_incident.sql (12.76ms)
2026/10/08 14:56:30 OK   00005_investigation.sql (15.03ms)
2026/10/08 14:56:30 OK   00006_action_command.sql (11.46ms)
2026/10/08 14:56:30 OK   00007_audit.sql (22.68ms)
2026/10/08 14:56:30 OK   00008_rls.sql (21.29ms)
2026/10/08 14:56:30 OK   00009_idempotency_ledger.sql (26.66ms)
2026/10/08 14:56:30 OK   00010_tenant_provisioning.sql (6.49ms)
2026/10/08 14:56:30 OK   00011_source_registration_history.sql (31.01ms)
2026/10/08 14:56:30 OK   00012_config_registry_lifecycle.sql (22.89ms)
2026/10/08 14:56:30 OK   00013_audit_signed_segments.sql (26.45ms)
2026/10/08 14:56:30 OK   00014_audit_segment_predecessors.sql (13.37ms)
2026/10/08 14:56:30 OK   00015_source_schema_scope.sql (8.21ms)
2026/10/08 14:56:30 OK   00016_cluster_registration_metadata.sql (8.5ms)
2026/10/08 14:56:30 OK   00017_source_data_scope.sql (6.2ms)
2026/10/08 14:56:30 OK   00018_sp04_resources_evidence.sql (30.69ms)
2026/10/08 14:56:30 OK   00019_sp04_archive_ciphertext_bytes.sql (6.73ms)
2026/10/08 14:56:30 OK   00020_sp04_request_ledger.sql (6.3ms)
2026/10/08 14:56:30 OK   00021_sp04_archive_protection.sql (8.73ms)
2026/10/08 14:56:30 OK   00022_sp04_legal_hold_dependencies.sql (14.37ms)
2026/10/08 14:56:30 OK   00023_sp04_archive_query_intent.sql (3.89ms)
2026/10/08 14:56:30 OK   00024_sp05_finding_incident.sql (50.16ms)
2026/10/08 14:56:30 OK   00025_sp05_incident_event_time.sql (2.7ms)
2026/10/08 14:56:30 OK   00026_sp05_source_binding_lock.sql (6.75ms)
2026/10/08 14:56:30 OK   00027_sp05_rca_and_poll.sql (26.04ms)
2026/10/08 14:56:30 OK   00028_sp05_operator_lock.sql (12.98ms)
2026/10/08 14:56:30 OK   00029_sp05_evidence_links.sql (5.88ms)
2026/10/08 14:56:30 OK   00030_sp05_recipe_fence.sql (4.28ms)
2026/10/08 14:56:30 OK   00031_sp05_rca_postcheck.sql (4.25ms)
2026/10/08 14:56:30 OK   00032_sp05_transport_audit.sql (5.14ms)
2026/10/08 14:56:30 OK   00033_sp05_poll_resolution_clock.sql (10.34ms)
2026/10/08 14:56:30 OK   00034_sp06_investigation_ledger.sql (34.62ms)
2026/10/08 14:56:31 OK   00035_sp06_admission_data_classes.sql (4.15ms)
2026/10/08 14:56:31 goose: successfully migrated database to version: 35
2026/10/08 14:56:50 OK   00001_roles_and_schemas.sql (17.24ms)
2026/10/08 14:56:50 goose: successfully migrated database to version: 1
2026/10/08 14:56:50 OK   00002_platform_meta.sql (131.74ms)
2026/10/08 14:56:50 OK   00003_finding.sql (33ms)
2026/10/08 14:56:50 OK   00004_incident.sql (26.2ms)
2026/10/08 14:56:50 OK   00005_investigation.sql (12.45ms)
2026/10/08 14:56:50 OK   00006_action_command.sql (16.43ms)
2026/10/08 14:56:50 OK   00007_audit.sql (20.61ms)
2026/10/08 14:56:50 OK   00008_rls.sql (10.44ms)
2026/10/08 14:56:50 OK   00009_idempotency_ledger.sql (7.49ms)
2026/10/08 14:56:50 OK   00010_tenant_provisioning.sql (11.94ms)
2026/10/08 14:56:50 OK   00011_source_registration_history.sql (25.72ms)
2026/10/08 14:56:50 OK   00012_config_registry_lifecycle.sql (26.11ms)
2026/10/08 14:56:50 OK   00013_audit_signed_segments.sql (20.62ms)
2026/10/08 14:56:50 OK   00014_audit_segment_predecessors.sql (13.54ms)
2026/10/08 14:56:50 OK   00015_source_schema_scope.sql (3.71ms)
2026/10/08 14:56:50 OK   00016_cluster_registration_metadata.sql (13.12ms)
2026/10/08 14:56:50 OK   00017_source_data_scope.sql (10.67ms)
2026/10/08 14:56:50 OK   00018_sp04_resources_evidence.sql (28.67ms)
2026/10/08 14:56:50 OK   00019_sp04_archive_ciphertext_bytes.sql (5.22ms)
2026/10/08 14:56:50 OK   00020_sp04_request_ledger.sql (14.28ms)
2026/10/08 14:56:50 OK   00021_sp04_archive_protection.sql (6.46ms)
2026/10/08 14:56:50 OK   00022_sp04_legal_hold_dependencies.sql (5.61ms)
2026/10/08 14:56:50 OK   00023_sp04_archive_query_intent.sql (7.04ms)
2026/10/08 14:56:50 OK   00024_sp05_finding_incident.sql (35.36ms)
2026/10/08 14:56:50 OK   00025_sp05_incident_event_time.sql (12.9ms)
2026/10/08 14:56:50 OK   00026_sp05_source_binding_lock.sql (10.1ms)
2026/10/08 14:56:50 OK   00027_sp05_rca_and_poll.sql (11.71ms)
2026/10/08 14:56:50 OK   00028_sp05_operator_lock.sql (8.13ms)
2026/10/08 14:56:50 OK   00029_sp05_evidence_links.sql (12.64ms)
2026/10/08 14:56:50 OK   00030_sp05_recipe_fence.sql (5.58ms)
2026/10/08 14:56:50 OK   00031_sp05_rca_postcheck.sql (7.41ms)
2026/10/08 14:56:50 OK   00032_sp05_transport_audit.sql (4.77ms)
2026/10/08 14:56:50 OK   00033_sp05_poll_resolution_clock.sql (19.58ms)
2026/10/08 14:56:50 OK   00034_sp06_investigation_ledger.sql (41.08ms)
2026/10/08 14:56:50 OK   00035_sp06_admission_data_classes.sql (4.77ms)
2026/10/08 14:56:50 goose: successfully migrated database to version: 35
2026/10/08 14:56:51 OK   00001_roles_and_schemas.sql (26.65ms)
2026/10/08 14:56:51 goose: successfully migrated database to version: 1
2026/10/08 14:56:51 OK   00002_platform_meta.sql (213.3ms)
2026/10/08 14:56:51 OK   00003_finding.sql (44.91ms)
2026/10/08 14:56:51 OK   00004_incident.sql (25.71ms)
2026/10/08 14:56:51 OK   00005_investigation.sql (22.95ms)
2026/10/08 14:56:51 OK   00006_action_command.sql (25.09ms)
2026/10/08 14:56:51 OK   00007_audit.sql (64.29ms)
2026/10/08 14:56:52 OK   00008_rls.sql (17.51ms)
2026/10/08 14:56:52 OK   00009_idempotency_ledger.sql (13.82ms)
2026/10/08 14:56:52 OK   00010_tenant_provisioning.sql (12.57ms)
2026/10/08 14:56:52 OK   00011_source_registration_history.sql (30.2ms)
2026/10/08 14:56:52 OK   00012_config_registry_lifecycle.sql (25.62ms)
2026/10/08 14:56:52 OK   00013_audit_signed_segments.sql (20.69ms)
2026/10/08 14:56:52 OK   00014_audit_segment_predecessors.sql (35.19ms)
2026/10/08 14:56:52 OK   00015_source_schema_scope.sql (8.42ms)
2026/10/08 14:56:52 OK   00016_cluster_registration_metadata.sql (9.72ms)
2026/10/08 14:56:52 OK   00017_source_data_scope.sql (6.59ms)
2026/10/08 14:56:52 OK   00018_sp04_resources_evidence.sql (61.25ms)
2026/10/08 14:56:52 OK   00019_sp04_archive_ciphertext_bytes.sql (5.62ms)
2026/10/08 14:56:52 OK   00020_sp04_request_ledger.sql (8.08ms)
2026/10/08 14:56:52 OK   00021_sp04_archive_protection.sql (4.44ms)
2026/10/08 14:56:52 OK   00022_sp04_legal_hold_dependencies.sql (4.55ms)
2026/10/08 14:56:52 OK   00023_sp04_archive_query_intent.sql (4.3ms)
2026/10/08 14:56:52 OK   00024_sp05_finding_incident.sql (44.85ms)
2026/10/08 14:56:52 OK   00025_sp05_incident_event_time.sql (5.87ms)
2026/10/08 14:56:52 OK   00026_sp05_source_binding_lock.sql (5.05ms)
2026/10/08 14:56:52 OK   00027_sp05_rca_and_poll.sql (31.9ms)
2026/10/08 14:56:52 OK   00028_sp05_operator_lock.sql (13.11ms)
2026/10/08 14:56:52 OK   00029_sp05_evidence_links.sql (20.74ms)
2026/10/08 14:56:52 OK   00030_sp05_recipe_fence.sql (4.76ms)
2026/10/08 14:56:52 OK   00031_sp05_rca_postcheck.sql (3.51ms)
2026/10/08 14:56:52 OK   00032_sp05_transport_audit.sql (4.2ms)
2026/10/08 14:56:52 OK   00033_sp05_poll_resolution_clock.sql (6.62ms)
2026/10/08 14:56:52 OK   00034_sp06_investigation_ledger.sql (64.63ms)
2026/10/08 14:56:52 OK   00035_sp06_admission_data_classes.sql (10.29ms)
2026/10/08 14:56:52 goose: successfully migrated database to version: 35
2026/10/08 14:56:53 OK   00001_roles_and_schemas.sql (57.65ms)
2026/10/08 14:56:53 goose: successfully migrated database to version: 1
2026/10/08 14:56:53 OK   00002_platform_meta.sql (63.99ms)
2026/10/08 14:56:53 OK   00003_finding.sql (25.64ms)
2026/10/08 14:56:53 OK   00004_incident.sql (21.67ms)
2026/10/08 14:56:53 OK   00005_investigation.sql (11.12ms)
2026/10/08 14:56:53 OK   00006_action_command.sql (24.57ms)
2026/10/08 14:56:53 OK   00007_audit.sql (82.57ms)
2026/10/08 14:56:53 OK   00008_rls.sql (36.87ms)
2026/10/08 14:56:53 OK   00009_idempotency_ledger.sql (11.31ms)
2026/10/08 14:56:53 OK   00010_tenant_provisioning.sql (10.42ms)
2026/10/08 14:56:53 OK   00011_source_registration_history.sql (10.38ms)
2026/10/08 14:56:53 OK   00012_config_registry_lifecycle.sql (33.5ms)
2026/10/08 14:56:53 OK   00013_audit_signed_segments.sql (21.97ms)
2026/10/08 14:56:53 OK   00014_audit_segment_predecessors.sql (25.25ms)
2026/10/08 14:56:53 OK   00015_source_schema_scope.sql (24.09ms)
2026/10/08 14:56:53 OK   00016_cluster_registration_metadata.sql (18.44ms)
2026/10/08 14:56:53 OK   00017_source_data_scope.sql (7.56ms)
2026/10/08 14:56:53 OK   00018_sp04_resources_evidence.sql (39.09ms)
2026/10/08 14:56:53 OK   00019_sp04_archive_ciphertext_bytes.sql (7.51ms)
2026/10/08 14:56:53 OK   00020_sp04_request_ledger.sql (15.04ms)
2026/10/08 14:56:53 OK   00021_sp04_archive_protection.sql (5.23ms)
2026/10/08 14:56:53 OK   00022_sp04_legal_hold_dependencies.sql (6.68ms)
2026/10/08 14:56:53 OK   00023_sp04_archive_query_intent.sql (4.26ms)
2026/10/08 14:56:53 OK   00024_sp05_finding_incident.sql (24.93ms)
2026/10/08 14:56:53 OK   00025_sp05_incident_event_time.sql (9.83ms)
2026/10/08 14:56:53 OK   00026_sp05_source_binding_lock.sql (7.26ms)
2026/10/08 14:56:53 OK   00027_sp05_rca_and_poll.sql (21.07ms)
2026/10/08 14:56:53 OK   00028_sp05_operator_lock.sql (5.98ms)
2026/10/08 14:56:53 OK   00029_sp05_evidence_links.sql (18.54ms)
2026/10/08 14:56:53 OK   00030_sp05_recipe_fence.sql (5.8ms)
2026/10/08 14:56:53 OK   00031_sp05_rca_postcheck.sql (4.87ms)
2026/10/08 14:56:53 OK   00032_sp05_transport_audit.sql (4.67ms)
2026/10/08 14:56:53 OK   00033_sp05_poll_resolution_clock.sql (12.55ms)
2026/10/08 14:56:54 OK   00034_sp06_investigation_ledger.sql (91.1ms)
2026/10/08 14:56:54 OK   00035_sp06_admission_data_classes.sql (12.94ms)
2026/10/08 14:56:54 goose: successfully migrated database to version: 35
2026/10/08 14:56:54 OK   00001_roles_and_schemas.sql (79.83ms)
2026/10/08 14:56:54 goose: successfully migrated database to version: 1
2026/10/08 14:56:54 OK   00002_platform_meta.sql (43.96ms)
2026/10/08 14:56:54 OK   00003_finding.sql (17.58ms)
2026/10/08 14:56:54 OK   00004_incident.sql (9.01ms)
2026/10/08 14:56:54 OK   00005_investigation.sql (9.39ms)
2026/10/08 14:56:54 OK   00006_action_command.sql (12.22ms)
2026/10/08 14:56:54 OK   00007_audit.sql (20.67ms)
2026/10/08 14:56:54 OK   00008_rls.sql (21.23ms)
2026/10/08 14:56:55 OK   00009_idempotency_ledger.sql (15.68ms)
2026/10/08 14:56:55 OK   00010_tenant_provisioning.sql (8.16ms)
2026/10/08 14:56:55 OK   00011_source_registration_history.sql (18.81ms)
2026/10/08 14:56:55 OK   00012_config_registry_lifecycle.sql (26.7ms)
2026/10/08 14:56:55 OK   00013_audit_signed_segments.sql (42.25ms)
2026/10/08 14:56:55 OK   00014_audit_segment_predecessors.sql (21.33ms)
2026/10/08 14:56:55 OK   00015_source_schema_scope.sql (3.81ms)
2026/10/08 14:56:55 OK   00016_cluster_registration_metadata.sql (5.55ms)
2026/10/08 14:56:55 OK   00017_source_data_scope.sql (15.93ms)
2026/10/08 14:56:55 OK   00018_sp04_resources_evidence.sql (33.51ms)
2026/10/08 14:56:55 OK   00019_sp04_archive_ciphertext_bytes.sql (7.53ms)
2026/10/08 14:56:55 OK   00020_sp04_request_ledger.sql (15.7ms)
2026/10/08 14:56:55 OK   00021_sp04_archive_protection.sql (14.08ms)
2026/10/08 14:56:55 OK   00022_sp04_legal_hold_dependencies.sql (5.53ms)
2026/10/08 14:56:55 OK   00023_sp04_archive_query_intent.sql (47.89ms)
2026/10/08 14:56:55 OK   00024_sp05_finding_incident.sql (16.2ms)
2026/10/08 14:56:55 OK   00025_sp05_incident_event_time.sql (4.58ms)
2026/10/08 14:56:55 OK   00026_sp05_source_binding_lock.sql (9.3ms)
2026/10/08 14:56:55 OK   00027_sp05_rca_and_poll.sql (31.01ms)
2026/10/08 14:56:55 OK   00028_sp05_operator_lock.sql (5.68ms)
2026/10/08 14:56:55 OK   00029_sp05_evidence_links.sql (15.72ms)
2026/10/08 14:56:55 OK   00030_sp05_recipe_fence.sql (25.56ms)
2026/10/08 14:56:55 OK   00031_sp05_rca_postcheck.sql (8.6ms)
2026/10/08 14:56:55 OK   00032_sp05_transport_audit.sql (3.11ms)
2026/10/08 14:56:55 OK   00033_sp05_poll_resolution_clock.sql (3.35ms)
2026/10/08 14:56:55 OK   00034_sp06_investigation_ledger.sql (47.33ms)
2026/10/08 14:56:55 OK   00035_sp06_admission_data_classes.sql (10.16ms)
2026/10/08 14:56:55 goose: successfully migrated database to version: 35
2026/10/08 14:56:56 OK   00001_roles_and_schemas.sql (42.54ms)
2026/10/08 14:56:56 goose: successfully migrated database to version: 1
2026/10/08 14:56:56 OK   00002_platform_meta.sql (95.82ms)
2026/10/08 14:56:56 OK   00003_finding.sql (41.02ms)
2026/10/08 14:56:56 OK   00004_incident.sql (64.94ms)
2026/10/08 14:56:56 OK   00005_investigation.sql (16.63ms)
2026/10/08 14:56:56 OK   00006_action_command.sql (13.69ms)
2026/10/08 14:56:56 OK   00007_audit.sql (29.02ms)
2026/10/08 14:56:56 OK   00008_rls.sql (23.29ms)
2026/10/08 14:56:56 OK   00009_idempotency_ledger.sql (11.61ms)
2026/10/08 14:56:56 OK   00010_tenant_provisioning.sql (8.37ms)
2026/10/08 14:56:56 OK   00011_source_registration_history.sql (31.06ms)
2026/10/08 14:56:56 OK   00012_config_registry_lifecycle.sql (28.19ms)
2026/10/08 14:56:56 OK   00013_audit_signed_segments.sql (26.11ms)
2026/10/08 14:56:56 OK   00014_audit_segment_predecessors.sql (33.35ms)
2026/10/08 14:56:56 OK   00015_source_schema_scope.sql (4.98ms)
2026/10/08 14:56:56 OK   00016_cluster_registration_metadata.sql (7.06ms)
2026/10/08 14:56:56 OK   00017_source_data_scope.sql (7.78ms)
2026/10/08 14:56:56 OK   00018_sp04_resources_evidence.sql (63.27ms)
2026/10/08 14:56:56 OK   00019_sp04_archive_ciphertext_bytes.sql (27.04ms)
2026/10/08 14:56:56 OK   00020_sp04_request_ledger.sql (5.25ms)
2026/10/08 14:56:56 OK   00021_sp04_archive_protection.sql (4.03ms)
2026/10/08 14:56:56 OK   00022_sp04_legal_hold_dependencies.sql (8.21ms)
2026/10/08 14:56:56 OK   00023_sp04_archive_query_intent.sql (19.85ms)
2026/10/08 14:56:56 OK   00024_sp05_finding_incident.sql (46ms)
2026/10/08 14:56:56 OK   00025_sp05_incident_event_time.sql (5.48ms)
2026/10/08 14:56:56 OK   00026_sp05_source_binding_lock.sql (9.53ms)
2026/10/08 14:56:56 OK   00027_sp05_rca_and_poll.sql (20.51ms)
2026/10/08 14:56:56 OK   00028_sp05_operator_lock.sql (4.06ms)
2026/10/08 14:56:56 OK   00029_sp05_evidence_links.sql (8.74ms)
2026/10/08 14:56:56 OK   00030_sp05_recipe_fence.sql (3.21ms)
2026/10/08 14:56:56 OK   00031_sp05_rca_postcheck.sql (10.7ms)
2026/10/08 14:56:56 OK   00032_sp05_transport_audit.sql (9.09ms)
2026/10/08 14:56:56 OK   00033_sp05_poll_resolution_clock.sql (16.4ms)
2026/10/08 14:56:56 OK   00034_sp06_investigation_ledger.sql (56.52ms)
2026/10/08 14:56:56 OK   00035_sp06_admission_data_classes.sql (8.23ms)
2026/10/08 14:56:56 goose: successfully migrated database to version: 35
2026/10/08 14:56:57 OK   00001_roles_and_schemas.sql (34.37ms)
2026/10/08 14:56:57 goose: successfully migrated database to version: 1
2026/10/08 14:56:57 OK   00002_platform_meta.sql (56.22ms)
2026/10/08 14:56:57 OK   00003_finding.sql (38.32ms)
2026/10/08 14:56:57 OK   00004_incident.sql (12.06ms)
2026/10/08 14:56:57 OK   00005_investigation.sql (21.4ms)
2026/10/08 14:56:57 OK   00006_action_command.sql (19.66ms)
2026/10/08 14:56:57 OK   00007_audit.sql (33.68ms)
2026/10/08 14:56:57 OK   00008_rls.sql (22.93ms)
2026/10/08 14:56:57 OK   00009_idempotency_ledger.sql (21.45ms)
2026/10/08 14:56:57 OK   00010_tenant_provisioning.sql (14.37ms)
2026/10/08 14:56:57 OK   00011_source_registration_history.sql (24.18ms)
2026/10/08 14:56:57 OK   00012_config_registry_lifecycle.sql (38.83ms)
2026/10/08 14:56:57 OK   00013_audit_signed_segments.sql (47.38ms)
2026/10/08 14:56:57 OK   00014_audit_segment_predecessors.sql (15.16ms)
2026/10/08 14:56:57 OK   00015_source_schema_scope.sql (10.35ms)
2026/10/08 14:56:57 OK   00016_cluster_registration_metadata.sql (9.51ms)
2026/10/08 14:56:57 OK   00017_source_data_scope.sql (6.76ms)
2026/10/08 14:56:57 OK   00018_sp04_resources_evidence.sql (53.63ms)
2026/10/08 14:56:57 OK   00019_sp04_archive_ciphertext_bytes.sql (3.39ms)
2026/10/08 14:56:57 OK   00020_sp04_request_ledger.sql (10.03ms)
2026/10/08 14:56:57 OK   00021_sp04_archive_protection.sql (6.86ms)
2026/10/08 14:56:57 OK   00022_sp04_legal_hold_dependencies.sql (10.21ms)
2026/10/08 14:56:57 OK   00023_sp04_archive_query_intent.sql (5.54ms)
2026/10/08 14:56:57 OK   00024_sp05_finding_incident.sql (41.88ms)
2026/10/08 14:56:57 OK   00025_sp05_incident_event_time.sql (7.92ms)
2026/10/08 14:56:57 OK   00026_sp05_source_binding_lock.sql (9.07ms)
2026/10/08 14:56:57 OK   00027_sp05_rca_and_poll.sql (25.5ms)
2026/10/08 14:56:57 OK   00028_sp05_operator_lock.sql (10.54ms)
2026/10/08 14:56:57 OK   00029_sp05_evidence_links.sql (12.49ms)
2026/10/08 14:56:57 OK   00030_sp05_recipe_fence.sql (3.47ms)
2026/10/08 14:56:57 OK   00031_sp05_rca_postcheck.sql (4.09ms)
2026/10/08 14:56:57 OK   00032_sp05_transport_audit.sql (6.8ms)
2026/10/08 14:56:57 OK   00033_sp05_poll_resolution_clock.sql (8.27ms)
2026/10/08 14:56:58 OK   00034_sp06_investigation_ledger.sql (45.15ms)
2026/10/08 14:56:58 OK   00035_sp06_admission_data_classes.sql (3.16ms)
2026/10/08 14:56:58 goose: successfully migrated database to version: 35
2026/10/08 14:56:58 OK   00001_roles_and_schemas.sql (38.3ms)
2026/10/08 14:56:58 goose: successfully migrated database to version: 1
2026/10/08 14:56:58 OK   00002_platform_meta.sql (59.35ms)
2026/10/08 14:56:58 OK   00003_finding.sql (13.93ms)
2026/10/08 14:56:58 OK   00004_incident.sql (13.6ms)
2026/10/08 14:56:58 OK   00005_investigation.sql (15.54ms)
2026/10/08 14:56:58 OK   00006_action_command.sql (10.65ms)
2026/10/08 14:56:58 OK   00007_audit.sql (13.24ms)
2026/10/08 14:56:58 OK   00008_rls.sql (17.26ms)
2026/10/08 14:56:58 OK   00009_idempotency_ledger.sql (21.62ms)
2026/10/08 14:56:58 OK   00010_tenant_provisioning.sql (8.12ms)
2026/10/08 14:56:58 OK   00011_source_registration_history.sql (10.29ms)
2026/10/08 14:56:58 OK   00012_config_registry_lifecycle.sql (13.89ms)
2026/10/08 14:56:58 OK   00013_audit_signed_segments.sql (21.27ms)
2026/10/08 14:56:58 OK   00014_audit_segment_predecessors.sql (10.81ms)
2026/10/08 14:56:58 OK   00015_source_schema_scope.sql (11.65ms)
2026/10/08 14:56:58 OK   00016_cluster_registration_metadata.sql (12.91ms)
2026/10/08 14:56:58 OK   00017_source_data_scope.sql (6.31ms)
2026/10/08 14:56:58 OK   00018_sp04_resources_evidence.sql (101.01ms)
2026/10/08 14:56:58 OK   00019_sp04_archive_ciphertext_bytes.sql (4.74ms)
2026/10/08 14:56:58 OK   00020_sp04_request_ledger.sql (11.51ms)
2026/10/08 14:56:58 OK   00021_sp04_archive_protection.sql (2.99ms)
2026/10/08 14:56:58 OK   00022_sp04_legal_hold_dependencies.sql (3.61ms)
2026/10/08 14:56:58 OK   00023_sp04_archive_query_intent.sql (12.21ms)
2026/10/08 14:56:59 OK   00024_sp05_finding_incident.sql (63.03ms)
2026/10/08 14:56:59 OK   00025_sp05_incident_event_time.sql (5.77ms)
2026/10/08 14:56:59 OK   00026_sp05_source_binding_lock.sql (16.34ms)
2026/10/08 14:56:59 OK   00027_sp05_rca_and_poll.sql (37.43ms)
2026/10/08 14:56:59 OK   00028_sp05_operator_lock.sql (12.08ms)
2026/10/08 14:56:59 OK   00029_sp05_evidence_links.sql (47.78ms)
2026/10/08 14:56:59 OK   00030_sp05_recipe_fence.sql (5.03ms)
2026/10/08 14:56:59 OK   00031_sp05_rca_postcheck.sql (3.62ms)
2026/10/08 14:56:59 OK   00032_sp05_transport_audit.sql (15.53ms)
2026/10/08 14:56:59 OK   00033_sp05_poll_resolution_clock.sql (29.91ms)
2026/10/08 14:56:59 OK   00034_sp06_investigation_ledger.sql (67.53ms)
2026/10/08 14:56:59 OK   00035_sp06_admission_data_classes.sql (8.13ms)
2026/10/08 14:56:59 goose: successfully migrated database to version: 35
2026/10/08 14:56:59 OK   00001_roles_and_schemas.sql (42.52ms)
2026/10/08 14:56:59 goose: successfully migrated database to version: 1
2026/10/08 14:57:00 OK   00002_platform_meta.sql (41.18ms)
2026/10/08 14:57:00 OK   00003_finding.sql (24.54ms)
2026/10/08 14:57:00 OK   00004_incident.sql (13.78ms)
2026/10/08 14:57:00 OK   00005_investigation.sql (6.66ms)
2026/10/08 14:57:00 OK   00006_action_command.sql (20.81ms)
2026/10/08 14:57:00 OK   00007_audit.sql (38.2ms)
2026/10/08 14:57:00 OK   00008_rls.sql (59.07ms)
2026/10/08 14:57:00 OK   00009_idempotency_ledger.sql (37.91ms)
2026/10/08 14:57:00 OK   00010_tenant_provisioning.sql (6.81ms)
2026/10/08 14:57:00 OK   00011_source_registration_history.sql (6.95ms)
2026/10/08 14:57:00 OK   00012_config_registry_lifecycle.sql (21.46ms)
2026/10/08 14:57:00 OK   00013_audit_signed_segments.sql (41.71ms)
2026/10/08 14:57:00 OK   00014_audit_segment_predecessors.sql (23.31ms)
2026/10/08 14:57:00 OK   00015_source_schema_scope.sql (23.33ms)
2026/10/08 14:57:00 OK   00016_cluster_registration_metadata.sql (6.14ms)
2026/10/08 14:57:00 OK   00017_source_data_scope.sql (4.31ms)
2026/10/08 14:57:00 OK   00018_sp04_resources_evidence.sql (45.06ms)
2026/10/08 14:57:00 OK   00019_sp04_archive_ciphertext_bytes.sql (4.61ms)
2026/10/08 14:57:00 OK   00020_sp04_request_ledger.sql (8.68ms)
2026/10/08 14:57:00 OK   00021_sp04_archive_protection.sql (7.19ms)
2026/10/08 14:57:00 OK   00022_sp04_legal_hold_dependencies.sql (11.03ms)
2026/10/08 14:57:00 OK   00023_sp04_archive_query_intent.sql (7.66ms)
2026/10/08 14:57:00 OK   00024_sp05_finding_incident.sql (52.25ms)
2026/10/08 14:57:00 OK   00025_sp05_incident_event_time.sql (13.25ms)
2026/10/08 14:57:00 OK   00026_sp05_source_binding_lock.sql (5.21ms)
2026/10/08 14:57:00 OK   00027_sp05_rca_and_poll.sql (7.48ms)
2026/10/08 14:57:00 OK   00028_sp05_operator_lock.sql (11.08ms)
2026/10/08 14:57:00 OK   00029_sp05_evidence_links.sql (27.73ms)
2026/10/08 14:57:00 OK   00030_sp05_recipe_fence.sql (6.49ms)
2026/10/08 14:57:00 OK   00031_sp05_rca_postcheck.sql (4.32ms)
2026/10/08 14:57:00 OK   00032_sp05_transport_audit.sql (6.01ms)
2026/10/08 14:57:00 OK   00033_sp05_poll_resolution_clock.sql (8.52ms)
2026/10/08 14:57:00 OK   00034_sp06_investigation_ledger.sql (83.62ms)
2026/10/08 14:57:00 OK   00035_sp06_admission_data_classes.sql (21.9ms)
2026/10/08 14:57:00 goose: successfully migrated database to version: 35
2026/10/08 14:57:04 OK   00001_roles_and_schemas.sql (55.19ms)
2026/10/08 14:57:04 goose: successfully migrated database to version: 1
2026/10/08 14:57:04 OK   00002_platform_meta.sql (56.97ms)
2026/10/08 14:57:04 OK   00003_finding.sql (43.39ms)
2026/10/08 14:57:04 OK   00004_incident.sql (19.44ms)
2026/10/08 14:57:04 OK   00005_investigation.sql (20.17ms)
2026/10/08 14:57:04 OK   00006_action_command.sql (16.46ms)
2026/10/08 14:57:04 OK   00007_audit.sql (34.8ms)
2026/10/08 14:57:04 OK   00008_rls.sql (23.15ms)
2026/10/08 14:57:04 OK   00009_idempotency_ledger.sql (17.64ms)
2026/10/08 14:57:04 OK   00010_tenant_provisioning.sql (8.65ms)
2026/10/08 14:57:04 OK   00011_source_registration_history.sql (23.7ms)
2026/10/08 14:57:04 OK   00012_config_registry_lifecycle.sql (40.49ms)
2026/10/08 14:57:04 OK   00013_audit_signed_segments.sql (52.81ms)
2026/10/08 14:57:04 OK   00014_audit_segment_predecessors.sql (7.44ms)
2026/10/08 14:57:04 OK   00015_source_schema_scope.sql (3.29ms)
2026/10/08 14:57:04 OK   00016_cluster_registration_metadata.sql (11.21ms)
2026/10/08 14:57:04 OK   00017_source_data_scope.sql (29.04ms)
2026/10/08 14:57:04 OK   00018_sp04_resources_evidence.sql (40.01ms)
2026/10/08 14:57:04 OK   00019_sp04_archive_ciphertext_bytes.sql (8.73ms)
2026/10/08 14:57:04 OK   00020_sp04_request_ledger.sql (8.82ms)
2026/10/08 14:57:04 OK   00021_sp04_archive_protection.sql (6.98ms)
2026/10/08 14:57:04 OK   00022_sp04_legal_hold_dependencies.sql (5.13ms)
2026/10/08 14:57:04 OK   00023_sp04_archive_query_intent.sql (5.84ms)
2026/10/08 14:57:04 OK   00024_sp05_finding_incident.sql (32.55ms)
2026/10/08 14:57:04 OK   00025_sp05_incident_event_time.sql (7.31ms)
2026/10/08 14:57:04 OK   00026_sp05_source_binding_lock.sql (5.78ms)
2026/10/08 14:57:04 OK   00027_sp05_rca_and_poll.sql (39.2ms)
2026/10/08 14:57:04 OK   00028_sp05_operator_lock.sql (21.39ms)
2026/10/08 14:57:04 OK   00029_sp05_evidence_links.sql (13.15ms)
2026/10/08 14:57:04 OK   00030_sp05_recipe_fence.sql (8.74ms)
2026/10/08 14:57:04 OK   00031_sp05_rca_postcheck.sql (4.64ms)
2026/10/08 14:57:04 OK   00032_sp05_transport_audit.sql (13.34ms)
2026/10/08 14:57:04 OK   00033_sp05_poll_resolution_clock.sql (15.31ms)
2026/10/08 14:57:05 OK   00034_sp06_investigation_ledger.sql (79.23ms)
2026/10/08 14:57:05 OK   00035_sp06_admission_data_classes.sql (6.61ms)
2026/10/08 14:57:05 goose: successfully migrated database to version: 35
2026/10/08 14:57:05 OK   00001_roles_and_schemas.sql (39.77ms)
2026/10/08 14:57:05 goose: successfully migrated database to version: 1
2026/10/08 14:57:06 OK   00002_platform_meta.sql (82.18ms)
2026/10/08 14:57:06 OK   00003_finding.sql (41.5ms)
2026/10/08 14:57:06 OK   00004_incident.sql (36.86ms)
2026/10/08 14:57:06 OK   00005_investigation.sql (11.1ms)
2026/10/08 14:57:06 OK   00006_action_command.sql (16.83ms)
2026/10/08 14:57:06 OK   00007_audit.sql (22.83ms)
2026/10/08 14:57:06 OK   00008_rls.sql (21.43ms)
2026/10/08 14:57:06 OK   00009_idempotency_ledger.sql (25.09ms)
2026/10/08 14:57:06 OK   00010_tenant_provisioning.sql (4.44ms)
2026/10/08 14:57:06 OK   00011_source_registration_history.sql (50.09ms)
2026/10/08 14:57:06 OK   00012_config_registry_lifecycle.sql (11.09ms)
2026/10/08 14:57:06 OK   00013_audit_signed_segments.sql (12.59ms)
2026/10/08 14:57:06 OK   00014_audit_segment_predecessors.sql (17.52ms)
2026/10/08 14:57:06 OK   00015_source_schema_scope.sql (8.57ms)
2026/10/08 14:57:06 OK   00016_cluster_registration_metadata.sql (15.13ms)
2026/10/08 14:57:06 OK   00017_source_data_scope.sql (4.25ms)
2026/10/08 14:57:06 OK   00018_sp04_resources_evidence.sql (14.52ms)
2026/10/08 14:57:06 OK   00019_sp04_archive_ciphertext_bytes.sql (13.04ms)
2026/10/08 14:57:06 OK   00020_sp04_request_ledger.sql (20.25ms)
2026/10/08 14:57:06 OK   00021_sp04_archive_protection.sql (10.17ms)
2026/10/08 14:57:06 OK   00022_sp04_legal_hold_dependencies.sql (9.87ms)
2026/10/08 14:57:06 OK   00023_sp04_archive_query_intent.sql (6.6ms)
2026/10/08 14:57:06 OK   00024_sp05_finding_incident.sql (40.4ms)
2026/10/08 14:57:06 OK   00025_sp05_incident_event_time.sql (8.2ms)
2026/10/08 14:57:06 OK   00026_sp05_source_binding_lock.sql (7.17ms)
2026/10/08 14:57:06 OK   00027_sp05_rca_and_poll.sql (22.22ms)
2026/10/08 14:57:06 OK   00028_sp05_operator_lock.sql (17.67ms)
2026/10/08 14:57:06 OK   00029_sp05_evidence_links.sql (10.11ms)
2026/10/08 14:57:06 OK   00030_sp05_recipe_fence.sql (3.74ms)
2026/10/08 14:57:06 OK   00031_sp05_rca_postcheck.sql (2.73ms)
2026/10/08 14:57:06 OK   00032_sp05_transport_audit.sql (6.21ms)
2026/10/08 14:57:06 OK   00033_sp05_poll_resolution_clock.sql (8.13ms)
2026/10/08 14:57:06 OK   00034_sp06_investigation_ledger.sql (52.94ms)
2026/10/08 14:57:06 OK   00035_sp06_admission_data_classes.sql (4.1ms)
2026/10/08 14:57:06 goose: successfully migrated database to version: 35
2026/10/08 14:57:07 OK   00001_roles_and_schemas.sql (30.29ms)
2026/10/08 14:57:07 goose: successfully migrated database to version: 1
2026/10/08 14:57:07 OK   00002_platform_meta.sql (49.87ms)
2026/10/08 14:57:07 OK   00003_finding.sql (19.8ms)
2026/10/08 14:57:07 OK   00004_incident.sql (31.25ms)
2026/10/08 14:57:07 OK   00005_investigation.sql (15.42ms)
2026/10/08 14:57:07 OK   00006_action_command.sql (14.18ms)
2026/10/08 14:57:07 OK   00007_audit.sql (36.53ms)
2026/10/08 14:57:07 OK   00008_rls.sql (27.2ms)
2026/10/08 14:57:07 OK   00009_idempotency_ledger.sql (38.74ms)
2026/10/08 14:57:07 OK   00010_tenant_provisioning.sql (9.07ms)
2026/10/08 14:57:07 OK   00011_source_registration_history.sql (27.15ms)
2026/10/08 14:57:07 OK   00012_config_registry_lifecycle.sql (17.73ms)
2026/10/08 14:57:07 OK   00013_audit_signed_segments.sql (38.62ms)
2026/10/08 14:57:07 OK   00014_audit_segment_predecessors.sql (10.25ms)
2026/10/08 14:57:07 OK   00015_source_schema_scope.sql (8.9ms)
2026/10/08 14:57:07 OK   00016_cluster_registration_metadata.sql (16.39ms)
2026/10/08 14:57:07 OK   00017_source_data_scope.sql (13.93ms)
2026/10/08 14:57:08 OK   00018_sp04_resources_evidence.sql (23.32ms)
2026/10/08 14:57:08 OK   00019_sp04_archive_ciphertext_bytes.sql (5.48ms)
2026/10/08 14:57:08 OK   00020_sp04_request_ledger.sql (22.22ms)
2026/10/08 14:57:08 OK   00021_sp04_archive_protection.sql (12.73ms)
2026/10/08 14:57:08 OK   00022_sp04_legal_hold_dependencies.sql (3.57ms)
2026/10/08 14:57:08 OK   00023_sp04_archive_query_intent.sql (2.44ms)
2026/10/08 14:57:08 OK   00024_sp05_finding_incident.sql (48.73ms)
2026/10/08 14:57:08 OK   00025_sp05_incident_event_time.sql (5.21ms)
2026/10/08 14:57:08 OK   00026_sp05_source_binding_lock.sql (5.81ms)
2026/10/08 14:57:08 OK   00027_sp05_rca_and_poll.sql (10.91ms)
2026/10/08 14:57:08 OK   00028_sp05_operator_lock.sql (10.35ms)
2026/10/08 14:57:08 OK   00029_sp05_evidence_links.sql (16ms)
2026/10/08 14:57:08 OK   00030_sp05_recipe_fence.sql (6.69ms)
2026/10/08 14:57:08 OK   00031_sp05_rca_postcheck.sql (6.19ms)
2026/10/08 14:57:08 OK   00032_sp05_transport_audit.sql (3.47ms)
2026/10/08 14:57:08 OK   00033_sp05_poll_resolution_clock.sql (3.48ms)
2026/10/08 14:57:08 OK   00034_sp06_investigation_ledger.sql (70.15ms)
2026/10/08 14:57:08 OK   00035_sp06_admission_data_classes.sql (5.84ms)
2026/10/08 14:57:08 goose: successfully migrated database to version: 35
2026/10/08 14:57:13 OK   00001_roles_and_schemas.sql (36ms)
2026/10/08 14:57:13 goose: successfully migrated database to version: 1
2026/10/08 14:57:13 OK   00002_platform_meta.sql (66.8ms)
2026/10/08 14:57:13 OK   00003_finding.sql (29.24ms)
2026/10/08 14:57:13 OK   00004_incident.sql (55.79ms)
2026/10/08 14:57:13 OK   00005_investigation.sql (20.01ms)
2026/10/08 14:57:13 OK   00006_action_command.sql (10.56ms)
2026/10/08 14:57:13 OK   00007_audit.sql (19.56ms)
2026/10/08 14:57:13 OK   00008_rls.sql (25.55ms)
2026/10/08 14:57:13 OK   00009_idempotency_ledger.sql (12.08ms)
2026/10/08 14:57:13 OK   00010_tenant_provisioning.sql (5.7ms)
2026/10/08 14:57:13 OK   00011_source_registration_history.sql (21.02ms)
2026/10/08 14:57:13 OK   00012_config_registry_lifecycle.sql (26.83ms)
2026/10/08 14:57:13 OK   00013_audit_signed_segments.sql (26.44ms)
2026/10/08 14:57:13 OK   00014_audit_segment_predecessors.sql (23.16ms)
2026/10/08 14:57:13 OK   00015_source_schema_scope.sql (4.5ms)
2026/10/08 14:57:13 OK   00016_cluster_registration_metadata.sql (7.08ms)
2026/10/08 14:57:13 OK   00017_source_data_scope.sql (13.02ms)
2026/10/08 14:57:14 OK   00018_sp04_resources_evidence.sql (33.84ms)
2026/10/08 14:57:14 OK   00019_sp04_archive_ciphertext_bytes.sql (4.29ms)
2026/10/08 14:57:14 OK   00020_sp04_request_ledger.sql (12.27ms)
2026/10/08 14:57:14 OK   00021_sp04_archive_protection.sql (7ms)
2026/10/08 14:57:14 OK   00022_sp04_legal_hold_dependencies.sql (10.75ms)
2026/10/08 14:57:14 OK   00023_sp04_archive_query_intent.sql (9.44ms)
2026/10/08 14:57:14 OK   00024_sp05_finding_incident.sql (33.9ms)
2026/10/08 14:57:14 OK   00025_sp05_incident_event_time.sql (11.48ms)
2026/10/08 14:57:14 OK   00026_sp05_source_binding_lock.sql (12.34ms)
2026/10/08 14:57:14 OK   00027_sp05_rca_and_poll.sql (19.74ms)
2026/10/08 14:57:14 OK   00028_sp05_operator_lock.sql (6.77ms)
2026/10/08 14:57:14 OK   00029_sp05_evidence_links.sql (15.88ms)
2026/10/08 14:57:14 OK   00030_sp05_recipe_fence.sql (22.88ms)
2026/10/08 14:57:14 OK   00031_sp05_rca_postcheck.sql (4.4ms)
2026/10/08 14:57:14 OK   00032_sp05_transport_audit.sql (4.39ms)
2026/10/08 14:57:14 OK   00033_sp05_poll_resolution_clock.sql (4.74ms)
2026/10/08 14:57:14 OK   00034_sp06_investigation_ledger.sql (54.42ms)
2026/10/08 14:57:14 OK   00035_sp06_admission_data_classes.sql (7.06ms)
2026/10/08 14:57:14 goose: successfully migrated database to version: 35
2026/10/08 14:57:39 OK   00001_roles_and_schemas.sql (66.81ms)
2026/10/08 14:57:39 OK   00002_platform_meta.sql (78.82ms)
2026/10/08 14:57:40 OK   00003_finding.sql (16.11ms)
2026/10/08 14:57:40 OK   00004_incident.sql (16.52ms)
2026/10/08 14:57:40 OK   00005_investigation.sql (30.48ms)
2026/10/08 14:57:40 OK   00006_action_command.sql (15.51ms)
2026/10/08 14:57:40 OK   00007_audit.sql (49.52ms)
2026/10/08 14:57:40 OK   00008_rls.sql (17.5ms)
2026/10/08 14:57:40 OK   00009_idempotency_ledger.sql (9.83ms)
2026/10/08 14:57:40 OK   00010_tenant_provisioning.sql (6.85ms)
2026/10/08 14:57:40 OK   00011_source_registration_history.sql (38.69ms)
2026/10/08 14:57:40 OK   00012_config_registry_lifecycle.sql (21.3ms)
2026/10/08 14:57:40 OK   00013_audit_signed_segments.sql (53.58ms)
2026/10/08 14:57:40 OK   00014_audit_segment_predecessors.sql (15.64ms)
2026/10/08 14:57:40 OK   00015_source_schema_scope.sql (13.44ms)
2026/10/08 14:57:40 OK   00016_cluster_registration_metadata.sql (26.18ms)
2026/10/08 14:57:40 OK   00017_source_data_scope.sql (6.16ms)
2026/10/08 14:57:40 OK   00018_sp04_resources_evidence.sql (36.65ms)
2026/10/08 14:57:40 OK   00019_sp04_archive_ciphertext_bytes.sql (11.57ms)
2026/10/08 14:57:40 OK   00020_sp04_request_ledger.sql (17.8ms)
2026/10/08 14:57:40 OK   00021_sp04_archive_protection.sql (9.52ms)
2026/10/08 14:57:40 OK   00022_sp04_legal_hold_dependencies.sql (7.99ms)
2026/10/08 14:57:40 OK   00023_sp04_archive_query_intent.sql (16.4ms)
2026/10/08 14:57:40 OK   00024_sp05_finding_incident.sql (61.91ms)
2026/10/08 14:57:40 OK   00025_sp05_incident_event_time.sql (9.49ms)
2026/10/08 14:57:40 OK   00026_sp05_source_binding_lock.sql (11.52ms)
2026/10/08 14:57:40 OK   00027_sp05_rca_and_poll.sql (40.51ms)
2026/10/08 14:57:40 OK   00028_sp05_operator_lock.sql (3.66ms)
2026/10/08 14:57:40 OK   00029_sp05_evidence_links.sql (15.35ms)
2026/10/08 14:57:40 OK   00030_sp05_recipe_fence.sql (15.06ms)
2026/10/08 14:57:40 OK   00031_sp05_rca_postcheck.sql (11.83ms)
2026/10/08 14:57:40 OK   00032_sp05_transport_audit.sql (7.89ms)
2026/10/08 14:57:40 OK   00033_sp05_poll_resolution_clock.sql (4.35ms)
2026/10/08 14:57:40 OK   00034_sp06_investigation_ledger.sql (68.46ms)
2026/10/08 14:57:40 OK   00035_sp06_admission_data_classes.sql (10.32ms)
2026/10/08 14:57:40 goose: successfully migrated database to version: 35
2026/10/08 14:57:40 OK   00001_roles_and_schemas.sql (52.37ms)
2026/10/08 14:57:40 goose: successfully migrated database to version: 1
2026/10/08 14:57:41 OK   00002_platform_meta.sql (35.86ms)
2026/10/08 14:57:41 OK   00003_finding.sql (33.61ms)
2026/10/08 14:57:41 OK   00004_incident.sql (36.07ms)
2026/10/08 14:57:41 OK   00005_investigation.sql (14.26ms)
2026/10/08 14:57:41 OK   00006_action_command.sql (24.16ms)
2026/10/08 14:57:41 OK   00007_audit.sql (21.57ms)
2026/10/08 14:57:41 OK   00008_rls.sql (12.14ms)
2026/10/08 14:57:41 OK   00009_idempotency_ledger.sql (9.85ms)
2026/10/08 14:57:41 OK   00010_tenant_provisioning.sql (13.83ms)
2026/10/08 14:57:41 OK   00011_source_registration_history.sql (26.88ms)
2026/10/08 14:57:41 OK   00012_config_registry_lifecycle.sql (60.93ms)
2026/10/08 14:57:41 OK   00013_audit_signed_segments.sql (133.22ms)
2026/10/08 14:57:41 OK   00014_audit_segment_predecessors.sql (34.94ms)
2026/10/08 14:57:41 OK   00015_source_schema_scope.sql (17.2ms)
2026/10/08 14:57:41 OK   00016_cluster_registration_metadata.sql (10.17ms)
2026/10/08 14:57:41 OK   00017_source_data_scope.sql (5.34ms)
2026/10/08 14:57:41 OK   00018_sp04_resources_evidence.sql (101.21ms)
2026/10/08 14:57:41 OK   00019_sp04_archive_ciphertext_bytes.sql (4.51ms)
2026/10/08 14:57:41 OK   00020_sp04_request_ledger.sql (6.79ms)
2026/10/08 14:57:41 OK   00021_sp04_archive_protection.sql (4.23ms)
2026/10/08 14:57:41 OK   00022_sp04_legal_hold_dependencies.sql (5.77ms)
2026/10/08 14:57:41 OK   00023_sp04_archive_query_intent.sql (25.59ms)
2026/10/08 14:57:41 OK   00024_sp05_finding_incident.sql (62.12ms)
2026/10/08 14:57:41 OK   00025_sp05_incident_event_time.sql (13.52ms)
2026/10/08 14:57:41 OK   00026_sp05_source_binding_lock.sql (28.53ms)
2026/10/08 14:57:41 OK   00027_sp05_rca_and_poll.sql (17.67ms)
2026/10/08 14:57:41 OK   00028_sp05_operator_lock.sql (5.92ms)
2026/10/08 14:57:41 OK   00029_sp05_evidence_links.sql (12.11ms)
2026/10/08 14:57:41 OK   00030_sp05_recipe_fence.sql (13.28ms)
2026/10/08 14:57:41 OK   00031_sp05_rca_postcheck.sql (16.74ms)
2026/10/08 14:57:41 OK   00032_sp05_transport_audit.sql (18.5ms)
2026/10/08 14:57:41 OK   00033_sp05_poll_resolution_clock.sql (13.55ms)
2026/10/08 14:57:41 OK   00034_sp06_investigation_ledger.sql (74.21ms)
2026/10/08 14:57:41 OK   00035_sp06_admission_data_classes.sql (5.92ms)
2026/10/08 14:57:41 goose: successfully migrated database to version: 35
FAIL
FAIL	ops-platform/test/integration	989.472s
ok  	ops-platform/test/security	(cached)
?   	ops-platform/test/tools/sp05-analyzer-check	[no test files]
?   	ops-platform/test/tools/sp05-worker-check	[no test files]
?   	ops-platform/test/tools/sp06-dispatcher-process	[no test files]
FAIL
make: *** [test-unit] Error 1
