python3 scripts/check-generated.py "go" gen web/src/api/generated internal/persistence/dbgen services/investigator/src/investigator/output.schema.json
✓ Lockfile passes supply-chain policies (verified 7d ago)
Lockfile is up to date, resolution step is skipped
Already up to date
Done in 288ms using pnpm v12.7.0
$ orval --config ./orval.config.ts
🍻 orval v8.37.0 - A swagger client generator for typescript
platform - Cleaning output folder
platform - 🎉 Smart Operations Platform API - Your OpenAPI spec has been converted into ready to use orval!
python3 scripts/prepare-runtime-source.py --check
{"modules": 98, "selectedModuleFiles": 2993, "standardLibraryFiles": 1386, "sourceBundleSHA256": "sha256:9628d31da79f4d4fcbffb303796aa805ee0508e732c66f203f2f330fb9bbe903"}
go vet ./...
?   	ops-platform/api	[no test files]
?   	ops-platform/artifacts	[no test files]
?   	ops-platform/artifacts/task27-materials/sp010203-bao-operator	[no test files]
?   	ops-platform/artifacts/task27-materials/sp010203-cleanup-operator	[no test files]
?   	ops-platform/artifacts/task27-materials/sp010203-live-runtime-probe	[no test files]
?   	ops-platform/artifacts/task27-materials/sp010203-operator-helper	[no test files]
?   	ops-platform/artifacts/task27-materials/sp010203-role-probe	[no test files]
?   	ops-platform/bundle	[no test files]
?   	ops-platform/cmd/db-migrate	[no test files]
ok  	ops-platform/cmd/opsctl	39.222s
?   	ops-platform/cmd/platform-api	[no test files]
?   	ops-platform/cmd/platform-worker	[no test files]
?   	ops-platform/gen/api	[no test files]
?   	ops-platform/gen/internalgraph	[no test files]
ok  	ops-platform/internal/app	1.061s
ok  	ops-platform/internal/archive	(cached)
ok  	ops-platform/internal/audit	1.508s
ok  	ops-platform/internal/auth	2.385s
ok  	ops-platform/internal/bundle	38.117s
ok  	ops-platform/internal/bundle/drivers	3.175s
ok  	ops-platform/internal/configregistry	3.128s
?   	ops-platform/internal/contract	[no test files]
ok  	ops-platform/internal/crypto	(cached)
?   	ops-platform/internal/datascope	[no test files]
ok  	ops-platform/internal/evidence	3.837s
ok  	ops-platform/internal/finding	3.939s
ok  	ops-platform/internal/graph	6.590s
ok  	ops-platform/internal/httpapi	4.072s
ok  	ops-platform/internal/incident	3.820s
ok  	ops-platform/internal/inspection/hardware	(cached)
ok  	ops-platform/internal/inspection/kubernetes	3.876s
ok  	ops-platform/internal/inspection/npd	3.666s
?   	ops-platform/internal/integrations	[no test files]
ok  	ops-platform/internal/integrations/deepflow	3.779s
ok  	ops-platform/internal/integrations/k8sgpt	3.272s
ok  	ops-platform/internal/integrations/keycloak	(cached)
ok  	ops-platform/internal/integrations/kubernetes	23.745s
ok  	ops-platform/internal/integrations/openbao	(cached)
ok  	ops-platform/internal/integrations/redfish	3.358s
ok  	ops-platform/internal/integrations/s3	(cached)
?   	ops-platform/internal/integrations/victorialogs	[no test files]
?   	ops-platform/internal/integrations/victorialogs/adapter	[no test files]
?   	ops-platform/internal/integrations/victoriametrics	[no test files]
?   	ops-platform/internal/integrations/victoriametrics/adapter	[no test files]
?   	ops-platform/internal/integrations/vmalert	[no test files]
ok  	ops-platform/internal/investigation	3.149s
?   	ops-platform/internal/investigation/mcp	[no test files]
ok  	ops-platform/internal/investigation/tools	3.299s
ok  	ops-platform/internal/observability	3.552s
ok  	ops-platform/internal/persistence	(cached)
?   	ops-platform/internal/persistence/dbgen	[no test files]
ok  	ops-platform/internal/policy	3.887s
ok  	ops-platform/internal/profile	3.887s
ok  	ops-platform/internal/rca	1.585s
ok  	ops-platform/internal/resource	(cached)
?   	ops-platform/internal/resourcestore	[no test files]
ok  	ops-platform/internal/source	2.016s
ok  	ops-platform/internal/supplychain	3.513s
?   	ops-platform/internal/tenant	[no test files]
?   	ops-platform/internal/upstream/corootcheck	[no test files]
?   	ops-platform/internal/upstream/keepmodel	[no test files]
?   	ops-platform/internal/upstream/metal3	[no test files]
?   	ops-platform/internal/upstream/ontology/api	[no test files]
?   	ops-platform/internal/upstream/ontology/model	[no test files]
?   	ops-platform/internal/upstream/ontology/service/diagnostic	[no test files]
?   	ops-platform/policies	[no test files]
--- FAIL: TestUpstreamReuseLockRejectsUnpinnedOrUnsafeBaselines (0.27s)
    upstream_reuse_test.go:487: decode third-party manifest: yaml: line 66: did not find expected key
FAIL
FAIL	ops-platform/test/contract	67.487s
ok  	ops-platform/test/e2e	2.588s
?   	ops-platform/test/fixtures/sp04/profile-detect	[no test files]
?   	ops-platform/test/fixtures/upstream-inspection	[no test files]
2026/10/04 09:27:19 OK   00001_roles_and_schemas.sql (79.03ms)
2026/10/04 09:27:19 goose: successfully migrated database to version: 1
2026/10/04 09:27:19 OK   00002_platform_meta.sql (178.27ms)
2026/10/04 09:27:19 OK   00003_finding.sql (46.17ms)
2026/10/04 09:27:19 OK   00004_incident.sql (45.85ms)
2026/10/04 09:27:19 OK   00005_investigation.sql (65.65ms)
2026/10/04 09:27:19 OK   00006_action_command.sql (22.31ms)
2026/10/04 09:27:19 OK   00007_audit.sql (44.71ms)
2026/10/04 09:27:20 OK   00008_rls.sql (72.55ms)
2026/10/04 09:27:20 OK   00009_idempotency_ledger.sql (32.46ms)
2026/10/04 09:27:20 OK   00010_tenant_provisioning.sql (11.45ms)
2026/10/04 09:27:20 OK   00011_source_registration_history.sql (19.13ms)
2026/10/04 09:27:20 OK   00012_config_registry_lifecycle.sql (46.15ms)
2026/10/04 09:27:20 OK   00013_audit_signed_segments.sql (131.65ms)
2026/10/04 09:27:20 OK   00014_audit_segment_predecessors.sql (38.76ms)
2026/10/04 09:27:20 OK   00015_source_schema_scope.sql (26.21ms)
2026/10/04 09:27:20 OK   00016_cluster_registration_metadata.sql (103.13ms)
2026/10/04 09:27:20 OK   00017_source_data_scope.sql (113.88ms)
2026/10/04 09:27:20 OK   00018_sp04_resources_evidence.sql (91.53ms)
2026/10/04 09:27:20 OK   00019_sp04_archive_ciphertext_bytes.sql (43.59ms)
2026/10/04 09:27:20 OK   00020_sp04_request_ledger.sql (53.32ms)
2026/10/04 09:27:20 OK   00021_sp04_archive_protection.sql (7.8ms)
2026/10/04 09:27:20 OK   00022_sp04_legal_hold_dependencies.sql (5.33ms)
2026/10/04 09:27:20 OK   00023_sp04_archive_query_intent.sql (6.53ms)
2026/10/04 09:27:20 OK   00024_sp05_finding_incident.sql (54.4ms)
2026/10/04 09:27:20 OK   00025_sp05_incident_event_time.sql (14.37ms)
2026/10/04 09:27:20 OK   00026_sp05_source_binding_lock.sql (7.21ms)
2026/10/04 09:27:20 OK   00027_sp05_rca_and_poll.sql (77.2ms)
2026/10/04 09:27:21 OK   00028_sp05_operator_lock.sql (71.13ms)
2026/10/04 09:27:21 OK   00029_sp05_evidence_links.sql (77.99ms)
2026/10/04 09:27:21 OK   00030_sp05_recipe_fence.sql (64.9ms)
2026/10/04 09:27:21 OK   00031_sp05_rca_postcheck.sql (17.09ms)
2026/10/04 09:27:21 OK   00032_sp05_transport_audit.sql (13.69ms)
2026/10/04 09:27:21 OK   00033_sp05_poll_resolution_clock.sql (16.81ms)
2026/10/04 09:27:21 OK   00034_sp06_investigation_ledger.sql (51.28ms)
2026/10/04 09:27:21 goose: successfully migrated database to version: 34
2026/10/04 09:27:22 OK   00001_roles_and_schemas.sql (33.79ms)
2026/10/04 09:27:22 goose: successfully migrated database to version: 1
2026/10/04 09:27:22 OK   00002_platform_meta.sql (107.92ms)
2026/10/04 09:27:22 OK   00003_finding.sql (28.61ms)
2026/10/04 09:27:22 OK   00004_incident.sql (20.16ms)
2026/10/04 09:27:22 OK   00005_investigation.sql (12.43ms)
2026/10/04 09:27:22 OK   00006_action_command.sql (16.83ms)
2026/10/04 09:27:22 OK   00007_audit.sql (65.5ms)
2026/10/04 09:27:22 OK   00008_rls.sql (54.03ms)
2026/10/04 09:27:22 OK   00009_idempotency_ledger.sql (50.19ms)
2026/10/04 09:27:22 OK   00010_tenant_provisioning.sql (13.83ms)
2026/10/04 09:27:22 OK   00011_source_registration_history.sql (45.3ms)
2026/10/04 09:27:22 OK   00012_config_registry_lifecycle.sql (46.63ms)
2026/10/04 09:27:22 OK   00013_audit_signed_segments.sql (71.4ms)
2026/10/04 09:27:22 OK   00014_audit_segment_predecessors.sql (19.53ms)
2026/10/04 09:27:22 OK   00015_source_schema_scope.sql (11.89ms)
2026/10/04 09:27:22 OK   00016_cluster_registration_metadata.sql (28.81ms)
2026/10/04 09:27:22 OK   00017_source_data_scope.sql (9.19ms)
2026/10/04 09:27:22 OK   00018_sp04_resources_evidence.sql (35.03ms)
2026/10/04 09:27:22 OK   00019_sp04_archive_ciphertext_bytes.sql (50.76ms)
2026/10/04 09:27:22 OK   00020_sp04_request_ledger.sql (33.78ms)
2026/10/04 09:27:23 OK   00021_sp04_archive_protection.sql (71.14ms)
2026/10/04 09:27:23 OK   00022_sp04_legal_hold_dependencies.sql (20.8ms)
2026/10/04 09:27:23 OK   00023_sp04_archive_query_intent.sql (4.22ms)
2026/10/04 09:27:23 OK   00024_sp05_finding_incident.sql (98.6ms)
2026/10/04 09:27:23 OK   00025_sp05_incident_event_time.sql (4.67ms)
2026/10/04 09:27:23 OK   00026_sp05_source_binding_lock.sql (5.98ms)
2026/10/04 09:27:23 OK   00027_sp05_rca_and_poll.sql (44.61ms)
2026/10/04 09:27:23 OK   00028_sp05_operator_lock.sql (5.29ms)
2026/10/04 09:27:23 OK   00029_sp05_evidence_links.sql (6.9ms)
2026/10/04 09:27:23 OK   00030_sp05_recipe_fence.sql (4.01ms)
2026/10/04 09:27:23 OK   00031_sp05_rca_postcheck.sql (3.3ms)
2026/10/04 09:27:23 OK   00032_sp05_transport_audit.sql (6.64ms)
2026/10/04 09:27:23 OK   00033_sp05_poll_resolution_clock.sql (12.55ms)
2026/10/04 09:27:23 OK   00034_sp06_investigation_ledger.sql (73.19ms)
2026/10/04 09:27:23 goose: successfully migrated database to version: 34
2026/10/04 09:27:35 OK   00001_roles_and_schemas.sql (69.34ms)
2026/10/04 09:27:35 goose: successfully migrated database to version: 1
2026/10/04 09:27:35 OK   00002_platform_meta.sql (35.36ms)
2026/10/04 09:27:35 OK   00003_finding.sql (14.19ms)
2026/10/04 09:27:35 OK   00004_incident.sql (12.66ms)
2026/10/04 09:27:35 OK   00005_investigation.sql (45.13ms)
2026/10/04 09:27:35 OK   00006_action_command.sql (14.28ms)
2026/10/04 09:27:35 OK   00007_audit.sql (53.19ms)
2026/10/04 09:27:35 OK   00008_rls.sql (28.63ms)
2026/10/04 09:27:35 OK   00009_idempotency_ledger.sql (11.51ms)
2026/10/04 09:27:35 OK   00010_tenant_provisioning.sql (14.64ms)
2026/10/04 09:27:35 OK   00011_source_registration_history.sql (21.2ms)
2026/10/04 09:27:35 OK   00012_config_registry_lifecycle.sql (14.82ms)
2026/10/04 09:27:35 OK   00013_audit_signed_segments.sql (43.72ms)
2026/10/04 09:27:36 OK   00014_audit_segment_predecessors.sql (72.12ms)
2026/10/04 09:27:36 OK   00015_source_schema_scope.sql (13.39ms)
2026/10/04 09:27:36 OK   00016_cluster_registration_metadata.sql (16.64ms)
2026/10/04 09:27:36 OK   00017_source_data_scope.sql (7.69ms)
2026/10/04 09:27:36 OK   00018_sp04_resources_evidence.sql (76.26ms)
2026/10/04 09:27:36 OK   00019_sp04_archive_ciphertext_bytes.sql (11.35ms)
2026/10/04 09:27:36 OK   00020_sp04_request_ledger.sql (8.84ms)
2026/10/04 09:27:36 OK   00021_sp04_archive_protection.sql (12.41ms)
2026/10/04 09:27:36 OK   00022_sp04_legal_hold_dependencies.sql (8.88ms)
2026/10/04 09:27:36 OK   00023_sp04_archive_query_intent.sql (25.39ms)
2026/10/04 09:27:36 OK   00024_sp05_finding_incident.sql (55.35ms)
2026/10/04 09:27:36 OK   00025_sp05_incident_event_time.sql (19.19ms)
2026/10/04 09:27:36 OK   00026_sp05_source_binding_lock.sql (36.06ms)
2026/10/04 09:27:36 OK   00027_sp05_rca_and_poll.sql (41.58ms)
2026/10/04 09:27:36 OK   00028_sp05_operator_lock.sql (11.78ms)
2026/10/04 09:27:36 OK   00029_sp05_evidence_links.sql (11.92ms)
2026/10/04 09:27:36 OK   00030_sp05_recipe_fence.sql (18.09ms)
2026/10/04 09:27:36 OK   00031_sp05_rca_postcheck.sql (17.36ms)
2026/10/04 09:27:36 OK   00032_sp05_transport_audit.sql (13.76ms)
2026/10/04 09:27:36 OK   00033_sp05_poll_resolution_clock.sql (16.53ms)
2026/10/04 09:27:36 OK   00034_sp06_investigation_ledger.sql (93.75ms)
2026/10/04 09:27:36 goose: successfully migrated database to version: 34
2026/10/04 09:27:36 OK   00001_roles_and_schemas.sql (50.29ms)
2026/10/04 09:27:36 goose: successfully migrated database to version: 1
2026/10/04 09:27:37 OK   00002_platform_meta.sql (83.72ms)
2026/10/04 09:27:37 OK   00003_finding.sql (13.41ms)
2026/10/04 09:27:37 OK   00004_incident.sql (21.18ms)
2026/10/04 09:27:37 OK   00005_investigation.sql (23.09ms)
2026/10/04 09:27:37 OK   00006_action_command.sql (6.57ms)
2026/10/04 09:27:37 OK   00007_audit.sql (28.31ms)
2026/10/04 09:27:37 OK   00008_rls.sql (17.6ms)
2026/10/04 09:27:37 OK   00009_idempotency_ledger.sql (38.13ms)
2026/10/04 09:27:37 OK   00010_tenant_provisioning.sql (4.68ms)
2026/10/04 09:27:37 OK   00011_source_registration_history.sql (6.93ms)
2026/10/04 09:27:37 OK   00012_config_registry_lifecycle.sql (9.02ms)
2026/10/04 09:27:37 OK   00013_audit_signed_segments.sql (10.97ms)
2026/10/04 09:27:37 OK   00014_audit_segment_predecessors.sql (27.97ms)
2026/10/04 09:27:37 OK   00015_source_schema_scope.sql (6.62ms)
2026/10/04 09:27:37 OK   00016_cluster_registration_metadata.sql (16.7ms)
2026/10/04 09:27:37 OK   00017_source_data_scope.sql (26.47ms)
2026/10/04 09:27:37 OK   00018_sp04_resources_evidence.sql (45.31ms)
2026/10/04 09:27:37 OK   00019_sp04_archive_ciphertext_bytes.sql (3.42ms)
2026/10/04 09:27:37 OK   00020_sp04_request_ledger.sql (3.89ms)
2026/10/04 09:27:37 OK   00021_sp04_archive_protection.sql (6.93ms)
2026/10/04 09:27:37 OK   00022_sp04_legal_hold_dependencies.sql (29.39ms)
2026/10/04 09:27:37 OK   00023_sp04_archive_query_intent.sql (11.14ms)
2026/10/04 09:27:37 OK   00024_sp05_finding_incident.sql (51.32ms)
2026/10/04 09:27:37 OK   00025_sp05_incident_event_time.sql (4.92ms)
2026/10/04 09:27:37 OK   00026_sp05_source_binding_lock.sql (4ms)
2026/10/04 09:27:37 OK   00027_sp05_rca_and_poll.sql (27.16ms)
2026/10/04 09:27:37 OK   00028_sp05_operator_lock.sql (6.01ms)
2026/10/04 09:27:37 OK   00029_sp05_evidence_links.sql (13.05ms)
2026/10/04 09:27:37 OK   00030_sp05_recipe_fence.sql (4.93ms)
2026/10/04 09:27:37 OK   00031_sp05_rca_postcheck.sql (26.24ms)
2026/10/04 09:27:37 OK   00032_sp05_transport_audit.sql (17.24ms)
2026/10/04 09:27:37 OK   00033_sp05_poll_resolution_clock.sql (4.99ms)
2026/10/04 09:27:37 OK   00034_sp06_investigation_ledger.sql (75.87ms)
2026/10/04 09:27:37 goose: successfully migrated database to version: 34
2026/10/04 09:27:39 OK   00001_roles_and_schemas.sql (23.11ms)
2026/10/04 09:27:39 goose: successfully migrated database to version: 1
2026/10/04 09:27:39 OK   00002_platform_meta.sql (49.63ms)
2026/10/04 09:27:39 OK   00003_finding.sql (45.38ms)
2026/10/04 09:27:39 OK   00004_incident.sql (31.21ms)
2026/10/04 09:27:39 OK   00005_investigation.sql (20.69ms)
2026/10/04 09:27:39 OK   00006_action_command.sql (20.9ms)
2026/10/04 09:27:39 OK   00007_audit.sql (46.14ms)
2026/10/04 09:27:39 OK   00008_rls.sql (10.33ms)
2026/10/04 09:27:39 OK   00009_idempotency_ledger.sql (33.27ms)
2026/10/04 09:27:39 OK   00010_tenant_provisioning.sql (4.83ms)
2026/10/04 09:27:39 OK   00011_source_registration_history.sql (40.44ms)
2026/10/04 09:27:39 OK   00012_config_registry_lifecycle.sql (66.05ms)
2026/10/04 09:27:39 OK   00013_audit_signed_segments.sql (25.11ms)
2026/10/04 09:27:39 OK   00014_audit_segment_predecessors.sql (27.41ms)
2026/10/04 09:27:39 OK   00015_source_schema_scope.sql (3.54ms)
2026/10/04 09:27:39 OK   00016_cluster_registration_metadata.sql (5.14ms)
2026/10/04 09:27:39 OK   00017_source_data_scope.sql (4.57ms)
2026/10/04 09:27:39 OK   00018_sp04_resources_evidence.sql (13.31ms)
2026/10/04 09:27:39 OK   00019_sp04_archive_ciphertext_bytes.sql (2.63ms)
2026/10/04 09:27:39 OK   00020_sp04_request_ledger.sql (3.77ms)
2026/10/04 09:27:39 OK   00021_sp04_archive_protection.sql (3.12ms)
2026/10/04 09:27:39 OK   00022_sp04_legal_hold_dependencies.sql (4.17ms)
2026/10/04 09:27:39 OK   00023_sp04_archive_query_intent.sql (6.81ms)
2026/10/04 09:27:39 OK   00024_sp05_finding_incident.sql (36.94ms)
2026/10/04 09:27:39 OK   00025_sp05_incident_event_time.sql (2.62ms)
2026/10/04 09:27:39 OK   00026_sp05_source_binding_lock.sql (2.96ms)
2026/10/04 09:27:39 OK   00027_sp05_rca_and_poll.sql (62.13ms)
2026/10/04 09:27:39 OK   00028_sp05_operator_lock.sql (32.76ms)
2026/10/04 09:27:39 OK   00029_sp05_evidence_links.sql (14.57ms)
2026/10/04 09:27:39 OK   00030_sp05_recipe_fence.sql (7.62ms)
2026/10/04 09:27:39 OK   00031_sp05_rca_postcheck.sql (13ms)
2026/10/04 09:27:39 OK   00032_sp05_transport_audit.sql (12.29ms)
2026/10/04 09:27:39 OK   00033_sp05_poll_resolution_clock.sql (19.48ms)
2026/10/04 09:27:39 OK   00034_sp06_investigation_ledger.sql (40.39ms)
2026/10/04 09:27:39 goose: successfully migrated database to version: 34
2026/10/04 09:27:40 OK   00001_roles_and_schemas.sql (24.4ms)
2026/10/04 09:27:40 goose: successfully migrated database to version: 1
2026/10/04 09:27:40 OK   00002_platform_meta.sql (51.14ms)
2026/10/04 09:27:40 OK   00003_finding.sql (23.75ms)
2026/10/04 09:27:40 OK   00004_incident.sql (6.16ms)
2026/10/04 09:27:40 OK   00005_investigation.sql (32.94ms)
2026/10/04 09:27:40 OK   00006_action_command.sql (10.83ms)
2026/10/04 09:27:40 OK   00007_audit.sql (56.71ms)
2026/10/04 09:27:40 OK   00008_rls.sql (39.68ms)
2026/10/04 09:27:40 OK   00009_idempotency_ledger.sql (52.32ms)
2026/10/04 09:27:40 OK   00010_tenant_provisioning.sql (33.66ms)
2026/10/04 09:27:40 OK   00011_source_registration_history.sql (22.56ms)
2026/10/04 09:27:40 OK   00012_config_registry_lifecycle.sql (50.18ms)
2026/10/04 09:27:40 OK   00013_audit_signed_segments.sql (53.75ms)
2026/10/04 09:27:40 OK   00014_audit_segment_predecessors.sql (14.9ms)
2026/10/04 09:27:40 OK   00015_source_schema_scope.sql (38.33ms)
2026/10/04 09:27:40 OK   00016_cluster_registration_metadata.sql (29.3ms)
2026/10/04 09:27:40 OK   00017_source_data_scope.sql (9.5ms)
2026/10/04 09:27:40 OK   00018_sp04_resources_evidence.sql (32.36ms)
2026/10/04 09:27:40 OK   00019_sp04_archive_ciphertext_bytes.sql (19.55ms)
2026/10/04 09:27:40 OK   00020_sp04_request_ledger.sql (6.37ms)
2026/10/04 09:27:40 OK   00021_sp04_archive_protection.sql (9.34ms)
2026/10/04 09:27:40 OK   00022_sp04_legal_hold_dependencies.sql (4.85ms)
2026/10/04 09:27:40 OK   00023_sp04_archive_query_intent.sql (5.14ms)
2026/10/04 09:27:40 OK   00024_sp05_finding_incident.sql (37.21ms)
2026/10/04 09:27:40 OK   00025_sp05_incident_event_time.sql (20.42ms)
2026/10/04 09:27:40 OK   00026_sp05_source_binding_lock.sql (12.45ms)
2026/10/04 09:27:40 OK   00027_sp05_rca_and_poll.sql (8.27ms)
2026/10/04 09:27:41 OK   00028_sp05_operator_lock.sql (11.35ms)
2026/10/04 09:27:41 OK   00029_sp05_evidence_links.sql (32.71ms)
2026/10/04 09:27:41 OK   00030_sp05_recipe_fence.sql (31.63ms)
2026/10/04 09:27:41 OK   00031_sp05_rca_postcheck.sql (15.7ms)
2026/10/04 09:27:41 OK   00032_sp05_transport_audit.sql (10.73ms)
2026/10/04 09:27:41 OK   00033_sp05_poll_resolution_clock.sql (4.12ms)
2026/10/04 09:27:41 OK   00034_sp06_investigation_ledger.sql (46.81ms)
2026/10/04 09:27:41 goose: successfully migrated database to version: 34
2026/10/04 09:27:41 OK   00001_roles_and_schemas.sql (51.64ms)
2026/10/04 09:27:41 goose: successfully migrated database to version: 1
2026/10/04 09:27:42 OK   00002_platform_meta.sql (106.84ms)
2026/10/04 09:27:42 OK   00003_finding.sql (12.6ms)
2026/10/04 09:27:42 OK   00004_incident.sql (16.32ms)
2026/10/04 09:27:42 OK   00005_investigation.sql (22.82ms)
2026/10/04 09:27:42 OK   00006_action_command.sql (20ms)
2026/10/04 09:27:42 OK   00007_audit.sql (23.86ms)
2026/10/04 09:27:42 OK   00008_rls.sql (16.4ms)
2026/10/04 09:27:42 OK   00009_idempotency_ledger.sql (37.72ms)
2026/10/04 09:27:42 OK   00010_tenant_provisioning.sql (4.97ms)
2026/10/04 09:27:42 OK   00011_source_registration_history.sql (7.99ms)
2026/10/04 09:27:42 OK   00012_config_registry_lifecycle.sql (65.49ms)
2026/10/04 09:27:42 OK   00013_audit_signed_segments.sql (33.53ms)
2026/10/04 09:27:42 OK   00014_audit_segment_predecessors.sql (59.37ms)
2026/10/04 09:27:42 OK   00015_source_schema_scope.sql (4.54ms)
2026/10/04 09:27:42 OK   00016_cluster_registration_metadata.sql (3.8ms)
2026/10/04 09:27:42 OK   00017_source_data_scope.sql (3.28ms)
2026/10/04 09:27:42 OK   00018_sp04_resources_evidence.sql (24.13ms)
2026/10/04 09:27:42 OK   00019_sp04_archive_ciphertext_bytes.sql (19ms)
2026/10/04 09:27:42 OK   00020_sp04_request_ledger.sql (4.96ms)
2026/10/04 09:27:42 OK   00021_sp04_archive_protection.sql (2.93ms)
2026/10/04 09:27:42 OK   00022_sp04_legal_hold_dependencies.sql (3.69ms)
2026/10/04 09:27:42 OK   00023_sp04_archive_query_intent.sql (4.2ms)
2026/10/04 09:27:42 OK   00024_sp05_finding_incident.sql (46.18ms)
2026/10/04 09:27:42 OK   00025_sp05_incident_event_time.sql (3.73ms)
2026/10/04 09:27:42 OK   00026_sp05_source_binding_lock.sql (27.55ms)
2026/10/04 09:27:42 OK   00027_sp05_rca_and_poll.sql (11.67ms)
2026/10/04 09:27:42 OK   00028_sp05_operator_lock.sql (3.17ms)
2026/10/04 09:27:42 OK   00029_sp05_evidence_links.sql (18.89ms)
2026/10/04 09:27:42 OK   00030_sp05_recipe_fence.sql (8.83ms)
2026/10/04 09:27:42 OK   00031_sp05_rca_postcheck.sql (15.76ms)
2026/10/04 09:27:42 OK   00032_sp05_transport_audit.sql (4.11ms)
2026/10/04 09:27:42 OK   00033_sp05_poll_resolution_clock.sql (6.02ms)
2026/10/04 09:27:42 OK   00034_sp06_investigation_ledger.sql (54.7ms)
2026/10/04 09:27:42 goose: successfully migrated database to version: 34
2026/10/04 09:28:00 OK   00001_roles_and_schemas.sql (9.67ms)
2026/10/04 09:28:00 goose: successfully migrated database to version: 1
2026/10/04 09:28:00 OK   00002_platform_meta.sql (40ms)
2026/10/04 09:28:00 OK   00003_finding.sql (7.57ms)
2026/10/04 09:28:00 OK   00004_incident.sql (20.22ms)
2026/10/04 09:28:00 OK   00005_investigation.sql (50.5ms)
2026/10/04 09:28:00 OK   00006_action_command.sql (14.62ms)
2026/10/04 09:28:00 OK   00007_audit.sql (8.84ms)
2026/10/04 09:28:00 OK   00008_rls.sql (39.87ms)
2026/10/04 09:28:00 OK   00009_idempotency_ledger.sql (52.25ms)
2026/10/04 09:28:00 OK   00010_tenant_provisioning.sql (8.87ms)
2026/10/04 09:28:00 OK   00011_source_registration_history.sql (16.84ms)
2026/10/04 09:28:00 OK   00012_config_registry_lifecycle.sql (87.41ms)
2026/10/04 09:28:00 OK   00013_audit_signed_segments.sql (53.92ms)
2026/10/04 09:28:00 OK   00014_audit_segment_predecessors.sql (25.79ms)
2026/10/04 09:28:00 OK   00015_source_schema_scope.sql (3.34ms)
2026/10/04 09:28:00 OK   00016_cluster_registration_metadata.sql (5.24ms)
2026/10/04 09:28:00 OK   00017_source_data_scope.sql (30.75ms)
2026/10/04 09:28:00 OK   00018_sp04_resources_evidence.sql (44.13ms)
2026/10/04 09:28:00 OK   00019_sp04_archive_ciphertext_bytes.sql (3.79ms)
2026/10/04 09:28:00 OK   00020_sp04_request_ledger.sql (25.47ms)
2026/10/04 09:28:01 OK   00021_sp04_archive_protection.sql (13.47ms)
2026/10/04 09:28:01 OK   00022_sp04_legal_hold_dependencies.sql (11.41ms)
2026/10/04 09:28:01 OK   00023_sp04_archive_query_intent.sql (8.08ms)
2026/10/04 09:28:01 OK   00024_sp05_finding_incident.sql (60.14ms)
2026/10/04 09:28:01 OK   00025_sp05_incident_event_time.sql (4.17ms)
2026/10/04 09:28:01 OK   00026_sp05_source_binding_lock.sql (9.7ms)
2026/10/04 09:28:01 OK   00027_sp05_rca_and_poll.sql (34.82ms)
2026/10/04 09:28:01 OK   00028_sp05_operator_lock.sql (16.41ms)
2026/10/04 09:28:01 OK   00029_sp05_evidence_links.sql (28.2ms)
2026/10/04 09:28:01 OK   00030_sp05_recipe_fence.sql (3.7ms)
2026/10/04 09:28:01 OK   00031_sp05_rca_postcheck.sql (4.75ms)
2026/10/04 09:28:01 OK   00032_sp05_transport_audit.sql (18.2ms)
2026/10/04 09:28:01 OK   00033_sp05_poll_resolution_clock.sql (17.69ms)
2026/10/04 09:28:01 OK   00034_sp06_investigation_ledger.sql (49.78ms)
2026/10/04 09:28:01 goose: successfully migrated database to version: 34
{"time":"2026-10-04T09:28:01.413187+08:00","level":"INFO","msg":"http request complete","request_id":"01a10486-6e7c-7509-bc8b-e4323b97da2e","trace_id":"4bf92f3577b34da6a3ce929d0e0e4736","span_id":"a97a1917def2d0e1","method":"GET","status_code":200,"duration_ms":8}
{"time":"2026-10-04T09:28:01.418883+08:00","level":"INFO","msg":"http request complete","request_id":"01a10486-6e85-7839-a3da-bfaa10c394c0","trace_id":"4bf92f3577b34da6a3ce929d0e0e4736","span_id":"83cc942ffa467349","method":"GET","status_code":200,"duration_ms":5}
{"time":"2026-10-04T09:28:01.424037+08:00","level":"INFO","msg":"http request complete","request_id":"01a10486-6e8b-72b3-b8e4-31e05acf55de","trace_id":"4bf92f3577b34da6a3ce929d0e0e4736","span_id":"0c58576c71de35fd","method":"GET","status_code":200,"duration_ms":4}
{"time":"2026-10-04T09:28:01.437027+08:00","level":"INFO","msg":"http request complete","request_id":"01a10486-6e90-7651-bf77-c17b771910f1","trace_id":"4bf92f3577b34da6a3ce929d0e0e4736","span_id":"f125d53dc4bbf281","method":"GET","status_code":200,"duration_ms":12}
{"time":"2026-10-04T09:28:01.448264+08:00","level":"INFO","msg":"http request complete","request_id":"01a10486-6e9d-7576-906c-e5f2bfb5db87","trace_id":"4bf92f3577b34da6a3ce929d0e0e4736","span_id":"cb317621cdad931e","method":"GET","status_code":200,"duration_ms":10}
{"time":"2026-10-04T09:28:01.452062+08:00","level":"INFO","msg":"http request complete","request_id":"01a10486-6ea8-77b0-902d-87311abfe141","trace_id":"4bf92f3577b34da6a3ce929d0e0e4736","span_id":"841ab27905cd7bac","method":"GET","status_code":200,"duration_ms":3}
{"time":"2026-10-04T09:28:01.467988+08:00","level":"INFO","msg":"http request complete","request_id":"01a10486-6eac-7465-83af-d617f1414bcd","trace_id":"d6c57fb21c476da8faff6122fa64b98c","span_id":"4d3e2b7c10c4b9da","method":"POST","status_code":201,"duration_ms":15}
{"time":"2026-10-04T09:28:01.484243+08:00","level":"INFO","msg":"http request complete","request_id":"01a10486-6ebc-7518-a52a-04ce51897b25","trace_id":"98919ca373c98d13ff1405320c60d708","span_id":"89be3f9fb37abff5","method":"POST","status_code":201,"duration_ms":15}
{"time":"2026-10-04T09:28:01.485295+08:00","level":"WARN","msg":"trace export failed","signal":"traces"}
{"time":"2026-10-04T09:28:01.488084+08:00","level":"INFO","msg":"http request complete","request_id":"01a10486-6ecd-76ce-99c9-e7e38652327c","trace_id":"d0a64094cdf482079a80b75e5ca87daa","span_id":"3d9f19a464d2c796","method":"GET","status_code":200,"duration_ms":2}
2026/10/04 09:28:01 OK   00001_roles_and_schemas.sql (26.86ms)
2026/10/04 09:28:01 goose: successfully migrated database to version: 1
2026/10/04 09:28:01 OK   00002_platform_meta.sql (53.1ms)
2026/10/04 09:28:01 OK   00003_finding.sql (41.66ms)
2026/10/04 09:28:01 OK   00004_incident.sql (6.07ms)
2026/10/04 09:28:01 OK   00005_investigation.sql (11.33ms)
2026/10/04 09:28:01 OK   00006_action_command.sql (18.95ms)
2026/10/04 09:28:01 OK   00007_audit.sql (16.74ms)
2026/10/04 09:28:02 OK   00008_rls.sql (34.43ms)
2026/10/04 09:28:02 OK   00009_idempotency_ledger.sql (65.25ms)
2026/10/04 09:28:02 OK   00010_tenant_provisioning.sql (33.23ms)
2026/10/04 09:28:02 OK   00011_source_registration_history.sql (25.58ms)
2026/10/04 09:28:02 OK   00012_config_registry_lifecycle.sql (37.96ms)
2026/10/04 09:28:02 OK   00013_audit_signed_segments.sql (50.32ms)
2026/10/04 09:28:02 OK   00014_audit_segment_predecessors.sql (10.72ms)
2026/10/04 09:28:02 OK   00015_source_schema_scope.sql (10.69ms)
2026/10/04 09:28:02 OK   00016_cluster_registration_metadata.sql (25.33ms)
2026/10/04 09:28:02 OK   00017_source_data_scope.sql (5.85ms)
2026/10/04 09:28:02 OK   00018_sp04_resources_evidence.sql (47.7ms)
2026/10/04 09:28:02 OK   00019_sp04_archive_ciphertext_bytes.sql (6.1ms)
2026/10/04 09:28:02 OK   00020_sp04_request_ledger.sql (8.1ms)
2026/10/04 09:28:02 OK   00021_sp04_archive_protection.sql (17.16ms)
2026/10/04 09:28:02 OK   00022_sp04_legal_hold_dependencies.sql (17.56ms)
2026/10/04 09:28:02 OK   00023_sp04_archive_query_intent.sql (11.12ms)
2026/10/04 09:28:02 OK   00024_sp05_finding_incident.sql (110.97ms)
2026/10/04 09:28:02 OK   00025_sp05_incident_event_time.sql (13.22ms)
2026/10/04 09:28:02 OK   00026_sp05_source_binding_lock.sql (8.69ms)
2026/10/04 09:28:02 OK   00027_sp05_rca_and_poll.sql (20.86ms)
2026/10/04 09:28:02 OK   00028_sp05_operator_lock.sql (10.85ms)
2026/10/04 09:28:02 OK   00029_sp05_evidence_links.sql (15.67ms)
2026/10/04 09:28:02 OK   00030_sp05_recipe_fence.sql (5.05ms)
2026/10/04 09:28:02 OK   00031_sp05_rca_postcheck.sql (3.33ms)
2026/10/04 09:28:02 OK   00032_sp05_transport_audit.sql (2.92ms)
2026/10/04 09:28:02 OK   00033_sp05_poll_resolution_clock.sql (5.01ms)
2026/10/04 09:28:02 OK   00034_sp06_investigation_ledger.sql (72.58ms)
2026/10/04 09:28:02 goose: successfully migrated database to version: 34
2026/10/04 09:28:02 OK   00035_review_failure.sql (6.52ms)
2026/10/04 09:28:02 goose: successfully migrated database to version: 35
2026/10/04 09:28:03 OK   00001_roles_and_schemas.sql (19.94ms)
2026/10/04 09:28:03 goose: successfully migrated database to version: 1
2026/10/04 09:28:03 OK   00002_platform_meta.sql (81.94ms)
2026/10/04 09:28:03 OK   00003_finding.sql (46.44ms)
2026/10/04 09:28:03 OK   00004_incident.sql (35.23ms)
2026/10/04 09:28:03 OK   00005_investigation.sql (12.52ms)
2026/10/04 09:28:03 OK   00006_action_command.sql (33.22ms)
2026/10/04 09:28:03 OK   00007_audit.sql (20.94ms)
2026/10/04 09:28:03 OK   00008_rls.sql (20.61ms)
2026/10/04 09:28:03 OK   00009_idempotency_ledger.sql (19.38ms)
2026/10/04 09:28:03 OK   00010_tenant_provisioning.sql (11.63ms)
2026/10/04 09:28:03 OK   00011_source_registration_history.sql (6.63ms)
2026/10/04 09:28:03 OK   00012_config_registry_lifecycle.sql (15.55ms)
2026/10/04 09:28:03 OK   00013_audit_signed_segments.sql (52.66ms)
2026/10/04 09:28:03 OK   00014_audit_segment_predecessors.sql (22.13ms)
2026/10/04 09:28:03 OK   00015_source_schema_scope.sql (8.66ms)
2026/10/04 09:28:03 OK   00016_cluster_registration_metadata.sql (5.65ms)
2026/10/04 09:28:03 OK   00017_source_data_scope.sql (6.19ms)
2026/10/04 09:28:03 OK   00018_sp04_resources_evidence.sql (42.02ms)
2026/10/04 09:28:03 OK   00019_sp04_archive_ciphertext_bytes.sql (11.48ms)
2026/10/04 09:28:03 OK   00020_sp04_request_ledger.sql (33.24ms)
2026/10/04 09:28:03 OK   00021_sp04_archive_protection.sql (3.15ms)
2026/10/04 09:28:03 OK   00022_sp04_legal_hold_dependencies.sql (2.57ms)
2026/10/04 09:28:03 OK   00023_sp04_archive_query_intent.sql (2.99ms)
2026/10/04 09:28:03 OK   00024_sp05_finding_incident.sql (80.67ms)
2026/10/04 09:28:03 OK   00025_sp05_incident_event_time.sql (4.3ms)
2026/10/04 09:28:03 OK   00026_sp05_source_binding_lock.sql (8.68ms)
2026/10/04 09:28:03 OK   00027_sp05_rca_and_poll.sql (30.79ms)
2026/10/04 09:28:03 OK   00028_sp05_operator_lock.sql (8.34ms)
2026/10/04 09:28:03 OK   00029_sp05_evidence_links.sql (20.62ms)
2026/10/04 09:28:03 OK   00030_sp05_recipe_fence.sql (8.68ms)
2026/10/04 09:28:03 OK   00031_sp05_rca_postcheck.sql (7.87ms)
2026/10/04 09:28:03 OK   00032_sp05_transport_audit.sql (4.46ms)
2026/10/04 09:28:03 OK   00033_sp05_poll_resolution_clock.sql (6.77ms)
2026/10/04 09:28:03 OK   00034_sp06_investigation_ledger.sql (52.43ms)
2026/10/04 09:28:03 goose: successfully migrated database to version: 34
2026/10/04 09:28:04 OK   00001_roles_and_schemas.sql (25.12ms)
2026/10/04 09:28:04 goose: successfully migrated database to version: 1
2026/10/04 09:28:04 OK   00002_platform_meta.sql (37.37ms)
2026/10/04 09:28:04 OK   00003_finding.sql (19.29ms)
2026/10/04 09:28:04 OK   00004_incident.sql (9.25ms)
2026/10/04 09:28:04 OK   00005_investigation.sql (6.22ms)
2026/10/04 09:28:04 OK   00006_action_command.sql (10.15ms)
2026/10/04 09:28:04 OK   00007_audit.sql (29.17ms)
2026/10/04 09:28:04 OK   00008_rls.sql (12.48ms)
2026/10/04 09:28:04 OK   00009_idempotency_ledger.sql (27.12ms)
2026/10/04 09:28:04 OK   00010_tenant_provisioning.sql (15.89ms)
2026/10/04 09:28:04 OK   00011_source_registration_history.sql (9.87ms)
2026/10/04 09:28:04 OK   00012_config_registry_lifecycle.sql (16.09ms)
2026/10/04 09:28:04 OK   00013_audit_signed_segments.sql (25.76ms)
2026/10/04 09:28:04 OK   00014_audit_segment_predecessors.sql (14.18ms)
2026/10/04 09:28:04 OK   00015_source_schema_scope.sql (6.85ms)
2026/10/04 09:28:04 OK   00016_cluster_registration_metadata.sql (3.55ms)
2026/10/04 09:28:04 OK   00017_source_data_scope.sql (2.75ms)
2026/10/04 09:28:04 OK   00018_sp04_resources_evidence.sql (9.97ms)
2026/10/04 09:28:04 OK   00019_sp04_archive_ciphertext_bytes.sql (7.34ms)
2026/10/04 09:28:04 OK   00020_sp04_request_ledger.sql (8.84ms)
2026/10/04 09:28:04 OK   00021_sp04_archive_protection.sql (7.7ms)
2026/10/04 09:28:04 OK   00022_sp04_legal_hold_dependencies.sql (10.49ms)
2026/10/04 09:28:04 OK   00023_sp04_archive_query_intent.sql (6.95ms)
2026/10/04 09:28:04 OK   00024_sp05_finding_incident.sql (33.54ms)
2026/10/04 09:28:04 OK   00025_sp05_incident_event_time.sql (4.93ms)
2026/10/04 09:28:04 OK   00026_sp05_source_binding_lock.sql (5.7ms)
2026/10/04 09:28:04 OK   00027_sp05_rca_and_poll.sql (24.81ms)
2026/10/04 09:28:04 OK   00028_sp05_operator_lock.sql (3.61ms)
2026/10/04 09:28:04 OK   00029_sp05_evidence_links.sql (3.79ms)
2026/10/04 09:28:04 OK   00030_sp05_recipe_fence.sql (1.94ms)
2026/10/04 09:28:04 OK   00031_sp05_rca_postcheck.sql (1.74ms)
2026/10/04 09:28:04 OK   00032_sp05_transport_audit.sql (1.92ms)
2026/10/04 09:28:04 OK   00033_sp05_poll_resolution_clock.sql (2.58ms)
2026/10/04 09:28:04 OK   00034_sp06_investigation_ledger.sql (34.54ms)
2026/10/04 09:28:04 goose: successfully migrated database to version: 34
2026/10/04 09:28:05 OK   00001_roles_and_schemas.sql (22.84ms)
2026/10/04 09:28:05 goose: successfully migrated database to version: 1
2026/10/04 09:28:05 OK   00002_platform_meta.sql (35.42ms)
2026/10/04 09:28:05 OK   00003_finding.sql (12.65ms)
2026/10/04 09:28:05 OK   00004_incident.sql (20ms)
2026/10/04 09:28:05 OK   00005_investigation.sql (18.65ms)
2026/10/04 09:28:05 OK   00006_action_command.sql (6.37ms)
2026/10/04 09:28:05 OK   00007_audit.sql (55.21ms)
2026/10/04 09:28:05 OK   00008_rls.sql (34.29ms)
2026/10/04 09:28:05 OK   00009_idempotency_ledger.sql (9.78ms)
2026/10/04 09:28:05 OK   00010_tenant_provisioning.sql (27.28ms)
2026/10/04 09:28:05 OK   00011_source_registration_history.sql (8.33ms)
2026/10/04 09:28:05 OK   00012_config_registry_lifecycle.sql (31.25ms)
2026/10/04 09:28:05 OK   00013_audit_signed_segments.sql (19.27ms)
2026/10/04 09:28:05 OK   00014_audit_segment_predecessors.sql (13.13ms)
2026/10/04 09:28:05 OK   00015_source_schema_scope.sql (14.38ms)
2026/10/04 09:28:05 OK   00016_cluster_registration_metadata.sql (13.48ms)
2026/10/04 09:28:05 OK   00017_source_data_scope.sql (9.86ms)
2026/10/04 09:28:05 OK   00018_sp04_resources_evidence.sql (19.67ms)
2026/10/04 09:28:05 OK   00019_sp04_archive_ciphertext_bytes.sql (3.41ms)
2026/10/04 09:28:05 OK   00020_sp04_request_ledger.sql (3.85ms)
2026/10/04 09:28:05 OK   00021_sp04_archive_protection.sql (2.46ms)
2026/10/04 09:28:05 OK   00022_sp04_legal_hold_dependencies.sql (2.38ms)
2026/10/04 09:28:05 OK   00023_sp04_archive_query_intent.sql (5.21ms)
2026/10/04 09:28:05 OK   00024_sp05_finding_incident.sql (27.56ms)
2026/10/04 09:28:05 OK   00025_sp05_incident_event_time.sql (12.33ms)
2026/10/04 09:28:05 OK   00026_sp05_source_binding_lock.sql (5.75ms)
2026/10/04 09:28:05 OK   00027_sp05_rca_and_poll.sql (11.7ms)
2026/10/04 09:28:05 OK   00028_sp05_operator_lock.sql (6.6ms)
2026/10/04 09:28:05 OK   00029_sp05_evidence_links.sql (23.09ms)
2026/10/04 09:28:05 OK   00030_sp05_recipe_fence.sql (4.01ms)
2026/10/04 09:28:05 OK   00031_sp05_rca_postcheck.sql (3.05ms)
2026/10/04 09:28:05 OK   00032_sp05_transport_audit.sql (6.62ms)
2026/10/04 09:28:05 OK   00033_sp05_poll_resolution_clock.sql (6.93ms)
2026/10/04 09:28:05 OK   00034_sp06_investigation_ledger.sql (35.72ms)
2026/10/04 09:28:05 goose: successfully migrated database to version: 34
2026/10/04 09:28:05 OK   00001_roles_and_schemas.sql (26.1ms)
2026/10/04 09:28:05 OK   00002_platform_meta.sql (49.6ms)
2026/10/04 09:28:05 OK   00003_finding.sql (30.41ms)
2026/10/04 09:28:05 OK   00004_incident.sql (14.73ms)
2026/10/04 09:28:05 OK   00005_investigation.sql (46.69ms)
2026/10/04 09:28:05 OK   00006_action_command.sql (8.21ms)
2026/10/04 09:28:06 OK   00007_audit.sql (31.74ms)
2026/10/04 09:28:06 OK   00008_rls.sql (17.78ms)
2026/10/04 09:28:06 OK   00009_idempotency_ledger.sql (19.98ms)
2026/10/04 09:28:06 OK   00010_tenant_provisioning.sql (12.14ms)
2026/10/04 09:28:06 OK   00011_source_registration_history.sql (39.62ms)
2026/10/04 09:28:06 OK   00012_config_registry_lifecycle.sql (11.22ms)
2026/10/04 09:28:06 OK   00013_audit_signed_segments.sql (31.12ms)
2026/10/04 09:28:06 OK   00014_audit_segment_predecessors.sql (13.52ms)
2026/10/04 09:28:06 OK   00015_source_schema_scope.sql (3.4ms)
2026/10/04 09:28:06 OK   00016_cluster_registration_metadata.sql (4.8ms)
2026/10/04 09:28:06 OK   00017_source_data_scope.sql (6.75ms)
2026/10/04 09:28:06 OK   00018_sp04_resources_evidence.sql (30.7ms)
2026/10/04 09:28:06 OK   00019_sp04_archive_ciphertext_bytes.sql (5.04ms)
2026/10/04 09:28:06 OK   00020_sp04_request_ledger.sql (18.91ms)
2026/10/04 09:28:06 OK   00021_sp04_archive_protection.sql (21.81ms)
2026/10/04 09:28:06 OK   00022_sp04_legal_hold_dependencies.sql (7.88ms)
2026/10/04 09:28:06 OK   00023_sp04_archive_query_intent.sql (8.02ms)
2026/10/04 09:28:06 OK   00024_sp05_finding_incident.sql (42.96ms)
2026/10/04 09:28:06 OK   00025_sp05_incident_event_time.sql (16.92ms)
2026/10/04 09:28:06 OK   00026_sp05_source_binding_lock.sql (9.6ms)
2026/10/04 09:28:06 OK   00027_sp05_rca_and_poll.sql (23.03ms)
2026/10/04 09:28:06 OK   00028_sp05_operator_lock.sql (8.59ms)
2026/10/04 09:28:06 OK   00029_sp05_evidence_links.sql (16.43ms)
2026/10/04 09:28:06 OK   00030_sp05_recipe_fence.sql (2.66ms)
2026/10/04 09:28:06 OK   00031_sp05_rca_postcheck.sql (2.36ms)
2026/10/04 09:28:06 OK   00032_sp05_transport_audit.sql (2.58ms)
2026/10/04 09:28:06 OK   00033_sp05_poll_resolution_clock.sql (2.7ms)
2026/10/04 09:28:06 OK   00034_sp06_investigation_ledger.sql (48.65ms)
2026/10/04 09:28:06 goose: successfully migrated database to version: 34
2026/10/04 09:28:06 OK   00001_roles_and_schemas.sql (10.46ms)
2026/10/04 09:28:06 goose: successfully migrated database to version: 1
2026/10/04 09:28:06 OK   00002_platform_meta.sql (36.53ms)
2026/10/04 09:28:06 OK   00003_finding.sql (13.09ms)
2026/10/04 09:28:06 OK   00004_incident.sql (15.46ms)
2026/10/04 09:28:06 OK   00005_investigation.sql (17.31ms)
2026/10/04 09:28:06 OK   00006_action_command.sql (4.92ms)
2026/10/04 09:28:06 OK   00007_audit.sql (7.78ms)
2026/10/04 09:28:06 OK   00008_rls.sql (14.45ms)
2026/10/04 09:28:06 OK   00009_idempotency_ledger.sql (19.1ms)
2026/10/04 09:28:06 OK   00010_tenant_provisioning.sql (7.94ms)
2026/10/04 09:28:06 OK   00011_source_registration_history.sql (8.41ms)
2026/10/04 09:28:06 OK   00012_config_registry_lifecycle.sql (34.17ms)
2026/10/04 09:28:06 OK   00013_audit_signed_segments.sql (37.55ms)
2026/10/04 09:28:06 OK   00014_audit_segment_predecessors.sql (22.3ms)
2026/10/04 09:28:06 OK   00015_source_schema_scope.sql (6.72ms)
2026/10/04 09:28:06 OK   00016_cluster_registration_metadata.sql (15.51ms)
2026/10/04 09:28:06 goose: successfully migrated database to version: 16
2026/10/04 09:28:07 OK   00017_source_data_scope.sql (8.17ms)
2026/10/04 09:28:07 OK   00018_sp04_resources_evidence.sql (50.89ms)
2026/10/04 09:28:07 OK   00019_sp04_archive_ciphertext_bytes.sql (26.79ms)
2026/10/04 09:28:07 OK   00020_sp04_request_ledger.sql (6.32ms)
2026/10/04 09:28:07 OK   00021_sp04_archive_protection.sql (3.68ms)
2026/10/04 09:28:07 OK   00022_sp04_legal_hold_dependencies.sql (2.47ms)
2026/10/04 09:28:07 OK   00023_sp04_archive_query_intent.sql (2.94ms)
2026/10/04 09:28:07 OK   00024_sp05_finding_incident.sql (16.14ms)
2026/10/04 09:28:07 OK   00025_sp05_incident_event_time.sql (8.85ms)
2026/10/04 09:28:07 OK   00026_sp05_source_binding_lock.sql (8.79ms)
2026/10/04 09:28:07 OK   00027_sp05_rca_and_poll.sql (17.48ms)
2026/10/04 09:28:07 OK   00028_sp05_operator_lock.sql (5.57ms)
2026/10/04 09:28:07 OK   00029_sp05_evidence_links.sql (22.61ms)
2026/10/04 09:28:07 OK   00030_sp05_recipe_fence.sql (7.31ms)
2026/10/04 09:28:07 OK   00031_sp05_rca_postcheck.sql (4.97ms)
2026/10/04 09:28:07 OK   00032_sp05_transport_audit.sql (5.24ms)
2026/10/04 09:28:07 OK   00033_sp05_poll_resolution_clock.sql (4.97ms)
2026/10/04 09:28:07 OK   00034_sp06_investigation_ledger.sql (35.61ms)
2026/10/04 09:28:07 goose: successfully migrated database to version: 34
2026/10/04 09:28:07 OK   00001_roles_and_schemas.sql (8.48ms)
2026/10/04 09:28:07 goose: successfully migrated database to version: 1
2026/10/04 09:28:07 OK   00002_platform_meta.sql (32.13ms)
2026/10/04 09:28:07 OK   00003_finding.sql (23.96ms)
2026/10/04 09:28:07 OK   00004_incident.sql (9.1ms)
2026/10/04 09:28:07 OK   00005_investigation.sql (12.47ms)
2026/10/04 09:28:07 OK   00006_action_command.sql (16.56ms)
2026/10/04 09:28:07 OK   00007_audit.sql (22.62ms)
2026/10/04 09:28:07 OK   00008_rls.sql (37.72ms)
2026/10/04 09:28:07 OK   00009_idempotency_ledger.sql (14.49ms)
2026/10/04 09:28:07 OK   00010_tenant_provisioning.sql (4.65ms)
2026/10/04 09:28:07 OK   00011_source_registration_history.sql (6.21ms)
2026/10/04 09:28:07 OK   00012_config_registry_lifecycle.sql (11.11ms)
2026/10/04 09:28:07 OK   00013_audit_signed_segments.sql (45.61ms)
2026/10/04 09:28:07 OK   00014_audit_segment_predecessors.sql (63.21ms)
2026/10/04 09:28:07 OK   00015_source_schema_scope.sql (3.94ms)
2026/10/04 09:28:07 OK   00016_cluster_registration_metadata.sql (3.87ms)
2026/10/04 09:28:07 OK   00017_source_data_scope.sql (3.3ms)
2026/10/04 09:28:07 OK   00018_sp04_resources_evidence.sql (31.94ms)
2026/10/04 09:28:07 OK   00019_sp04_archive_ciphertext_bytes.sql (13.01ms)
2026/10/04 09:28:07 OK   00020_sp04_request_ledger.sql (4.14ms)
2026/10/04 09:28:07 OK   00021_sp04_archive_protection.sql (2.88ms)
2026/10/04 09:28:07 OK   00022_sp04_legal_hold_dependencies.sql (2.77ms)
2026/10/04 09:28:08 OK   00023_sp04_archive_query_intent.sql (3.5ms)
2026/10/04 09:28:08 OK   00024_sp05_finding_incident.sql (68.04ms)
2026/10/04 09:28:08 OK   00025_sp05_incident_event_time.sql (4.96ms)
2026/10/04 09:28:08 OK   00026_sp05_source_binding_lock.sql (4.94ms)
2026/10/04 09:28:08 OK   00027_sp05_rca_and_poll.sql (33.75ms)
2026/10/04 09:28:08 OK   00028_sp05_operator_lock.sql (5.18ms)
2026/10/04 09:28:08 OK   00029_sp05_evidence_links.sql (27.01ms)
2026/10/04 09:28:08 OK   00030_sp05_recipe_fence.sql (10.6ms)
2026/10/04 09:28:08 OK   00031_sp05_rca_postcheck.sql (5.2ms)
2026/10/04 09:28:08 OK   00032_sp05_transport_audit.sql (4.95ms)
2026/10/04 09:28:08 OK   00033_sp05_poll_resolution_clock.sql (7.57ms)
2026/10/04 09:28:08 OK   00034_sp06_investigation_ledger.sql (43.22ms)
2026/10/04 09:28:08 goose: successfully migrated database to version: 34
2026/10/04 09:28:08 OK   00001_roles_and_schemas.sql (21.07ms)
2026/10/04 09:28:08 goose: successfully migrated database to version: 1
2026/10/04 09:28:08 OK   00002_platform_meta.sql (71.77ms)
2026/10/04 09:28:08 OK   00003_finding.sql (17.73ms)
2026/10/04 09:28:08 OK   00004_incident.sql (36.95ms)
2026/10/04 09:28:09 OK   00005_investigation.sql (47.1ms)
2026/10/04 09:28:09 OK   00006_action_command.sql (32.52ms)
2026/10/04 09:28:09 OK   00007_audit.sql (11.16ms)
2026/10/04 09:28:09 OK   00008_rls.sql (22.46ms)
2026/10/04 09:28:09 OK   00009_idempotency_ledger.sql (26.95ms)
2026/10/04 09:28:09 OK   00010_tenant_provisioning.sql (14.3ms)
2026/10/04 09:28:09 OK   00011_source_registration_history.sql (16.47ms)
2026/10/04 09:28:09 OK   00012_config_registry_lifecycle.sql (14.49ms)
2026/10/04 09:28:09 OK   00013_audit_signed_segments.sql (24.02ms)
2026/10/04 09:28:09 OK   00014_audit_segment_predecessors.sql (10.04ms)
2026/10/04 09:28:09 OK   00015_source_schema_scope.sql (5.96ms)
2026/10/04 09:28:09 OK   00016_cluster_registration_metadata.sql (15.47ms)
2026/10/04 09:28:09 OK   00017_source_data_scope.sql (7.93ms)
2026/10/04 09:28:09 OK   00018_sp04_resources_evidence.sql (35.65ms)
2026/10/04 09:28:09 OK   00019_sp04_archive_ciphertext_bytes.sql (11.56ms)
2026/10/04 09:28:09 OK   00020_sp04_request_ledger.sql (8.83ms)
2026/10/04 09:28:09 OK   00021_sp04_archive_protection.sql (4.3ms)
2026/10/04 09:28:09 OK   00022_sp04_legal_hold_dependencies.sql (5.11ms)
2026/10/04 09:28:09 OK   00023_sp04_archive_query_intent.sql (5.76ms)
2026/10/04 09:28:09 OK   00024_sp05_finding_incident.sql (37.88ms)
2026/10/04 09:28:09 OK   00025_sp05_incident_event_time.sql (10.56ms)
2026/10/04 09:28:09 OK   00026_sp05_source_binding_lock.sql (10.79ms)
2026/10/04 09:28:09 OK   00027_sp05_rca_and_poll.sql (49.98ms)
2026/10/04 09:28:09 OK   00028_sp05_operator_lock.sql (12.35ms)
2026/10/04 09:28:09 OK   00029_sp05_evidence_links.sql (14.96ms)
2026/10/04 09:28:09 OK   00030_sp05_recipe_fence.sql (23.4ms)
2026/10/04 09:28:09 OK   00031_sp05_rca_postcheck.sql (4.04ms)
2026/10/04 09:28:09 OK   00032_sp05_transport_audit.sql (3.38ms)
2026/10/04 09:28:09 OK   00033_sp05_poll_resolution_clock.sql (5.26ms)
2026/10/04 09:28:09 OK   00034_sp06_investigation_ledger.sql (35.8ms)
2026/10/04 09:28:09 goose: successfully migrated database to version: 34
2026/10/04 09:28:16 OK   00001_roles_and_schemas.sql (15.22ms)
2026/10/04 09:28:16 goose: successfully migrated database to version: 1
2026/10/04 09:28:16 OK   00002_platform_meta.sql (29.84ms)
2026/10/04 09:28:16 OK   00003_finding.sql (29.39ms)
2026/10/04 09:28:16 OK   00004_incident.sql (23.38ms)
2026/10/04 09:28:16 OK   00005_investigation.sql (12.7ms)
2026/10/04 09:28:16 OK   00006_action_command.sql (20.62ms)
2026/10/04 09:28:16 OK   00007_audit.sql (21.91ms)
2026/10/04 09:28:16 OK   00008_rls.sql (34.51ms)
2026/10/04 09:28:16 OK   00009_idempotency_ledger.sql (11.16ms)
2026/10/04 09:28:16 OK   00010_tenant_provisioning.sql (15.54ms)
2026/10/04 09:28:16 OK   00011_source_registration_history.sql (23.89ms)
2026/10/04 09:28:16 OK   00012_config_registry_lifecycle.sql (34.9ms)
2026/10/04 09:28:16 OK   00013_audit_signed_segments.sql (59.65ms)
2026/10/04 09:28:16 OK   00014_audit_segment_predecessors.sql (19.31ms)
2026/10/04 09:28:16 OK   00015_source_schema_scope.sql (7.61ms)
2026/10/04 09:28:16 OK   00016_cluster_registration_metadata.sql (12.99ms)
2026/10/04 09:28:16 OK   00017_source_data_scope.sql (7.84ms)
2026/10/04 09:28:16 OK   00018_sp04_resources_evidence.sql (36.06ms)
2026/10/04 09:28:16 OK   00019_sp04_archive_ciphertext_bytes.sql (6.71ms)
2026/10/04 09:28:16 OK   00020_sp04_request_ledger.sql (12.64ms)
2026/10/04 09:28:16 OK   00021_sp04_archive_protection.sql (7.44ms)
2026/10/04 09:28:16 OK   00022_sp04_legal_hold_dependencies.sql (3.08ms)
2026/10/04 09:28:16 OK   00023_sp04_archive_query_intent.sql (2.47ms)
2026/10/04 09:28:16 OK   00024_sp05_finding_incident.sql (44.2ms)
2026/10/04 09:28:16 OK   00025_sp05_incident_event_time.sql (5.49ms)
2026/10/04 09:28:16 OK   00026_sp05_source_binding_lock.sql (7.66ms)
2026/10/04 09:28:16 OK   00027_sp05_rca_and_poll.sql (15.19ms)
2026/10/04 09:28:16 OK   00028_sp05_operator_lock.sql (3.85ms)
2026/10/04 09:28:16 OK   00029_sp05_evidence_links.sql (12.34ms)
2026/10/04 09:28:16 OK   00030_sp05_recipe_fence.sql (5.98ms)
2026/10/04 09:28:16 OK   00031_sp05_rca_postcheck.sql (4.81ms)
2026/10/04 09:28:16 OK   00032_sp05_transport_audit.sql (8.15ms)
2026/10/04 09:28:16 OK   00033_sp05_poll_resolution_clock.sql (3.69ms)
2026/10/04 09:28:16 OK   00034_sp06_investigation_ledger.sql (24.6ms)
2026/10/04 09:28:16 goose: successfully migrated database to version: 34
2026/10/04 09:28:17 OK   00001_roles_and_schemas.sql (33.74ms)
2026/10/04 09:28:17 goose: successfully migrated database to version: 1
2026/10/04 09:28:17 OK   00002_platform_meta.sql (28.87ms)
2026/10/04 09:28:17 OK   00003_finding.sql (7.17ms)
2026/10/04 09:28:17 OK   00004_incident.sql (11.35ms)
2026/10/04 09:28:17 OK   00005_investigation.sql (19.27ms)
2026/10/04 09:28:17 OK   00006_action_command.sql (10.85ms)
2026/10/04 09:28:17 OK   00007_audit.sql (30.2ms)
2026/10/04 09:28:17 OK   00008_rls.sql (15.8ms)
2026/10/04 09:28:18 OK   00009_idempotency_ledger.sql (62.22ms)
2026/10/04 09:28:18 OK   00010_tenant_provisioning.sql (19.95ms)
2026/10/04 09:28:18 OK   00011_source_registration_history.sql (39.03ms)
2026/10/04 09:28:18 OK   00012_config_registry_lifecycle.sql (30.7ms)
2026/10/04 09:28:18 OK   00013_audit_signed_segments.sql (23.64ms)
2026/10/04 09:28:18 OK   00014_audit_segment_predecessors.sql (17.32ms)
2026/10/04 09:28:18 OK   00015_source_schema_scope.sql (4.74ms)
2026/10/04 09:28:18 OK   00016_cluster_registration_metadata.sql (4.32ms)
2026/10/04 09:28:18 OK   00017_source_data_scope.sql (5.12ms)
2026/10/04 09:28:18 OK   00018_sp04_resources_evidence.sql (16.13ms)
2026/10/04 09:28:18 OK   00019_sp04_archive_ciphertext_bytes.sql (7.82ms)
2026/10/04 09:28:18 OK   00020_sp04_request_ledger.sql (10.6ms)
2026/10/04 09:28:18 OK   00021_sp04_archive_protection.sql (8.06ms)
2026/10/04 09:28:18 OK   00022_sp04_legal_hold_dependencies.sql (3.22ms)
2026/10/04 09:28:18 OK   00023_sp04_archive_query_intent.sql (2.52ms)
2026/10/04 09:28:18 OK   00024_sp05_finding_incident.sql (38.08ms)
2026/10/04 09:28:18 OK   00025_sp05_incident_event_time.sql (3.99ms)
2026/10/04 09:28:18 OK   00026_sp05_source_binding_lock.sql (3.4ms)
2026/10/04 09:28:18 OK   00027_sp05_rca_and_poll.sql (11.81ms)
2026/10/04 09:28:18 OK   00028_sp05_operator_lock.sql (11.82ms)
2026/10/04 09:28:18 OK   00029_sp05_evidence_links.sql (14.16ms)
2026/10/04 09:28:18 OK   00030_sp05_recipe_fence.sql (3.87ms)
2026/10/04 09:28:18 OK   00031_sp05_rca_postcheck.sql (2.61ms)
2026/10/04 09:28:18 OK   00032_sp05_transport_audit.sql (6.74ms)
2026/10/04 09:28:18 OK   00033_sp05_poll_resolution_clock.sql (5.86ms)
2026/10/04 09:28:18 OK   00034_sp06_investigation_ledger.sql (27.87ms)
2026/10/04 09:28:18 goose: successfully migrated database to version: 34
2026/10/04 09:28:36 OK   00001_roles_and_schemas.sql (16.07ms)
2026/10/04 09:28:36 goose: successfully migrated database to version: 1
2026/10/04 09:28:36 OK   00002_platform_meta.sql (29.63ms)
2026/10/04 09:28:36 OK   00003_finding.sql (17.38ms)
2026/10/04 09:28:36 OK   00004_incident.sql (6.16ms)
2026/10/04 09:28:36 OK   00005_investigation.sql (13.84ms)
2026/10/04 09:28:36 OK   00006_action_command.sql (14.28ms)
2026/10/04 09:28:36 OK   00007_audit.sql (12.99ms)
2026/10/04 09:28:36 OK   00008_rls.sql (15.23ms)
2026/10/04 09:28:36 OK   00009_idempotency_ledger.sql (9.6ms)
2026/10/04 09:28:36 OK   00010_tenant_provisioning.sql (5.85ms)
2026/10/04 09:28:36 OK   00011_source_registration_history.sql (7.87ms)
2026/10/04 09:28:36 OK   00012_config_registry_lifecycle.sql (9.98ms)
2026/10/04 09:28:36 OK   00013_audit_signed_segments.sql (25.58ms)
2026/10/04 09:28:36 OK   00014_audit_segment_predecessors.sql (15.39ms)
2026/10/04 09:28:36 OK   00015_source_schema_scope.sql (4.17ms)
2026/10/04 09:28:36 OK   00016_cluster_registration_metadata.sql (3.91ms)
2026/10/04 09:28:36 OK   00017_source_data_scope.sql (3.52ms)
2026/10/04 09:28:36 OK   00018_sp04_resources_evidence.sql (28.98ms)
2026/10/04 09:28:36 OK   00019_sp04_archive_ciphertext_bytes.sql (5.52ms)
2026/10/04 09:28:36 OK   00020_sp04_request_ledger.sql (5.85ms)
2026/10/04 09:28:36 OK   00021_sp04_archive_protection.sql (3.37ms)
2026/10/04 09:28:36 OK   00022_sp04_legal_hold_dependencies.sql (4.05ms)
2026/10/04 09:28:36 OK   00023_sp04_archive_query_intent.sql (5.25ms)
2026/10/04 09:28:36 OK   00024_sp05_finding_incident.sql (29.75ms)
2026/10/04 09:28:36 OK   00025_sp05_incident_event_time.sql (4.1ms)
2026/10/04 09:28:36 OK   00026_sp05_source_binding_lock.sql (10.86ms)
2026/10/04 09:28:36 OK   00027_sp05_rca_and_poll.sql (18.97ms)
2026/10/04 09:28:36 OK   00028_sp05_operator_lock.sql (6.1ms)
2026/10/04 09:28:36 OK   00029_sp05_evidence_links.sql (5.55ms)
2026/10/04 09:28:36 OK   00030_sp05_recipe_fence.sql (2.46ms)
2026/10/04 09:28:36 OK   00031_sp05_rca_postcheck.sql (2.08ms)
2026/10/04 09:28:36 OK   00032_sp05_transport_audit.sql (2.34ms)
2026/10/04 09:28:36 OK   00033_sp05_poll_resolution_clock.sql (2.56ms)
2026/10/04 09:28:36 OK   00034_sp06_investigation_ledger.sql (19.52ms)
2026/10/04 09:28:36 goose: successfully migrated database to version: 34
2026/10/04 09:28:36 OK   00001_roles_and_schemas.sql (13.66ms)
2026/10/04 09:28:36 goose: successfully migrated database to version: 1
2026/10/04 09:28:36 OK   00002_platform_meta.sql (24.89ms)
2026/10/04 09:28:36 OK   00003_finding.sql (20.92ms)
2026/10/04 09:28:36 OK   00004_incident.sql (10.06ms)
2026/10/04 09:28:36 OK   00005_investigation.sql (5.25ms)
2026/10/04 09:28:36 OK   00006_action_command.sql (4.46ms)
2026/10/04 09:28:36 OK   00007_audit.sql (11.72ms)
2026/10/04 09:28:36 OK   00008_rls.sql (16.5ms)
2026/10/04 09:28:36 OK   00009_idempotency_ledger.sql (9.35ms)
2026/10/04 09:28:36 OK   00010_tenant_provisioning.sql (3.47ms)
2026/10/04 09:28:36 OK   00011_source_registration_history.sql (8.57ms)
2026/10/04 09:28:36 OK   00012_config_registry_lifecycle.sql (7.01ms)
2026/10/04 09:28:36 OK   00013_audit_signed_segments.sql (8.34ms)
2026/10/04 09:28:36 OK   00014_audit_segment_predecessors.sql (5.69ms)
2026/10/04 09:28:36 OK   00015_source_schema_scope.sql (5.06ms)
2026/10/04 09:28:36 OK   00016_cluster_registration_metadata.sql (6.75ms)
2026/10/04 09:28:36 OK   00017_source_data_scope.sql (6.65ms)
2026/10/04 09:28:36 OK   00018_sp04_resources_evidence.sql (14.78ms)
2026/10/04 09:28:36 OK   00019_sp04_archive_ciphertext_bytes.sql (4.25ms)
2026/10/04 09:28:36 OK   00020_sp04_request_ledger.sql (9.75ms)
2026/10/04 09:28:36 OK   00021_sp04_archive_protection.sql (4.75ms)
2026/10/04 09:28:37 OK   00022_sp04_legal_hold_dependencies.sql (4.11ms)
2026/10/04 09:28:37 OK   00023_sp04_archive_query_intent.sql (3.51ms)
2026/10/04 09:28:37 OK   00024_sp05_finding_incident.sql (29.86ms)
2026/10/04 09:28:37 OK   00025_sp05_incident_event_time.sql (2.61ms)
2026/10/04 09:28:37 OK   00026_sp05_source_binding_lock.sql (2.96ms)
2026/10/04 09:28:37 OK   00027_sp05_rca_and_poll.sql (6.31ms)
2026/10/04 09:28:37 OK   00028_sp05_operator_lock.sql (6.72ms)
2026/10/04 09:28:37 OK   00029_sp05_evidence_links.sql (10.92ms)
2026/10/04 09:28:37 OK   00030_sp05_recipe_fence.sql (11.36ms)
2026/10/04 09:28:37 OK   00031_sp05_rca_postcheck.sql (2.64ms)
2026/10/04 09:28:37 OK   00032_sp05_transport_audit.sql (3.69ms)
2026/10/04 09:28:37 OK   00033_sp05_poll_resolution_clock.sql (4.85ms)
2026/10/04 09:28:37 OK   00034_sp06_investigation_ledger.sql (30.94ms)
2026/10/04 09:28:37 goose: successfully migrated database to version: 34
2026/10/04 09:28:37 OK   00001_roles_and_schemas.sql (7.31ms)
2026/10/04 09:28:37 goose: successfully migrated database to version: 1
2026/10/04 09:28:37 OK   00002_platform_meta.sql (32.26ms)
2026/10/04 09:28:37 OK   00003_finding.sql (22.56ms)
2026/10/04 09:28:37 OK   00004_incident.sql (8.55ms)
2026/10/04 09:28:37 OK   00005_investigation.sql (6.13ms)
2026/10/04 09:28:37 OK   00006_action_command.sql (5.52ms)
2026/10/04 09:28:37 OK   00007_audit.sql (27.67ms)
2026/10/04 09:28:37 OK   00008_rls.sql (12.85ms)
2026/10/04 09:28:37 OK   00009_idempotency_ledger.sql (12.98ms)
2026/10/04 09:28:37 OK   00010_tenant_provisioning.sql (8.3ms)
2026/10/04 09:28:37 OK   00011_source_registration_history.sql (10.41ms)
2026/10/04 09:28:37 OK   00012_config_registry_lifecycle.sql (10.94ms)
2026/10/04 09:28:37 OK   00013_audit_signed_segments.sql (26.18ms)
2026/10/04 09:28:37 OK   00014_audit_segment_predecessors.sql (12.56ms)
2026/10/04 09:28:37 OK   00015_source_schema_scope.sql (3.04ms)
2026/10/04 09:28:37 OK   00016_cluster_registration_metadata.sql (3.89ms)
2026/10/04 09:28:37 OK   00017_source_data_scope.sql (4.24ms)
2026/10/04 09:28:37 OK   00018_sp04_resources_evidence.sql (12.92ms)
2026/10/04 09:28:37 OK   00019_sp04_archive_ciphertext_bytes.sql (6.58ms)
2026/10/04 09:28:37 OK   00020_sp04_request_ledger.sql (8.91ms)
2026/10/04 09:28:37 OK   00021_sp04_archive_protection.sql (10.49ms)
2026/10/04 09:28:37 OK   00022_sp04_legal_hold_dependencies.sql (2.9ms)
2026/10/04 09:28:37 OK   00023_sp04_archive_query_intent.sql (3.22ms)
2026/10/04 09:28:37 OK   00024_sp05_finding_incident.sql (33.14ms)
2026/10/04 09:28:37 OK   00025_sp05_incident_event_time.sql (2.4ms)
2026/10/04 09:28:37 OK   00026_sp05_source_binding_lock.sql (2.76ms)
2026/10/04 09:28:37 OK   00027_sp05_rca_and_poll.sql (6.07ms)
2026/10/04 09:28:37 OK   00028_sp05_operator_lock.sql (2.56ms)
2026/10/04 09:28:37 OK   00029_sp05_evidence_links.sql (3.96ms)
2026/10/04 09:28:37 OK   00030_sp05_recipe_fence.sql (2.27ms)
2026/10/04 09:28:37 OK   00031_sp05_rca_postcheck.sql (1.91ms)
2026/10/04 09:28:37 OK   00032_sp05_transport_audit.sql (2.07ms)
2026/10/04 09:28:37 OK   00033_sp05_poll_resolution_clock.sql (2.42ms)
2026/10/04 09:28:38 OK   00034_sp06_investigation_ledger.sql (22.9ms)
2026/10/04 09:28:38 goose: successfully migrated database to version: 34
2026/10/04 09:28:38 OK   00001_roles_and_schemas.sql (13.17ms)
2026/10/04 09:28:38 goose: successfully migrated database to version: 1
2026/10/04 09:28:38 OK   00002_platform_meta.sql (33.13ms)
2026/10/04 09:28:38 OK   00003_finding.sql (23.71ms)
2026/10/04 09:28:38 OK   00004_incident.sql (11.63ms)
2026/10/04 09:28:38 OK   00005_investigation.sql (12.66ms)
2026/10/04 09:28:38 OK   00006_action_command.sql (14.84ms)
2026/10/04 09:28:38 OK   00007_audit.sql (11.68ms)
2026/10/04 09:28:38 OK   00008_rls.sql (28.28ms)
2026/10/04 09:28:38 OK   00009_idempotency_ledger.sql (6.91ms)
2026/10/04 09:28:38 OK   00010_tenant_provisioning.sql (5.63ms)
2026/10/04 09:28:38 OK   00011_source_registration_history.sql (6.59ms)
2026/10/04 09:28:38 OK   00012_config_registry_lifecycle.sql (21.48ms)
2026/10/04 09:28:38 OK   00013_audit_signed_segments.sql (17.05ms)
2026/10/04 09:28:38 OK   00014_audit_segment_predecessors.sql (21.7ms)
2026/10/04 09:28:38 OK   00015_source_schema_scope.sql (6.24ms)
2026/10/04 09:28:38 OK   00016_cluster_registration_metadata.sql (3.63ms)
2026/10/04 09:28:38 OK   00017_source_data_scope.sql (5.14ms)
2026/10/04 09:28:38 OK   00018_sp04_resources_evidence.sql (38.15ms)
2026/10/04 09:28:38 OK   00019_sp04_archive_ciphertext_bytes.sql (9.88ms)
2026/10/04 09:28:38 OK   00020_sp04_request_ledger.sql (17.44ms)
2026/10/04 09:28:38 OK   00021_sp04_archive_protection.sql (3.14ms)
2026/10/04 09:28:38 OK   00022_sp04_legal_hold_dependencies.sql (2.49ms)
2026/10/04 09:28:38 OK   00023_sp04_archive_query_intent.sql (2.64ms)
2026/10/04 09:28:38 OK   00024_sp05_finding_incident.sql (32.09ms)
2026/10/04 09:28:38 OK   00025_sp05_incident_event_time.sql (6.6ms)
2026/10/04 09:28:38 OK   00026_sp05_source_binding_lock.sql (10.02ms)
2026/10/04 09:28:38 OK   00027_sp05_rca_and_poll.sql (18.66ms)
2026/10/04 09:28:38 OK   00028_sp05_operator_lock.sql (3.19ms)
2026/10/04 09:28:38 OK   00029_sp05_evidence_links.sql (7.88ms)
2026/10/04 09:28:38 OK   00030_sp05_recipe_fence.sql (13.55ms)
2026/10/04 09:28:38 OK   00031_sp05_rca_postcheck.sql (7.09ms)
2026/10/04 09:28:38 OK   00032_sp05_transport_audit.sql (5.88ms)
2026/10/04 09:28:38 OK   00033_sp05_poll_resolution_clock.sql (2.92ms)
2026/10/04 09:28:38 OK   00034_sp06_investigation_ledger.sql (55.33ms)
2026/10/04 09:28:38 goose: successfully migrated database to version: 34
2026/10/04 09:28:44 OK   00001_roles_and_schemas.sql (53.94ms)
2026/10/04 09:28:44 goose: successfully migrated database to version: 1
2026/10/04 09:28:44 OK   00002_platform_meta.sql (80.18ms)
2026/10/04 09:28:44 OK   00003_finding.sql (30.77ms)
2026/10/04 09:28:44 OK   00004_incident.sql (9.08ms)
2026/10/04 09:28:44 OK   00005_investigation.sql (7.9ms)
2026/10/04 09:28:44 OK   00006_action_command.sql (11.62ms)
2026/10/04 09:28:44 OK   00007_audit.sql (24.05ms)
2026/10/04 09:28:44 OK   00008_rls.sql (25.11ms)
2026/10/04 09:28:44 OK   00009_idempotency_ledger.sql (16.07ms)
2026/10/04 09:28:44 OK   00010_tenant_provisioning.sql (9.75ms)
2026/10/04 09:28:44 OK   00011_source_registration_history.sql (23.84ms)
2026/10/04 09:28:44 OK   00012_config_registry_lifecycle.sql (11.12ms)
2026/10/04 09:28:44 OK   00013_audit_signed_segments.sql (42.01ms)
2026/10/04 09:28:44 OK   00014_audit_segment_predecessors.sql (43.3ms)
2026/10/04 09:28:44 OK   00015_source_schema_scope.sql (4.11ms)
2026/10/04 09:28:45 OK   00016_cluster_registration_metadata.sql (40.22ms)
2026/10/04 09:28:45 OK   00017_source_data_scope.sql (3.68ms)
2026/10/04 09:28:45 OK   00018_sp04_resources_evidence.sql (11.35ms)
2026/10/04 09:28:45 OK   00019_sp04_archive_ciphertext_bytes.sql (12.81ms)
2026/10/04 09:28:45 OK   00020_sp04_request_ledger.sql (10.8ms)
2026/10/04 09:28:45 OK   00021_sp04_archive_protection.sql (8.9ms)
2026/10/04 09:28:45 OK   00022_sp04_legal_hold_dependencies.sql (5.22ms)
2026/10/04 09:28:45 OK   00023_sp04_archive_query_intent.sql (7.26ms)
2026/10/04 09:28:45 OK   00024_sp05_finding_incident.sql (32.67ms)
2026/10/04 09:28:45 OK   00025_sp05_incident_event_time.sql (4.62ms)
2026/10/04 09:28:45 OK   00026_sp05_source_binding_lock.sql (7.12ms)
2026/10/04 09:28:45 OK   00027_sp05_rca_and_poll.sql (23.82ms)
2026/10/04 09:28:45 OK   00028_sp05_operator_lock.sql (3.37ms)
2026/10/04 09:28:45 OK   00029_sp05_evidence_links.sql (7.6ms)
2026/10/04 09:28:45 OK   00030_sp05_recipe_fence.sql (4.69ms)
2026/10/04 09:28:45 OK   00031_sp05_rca_postcheck.sql (17.37ms)
2026/10/04 09:28:45 OK   00032_sp05_transport_audit.sql (5.35ms)
2026/10/04 09:28:45 OK   00033_sp05_poll_resolution_clock.sql (2.93ms)
2026/10/04 09:28:45 OK   00034_sp06_investigation_ledger.sql (14.27ms)
2026/10/04 09:28:45 goose: successfully migrated database to version: 34
2026/10/04 09:28:55 OK   00001_roles_and_schemas.sql (18.99ms)
2026/10/04 09:28:55 goose: successfully migrated database to version: 1
2026/10/04 09:28:55 OK   00002_platform_meta.sql (48.44ms)
2026/10/04 09:28:55 OK   00003_finding.sql (33.9ms)
2026/10/04 09:28:55 OK   00004_incident.sql (10.46ms)
2026/10/04 09:28:55 OK   00005_investigation.sql (10.14ms)
2026/10/04 09:28:55 OK   00006_action_command.sql (13.2ms)
2026/10/04 09:28:55 OK   00007_audit.sql (13.08ms)
2026/10/04 09:28:55 OK   00008_rls.sql (11.22ms)
2026/10/04 09:28:55 OK   00009_idempotency_ledger.sql (122.83ms)
2026/10/04 09:28:55 OK   00010_tenant_provisioning.sql (102.85ms)
2026/10/04 09:28:55 OK   00011_source_registration_history.sql (11.77ms)
2026/10/04 09:28:55 OK   00012_config_registry_lifecycle.sql (78.2ms)
2026/10/04 09:28:55 OK   00013_audit_signed_segments.sql (25.02ms)
2026/10/04 09:28:55 OK   00014_audit_segment_predecessors.sql (86.04ms)
2026/10/04 09:28:56 OK   00015_source_schema_scope.sql (21.03ms)
2026/10/04 09:28:56 OK   00016_cluster_registration_metadata.sql (28.42ms)
2026/10/04 09:28:56 OK   00017_source_data_scope.sql (7.24ms)
2026/10/04 09:28:56 OK   00018_sp04_resources_evidence.sql (56.51ms)
2026/10/04 09:28:56 OK   00019_sp04_archive_ciphertext_bytes.sql (38.1ms)
2026/10/04 09:28:56 OK   00020_sp04_request_ledger.sql (12.61ms)
2026/10/04 09:28:56 OK   00021_sp04_archive_protection.sql (6.46ms)
2026/10/04 09:28:56 OK   00022_sp04_legal_hold_dependencies.sql (68.43ms)
2026/10/04 09:28:56 OK   00023_sp04_archive_query_intent.sql (45.99ms)
2026/10/04 09:28:56 OK   00024_sp05_finding_incident.sql (27.27ms)
2026/10/04 09:28:56 OK   00025_sp05_incident_event_time.sql (47.99ms)
2026/10/04 09:28:56 OK   00026_sp05_source_binding_lock.sql (24.28ms)
2026/10/04 09:28:56 OK   00027_sp05_rca_and_poll.sql (25.28ms)
2026/10/04 09:28:56 OK   00028_sp05_operator_lock.sql (6.78ms)
2026/10/04 09:28:56 OK   00029_sp05_evidence_links.sql (10.68ms)
2026/10/04 09:28:56 OK   00030_sp05_recipe_fence.sql (47.93ms)
2026/10/04 09:28:56 OK   00031_sp05_rca_postcheck.sql (11.29ms)
2026/10/04 09:28:56 OK   00032_sp05_transport_audit.sql (4.89ms)
2026/10/04 09:28:56 OK   00033_sp05_poll_resolution_clock.sql (4.38ms)
2026/10/04 09:28:56 OK   00034_sp06_investigation_ledger.sql (30.1ms)
2026/10/04 09:28:56 goose: successfully migrated database to version: 34
2026/10/04 09:29:03 OK   00001_roles_and_schemas.sql (22.15ms)
2026/10/04 09:29:03 goose: successfully migrated database to version: 1
2026/10/04 09:29:03 OK   00002_platform_meta.sql (41.16ms)
2026/10/04 09:29:04 OK   00003_finding.sql (12.37ms)
2026/10/04 09:29:04 OK   00004_incident.sql (8.29ms)
2026/10/04 09:29:04 OK   00005_investigation.sql (26.4ms)
2026/10/04 09:29:04 OK   00006_action_command.sql (23.33ms)
2026/10/04 09:29:04 OK   00007_audit.sql (34.29ms)
2026/10/04 09:29:04 OK   00008_rls.sql (8.2ms)
2026/10/04 09:29:04 OK   00009_idempotency_ledger.sql (10.67ms)
2026/10/04 09:29:04 OK   00010_tenant_provisioning.sql (23.61ms)
2026/10/04 09:29:04 OK   00011_source_registration_history.sql (6.4ms)
2026/10/04 09:29:04 OK   00012_config_registry_lifecycle.sql (37.13ms)
2026/10/04 09:29:04 OK   00013_audit_signed_segments.sql (41.55ms)
2026/10/04 09:29:04 OK   00014_audit_segment_predecessors.sql (31.26ms)
2026/10/04 09:29:04 OK   00015_source_schema_scope.sql (5.09ms)
2026/10/04 09:29:04 OK   00016_cluster_registration_metadata.sql (8.17ms)
2026/10/04 09:29:04 OK   00017_source_data_scope.sql (30.52ms)
2026/10/04 09:29:04 OK   00018_sp04_resources_evidence.sql (39.75ms)
2026/10/04 09:29:04 OK   00019_sp04_archive_ciphertext_bytes.sql (3.2ms)
2026/10/04 09:29:04 OK   00020_sp04_request_ledger.sql (33.33ms)
2026/10/04 09:29:04 OK   00021_sp04_archive_protection.sql (3.73ms)
2026/10/04 09:29:04 OK   00022_sp04_legal_hold_dependencies.sql (12.45ms)
2026/10/04 09:29:04 OK   00023_sp04_archive_query_intent.sql (7.21ms)
2026/10/04 09:29:04 OK   00024_sp05_finding_incident.sql (22.41ms)
2026/10/04 09:29:04 OK   00025_sp05_incident_event_time.sql (2.61ms)
2026/10/04 09:29:04 OK   00026_sp05_source_binding_lock.sql (5.11ms)
2026/10/04 09:29:04 OK   00027_sp05_rca_and_poll.sql (29.51ms)
2026/10/04 09:29:04 OK   00028_sp05_operator_lock.sql (3.52ms)
2026/10/04 09:29:04 OK   00029_sp05_evidence_links.sql (32.46ms)
2026/10/04 09:29:04 OK   00030_sp05_recipe_fence.sql (3.25ms)
2026/10/04 09:29:04 OK   00031_sp05_rca_postcheck.sql (5.17ms)
2026/10/04 09:29:04 OK   00032_sp05_transport_audit.sql (6.03ms)
2026/10/04 09:29:04 OK   00033_sp05_poll_resolution_clock.sql (10.47ms)
2026/10/04 09:29:04 OK   00034_sp06_investigation_ledger.sql (51.39ms)
2026/10/04 09:29:04 goose: successfully migrated database to version: 34
2026/10/04 09:29:14 OK   00001_roles_and_schemas.sql (44.48ms)
2026/10/04 09:29:14 goose: successfully migrated database to version: 1
2026/10/04 09:29:14 OK   00002_platform_meta.sql (51.79ms)
2026/10/04 09:29:14 OK   00003_finding.sql (8.45ms)
2026/10/04 09:29:14 OK   00004_incident.sql (45.05ms)
2026/10/04 09:29:14 OK   00005_investigation.sql (14.45ms)
2026/10/04 09:29:14 OK   00006_action_command.sql (28.98ms)
2026/10/04 09:29:15 OK   00007_audit.sql (52.87ms)
2026/10/04 09:29:15 OK   00008_rls.sql (9.39ms)
2026/10/04 09:29:15 OK   00009_idempotency_ledger.sql (10.45ms)
2026/10/04 09:29:15 OK   00010_tenant_provisioning.sql (8.6ms)
2026/10/04 09:29:15 OK   00011_source_registration_history.sql (19.74ms)
2026/10/04 09:29:15 OK   00012_config_registry_lifecycle.sql (13.01ms)
2026/10/04 09:29:15 OK   00013_audit_signed_segments.sql (13.59ms)
2026/10/04 09:29:15 OK   00014_audit_segment_predecessors.sql (19.86ms)
2026/10/04 09:29:15 OK   00015_source_schema_scope.sql (7.57ms)
2026/10/04 09:29:15 OK   00016_cluster_registration_metadata.sql (4.67ms)
2026/10/04 09:29:15 OK   00017_source_data_scope.sql (3.15ms)
2026/10/04 09:29:15 OK   00018_sp04_resources_evidence.sql (37.49ms)
2026/10/04 09:29:15 OK   00019_sp04_archive_ciphertext_bytes.sql (50.53ms)
2026/10/04 09:29:15 OK   00020_sp04_request_ledger.sql (6.97ms)
2026/10/04 09:29:15 OK   00021_sp04_archive_protection.sql (17.55ms)
2026/10/04 09:29:15 OK   00022_sp04_legal_hold_dependencies.sql (9.73ms)
2026/10/04 09:29:15 OK   00023_sp04_archive_query_intent.sql (4.16ms)
2026/10/04 09:29:15 OK   00024_sp05_finding_incident.sql (37.56ms)
2026/10/04 09:29:15 OK   00025_sp05_incident_event_time.sql (8.7ms)
2026/10/04 09:29:15 OK   00026_sp05_source_binding_lock.sql (10.35ms)
2026/10/04 09:29:15 OK   00027_sp05_rca_and_poll.sql (10.69ms)
2026/10/04 09:29:15 OK   00028_sp05_operator_lock.sql (2.84ms)
2026/10/04 09:29:15 OK   00029_sp05_evidence_links.sql (5.36ms)
2026/10/04 09:29:15 OK   00030_sp05_recipe_fence.sql (4.43ms)
2026/10/04 09:29:15 OK   00031_sp05_rca_postcheck.sql (32.41ms)
2026/10/04 09:29:15 OK   00032_sp05_transport_audit.sql (4.47ms)
2026/10/04 09:29:15 OK   00033_sp05_poll_resolution_clock.sql (2.9ms)
2026/10/04 09:29:15 OK   00034_sp06_investigation_ledger.sql (33.51ms)
2026/10/04 09:29:15 goose: successfully migrated database to version: 34
2026/10/04 09:29:21 OK   00001_roles_and_schemas.sql (17.57ms)
2026/10/04 09:29:21 goose: successfully migrated database to version: 1
2026/10/04 09:29:21 OK   00002_platform_meta.sql (33.43ms)
2026/10/04 09:29:21 OK   00003_finding.sql (18.28ms)
2026/10/04 09:29:21 OK   00004_incident.sql (33.91ms)
2026/10/04 09:29:21 OK   00005_investigation.sql (78.2ms)
2026/10/04 09:29:21 OK   00006_action_command.sql (33.1ms)
2026/10/04 09:29:21 OK   00007_audit.sql (33.02ms)
2026/10/04 09:29:21 OK   00008_rls.sql (30.64ms)
2026/10/04 09:29:21 OK   00009_idempotency_ledger.sql (44.68ms)
2026/10/04 09:29:21 OK   00010_tenant_provisioning.sql (8.99ms)
2026/10/04 09:29:21 OK   00011_source_registration_history.sql (19.19ms)
2026/10/04 09:29:21 OK   00012_config_registry_lifecycle.sql (17.59ms)
2026/10/04 09:29:21 OK   00013_audit_signed_segments.sql (29.04ms)
2026/10/04 09:29:21 OK   00014_audit_segment_predecessors.sql (9.99ms)
2026/10/04 09:29:21 OK   00015_source_schema_scope.sql (6.06ms)
2026/10/04 09:29:21 OK   00016_cluster_registration_metadata.sql (9.18ms)
2026/10/04 09:29:21 OK   00017_source_data_scope.sql (7.7ms)
2026/10/04 09:29:21 OK   00018_sp04_resources_evidence.sql (28.72ms)
2026/10/04 09:29:21 OK   00019_sp04_archive_ciphertext_bytes.sql (32.6ms)
2026/10/04 09:29:21 OK   00020_sp04_request_ledger.sql (12.08ms)
2026/10/04 09:29:21 OK   00021_sp04_archive_protection.sql (7.73ms)
2026/10/04 09:29:21 OK   00022_sp04_legal_hold_dependencies.sql (4.61ms)
2026/10/04 09:29:21 OK   00023_sp04_archive_query_intent.sql (4.76ms)
2026/10/04 09:29:21 OK   00024_sp05_finding_incident.sql (16.88ms)
2026/10/04 09:29:21 OK   00025_sp05_incident_event_time.sql (2.41ms)
2026/10/04 09:29:21 OK   00026_sp05_source_binding_lock.sql (2.27ms)
2026/10/04 09:29:21 OK   00027_sp05_rca_and_poll.sql (7.02ms)
2026/10/04 09:29:21 OK   00028_sp05_operator_lock.sql (5.91ms)
2026/10/04 09:29:21 OK   00029_sp05_evidence_links.sql (11.17ms)
2026/10/04 09:29:21 OK   00030_sp05_recipe_fence.sql (5.93ms)
2026/10/04 09:29:21 OK   00031_sp05_rca_postcheck.sql (2.54ms)
2026/10/04 09:29:21 OK   00032_sp05_transport_audit.sql (2.53ms)
2026/10/04 09:29:21 OK   00033_sp05_poll_resolution_clock.sql (4.49ms)
2026/10/04 09:29:21 OK   00034_sp06_investigation_ledger.sql (43.32ms)
2026/10/04 09:29:21 goose: successfully migrated database to version: 34
2026/10/04 09:29:30 OK   00001_roles_and_schemas.sql (66.95ms)
2026/10/04 09:29:30 goose: successfully migrated database to version: 1
2026/10/04 09:29:31 OK   00002_platform_meta.sql (41.23ms)
2026/10/04 09:29:31 OK   00003_finding.sql (29.16ms)
2026/10/04 09:29:31 OK   00004_incident.sql (14.65ms)
2026/10/04 09:29:31 OK   00005_investigation.sql (16.52ms)
2026/10/04 09:29:31 OK   00006_action_command.sql (28.4ms)
2026/10/04 09:29:31 OK   00007_audit.sql (41.36ms)
2026/10/04 09:29:31 OK   00008_rls.sql (30.08ms)
2026/10/04 09:29:31 OK   00009_idempotency_ledger.sql (30.12ms)
2026/10/04 09:29:31 OK   00010_tenant_provisioning.sql (5.15ms)
2026/10/04 09:29:31 OK   00011_source_registration_history.sql (7.91ms)
2026/10/04 09:29:31 OK   00012_config_registry_lifecycle.sql (11.72ms)
2026/10/04 09:29:31 OK   00013_audit_signed_segments.sql (18.19ms)
2026/10/04 09:29:31 OK   00014_audit_segment_predecessors.sql (16ms)
2026/10/04 09:29:31 OK   00015_source_schema_scope.sql (6.94ms)
2026/10/04 09:29:31 OK   00016_cluster_registration_metadata.sql (8.92ms)
2026/10/04 09:29:31 OK   00017_source_data_scope.sql (5.9ms)
2026/10/04 09:29:31 OK   00018_sp04_resources_evidence.sql (17.51ms)
2026/10/04 09:29:31 OK   00019_sp04_archive_ciphertext_bytes.sql (5.53ms)
2026/10/04 09:29:31 OK   00020_sp04_request_ledger.sql (34.55ms)
2026/10/04 09:29:31 OK   00021_sp04_archive_protection.sql (36.06ms)
2026/10/04 09:29:31 OK   00022_sp04_legal_hold_dependencies.sql (4.76ms)
2026/10/04 09:29:31 OK   00023_sp04_archive_query_intent.sql (2.96ms)
2026/10/04 09:29:31 OK   00024_sp05_finding_incident.sql (13.63ms)
2026/10/04 09:29:31 OK   00025_sp05_incident_event_time.sql (5.48ms)
2026/10/04 09:29:31 OK   00026_sp05_source_binding_lock.sql (5.87ms)
2026/10/04 09:29:31 OK   00027_sp05_rca_and_poll.sql (13.41ms)
2026/10/04 09:29:31 OK   00028_sp05_operator_lock.sql (5.09ms)
2026/10/04 09:29:31 OK   00029_sp05_evidence_links.sql (5.31ms)
2026/10/04 09:29:31 OK   00030_sp05_recipe_fence.sql (2.39ms)
2026/10/04 09:29:31 OK   00031_sp05_rca_postcheck.sql (2.04ms)
2026/10/04 09:29:31 OK   00032_sp05_transport_audit.sql (2.57ms)
2026/10/04 09:29:31 OK   00033_sp05_poll_resolution_clock.sql (7.5ms)
2026/10/04 09:29:31 OK   00034_sp06_investigation_ledger.sql (41.87ms)
2026/10/04 09:29:31 goose: successfully migrated database to version: 34
2026/10/04 09:29:40 OK   00001_roles_and_schemas.sql (23.08ms)
2026/10/04 09:29:40 goose: successfully migrated database to version: 1
2026/10/04 09:29:40 OK   00002_platform_meta.sql (53.26ms)
2026/10/04 09:29:40 OK   00003_finding.sql (9.62ms)
2026/10/04 09:29:40 OK   00004_incident.sql (6.79ms)
2026/10/04 09:29:40 OK   00005_investigation.sql (7.57ms)
2026/10/04 09:29:40 OK   00006_action_command.sql (15.44ms)
2026/10/04 09:29:41 OK   00007_audit.sql (86.63ms)
2026/10/04 09:29:41 OK   00008_rls.sql (18.72ms)
2026/10/04 09:29:41 OK   00009_idempotency_ledger.sql (14.17ms)
2026/10/04 09:29:41 OK   00010_tenant_provisioning.sql (15.2ms)
2026/10/04 09:29:41 OK   00011_source_registration_history.sql (25ms)
2026/10/04 09:29:41 OK   00012_config_registry_lifecycle.sql (17.21ms)
2026/10/04 09:29:41 OK   00013_audit_signed_segments.sql (27.13ms)
2026/10/04 09:29:41 OK   00014_audit_segment_predecessors.sql (12.83ms)
2026/10/04 09:29:41 OK   00015_source_schema_scope.sql (10.13ms)
2026/10/04 09:29:41 OK   00016_cluster_registration_metadata.sql (10.06ms)
2026/10/04 09:29:41 OK   00017_source_data_scope.sql (15.44ms)
2026/10/04 09:29:41 OK   00018_sp04_resources_evidence.sql (15.87ms)
2026/10/04 09:29:41 OK   00019_sp04_archive_ciphertext_bytes.sql (4.42ms)
2026/10/04 09:29:41 OK   00020_sp04_request_ledger.sql (10.82ms)
2026/10/04 09:29:41 OK   00021_sp04_archive_protection.sql (3.89ms)
2026/10/04 09:29:41 OK   00022_sp04_legal_hold_dependencies.sql (4.66ms)
2026/10/04 09:29:41 OK   00023_sp04_archive_query_intent.sql (4.99ms)
2026/10/04 09:29:41 OK   00024_sp05_finding_incident.sql (26.96ms)
2026/10/04 09:29:41 OK   00025_sp05_incident_event_time.sql (24.6ms)
2026/10/04 09:29:41 OK   00026_sp05_source_binding_lock.sql (7.36ms)
2026/10/04 09:29:41 OK   00027_sp05_rca_and_poll.sql (6.65ms)
2026/10/04 09:29:41 OK   00028_sp05_operator_lock.sql (6.79ms)
2026/10/04 09:29:41 OK   00029_sp05_evidence_links.sql (18.8ms)
2026/10/04 09:29:41 OK   00030_sp05_recipe_fence.sql (3.1ms)
2026/10/04 09:29:41 OK   00031_sp05_rca_postcheck.sql (2.02ms)
2026/10/04 09:29:41 OK   00032_sp05_transport_audit.sql (2.18ms)
2026/10/04 09:29:41 OK   00033_sp05_poll_resolution_clock.sql (2.73ms)
2026/10/04 09:29:41 OK   00034_sp06_investigation_ledger.sql (30.37ms)
2026/10/04 09:29:41 goose: successfully migrated database to version: 34
2026/10/04 09:29:47 OK   00001_roles_and_schemas.sql (37.19ms)
2026/10/04 09:29:47 goose: successfully migrated database to version: 1
2026/10/04 09:29:47 OK   00002_platform_meta.sql (84.76ms)
2026/10/04 09:29:47 OK   00003_finding.sql (18.17ms)
2026/10/04 09:29:47 OK   00004_incident.sql (22.62ms)
2026/10/04 09:29:47 OK   00005_investigation.sql (15.56ms)
2026/10/04 09:29:47 OK   00006_action_command.sql (22.95ms)
2026/10/04 09:29:47 OK   00007_audit.sql (20.25ms)
2026/10/04 09:29:47 OK   00008_rls.sql (11.8ms)
2026/10/04 09:29:47 OK   00009_idempotency_ledger.sql (27.59ms)
2026/10/04 09:29:47 OK   00010_tenant_provisioning.sql (8.4ms)
2026/10/04 09:29:47 OK   00011_source_registration_history.sql (6.32ms)
2026/10/04 09:29:47 OK   00012_config_registry_lifecycle.sql (7.12ms)
2026/10/04 09:29:47 OK   00013_audit_signed_segments.sql (33.39ms)
2026/10/04 09:29:47 OK   00014_audit_segment_predecessors.sql (4.72ms)
2026/10/04 09:29:47 OK   00015_source_schema_scope.sql (5.23ms)
2026/10/04 09:29:47 OK   00016_cluster_registration_metadata.sql (8.76ms)
2026/10/04 09:29:47 OK   00017_source_data_scope.sql (9.56ms)
2026/10/04 09:29:48 OK   00018_sp04_resources_evidence.sql (38.1ms)
2026/10/04 09:29:48 OK   00019_sp04_archive_ciphertext_bytes.sql (4.07ms)
2026/10/04 09:29:48 OK   00020_sp04_request_ledger.sql (8.93ms)
2026/10/04 09:29:48 OK   00021_sp04_archive_protection.sql (6.62ms)
2026/10/04 09:29:48 OK   00022_sp04_legal_hold_dependencies.sql (5.65ms)
2026/10/04 09:29:48 OK   00023_sp04_archive_query_intent.sql (4.97ms)
2026/10/04 09:29:48 OK   00024_sp05_finding_incident.sql (16.09ms)
2026/10/04 09:29:48 OK   00025_sp05_incident_event_time.sql (7.51ms)
2026/10/04 09:29:48 OK   00026_sp05_source_binding_lock.sql (12.27ms)
2026/10/04 09:29:48 OK   00027_sp05_rca_and_poll.sql (9.15ms)
2026/10/04 09:29:48 OK   00028_sp05_operator_lock.sql (4.62ms)
2026/10/04 09:29:48 OK   00029_sp05_evidence_links.sql (9.96ms)
2026/10/04 09:29:48 OK   00030_sp05_recipe_fence.sql (5.19ms)
2026/10/04 09:29:48 OK   00031_sp05_rca_postcheck.sql (4.22ms)
2026/10/04 09:29:48 OK   00032_sp05_transport_audit.sql (4.45ms)
2026/10/04 09:29:48 OK   00033_sp05_poll_resolution_clock.sql (5.43ms)
2026/10/04 09:29:48 OK   00034_sp06_investigation_ledger.sql (30.23ms)
2026/10/04 09:29:48 goose: successfully migrated database to version: 34
2026/10/04 09:29:54 OK   00001_roles_and_schemas.sql (16.92ms)
2026/10/04 09:29:54 goose: successfully migrated database to version: 1
2026/10/04 09:29:54 OK   00002_platform_meta.sql (44.39ms)
2026/10/04 09:29:54 OK   00003_finding.sql (19.32ms)
2026/10/04 09:29:54 OK   00004_incident.sql (12.37ms)
2026/10/04 09:29:54 OK   00005_investigation.sql (12.16ms)
2026/10/04 09:29:54 OK   00006_action_command.sql (18.45ms)
2026/10/04 09:29:54 OK   00007_audit.sql (13.12ms)
2026/10/04 09:29:54 OK   00008_rls.sql (10.81ms)
2026/10/04 09:29:54 OK   00009_idempotency_ledger.sql (6.89ms)
2026/10/04 09:29:54 OK   00010_tenant_provisioning.sql (9.26ms)
2026/10/04 09:29:54 OK   00011_source_registration_history.sql (18.3ms)
2026/10/04 09:29:54 OK   00012_config_registry_lifecycle.sql (15.31ms)
2026/10/04 09:29:54 OK   00013_audit_signed_segments.sql (124.44ms)
2026/10/04 09:29:54 OK   00014_audit_segment_predecessors.sql (13.98ms)
2026/10/04 09:29:54 OK   00015_source_schema_scope.sql (5.19ms)
2026/10/04 09:29:54 OK   00016_cluster_registration_metadata.sql (6.14ms)
2026/10/04 09:29:54 OK   00017_source_data_scope.sql (5.68ms)
2026/10/04 09:29:54 OK   00018_sp04_resources_evidence.sql (33.33ms)
2026/10/04 09:29:54 OK   00019_sp04_archive_ciphertext_bytes.sql (4.36ms)
2026/10/04 09:29:54 OK   00020_sp04_request_ledger.sql (5.59ms)
2026/10/04 09:29:54 OK   00021_sp04_archive_protection.sql (5.09ms)
2026/10/04 09:29:54 OK   00022_sp04_legal_hold_dependencies.sql (4.96ms)
2026/10/04 09:29:54 OK   00023_sp04_archive_query_intent.sql (10.91ms)
2026/10/04 09:29:54 OK   00024_sp05_finding_incident.sql (39.08ms)
2026/10/04 09:29:54 OK   00025_sp05_incident_event_time.sql (6.3ms)
2026/10/04 09:29:54 OK   00026_sp05_source_binding_lock.sql (9.87ms)
2026/10/04 09:29:54 OK   00027_sp05_rca_and_poll.sql (43.97ms)
2026/10/04 09:29:54 OK   00028_sp05_operator_lock.sql (28.72ms)
2026/10/04 09:29:54 OK   00029_sp05_evidence_links.sql (20.81ms)
2026/10/04 09:29:54 OK   00030_sp05_recipe_fence.sql (3.48ms)
2026/10/04 09:29:54 OK   00031_sp05_rca_postcheck.sql (2.68ms)
2026/10/04 09:29:54 OK   00032_sp05_transport_audit.sql (4.51ms)
2026/10/04 09:29:54 OK   00033_sp05_poll_resolution_clock.sql (6.29ms)
2026/10/04 09:29:54 OK   00034_sp06_investigation_ledger.sql (48.7ms)
2026/10/04 09:29:54 goose: successfully migrated database to version: 34
2026/10/04 09:30:01 OK   00001_roles_and_schemas.sql (62.02ms)
2026/10/04 09:30:01 goose: successfully migrated database to version: 1
2026/10/04 09:30:01 OK   00002_platform_meta.sql (58.36ms)
2026/10/04 09:30:01 OK   00003_finding.sql (27.3ms)
2026/10/04 09:30:01 OK   00004_incident.sql (25.76ms)
2026/10/04 09:30:01 OK   00005_investigation.sql (35.07ms)
2026/10/04 09:30:01 OK   00006_action_command.sql (9.04ms)
2026/10/04 09:30:01 OK   00007_audit.sql (28.96ms)
2026/10/04 09:30:01 OK   00008_rls.sql (25.27ms)
2026/10/04 09:30:01 OK   00009_idempotency_ledger.sql (15.57ms)
2026/10/04 09:30:01 OK   00010_tenant_provisioning.sql (34.99ms)
2026/10/04 09:30:01 OK   00011_source_registration_history.sql (19.07ms)
2026/10/04 09:30:01 OK   00012_config_registry_lifecycle.sql (20.06ms)
2026/10/04 09:30:01 OK   00013_audit_signed_segments.sql (24.87ms)
2026/10/04 09:30:01 OK   00014_audit_segment_predecessors.sql (12.53ms)
2026/10/04 09:30:01 OK   00015_source_schema_scope.sql (8.15ms)
2026/10/04 09:30:01 OK   00016_cluster_registration_metadata.sql (7.94ms)
2026/10/04 09:30:01 OK   00017_source_data_scope.sql (4.69ms)
2026/10/04 09:30:01 OK   00018_sp04_resources_evidence.sql (43.11ms)
2026/10/04 09:30:01 OK   00019_sp04_archive_ciphertext_bytes.sql (4.19ms)
2026/10/04 09:30:01 OK   00020_sp04_request_ledger.sql (31.79ms)
2026/10/04 09:30:01 OK   00021_sp04_archive_protection.sql (9.82ms)
2026/10/04 09:30:01 OK   00022_sp04_legal_hold_dependencies.sql (31.95ms)
2026/10/04 09:30:01 OK   00023_sp04_archive_query_intent.sql (3.26ms)
2026/10/04 09:30:01 OK   00024_sp05_finding_incident.sql (37.92ms)
2026/10/04 09:30:01 OK   00025_sp05_incident_event_time.sql (9.28ms)
2026/10/04 09:30:01 OK   00026_sp05_source_binding_lock.sql (15.47ms)
2026/10/04 09:30:01 OK   00027_sp05_rca_and_poll.sql (8.18ms)
2026/10/04 09:30:01 OK   00028_sp05_operator_lock.sql (3.27ms)
2026/10/04 09:30:02 OK   00029_sp05_evidence_links.sql (8.68ms)
2026/10/04 09:30:02 OK   00030_sp05_recipe_fence.sql (16.47ms)
2026/10/04 09:30:02 OK   00031_sp05_rca_postcheck.sql (8.52ms)
2026/10/04 09:30:02 OK   00032_sp05_transport_audit.sql (6.22ms)
2026/10/04 09:30:02 OK   00033_sp05_poll_resolution_clock.sql (5.16ms)
2026/10/04 09:30:02 OK   00034_sp06_investigation_ledger.sql (39.72ms)
2026/10/04 09:30:02 goose: successfully migrated database to version: 34
2026/10/04 09:30:12 OK   00001_roles_and_schemas.sql (16.67ms)
2026/10/04 09:30:12 goose: successfully migrated database to version: 1
2026/10/04 09:30:12 OK   00002_platform_meta.sql (50.46ms)
2026/10/04 09:30:12 OK   00003_finding.sql (50.57ms)
2026/10/04 09:30:12 OK   00004_incident.sql (22.43ms)
2026/10/04 09:30:12 OK   00005_investigation.sql (57.59ms)
2026/10/04 09:30:12 OK   00006_action_command.sql (38.93ms)
2026/10/04 09:30:12 OK   00007_audit.sql (41.7ms)
2026/10/04 09:30:12 OK   00008_rls.sql (12.05ms)
2026/10/04 09:30:12 OK   00009_idempotency_ledger.sql (25.13ms)
2026/10/04 09:30:12 OK   00010_tenant_provisioning.sql (8.72ms)
2026/10/04 09:30:12 OK   00011_source_registration_history.sql (11.16ms)
2026/10/04 09:30:12 OK   00012_config_registry_lifecycle.sql (21ms)
2026/10/04 09:30:12 OK   00013_audit_signed_segments.sql (24.62ms)
2026/10/04 09:30:12 OK   00014_audit_segment_predecessors.sql (28.15ms)
2026/10/04 09:30:12 OK   00015_source_schema_scope.sql (8.47ms)
2026/10/04 09:30:12 OK   00016_cluster_registration_metadata.sql (8ms)
2026/10/04 09:30:12 OK   00017_source_data_scope.sql (9.07ms)
2026/10/04 09:30:12 OK   00018_sp04_resources_evidence.sql (26.61ms)
2026/10/04 09:30:12 OK   00019_sp04_archive_ciphertext_bytes.sql (8.72ms)
2026/10/04 09:30:12 OK   00020_sp04_request_ledger.sql (11.13ms)
2026/10/04 09:30:12 OK   00021_sp04_archive_protection.sql (7.01ms)
2026/10/04 09:30:12 OK   00022_sp04_legal_hold_dependencies.sql (7.3ms)
2026/10/04 09:30:12 OK   00023_sp04_archive_query_intent.sql (5.33ms)
2026/10/04 09:30:12 OK   00024_sp05_finding_incident.sql (32.64ms)
2026/10/04 09:30:12 OK   00025_sp05_incident_event_time.sql (14.04ms)
2026/10/04 09:30:12 OK   00026_sp05_source_binding_lock.sql (6.63ms)
2026/10/04 09:30:12 OK   00027_sp05_rca_and_poll.sql (8.36ms)
2026/10/04 09:30:12 OK   00028_sp05_operator_lock.sql (11.41ms)
2026/10/04 09:30:13 OK   00029_sp05_evidence_links.sql (19.63ms)
2026/10/04 09:30:13 OK   00030_sp05_recipe_fence.sql (3.36ms)
2026/10/04 09:30:13 OK   00031_sp05_rca_postcheck.sql (3.43ms)
2026/10/04 09:30:13 OK   00032_sp05_transport_audit.sql (2.7ms)
2026/10/04 09:30:13 OK   00033_sp05_poll_resolution_clock.sql (3.94ms)
2026/10/04 09:30:13 OK   00034_sp06_investigation_ledger.sql (26.07ms)
2026/10/04 09:30:13 goose: successfully migrated database to version: 34
2026/10/04 09:30:22 OK   00001_roles_and_schemas.sql (36.34ms)
2026/10/04 09:30:22 goose: successfully migrated database to version: 1
2026/10/04 09:30:23 OK   00002_platform_meta.sql (27.46ms)
2026/10/04 09:30:23 OK   00003_finding.sql (18.8ms)
2026/10/04 09:30:23 OK   00004_incident.sql (19.8ms)
2026/10/04 09:30:23 OK   00005_investigation.sql (7.46ms)
2026/10/04 09:30:23 OK   00006_action_command.sql (8.23ms)
2026/10/04 09:30:23 OK   00007_audit.sql (53.77ms)
2026/10/04 09:30:23 OK   00008_rls.sql (37.33ms)
2026/10/04 09:30:23 OK   00009_idempotency_ledger.sql (57.48ms)
2026/10/04 09:30:23 OK   00010_tenant_provisioning.sql (12.04ms)
2026/10/04 09:30:23 OK   00011_source_registration_history.sql (8.1ms)
2026/10/04 09:30:23 OK   00012_config_registry_lifecycle.sql (13.66ms)
2026/10/04 09:30:23 OK   00013_audit_signed_segments.sql (47.16ms)
2026/10/04 09:30:23 OK   00014_audit_segment_predecessors.sql (9.86ms)
2026/10/04 09:30:23 OK   00015_source_schema_scope.sql (26.55ms)
2026/10/04 09:30:23 OK   00016_cluster_registration_metadata.sql (14.11ms)
2026/10/04 09:30:23 OK   00017_source_data_scope.sql (11.77ms)
2026/10/04 09:30:23 OK   00018_sp04_resources_evidence.sql (23.89ms)
2026/10/04 09:30:23 OK   00019_sp04_archive_ciphertext_bytes.sql (4.64ms)
2026/10/04 09:30:23 OK   00020_sp04_request_ledger.sql (4.83ms)
2026/10/04 09:30:23 OK   00021_sp04_archive_protection.sql (6.86ms)
2026/10/04 09:30:23 OK   00022_sp04_legal_hold_dependencies.sql (4.27ms)
2026/10/04 09:30:23 OK   00023_sp04_archive_query_intent.sql (3.78ms)
2026/10/04 09:30:23 OK   00024_sp05_finding_incident.sql (33.24ms)
2026/10/04 09:30:23 OK   00025_sp05_incident_event_time.sql (4.62ms)
2026/10/04 09:30:23 OK   00026_sp05_source_binding_lock.sql (5.1ms)
2026/10/04 09:30:23 OK   00027_sp05_rca_and_poll.sql (19.71ms)
2026/10/04 09:30:23 OK   00028_sp05_operator_lock.sql (7.63ms)
2026/10/04 09:30:23 OK   00029_sp05_evidence_links.sql (6.83ms)
2026/10/04 09:30:23 OK   00030_sp05_recipe_fence.sql (5.96ms)
2026/10/04 09:30:23 OK   00031_sp05_rca_postcheck.sql (7.07ms)
2026/10/04 09:30:23 OK   00032_sp05_transport_audit.sql (12.78ms)
2026/10/04 09:30:23 OK   00033_sp05_poll_resolution_clock.sql (5.53ms)
2026/10/04 09:30:23 OK   00034_sp06_investigation_ledger.sql (15.64ms)
2026/10/04 09:30:23 goose: successfully migrated database to version: 34
2026/10/04 09:30:32 OK   00001_roles_and_schemas.sql (11.27ms)
2026/10/04 09:30:32 goose: successfully migrated database to version: 1
2026/10/04 09:30:32 OK   00002_platform_meta.sql (65.42ms)
2026/10/04 09:30:32 OK   00003_finding.sql (34.02ms)
2026/10/04 09:30:32 OK   00004_incident.sql (21.08ms)
2026/10/04 09:30:32 OK   00005_investigation.sql (19.84ms)
2026/10/04 09:30:32 OK   00006_action_command.sql (18.11ms)
2026/10/04 09:30:32 OK   00007_audit.sql (18.74ms)
2026/10/04 09:30:32 OK   00008_rls.sql (15.17ms)
2026/10/04 09:30:32 OK   00009_idempotency_ledger.sql (30.63ms)
2026/10/04 09:30:32 OK   00010_tenant_provisioning.sql (13.56ms)
2026/10/04 09:30:32 OK   00011_source_registration_history.sql (11.93ms)
2026/10/04 09:30:32 OK   00012_config_registry_lifecycle.sql (20.47ms)
2026/10/04 09:30:32 OK   00013_audit_signed_segments.sql (48.07ms)
2026/10/04 09:30:32 OK   00014_audit_segment_predecessors.sql (11.97ms)
2026/10/04 09:30:32 OK   00015_source_schema_scope.sql (3.67ms)
2026/10/04 09:30:32 OK   00016_cluster_registration_metadata.sql (13.39ms)
2026/10/04 09:30:32 OK   00017_source_data_scope.sql (9.18ms)
2026/10/04 09:30:32 OK   00018_sp04_resources_evidence.sql (21.65ms)
2026/10/04 09:30:32 OK   00019_sp04_archive_ciphertext_bytes.sql (5.42ms)
2026/10/04 09:30:33 OK   00020_sp04_request_ledger.sql (14.07ms)
2026/10/04 09:30:33 OK   00021_sp04_archive_protection.sql (9.78ms)
2026/10/04 09:30:33 OK   00022_sp04_legal_hold_dependencies.sql (5.33ms)
2026/10/04 09:30:33 OK   00023_sp04_archive_query_intent.sql (3.12ms)
2026/10/04 09:30:33 OK   00024_sp05_finding_incident.sql (15.05ms)
2026/10/04 09:30:33 OK   00025_sp05_incident_event_time.sql (4.31ms)
2026/10/04 09:30:33 OK   00026_sp05_source_binding_lock.sql (5.16ms)
2026/10/04 09:30:33 OK   00027_sp05_rca_and_poll.sql (13.21ms)
2026/10/04 09:30:33 OK   00028_sp05_operator_lock.sql (9.86ms)
2026/10/04 09:30:33 OK   00029_sp05_evidence_links.sql (5.82ms)
2026/10/04 09:30:33 OK   00030_sp05_recipe_fence.sql (5.43ms)
2026/10/04 09:30:33 OK   00031_sp05_rca_postcheck.sql (3.04ms)
2026/10/04 09:30:33 OK   00032_sp05_transport_audit.sql (4.31ms)
2026/10/04 09:30:33 OK   00033_sp05_poll_resolution_clock.sql (6.4ms)
2026/10/04 09:30:33 OK   00034_sp06_investigation_ledger.sql (33.45ms)
2026/10/04 09:30:33 goose: successfully migrated database to version: 34
2026/10/04 09:30:42 OK   00001_roles_and_schemas.sql (21.76ms)
2026/10/04 09:30:42 goose: successfully migrated database to version: 1
2026/10/04 09:30:42 OK   00002_platform_meta.sql (68.83ms)
2026/10/04 09:30:42 OK   00003_finding.sql (50.91ms)
2026/10/04 09:30:42 OK   00004_incident.sql (10.43ms)
2026/10/04 09:30:42 OK   00005_investigation.sql (11.47ms)
2026/10/04 09:30:42 OK   00006_action_command.sql (9.1ms)
2026/10/04 09:30:42 OK   00007_audit.sql (24.81ms)
2026/10/04 09:30:42 OK   00008_rls.sql (21.03ms)
2026/10/04 09:30:42 OK   00009_idempotency_ledger.sql (10.59ms)
2026/10/04 09:30:42 OK   00010_tenant_provisioning.sql (9.23ms)
2026/10/04 09:30:42 OK   00011_source_registration_history.sql (8.45ms)
2026/10/04 09:30:42 OK   00012_config_registry_lifecycle.sql (21.44ms)
2026/10/04 09:30:42 OK   00013_audit_signed_segments.sql (15.11ms)
2026/10/04 09:30:42 OK   00014_audit_segment_predecessors.sql (9.4ms)
2026/10/04 09:30:42 OK   00015_source_schema_scope.sql (7.82ms)
2026/10/04 09:30:42 OK   00016_cluster_registration_metadata.sql (7.63ms)
2026/10/04 09:30:42 OK   00017_source_data_scope.sql (5.88ms)
2026/10/04 09:30:42 OK   00018_sp04_resources_evidence.sql (31.55ms)
2026/10/04 09:30:42 OK   00019_sp04_archive_ciphertext_bytes.sql (8.3ms)
2026/10/04 09:30:42 OK   00020_sp04_request_ledger.sql (8.3ms)
2026/10/04 09:30:42 OK   00021_sp04_archive_protection.sql (15.87ms)
2026/10/04 09:30:42 OK   00022_sp04_legal_hold_dependencies.sql (3.09ms)
2026/10/04 09:30:42 OK   00023_sp04_archive_query_intent.sql (3.11ms)
2026/10/04 09:30:42 OK   00024_sp05_finding_incident.sql (18.97ms)
2026/10/04 09:30:42 OK   00025_sp05_incident_event_time.sql (7.41ms)
2026/10/04 09:30:42 OK   00026_sp05_source_binding_lock.sql (7.84ms)
2026/10/04 09:30:42 OK   00027_sp05_rca_and_poll.sql (12.19ms)
2026/10/04 09:30:42 OK   00028_sp05_operator_lock.sql (3.82ms)
2026/10/04 09:30:42 OK   00029_sp05_evidence_links.sql (3.74ms)
2026/10/04 09:30:42 OK   00030_sp05_recipe_fence.sql (2.44ms)
2026/10/04 09:30:42 OK   00031_sp05_rca_postcheck.sql (2.83ms)
2026/10/04 09:30:42 OK   00032_sp05_transport_audit.sql (3.17ms)
2026/10/04 09:30:42 OK   00033_sp05_poll_resolution_clock.sql (5.95ms)
2026/10/04 09:30:42 OK   00034_sp06_investigation_ledger.sql (51.68ms)
2026/10/04 09:30:42 goose: successfully migrated database to version: 34
2026/10/04 09:30:51 OK   00001_roles_and_schemas.sql (13.59ms)
2026/10/04 09:30:51 goose: successfully migrated database to version: 1
2026/10/04 09:30:51 OK   00002_platform_meta.sql (25.87ms)
2026/10/04 09:30:51 OK   00003_finding.sql (21.83ms)
2026/10/04 09:30:51 OK   00004_incident.sql (8.07ms)
2026/10/04 09:30:51 OK   00005_investigation.sql (33.11ms)
2026/10/04 09:30:51 OK   00006_action_command.sql (9.1ms)
2026/10/04 09:30:51 OK   00007_audit.sql (11.47ms)
2026/10/04 09:30:51 OK   00008_rls.sql (29.71ms)
2026/10/04 09:30:51 OK   00009_idempotency_ledger.sql (6.14ms)
2026/10/04 09:30:51 OK   00010_tenant_provisioning.sql (31.36ms)
2026/10/04 09:30:51 OK   00011_source_registration_history.sql (12.21ms)
2026/10/04 09:30:51 OK   00012_config_registry_lifecycle.sql (38.96ms)
2026/10/04 09:30:51 OK   00013_audit_signed_segments.sql (47.05ms)
2026/10/04 09:30:51 OK   00014_audit_segment_predecessors.sql (6.6ms)
2026/10/04 09:30:51 OK   00015_source_schema_scope.sql (5.59ms)
2026/10/04 09:30:51 OK   00016_cluster_registration_metadata.sql (8.4ms)
2026/10/04 09:30:51 OK   00017_source_data_scope.sql (12.01ms)
2026/10/04 09:30:51 OK   00018_sp04_resources_evidence.sql (16.1ms)
2026/10/04 09:30:51 OK   00019_sp04_archive_ciphertext_bytes.sql (3.7ms)
2026/10/04 09:30:51 OK   00020_sp04_request_ledger.sql (16.76ms)
2026/10/04 09:30:51 OK   00021_sp04_archive_protection.sql (10.73ms)
2026/10/04 09:30:51 OK   00022_sp04_legal_hold_dependencies.sql (2.79ms)
2026/10/04 09:30:52 OK   00023_sp04_archive_query_intent.sql (2.71ms)
2026/10/04 09:30:52 OK   00024_sp05_finding_incident.sql (31.68ms)
2026/10/04 09:30:52 OK   00025_sp05_incident_event_time.sql (5.4ms)
2026/10/04 09:30:52 OK   00026_sp05_source_binding_lock.sql (4.22ms)
2026/10/04 09:30:52 OK   00027_sp05_rca_and_poll.sql (7.74ms)
2026/10/04 09:30:52 OK   00028_sp05_operator_lock.sql (3.55ms)
2026/10/04 09:30:52 OK   00029_sp05_evidence_links.sql (12.38ms)
2026/10/04 09:30:52 OK   00030_sp05_recipe_fence.sql (10ms)
2026/10/04 09:30:52 OK   00031_sp05_rca_postcheck.sql (3.29ms)
2026/10/04 09:30:52 OK   00032_sp05_transport_audit.sql (4.73ms)
2026/10/04 09:30:52 OK   00033_sp05_poll_resolution_clock.sql (3.32ms)
2026/10/04 09:30:52 OK   00034_sp06_investigation_ledger.sql (33.66ms)
2026/10/04 09:30:52 goose: successfully migrated database to version: 34
2026/10/04 09:31:01 OK   00001_roles_and_schemas.sql (337.77ms)
2026/10/04 09:31:01 goose: successfully migrated database to version: 1
2026/10/04 09:31:01 OK   00002_platform_meta.sql (87.33ms)
2026/10/04 09:31:01 OK   00003_finding.sql (51.93ms)
2026/10/04 09:31:01 OK   00004_incident.sql (29.18ms)
2026/10/04 09:31:01 OK   00005_investigation.sql (36.04ms)
2026/10/04 09:31:01 OK   00006_action_command.sql (49.29ms)
2026/10/04 09:31:01 OK   00007_audit.sql (37.82ms)
2026/10/04 09:31:01 OK   00008_rls.sql (56.99ms)
2026/10/04 09:31:01 OK   00009_idempotency_ledger.sql (29.58ms)
2026/10/04 09:31:01 OK   00010_tenant_provisioning.sql (17.05ms)
2026/10/04 09:31:02 OK   00011_source_registration_history.sql (184.28ms)
2026/10/04 09:31:02 OK   00012_config_registry_lifecycle.sql (133.61ms)
2026/10/04 09:31:02 OK   00013_audit_signed_segments.sql (142.13ms)
2026/10/04 09:31:02 OK   00014_audit_segment_predecessors.sql (71.29ms)
2026/10/04 09:31:02 OK   00015_source_schema_scope.sql (92.22ms)
2026/10/04 09:31:02 OK   00016_cluster_registration_metadata.sql (34.5ms)
2026/10/04 09:31:02 OK   00017_source_data_scope.sql (11.48ms)
2026/10/04 09:31:02 OK   00018_sp04_resources_evidence.sql (21.36ms)
2026/10/04 09:31:02 OK   00019_sp04_archive_ciphertext_bytes.sql (17.72ms)
2026/10/04 09:31:02 OK   00020_sp04_request_ledger.sql (70.25ms)
2026/10/04 09:31:02 OK   00021_sp04_archive_protection.sql (7.79ms)
2026/10/04 09:31:02 OK   00022_sp04_legal_hold_dependencies.sql (4.92ms)
2026/10/04 09:31:02 OK   00023_sp04_archive_query_intent.sql (4.5ms)
2026/10/04 09:31:02 OK   00024_sp05_finding_incident.sql (42.26ms)
2026/10/04 09:31:02 OK   00025_sp05_incident_event_time.sql (7.57ms)
2026/10/04 09:31:02 OK   00026_sp05_source_binding_lock.sql (8.3ms)
2026/10/04 09:31:02 OK   00027_sp05_rca_and_poll.sql (15.93ms)
2026/10/04 09:31:02 OK   00028_sp05_operator_lock.sql (4.63ms)
2026/10/04 09:31:02 OK   00029_sp05_evidence_links.sql (6.28ms)
2026/10/04 09:31:02 OK   00030_sp05_recipe_fence.sql (4.16ms)
2026/10/04 09:31:02 OK   00031_sp05_rca_postcheck.sql (4.58ms)
2026/10/04 09:31:02 OK   00032_sp05_transport_audit.sql (10ms)
2026/10/04 09:31:02 OK   00033_sp05_poll_resolution_clock.sql (6.77ms)
2026/10/04 09:31:02 OK   00034_sp06_investigation_ledger.sql (47.25ms)
2026/10/04 09:31:02 goose: successfully migrated database to version: 34
2026/10/04 09:31:03 OK   00001_roles_and_schemas.sql (30.99ms)
2026/10/04 09:31:03 goose: successfully migrated database to version: 1
2026/10/04 09:31:03 OK   00002_platform_meta.sql (31.36ms)
2026/10/04 09:31:03 OK   00003_finding.sql (14.75ms)
2026/10/04 09:31:03 OK   00004_incident.sql (7.79ms)
2026/10/04 09:31:03 OK   00005_investigation.sql (6.14ms)
2026/10/04 09:31:03 OK   00006_action_command.sql (7.88ms)
2026/10/04 09:31:03 OK   00007_audit.sql (9.49ms)
2026/10/04 09:31:03 OK   00008_rls.sql (8.14ms)
2026/10/04 09:31:03 OK   00009_idempotency_ledger.sql (9.59ms)
2026/10/04 09:31:03 OK   00010_tenant_provisioning.sql (5.89ms)
2026/10/04 09:31:03 OK   00011_source_registration_history.sql (8.08ms)
2026/10/04 09:31:03 OK   00012_config_registry_lifecycle.sql (11.46ms)
2026/10/04 09:31:03 OK   00013_audit_signed_segments.sql (12.34ms)
2026/10/04 09:31:03 OK   00014_audit_segment_predecessors.sql (7.43ms)
2026/10/04 09:31:03 OK   00015_source_schema_scope.sql (2.63ms)
2026/10/04 09:31:03 OK   00016_cluster_registration_metadata.sql (3.63ms)
2026/10/04 09:31:04 OK   00017_source_data_scope.sql (6.96ms)
2026/10/04 09:31:04 OK   00018_sp04_resources_evidence.sql (30.17ms)
2026/10/04 09:31:04 OK   00019_sp04_archive_ciphertext_bytes.sql (4.24ms)
2026/10/04 09:31:04 OK   00020_sp04_request_ledger.sql (4.65ms)
2026/10/04 09:31:04 OK   00021_sp04_archive_protection.sql (2.69ms)
2026/10/04 09:31:04 OK   00022_sp04_legal_hold_dependencies.sql (2.54ms)
2026/10/04 09:31:04 OK   00023_sp04_archive_query_intent.sql (2.01ms)
2026/10/04 09:31:04 OK   00024_sp05_finding_incident.sql (17.55ms)
2026/10/04 09:31:04 OK   00025_sp05_incident_event_time.sql (4.81ms)
2026/10/04 09:31:04 OK   00026_sp05_source_binding_lock.sql (5.92ms)
2026/10/04 09:31:04 OK   00027_sp05_rca_and_poll.sql (16.84ms)
2026/10/04 09:31:04 OK   00028_sp05_operator_lock.sql (5.84ms)
2026/10/04 09:31:04 OK   00029_sp05_evidence_links.sql (5.95ms)
2026/10/04 09:31:04 OK   00030_sp05_recipe_fence.sql (13.15ms)
2026/10/04 09:31:04 OK   00031_sp05_rca_postcheck.sql (11.12ms)
2026/10/04 09:31:04 OK   00032_sp05_transport_audit.sql (12.89ms)
2026/10/04 09:31:04 OK   00033_sp05_poll_resolution_clock.sql (3.79ms)
2026/10/04 09:31:04 OK   00034_sp06_investigation_ledger.sql (44.8ms)
2026/10/04 09:31:04 goose: successfully migrated database to version: 34
2026/10/04 09:31:05 OK   00001_roles_and_schemas.sql (13.78ms)
2026/10/04 09:31:05 goose: successfully migrated database to version: 1
2026/10/04 09:31:05 OK   00002_platform_meta.sql (43.73ms)
2026/10/04 09:31:05 OK   00003_finding.sql (26.09ms)
2026/10/04 09:31:05 OK   00004_incident.sql (19.74ms)
2026/10/04 09:31:05 OK   00005_investigation.sql (39.41ms)
2026/10/04 09:31:05 OK   00006_action_command.sql (25.54ms)
2026/10/04 09:31:05 OK   00007_audit.sql (23.46ms)
2026/10/04 09:31:05 OK   00008_rls.sql (16.79ms)
2026/10/04 09:31:05 OK   00009_idempotency_ledger.sql (11.26ms)
2026/10/04 09:31:05 OK   00010_tenant_provisioning.sql (5.95ms)
2026/10/04 09:31:05 OK   00011_source_registration_history.sql (7.38ms)
2026/10/04 09:31:05 OK   00012_config_registry_lifecycle.sql (12.26ms)
2026/10/04 09:31:05 OK   00013_audit_signed_segments.sql (17.29ms)
2026/10/04 09:31:05 OK   00014_audit_segment_predecessors.sql (27.13ms)
2026/10/04 09:31:05 OK   00015_source_schema_scope.sql (8.22ms)
2026/10/04 09:31:05 OK   00016_cluster_registration_metadata.sql (13.52ms)
2026/10/04 09:31:05 OK   00017_source_data_scope.sql (44.43ms)
2026/10/04 09:31:05 OK   00018_sp04_resources_evidence.sql (74.9ms)
2026/10/04 09:31:05 OK   00019_sp04_archive_ciphertext_bytes.sql (6.27ms)
2026/10/04 09:31:05 OK   00020_sp04_request_ledger.sql (6.87ms)
2026/10/04 09:31:05 OK   00021_sp04_archive_protection.sql (8.31ms)
2026/10/04 09:31:05 OK   00022_sp04_legal_hold_dependencies.sql (3.33ms)
2026/10/04 09:31:05 OK   00023_sp04_archive_query_intent.sql (4.02ms)
2026/10/04 09:31:05 OK   00024_sp05_finding_incident.sql (55.89ms)
2026/10/04 09:31:05 OK   00025_sp05_incident_event_time.sql (8.91ms)
2026/10/04 09:31:05 OK   00026_sp05_source_binding_lock.sql (21.58ms)
2026/10/04 09:31:05 OK   00027_sp05_rca_and_poll.sql (12.96ms)
2026/10/04 09:31:05 OK   00028_sp05_operator_lock.sql (3.47ms)
2026/10/04 09:31:05 OK   00029_sp05_evidence_links.sql (9.41ms)
2026/10/04 09:31:05 OK   00030_sp05_recipe_fence.sql (6.29ms)
2026/10/04 09:31:05 OK   00031_sp05_rca_postcheck.sql (9.47ms)
2026/10/04 09:31:05 OK   00032_sp05_transport_audit.sql (5.11ms)
2026/10/04 09:31:05 OK   00033_sp05_poll_resolution_clock.sql (10.54ms)
2026/10/04 09:31:05 OK   00034_sp06_investigation_ledger.sql (42.9ms)
2026/10/04 09:31:05 goose: successfully migrated database to version: 34
{"time":"2026-10-04T09:31:12.068892+08:00","level":"WARN","msg":"Graph ownership not ready","qualification":{"/v1/configmaps":"list_missing","/v1/events":"list_missing","/v1/nodes":"list_missing","/v1/persistentvolumeclaims":"list_missing","/v1/persistentvolumes":"list_missing","/v1/pods":"list_missing","/v1/services":"list_missing","apps/v1/daemonsets":"list_missing","apps/v1/deployments":"list_missing","apps/v1/replicasets":"list_missing","apps/v1/statefulsets":"list_missing","batch/v1/jobs":"list_missing","discovery.k8s.io/v1/endpointslices":"list_missing","storage.k8s.io/v1/csidrivers":"list_missing","storage.k8s.io/v1/csinodes":"list_missing","storage.k8s.io/v1/storageclasses":"list_missing","storage.k8s.io/v1/volumeattachments":"list_missing"}}
{"time":"2026-10-04T09:31:14.134419+08:00","level":"WARN","msg":"Graph ownership not ready","qualification":{"/v1/configmaps":"list_missing","/v1/events":"list_missing","/v1/nodes":"list_missing","/v1/persistentvolumeclaims":"list_missing","/v1/persistentvolumes":"list_missing","/v1/services":"list_missing","apps/v1/daemonsets":"list_missing","apps/v1/deployments":"list_missing","apps/v1/replicasets":"list_missing","apps/v1/statefulsets":"list_missing","batch/v1/jobs":"list_missing","discovery.k8s.io/v1/endpointslices":"list_missing","storage.k8s.io/v1/csidrivers":"list_missing","storage.k8s.io/v1/csinodes":"list_missing","storage.k8s.io/v1/storageclasses":"list_missing"}}
{"time":"2026-10-04T09:32:12.080983+08:00","level":"WARN","msg":"Graph Lease renewal unavailable","stage":"route_mirror_write"}
{"time":"2026-10-04T09:32:12.081067+08:00","level":"WARN","msg":"Graph ownership not ready","qualification":{"/v1/configmaps":"watch_disconnected","/v1/events":"watch_disconnected","/v1/nodes":"watch_disconnected","/v1/persistentvolumeclaims":"watch_disconnected","/v1/persistentvolumes":"watch_disconnected","/v1/pods":"watch_disconnected","/v1/services":"watch_disconnected","apps/v1/daemonsets":"watch_disconnected","apps/v1/deployments":"watch_disconnected","apps/v1/replicasets":"watch_disconnected","apps/v1/statefulsets":"watch_disconnected","batch/v1/jobs":"watch_disconnected","discovery.k8s.io/v1/endpointslices":"watch_disconnected","storage.k8s.io/v1/csidrivers":"watch_disconnected","storage.k8s.io/v1/csinodes":"watch_disconnected","storage.k8s.io/v1/storageclasses":"watch_disconnected","storage.k8s.io/v1/volumeattachments":"watch_disconnected"}}
--- FAIL: TestSP05ActualOrbStackInspectionAPIWorkerArchiveAndRestart (69.77s)
    archive_iam_test.go:41: owned TLS/IAM fixture image=docker.io/chrislusf/seaweedfs@sha256:d4cf67729aa8777e1a43a5b61d72e5b96179e4b7bac9a221cb14cbc2036cb32e id=45a83cda2d6b70cfd8faeaf2b4a433ed66d14567775bd0f475674f1e94714b50 bucket=sp05-chain-f8e4d63d tenants=1
    sp05_live_test.go:200: actual inspector did not reach durable archive/incident: finding=0 archive=0 incident=
2026/10/04 09:32:14 OK   00001_roles_and_schemas.sql (28.16ms)
2026/10/04 09:32:14 goose: successfully migrated database to version: 1
2026/10/04 09:32:14 OK   00002_platform_meta.sql (48.57ms)
2026/10/04 09:32:14 OK   00003_finding.sql (19.62ms)
2026/10/04 09:32:14 OK   00004_incident.sql (14.46ms)
2026/10/04 09:32:14 OK   00005_investigation.sql (15.11ms)
2026/10/04 09:32:14 OK   00006_action_command.sql (13.74ms)
2026/10/04 09:32:14 OK   00007_audit.sql (24.63ms)
2026/10/04 09:32:14 OK   00008_rls.sql (44.45ms)
2026/10/04 09:32:14 OK   00009_idempotency_ledger.sql (17.85ms)
2026/10/04 09:32:14 OK   00010_tenant_provisioning.sql (8.19ms)
2026/10/04 09:32:14 OK   00011_source_registration_history.sql (7.08ms)
2026/10/04 09:32:14 OK   00012_config_registry_lifecycle.sql (17.59ms)
2026/10/04 09:32:14 OK   00013_audit_signed_segments.sql (29.1ms)
2026/10/04 09:32:14 OK   00014_audit_segment_predecessors.sql (13.23ms)
2026/10/04 09:32:14 OK   00015_source_schema_scope.sql (6.33ms)
2026/10/04 09:32:14 OK   00016_cluster_registration_metadata.sql (14.89ms)
2026/10/04 09:32:14 OK   00017_source_data_scope.sql (8.79ms)
2026/10/04 09:32:14 OK   00018_sp04_resources_evidence.sql (28.88ms)
2026/10/04 09:32:14 OK   00019_sp04_archive_ciphertext_bytes.sql (13.11ms)
2026/10/04 09:32:14 OK   00020_sp04_request_ledger.sql (11.31ms)
2026/10/04 09:32:14 OK   00021_sp04_archive_protection.sql (6.38ms)
2026/10/04 09:32:14 OK   00022_sp04_legal_hold_dependencies.sql (5.08ms)
2026/10/04 09:32:14 OK   00023_sp04_archive_query_intent.sql (6.81ms)
2026/10/04 09:32:14 OK   00024_sp05_finding_incident.sql (30.82ms)
2026/10/04 09:32:14 OK   00025_sp05_incident_event_time.sql (9.92ms)
2026/10/04 09:32:14 OK   00026_sp05_source_binding_lock.sql (11.77ms)
2026/10/04 09:32:14 OK   00027_sp05_rca_and_poll.sql (16.25ms)
2026/10/04 09:32:14 OK   00028_sp05_operator_lock.sql (12.39ms)
2026/10/04 09:32:14 OK   00029_sp05_evidence_links.sql (15.66ms)
2026/10/04 09:32:14 OK   00030_sp05_recipe_fence.sql (9.47ms)
2026/10/04 09:32:14 OK   00031_sp05_rca_postcheck.sql (12.05ms)
2026/10/04 09:32:14 OK   00032_sp05_transport_audit.sql (32.74ms)
2026/10/04 09:32:14 OK   00033_sp05_poll_resolution_clock.sql (17.96ms)
2026/10/04 09:32:15 OK   00034_sp06_investigation_ledger.sql (52.49ms)
2026/10/04 09:32:15 goose: successfully migrated database to version: 34
2026/10/04 09:32:16 OK   00001_roles_and_schemas.sql (58.55ms)
2026/10/04 09:32:16 goose: successfully migrated database to version: 1
2026/10/04 09:32:16 OK   00002_platform_meta.sql (206.43ms)
2026/10/04 09:32:16 OK   00003_finding.sql (20.91ms)
2026/10/04 09:32:16 OK   00004_incident.sql (15.41ms)
2026/10/04 09:32:16 OK   00005_investigation.sql (42.35ms)
2026/10/04 09:32:16 OK   00006_action_command.sql (33.95ms)
2026/10/04 09:32:16 OK   00007_audit.sql (98.45ms)
2026/10/04 09:32:16 OK   00008_rls.sql (53.16ms)
2026/10/04 09:32:16 OK   00009_idempotency_ledger.sql (51.37ms)
2026/10/04 09:32:16 OK   00010_tenant_provisioning.sql (59.73ms)
2026/10/04 09:32:16 OK   00011_source_registration_history.sql (51.37ms)
2026/10/04 09:32:16 OK   00012_config_registry_lifecycle.sql (41.4ms)
2026/10/04 09:32:16 OK   00013_audit_signed_segments.sql (54.5ms)
2026/10/04 09:32:16 OK   00014_audit_segment_predecessors.sql (20.63ms)
2026/10/04 09:32:16 OK   00015_source_schema_scope.sql (19.27ms)
2026/10/04 09:32:16 OK   00016_cluster_registration_metadata.sql (12.1ms)
2026/10/04 09:32:16 OK   00017_source_data_scope.sql (8.08ms)
2026/10/04 09:32:17 OK   00018_sp04_resources_evidence.sql (75.21ms)
2026/10/04 09:32:17 OK   00019_sp04_archive_ciphertext_bytes.sql (25.87ms)
2026/10/04 09:32:17 OK   00020_sp04_request_ledger.sql (38.82ms)
2026/10/04 09:32:17 OK   00021_sp04_archive_protection.sql (12.93ms)
2026/10/04 09:32:17 OK   00022_sp04_legal_hold_dependencies.sql (4.67ms)
2026/10/04 09:32:17 OK   00023_sp04_archive_query_intent.sql (4.99ms)
2026/10/04 09:32:17 OK   00024_sp05_finding_incident.sql (16.76ms)
2026/10/04 09:32:17 OK   00025_sp05_incident_event_time.sql (12.82ms)
2026/10/04 09:32:17 OK   00026_sp05_source_binding_lock.sql (44.27ms)
2026/10/04 09:32:17 OK   00027_sp05_rca_and_poll.sql (25.56ms)
2026/10/04 09:32:17 OK   00028_sp05_operator_lock.sql (12.14ms)
2026/10/04 09:32:17 OK   00029_sp05_evidence_links.sql (48.61ms)
2026/10/04 09:32:17 OK   00030_sp05_recipe_fence.sql (30.42ms)
2026/10/04 09:32:17 OK   00031_sp05_rca_postcheck.sql (58.49ms)
2026/10/04 09:32:17 OK   00032_sp05_transport_audit.sql (19.83ms)
2026/10/04 09:32:17 OK   00033_sp05_poll_resolution_clock.sql (31.56ms)
2026/10/04 09:32:17 OK   00034_sp06_investigation_ledger.sql (83.63ms)
2026/10/04 09:32:17 goose: successfully migrated database to version: 34
2026/10/04 09:33:47 OK   00001_roles_and_schemas.sql (27.37ms)
2026/10/04 09:33:47 goose: successfully migrated database to version: 1
2026/10/04 09:33:47 OK   00002_platform_meta.sql (58.26ms)
2026/10/04 09:33:47 OK   00003_finding.sql (32.63ms)
2026/10/04 09:33:47 OK   00004_incident.sql (9.31ms)
2026/10/04 09:33:47 OK   00005_investigation.sql (5.85ms)
2026/10/04 09:33:47 OK   00006_action_command.sql (4.97ms)
2026/10/04 09:33:48 OK   00007_audit.sql (26.91ms)
2026/10/04 09:33:48 OK   00008_rls.sql (11.5ms)
2026/10/04 09:33:48 OK   00009_idempotency_ledger.sql (10.3ms)
2026/10/04 09:33:48 OK   00010_tenant_provisioning.sql (25.86ms)
2026/10/04 09:33:48 OK   00011_source_registration_history.sql (19.09ms)
2026/10/04 09:33:48 OK   00012_config_registry_lifecycle.sql (24.26ms)
2026/10/04 09:33:48 OK   00013_audit_signed_segments.sql (29.25ms)
2026/10/04 09:33:48 OK   00014_audit_segment_predecessors.sql (12.58ms)
2026/10/04 09:33:48 OK   00015_source_schema_scope.sql (6.5ms)
2026/10/04 09:33:48 OK   00016_cluster_registration_metadata.sql (11.4ms)
2026/10/04 09:33:48 OK   00017_source_data_scope.sql (9.21ms)
2026/10/04 09:33:48 OK   00018_sp04_resources_evidence.sql (21.85ms)
2026/10/04 09:33:48 OK   00019_sp04_archive_ciphertext_bytes.sql (5.96ms)
2026/10/04 09:33:48 OK   00020_sp04_request_ledger.sql (9.26ms)
2026/10/04 09:33:48 OK   00021_sp04_archive_protection.sql (9.15ms)
2026/10/04 09:33:48 OK   00022_sp04_legal_hold_dependencies.sql (8.85ms)
2026/10/04 09:33:48 OK   00023_sp04_archive_query_intent.sql (3.72ms)
2026/10/04 09:33:48 OK   00024_sp05_finding_incident.sql (32.14ms)
2026/10/04 09:33:48 OK   00025_sp05_incident_event_time.sql (4.58ms)
2026/10/04 09:33:48 OK   00026_sp05_source_binding_lock.sql (7.11ms)
2026/10/04 09:33:48 OK   00027_sp05_rca_and_poll.sql (24.64ms)
2026/10/04 09:33:48 OK   00028_sp05_operator_lock.sql (5.1ms)
2026/10/04 09:33:48 OK   00029_sp05_evidence_links.sql (6.34ms)
2026/10/04 09:33:48 OK   00030_sp05_recipe_fence.sql (6.37ms)
2026/10/04 09:33:48 OK   00031_sp05_rca_postcheck.sql (4.95ms)
2026/10/04 09:33:48 OK   00032_sp05_transport_audit.sql (5.51ms)
2026/10/04 09:33:48 OK   00033_sp05_poll_resolution_clock.sql (8.36ms)
2026/10/04 09:33:48 OK   00034_sp06_investigation_ledger.sql (28.1ms)
2026/10/04 09:33:48 goose: successfully migrated database to version: 34
2026/10/04 09:33:57 OK   00001_roles_and_schemas.sql (26.97ms)
2026/10/04 09:33:57 goose: successfully migrated database to version: 1
2026/10/04 09:33:57 OK   00002_platform_meta.sql (102.27ms)
2026/10/04 09:33:57 OK   00003_finding.sql (39.14ms)
2026/10/04 09:33:58 OK   00004_incident.sql (31.82ms)
2026/10/04 09:33:58 OK   00005_investigation.sql (27.67ms)
2026/10/04 09:33:58 OK   00006_action_command.sql (9.62ms)
2026/10/04 09:33:58 OK   00007_audit.sql (20.53ms)
2026/10/04 09:33:58 OK   00008_rls.sql (23.21ms)
2026/10/04 09:33:58 OK   00009_idempotency_ledger.sql (10.02ms)
2026/10/04 09:33:58 OK   00010_tenant_provisioning.sql (7.96ms)
2026/10/04 09:33:58 OK   00011_source_registration_history.sql (38.77ms)
2026/10/04 09:33:58 OK   00012_config_registry_lifecycle.sql (12.01ms)
2026/10/04 09:33:58 OK   00013_audit_signed_segments.sql (29.44ms)
2026/10/04 09:33:58 OK   00014_audit_segment_predecessors.sql (12.56ms)
2026/10/04 09:33:58 OK   00015_source_schema_scope.sql (5.09ms)
2026/10/04 09:33:58 OK   00016_cluster_registration_metadata.sql (4.97ms)
2026/10/04 09:33:58 OK   00017_source_data_scope.sql (4.24ms)
2026/10/04 09:33:58 OK   00018_sp04_resources_evidence.sql (38.94ms)
2026/10/04 09:33:58 OK   00019_sp04_archive_ciphertext_bytes.sql (3.39ms)
2026/10/04 09:33:58 OK   00020_sp04_request_ledger.sql (4.78ms)
2026/10/04 09:33:58 OK   00021_sp04_archive_protection.sql (5.93ms)
2026/10/04 09:33:58 OK   00022_sp04_legal_hold_dependencies.sql (4.2ms)
2026/10/04 09:33:58 OK   00023_sp04_archive_query_intent.sql (7.29ms)
2026/10/04 09:33:58 OK   00024_sp05_finding_incident.sql (43.29ms)
2026/10/04 09:33:58 OK   00025_sp05_incident_event_time.sql (6.41ms)
2026/10/04 09:33:58 OK   00026_sp05_source_binding_lock.sql (8.59ms)
2026/10/04 09:33:58 OK   00027_sp05_rca_and_poll.sql (17.98ms)
2026/10/04 09:33:58 OK   00028_sp05_operator_lock.sql (3.45ms)
2026/10/04 09:33:58 OK   00029_sp05_evidence_links.sql (11.84ms)
2026/10/04 09:33:58 OK   00030_sp05_recipe_fence.sql (17.02ms)
2026/10/04 09:33:58 OK   00031_sp05_rca_postcheck.sql (6.39ms)
2026/10/04 09:33:58 OK   00032_sp05_transport_audit.sql (6.04ms)
2026/10/04 09:33:58 OK   00033_sp05_poll_resolution_clock.sql (5.46ms)
2026/10/04 09:33:58 OK   00034_sp06_investigation_ledger.sql (20.86ms)
2026/10/04 09:33:58 goose: successfully migrated database to version: 34
2026/10/04 09:33:58 OK   00001_roles_and_schemas.sql (8.62ms)
2026/10/04 09:33:58 goose: successfully migrated database to version: 1
2026/10/04 09:33:58 OK   00002_platform_meta.sql (32.34ms)
2026/10/04 09:33:58 OK   00003_finding.sql (25.62ms)
2026/10/04 09:33:58 OK   00004_incident.sql (8.14ms)
2026/10/04 09:33:58 OK   00005_investigation.sql (17.65ms)
2026/10/04 09:33:58 OK   00006_action_command.sql (12.32ms)
2026/10/04 09:33:58 OK   00007_audit.sql (15.19ms)
2026/10/04 09:33:58 OK   00008_rls.sql (14.95ms)
2026/10/04 09:33:58 OK   00009_idempotency_ledger.sql (11.22ms)
2026/10/04 09:33:58 OK   00010_tenant_provisioning.sql (5.4ms)
2026/10/04 09:33:58 OK   00011_source_registration_history.sql (15.75ms)
2026/10/04 09:33:58 OK   00012_config_registry_lifecycle.sql (29.12ms)
2026/10/04 09:33:58 OK   00013_audit_signed_segments.sql (53.36ms)
2026/10/04 09:33:58 OK   00014_audit_segment_predecessors.sql (11.23ms)
2026/10/04 09:33:58 OK   00015_source_schema_scope.sql (7.78ms)
2026/10/04 09:33:58 OK   00016_cluster_registration_metadata.sql (7.47ms)
2026/10/04 09:33:59 OK   00017_source_data_scope.sql (6.05ms)
2026/10/04 09:33:59 OK   00018_sp04_resources_evidence.sql (22.02ms)
2026/10/04 09:33:59 OK   00019_sp04_archive_ciphertext_bytes.sql (5.36ms)
2026/10/04 09:33:59 OK   00020_sp04_request_ledger.sql (9.66ms)
2026/10/04 09:33:59 OK   00021_sp04_archive_protection.sql (10.77ms)
2026/10/04 09:33:59 OK   00022_sp04_legal_hold_dependencies.sql (6.35ms)
2026/10/04 09:33:59 OK   00023_sp04_archive_query_intent.sql (5.69ms)
2026/10/04 09:33:59 OK   00024_sp05_finding_incident.sql (23.87ms)
2026/10/04 09:33:59 OK   00025_sp05_incident_event_time.sql (4.53ms)
2026/10/04 09:33:59 OK   00026_sp05_source_binding_lock.sql (6.39ms)
2026/10/04 09:33:59 OK   00027_sp05_rca_and_poll.sql (11.27ms)
2026/10/04 09:33:59 OK   00028_sp05_operator_lock.sql (4.82ms)
2026/10/04 09:33:59 OK   00029_sp05_evidence_links.sql (13.96ms)
2026/10/04 09:33:59 OK   00030_sp05_recipe_fence.sql (15.52ms)
2026/10/04 09:33:59 OK   00031_sp05_rca_postcheck.sql (4.66ms)
2026/10/04 09:33:59 OK   00032_sp05_transport_audit.sql (9.73ms)
2026/10/04 09:33:59 OK   00033_sp05_poll_resolution_clock.sql (16.71ms)
2026/10/04 09:33:59 OK   00034_sp06_investigation_ledger.sql (36.49ms)
2026/10/04 09:33:59 goose: successfully migrated database to version: 34
2026/10/04 09:33:59 OK   00001_roles_and_schemas.sql (11.56ms)
2026/10/04 09:33:59 goose: successfully migrated database to version: 1
2026/10/04 09:33:59 OK   00002_platform_meta.sql (37.49ms)
2026/10/04 09:33:59 OK   00003_finding.sql (23.37ms)
2026/10/04 09:33:59 OK   00004_incident.sql (12.97ms)
2026/10/04 09:33:59 OK   00005_investigation.sql (9.84ms)
2026/10/04 09:33:59 OK   00006_action_command.sql (11.18ms)
2026/10/04 09:33:59 OK   00007_audit.sql (23.73ms)
2026/10/04 09:33:59 OK   00008_rls.sql (13.64ms)
2026/10/04 09:33:59 OK   00009_idempotency_ledger.sql (26.63ms)
2026/10/04 09:33:59 OK   00010_tenant_provisioning.sql (18.12ms)
2026/10/04 09:33:59 OK   00011_source_registration_history.sql (11.2ms)
2026/10/04 09:33:59 OK   00012_config_registry_lifecycle.sql (37.94ms)
2026/10/04 09:33:59 OK   00013_audit_signed_segments.sql (11.22ms)
2026/10/04 09:33:59 OK   00014_audit_segment_predecessors.sql (33.44ms)
2026/10/04 09:33:59 OK   00015_source_schema_scope.sql (4.51ms)
2026/10/04 09:33:59 OK   00016_cluster_registration_metadata.sql (7.81ms)
2026/10/04 09:33:59 OK   00017_source_data_scope.sql (9.4ms)
2026/10/04 09:33:59 OK   00018_sp04_resources_evidence.sql (31.64ms)
2026/10/04 09:33:59 OK   00019_sp04_archive_ciphertext_bytes.sql (7.93ms)
2026/10/04 09:33:59 OK   00020_sp04_request_ledger.sql (50.33ms)
2026/10/04 09:33:59 OK   00021_sp04_archive_protection.sql (9.28ms)
2026/10/04 09:33:59 OK   00022_sp04_legal_hold_dependencies.sql (9.32ms)
2026/10/04 09:33:59 OK   00023_sp04_archive_query_intent.sql (9.58ms)
2026/10/04 09:33:59 OK   00024_sp05_finding_incident.sql (27.9ms)
2026/10/04 09:33:59 OK   00025_sp05_incident_event_time.sql (7.16ms)
2026/10/04 09:33:59 OK   00026_sp05_source_binding_lock.sql (6.69ms)
2026/10/04 09:33:59 OK   00027_sp05_rca_and_poll.sql (9.4ms)
2026/10/04 09:33:59 OK   00028_sp05_operator_lock.sql (9.12ms)
2026/10/04 09:34:00 OK   00029_sp05_evidence_links.sql (22.2ms)
2026/10/04 09:34:00 OK   00030_sp05_recipe_fence.sql (4.64ms)
2026/10/04 09:34:00 OK   00031_sp05_rca_postcheck.sql (3.53ms)
2026/10/04 09:34:00 OK   00032_sp05_transport_audit.sql (32.6ms)
2026/10/04 09:34:00 OK   00033_sp05_poll_resolution_clock.sql (13.34ms)
2026/10/04 09:34:00 OK   00034_sp06_investigation_ledger.sql (43.34ms)
2026/10/04 09:34:00 goose: successfully migrated database to version: 34
2026/10/04 09:34:00 OK   00001_roles_and_schemas.sql (10.19ms)
2026/10/04 09:34:00 goose: successfully migrated database to version: 1
2026/10/04 09:34:00 OK   00002_platform_meta.sql (28.6ms)
2026/10/04 09:34:00 OK   00003_finding.sql (16.66ms)
2026/10/04 09:34:00 OK   00004_incident.sql (8.01ms)
2026/10/04 09:34:00 OK   00005_investigation.sql (7.42ms)
2026/10/04 09:34:00 OK   00006_action_command.sql (5.91ms)
2026/10/04 09:34:00 OK   00007_audit.sql (25.74ms)
2026/10/04 09:34:00 OK   00008_rls.sql (16.19ms)
2026/10/04 09:34:00 OK   00009_idempotency_ledger.sql (29.83ms)
2026/10/04 09:34:00 OK   00010_tenant_provisioning.sql (5.94ms)
2026/10/04 09:34:00 OK   00011_source_registration_history.sql (6.57ms)
2026/10/04 09:34:00 OK   00012_config_registry_lifecycle.sql (9.58ms)
2026/10/04 09:34:00 OK   00013_audit_signed_segments.sql (38.36ms)
2026/10/04 09:34:00 OK   00014_audit_segment_predecessors.sql (14.5ms)
2026/10/04 09:34:00 OK   00015_source_schema_scope.sql (6.7ms)
2026/10/04 09:34:00 OK   00016_cluster_registration_metadata.sql (11.83ms)
2026/10/04 09:34:00 OK   00017_source_data_scope.sql (4.93ms)
2026/10/04 09:34:00 OK   00018_sp04_resources_evidence.sql (38.06ms)
2026/10/04 09:34:00 OK   00019_sp04_archive_ciphertext_bytes.sql (5.86ms)
2026/10/04 09:34:00 OK   00020_sp04_request_ledger.sql (5.62ms)
2026/10/04 09:34:00 OK   00021_sp04_archive_protection.sql (5.33ms)
2026/10/04 09:34:00 OK   00022_sp04_legal_hold_dependencies.sql (4.6ms)
2026/10/04 09:34:00 OK   00023_sp04_archive_query_intent.sql (5.3ms)
2026/10/04 09:34:00 OK   00024_sp05_finding_incident.sql (40.04ms)
2026/10/04 09:34:00 OK   00025_sp05_incident_event_time.sql (6.59ms)
2026/10/04 09:34:00 OK   00026_sp05_source_binding_lock.sql (9.14ms)
2026/10/04 09:34:00 OK   00027_sp05_rca_and_poll.sql (12.92ms)
2026/10/04 09:34:00 OK   00028_sp05_operator_lock.sql (3.65ms)
2026/10/04 09:34:00 OK   00029_sp05_evidence_links.sql (5.46ms)
2026/10/04 09:34:00 OK   00030_sp05_recipe_fence.sql (2.77ms)
2026/10/04 09:34:00 OK   00031_sp05_rca_postcheck.sql (2.94ms)
2026/10/04 09:34:00 OK   00032_sp05_transport_audit.sql (3.9ms)
2026/10/04 09:34:00 OK   00033_sp05_poll_resolution_clock.sql (8.01ms)
2026/10/04 09:34:00 OK   00034_sp06_investigation_ledger.sql (41.59ms)
2026/10/04 09:34:00 goose: successfully migrated database to version: 34
2026/10/04 09:34:01 OK   00001_roles_and_schemas.sql (31.25ms)
2026/10/04 09:34:01 goose: successfully migrated database to version: 1
2026/10/04 09:34:01 OK   00002_platform_meta.sql (38.27ms)
2026/10/04 09:34:01 OK   00003_finding.sql (21.52ms)
2026/10/04 09:34:01 OK   00004_incident.sql (14.64ms)
2026/10/04 09:34:01 OK   00005_investigation.sql (7.17ms)
2026/10/04 09:34:01 OK   00006_action_command.sql (20.35ms)
2026/10/04 09:34:01 OK   00007_audit.sql (28.43ms)
2026/10/04 09:34:01 OK   00008_rls.sql (33.81ms)
2026/10/04 09:34:01 OK   00009_idempotency_ledger.sql (16.79ms)
2026/10/04 09:34:01 OK   00010_tenant_provisioning.sql (12.2ms)
2026/10/04 09:34:01 OK   00011_source_registration_history.sql (17.46ms)
2026/10/04 09:34:01 OK   00012_config_registry_lifecycle.sql (11.04ms)
2026/10/04 09:34:01 OK   00013_audit_signed_segments.sql (25.69ms)
2026/10/04 09:34:01 OK   00014_audit_segment_predecessors.sql (8.22ms)
2026/10/04 09:34:01 OK   00015_source_schema_scope.sql (6.46ms)
2026/10/04 09:34:01 OK   00016_cluster_registration_metadata.sql (11.33ms)
2026/10/04 09:34:01 OK   00017_source_data_scope.sql (11.81ms)
2026/10/04 09:34:01 OK   00018_sp04_resources_evidence.sql (21.88ms)
2026/10/04 09:34:01 OK   00019_sp04_archive_ciphertext_bytes.sql (6.49ms)
2026/10/04 09:34:01 OK   00020_sp04_request_ledger.sql (6.82ms)
2026/10/04 09:34:01 OK   00021_sp04_archive_protection.sql (3.96ms)
2026/10/04 09:34:01 OK   00022_sp04_legal_hold_dependencies.sql (3.04ms)
2026/10/04 09:34:01 OK   00023_sp04_archive_query_intent.sql (4.45ms)
2026/10/04 09:34:01 OK   00024_sp05_finding_incident.sql (37.14ms)
2026/10/04 09:34:01 OK   00025_sp05_incident_event_time.sql (2.63ms)
2026/10/04 09:34:01 OK   00026_sp05_source_binding_lock.sql (2.84ms)
2026/10/04 09:34:01 OK   00027_sp05_rca_and_poll.sql (33.56ms)
2026/10/04 09:34:01 OK   00028_sp05_operator_lock.sql (3.63ms)
2026/10/04 09:34:01 OK   00029_sp05_evidence_links.sql (5.87ms)
2026/10/04 09:34:01 OK   00030_sp05_recipe_fence.sql (2.76ms)
2026/10/04 09:34:01 OK   00031_sp05_rca_postcheck.sql (2.44ms)
2026/10/04 09:34:01 OK   00032_sp05_transport_audit.sql (4.04ms)
2026/10/04 09:34:01 OK   00033_sp05_poll_resolution_clock.sql (26.44ms)
2026/10/04 09:34:01 OK   00034_sp06_investigation_ledger.sql (40.09ms)
2026/10/04 09:34:01 goose: successfully migrated database to version: 34
2026/10/04 09:34:02 OK   00001_roles_and_schemas.sql (26.72ms)
2026/10/04 09:34:02 goose: successfully migrated database to version: 1
2026/10/04 09:34:02 OK   00002_platform_meta.sql (39.38ms)
2026/10/04 09:34:02 OK   00003_finding.sql (8.75ms)
2026/10/04 09:34:02 OK   00004_incident.sql (12.68ms)
2026/10/04 09:34:02 OK   00005_investigation.sql (14.14ms)
2026/10/04 09:34:02 OK   00006_action_command.sql (15.65ms)
2026/10/04 09:34:02 OK   00007_audit.sql (25.06ms)
2026/10/04 09:34:02 OK   00008_rls.sql (9.55ms)
2026/10/04 09:34:02 OK   00009_idempotency_ledger.sql (27.54ms)
2026/10/04 09:34:02 OK   00010_tenant_provisioning.sql (5.05ms)
2026/10/04 09:34:02 OK   00011_source_registration_history.sql (16.6ms)
2026/10/04 09:34:02 OK   00012_config_registry_lifecycle.sql (17.92ms)
2026/10/04 09:34:02 OK   00013_audit_signed_segments.sql (12.75ms)
2026/10/04 09:34:02 OK   00014_audit_segment_predecessors.sql (6.39ms)
2026/10/04 09:34:02 OK   00015_source_schema_scope.sql (4.3ms)
2026/10/04 09:34:02 OK   00016_cluster_registration_metadata.sql (6.15ms)
2026/10/04 09:34:02 OK   00017_source_data_scope.sql (4.89ms)
2026/10/04 09:34:02 OK   00018_sp04_resources_evidence.sql (30.44ms)
2026/10/04 09:34:02 OK   00019_sp04_archive_ciphertext_bytes.sql (5.55ms)
2026/10/04 09:34:02 OK   00020_sp04_request_ledger.sql (7.27ms)
2026/10/04 09:34:02 OK   00021_sp04_archive_protection.sql (3.15ms)
2026/10/04 09:34:02 OK   00022_sp04_legal_hold_dependencies.sql (4.59ms)
2026/10/04 09:34:02 OK   00023_sp04_archive_query_intent.sql (5.4ms)
2026/10/04 09:34:02 OK   00024_sp05_finding_incident.sql (35.11ms)
2026/10/04 09:34:02 OK   00025_sp05_incident_event_time.sql (4.07ms)
2026/10/04 09:34:02 OK   00026_sp05_source_binding_lock.sql (4.87ms)
2026/10/04 09:34:02 OK   00027_sp05_rca_and_poll.sql (23.42ms)
2026/10/04 09:34:02 OK   00028_sp05_operator_lock.sql (9.53ms)
2026/10/04 09:34:02 OK   00029_sp05_evidence_links.sql (7.36ms)
2026/10/04 09:34:02 OK   00030_sp05_recipe_fence.sql (4.38ms)
2026/10/04 09:34:02 OK   00031_sp05_rca_postcheck.sql (6.79ms)
2026/10/04 09:34:02 OK   00032_sp05_transport_audit.sql (24.27ms)
2026/10/04 09:34:02 OK   00033_sp05_poll_resolution_clock.sql (5.38ms)
2026/10/04 09:34:02 OK   00034_sp06_investigation_ledger.sql (48.87ms)
2026/10/04 09:34:02 goose: successfully migrated database to version: 34
2026/10/04 09:34:34 OK   00001_roles_and_schemas.sql (47.05ms)
2026/10/04 09:34:34 goose: successfully migrated database to version: 1
2026/10/04 09:34:34 OK   00002_platform_meta.sql (65.05ms)
2026/10/04 09:34:34 OK   00003_finding.sql (16.64ms)
2026/10/04 09:34:34 OK   00004_incident.sql (52.79ms)
2026/10/04 09:34:34 OK   00005_investigation.sql (18.78ms)
2026/10/04 09:34:34 OK   00006_action_command.sql (29.69ms)
2026/10/04 09:34:34 OK   00007_audit.sql (53.8ms)
2026/10/04 09:34:34 OK   00008_rls.sql (49.82ms)
2026/10/04 09:34:34 OK   00009_idempotency_ledger.sql (48.93ms)
2026/10/04 09:34:34 OK   00010_tenant_provisioning.sql (31.42ms)
2026/10/04 09:34:34 OK   00011_source_registration_history.sql (50.16ms)
2026/10/04 09:34:34 OK   00012_config_registry_lifecycle.sql (70.55ms)
2026/10/04 09:34:35 OK   00013_audit_signed_segments.sql (123.66ms)
2026/10/04 09:34:35 OK   00014_audit_segment_predecessors.sql (7.76ms)
2026/10/04 09:34:35 OK   00015_source_schema_scope.sql (5.24ms)
2026/10/04 09:34:35 OK   00016_cluster_registration_metadata.sql (11.54ms)
2026/10/04 09:34:35 OK   00017_source_data_scope.sql (8.6ms)
2026/10/04 09:34:35 OK   00018_sp04_resources_evidence.sql (127.01ms)
2026/10/04 09:34:35 OK   00019_sp04_archive_ciphertext_bytes.sql (21.19ms)
2026/10/04 09:34:35 OK   00020_sp04_request_ledger.sql (15.72ms)
2026/10/04 09:34:35 OK   00021_sp04_archive_protection.sql (16.78ms)
2026/10/04 09:34:35 OK   00022_sp04_legal_hold_dependencies.sql (9.53ms)
2026/10/04 09:34:35 OK   00023_sp04_archive_query_intent.sql (7.29ms)
2026/10/04 09:34:35 OK   00024_sp05_finding_incident.sql (75.44ms)
2026/10/04 09:34:35 OK   00025_sp05_incident_event_time.sql (5.72ms)
2026/10/04 09:34:35 OK   00026_sp05_source_binding_lock.sql (30.3ms)
2026/10/04 09:34:35 OK   00027_sp05_rca_and_poll.sql (26.99ms)
2026/10/04 09:34:35 OK   00028_sp05_operator_lock.sql (6.77ms)
2026/10/04 09:34:35 OK   00029_sp05_evidence_links.sql (22.68ms)
2026/10/04 09:34:35 OK   00030_sp05_recipe_fence.sql (41.48ms)
2026/10/04 09:34:35 OK   00031_sp05_rca_postcheck.sql (5.45ms)
2026/10/04 09:34:35 OK   00032_sp05_transport_audit.sql (17.71ms)
2026/10/04 09:34:35 OK   00033_sp05_poll_resolution_clock.sql (28.27ms)
2026/10/04 09:34:35 OK   00034_sp06_investigation_ledger.sql (58.34ms)
2026/10/04 09:34:35 goose: successfully migrated database to version: 34
2026/10/04 09:34:37 OK   00001_roles_and_schemas.sql (45.59ms)
2026/10/04 09:34:37 goose: successfully migrated database to version: 1
2026/10/04 09:34:37 OK   00002_platform_meta.sql (105.99ms)
2026/10/04 09:34:37 OK   00003_finding.sql (60.89ms)
2026/10/04 09:34:37 OK   00004_incident.sql (18.98ms)
2026/10/04 09:34:37 OK   00005_investigation.sql (33.02ms)
2026/10/04 09:34:37 OK   00006_action_command.sql (26.23ms)
2026/10/04 09:34:37 OK   00007_audit.sql (52.47ms)
2026/10/04 09:34:37 OK   00008_rls.sql (17.93ms)
2026/10/04 09:34:37 OK   00009_idempotency_ledger.sql (19.05ms)
2026/10/04 09:34:37 OK   00010_tenant_provisioning.sql (9.77ms)
2026/10/04 09:34:37 OK   00011_source_registration_history.sql (29.09ms)
2026/10/04 09:34:37 OK   00012_config_registry_lifecycle.sql (44.98ms)
2026/10/04 09:34:37 OK   00013_audit_signed_segments.sql (30.14ms)
2026/10/04 09:34:37 OK   00014_audit_segment_predecessors.sql (17.82ms)
2026/10/04 09:34:37 OK   00015_source_schema_scope.sql (18.76ms)
2026/10/04 09:34:37 OK   00016_cluster_registration_metadata.sql (7.91ms)
2026/10/04 09:34:37 OK   00017_source_data_scope.sql (41.2ms)
2026/10/04 09:34:37 OK   00018_sp04_resources_evidence.sql (45.22ms)
2026/10/04 09:34:37 OK   00019_sp04_archive_ciphertext_bytes.sql (5.35ms)
2026/10/04 09:34:37 OK   00020_sp04_request_ledger.sql (13.9ms)
2026/10/04 09:34:37 OK   00021_sp04_archive_protection.sql (7.6ms)
2026/10/04 09:34:37 OK   00022_sp04_legal_hold_dependencies.sql (4.83ms)
2026/10/04 09:34:37 OK   00023_sp04_archive_query_intent.sql (10.65ms)
2026/10/04 09:34:37 OK   00024_sp05_finding_incident.sql (149.84ms)
2026/10/04 09:34:37 OK   00025_sp05_incident_event_time.sql (35.32ms)
2026/10/04 09:34:37 OK   00026_sp05_source_binding_lock.sql (6.31ms)
2026/10/04 09:34:37 OK   00027_sp05_rca_and_poll.sql (26.72ms)
2026/10/04 09:34:38 OK   00028_sp05_operator_lock.sql (21.27ms)
2026/10/04 09:34:38 OK   00029_sp05_evidence_links.sql (45.55ms)
2026/10/04 09:34:38 OK   00030_sp05_recipe_fence.sql (4.26ms)
2026/10/04 09:34:38 OK   00031_sp05_rca_postcheck.sql (37.98ms)
2026/10/04 09:34:38 OK   00032_sp05_transport_audit.sql (3.76ms)
2026/10/04 09:34:38 OK   00033_sp05_poll_resolution_clock.sql (43.61ms)
2026/10/04 09:34:38 OK   00034_sp06_investigation_ledger.sql (95.49ms)
2026/10/04 09:34:38 goose: successfully migrated database to version: 34
2026/10/04 09:34:38 OK   00001_roles_and_schemas.sql (56.31ms)
2026/10/04 09:34:38 goose: successfully migrated database to version: 1
2026/10/04 09:34:38 OK   00002_platform_meta.sql (77.98ms)
2026/10/04 09:34:38 OK   00003_finding.sql (106.22ms)
2026/10/04 09:34:38 OK   00004_incident.sql (8.71ms)
2026/10/04 09:34:38 OK   00005_investigation.sql (12.91ms)
2026/10/04 09:34:39 OK   00006_action_command.sql (42.8ms)
2026/10/04 09:34:39 OK   00007_audit.sql (55.85ms)
2026/10/04 09:34:39 OK   00008_rls.sql (126.32ms)
2026/10/04 09:34:39 OK   00009_idempotency_ledger.sql (68.01ms)
2026/10/04 09:34:39 OK   00010_tenant_provisioning.sql (53.51ms)
2026/10/04 09:34:39 OK   00011_source_registration_history.sql (54.13ms)
2026/10/04 09:34:39 OK   00012_config_registry_lifecycle.sql (65.38ms)
2026/10/04 09:34:39 OK   00013_audit_signed_segments.sql (84.58ms)
2026/10/04 09:34:39 OK   00014_audit_segment_predecessors.sql (59.69ms)
2026/10/04 09:34:39 OK   00015_source_schema_scope.sql (9.69ms)
2026/10/04 09:34:39 OK   00016_cluster_registration_metadata.sql (22.39ms)
2026/10/04 09:34:39 OK   00017_source_data_scope.sql (32.83ms)
2026/10/04 09:34:39 OK   00018_sp04_resources_evidence.sql (87.78ms)
2026/10/04 09:34:39 OK   00019_sp04_archive_ciphertext_bytes.sql (27.57ms)
2026/10/04 09:34:39 OK   00020_sp04_request_ledger.sql (7.04ms)
2026/10/04 09:34:39 OK   00021_sp04_archive_protection.sql (41.35ms)
2026/10/04 09:34:39 OK   00022_sp04_legal_hold_dependencies.sql (4.33ms)
2026/10/04 09:34:39 OK   00023_sp04_archive_query_intent.sql (22.03ms)
2026/10/04 09:34:39 OK   00024_sp05_finding_incident.sql (79.66ms)
2026/10/04 09:34:39 OK   00025_sp05_incident_event_time.sql (9.75ms)
2026/10/04 09:34:39 OK   00026_sp05_source_binding_lock.sql (43.82ms)
2026/10/04 09:34:40 OK   00027_sp05_rca_and_poll.sql (13.29ms)
2026/10/04 09:34:40 OK   00028_sp05_operator_lock.sql (4.95ms)
2026/10/04 09:34:40 OK   00029_sp05_evidence_links.sql (14.1ms)
2026/10/04 09:34:40 OK   00030_sp05_recipe_fence.sql (37.15ms)
2026/10/04 09:34:40 OK   00031_sp05_rca_postcheck.sql (5.46ms)
2026/10/04 09:34:40 OK   00032_sp05_transport_audit.sql (42.08ms)
2026/10/04 09:34:40 OK   00033_sp05_poll_resolution_clock.sql (5.2ms)
2026/10/04 09:34:40 OK   00034_sp06_investigation_ledger.sql (52.79ms)
2026/10/04 09:34:40 goose: successfully migrated database to version: 34
2026/10/04 09:34:42 OK   00001_roles_and_schemas.sql (40.23ms)
2026/10/04 09:34:42 goose: successfully migrated database to version: 1
2026/10/04 09:34:42 OK   00002_platform_meta.sql (51ms)
2026/10/04 09:34:42 OK   00003_finding.sql (49.19ms)
2026/10/04 09:34:42 OK   00004_incident.sql (48.69ms)
2026/10/04 09:34:42 OK   00005_investigation.sql (11.09ms)
2026/10/04 09:34:42 OK   00006_action_command.sql (47.45ms)
2026/10/04 09:34:42 OK   00007_audit.sql (37.66ms)
2026/10/04 09:34:42 OK   00008_rls.sql (21.66ms)
2026/10/04 09:34:43 OK   00009_idempotency_ledger.sql (11.58ms)
2026/10/04 09:34:43 OK   00010_tenant_provisioning.sql (23.67ms)
2026/10/04 09:34:43 OK   00011_source_registration_history.sql (18.57ms)
2026/10/04 09:34:43 OK   00012_config_registry_lifecycle.sql (54.98ms)
2026/10/04 09:34:43 OK   00013_audit_signed_segments.sql (64.27ms)
2026/10/04 09:34:43 OK   00014_audit_segment_predecessors.sql (16.23ms)
2026/10/04 09:34:43 OK   00015_source_schema_scope.sql (35.67ms)
2026/10/04 09:34:43 OK   00016_cluster_registration_metadata.sql (7.83ms)
2026/10/04 09:34:43 OK   00017_source_data_scope.sql (13.5ms)
2026/10/04 09:34:43 OK   00018_sp04_resources_evidence.sql (53.16ms)
2026/10/04 09:34:43 OK   00019_sp04_archive_ciphertext_bytes.sql (9.48ms)
2026/10/04 09:34:43 OK   00020_sp04_request_ledger.sql (8.11ms)
2026/10/04 09:34:43 OK   00021_sp04_archive_protection.sql (20.96ms)
2026/10/04 09:34:43 OK   00022_sp04_legal_hold_dependencies.sql (12.8ms)
2026/10/04 09:34:43 OK   00023_sp04_archive_query_intent.sql (10.01ms)
2026/10/04 09:34:43 OK   00024_sp05_finding_incident.sql (53.52ms)
2026/10/04 09:34:43 OK   00025_sp05_incident_event_time.sql (14.84ms)
2026/10/04 09:34:43 OK   00026_sp05_source_binding_lock.sql (15.34ms)
2026/10/04 09:34:43 OK   00027_sp05_rca_and_poll.sql (25.95ms)
2026/10/04 09:34:43 OK   00028_sp05_operator_lock.sql (8.94ms)
2026/10/04 09:34:43 OK   00029_sp05_evidence_links.sql (9.62ms)
2026/10/04 09:34:43 OK   00030_sp05_recipe_fence.sql (4.96ms)
2026/10/04 09:34:43 OK   00031_sp05_rca_postcheck.sql (4.21ms)
2026/10/04 09:34:43 OK   00032_sp05_transport_audit.sql (4.85ms)
2026/10/04 09:34:43 OK   00033_sp05_poll_resolution_clock.sql (5.65ms)
2026/10/04 09:34:43 OK   00034_sp06_investigation_ledger.sql (62.49ms)
2026/10/04 09:34:43 goose: successfully migrated database to version: 34
2026/10/04 09:34:44 OK   00001_roles_and_schemas.sql (52.53ms)
2026/10/04 09:34:44 goose: successfully migrated database to version: 1
2026/10/04 09:34:44 OK   00002_platform_meta.sql (57.06ms)
2026/10/04 09:34:44 OK   00003_finding.sql (52.05ms)
2026/10/04 09:34:44 OK   00004_incident.sql (26.17ms)
2026/10/04 09:34:44 OK   00005_investigation.sql (29.49ms)
2026/10/04 09:34:44 OK   00006_action_command.sql (51.2ms)
2026/10/04 09:34:44 OK   00007_audit.sql (13.83ms)
2026/10/04 09:34:44 OK   00008_rls.sql (27.91ms)
2026/10/04 09:34:44 OK   00009_idempotency_ledger.sql (30.52ms)
2026/10/04 09:34:44 OK   00010_tenant_provisioning.sql (12.39ms)
2026/10/04 09:34:45 OK   00011_source_registration_history.sql (95.86ms)
2026/10/04 09:34:45 OK   00012_config_registry_lifecycle.sql (47.74ms)
2026/10/04 09:34:45 OK   00013_audit_signed_segments.sql (54.17ms)
2026/10/04 09:34:45 OK   00014_audit_segment_predecessors.sql (20.53ms)
2026/10/04 09:34:45 OK   00015_source_schema_scope.sql (24.86ms)
2026/10/04 09:34:45 OK   00016_cluster_registration_metadata.sql (22.48ms)
2026/10/04 09:34:45 OK   00017_source_data_scope.sql (35.66ms)
2026/10/04 09:34:45 OK   00018_sp04_resources_evidence.sql (33.63ms)
2026/10/04 09:34:45 OK   00019_sp04_archive_ciphertext_bytes.sql (6.78ms)
2026/10/04 09:34:45 OK   00020_sp04_request_ledger.sql (14.35ms)
2026/10/04 09:34:45 OK   00021_sp04_archive_protection.sql (3.89ms)
2026/10/04 09:34:45 OK   00022_sp04_legal_hold_dependencies.sql (3.61ms)
2026/10/04 09:34:45 OK   00023_sp04_archive_query_intent.sql (9.15ms)
2026/10/04 09:34:45 OK   00024_sp05_finding_incident.sql (58.68ms)
2026/10/04 09:34:45 OK   00025_sp05_incident_event_time.sql (6.6ms)
2026/10/04 09:34:45 OK   00026_sp05_source_binding_lock.sql (27.38ms)
2026/10/04 09:34:45 OK   00027_sp05_rca_and_poll.sql (12.86ms)
2026/10/04 09:34:45 OK   00028_sp05_operator_lock.sql (5.98ms)
2026/10/04 09:34:45 OK   00029_sp05_evidence_links.sql (28.95ms)
2026/10/04 09:34:45 OK   00030_sp05_recipe_fence.sql (5.64ms)
2026/10/04 09:34:45 OK   00031_sp05_rca_postcheck.sql (24.08ms)
2026/10/04 09:34:45 OK   00032_sp05_transport_audit.sql (25.46ms)
2026/10/04 09:34:45 OK   00033_sp05_poll_resolution_clock.sql (5.72ms)
2026/10/04 09:34:45 OK   00034_sp06_investigation_ledger.sql (74.04ms)
2026/10/04 09:34:45 goose: successfully migrated database to version: 34
2026/10/04 09:34:58 OK   00001_roles_and_schemas.sql (119.13ms)
2026/10/04 09:34:58 goose: successfully migrated database to version: 1
2026/10/04 09:34:59 OK   00002_platform_meta.sql (166.68ms)
2026/10/04 09:34:59 OK   00003_finding.sql (27.33ms)
2026/10/04 09:34:59 OK   00004_incident.sql (36.74ms)
2026/10/04 09:34:59 OK   00005_investigation.sql (62.79ms)
2026/10/04 09:34:59 OK   00006_action_command.sql (43.54ms)
2026/10/04 09:34:59 OK   00007_audit.sql (30.48ms)
2026/10/04 09:34:59 OK   00008_rls.sql (25.54ms)
2026/10/04 09:34:59 OK   00009_idempotency_ledger.sql (30.08ms)
2026/10/04 09:34:59 OK   00010_tenant_provisioning.sql (24.67ms)
2026/10/04 09:34:59 OK   00011_source_registration_history.sql (35.68ms)
2026/10/04 09:34:59 OK   00012_config_registry_lifecycle.sql (21.93ms)
2026/10/04 09:34:59 OK   00013_audit_signed_segments.sql (76.45ms)
2026/10/04 09:34:59 OK   00014_audit_segment_predecessors.sql (15.34ms)
2026/10/04 09:34:59 OK   00015_source_schema_scope.sql (9.41ms)
2026/10/04 09:34:59 OK   00016_cluster_registration_metadata.sql (48.98ms)
2026/10/04 09:34:59 OK   00017_source_data_scope.sql (15.14ms)
2026/10/04 09:34:59 OK   00018_sp04_resources_evidence.sql (45.27ms)
2026/10/04 09:34:59 OK   00019_sp04_archive_ciphertext_bytes.sql (12.2ms)
2026/10/04 09:34:59 OK   00020_sp04_request_ledger.sql (9.23ms)
2026/10/04 09:34:59 OK   00021_sp04_archive_protection.sql (51.37ms)
2026/10/04 09:34:59 OK   00022_sp04_legal_hold_dependencies.sql (5.87ms)
2026/10/04 09:34:59 OK   00023_sp04_archive_query_intent.sql (6.22ms)
2026/10/04 09:34:59 OK   00024_sp05_finding_incident.sql (117.43ms)
2026/10/04 09:34:59 OK   00025_sp05_incident_event_time.sql (31.15ms)
2026/10/04 09:34:59 OK   00026_sp05_source_binding_lock.sql (15.05ms)
2026/10/04 09:35:00 OK   00027_sp05_rca_and_poll.sql (51.19ms)
2026/10/04 09:35:00 OK   00028_sp05_operator_lock.sql (12.79ms)
2026/10/04 09:35:00 OK   00029_sp05_evidence_links.sql (50.74ms)
2026/10/04 09:35:00 OK   00030_sp05_recipe_fence.sql (10.03ms)
2026/10/04 09:35:00 OK   00031_sp05_rca_postcheck.sql (53.74ms)
2026/10/04 09:35:00 OK   00032_sp05_transport_audit.sql (18.57ms)
2026/10/04 09:35:00 OK   00033_sp05_poll_resolution_clock.sql (41.08ms)
2026/10/04 09:35:00 OK   00034_sp06_investigation_ledger.sql (60.95ms)
2026/10/04 09:35:00 goose: successfully migrated database to version: 34
2026/10/04 09:35:00 OK   00001_roles_and_schemas.sql (13.93ms)
2026/10/04 09:35:00 goose: successfully migrated database to version: 1
2026/10/04 09:35:01 OK   00002_platform_meta.sql (42.64ms)
2026/10/04 09:35:01 OK   00003_finding.sql (38.2ms)
2026/10/04 09:35:01 OK   00004_incident.sql (38ms)
2026/10/04 09:35:01 OK   00005_investigation.sql (73.57ms)
2026/10/04 09:35:01 OK   00006_action_command.sql (56.25ms)
2026/10/04 09:35:01 OK   00007_audit.sql (59.6ms)
2026/10/04 09:35:01 OK   00008_rls.sql (16.93ms)
2026/10/04 09:35:01 OK   00009_idempotency_ledger.sql (29.91ms)
2026/10/04 09:35:01 OK   00010_tenant_provisioning.sql (6.86ms)
2026/10/04 09:35:01 OK   00011_source_registration_history.sql (43.5ms)
2026/10/04 09:35:01 OK   00012_config_registry_lifecycle.sql (12.65ms)
2026/10/04 09:35:01 OK   00013_audit_signed_segments.sql (85.88ms)
2026/10/04 09:35:01 OK   00014_audit_segment_predecessors.sql (9.73ms)
2026/10/04 09:35:01 OK   00015_source_schema_scope.sql (3.57ms)
2026/10/04 09:35:01 OK   00016_cluster_registration_metadata.sql (5.13ms)
2026/10/04 09:35:01 OK   00017_source_data_scope.sql (4.12ms)
2026/10/04 09:35:01 OK   00018_sp04_resources_evidence.sql (59.05ms)
2026/10/04 09:35:01 OK   00019_sp04_archive_ciphertext_bytes.sql (4.58ms)
2026/10/04 09:35:01 OK   00020_sp04_request_ledger.sql (7.63ms)
2026/10/04 09:35:01 OK   00021_sp04_archive_protection.sql (5.95ms)
2026/10/04 09:35:01 OK   00022_sp04_legal_hold_dependencies.sql (46.69ms)
2026/10/04 09:35:01 OK   00023_sp04_archive_query_intent.sql (5.1ms)
2026/10/04 09:35:01 OK   00024_sp05_finding_incident.sql (49.34ms)
2026/10/04 09:35:01 OK   00025_sp05_incident_event_time.sql (5.7ms)
2026/10/04 09:35:01 OK   00026_sp05_source_binding_lock.sql (8.96ms)
2026/10/04 09:35:01 OK   00027_sp05_rca_and_poll.sql (19.62ms)
2026/10/04 09:35:01 OK   00028_sp05_operator_lock.sql (12.33ms)
2026/10/04 09:35:01 OK   00029_sp05_evidence_links.sql (69.15ms)
2026/10/04 09:35:01 OK   00030_sp05_recipe_fence.sql (5.1ms)
2026/10/04 09:35:01 OK   00031_sp05_rca_postcheck.sql (3.96ms)
2026/10/04 09:35:01 OK   00032_sp05_transport_audit.sql (43.77ms)
2026/10/04 09:35:01 OK   00033_sp05_poll_resolution_clock.sql (5.12ms)
2026/10/04 09:35:01 OK   00034_sp06_investigation_ledger.sql (105.69ms)
2026/10/04 09:35:01 goose: successfully migrated database to version: 34
2026/10/04 09:35:02 OK   00001_roles_and_schemas.sql (27.87ms)
2026/10/04 09:35:02 goose: successfully migrated database to version: 1
2026/10/04 09:35:02 OK   00002_platform_meta.sql (84.73ms)
2026/10/04 09:35:02 OK   00003_finding.sql (20.85ms)
2026/10/04 09:35:02 OK   00004_incident.sql (14.53ms)
2026/10/04 09:35:02 OK   00005_investigation.sql (12.98ms)
2026/10/04 09:35:02 OK   00006_action_command.sql (41.54ms)
2026/10/04 09:35:02 OK   00007_audit.sql (51.07ms)
2026/10/04 09:35:02 OK   00008_rls.sql (16.59ms)
2026/10/04 09:35:02 OK   00009_idempotency_ledger.sql (27.82ms)
2026/10/04 09:35:02 OK   00010_tenant_provisioning.sql (10.04ms)
2026/10/04 09:35:02 OK   00011_source_registration_history.sql (21.38ms)
2026/10/04 09:35:02 OK   00012_config_registry_lifecycle.sql (43.22ms)
2026/10/04 09:35:02 OK   00013_audit_signed_segments.sql (37.52ms)
2026/10/04 09:35:02 OK   00014_audit_segment_predecessors.sql (19.45ms)
2026/10/04 09:35:02 OK   00015_source_schema_scope.sql (8.29ms)
2026/10/04 09:35:02 OK   00016_cluster_registration_metadata.sql (14.52ms)
2026/10/04 09:35:02 OK   00017_source_data_scope.sql (8.62ms)
2026/10/04 09:35:02 OK   00018_sp04_resources_evidence.sql (56.63ms)
2026/10/04 09:35:02 OK   00019_sp04_archive_ciphertext_bytes.sql (33.21ms)
2026/10/04 09:35:02 OK   00020_sp04_request_ledger.sql (7.99ms)
2026/10/04 09:35:02 OK   00021_sp04_archive_protection.sql (32.7ms)
2026/10/04 09:35:02 OK   00022_sp04_legal_hold_dependencies.sql (15.15ms)
2026/10/04 09:35:02 OK   00023_sp04_archive_query_intent.sql (18.07ms)
2026/10/04 09:35:03 OK   00024_sp05_finding_incident.sql (79.3ms)
2026/10/04 09:35:03 OK   00025_sp05_incident_event_time.sql (6.08ms)
2026/10/04 09:35:03 OK   00026_sp05_source_binding_lock.sql (9.92ms)
2026/10/04 09:35:03 OK   00027_sp05_rca_and_poll.sql (30.7ms)
2026/10/04 09:35:03 OK   00028_sp05_operator_lock.sql (8.69ms)
2026/10/04 09:35:03 OK   00029_sp05_evidence_links.sql (14.67ms)
2026/10/04 09:35:03 OK   00030_sp05_recipe_fence.sql (20.03ms)
2026/10/04 09:35:03 OK   00031_sp05_rca_postcheck.sql (14.97ms)
2026/10/04 09:35:03 OK   00032_sp05_transport_audit.sql (6.97ms)
2026/10/04 09:35:03 OK   00033_sp05_poll_resolution_clock.sql (35.31ms)
2026/10/04 09:35:03 OK   00034_sp06_investigation_ledger.sql (126.34ms)
2026/10/04 09:35:03 goose: successfully migrated database to version: 34
2026/10/04 09:35:10 OK   00001_roles_and_schemas.sql (33.07ms)
2026/10/04 09:35:10 goose: successfully migrated database to version: 1
2026/10/04 09:35:10 OK   00002_platform_meta.sql (81.45ms)
2026/10/04 09:35:10 OK   00003_finding.sql (48.12ms)
2026/10/04 09:35:10 OK   00004_incident.sql (12.74ms)
2026/10/04 09:35:10 OK   00005_investigation.sql (11.94ms)
2026/10/04 09:35:10 OK   00006_action_command.sql (22.1ms)
2026/10/04 09:35:10 OK   00007_audit.sql (33.47ms)
2026/10/04 09:35:10 OK   00008_rls.sql (20.81ms)
2026/10/04 09:35:10 OK   00009_idempotency_ledger.sql (35.68ms)
2026/10/04 09:35:10 OK   00010_tenant_provisioning.sql (36.09ms)
2026/10/04 09:35:10 OK   00011_source_registration_history.sql (28.36ms)
2026/10/04 09:35:10 OK   00012_config_registry_lifecycle.sql (25.58ms)
2026/10/04 09:35:11 OK   00013_audit_signed_segments.sql (35.97ms)
2026/10/04 09:35:11 OK   00014_audit_segment_predecessors.sql (41.71ms)
2026/10/04 09:35:11 OK   00015_source_schema_scope.sql (23.37ms)
2026/10/04 09:35:11 OK   00016_cluster_registration_metadata.sql (13.09ms)
2026/10/04 09:35:11 OK   00017_source_data_scope.sql (6.41ms)
2026/10/04 09:35:11 OK   00018_sp04_resources_evidence.sql (40.79ms)
2026/10/04 09:35:11 OK   00019_sp04_archive_ciphertext_bytes.sql (19.41ms)
2026/10/04 09:35:11 OK   00020_sp04_request_ledger.sql (9.62ms)
2026/10/04 09:35:11 OK   00021_sp04_archive_protection.sql (17.78ms)
2026/10/04 09:35:11 OK   00022_sp04_legal_hold_dependencies.sql (7.17ms)
2026/10/04 09:35:11 OK   00023_sp04_archive_query_intent.sql (28.04ms)
2026/10/04 09:35:11 OK   00024_sp05_finding_incident.sql (33.1ms)
2026/10/04 09:35:11 OK   00025_sp05_incident_event_time.sql (17.99ms)
2026/10/04 09:35:11 OK   00026_sp05_source_binding_lock.sql (11.69ms)
2026/10/04 09:35:11 OK   00027_sp05_rca_and_poll.sql (32.8ms)
2026/10/04 09:35:11 OK   00028_sp05_operator_lock.sql (36.78ms)
2026/10/04 09:35:11 OK   00029_sp05_evidence_links.sql (10.68ms)
2026/10/04 09:35:11 OK   00030_sp05_recipe_fence.sql (34.7ms)
2026/10/04 09:35:11 OK   00031_sp05_rca_postcheck.sql (7.14ms)
2026/10/04 09:35:11 OK   00032_sp05_transport_audit.sql (10.95ms)
2026/10/04 09:35:11 OK   00033_sp05_poll_resolution_clock.sql (4.96ms)
2026/10/04 09:35:11 OK   00034_sp06_investigation_ledger.sql (48.62ms)
2026/10/04 09:35:11 goose: successfully migrated database to version: 34
2026/10/04 09:35:12 OK   00001_roles_and_schemas.sql (28.68ms)
2026/10/04 09:35:12 goose: successfully migrated database to version: 1
2026/10/04 09:35:12 OK   00002_platform_meta.sql (39.41ms)
2026/10/04 09:35:12 OK   00003_finding.sql (9.69ms)
2026/10/04 09:35:12 OK   00004_incident.sql (16.59ms)
2026/10/04 09:35:12 OK   00005_investigation.sql (12.01ms)
2026/10/04 09:35:12 OK   00006_action_command.sql (5.97ms)
2026/10/04 09:35:12 OK   00007_audit.sql (13.25ms)
2026/10/04 09:35:12 OK   00008_rls.sql (16.59ms)
2026/10/04 09:35:12 OK   00009_idempotency_ledger.sql (10.74ms)
2026/10/04 09:35:12 OK   00010_tenant_provisioning.sql (10.49ms)
2026/10/04 09:35:12 OK   00011_source_registration_history.sql (30.72ms)
2026/10/04 09:35:12 OK   00012_config_registry_lifecycle.sql (34.85ms)
2026/10/04 09:35:12 OK   00013_audit_signed_segments.sql (18.48ms)
2026/10/04 09:35:12 OK   00014_audit_segment_predecessors.sql (33.25ms)
2026/10/04 09:35:12 OK   00015_source_schema_scope.sql (3.76ms)
2026/10/04 09:35:12 OK   00016_cluster_registration_metadata.sql (22.8ms)
2026/10/04 09:35:12 OK   00017_source_data_scope.sql (11.85ms)
2026/10/04 09:35:12 OK   00018_sp04_resources_evidence.sql (42.39ms)
2026/10/04 09:35:12 OK   00019_sp04_archive_ciphertext_bytes.sql (3.65ms)
2026/10/04 09:35:12 OK   00020_sp04_request_ledger.sql (4.25ms)
2026/10/04 09:35:12 OK   00021_sp04_archive_protection.sql (2.84ms)
2026/10/04 09:35:12 OK   00022_sp04_legal_hold_dependencies.sql (3.21ms)
2026/10/04 09:35:12 OK   00023_sp04_archive_query_intent.sql (2.8ms)
2026/10/04 09:35:12 OK   00024_sp05_finding_incident.sql (15.38ms)
2026/10/04 09:35:12 OK   00025_sp05_incident_event_time.sql (4.76ms)
2026/10/04 09:35:12 OK   00026_sp05_source_binding_lock.sql (7.06ms)
2026/10/04 09:35:12 OK   00027_sp05_rca_and_poll.sql (15.91ms)
2026/10/04 09:35:12 OK   00028_sp05_operator_lock.sql (3.32ms)
2026/10/04 09:35:12 OK   00029_sp05_evidence_links.sql (6.95ms)
2026/10/04 09:35:12 OK   00030_sp05_recipe_fence.sql (11.25ms)
2026/10/04 09:35:12 OK   00031_sp05_rca_postcheck.sql (14.63ms)
2026/10/04 09:35:12 OK   00032_sp05_transport_audit.sql (5.63ms)
2026/10/04 09:35:12 OK   00033_sp05_poll_resolution_clock.sql (4.11ms)
2026/10/04 09:35:13 OK   00034_sp06_investigation_ledger.sql (42.97ms)
2026/10/04 09:35:13 goose: successfully migrated database to version: 34
2026/10/04 09:35:13 OK   00001_roles_and_schemas.sql (27.25ms)
2026/10/04 09:35:13 goose: successfully migrated database to version: 1
2026/10/04 09:35:13 OK   00002_platform_meta.sql (46ms)
2026/10/04 09:35:13 OK   00003_finding.sql (11.21ms)
2026/10/04 09:35:13 OK   00004_incident.sql (5.54ms)
2026/10/04 09:35:13 OK   00005_investigation.sql (20.31ms)
2026/10/04 09:35:13 OK   00006_action_command.sql (19.78ms)
2026/10/04 09:35:13 OK   00007_audit.sql (35.67ms)
2026/10/04 09:35:13 OK   00008_rls.sql (22.46ms)
2026/10/04 09:35:14 OK   00009_idempotency_ledger.sql (18.76ms)
2026/10/04 09:35:14 OK   00010_tenant_provisioning.sql (20.48ms)
2026/10/04 09:35:14 OK   00011_source_registration_history.sql (12.98ms)
2026/10/04 09:35:14 OK   00012_config_registry_lifecycle.sql (20.11ms)
2026/10/04 09:35:14 OK   00013_audit_signed_segments.sql (37.22ms)
2026/10/04 09:35:14 OK   00014_audit_segment_predecessors.sql (12.16ms)
2026/10/04 09:35:14 OK   00015_source_schema_scope.sql (13.7ms)
2026/10/04 09:35:14 OK   00016_cluster_registration_metadata.sql (13.42ms)
2026/10/04 09:35:14 OK   00017_source_data_scope.sql (11.9ms)
2026/10/04 09:35:14 OK   00018_sp04_resources_evidence.sql (25.85ms)
2026/10/04 09:35:14 OK   00019_sp04_archive_ciphertext_bytes.sql (10.15ms)
2026/10/04 09:35:14 OK   00020_sp04_request_ledger.sql (7.12ms)
2026/10/04 09:35:14 OK   00021_sp04_archive_protection.sql (3.55ms)
2026/10/04 09:35:14 OK   00022_sp04_legal_hold_dependencies.sql (8.33ms)
2026/10/04 09:35:14 OK   00023_sp04_archive_query_intent.sql (12.83ms)
2026/10/04 09:35:14 OK   00024_sp05_finding_incident.sql (43.04ms)
2026/10/04 09:35:14 OK   00025_sp05_incident_event_time.sql (9.02ms)
2026/10/04 09:35:14 OK   00026_sp05_source_binding_lock.sql (5.36ms)
2026/10/04 09:35:14 OK   00027_sp05_rca_and_poll.sql (28.11ms)
2026/10/04 09:35:14 OK   00028_sp05_operator_lock.sql (6.88ms)
2026/10/04 09:35:14 OK   00029_sp05_evidence_links.sql (6.29ms)
2026/10/04 09:35:14 OK   00030_sp05_recipe_fence.sql (5.04ms)
2026/10/04 09:35:14 OK   00031_sp05_rca_postcheck.sql (7.03ms)
2026/10/04 09:35:14 OK   00032_sp05_transport_audit.sql (7.21ms)
2026/10/04 09:35:14 OK   00033_sp05_poll_resolution_clock.sql (8.02ms)
2026/10/04 09:35:14 OK   00034_sp06_investigation_ledger.sql (52.73ms)
2026/10/04 09:35:14 goose: successfully migrated database to version: 34
2026/10/04 09:35:31 OK   00001_roles_and_schemas.sql (17.62ms)
2026/10/04 09:35:31 goose: successfully migrated database to version: 1
2026/10/04 09:35:31 OK   00002_platform_meta.sql (32.86ms)
2026/10/04 09:35:31 OK   00003_finding.sql (23.68ms)
2026/10/04 09:35:31 OK   00004_incident.sql (14.71ms)
2026/10/04 09:35:31 OK   00005_investigation.sql (19.32ms)
2026/10/04 09:35:31 OK   00006_action_command.sql (14.24ms)
2026/10/04 09:35:31 OK   00007_audit.sql (26.74ms)
2026/10/04 09:35:31 OK   00008_rls.sql (14.86ms)
2026/10/04 09:35:31 OK   00009_idempotency_ledger.sql (7.75ms)
2026/10/04 09:35:31 OK   00010_tenant_provisioning.sql (12.28ms)
2026/10/04 09:35:31 OK   00011_source_registration_history.sql (18.72ms)
2026/10/04 09:35:31 OK   00012_config_registry_lifecycle.sql (10.39ms)
2026/10/04 09:35:32 OK   00013_audit_signed_segments.sql (16.97ms)
2026/10/04 09:35:32 OK   00014_audit_segment_predecessors.sql (25.54ms)
2026/10/04 09:35:32 OK   00015_source_schema_scope.sql (3.32ms)
2026/10/04 09:35:32 OK   00016_cluster_registration_metadata.sql (3.76ms)
2026/10/04 09:35:32 OK   00017_source_data_scope.sql (3.46ms)
2026/10/04 09:35:32 OK   00018_sp04_resources_evidence.sql (24.55ms)
2026/10/04 09:35:32 OK   00019_sp04_archive_ciphertext_bytes.sql (10.1ms)
2026/10/04 09:35:32 OK   00020_sp04_request_ledger.sql (7.77ms)
2026/10/04 09:35:32 OK   00021_sp04_archive_protection.sql (6.81ms)
2026/10/04 09:35:32 OK   00022_sp04_legal_hold_dependencies.sql (9.06ms)
2026/10/04 09:35:32 OK   00023_sp04_archive_query_intent.sql (7.93ms)
2026/10/04 09:35:32 OK   00024_sp05_finding_incident.sql (45.46ms)
2026/10/04 09:35:32 OK   00025_sp05_incident_event_time.sql (4.01ms)
2026/10/04 09:35:32 OK   00026_sp05_source_binding_lock.sql (6.26ms)
2026/10/04 09:35:32 OK   00027_sp05_rca_and_poll.sql (20.52ms)
2026/10/04 09:35:32 OK   00028_sp05_operator_lock.sql (3.56ms)
2026/10/04 09:35:32 OK   00029_sp05_evidence_links.sql (5.57ms)
2026/10/04 09:35:32 OK   00030_sp05_recipe_fence.sql (3.25ms)
2026/10/04 09:35:32 OK   00031_sp05_rca_postcheck.sql (4.42ms)
2026/10/04 09:35:32 OK   00032_sp05_transport_audit.sql (2.96ms)
2026/10/04 09:35:32 OK   00033_sp05_poll_resolution_clock.sql (7.06ms)
2026/10/04 09:35:32 OK   00034_sp06_investigation_ledger.sql (37.75ms)
2026/10/04 09:35:32 goose: successfully migrated database to version: 34
2026/10/04 09:36:48 ERROR investigator dispatch failed reason=INVESTIGATOR_UNAVAILABLE
--- FAIL: TestSP06RealHolmesModelMCPJobAndSSE (83.02s)
    sp06_real_chain_test.go:497: real chain state=failed errorCode=INVESTIGATOR_FAILURE
    sp06_real_chain_test.go:226: investigator diagnostic ERROR:root:LLM call failed on model=openai/llama3.1:8b-16k (streaming iteration 2): RuntimeError: MODEL_FAILURE
        Traceback (most recent call last):
          File "/Users/mssc/Documents/Code/ops/platform/services/investigator/.venv/lib/python3.12/site-packages/holmes/core/tool_calling_llm.py", line 1216, in call_stream
            full_response = self.llm.completion(
                            ^^^^^^^^^^^^^^^^^^^^
          File "/Users/mssc/Documents/Code/ops/platform/services/investigator/src/investigator/budget.py", line 39, in completion
            raise RuntimeError("MODEL_FAILURE") from None
        RuntimeError: MODEL_FAILURE
        investigator-failure RuntimeError /Users/mssc/Documents/Code/ops/platform/services/investigator/src/investigator/worker.py 65
        investigator-failure RuntimeError /Users/mssc/Documents/Code/ops/platform/services/investigator/src/investigator/holmes_adapter.py 79
        investigator-failure RuntimeError /Users/mssc/Documents/Code/ops/platform/services/investigator/.venv/lib/python3.12/site-packages/sentry_sdk/tracing_utils.py 1154
        investigator-failure RuntimeError /Users/mssc/Documents/Code/ops/platform/services/investigator/.venv/lib/python3.12/site-packages/holmes/core/tool_calling_llm.py 657
        investigator-failure RuntimeError /Users/mssc/Documents/Code/ops/platform/services/investigator/.venv/lib/python3.12/site-packages/holmes/core/tool_calling_llm.py 1216
        investigator-failure RuntimeError /Users/mssc/Documents/Code/ops/platform/services/investigator/src/investigator/budget.py 39
        
2026/10/04 09:36:55 OK   00001_roles_and_schemas.sql (267.27ms)
2026/10/04 09:36:55 goose: successfully migrated database to version: 1
2026/10/04 09:36:56 OK   00002_platform_meta.sql (225.68ms)
2026/10/04 09:36:56 OK   00003_finding.sql (167.33ms)
2026/10/04 09:36:56 OK   00004_incident.sql (242.56ms)
2026/10/04 09:36:56 OK   00005_investigation.sql (75.98ms)
2026/10/04 09:36:56 OK   00006_action_command.sql (54.4ms)
2026/10/04 09:36:56 OK   00007_audit.sql (126.19ms)
2026/10/04 09:36:57 OK   00008_rls.sql (122.38ms)
2026/10/04 09:36:57 OK   00009_idempotency_ledger.sql (285.95ms)
2026/10/04 09:36:57 OK   00010_tenant_provisioning.sql (172.71ms)
2026/10/04 09:36:57 OK   00011_source_registration_history.sql (47.11ms)
2026/10/04 09:36:57 OK   00012_config_registry_lifecycle.sql (42.12ms)
2026/10/04 09:36:57 OK   00013_audit_signed_segments.sql (146.57ms)
2026/10/04 09:36:57 OK   00014_audit_segment_predecessors.sql (165.02ms)
2026/10/04 09:36:57 OK   00015_source_schema_scope.sql (23.75ms)
2026/10/04 09:36:58 OK   00016_cluster_registration_metadata.sql (92.18ms)
2026/10/04 09:36:58 OK   00017_source_data_scope.sql (93.11ms)
2026/10/04 09:36:58 OK   00018_sp04_resources_evidence.sql (97.57ms)
2026/10/04 09:36:58 OK   00019_sp04_archive_ciphertext_bytes.sql (11.17ms)
2026/10/04 09:36:58 OK   00020_sp04_request_ledger.sql (44.39ms)
2026/10/04 09:36:58 OK   00021_sp04_archive_protection.sql (131.74ms)
2026/10/04 09:36:58 OK   00022_sp04_legal_hold_dependencies.sql (74.7ms)
2026/10/04 09:36:58 OK   00023_sp04_archive_query_intent.sql (5.79ms)
2026/10/04 09:36:58 OK   00024_sp05_finding_incident.sql (103.75ms)
2026/10/04 09:36:58 OK   00025_sp05_incident_event_time.sql (7.42ms)
2026/10/04 09:36:58 OK   00026_sp05_source_binding_lock.sql (6.27ms)
2026/10/04 09:36:58 OK   00027_sp05_rca_and_poll.sql (35.36ms)
2026/10/04 09:36:58 OK   00028_sp05_operator_lock.sql (23.72ms)
2026/10/04 09:36:58 OK   00029_sp05_evidence_links.sql (26.45ms)
2026/10/04 09:36:58 OK   00030_sp05_recipe_fence.sql (40.18ms)
2026/10/04 09:36:58 OK   00031_sp05_rca_postcheck.sql (8.51ms)
2026/10/04 09:36:58 OK   00032_sp05_transport_audit.sql (11.06ms)
2026/10/04 09:36:58 OK   00033_sp05_poll_resolution_clock.sql (18.04ms)
2026/10/04 09:36:58 OK   00034_sp06_investigation_ledger.sql (126.09ms)
2026/10/04 09:36:58 goose: successfully migrated database to version: 34
2026/10/04 09:37:01 OK   00001_roles_and_schemas.sql (41.98ms)
2026/10/04 09:37:01 goose: successfully migrated database to version: 1
2026/10/04 09:37:01 OK   00002_platform_meta.sql (66.72ms)
2026/10/04 09:37:01 OK   00003_finding.sql (25.76ms)
2026/10/04 09:37:01 OK   00004_incident.sql (42.47ms)
2026/10/04 09:37:01 OK   00005_investigation.sql (52.39ms)
2026/10/04 09:37:01 OK   00006_action_command.sql (49.26ms)
2026/10/04 09:37:01 OK   00007_audit.sql (24.5ms)
2026/10/04 09:37:01 OK   00008_rls.sql (83.34ms)
2026/10/04 09:37:02 OK   00009_idempotency_ledger.sql (57.87ms)
2026/10/04 09:37:02 OK   00010_tenant_provisioning.sql (32.56ms)
2026/10/04 09:37:02 OK   00011_source_registration_history.sql (46.83ms)
2026/10/04 09:37:02 OK   00012_config_registry_lifecycle.sql (30.95ms)
2026/10/04 09:37:02 OK   00013_audit_signed_segments.sql (69.41ms)
2026/10/04 09:37:02 OK   00014_audit_segment_predecessors.sql (47.39ms)
2026/10/04 09:37:02 OK   00015_source_schema_scope.sql (6.8ms)
2026/10/04 09:37:02 OK   00016_cluster_registration_metadata.sql (7.15ms)
2026/10/04 09:37:02 OK   00017_source_data_scope.sql (38.51ms)
2026/10/04 09:37:02 OK   00018_sp04_resources_evidence.sql (86.69ms)
2026/10/04 09:37:02 OK   00019_sp04_archive_ciphertext_bytes.sql (16.45ms)
2026/10/04 09:37:02 OK   00020_sp04_request_ledger.sql (21.5ms)
2026/10/04 09:37:02 OK   00021_sp04_archive_protection.sql (20.12ms)
2026/10/04 09:37:02 OK   00022_sp04_legal_hold_dependencies.sql (7.46ms)
2026/10/04 09:37:02 OK   00023_sp04_archive_query_intent.sql (8.64ms)
2026/10/04 09:37:02 OK   00024_sp05_finding_incident.sql (100.08ms)
2026/10/04 09:37:02 OK   00025_sp05_incident_event_time.sql (58.54ms)
2026/10/04 09:37:02 OK   00026_sp05_source_binding_lock.sql (16.71ms)
2026/10/04 09:37:02 OK   00027_sp05_rca_and_poll.sql (49.81ms)
2026/10/04 09:37:02 OK   00028_sp05_operator_lock.sql (71.13ms)
2026/10/04 09:37:02 OK   00029_sp05_evidence_links.sql (34.89ms)
2026/10/04 09:37:02 OK   00030_sp05_recipe_fence.sql (10.86ms)
2026/10/04 09:37:02 OK   00031_sp05_rca_postcheck.sql (4.24ms)
2026/10/04 09:37:02 OK   00032_sp05_transport_audit.sql (8.53ms)
2026/10/04 09:37:02 OK   00033_sp05_poll_resolution_clock.sql (10.62ms)
2026/10/04 09:37:02 OK   00034_sp06_investigation_ledger.sql (78.29ms)
2026/10/04 09:37:02 goose: successfully migrated database to version: 34
2026/10/04 09:37:05 OK   00001_roles_and_schemas.sql (57.04ms)
2026/10/04 09:37:05 goose: successfully migrated database to version: 1
2026/10/04 09:37:05 OK   00002_platform_meta.sql (105.86ms)
2026/10/04 09:37:05 OK   00003_finding.sql (55.07ms)
2026/10/04 09:37:05 OK   00004_incident.sql (36.11ms)
2026/10/04 09:37:06 OK   00005_investigation.sql (47.17ms)
2026/10/04 09:37:06 OK   00006_action_command.sql (45.84ms)
2026/10/04 09:37:06 OK   00007_audit.sql (66.94ms)
2026/10/04 09:37:06 OK   00008_rls.sql (64.63ms)
2026/10/04 09:37:06 OK   00009_idempotency_ledger.sql (58.37ms)
2026/10/04 09:37:06 OK   00010_tenant_provisioning.sql (28.5ms)
2026/10/04 09:37:06 OK   00011_source_registration_history.sql (43.29ms)
2026/10/04 09:37:06 OK   00012_config_registry_lifecycle.sql (85.72ms)
2026/10/04 09:37:06 OK   00013_audit_signed_segments.sql (65.38ms)
2026/10/04 09:37:06 OK   00014_audit_segment_predecessors.sql (19.92ms)
2026/10/04 09:37:06 OK   00015_source_schema_scope.sql (54.32ms)
2026/10/04 09:37:06 OK   00016_cluster_registration_metadata.sql (21.36ms)
2026/10/04 09:37:06 OK   00017_source_data_scope.sql (41.35ms)
2026/10/04 09:37:06 OK   00018_sp04_resources_evidence.sql (64.96ms)
2026/10/04 09:37:06 OK   00019_sp04_archive_ciphertext_bytes.sql (12.76ms)
2026/10/04 09:37:06 OK   00020_sp04_request_ledger.sql (13.1ms)
2026/10/04 09:37:06 OK   00021_sp04_archive_protection.sql (8.94ms)
2026/10/04 09:37:06 OK   00022_sp04_legal_hold_dependencies.sql (12.49ms)
2026/10/04 09:37:06 OK   00023_sp04_archive_query_intent.sql (36.02ms)
2026/10/04 09:37:06 OK   00024_sp05_finding_incident.sql (71.83ms)
2026/10/04 09:37:06 OK   00025_sp05_incident_event_time.sql (15.51ms)
2026/10/04 09:37:06 OK   00026_sp05_source_binding_lock.sql (10.1ms)
2026/10/04 09:37:06 OK   00027_sp05_rca_and_poll.sql (49.08ms)
2026/10/04 09:37:06 OK   00028_sp05_operator_lock.sql (24.23ms)
2026/10/04 09:37:06 OK   00029_sp05_evidence_links.sql (25.79ms)
2026/10/04 09:37:06 OK   00030_sp05_recipe_fence.sql (13.3ms)
2026/10/04 09:37:06 OK   00031_sp05_rca_postcheck.sql (4.84ms)
2026/10/04 09:37:06 OK   00032_sp05_transport_audit.sql (13.66ms)
2026/10/04 09:37:07 OK   00033_sp05_poll_resolution_clock.sql (10.75ms)
2026/10/04 09:37:07 OK   00034_sp06_investigation_ledger.sql (100.79ms)
2026/10/04 09:37:07 goose: successfully migrated database to version: 34
2026/10/04 09:37:08 OK   00001_roles_and_schemas.sql (38.08ms)
2026/10/04 09:37:08 goose: successfully migrated database to version: 1
2026/10/04 09:37:08 OK   00002_platform_meta.sql (25.36ms)
2026/10/04 09:37:08 OK   00003_finding.sql (29.93ms)
2026/10/04 09:37:08 OK   00004_incident.sql (22.42ms)
2026/10/04 09:37:08 OK   00005_investigation.sql (25.21ms)
2026/10/04 09:37:08 OK   00006_action_command.sql (30.3ms)
2026/10/04 09:37:08 OK   00007_audit.sql (11.41ms)
2026/10/04 09:37:08 OK   00008_rls.sql (32.77ms)
2026/10/04 09:37:08 OK   00009_idempotency_ledger.sql (40.23ms)
2026/10/04 09:37:08 OK   00010_tenant_provisioning.sql (5.89ms)
2026/10/04 09:37:09 OK   00011_source_registration_history.sql (36.42ms)
2026/10/04 09:37:09 OK   00012_config_registry_lifecycle.sql (46.7ms)
2026/10/04 09:37:09 OK   00013_audit_signed_segments.sql (26.67ms)
2026/10/04 09:37:09 OK   00014_audit_segment_predecessors.sql (20.63ms)
2026/10/04 09:37:09 OK   00015_source_schema_scope.sql (3.13ms)
2026/10/04 09:37:09 OK   00016_cluster_registration_metadata.sql (9.49ms)
2026/10/04 09:37:09 OK   00017_source_data_scope.sql (18.01ms)
2026/10/04 09:37:09 OK   00018_sp04_resources_evidence.sql (32.1ms)
2026/10/04 09:37:09 OK   00019_sp04_archive_ciphertext_bytes.sql (8.45ms)
2026/10/04 09:37:09 OK   00020_sp04_request_ledger.sql (9.81ms)
2026/10/04 09:37:09 OK   00021_sp04_archive_protection.sql (9.03ms)
2026/10/04 09:37:09 OK   00022_sp04_legal_hold_dependencies.sql (6.06ms)
2026/10/04 09:37:09 OK   00023_sp04_archive_query_intent.sql (13ms)
2026/10/04 09:37:09 OK   00024_sp05_finding_incident.sql (32.35ms)
2026/10/04 09:37:09 OK   00025_sp05_incident_event_time.sql (6.6ms)
2026/10/04 09:37:09 OK   00026_sp05_source_binding_lock.sql (23.67ms)
2026/10/04 09:37:09 OK   00027_sp05_rca_and_poll.sql (19ms)
2026/10/04 09:37:09 OK   00028_sp05_operator_lock.sql (11.95ms)
2026/10/04 09:37:09 OK   00029_sp05_evidence_links.sql (14.8ms)
2026/10/04 09:37:09 OK   00030_sp05_recipe_fence.sql (2.77ms)
2026/10/04 09:37:09 OK   00031_sp05_rca_postcheck.sql (2.5ms)
2026/10/04 09:37:09 OK   00032_sp05_transport_audit.sql (2.26ms)
2026/10/04 09:37:09 OK   00033_sp05_poll_resolution_clock.sql (15.5ms)
2026/10/04 09:37:09 OK   00034_sp06_investigation_ledger.sql (35.39ms)
2026/10/04 09:37:09 goose: successfully migrated database to version: 34
2026/10/04 09:37:11 OK   00001_roles_and_schemas.sql (11.06ms)
2026/10/04 09:37:11 goose: successfully migrated database to version: 1
2026/10/04 09:37:11 OK   00002_platform_meta.sql (46.85ms)
2026/10/04 09:37:11 OK   00003_finding.sql (62.11ms)
2026/10/04 09:37:11 OK   00004_incident.sql (9.86ms)
2026/10/04 09:37:11 OK   00005_investigation.sql (33.09ms)
2026/10/04 09:37:11 OK   00006_action_command.sql (29.16ms)
2026/10/04 09:37:11 OK   00007_audit.sql (17.19ms)
2026/10/04 09:37:11 OK   00008_rls.sql (30.32ms)
2026/10/04 09:37:11 OK   00009_idempotency_ledger.sql (8.89ms)
2026/10/04 09:37:11 OK   00010_tenant_provisioning.sql (29.79ms)
2026/10/04 09:37:11 OK   00011_source_registration_history.sql (8.99ms)
2026/10/04 09:37:11 OK   00012_config_registry_lifecycle.sql (16.98ms)
2026/10/04 09:37:12 OK   00013_audit_signed_segments.sql (41.02ms)
2026/10/04 09:37:12 OK   00014_audit_segment_predecessors.sql (21.61ms)
2026/10/04 09:37:12 OK   00015_source_schema_scope.sql (5.94ms)
2026/10/04 09:37:12 OK   00016_cluster_registration_metadata.sql (25.56ms)
2026/10/04 09:37:12 OK   00017_source_data_scope.sql (4.37ms)
2026/10/04 09:37:12 OK   00018_sp04_resources_evidence.sql (29.46ms)
2026/10/04 09:37:12 OK   00019_sp04_archive_ciphertext_bytes.sql (5.95ms)
2026/10/04 09:37:12 OK   00020_sp04_request_ledger.sql (17.22ms)
2026/10/04 09:37:12 OK   00021_sp04_archive_protection.sql (15.91ms)
2026/10/04 09:37:12 OK   00022_sp04_legal_hold_dependencies.sql (9.2ms)
2026/10/04 09:37:12 OK   00023_sp04_archive_query_intent.sql (8.71ms)
2026/10/04 09:37:12 OK   00024_sp05_finding_incident.sql (35.98ms)
2026/10/04 09:37:12 OK   00025_sp05_incident_event_time.sql (5.47ms)
2026/10/04 09:37:12 OK   00026_sp05_source_binding_lock.sql (12.71ms)
2026/10/04 09:37:12 OK   00027_sp05_rca_and_poll.sql (14.19ms)
2026/10/04 09:37:12 OK   00028_sp05_operator_lock.sql (4.13ms)
2026/10/04 09:37:12 OK   00029_sp05_evidence_links.sql (17.75ms)
2026/10/04 09:37:12 OK   00030_sp05_recipe_fence.sql (12.96ms)
2026/10/04 09:37:12 OK   00031_sp05_rca_postcheck.sql (6.93ms)
2026/10/04 09:37:12 OK   00032_sp05_transport_audit.sql (3.24ms)
2026/10/04 09:37:12 OK   00033_sp05_poll_resolution_clock.sql (6.3ms)
2026/10/04 09:37:12 OK   00034_sp06_investigation_ledger.sql (38.72ms)
2026/10/04 09:37:12 goose: successfully migrated database to version: 34
2026/10/04 09:37:13 OK   00001_roles_and_schemas.sql (74.47ms)
2026/10/04 09:37:13 goose: successfully migrated database to version: 1
2026/10/04 09:37:13 OK   00002_platform_meta.sql (65.47ms)
2026/10/04 09:37:13 OK   00003_finding.sql (49.49ms)
2026/10/04 09:37:13 OK   00004_incident.sql (51.08ms)
2026/10/04 09:37:13 OK   00005_investigation.sql (12.12ms)
2026/10/04 09:37:13 OK   00006_action_command.sql (10.84ms)
2026/10/04 09:37:13 OK   00007_audit.sql (43.71ms)
2026/10/04 09:37:13 OK   00008_rls.sql (33.66ms)
2026/10/04 09:37:13 OK   00009_idempotency_ledger.sql (137.84ms)
2026/10/04 09:37:13 OK   00010_tenant_provisioning.sql (35.01ms)
2026/10/04 09:37:13 OK   00011_source_registration_history.sql (6.38ms)
2026/10/04 09:37:13 OK   00012_config_registry_lifecycle.sql (40.9ms)
2026/10/04 09:37:13 OK   00013_audit_signed_segments.sql (78.1ms)
2026/10/04 09:37:13 OK   00014_audit_segment_predecessors.sql (11.99ms)
2026/10/04 09:37:13 OK   00015_source_schema_scope.sql (12.86ms)
2026/10/04 09:37:13 OK   00016_cluster_registration_metadata.sql (13.93ms)
2026/10/04 09:37:14 OK   00017_source_data_scope.sql (29.61ms)
2026/10/04 09:37:14 OK   00018_sp04_resources_evidence.sql (37.74ms)
2026/10/04 09:37:14 OK   00019_sp04_archive_ciphertext_bytes.sql (16.18ms)
2026/10/04 09:37:14 OK   00020_sp04_request_ledger.sql (24.03ms)
2026/10/04 09:37:14 OK   00021_sp04_archive_protection.sql (16.12ms)
2026/10/04 09:37:14 OK   00022_sp04_legal_hold_dependencies.sql (4.53ms)
2026/10/04 09:37:14 OK   00023_sp04_archive_query_intent.sql (12.18ms)
2026/10/04 09:37:14 OK   00024_sp05_finding_incident.sql (80.8ms)
2026/10/04 09:37:14 OK   00025_sp05_incident_event_time.sql (12.73ms)
2026/10/04 09:37:14 OK   00026_sp05_source_binding_lock.sql (5.54ms)
2026/10/04 09:37:14 OK   00027_sp05_rca_and_poll.sql (29.54ms)
2026/10/04 09:37:14 OK   00028_sp05_operator_lock.sql (18.26ms)
2026/10/04 09:37:14 OK   00029_sp05_evidence_links.sql (14.15ms)
2026/10/04 09:37:14 OK   00030_sp05_recipe_fence.sql (27.25ms)
2026/10/04 09:37:14 OK   00031_sp05_rca_postcheck.sql (19.99ms)
2026/10/04 09:37:14 OK   00032_sp05_transport_audit.sql (4.82ms)
2026/10/04 09:37:14 OK   00033_sp05_poll_resolution_clock.sql (31.37ms)
2026/10/04 09:37:14 OK   00034_sp06_investigation_ledger.sql (37.29ms)
2026/10/04 09:37:14 goose: successfully migrated database to version: 34
2026/10/04 09:37:15 OK   00001_roles_and_schemas.sql (12.51ms)
2026/10/04 09:37:15 goose: successfully migrated database to version: 1
2026/10/04 09:37:15 OK   00002_platform_meta.sql (46.45ms)
2026/10/04 09:37:15 OK   00003_finding.sql (21.15ms)
2026/10/04 09:37:15 OK   00004_incident.sql (34.19ms)
2026/10/04 09:37:15 OK   00005_investigation.sql (9.6ms)
2026/10/04 09:37:15 OK   00006_action_command.sql (17.96ms)
2026/10/04 09:37:15 OK   00007_audit.sql (32.13ms)
2026/10/04 09:37:15 OK   00008_rls.sql (22.14ms)
2026/10/04 09:37:15 OK   00009_idempotency_ledger.sql (31.17ms)
2026/10/04 09:37:15 OK   00010_tenant_provisioning.sql (15.27ms)
2026/10/04 09:37:15 OK   00011_source_registration_history.sql (23.83ms)
2026/10/04 09:37:15 OK   00012_config_registry_lifecycle.sql (45.84ms)
2026/10/04 09:37:15 OK   00013_audit_signed_segments.sql (31.27ms)
2026/10/04 09:37:15 OK   00014_audit_segment_predecessors.sql (15.53ms)
2026/10/04 09:37:15 OK   00015_source_schema_scope.sql (5.21ms)
2026/10/04 09:37:15 OK   00016_cluster_registration_metadata.sql (23.23ms)
2026/10/04 09:37:15 OK   00017_source_data_scope.sql (6.25ms)
2026/10/04 09:37:15 OK   00018_sp04_resources_evidence.sql (23.63ms)
2026/10/04 09:37:15 OK   00019_sp04_archive_ciphertext_bytes.sql (7.99ms)
2026/10/04 09:37:15 OK   00020_sp04_request_ledger.sql (15.77ms)
2026/10/04 09:37:15 OK   00021_sp04_archive_protection.sql (4ms)
2026/10/04 09:37:15 OK   00022_sp04_legal_hold_dependencies.sql (4.21ms)
2026/10/04 09:37:15 OK   00023_sp04_archive_query_intent.sql (7.07ms)
2026/10/04 09:37:15 OK   00024_sp05_finding_incident.sql (35.39ms)
2026/10/04 09:37:15 OK   00025_sp05_incident_event_time.sql (3.13ms)
2026/10/04 09:37:15 OK   00026_sp05_source_binding_lock.sql (5ms)
2026/10/04 09:37:15 OK   00027_sp05_rca_and_poll.sql (18.19ms)
2026/10/04 09:37:15 OK   00028_sp05_operator_lock.sql (14.91ms)
2026/10/04 09:37:15 OK   00029_sp05_evidence_links.sql (24.88ms)
2026/10/04 09:37:15 OK   00030_sp05_recipe_fence.sql (8.01ms)
2026/10/04 09:37:16 OK   00031_sp05_rca_postcheck.sql (8.6ms)
2026/10/04 09:37:16 OK   00032_sp05_transport_audit.sql (16.97ms)
2026/10/04 09:37:16 OK   00033_sp05_poll_resolution_clock.sql (22.12ms)
2026/10/04 09:37:16 OK   00034_sp06_investigation_ledger.sql (76.24ms)
2026/10/04 09:37:16 goose: successfully migrated database to version: 34
2026/10/04 09:37:20 OK   00001_roles_and_schemas.sql (10.95ms)
2026/10/04 09:37:20 goose: successfully migrated database to version: 1
2026/10/04 09:37:20 OK   00002_platform_meta.sql (27.19ms)
2026/10/04 09:37:20 OK   00003_finding.sql (8.98ms)
2026/10/04 09:37:20 OK   00004_incident.sql (4.03ms)
2026/10/04 09:37:20 OK   00005_investigation.sql (4.49ms)
2026/10/04 09:37:20 OK   00006_action_command.sql (9.81ms)
2026/10/04 09:37:20 OK   00007_audit.sql (21.66ms)
2026/10/04 09:37:20 OK   00008_rls.sql (8.01ms)
2026/10/04 09:37:20 OK   00009_idempotency_ledger.sql (15.35ms)
2026/10/04 09:37:20 OK   00010_tenant_provisioning.sql (3.44ms)
2026/10/04 09:37:20 OK   00011_source_registration_history.sql (4.87ms)
2026/10/04 09:37:21 OK   00012_config_registry_lifecycle.sql (6.9ms)
2026/10/04 09:37:21 OK   00013_audit_signed_segments.sql (11.59ms)
2026/10/04 09:37:21 OK   00014_audit_segment_predecessors.sql (15.7ms)
2026/10/04 09:37:21 OK   00015_source_schema_scope.sql (3.72ms)
2026/10/04 09:37:21 OK   00016_cluster_registration_metadata.sql (6.61ms)
2026/10/04 09:37:21 OK   00017_source_data_scope.sql (7ms)
2026/10/04 09:37:21 OK   00018_sp04_resources_evidence.sql (19.72ms)
2026/10/04 09:37:21 OK   00019_sp04_archive_ciphertext_bytes.sql (4.46ms)
2026/10/04 09:37:21 OK   00020_sp04_request_ledger.sql (14.46ms)
2026/10/04 09:37:21 OK   00021_sp04_archive_protection.sql (11.6ms)
2026/10/04 09:37:21 OK   00022_sp04_legal_hold_dependencies.sql (3.78ms)
2026/10/04 09:37:21 OK   00023_sp04_archive_query_intent.sql (3.69ms)
2026/10/04 09:37:21 OK   00024_sp05_finding_incident.sql (82ms)
2026/10/04 09:37:21 OK   00025_sp05_incident_event_time.sql (9.68ms)
2026/10/04 09:37:21 OK   00026_sp05_source_binding_lock.sql (14.48ms)
2026/10/04 09:37:21 OK   00027_sp05_rca_and_poll.sql (19.33ms)
2026/10/04 09:37:21 OK   00028_sp05_operator_lock.sql (7.64ms)
2026/10/04 09:37:21 OK   00029_sp05_evidence_links.sql (15.69ms)
2026/10/04 09:37:21 OK   00030_sp05_recipe_fence.sql (7.38ms)
2026/10/04 09:37:21 OK   00031_sp05_rca_postcheck.sql (2.72ms)
2026/10/04 09:37:21 OK   00032_sp05_transport_audit.sql (2.55ms)
2026/10/04 09:37:21 OK   00033_sp05_poll_resolution_clock.sql (2.92ms)
2026/10/04 09:37:21 OK   00034_sp06_investigation_ledger.sql (56.84ms)
2026/10/04 09:37:21 goose: successfully migrated database to version: 34
2026/10/04 09:37:34 OK   00001_roles_and_schemas.sql (27.84ms)
2026/10/04 09:37:34 OK   00002_platform_meta.sql (45.44ms)
2026/10/04 09:37:34 OK   00003_finding.sql (41.39ms)
2026/10/04 09:37:34 OK   00004_incident.sql (47.54ms)
2026/10/04 09:37:34 OK   00005_investigation.sql (16.91ms)
2026/10/04 09:37:34 OK   00006_action_command.sql (18.52ms)
2026/10/04 09:37:34 OK   00007_audit.sql (32.59ms)
2026/10/04 09:37:34 OK   00008_rls.sql (28.22ms)
2026/10/04 09:37:34 OK   00009_idempotency_ledger.sql (20.08ms)
2026/10/04 09:37:34 OK   00010_tenant_provisioning.sql (6.16ms)
2026/10/04 09:37:34 OK   00011_source_registration_history.sql (24.75ms)
2026/10/04 09:37:34 OK   00012_config_registry_lifecycle.sql (17.01ms)
2026/10/04 09:37:34 OK   00013_audit_signed_segments.sql (34.82ms)
2026/10/04 09:37:34 OK   00014_audit_segment_predecessors.sql (8.48ms)
2026/10/04 09:37:34 OK   00015_source_schema_scope.sql (5.35ms)
2026/10/04 09:37:34 OK   00016_cluster_registration_metadata.sql (11.48ms)
2026/10/04 09:37:34 OK   00017_source_data_scope.sql (12.03ms)
2026/10/04 09:37:35 OK   00018_sp04_resources_evidence.sql (17.17ms)
2026/10/04 09:37:35 OK   00019_sp04_archive_ciphertext_bytes.sql (3.27ms)
2026/10/04 09:37:35 OK   00020_sp04_request_ledger.sql (4.91ms)
2026/10/04 09:37:35 OK   00021_sp04_archive_protection.sql (4.36ms)
2026/10/04 09:37:35 OK   00022_sp04_legal_hold_dependencies.sql (14.18ms)
2026/10/04 09:37:35 OK   00023_sp04_archive_query_intent.sql (12.37ms)
2026/10/04 09:37:35 OK   00024_sp05_finding_incident.sql (146.75ms)
2026/10/04 09:37:35 OK   00025_sp05_incident_event_time.sql (149.57ms)
2026/10/04 09:37:35 OK   00026_sp05_source_binding_lock.sql (52.78ms)
2026/10/04 09:37:35 OK   00027_sp05_rca_and_poll.sql (24.49ms)
2026/10/04 09:37:35 OK   00028_sp05_operator_lock.sql (30.48ms)
2026/10/04 09:37:35 OK   00029_sp05_evidence_links.sql (27.66ms)
2026/10/04 09:37:35 OK   00030_sp05_recipe_fence.sql (13.15ms)
2026/10/04 09:37:35 OK   00031_sp05_rca_postcheck.sql (14.17ms)
2026/10/04 09:37:35 OK   00032_sp05_transport_audit.sql (58.52ms)
2026/10/04 09:37:35 OK   00033_sp05_poll_resolution_clock.sql (94.71ms)
2026/10/04 09:37:35 OK   00034_sp06_investigation_ledger.sql (175.78ms)
2026/10/04 09:37:35 goose: successfully migrated database to version: 34
2026/10/04 09:37:36 OK   00001_roles_and_schemas.sql (13.27ms)
2026/10/04 09:37:36 goose: successfully migrated database to version: 1
2026/10/04 09:37:36 OK   00002_platform_meta.sql (40.52ms)
2026/10/04 09:37:36 OK   00003_finding.sql (20.32ms)
2026/10/04 09:37:36 OK   00004_incident.sql (11.92ms)
2026/10/04 09:37:36 OK   00005_investigation.sql (7.74ms)
2026/10/04 09:37:36 OK   00006_action_command.sql (22.81ms)
2026/10/04 09:37:36 OK   00007_audit.sql (14.82ms)
2026/10/04 09:37:36 OK   00008_rls.sql (12.73ms)
2026/10/04 09:37:36 OK   00009_idempotency_ledger.sql (18.59ms)
2026/10/04 09:37:36 OK   00010_tenant_provisioning.sql (12.69ms)
2026/10/04 09:37:36 OK   00011_source_registration_history.sql (17.39ms)
2026/10/04 09:37:36 OK   00012_config_registry_lifecycle.sql (32.72ms)
2026/10/04 09:37:36 OK   00013_audit_signed_segments.sql (31.77ms)
2026/10/04 09:37:36 OK   00014_audit_segment_predecessors.sql (29.79ms)
2026/10/04 09:37:36 OK   00015_source_schema_scope.sql (7.1ms)
2026/10/04 09:37:37 OK   00016_cluster_registration_metadata.sql (8.09ms)
2026/10/04 09:37:37 OK   00017_source_data_scope.sql (14.4ms)
2026/10/04 09:37:37 OK   00018_sp04_resources_evidence.sql (40.75ms)
2026/10/04 09:37:37 OK   00019_sp04_archive_ciphertext_bytes.sql (5.52ms)
2026/10/04 09:37:37 OK   00020_sp04_request_ledger.sql (16.77ms)
2026/10/04 09:37:37 OK   00021_sp04_archive_protection.sql (4.05ms)
2026/10/04 09:37:37 OK   00022_sp04_legal_hold_dependencies.sql (3.48ms)
2026/10/04 09:37:37 OK   00023_sp04_archive_query_intent.sql (2.53ms)
2026/10/04 09:37:37 OK   00024_sp05_finding_incident.sql (23.6ms)
2026/10/04 09:37:37 OK   00025_sp05_incident_event_time.sql (3.43ms)
2026/10/04 09:37:37 OK   00026_sp05_source_binding_lock.sql (8.94ms)
2026/10/04 09:37:37 OK   00027_sp05_rca_and_poll.sql (10.22ms)
2026/10/04 09:37:37 OK   00028_sp05_operator_lock.sql (5.21ms)
2026/10/04 09:37:37 OK   00029_sp05_evidence_links.sql (35.33ms)
2026/10/04 09:37:37 OK   00030_sp05_recipe_fence.sql (5.74ms)
2026/10/04 09:37:37 OK   00031_sp05_rca_postcheck.sql (4.32ms)
2026/10/04 09:37:37 OK   00032_sp05_transport_audit.sql (9.4ms)
2026/10/04 09:37:37 OK   00033_sp05_poll_resolution_clock.sql (9.07ms)
2026/10/04 09:37:37 OK   00034_sp06_investigation_ledger.sql (58.42ms)
2026/10/04 09:37:37 goose: successfully migrated database to version: 34
FAIL
FAIL	ops-platform/test/integration	629.055s
ok  	ops-platform/test/security	0.562s
?   	ops-platform/test/tools/sp05-analyzer-check	[no test files]
?   	ops-platform/test/tools/sp05-worker-check	[no test files]
?   	ops-platform/test/tools/sp06-dispatcher-process	[no test files]
FAIL
make: *** [test-unit] Error 1
