python3 scripts/check-generated.py "go" gen web/src/api/generated internal/persistence/dbgen
✓ Lockfile passes supply-chain policies (verified 6d ago)
Lockfile is up to date, resolution step is skipped
Already up to date
Done in 183ms using pnpm v12.7.0
$ orval --config ./orval.config.ts
🍻 orval v8.37.0 - A swagger client generator for typescript
platform - 🎉 Smart Operations Platform API - Your OpenAPI spec has been converted into ready to use orval!
python3 scripts/prepare-runtime-source.py --check
{"modules": 98, "selectedModuleFiles": 2993, "standardLibraryFiles": 1386, "sourceBundleSHA256": "sha256:9628d31da79f4d4fcbffb303796aa805ee0508e732c66f203f2f330fb9bbe903"}
go vet ./...
?   	ops-platform/api	[no test files]
?   	ops-platform/artifacts	[no test files]
?   	ops-platform/artifacts/task27-materials/sp010203-bao-operator	[no test files]
?   	ops-platform/artifacts/task27-materials/sp010203-cleanup-operator	[no test files]
?   	ops-platform/artifacts/task27-materials/sp010203-live-runtime-probe	[no test files]
?   	ops-platform/artifacts/task27-materials/sp010203-operator-helper	[no test files]
?   	ops-platform/artifacts/task27-materials/sp010203-role-probe	[no test files]
?   	ops-platform/bundle	[no test files]
?   	ops-platform/cmd/db-migrate	[no test files]
ok  	ops-platform/cmd/opsctl	25.930s
?   	ops-platform/cmd/platform-api	[no test files]
?   	ops-platform/cmd/platform-worker	[no test files]
?   	ops-platform/gen/api	[no test files]
?   	ops-platform/gen/internalgraph	[no test files]
ok  	ops-platform/internal/app	0.941s
ok  	ops-platform/internal/archive	(cached)
ok  	ops-platform/internal/audit	(cached)
ok  	ops-platform/internal/auth	(cached)
ok  	ops-platform/internal/bundle	26.566s
ok  	ops-platform/internal/bundle/drivers	(cached)
ok  	ops-platform/internal/configregistry	2.159s
?   	ops-platform/internal/contract	[no test files]
ok  	ops-platform/internal/crypto	(cached)
?   	ops-platform/internal/datascope	[no test files]
ok  	ops-platform/internal/evidence	2.256s
ok  	ops-platform/internal/finding	2.785s
ok  	ops-platform/internal/graph	5.365s
ok  	ops-platform/internal/httpapi	3.668s
ok  	ops-platform/internal/incident	(cached)
ok  	ops-platform/internal/inspection/hardware	(cached)
ok  	ops-platform/internal/inspection/kubernetes	(cached)
ok  	ops-platform/internal/inspection/npd	(cached)
?   	ops-platform/internal/integrations	[no test files]
ok  	ops-platform/internal/integrations/deepflow	(cached)
ok  	ops-platform/internal/integrations/k8sgpt	(cached)
ok  	ops-platform/internal/integrations/keycloak	(cached)
ok  	ops-platform/internal/integrations/kubernetes	(cached)
ok  	ops-platform/internal/integrations/openbao	(cached)
ok  	ops-platform/internal/integrations/redfish	(cached)
ok  	ops-platform/internal/integrations/s3	(cached)
?   	ops-platform/internal/integrations/victorialogs	[no test files]
?   	ops-platform/internal/integrations/victorialogs/adapter	[no test files]
?   	ops-platform/internal/integrations/victoriametrics	[no test files]
?   	ops-platform/internal/integrations/victoriametrics/adapter	[no test files]
?   	ops-platform/internal/integrations/vmalert	[no test files]
ok  	ops-platform/internal/investigation	3.329s
?   	ops-platform/internal/investigation/mcp	[no test files]
ok  	ops-platform/internal/investigation/tools	3.647s
ok  	ops-platform/internal/observability	3.745s
ok  	ops-platform/internal/persistence	(cached)
?   	ops-platform/internal/persistence/dbgen	[no test files]
ok  	ops-platform/internal/policy	2.793s
ok  	ops-platform/internal/profile	4.482s
ok  	ops-platform/internal/rca	1.165s
ok  	ops-platform/internal/resource	(cached)
?   	ops-platform/internal/resourcestore	[no test files]
ok  	ops-platform/internal/source	(cached)
ok  	ops-platform/internal/supplychain	(cached)
?   	ops-platform/internal/tenant	[no test files]
?   	ops-platform/internal/upstream/corootcheck	[no test files]
?   	ops-platform/internal/upstream/keepmodel	[no test files]
?   	ops-platform/internal/upstream/metal3	[no test files]
?   	ops-platform/internal/upstream/ontology/api	[no test files]
?   	ops-platform/internal/upstream/ontology/model	[no test files]
?   	ops-platform/internal/upstream/ontology/service/diagnostic	[no test files]
?   	ops-platform/policies	[no test files]
ok  	ops-platform/test/contract	54.097s
ok  	ops-platform/test/e2e	1.265s
?   	ops-platform/test/fixtures/sp04/profile-detect	[no test files]
?   	ops-platform/test/fixtures/upstream-inspection	[no test files]
--- FAIL: TestRealOpenBaoTransitAndSeaweedS3AuditArchive (4.94s)
    archive_services_test.go:93: create isolated S3 bucket with versioning and Object Lock: S3 bucket creation failed
2026/10/03 20:07:31 OK   00001_roles_and_schemas.sql (57.04ms)
2026/10/03 20:07:31 goose: successfully migrated database to version: 1
2026/10/03 20:07:31 OK   00002_platform_meta.sql (47.08ms)
2026/10/03 20:07:31 OK   00003_finding.sql (24.75ms)
2026/10/03 20:07:31 OK   00004_incident.sql (8.61ms)
2026/10/03 20:07:31 OK   00005_investigation.sql (13.49ms)
2026/10/03 20:07:31 OK   00006_action_command.sql (24.8ms)
2026/10/03 20:07:32 OK   00007_audit.sql (38.92ms)
2026/10/03 20:07:32 OK   00008_rls.sql (17.66ms)
2026/10/03 20:07:32 OK   00009_idempotency_ledger.sql (19.76ms)
2026/10/03 20:07:32 OK   00010_tenant_provisioning.sql (7.17ms)
2026/10/03 20:07:32 OK   00011_source_registration_history.sql (8.48ms)
2026/10/03 20:07:32 OK   00012_config_registry_lifecycle.sql (13.91ms)
2026/10/03 20:07:32 OK   00013_audit_signed_segments.sql (20.5ms)
2026/10/03 20:07:32 OK   00014_audit_segment_predecessors.sql (13.16ms)
2026/10/03 20:07:32 OK   00015_source_schema_scope.sql (4.46ms)
2026/10/03 20:07:32 OK   00016_cluster_registration_metadata.sql (8.21ms)
2026/10/03 20:07:32 OK   00017_source_data_scope.sql (9.22ms)
2026/10/03 20:07:32 OK   00018_sp04_resources_evidence.sql (24.72ms)
2026/10/03 20:07:32 OK   00019_sp04_archive_ciphertext_bytes.sql (5.28ms)
2026/10/03 20:07:32 OK   00020_sp04_request_ledger.sql (11.1ms)
2026/10/03 20:07:32 OK   00021_sp04_archive_protection.sql (6.18ms)
2026/10/03 20:07:32 OK   00022_sp04_legal_hold_dependencies.sql (5.78ms)
2026/10/03 20:07:32 OK   00023_sp04_archive_query_intent.sql (4.78ms)
2026/10/03 20:07:32 OK   00024_sp05_finding_incident.sql (22.7ms)
2026/10/03 20:07:32 OK   00025_sp05_incident_event_time.sql (5.86ms)
2026/10/03 20:07:32 OK   00026_sp05_source_binding_lock.sql (7.05ms)
2026/10/03 20:07:32 OK   00027_sp05_rca_and_poll.sql (12.18ms)
2026/10/03 20:07:32 OK   00028_sp05_operator_lock.sql (6.05ms)
2026/10/03 20:07:32 OK   00029_sp05_evidence_links.sql (9.47ms)
2026/10/03 20:07:32 OK   00030_sp05_recipe_fence.sql (8.82ms)
2026/10/03 20:07:32 OK   00031_sp05_rca_postcheck.sql (3.53ms)
2026/10/03 20:07:32 OK   00032_sp05_transport_audit.sql (3.65ms)
2026/10/03 20:07:32 OK   00033_sp05_poll_resolution_clock.sql (8.41ms)
2026/10/03 20:07:32 OK   00034_sp06_investigation_ledger.sql (28.67ms)
2026/10/03 20:07:32 goose: successfully migrated database to version: 34
2026/10/03 20:07:40 OK   00001_roles_and_schemas.sql (18.09ms)
2026/10/03 20:07:40 goose: successfully migrated database to version: 1
2026/10/03 20:07:40 OK   00002_platform_meta.sql (19.64ms)
2026/10/03 20:07:40 OK   00003_finding.sql (8.1ms)
2026/10/03 20:07:40 OK   00004_incident.sql (5.38ms)
2026/10/03 20:07:40 OK   00005_investigation.sql (5.91ms)
2026/10/03 20:07:40 OK   00006_action_command.sql (5.98ms)
2026/10/03 20:07:40 OK   00007_audit.sql (26.73ms)
2026/10/03 20:07:40 OK   00008_rls.sql (13.68ms)
2026/10/03 20:07:40 OK   00009_idempotency_ledger.sql (6.59ms)
2026/10/03 20:07:40 OK   00010_tenant_provisioning.sql (3.3ms)
2026/10/03 20:07:40 OK   00011_source_registration_history.sql (5.72ms)
2026/10/03 20:07:40 OK   00012_config_registry_lifecycle.sql (10.64ms)
2026/10/03 20:07:40 OK   00013_audit_signed_segments.sql (9.1ms)
2026/10/03 20:07:40 OK   00014_audit_segment_predecessors.sql (5.76ms)
2026/10/03 20:07:40 OK   00015_source_schema_scope.sql (2.64ms)
2026/10/03 20:07:40 OK   00016_cluster_registration_metadata.sql (3.51ms)
2026/10/03 20:07:40 OK   00017_source_data_scope.sql (4.84ms)
2026/10/03 20:07:40 OK   00018_sp04_resources_evidence.sql (34.26ms)
2026/10/03 20:07:40 OK   00019_sp04_archive_ciphertext_bytes.sql (2.52ms)
2026/10/03 20:07:40 OK   00020_sp04_request_ledger.sql (4.07ms)
2026/10/03 20:07:40 OK   00021_sp04_archive_protection.sql (3.18ms)
2026/10/03 20:07:40 OK   00022_sp04_legal_hold_dependencies.sql (2.05ms)
2026/10/03 20:07:40 OK   00023_sp04_archive_query_intent.sql (2.88ms)
2026/10/03 20:07:40 OK   00024_sp05_finding_incident.sql (37.22ms)
2026/10/03 20:07:40 OK   00025_sp05_incident_event_time.sql (2.34ms)
2026/10/03 20:07:40 OK   00026_sp05_source_binding_lock.sql (4.36ms)
2026/10/03 20:07:40 OK   00027_sp05_rca_and_poll.sql (7.24ms)
2026/10/03 20:07:40 OK   00028_sp05_operator_lock.sql (10.36ms)
2026/10/03 20:07:40 OK   00029_sp05_evidence_links.sql (13.26ms)
2026/10/03 20:07:40 OK   00030_sp05_recipe_fence.sql (3.78ms)
2026/10/03 20:07:40 OK   00031_sp05_rca_postcheck.sql (21.2ms)
2026/10/03 20:07:40 OK   00032_sp05_transport_audit.sql (8.08ms)
2026/10/03 20:07:40 OK   00033_sp05_poll_resolution_clock.sql (6.61ms)
2026/10/03 20:07:40 OK   00034_sp06_investigation_ledger.sql (14.2ms)
2026/10/03 20:07:40 goose: successfully migrated database to version: 34
2026/10/03 20:07:40 OK   00001_roles_and_schemas.sql (31.86ms)
2026/10/03 20:07:40 goose: successfully migrated database to version: 1
2026/10/03 20:07:40 OK   00002_platform_meta.sql (54.05ms)
2026/10/03 20:07:40 OK   00003_finding.sql (13.02ms)
2026/10/03 20:07:40 OK   00004_incident.sql (9.37ms)
2026/10/03 20:07:40 OK   00005_investigation.sql (25.58ms)
2026/10/03 20:07:40 OK   00006_action_command.sql (19.76ms)
2026/10/03 20:07:40 OK   00007_audit.sql (12.81ms)
2026/10/03 20:07:40 OK   00008_rls.sql (31.7ms)
2026/10/03 20:07:40 OK   00009_idempotency_ledger.sql (12.75ms)
2026/10/03 20:07:40 OK   00010_tenant_provisioning.sql (5.75ms)
2026/10/03 20:07:40 OK   00011_source_registration_history.sql (12.03ms)
2026/10/03 20:07:40 OK   00012_config_registry_lifecycle.sql (27.91ms)
2026/10/03 20:07:40 OK   00013_audit_signed_segments.sql (24.92ms)
2026/10/03 20:07:40 OK   00014_audit_segment_predecessors.sql (13.44ms)
2026/10/03 20:07:40 OK   00015_source_schema_scope.sql (3.93ms)
2026/10/03 20:07:40 OK   00016_cluster_registration_metadata.sql (28.97ms)
2026/10/03 20:07:40 OK   00017_source_data_scope.sql (3.76ms)
2026/10/03 20:07:40 OK   00018_sp04_resources_evidence.sql (15.52ms)
2026/10/03 20:07:40 OK   00019_sp04_archive_ciphertext_bytes.sql (2.36ms)
2026/10/03 20:07:40 OK   00020_sp04_request_ledger.sql (3.83ms)
2026/10/03 20:07:41 OK   00021_sp04_archive_protection.sql (25.36ms)
2026/10/03 20:07:41 OK   00022_sp04_legal_hold_dependencies.sql (4.15ms)
2026/10/03 20:07:41 OK   00023_sp04_archive_query_intent.sql (2.45ms)
2026/10/03 20:07:41 OK   00024_sp05_finding_incident.sql (22.79ms)
2026/10/03 20:07:41 OK   00025_sp05_incident_event_time.sql (6.07ms)
2026/10/03 20:07:41 OK   00026_sp05_source_binding_lock.sql (5.59ms)
2026/10/03 20:07:41 OK   00027_sp05_rca_and_poll.sql (9.44ms)
2026/10/03 20:07:41 OK   00028_sp05_operator_lock.sql (5.02ms)
2026/10/03 20:07:41 OK   00029_sp05_evidence_links.sql (4.86ms)
2026/10/03 20:07:41 OK   00030_sp05_recipe_fence.sql (3.74ms)
2026/10/03 20:07:41 OK   00031_sp05_rca_postcheck.sql (3.84ms)
2026/10/03 20:07:41 OK   00032_sp05_transport_audit.sql (6.95ms)
2026/10/03 20:07:41 OK   00033_sp05_poll_resolution_clock.sql (6.76ms)
2026/10/03 20:07:41 OK   00034_sp06_investigation_ledger.sql (23.21ms)
2026/10/03 20:07:41 goose: successfully migrated database to version: 34
2026/10/03 20:07:41 OK   00001_roles_and_schemas.sql (13.44ms)
2026/10/03 20:07:41 goose: successfully migrated database to version: 1
2026/10/03 20:07:41 OK   00002_platform_meta.sql (41.52ms)
2026/10/03 20:07:41 OK   00003_finding.sql (19ms)
2026/10/03 20:07:41 OK   00004_incident.sql (12.65ms)
2026/10/03 20:07:41 OK   00005_investigation.sql (13.33ms)
2026/10/03 20:07:41 OK   00006_action_command.sql (11.07ms)
2026/10/03 20:07:41 OK   00007_audit.sql (37.95ms)
2026/10/03 20:07:41 OK   00008_rls.sql (44.22ms)
2026/10/03 20:07:41 OK   00009_idempotency_ledger.sql (25.05ms)
2026/10/03 20:07:41 OK   00010_tenant_provisioning.sql (14.91ms)
2026/10/03 20:07:41 OK   00011_source_registration_history.sql (13.92ms)
2026/10/03 20:07:41 OK   00012_config_registry_lifecycle.sql (19.36ms)
2026/10/03 20:07:42 OK   00013_audit_signed_segments.sql (32.14ms)
2026/10/03 20:07:42 OK   00014_audit_segment_predecessors.sql (5.47ms)
2026/10/03 20:07:42 OK   00015_source_schema_scope.sql (4.69ms)
2026/10/03 20:07:42 OK   00016_cluster_registration_metadata.sql (18.98ms)
2026/10/03 20:07:42 OK   00017_source_data_scope.sql (9.49ms)
2026/10/03 20:07:42 OK   00018_sp04_resources_evidence.sql (36.42ms)
2026/10/03 20:07:42 OK   00019_sp04_archive_ciphertext_bytes.sql (5.78ms)
2026/10/03 20:07:42 OK   00020_sp04_request_ledger.sql (5.97ms)
2026/10/03 20:07:42 OK   00021_sp04_archive_protection.sql (8.93ms)
2026/10/03 20:07:42 OK   00022_sp04_legal_hold_dependencies.sql (6.1ms)
2026/10/03 20:07:42 OK   00023_sp04_archive_query_intent.sql (12.09ms)
2026/10/03 20:07:42 OK   00024_sp05_finding_incident.sql (42.34ms)
2026/10/03 20:07:42 OK   00025_sp05_incident_event_time.sql (4.97ms)
2026/10/03 20:07:42 OK   00026_sp05_source_binding_lock.sql (6.2ms)
2026/10/03 20:07:42 OK   00027_sp05_rca_and_poll.sql (27.86ms)
2026/10/03 20:07:42 OK   00028_sp05_operator_lock.sql (3.02ms)
2026/10/03 20:07:42 OK   00029_sp05_evidence_links.sql (6.09ms)
2026/10/03 20:07:42 OK   00030_sp05_recipe_fence.sql (2.46ms)
2026/10/03 20:07:42 OK   00031_sp05_rca_postcheck.sql (2.32ms)
2026/10/03 20:07:42 OK   00032_sp05_transport_audit.sql (2.5ms)
2026/10/03 20:07:42 OK   00033_sp05_poll_resolution_clock.sql (2.96ms)
2026/10/03 20:07:42 OK   00034_sp06_investigation_ledger.sql (40.39ms)
2026/10/03 20:07:42 goose: successfully migrated database to version: 34
2026/10/03 20:07:42 OK   00001_roles_and_schemas.sql (51.02ms)
2026/10/03 20:07:42 goose: successfully migrated database to version: 1
2026/10/03 20:07:42 OK   00002_platform_meta.sql (36.34ms)
2026/10/03 20:07:42 OK   00003_finding.sql (9.95ms)
2026/10/03 20:07:42 OK   00004_incident.sql (10.15ms)
2026/10/03 20:07:42 OK   00005_investigation.sql (16ms)
2026/10/03 20:07:42 OK   00006_action_command.sql (9.37ms)
2026/10/03 20:07:42 OK   00007_audit.sql (7.79ms)
2026/10/03 20:07:42 OK   00008_rls.sql (7.86ms)
2026/10/03 20:07:42 OK   00009_idempotency_ledger.sql (28.88ms)
2026/10/03 20:07:42 OK   00010_tenant_provisioning.sql (4.21ms)
2026/10/03 20:07:42 OK   00011_source_registration_history.sql (15.9ms)
2026/10/03 20:07:42 OK   00012_config_registry_lifecycle.sql (18.55ms)
2026/10/03 20:07:42 OK   00013_audit_signed_segments.sql (35.75ms)
2026/10/03 20:07:42 OK   00014_audit_segment_predecessors.sql (5.52ms)
2026/10/03 20:07:42 OK   00015_source_schema_scope.sql (3.56ms)
2026/10/03 20:07:42 OK   00016_cluster_registration_metadata.sql (6.64ms)
2026/10/03 20:07:42 OK   00017_source_data_scope.sql (9.66ms)
2026/10/03 20:07:42 OK   00018_sp04_resources_evidence.sql (20.85ms)
2026/10/03 20:07:42 OK   00019_sp04_archive_ciphertext_bytes.sql (12.72ms)
2026/10/03 20:07:42 OK   00020_sp04_request_ledger.sql (18.67ms)
2026/10/03 20:07:42 OK   00021_sp04_archive_protection.sql (4.29ms)
2026/10/03 20:07:42 OK   00022_sp04_legal_hold_dependencies.sql (2.32ms)
2026/10/03 20:07:42 OK   00023_sp04_archive_query_intent.sql (7.44ms)
2026/10/03 20:07:42 OK   00024_sp05_finding_incident.sql (57.76ms)
2026/10/03 20:07:42 OK   00025_sp05_incident_event_time.sql (5.42ms)
2026/10/03 20:07:42 OK   00026_sp05_source_binding_lock.sql (4.45ms)
2026/10/03 20:07:42 OK   00027_sp05_rca_and_poll.sql (15.49ms)
2026/10/03 20:07:42 OK   00028_sp05_operator_lock.sql (8.63ms)
2026/10/03 20:07:42 OK   00029_sp05_evidence_links.sql (7.42ms)
2026/10/03 20:07:42 OK   00030_sp05_recipe_fence.sql (2.4ms)
2026/10/03 20:07:42 OK   00031_sp05_rca_postcheck.sql (2.03ms)
2026/10/03 20:07:42 OK   00032_sp05_transport_audit.sql (3.52ms)
2026/10/03 20:07:42 OK   00033_sp05_poll_resolution_clock.sql (5.34ms)
2026/10/03 20:07:42 OK   00034_sp06_investigation_ledger.sql (39.34ms)
2026/10/03 20:07:42 goose: successfully migrated database to version: 34
2026/10/03 20:07:43 OK   00001_roles_and_schemas.sql (24.23ms)
2026/10/03 20:07:43 goose: successfully migrated database to version: 1
2026/10/03 20:07:43 OK   00002_platform_meta.sql (36.97ms)
2026/10/03 20:07:43 OK   00003_finding.sql (6.79ms)
2026/10/03 20:07:43 OK   00004_incident.sql (4.55ms)
2026/10/03 20:07:43 OK   00005_investigation.sql (28.16ms)
2026/10/03 20:07:43 OK   00006_action_command.sql (4.99ms)
2026/10/03 20:07:43 OK   00007_audit.sql (29.66ms)
2026/10/03 20:07:43 OK   00008_rls.sql (7.12ms)
2026/10/03 20:07:43 OK   00009_idempotency_ledger.sql (5.26ms)
2026/10/03 20:07:43 OK   00010_tenant_provisioning.sql (2.84ms)
2026/10/03 20:07:43 OK   00011_source_registration_history.sql (6.09ms)
2026/10/03 20:07:43 OK   00012_config_registry_lifecycle.sql (22.5ms)
2026/10/03 20:07:43 OK   00013_audit_signed_segments.sql (32.07ms)
2026/10/03 20:07:43 OK   00014_audit_segment_predecessors.sql (5.96ms)
2026/10/03 20:07:43 OK   00015_source_schema_scope.sql (2.49ms)
2026/10/03 20:07:43 OK   00016_cluster_registration_metadata.sql (3.52ms)
2026/10/03 20:07:43 OK   00017_source_data_scope.sql (3ms)
2026/10/03 20:07:43 OK   00018_sp04_resources_evidence.sql (25.11ms)
2026/10/03 20:07:43 OK   00019_sp04_archive_ciphertext_bytes.sql (5.41ms)
2026/10/03 20:07:43 OK   00020_sp04_request_ledger.sql (4.09ms)
2026/10/03 20:07:43 OK   00021_sp04_archive_protection.sql (2.44ms)
2026/10/03 20:07:43 OK   00022_sp04_legal_hold_dependencies.sql (2.77ms)
2026/10/03 20:07:43 OK   00023_sp04_archive_query_intent.sql (2.51ms)
2026/10/03 20:07:43 OK   00024_sp05_finding_incident.sql (33.18ms)
2026/10/03 20:07:43 OK   00025_sp05_incident_event_time.sql (3.64ms)
2026/10/03 20:07:43 OK   00026_sp05_source_binding_lock.sql (6.8ms)
2026/10/03 20:07:43 OK   00027_sp05_rca_and_poll.sql (16.66ms)
2026/10/03 20:07:43 OK   00028_sp05_operator_lock.sql (5.33ms)
2026/10/03 20:07:43 OK   00029_sp05_evidence_links.sql (30.48ms)
2026/10/03 20:07:43 OK   00030_sp05_recipe_fence.sql (2.57ms)
2026/10/03 20:07:43 OK   00031_sp05_rca_postcheck.sql (2.38ms)
2026/10/03 20:07:43 OK   00032_sp05_transport_audit.sql (2.83ms)
2026/10/03 20:07:43 OK   00033_sp05_poll_resolution_clock.sql (4.41ms)
2026/10/03 20:07:44 OK   00034_sp06_investigation_ledger.sql (13.96ms)
2026/10/03 20:07:44 goose: successfully migrated database to version: 34
2026/10/03 20:08:00 OK   00001_roles_and_schemas.sql (6.8ms)
2026/10/03 20:08:00 goose: successfully migrated database to version: 1
2026/10/03 20:08:00 OK   00002_platform_meta.sql (42.99ms)
2026/10/03 20:08:00 OK   00003_finding.sql (23.26ms)
2026/10/03 20:08:00 OK   00004_incident.sql (5.56ms)
2026/10/03 20:08:00 OK   00005_investigation.sql (18.07ms)
2026/10/03 20:08:00 OK   00006_action_command.sql (7.24ms)
2026/10/03 20:08:00 OK   00007_audit.sql (9.28ms)
2026/10/03 20:08:00 OK   00008_rls.sql (11.08ms)
2026/10/03 20:08:00 OK   00009_idempotency_ledger.sql (13.32ms)
2026/10/03 20:08:00 OK   00010_tenant_provisioning.sql (3.89ms)
2026/10/03 20:08:00 OK   00011_source_registration_history.sql (5.18ms)
2026/10/03 20:08:00 OK   00012_config_registry_lifecycle.sql (6.64ms)
2026/10/03 20:08:00 OK   00013_audit_signed_segments.sql (8.42ms)
2026/10/03 20:08:00 OK   00014_audit_segment_predecessors.sql (14.99ms)
2026/10/03 20:08:00 OK   00015_source_schema_scope.sql (10.95ms)
2026/10/03 20:08:00 OK   00016_cluster_registration_metadata.sql (6.9ms)
2026/10/03 20:08:00 OK   00017_source_data_scope.sql (3.02ms)
2026/10/03 20:08:00 OK   00018_sp04_resources_evidence.sql (12.09ms)
2026/10/03 20:08:00 OK   00019_sp04_archive_ciphertext_bytes.sql (7.11ms)
2026/10/03 20:08:00 OK   00020_sp04_request_ledger.sql (6.03ms)
2026/10/03 20:08:00 OK   00021_sp04_archive_protection.sql (10.24ms)
2026/10/03 20:08:00 OK   00022_sp04_legal_hold_dependencies.sql (4.78ms)
2026/10/03 20:08:00 OK   00023_sp04_archive_query_intent.sql (4.58ms)
2026/10/03 20:08:00 OK   00024_sp05_finding_incident.sql (75.11ms)
2026/10/03 20:08:00 OK   00025_sp05_incident_event_time.sql (12.63ms)
2026/10/03 20:08:00 OK   00026_sp05_source_binding_lock.sql (15.73ms)
2026/10/03 20:08:00 OK   00027_sp05_rca_and_poll.sql (6.25ms)
2026/10/03 20:08:00 OK   00028_sp05_operator_lock.sql (2.62ms)
2026/10/03 20:08:00 OK   00029_sp05_evidence_links.sql (25.86ms)
2026/10/03 20:08:00 OK   00030_sp05_recipe_fence.sql (3.69ms)
2026/10/03 20:08:00 OK   00031_sp05_rca_postcheck.sql (2.03ms)
2026/10/03 20:08:00 OK   00032_sp05_transport_audit.sql (2.79ms)
2026/10/03 20:08:00 OK   00033_sp05_poll_resolution_clock.sql (7.2ms)
2026/10/03 20:08:00 OK   00034_sp06_investigation_ledger.sql (22.79ms)
2026/10/03 20:08:00 goose: successfully migrated database to version: 34
{"time":"2026-10-03T20:08:00.808401+08:00","level":"INFO","msg":"http request complete","request_id":"01a101aa-0020-7914-9374-7876c43aa694","trace_id":"4bf92f3577b34da6a3ce929d0e0e4736","span_id":"bf16ef79b2058ec7","method":"GET","status_code":200,"duration_ms":7}
{"time":"2026-10-03T20:08:00.810063+08:00","level":"INFO","msg":"http request complete","request_id":"01a101aa-0028-77db-b389-393d68e16a13","trace_id":"4bf92f3577b34da6a3ce929d0e0e4736","span_id":"38f159acbd3af4cd","method":"GET","status_code":200,"duration_ms":1}
{"time":"2026-10-03T20:08:00.811661+08:00","level":"INFO","msg":"http request complete","request_id":"01a101aa-002a-725d-b15a-7c6ae1d0bc34","trace_id":"4bf92f3577b34da6a3ce929d0e0e4736","span_id":"dcae76dc3f78b9f0","method":"GET","status_code":200,"duration_ms":1}
{"time":"2026-10-03T20:08:00.813733+08:00","level":"INFO","msg":"http request complete","request_id":"01a101aa-002b-7c4c-9ae1-b993413e446e","trace_id":"4bf92f3577b34da6a3ce929d0e0e4736","span_id":"5ee252ec63187c38","method":"GET","status_code":200,"duration_ms":1}
{"time":"2026-10-03T20:08:00.815659+08:00","level":"INFO","msg":"http request complete","request_id":"01a101aa-002d-7dc3-80ef-7bc6791fca2e","trace_id":"4bf92f3577b34da6a3ce929d0e0e4736","span_id":"141018f5c13e5513","method":"GET","status_code":200,"duration_ms":1}
{"time":"2026-10-03T20:08:00.819692+08:00","level":"INFO","msg":"http request complete","request_id":"01a101aa-002f-7c5f-a264-0e02b987c22b","trace_id":"4bf92f3577b34da6a3ce929d0e0e4736","span_id":"c59b557f488ab86d","method":"GET","status_code":200,"duration_ms":3}
{"time":"2026-10-03T20:08:00.83725+08:00","level":"INFO","msg":"http request complete","request_id":"01a101aa-0033-7dbf-a6bc-0793c5468ba3","trace_id":"f42914cde6dd7dcf5d2732ceade395e7","span_id":"6e70f2500e8fbf8c","method":"POST","status_code":201,"duration_ms":17}
{"time":"2026-10-03T20:08:00.841832+08:00","level":"INFO","msg":"http request complete","request_id":"01a101aa-0045-776a-ad81-3679117df958","trace_id":"d04b71c336daf5a181964856faa8aa29","span_id":"0605d3dc2d052abc","method":"POST","status_code":201,"duration_ms":4}
{"time":"2026-10-03T20:08:00.84258+08:00","level":"WARN","msg":"trace export failed","signal":"traces"}
{"time":"2026-10-03T20:08:00.843842+08:00","level":"INFO","msg":"http request complete","request_id":"01a101aa-004a-79d3-915e-6397dcffefbd","trace_id":"6a9ef2d9a00174f6ffcee0666a5d08b9","span_id":"be9084a3f9aeb9c2","method":"GET","status_code":200,"duration_ms":1}
2026/10/03 20:08:01 OK   00001_roles_and_schemas.sql (7.58ms)
2026/10/03 20:08:01 goose: successfully migrated database to version: 1
2026/10/03 20:08:01 OK   00002_platform_meta.sql (45.26ms)
2026/10/03 20:08:01 OK   00003_finding.sql (20.57ms)
2026/10/03 20:08:01 OK   00004_incident.sql (5ms)
2026/10/03 20:08:01 OK   00005_investigation.sql (5.25ms)
2026/10/03 20:08:01 OK   00006_action_command.sql (5.28ms)
2026/10/03 20:08:01 OK   00007_audit.sql (7.84ms)
2026/10/03 20:08:01 OK   00008_rls.sql (6.94ms)
2026/10/03 20:08:01 OK   00009_idempotency_ledger.sql (22.07ms)
2026/10/03 20:08:01 OK   00010_tenant_provisioning.sql (5.45ms)
2026/10/03 20:08:01 OK   00011_source_registration_history.sql (4.95ms)
2026/10/03 20:08:01 OK   00012_config_registry_lifecycle.sql (14.25ms)
2026/10/03 20:08:01 OK   00013_audit_signed_segments.sql (16.22ms)
2026/10/03 20:08:01 OK   00014_audit_segment_predecessors.sql (4.44ms)
2026/10/03 20:08:01 OK   00015_source_schema_scope.sql (2.67ms)
2026/10/03 20:08:01 OK   00016_cluster_registration_metadata.sql (4.23ms)
2026/10/03 20:08:01 OK   00017_source_data_scope.sql (3.44ms)
2026/10/03 20:08:01 OK   00018_sp04_resources_evidence.sql (10.37ms)
2026/10/03 20:08:01 OK   00019_sp04_archive_ciphertext_bytes.sql (5.45ms)
2026/10/03 20:08:01 OK   00020_sp04_request_ledger.sql (4.53ms)
2026/10/03 20:08:01 OK   00021_sp04_archive_protection.sql (3.87ms)
2026/10/03 20:08:01 OK   00022_sp04_legal_hold_dependencies.sql (3.26ms)
2026/10/03 20:08:01 OK   00023_sp04_archive_query_intent.sql (2.8ms)
2026/10/03 20:08:01 OK   00024_sp05_finding_incident.sql (15.25ms)
2026/10/03 20:08:01 OK   00025_sp05_incident_event_time.sql (2.02ms)
2026/10/03 20:08:01 OK   00026_sp05_source_binding_lock.sql (6.47ms)
2026/10/03 20:08:01 OK   00027_sp05_rca_and_poll.sql (11.81ms)
2026/10/03 20:08:01 OK   00028_sp05_operator_lock.sql (4.17ms)
2026/10/03 20:08:01 OK   00029_sp05_evidence_links.sql (7.77ms)
2026/10/03 20:08:01 OK   00030_sp05_recipe_fence.sql (2.53ms)
2026/10/03 20:08:01 OK   00031_sp05_rca_postcheck.sql (2.32ms)
2026/10/03 20:08:01 OK   00032_sp05_transport_audit.sql (2ms)
2026/10/03 20:08:01 OK   00033_sp05_poll_resolution_clock.sql (2.54ms)
2026/10/03 20:08:01 OK   00034_sp06_investigation_ledger.sql (13.89ms)
2026/10/03 20:08:01 goose: successfully migrated database to version: 34
2026/10/03 20:08:01 OK   00035_review_failure.sql (3.65ms)
2026/10/03 20:08:01 goose: successfully migrated database to version: 35
2026/10/03 20:08:01 OK   00001_roles_and_schemas.sql (13.06ms)
2026/10/03 20:08:01 goose: successfully migrated database to version: 1
2026/10/03 20:08:01 OK   00002_platform_meta.sql (41.59ms)
2026/10/03 20:08:01 OK   00003_finding.sql (26.49ms)
2026/10/03 20:08:01 OK   00004_incident.sql (14.12ms)
2026/10/03 20:08:01 OK   00005_investigation.sql (19.94ms)
2026/10/03 20:08:01 OK   00006_action_command.sql (4.65ms)
2026/10/03 20:08:01 OK   00007_audit.sql (7.49ms)
2026/10/03 20:08:01 OK   00008_rls.sql (6.15ms)
2026/10/03 20:08:01 OK   00009_idempotency_ledger.sql (5.51ms)
2026/10/03 20:08:01 OK   00010_tenant_provisioning.sql (24.04ms)
2026/10/03 20:08:01 OK   00011_source_registration_history.sql (8.81ms)
2026/10/03 20:08:01 OK   00012_config_registry_lifecycle.sql (10.64ms)
2026/10/03 20:08:01 OK   00013_audit_signed_segments.sql (28.19ms)
2026/10/03 20:08:01 OK   00014_audit_segment_predecessors.sql (9.84ms)
2026/10/03 20:08:01 OK   00015_source_schema_scope.sql (5.03ms)
2026/10/03 20:08:01 OK   00016_cluster_registration_metadata.sql (6.83ms)
2026/10/03 20:08:01 OK   00017_source_data_scope.sql (9.88ms)
2026/10/03 20:08:01 OK   00018_sp04_resources_evidence.sql (14.99ms)
2026/10/03 20:08:01 OK   00019_sp04_archive_ciphertext_bytes.sql (6.69ms)
2026/10/03 20:08:01 OK   00020_sp04_request_ledger.sql (13.64ms)
2026/10/03 20:08:01 OK   00021_sp04_archive_protection.sql (5.08ms)
2026/10/03 20:08:01 OK   00022_sp04_legal_hold_dependencies.sql (2.47ms)
2026/10/03 20:08:01 OK   00023_sp04_archive_query_intent.sql (2.43ms)
2026/10/03 20:08:01 OK   00024_sp05_finding_incident.sql (29.99ms)
2026/10/03 20:08:01 OK   00025_sp05_incident_event_time.sql (3.8ms)
2026/10/03 20:08:01 OK   00026_sp05_source_binding_lock.sql (7ms)
2026/10/03 20:08:01 OK   00027_sp05_rca_and_poll.sql (13.03ms)
2026/10/03 20:08:01 OK   00028_sp05_operator_lock.sql (4.51ms)
2026/10/03 20:08:01 OK   00029_sp05_evidence_links.sql (4.43ms)
2026/10/03 20:08:01 OK   00030_sp05_recipe_fence.sql (2.06ms)
2026/10/03 20:08:01 OK   00031_sp05_rca_postcheck.sql (1.74ms)
2026/10/03 20:08:01 OK   00032_sp05_transport_audit.sql (2.22ms)
2026/10/03 20:08:01 OK   00033_sp05_poll_resolution_clock.sql (2.63ms)
2026/10/03 20:08:01 OK   00034_sp06_investigation_ledger.sql (31.75ms)
2026/10/03 20:08:01 goose: successfully migrated database to version: 34
--- FAIL: TestMigrationsAndRoles (0.58s)
    migrations_test.go:192: runtime roles crossed table boundary: api_worker_queue=true worker_execution=false
2026/10/03 20:08:02 OK   00001_roles_and_schemas.sql (12.78ms)
2026/10/03 20:08:02 goose: successfully migrated database to version: 1
2026/10/03 20:08:02 OK   00002_platform_meta.sql (27.37ms)
2026/10/03 20:08:02 OK   00003_finding.sql (23.48ms)
2026/10/03 20:08:02 OK   00004_incident.sql (25.96ms)
2026/10/03 20:08:02 OK   00005_investigation.sql (8.31ms)
2026/10/03 20:08:02 OK   00006_action_command.sql (21.65ms)
2026/10/03 20:08:02 OK   00007_audit.sql (31.57ms)
2026/10/03 20:08:02 OK   00008_rls.sql (7.49ms)
2026/10/03 20:08:02 OK   00009_idempotency_ledger.sql (11.32ms)
2026/10/03 20:08:02 OK   00010_tenant_provisioning.sql (6.82ms)
2026/10/03 20:08:02 OK   00011_source_registration_history.sql (14.82ms)
2026/10/03 20:08:02 OK   00012_config_registry_lifecycle.sql (8ms)
2026/10/03 20:08:02 OK   00013_audit_signed_segments.sql (12.05ms)
2026/10/03 20:08:02 OK   00014_audit_segment_predecessors.sql (13.63ms)
2026/10/03 20:08:02 OK   00015_source_schema_scope.sql (4.59ms)
2026/10/03 20:08:02 OK   00016_cluster_registration_metadata.sql (6.38ms)
2026/10/03 20:08:02 OK   00017_source_data_scope.sql (4.1ms)
2026/10/03 20:08:02 OK   00018_sp04_resources_evidence.sql (19.36ms)
2026/10/03 20:08:02 OK   00019_sp04_archive_ciphertext_bytes.sql (6.6ms)
2026/10/03 20:08:02 OK   00020_sp04_request_ledger.sql (8.87ms)
2026/10/03 20:08:02 OK   00021_sp04_archive_protection.sql (4.05ms)
2026/10/03 20:08:02 OK   00022_sp04_legal_hold_dependencies.sql (2.34ms)
2026/10/03 20:08:02 OK   00023_sp04_archive_query_intent.sql (6.58ms)
2026/10/03 20:08:02 OK   00024_sp05_finding_incident.sql (32.3ms)
2026/10/03 20:08:02 OK   00025_sp05_incident_event_time.sql (4.74ms)
2026/10/03 20:08:02 OK   00026_sp05_source_binding_lock.sql (8.22ms)
2026/10/03 20:08:02 OK   00027_sp05_rca_and_poll.sql (17.52ms)
2026/10/03 20:08:02 OK   00028_sp05_operator_lock.sql (13.58ms)
2026/10/03 20:08:02 OK   00029_sp05_evidence_links.sql (23.56ms)
2026/10/03 20:08:02 OK   00030_sp05_recipe_fence.sql (9.81ms)
2026/10/03 20:08:02 OK   00031_sp05_rca_postcheck.sql (7.66ms)
2026/10/03 20:08:02 OK   00032_sp05_transport_audit.sql (2.72ms)
2026/10/03 20:08:02 OK   00033_sp05_poll_resolution_clock.sql (2.94ms)
2026/10/03 20:08:02 OK   00034_sp06_investigation_ledger.sql (15.24ms)
2026/10/03 20:08:02 goose: successfully migrated database to version: 34
2026/10/03 20:08:02 OK   00001_roles_and_schemas.sql (29.15ms)
2026/10/03 20:08:02 goose: successfully migrated database to version: 1
2026/10/03 20:08:02 OK   00002_platform_meta.sql (46.81ms)
2026/10/03 20:08:02 OK   00003_finding.sql (25.26ms)
2026/10/03 20:08:02 OK   00004_incident.sql (23.65ms)
2026/10/03 20:08:02 OK   00005_investigation.sql (27.28ms)
2026/10/03 20:08:02 OK   00006_action_command.sql (14.67ms)
2026/10/03 20:08:02 OK   00007_audit.sql (22.71ms)
2026/10/03 20:08:02 OK   00008_rls.sql (24.21ms)
2026/10/03 20:08:02 OK   00009_idempotency_ledger.sql (11.24ms)
2026/10/03 20:08:02 OK   00010_tenant_provisioning.sql (15.33ms)
2026/10/03 20:08:02 OK   00011_source_registration_history.sql (19.94ms)
2026/10/03 20:08:02 OK   00012_config_registry_lifecycle.sql (32.26ms)
2026/10/03 20:08:02 OK   00013_audit_signed_segments.sql (33.65ms)
2026/10/03 20:08:02 OK   00014_audit_segment_predecessors.sql (5.47ms)
2026/10/03 20:08:03 OK   00015_source_schema_scope.sql (4.17ms)
2026/10/03 20:08:03 OK   00016_cluster_registration_metadata.sql (5.88ms)
2026/10/03 20:08:03 OK   00017_source_data_scope.sql (15.61ms)
2026/10/03 20:08:03 OK   00018_sp04_resources_evidence.sql (44.76ms)
2026/10/03 20:08:03 OK   00019_sp04_archive_ciphertext_bytes.sql (6.06ms)
2026/10/03 20:08:03 OK   00020_sp04_request_ledger.sql (17.47ms)
2026/10/03 20:08:03 OK   00021_sp04_archive_protection.sql (8.54ms)
2026/10/03 20:08:03 OK   00022_sp04_legal_hold_dependencies.sql (2.16ms)
2026/10/03 20:08:03 OK   00023_sp04_archive_query_intent.sql (2.19ms)
2026/10/03 20:08:03 OK   00024_sp05_finding_incident.sql (39.68ms)
2026/10/03 20:08:03 OK   00025_sp05_incident_event_time.sql (3.4ms)
2026/10/03 20:08:03 OK   00026_sp05_source_binding_lock.sql (4.29ms)
2026/10/03 20:08:03 OK   00027_sp05_rca_and_poll.sql (21.75ms)
2026/10/03 20:08:03 OK   00028_sp05_operator_lock.sql (8.04ms)
2026/10/03 20:08:03 OK   00029_sp05_evidence_links.sql (5.04ms)
2026/10/03 20:08:03 OK   00030_sp05_recipe_fence.sql (2.28ms)
2026/10/03 20:08:03 OK   00031_sp05_rca_postcheck.sql (2.44ms)
2026/10/03 20:08:03 OK   00032_sp05_transport_audit.sql (4.75ms)
2026/10/03 20:08:03 OK   00033_sp05_poll_resolution_clock.sql (7.73ms)
2026/10/03 20:08:03 OK   00034_sp06_investigation_ledger.sql (25.78ms)
2026/10/03 20:08:03 goose: successfully migrated database to version: 34
2026/10/03 20:08:03 OK   00001_roles_and_schemas.sql (5.97ms)
2026/10/03 20:08:03 OK   00002_platform_meta.sql (12.38ms)
2026/10/03 20:08:03 OK   00003_finding.sql (5.05ms)
2026/10/03 20:08:03 OK   00004_incident.sql (3.6ms)
2026/10/03 20:08:03 OK   00005_investigation.sql (4.11ms)
2026/10/03 20:08:03 OK   00006_action_command.sql (3.49ms)
2026/10/03 20:08:03 OK   00007_audit.sql (5.58ms)
2026/10/03 20:08:03 OK   00008_rls.sql (5.94ms)
2026/10/03 20:08:03 OK   00009_idempotency_ledger.sql (4.57ms)
2026/10/03 20:08:03 OK   00010_tenant_provisioning.sql (2.32ms)
2026/10/03 20:08:03 OK   00011_source_registration_history.sql (10.45ms)
2026/10/03 20:08:03 OK   00012_config_registry_lifecycle.sql (22.74ms)
2026/10/03 20:08:03 OK   00013_audit_signed_segments.sql (11.92ms)
2026/10/03 20:08:03 OK   00014_audit_segment_predecessors.sql (16.88ms)
2026/10/03 20:08:03 OK   00015_source_schema_scope.sql (11.72ms)
2026/10/03 20:08:03 OK   00016_cluster_registration_metadata.sql (4.09ms)
2026/10/03 20:08:03 OK   00017_source_data_scope.sql (3.16ms)
2026/10/03 20:08:03 OK   00018_sp04_resources_evidence.sql (23.58ms)
2026/10/03 20:08:03 OK   00019_sp04_archive_ciphertext_bytes.sql (6.66ms)
2026/10/03 20:08:03 OK   00020_sp04_request_ledger.sql (6.18ms)
2026/10/03 20:08:03 OK   00021_sp04_archive_protection.sql (3.69ms)
2026/10/03 20:08:03 OK   00022_sp04_legal_hold_dependencies.sql (7.12ms)
2026/10/03 20:08:03 OK   00023_sp04_archive_query_intent.sql (5.83ms)
2026/10/03 20:08:03 OK   00024_sp05_finding_incident.sql (24.77ms)
2026/10/03 20:08:03 OK   00025_sp05_incident_event_time.sql (1.79ms)
2026/10/03 20:08:03 OK   00026_sp05_source_binding_lock.sql (1.67ms)
2026/10/03 20:08:03 OK   00027_sp05_rca_and_poll.sql (4.63ms)
2026/10/03 20:08:03 OK   00028_sp05_operator_lock.sql (1.77ms)
2026/10/03 20:08:03 OK   00029_sp05_evidence_links.sql (3.36ms)
2026/10/03 20:08:03 OK   00030_sp05_recipe_fence.sql (1.87ms)
2026/10/03 20:08:03 OK   00031_sp05_rca_postcheck.sql (1.53ms)
2026/10/03 20:08:03 OK   00032_sp05_transport_audit.sql (1.68ms)
2026/10/03 20:08:03 OK   00033_sp05_poll_resolution_clock.sql (1.79ms)
2026/10/03 20:08:03 OK   00034_sp06_investigation_ledger.sql (34.54ms)
2026/10/03 20:08:03 goose: successfully migrated database to version: 34
2026/10/03 20:08:03 OK   00001_roles_and_schemas.sql (12.97ms)
2026/10/03 20:08:03 goose: successfully migrated database to version: 1
2026/10/03 20:08:03 OK   00002_platform_meta.sql (22.49ms)
2026/10/03 20:08:04 OK   00003_finding.sql (18.75ms)
2026/10/03 20:08:04 OK   00004_incident.sql (14.62ms)
2026/10/03 20:08:04 OK   00005_investigation.sql (7.84ms)
2026/10/03 20:08:04 OK   00006_action_command.sql (12.17ms)
2026/10/03 20:08:04 OK   00007_audit.sql (21ms)
2026/10/03 20:08:04 OK   00008_rls.sql (18.15ms)
2026/10/03 20:08:04 OK   00009_idempotency_ledger.sql (16.83ms)
2026/10/03 20:08:04 OK   00010_tenant_provisioning.sql (3.52ms)
2026/10/03 20:08:04 OK   00011_source_registration_history.sql (5.4ms)
2026/10/03 20:08:04 OK   00012_config_registry_lifecycle.sql (10.54ms)
2026/10/03 20:08:04 OK   00013_audit_signed_segments.sql (36.95ms)
2026/10/03 20:08:04 OK   00014_audit_segment_predecessors.sql (10.67ms)
2026/10/03 20:08:04 OK   00015_source_schema_scope.sql (8.81ms)
2026/10/03 20:08:04 OK   00016_cluster_registration_metadata.sql (10.84ms)
2026/10/03 20:08:04 goose: successfully migrated database to version: 16
2026/10/03 20:08:04 OK   00017_source_data_scope.sql (13.43ms)
2026/10/03 20:08:04 OK   00018_sp04_resources_evidence.sql (19.75ms)
2026/10/03 20:08:04 OK   00019_sp04_archive_ciphertext_bytes.sql (12.62ms)
2026/10/03 20:08:04 OK   00020_sp04_request_ledger.sql (15.45ms)
2026/10/03 20:08:04 OK   00021_sp04_archive_protection.sql (3.53ms)
2026/10/03 20:08:04 OK   00022_sp04_legal_hold_dependencies.sql (4.49ms)
2026/10/03 20:08:04 OK   00023_sp04_archive_query_intent.sql (8.62ms)
2026/10/03 20:08:04 OK   00024_sp05_finding_incident.sql (23.9ms)
2026/10/03 20:08:04 OK   00025_sp05_incident_event_time.sql (18.01ms)
2026/10/03 20:08:04 OK   00026_sp05_source_binding_lock.sql (8.63ms)
2026/10/03 20:08:04 OK   00027_sp05_rca_and_poll.sql (8.75ms)
2026/10/03 20:08:04 OK   00028_sp05_operator_lock.sql (21.31ms)
2026/10/03 20:08:04 OK   00029_sp05_evidence_links.sql (4.51ms)
2026/10/03 20:08:04 OK   00030_sp05_recipe_fence.sql (2.42ms)
2026/10/03 20:08:04 OK   00031_sp05_rca_postcheck.sql (2.12ms)
2026/10/03 20:08:04 OK   00032_sp05_transport_audit.sql (8.89ms)
2026/10/03 20:08:04 OK   00033_sp05_poll_resolution_clock.sql (11.21ms)
2026/10/03 20:08:04 OK   00034_sp06_investigation_ledger.sql (44.04ms)
2026/10/03 20:08:04 goose: successfully migrated database to version: 34
2026/10/03 20:08:04 OK   00001_roles_and_schemas.sql (16.65ms)
2026/10/03 20:08:04 goose: successfully migrated database to version: 1
2026/10/03 20:08:04 OK   00002_platform_meta.sql (46.47ms)
2026/10/03 20:08:04 OK   00003_finding.sql (9.98ms)
2026/10/03 20:08:04 OK   00004_incident.sql (11.06ms)
2026/10/03 20:08:04 OK   00005_investigation.sql (9.48ms)
2026/10/03 20:08:04 OK   00006_action_command.sql (9.82ms)
2026/10/03 20:08:04 OK   00007_audit.sql (19.86ms)
2026/10/03 20:08:04 OK   00008_rls.sql (20.69ms)
2026/10/03 20:08:04 OK   00009_idempotency_ledger.sql (13.34ms)
2026/10/03 20:08:04 OK   00010_tenant_provisioning.sql (8.96ms)
2026/10/03 20:08:04 OK   00011_source_registration_history.sql (9.33ms)
2026/10/03 20:08:04 OK   00012_config_registry_lifecycle.sql (8.46ms)
2026/10/03 20:08:04 OK   00013_audit_signed_segments.sql (18.49ms)
2026/10/03 20:08:04 OK   00014_audit_segment_predecessors.sql (15.64ms)
2026/10/03 20:08:04 OK   00015_source_schema_scope.sql (3.41ms)
2026/10/03 20:08:04 OK   00016_cluster_registration_metadata.sql (3.48ms)
2026/10/03 20:08:04 OK   00017_source_data_scope.sql (2.88ms)
2026/10/03 20:08:04 OK   00018_sp04_resources_evidence.sql (24.49ms)
2026/10/03 20:08:04 OK   00019_sp04_archive_ciphertext_bytes.sql (8.83ms)
2026/10/03 20:08:04 OK   00020_sp04_request_ledger.sql (4.85ms)
2026/10/03 20:08:04 OK   00021_sp04_archive_protection.sql (9.5ms)
2026/10/03 20:08:05 OK   00022_sp04_legal_hold_dependencies.sql (18.65ms)
2026/10/03 20:08:05 OK   00023_sp04_archive_query_intent.sql (5.39ms)
2026/10/03 20:08:05 OK   00024_sp05_finding_incident.sql (41.04ms)
2026/10/03 20:08:05 OK   00025_sp05_incident_event_time.sql (4.92ms)
2026/10/03 20:08:05 OK   00026_sp05_source_binding_lock.sql (3.29ms)
2026/10/03 20:08:05 OK   00027_sp05_rca_and_poll.sql (6.43ms)
2026/10/03 20:08:05 OK   00028_sp05_operator_lock.sql (5.63ms)
2026/10/03 20:08:05 OK   00029_sp05_evidence_links.sql (21.09ms)
2026/10/03 20:08:05 OK   00030_sp05_recipe_fence.sql (3.8ms)
2026/10/03 20:08:05 OK   00031_sp05_rca_postcheck.sql (2.46ms)
2026/10/03 20:08:05 OK   00032_sp05_transport_audit.sql (2.61ms)
2026/10/03 20:08:05 OK   00033_sp05_poll_resolution_clock.sql (2.9ms)
2026/10/03 20:08:05 OK   00034_sp06_investigation_ledger.sql (29.42ms)
2026/10/03 20:08:05 goose: successfully migrated database to version: 34
2026/10/03 20:08:05 OK   00001_roles_and_schemas.sql (15.79ms)
2026/10/03 20:08:05 goose: successfully migrated database to version: 1
2026/10/03 20:08:05 OK   00002_platform_meta.sql (31.5ms)
2026/10/03 20:08:05 OK   00003_finding.sql (21.62ms)
2026/10/03 20:08:05 OK   00004_incident.sql (7.8ms)
2026/10/03 20:08:05 OK   00005_investigation.sql (4.62ms)
2026/10/03 20:08:05 OK   00006_action_command.sql (6.01ms)
2026/10/03 20:08:05 OK   00007_audit.sql (25.21ms)
2026/10/03 20:08:05 OK   00008_rls.sql (28.16ms)
2026/10/03 20:08:05 OK   00009_idempotency_ledger.sql (6.28ms)
2026/10/03 20:08:05 OK   00010_tenant_provisioning.sql (10.05ms)
2026/10/03 20:08:05 OK   00011_source_registration_history.sql (16.67ms)
2026/10/03 20:08:05 OK   00012_config_registry_lifecycle.sql (6.99ms)
2026/10/03 20:08:05 OK   00013_audit_signed_segments.sql (36.04ms)
2026/10/03 20:08:05 OK   00014_audit_segment_predecessors.sql (19.61ms)
2026/10/03 20:08:05 OK   00015_source_schema_scope.sql (2.83ms)
2026/10/03 20:08:05 OK   00016_cluster_registration_metadata.sql (3.98ms)
2026/10/03 20:08:05 OK   00017_source_data_scope.sql (17.57ms)
2026/10/03 20:08:05 OK   00018_sp04_resources_evidence.sql (11.74ms)
2026/10/03 20:08:05 OK   00019_sp04_archive_ciphertext_bytes.sql (1.97ms)
2026/10/03 20:08:05 OK   00020_sp04_request_ledger.sql (3.07ms)
2026/10/03 20:08:05 OK   00021_sp04_archive_protection.sql (3.76ms)
2026/10/03 20:08:05 OK   00022_sp04_legal_hold_dependencies.sql (3.86ms)
2026/10/03 20:08:05 OK   00023_sp04_archive_query_intent.sql (4.85ms)
2026/10/03 20:08:06 OK   00024_sp05_finding_incident.sql (22.44ms)
2026/10/03 20:08:06 OK   00025_sp05_incident_event_time.sql (1.95ms)
2026/10/03 20:08:06 OK   00026_sp05_source_binding_lock.sql (2.13ms)
2026/10/03 20:08:06 OK   00027_sp05_rca_and_poll.sql (16.85ms)
2026/10/03 20:08:06 OK   00028_sp05_operator_lock.sql (6.48ms)
2026/10/03 20:08:06 OK   00029_sp05_evidence_links.sql (5.54ms)
2026/10/03 20:08:06 OK   00030_sp05_recipe_fence.sql (1.91ms)
2026/10/03 20:08:06 OK   00031_sp05_rca_postcheck.sql (1.84ms)
2026/10/03 20:08:06 OK   00032_sp05_transport_audit.sql (3.95ms)
2026/10/03 20:08:06 OK   00033_sp05_poll_resolution_clock.sql (8.18ms)
2026/10/03 20:08:06 OK   00034_sp06_investigation_ledger.sql (23.35ms)
2026/10/03 20:08:06 goose: successfully migrated database to version: 34
2026/10/03 20:08:12 OK   00001_roles_and_schemas.sql (9.12ms)
2026/10/03 20:08:12 goose: successfully migrated database to version: 1
2026/10/03 20:08:12 OK   00002_platform_meta.sql (18.77ms)
2026/10/03 20:08:12 OK   00003_finding.sql (6.69ms)
2026/10/03 20:08:12 OK   00004_incident.sql (4.65ms)
2026/10/03 20:08:12 OK   00005_investigation.sql (6.25ms)
2026/10/03 20:08:12 OK   00006_action_command.sql (7.66ms)
2026/10/03 20:08:12 OK   00007_audit.sql (33.47ms)
2026/10/03 20:08:12 OK   00008_rls.sql (13.28ms)
2026/10/03 20:08:12 OK   00009_idempotency_ledger.sql (14.45ms)
2026/10/03 20:08:13 OK   00010_tenant_provisioning.sql (6.65ms)
2026/10/03 20:08:13 OK   00011_source_registration_history.sql (10.95ms)
2026/10/03 20:08:13 OK   00012_config_registry_lifecycle.sql (24.87ms)
2026/10/03 20:08:13 OK   00013_audit_signed_segments.sql (23.59ms)
2026/10/03 20:08:13 OK   00014_audit_segment_predecessors.sql (11.39ms)
2026/10/03 20:08:13 OK   00015_source_schema_scope.sql (4.22ms)
2026/10/03 20:08:13 OK   00016_cluster_registration_metadata.sql (13.47ms)
2026/10/03 20:08:13 OK   00017_source_data_scope.sql (3.13ms)
2026/10/03 20:08:13 OK   00018_sp04_resources_evidence.sql (10.13ms)
2026/10/03 20:08:13 OK   00019_sp04_archive_ciphertext_bytes.sql (10.77ms)
2026/10/03 20:08:13 OK   00020_sp04_request_ledger.sql (6.24ms)
2026/10/03 20:08:13 OK   00021_sp04_archive_protection.sql (2.79ms)
2026/10/03 20:08:13 OK   00022_sp04_legal_hold_dependencies.sql (2.55ms)
2026/10/03 20:08:13 OK   00023_sp04_archive_query_intent.sql (3.25ms)
2026/10/03 20:08:13 OK   00024_sp05_finding_incident.sql (18.46ms)
2026/10/03 20:08:13 OK   00025_sp05_incident_event_time.sql (2.52ms)
2026/10/03 20:08:13 OK   00026_sp05_source_binding_lock.sql (5.75ms)
2026/10/03 20:08:13 OK   00027_sp05_rca_and_poll.sql (15.68ms)
2026/10/03 20:08:13 OK   00028_sp05_operator_lock.sql (2.4ms)
2026/10/03 20:08:13 OK   00029_sp05_evidence_links.sql (3.76ms)
2026/10/03 20:08:13 OK   00030_sp05_recipe_fence.sql (2.08ms)
2026/10/03 20:08:13 OK   00031_sp05_rca_postcheck.sql (1.79ms)
2026/10/03 20:08:13 OK   00032_sp05_transport_audit.sql (2.06ms)
2026/10/03 20:08:13 OK   00033_sp05_poll_resolution_clock.sql (5.82ms)
2026/10/03 20:08:13 OK   00034_sp06_investigation_ledger.sql (25.71ms)
2026/10/03 20:08:13 goose: successfully migrated database to version: 34
2026/10/03 20:08:13 OK   00001_roles_and_schemas.sql (9.54ms)
2026/10/03 20:08:13 goose: successfully migrated database to version: 1
2026/10/03 20:08:13 OK   00002_platform_meta.sql (18.15ms)
2026/10/03 20:08:13 OK   00003_finding.sql (13ms)
2026/10/03 20:08:13 OK   00004_incident.sql (4.48ms)
2026/10/03 20:08:13 OK   00005_investigation.sql (8.94ms)
2026/10/03 20:08:13 OK   00006_action_command.sql (12.84ms)
2026/10/03 20:08:13 OK   00007_audit.sql (16.49ms)
2026/10/03 20:08:13 OK   00008_rls.sql (13.27ms)
2026/10/03 20:08:13 OK   00009_idempotency_ledger.sql (5.78ms)
2026/10/03 20:08:13 OK   00010_tenant_provisioning.sql (3.46ms)
2026/10/03 20:08:13 OK   00011_source_registration_history.sql (8.04ms)
2026/10/03 20:08:13 OK   00012_config_registry_lifecycle.sql (16.58ms)
2026/10/03 20:08:13 OK   00013_audit_signed_segments.sql (8.51ms)
2026/10/03 20:08:13 OK   00014_audit_segment_predecessors.sql (4.1ms)
2026/10/03 20:08:13 OK   00015_source_schema_scope.sql (2.17ms)
2026/10/03 20:08:13 OK   00016_cluster_registration_metadata.sql (2.64ms)
2026/10/03 20:08:13 OK   00017_source_data_scope.sql (2.31ms)
2026/10/03 20:08:13 OK   00018_sp04_resources_evidence.sql (8.51ms)
2026/10/03 20:08:13 OK   00019_sp04_archive_ciphertext_bytes.sql (7.71ms)
2026/10/03 20:08:13 OK   00020_sp04_request_ledger.sql (7.44ms)
2026/10/03 20:08:13 OK   00021_sp04_archive_protection.sql (5.87ms)
2026/10/03 20:08:13 OK   00022_sp04_legal_hold_dependencies.sql (3.96ms)
2026/10/03 20:08:13 OK   00023_sp04_archive_query_intent.sql (2.13ms)
2026/10/03 20:08:13 OK   00024_sp05_finding_incident.sql (12.58ms)
2026/10/03 20:08:13 OK   00025_sp05_incident_event_time.sql (2.48ms)
2026/10/03 20:08:13 OK   00026_sp05_source_binding_lock.sql (6.27ms)
2026/10/03 20:08:13 OK   00027_sp05_rca_and_poll.sql (9.99ms)
2026/10/03 20:08:13 OK   00028_sp05_operator_lock.sql (2.12ms)
2026/10/03 20:08:13 OK   00029_sp05_evidence_links.sql (3.37ms)
2026/10/03 20:08:13 OK   00030_sp05_recipe_fence.sql (3.21ms)
2026/10/03 20:08:13 OK   00031_sp05_rca_postcheck.sql (1.79ms)
2026/10/03 20:08:13 OK   00032_sp05_transport_audit.sql (1.98ms)
2026/10/03 20:08:13 OK   00033_sp05_poll_resolution_clock.sql (2.19ms)
2026/10/03 20:08:13 OK   00034_sp06_investigation_ledger.sql (22.02ms)
2026/10/03 20:08:13 goose: successfully migrated database to version: 34
2026/10/03 20:08:29 OK   00001_roles_and_schemas.sql (6.87ms)
2026/10/03 20:08:29 goose: successfully migrated database to version: 1
2026/10/03 20:08:29 OK   00002_platform_meta.sql (26.27ms)
2026/10/03 20:08:29 OK   00003_finding.sql (11.96ms)
2026/10/03 20:08:29 OK   00004_incident.sql (11.06ms)
2026/10/03 20:08:29 OK   00005_investigation.sql (14.76ms)
2026/10/03 20:08:29 OK   00006_action_command.sql (10.56ms)
2026/10/03 20:08:29 OK   00007_audit.sql (8.14ms)
2026/10/03 20:08:29 OK   00008_rls.sql (20.26ms)
2026/10/03 20:08:29 OK   00009_idempotency_ledger.sql (6.67ms)
2026/10/03 20:08:29 OK   00010_tenant_provisioning.sql (3ms)
2026/10/03 20:08:29 OK   00011_source_registration_history.sql (11.44ms)
2026/10/03 20:08:29 OK   00012_config_registry_lifecycle.sql (23.23ms)
2026/10/03 20:08:29 OK   00013_audit_signed_segments.sql (23.37ms)
2026/10/03 20:08:29 OK   00014_audit_segment_predecessors.sql (12.51ms)
2026/10/03 20:08:29 OK   00015_source_schema_scope.sql (2.82ms)
2026/10/03 20:08:29 OK   00016_cluster_registration_metadata.sql (5.81ms)
2026/10/03 20:08:29 OK   00017_source_data_scope.sql (7.01ms)
2026/10/03 20:08:29 OK   00018_sp04_resources_evidence.sql (23.1ms)
2026/10/03 20:08:29 OK   00019_sp04_archive_ciphertext_bytes.sql (2.32ms)
2026/10/03 20:08:29 OK   00020_sp04_request_ledger.sql (7.73ms)
2026/10/03 20:08:29 OK   00021_sp04_archive_protection.sql (7.97ms)
2026/10/03 20:08:29 OK   00022_sp04_legal_hold_dependencies.sql (6.37ms)
2026/10/03 20:08:29 OK   00023_sp04_archive_query_intent.sql (4.34ms)
2026/10/03 20:08:29 OK   00024_sp05_finding_incident.sql (30.98ms)
2026/10/03 20:08:29 OK   00025_sp05_incident_event_time.sql (5.57ms)
2026/10/03 20:08:29 OK   00026_sp05_source_binding_lock.sql (5.86ms)
2026/10/03 20:08:29 OK   00027_sp05_rca_and_poll.sql (6.42ms)
2026/10/03 20:08:29 OK   00028_sp05_operator_lock.sql (2.4ms)
2026/10/03 20:08:29 OK   00029_sp05_evidence_links.sql (4.08ms)
2026/10/03 20:08:29 OK   00030_sp05_recipe_fence.sql (2.2ms)
2026/10/03 20:08:29 OK   00031_sp05_rca_postcheck.sql (1.89ms)
2026/10/03 20:08:29 OK   00032_sp05_transport_audit.sql (2.23ms)
2026/10/03 20:08:29 OK   00033_sp05_poll_resolution_clock.sql (2.42ms)
2026/10/03 20:08:29 OK   00034_sp06_investigation_ledger.sql (20.14ms)
2026/10/03 20:08:29 goose: successfully migrated database to version: 34
2026/10/03 20:08:29 OK   00001_roles_and_schemas.sql (14.77ms)
2026/10/03 20:08:29 goose: successfully migrated database to version: 1
2026/10/03 20:08:29 OK   00002_platform_meta.sql (24.05ms)
2026/10/03 20:08:29 OK   00003_finding.sql (15.03ms)
2026/10/03 20:08:29 OK   00004_incident.sql (12.29ms)
2026/10/03 20:08:29 OK   00005_investigation.sql (8.31ms)
2026/10/03 20:08:29 OK   00006_action_command.sql (16.26ms)
2026/10/03 20:08:29 OK   00007_audit.sql (7.55ms)
2026/10/03 20:08:29 OK   00008_rls.sql (6.05ms)
2026/10/03 20:08:29 OK   00009_idempotency_ledger.sql (10.03ms)
2026/10/03 20:08:29 OK   00010_tenant_provisioning.sql (12.07ms)
2026/10/03 20:08:29 OK   00011_source_registration_history.sql (5.95ms)
2026/10/03 20:08:30 OK   00012_config_registry_lifecycle.sql (6.47ms)
2026/10/03 20:08:30 OK   00013_audit_signed_segments.sql (7.18ms)
2026/10/03 20:08:30 OK   00014_audit_segment_predecessors.sql (4.95ms)
2026/10/03 20:08:30 OK   00015_source_schema_scope.sql (4.5ms)
2026/10/03 20:08:30 OK   00016_cluster_registration_metadata.sql (8.66ms)
2026/10/03 20:08:30 OK   00017_source_data_scope.sql (6.26ms)
2026/10/03 20:08:30 OK   00018_sp04_resources_evidence.sql (10.4ms)
2026/10/03 20:08:30 OK   00019_sp04_archive_ciphertext_bytes.sql (3.99ms)
2026/10/03 20:08:30 OK   00020_sp04_request_ledger.sql (8.29ms)
2026/10/03 20:08:30 OK   00021_sp04_archive_protection.sql (3.47ms)
2026/10/03 20:08:30 OK   00022_sp04_legal_hold_dependencies.sql (3ms)
2026/10/03 20:08:30 OK   00023_sp04_archive_query_intent.sql (3.49ms)
2026/10/03 20:08:30 OK   00024_sp05_finding_incident.sql (22.32ms)
2026/10/03 20:08:30 OK   00025_sp05_incident_event_time.sql (3.66ms)
2026/10/03 20:08:30 OK   00026_sp05_source_binding_lock.sql (4.13ms)
2026/10/03 20:08:30 OK   00027_sp05_rca_and_poll.sql (8.34ms)
2026/10/03 20:08:30 OK   00028_sp05_operator_lock.sql (3.33ms)
2026/10/03 20:08:30 OK   00029_sp05_evidence_links.sql (7.35ms)
2026/10/03 20:08:30 OK   00030_sp05_recipe_fence.sql (5.08ms)
2026/10/03 20:08:30 OK   00031_sp05_rca_postcheck.sql (2.94ms)
2026/10/03 20:08:30 OK   00032_sp05_transport_audit.sql (2.81ms)
2026/10/03 20:08:30 OK   00033_sp05_poll_resolution_clock.sql (2.65ms)
2026/10/03 20:08:30 OK   00034_sp06_investigation_ledger.sql (24.04ms)
2026/10/03 20:08:30 goose: successfully migrated database to version: 34
2026/10/03 20:08:30 OK   00001_roles_and_schemas.sql (26.77ms)
2026/10/03 20:08:30 goose: successfully migrated database to version: 1
2026/10/03 20:08:30 OK   00002_platform_meta.sql (12.51ms)
2026/10/03 20:08:30 OK   00003_finding.sql (6.12ms)
2026/10/03 20:08:30 OK   00004_incident.sql (4.32ms)
2026/10/03 20:08:30 OK   00005_investigation.sql (20.7ms)
2026/10/03 20:08:30 OK   00006_action_command.sql (4.18ms)
2026/10/03 20:08:30 OK   00007_audit.sql (6.12ms)
2026/10/03 20:08:30 OK   00008_rls.sql (5.8ms)
2026/10/03 20:08:30 OK   00009_idempotency_ledger.sql (4.75ms)
2026/10/03 20:08:30 OK   00010_tenant_provisioning.sql (2.7ms)
2026/10/03 20:08:30 OK   00011_source_registration_history.sql (4.09ms)
2026/10/03 20:08:30 OK   00012_config_registry_lifecycle.sql (24.64ms)
2026/10/03 20:08:30 OK   00013_audit_signed_segments.sql (14.4ms)
2026/10/03 20:08:30 OK   00014_audit_segment_predecessors.sql (10.18ms)
2026/10/03 20:08:30 OK   00015_source_schema_scope.sql (2.43ms)
2026/10/03 20:08:30 OK   00016_cluster_registration_metadata.sql (2.9ms)
2026/10/03 20:08:30 OK   00017_source_data_scope.sql (2.55ms)
2026/10/03 20:08:30 OK   00018_sp04_resources_evidence.sql (9.04ms)
2026/10/03 20:08:30 OK   00019_sp04_archive_ciphertext_bytes.sql (1.82ms)
2026/10/03 20:08:30 OK   00020_sp04_request_ledger.sql (2.71ms)
2026/10/03 20:08:30 OK   00021_sp04_archive_protection.sql (4.07ms)
2026/10/03 20:08:30 OK   00022_sp04_legal_hold_dependencies.sql (2.35ms)
2026/10/03 20:08:30 OK   00023_sp04_archive_query_intent.sql (2.43ms)
2026/10/03 20:08:30 OK   00024_sp05_finding_incident.sql (15.38ms)
2026/10/03 20:08:30 OK   00025_sp05_incident_event_time.sql (3.68ms)
2026/10/03 20:08:30 OK   00026_sp05_source_binding_lock.sql (7.34ms)
2026/10/03 20:08:30 OK   00027_sp05_rca_and_poll.sql (11.85ms)
2026/10/03 20:08:30 OK   00028_sp05_operator_lock.sql (5.7ms)
2026/10/03 20:08:30 OK   00029_sp05_evidence_links.sql (5.22ms)
2026/10/03 20:08:30 OK   00030_sp05_recipe_fence.sql (2.04ms)
2026/10/03 20:08:30 OK   00031_sp05_rca_postcheck.sql (2.05ms)
2026/10/03 20:08:30 OK   00032_sp05_transport_audit.sql (1.96ms)
2026/10/03 20:08:30 OK   00033_sp05_poll_resolution_clock.sql (3.11ms)
2026/10/03 20:08:30 OK   00034_sp06_investigation_ledger.sql (23.81ms)
2026/10/03 20:08:30 goose: successfully migrated database to version: 34
2026/10/03 20:08:31 OK   00001_roles_and_schemas.sql (11.82ms)
2026/10/03 20:08:31 goose: successfully migrated database to version: 1
2026/10/03 20:08:31 OK   00002_platform_meta.sql (13.52ms)
2026/10/03 20:08:31 OK   00003_finding.sql (5.68ms)
2026/10/03 20:08:31 OK   00004_incident.sql (3.54ms)
2026/10/03 20:08:31 OK   00005_investigation.sql (3.92ms)
2026/10/03 20:08:31 OK   00006_action_command.sql (3.77ms)
2026/10/03 20:08:31 OK   00007_audit.sql (22.25ms)
2026/10/03 20:08:31 OK   00008_rls.sql (6.19ms)
2026/10/03 20:08:31 OK   00009_idempotency_ledger.sql (7.43ms)
2026/10/03 20:08:31 OK   00010_tenant_provisioning.sql (6.79ms)
2026/10/03 20:08:31 OK   00011_source_registration_history.sql (13.02ms)
2026/10/03 20:08:31 OK   00012_config_registry_lifecycle.sql (9.65ms)
2026/10/03 20:08:31 OK   00013_audit_signed_segments.sql (22.74ms)
2026/10/03 20:08:31 OK   00014_audit_segment_predecessors.sql (4.43ms)
2026/10/03 20:08:31 OK   00015_source_schema_scope.sql (7.04ms)
2026/10/03 20:08:31 OK   00016_cluster_registration_metadata.sql (8.4ms)
2026/10/03 20:08:31 OK   00017_source_data_scope.sql (9.96ms)
2026/10/03 20:08:31 OK   00018_sp04_resources_evidence.sql (20.05ms)
2026/10/03 20:08:31 OK   00019_sp04_archive_ciphertext_bytes.sql (4.6ms)
2026/10/03 20:08:31 OK   00020_sp04_request_ledger.sql (4.97ms)
2026/10/03 20:08:31 OK   00021_sp04_archive_protection.sql (2.26ms)
2026/10/03 20:08:31 OK   00022_sp04_legal_hold_dependencies.sql (2.08ms)
2026/10/03 20:08:31 OK   00023_sp04_archive_query_intent.sql (2.92ms)
2026/10/03 20:08:31 OK   00024_sp05_finding_incident.sql (25.47ms)
2026/10/03 20:08:31 OK   00025_sp05_incident_event_time.sql (2.72ms)
2026/10/03 20:08:31 OK   00026_sp05_source_binding_lock.sql (4.94ms)
2026/10/03 20:08:31 OK   00027_sp05_rca_and_poll.sql (6.21ms)
2026/10/03 20:08:31 OK   00028_sp05_operator_lock.sql (3.44ms)
2026/10/03 20:08:31 OK   00029_sp05_evidence_links.sql (8.3ms)
2026/10/03 20:08:31 OK   00030_sp05_recipe_fence.sql (4.03ms)
2026/10/03 20:08:31 OK   00031_sp05_rca_postcheck.sql (6.56ms)
2026/10/03 20:08:31 OK   00032_sp05_transport_audit.sql (2.76ms)
2026/10/03 20:08:31 OK   00033_sp05_poll_resolution_clock.sql (5.23ms)
2026/10/03 20:08:31 OK   00034_sp06_investigation_ledger.sql (30.68ms)
2026/10/03 20:08:31 goose: successfully migrated database to version: 34
2026/10/03 20:08:37 OK   00001_roles_and_schemas.sql (10.53ms)
2026/10/03 20:08:37 goose: successfully migrated database to version: 1
2026/10/03 20:08:37 OK   00002_platform_meta.sql (40.14ms)
2026/10/03 20:08:37 OK   00003_finding.sql (13.79ms)
2026/10/03 20:08:37 OK   00004_incident.sql (10.81ms)
2026/10/03 20:08:37 OK   00005_investigation.sql (9.13ms)
2026/10/03 20:08:37 OK   00006_action_command.sql (5.28ms)
2026/10/03 20:08:37 OK   00007_audit.sql (9.37ms)
2026/10/03 20:08:37 OK   00008_rls.sql (30.31ms)
2026/10/03 20:08:37 OK   00009_idempotency_ledger.sql (13.96ms)
2026/10/03 20:08:37 OK   00010_tenant_provisioning.sql (9.91ms)
2026/10/03 20:08:37 OK   00011_source_registration_history.sql (15.94ms)
2026/10/03 20:08:38 OK   00012_config_registry_lifecycle.sql (23.04ms)
2026/10/03 20:08:38 OK   00013_audit_signed_segments.sql (26.6ms)
2026/10/03 20:08:38 OK   00014_audit_segment_predecessors.sql (10.87ms)
2026/10/03 20:08:38 OK   00015_source_schema_scope.sql (5.58ms)
2026/10/03 20:08:38 OK   00016_cluster_registration_metadata.sql (8.11ms)
2026/10/03 20:08:38 OK   00017_source_data_scope.sql (6.37ms)
2026/10/03 20:08:38 OK   00018_sp04_resources_evidence.sql (17.38ms)
2026/10/03 20:08:38 OK   00019_sp04_archive_ciphertext_bytes.sql (7.45ms)
2026/10/03 20:08:38 OK   00020_sp04_request_ledger.sql (12.92ms)
2026/10/03 20:08:38 OK   00021_sp04_archive_protection.sql (7.96ms)
2026/10/03 20:08:38 OK   00022_sp04_legal_hold_dependencies.sql (3.65ms)
2026/10/03 20:08:38 OK   00023_sp04_archive_query_intent.sql (3.7ms)
2026/10/03 20:08:38 OK   00024_sp05_finding_incident.sql (37.21ms)
2026/10/03 20:08:38 OK   00025_sp05_incident_event_time.sql (13.45ms)
2026/10/03 20:08:38 OK   00026_sp05_source_binding_lock.sql (5.5ms)
2026/10/03 20:08:38 OK   00027_sp05_rca_and_poll.sql (14.21ms)
2026/10/03 20:08:38 OK   00028_sp05_operator_lock.sql (4.85ms)
2026/10/03 20:08:38 OK   00029_sp05_evidence_links.sql (17.3ms)
2026/10/03 20:08:38 OK   00030_sp05_recipe_fence.sql (7.59ms)
2026/10/03 20:08:38 OK   00031_sp05_rca_postcheck.sql (5.18ms)
2026/10/03 20:08:38 OK   00032_sp05_transport_audit.sql (2.99ms)
2026/10/03 20:08:38 OK   00033_sp05_poll_resolution_clock.sql (3.32ms)
2026/10/03 20:08:38 OK   00034_sp06_investigation_ledger.sql (24.79ms)
2026/10/03 20:08:38 goose: successfully migrated database to version: 34
2026/10/03 20:08:43 OK   00001_roles_and_schemas.sql (18.47ms)
2026/10/03 20:08:43 goose: successfully migrated database to version: 1
2026/10/03 20:08:43 OK   00002_platform_meta.sql (18.5ms)
2026/10/03 20:08:43 OK   00003_finding.sql (13.59ms)
2026/10/03 20:08:43 OK   00004_incident.sql (12.03ms)
2026/10/03 20:08:43 OK   00005_investigation.sql (10.34ms)
2026/10/03 20:08:43 OK   00006_action_command.sql (5.75ms)
2026/10/03 20:08:43 OK   00007_audit.sql (21.99ms)
2026/10/03 20:08:44 OK   00008_rls.sql (15.58ms)
2026/10/03 20:08:44 OK   00009_idempotency_ledger.sql (4.85ms)
2026/10/03 20:08:44 OK   00010_tenant_provisioning.sql (2.76ms)
2026/10/03 20:08:44 OK   00011_source_registration_history.sql (9.04ms)
2026/10/03 20:08:44 OK   00012_config_registry_lifecycle.sql (16.61ms)
2026/10/03 20:08:44 OK   00013_audit_signed_segments.sql (8.17ms)
2026/10/03 20:08:44 OK   00014_audit_segment_predecessors.sql (7ms)
2026/10/03 20:08:44 OK   00015_source_schema_scope.sql (6.29ms)
2026/10/03 20:08:44 OK   00016_cluster_registration_metadata.sql (8.27ms)
2026/10/03 20:08:44 OK   00017_source_data_scope.sql (3.82ms)
2026/10/03 20:08:44 OK   00018_sp04_resources_evidence.sql (9.33ms)
2026/10/03 20:08:44 OK   00019_sp04_archive_ciphertext_bytes.sql (1.95ms)
2026/10/03 20:08:44 OK   00020_sp04_request_ledger.sql (3.01ms)
2026/10/03 20:08:44 OK   00021_sp04_archive_protection.sql (2.26ms)
2026/10/03 20:08:44 OK   00022_sp04_legal_hold_dependencies.sql (2.75ms)
2026/10/03 20:08:44 OK   00023_sp04_archive_query_intent.sql (1.96ms)
2026/10/03 20:08:44 OK   00024_sp05_finding_incident.sql (20.47ms)
2026/10/03 20:08:44 OK   00025_sp05_incident_event_time.sql (4.45ms)
2026/10/03 20:08:44 OK   00026_sp05_source_binding_lock.sql (5.16ms)
2026/10/03 20:08:44 OK   00027_sp05_rca_and_poll.sql (7.43ms)
2026/10/03 20:08:44 OK   00028_sp05_operator_lock.sql (3.85ms)
2026/10/03 20:08:44 OK   00029_sp05_evidence_links.sql (10.89ms)
2026/10/03 20:08:44 OK   00030_sp05_recipe_fence.sql (4.64ms)
2026/10/03 20:08:44 OK   00031_sp05_rca_postcheck.sql (2.78ms)
2026/10/03 20:08:44 OK   00032_sp05_transport_audit.sql (2.16ms)
2026/10/03 20:08:44 OK   00033_sp05_poll_resolution_clock.sql (2.61ms)
2026/10/03 20:08:44 OK   00034_sp06_investigation_ledger.sql (27.33ms)
2026/10/03 20:08:44 goose: successfully migrated database to version: 34
2026/10/03 20:08:50 OK   00001_roles_and_schemas.sql (15.98ms)
2026/10/03 20:08:50 goose: successfully migrated database to version: 1
2026/10/03 20:08:50 OK   00002_platform_meta.sql (25.68ms)
2026/10/03 20:08:50 OK   00003_finding.sql (16.64ms)
2026/10/03 20:08:50 OK   00004_incident.sql (5.27ms)
2026/10/03 20:08:50 OK   00005_investigation.sql (13.27ms)
2026/10/03 20:08:50 OK   00006_action_command.sql (11.34ms)
2026/10/03 20:08:50 OK   00007_audit.sql (14.43ms)
2026/10/03 20:08:50 OK   00008_rls.sql (15.43ms)
2026/10/03 20:08:50 OK   00009_idempotency_ledger.sql (18.37ms)
2026/10/03 20:08:50 OK   00010_tenant_provisioning.sql (4.99ms)
2026/10/03 20:08:50 OK   00011_source_registration_history.sql (29.33ms)
2026/10/03 20:08:50 OK   00012_config_registry_lifecycle.sql (26.76ms)
2026/10/03 20:08:50 OK   00013_audit_signed_segments.sql (25.09ms)
2026/10/03 20:08:50 OK   00014_audit_segment_predecessors.sql (6.17ms)
2026/10/03 20:08:50 OK   00015_source_schema_scope.sql (4.12ms)
2026/10/03 20:08:50 OK   00016_cluster_registration_metadata.sql (4.42ms)
2026/10/03 20:08:50 OK   00017_source_data_scope.sql (9.03ms)
2026/10/03 20:08:50 OK   00018_sp04_resources_evidence.sql (19.58ms)
2026/10/03 20:08:50 OK   00019_sp04_archive_ciphertext_bytes.sql (4.3ms)
2026/10/03 20:08:50 OK   00020_sp04_request_ledger.sql (6.78ms)
2026/10/03 20:08:50 OK   00021_sp04_archive_protection.sql (4.84ms)
2026/10/03 20:08:50 OK   00022_sp04_legal_hold_dependencies.sql (3.93ms)
2026/10/03 20:08:50 OK   00023_sp04_archive_query_intent.sql (4.97ms)
2026/10/03 20:08:50 OK   00024_sp05_finding_incident.sql (37.88ms)
2026/10/03 20:08:50 OK   00025_sp05_incident_event_time.sql (2.53ms)
2026/10/03 20:08:50 OK   00026_sp05_source_binding_lock.sql (2.73ms)
2026/10/03 20:08:50 OK   00027_sp05_rca_and_poll.sql (5.32ms)
2026/10/03 20:08:50 OK   00028_sp05_operator_lock.sql (2.19ms)
2026/10/03 20:08:50 OK   00029_sp05_evidence_links.sql (3.64ms)
2026/10/03 20:08:50 OK   00030_sp05_recipe_fence.sql (2.07ms)
2026/10/03 20:08:50 OK   00031_sp05_rca_postcheck.sql (1.89ms)
2026/10/03 20:08:50 OK   00032_sp05_transport_audit.sql (1.95ms)
2026/10/03 20:08:50 OK   00033_sp05_poll_resolution_clock.sql (2.46ms)
2026/10/03 20:08:50 OK   00034_sp06_investigation_ledger.sql (15.82ms)
2026/10/03 20:08:50 goose: successfully migrated database to version: 34
2026/10/03 20:08:56 OK   00001_roles_and_schemas.sql (7.98ms)
2026/10/03 20:08:56 goose: successfully migrated database to version: 1
2026/10/03 20:08:56 OK   00002_platform_meta.sql (15.91ms)
2026/10/03 20:08:56 OK   00003_finding.sql (8.64ms)
2026/10/03 20:08:56 OK   00004_incident.sql (6.66ms)
2026/10/03 20:08:56 OK   00005_investigation.sql (9.44ms)
2026/10/03 20:08:56 OK   00006_action_command.sql (10.4ms)
2026/10/03 20:08:56 OK   00007_audit.sql (16.5ms)
2026/10/03 20:08:56 OK   00008_rls.sql (16.1ms)
2026/10/03 20:08:56 OK   00009_idempotency_ledger.sql (12.92ms)
2026/10/03 20:08:56 OK   00010_tenant_provisioning.sql (4.95ms)
2026/10/03 20:08:56 OK   00011_source_registration_history.sql (15.63ms)
2026/10/03 20:08:56 OK   00012_config_registry_lifecycle.sql (18.41ms)
2026/10/03 20:08:56 OK   00013_audit_signed_segments.sql (8.37ms)
2026/10/03 20:08:56 OK   00014_audit_segment_predecessors.sql (4.15ms)
2026/10/03 20:08:56 OK   00015_source_schema_scope.sql (1.82ms)
2026/10/03 20:08:56 OK   00016_cluster_registration_metadata.sql (3.05ms)
2026/10/03 20:08:56 OK   00017_source_data_scope.sql (4.06ms)
2026/10/03 20:08:56 OK   00018_sp04_resources_evidence.sql (25.35ms)
2026/10/03 20:08:56 OK   00019_sp04_archive_ciphertext_bytes.sql (4.86ms)
2026/10/03 20:08:56 OK   00020_sp04_request_ledger.sql (9.73ms)
2026/10/03 20:08:56 OK   00021_sp04_archive_protection.sql (6.36ms)
2026/10/03 20:08:56 OK   00022_sp04_legal_hold_dependencies.sql (2.34ms)
2026/10/03 20:08:56 OK   00023_sp04_archive_query_intent.sql (2.89ms)
2026/10/03 20:08:56 OK   00024_sp05_finding_incident.sql (26.67ms)
2026/10/03 20:08:56 OK   00025_sp05_incident_event_time.sql (2.09ms)
2026/10/03 20:08:56 OK   00026_sp05_source_binding_lock.sql (5.5ms)
2026/10/03 20:08:56 OK   00027_sp05_rca_and_poll.sql (17.38ms)
2026/10/03 20:08:56 OK   00028_sp05_operator_lock.sql (2.28ms)
2026/10/03 20:08:56 OK   00029_sp05_evidence_links.sql (3.49ms)
2026/10/03 20:08:56 OK   00030_sp05_recipe_fence.sql (2.23ms)
2026/10/03 20:08:56 OK   00031_sp05_rca_postcheck.sql (1.95ms)
2026/10/03 20:08:56 OK   00032_sp05_transport_audit.sql (1.94ms)
2026/10/03 20:08:56 OK   00033_sp05_poll_resolution_clock.sql (2.74ms)
2026/10/03 20:08:56 OK   00034_sp06_investigation_ledger.sql (25.57ms)
2026/10/03 20:08:56 goose: successfully migrated database to version: 34
2026/10/03 20:09:07 OK   00001_roles_and_schemas.sql (16.94ms)
2026/10/03 20:09:07 goose: successfully migrated database to version: 1
2026/10/03 20:09:07 OK   00002_platform_meta.sql (18.25ms)
2026/10/03 20:09:07 OK   00003_finding.sql (19.4ms)
2026/10/03 20:09:07 OK   00004_incident.sql (12.96ms)
2026/10/03 20:09:07 OK   00005_investigation.sql (4.87ms)
2026/10/03 20:09:07 OK   00006_action_command.sql (4.94ms)
2026/10/03 20:09:07 OK   00007_audit.sql (25.68ms)
2026/10/03 20:09:07 OK   00008_rls.sql (8.94ms)
2026/10/03 20:09:07 OK   00009_idempotency_ledger.sql (13.58ms)
2026/10/03 20:09:07 OK   00010_tenant_provisioning.sql (7.75ms)
2026/10/03 20:09:07 OK   00011_source_registration_history.sql (4.84ms)
2026/10/03 20:09:07 OK   00012_config_registry_lifecycle.sql (5.98ms)
2026/10/03 20:09:07 OK   00013_audit_signed_segments.sql (7.37ms)
2026/10/03 20:09:07 OK   00014_audit_segment_predecessors.sql (3.51ms)
2026/10/03 20:09:07 OK   00015_source_schema_scope.sql (2ms)
2026/10/03 20:09:07 OK   00016_cluster_registration_metadata.sql (2.68ms)
2026/10/03 20:09:07 OK   00017_source_data_scope.sql (2.44ms)
2026/10/03 20:09:07 OK   00018_sp04_resources_evidence.sql (9.17ms)
2026/10/03 20:09:07 OK   00019_sp04_archive_ciphertext_bytes.sql (3.67ms)
2026/10/03 20:09:07 OK   00020_sp04_request_ledger.sql (11.25ms)
2026/10/03 20:09:07 OK   00021_sp04_archive_protection.sql (6.47ms)
2026/10/03 20:09:07 OK   00022_sp04_legal_hold_dependencies.sql (5.73ms)
2026/10/03 20:09:07 OK   00023_sp04_archive_query_intent.sql (5.21ms)
2026/10/03 20:09:07 OK   00024_sp05_finding_incident.sql (24.61ms)
2026/10/03 20:09:07 OK   00025_sp05_incident_event_time.sql (6.53ms)
2026/10/03 20:09:07 OK   00026_sp05_source_binding_lock.sql (3.43ms)
2026/10/03 20:09:07 OK   00027_sp05_rca_and_poll.sql (9.35ms)
2026/10/03 20:09:07 OK   00028_sp05_operator_lock.sql (2.83ms)
2026/10/03 20:09:07 OK   00029_sp05_evidence_links.sql (5.68ms)
2026/10/03 20:09:07 OK   00030_sp05_recipe_fence.sql (3.3ms)
2026/10/03 20:09:07 OK   00031_sp05_rca_postcheck.sql (6.6ms)
2026/10/03 20:09:07 OK   00032_sp05_transport_audit.sql (4.44ms)
2026/10/03 20:09:07 OK   00033_sp05_poll_resolution_clock.sql (11.69ms)
2026/10/03 20:09:07 OK   00034_sp06_investigation_ledger.sql (22.38ms)
2026/10/03 20:09:07 goose: successfully migrated database to version: 34
2026/10/03 20:09:12 OK   00001_roles_and_schemas.sql (14.77ms)
2026/10/03 20:09:12 goose: successfully migrated database to version: 1
2026/10/03 20:09:12 OK   00002_platform_meta.sql (35.68ms)
2026/10/03 20:09:12 OK   00003_finding.sql (11.36ms)
2026/10/03 20:09:12 OK   00004_incident.sql (10.81ms)
2026/10/03 20:09:12 OK   00005_investigation.sql (14.24ms)
2026/10/03 20:09:12 OK   00006_action_command.sql (5.71ms)
2026/10/03 20:09:13 OK   00007_audit.sql (20.87ms)
2026/10/03 20:09:13 OK   00008_rls.sql (14.95ms)
2026/10/03 20:09:13 OK   00009_idempotency_ledger.sql (7.52ms)
2026/10/03 20:09:13 OK   00010_tenant_provisioning.sql (7.65ms)
2026/10/03 20:09:13 OK   00011_source_registration_history.sql (22.44ms)
2026/10/03 20:09:13 OK   00012_config_registry_lifecycle.sql (9.27ms)
2026/10/03 20:09:13 OK   00013_audit_signed_segments.sql (54.48ms)
2026/10/03 20:09:13 OK   00014_audit_segment_predecessors.sql (17.51ms)
2026/10/03 20:09:13 OK   00015_source_schema_scope.sql (5.42ms)
2026/10/03 20:09:13 OK   00016_cluster_registration_metadata.sql (8.37ms)
2026/10/03 20:09:13 OK   00017_source_data_scope.sql (9.29ms)
2026/10/03 20:09:13 OK   00018_sp04_resources_evidence.sql (22.38ms)
2026/10/03 20:09:13 OK   00019_sp04_archive_ciphertext_bytes.sql (3.84ms)
2026/10/03 20:09:13 OK   00020_sp04_request_ledger.sql (4.33ms)
2026/10/03 20:09:13 OK   00021_sp04_archive_protection.sql (7.34ms)
2026/10/03 20:09:13 OK   00022_sp04_legal_hold_dependencies.sql (3.9ms)
2026/10/03 20:09:13 OK   00023_sp04_archive_query_intent.sql (6.25ms)
2026/10/03 20:09:13 OK   00024_sp05_finding_incident.sql (20.86ms)
2026/10/03 20:09:13 OK   00025_sp05_incident_event_time.sql (14.73ms)
2026/10/03 20:09:13 OK   00026_sp05_source_binding_lock.sql (3.95ms)
2026/10/03 20:09:13 OK   00027_sp05_rca_and_poll.sql (6.81ms)
2026/10/03 20:09:13 OK   00028_sp05_operator_lock.sql (3.6ms)
2026/10/03 20:09:13 OK   00029_sp05_evidence_links.sql (6.45ms)
2026/10/03 20:09:13 OK   00030_sp05_recipe_fence.sql (2.42ms)
2026/10/03 20:09:13 OK   00031_sp05_rca_postcheck.sql (2.5ms)
2026/10/03 20:09:13 OK   00032_sp05_transport_audit.sql (2.63ms)
2026/10/03 20:09:13 OK   00033_sp05_poll_resolution_clock.sql (7.64ms)
2026/10/03 20:09:13 OK   00034_sp06_investigation_ledger.sql (30.65ms)
2026/10/03 20:09:13 goose: successfully migrated database to version: 34
2026/10/03 20:09:18 OK   00001_roles_and_schemas.sql (47.87ms)
2026/10/03 20:09:18 goose: successfully migrated database to version: 1
2026/10/03 20:09:18 OK   00002_platform_meta.sql (48.26ms)
2026/10/03 20:09:18 OK   00003_finding.sql (29.6ms)
2026/10/03 20:09:18 OK   00004_incident.sql (9.96ms)
2026/10/03 20:09:18 OK   00005_investigation.sql (17.96ms)
2026/10/03 20:09:18 OK   00006_action_command.sql (15.05ms)
2026/10/03 20:09:19 OK   00007_audit.sql (15.68ms)
2026/10/03 20:09:19 OK   00008_rls.sql (17.15ms)
2026/10/03 20:09:19 OK   00009_idempotency_ledger.sql (7ms)
2026/10/03 20:09:19 OK   00010_tenant_provisioning.sql (3.1ms)
2026/10/03 20:09:19 OK   00011_source_registration_history.sql (12.79ms)
2026/10/03 20:09:19 OK   00012_config_registry_lifecycle.sql (13.26ms)
2026/10/03 20:09:19 OK   00013_audit_signed_segments.sql (11.95ms)
2026/10/03 20:09:19 OK   00014_audit_segment_predecessors.sql (10.45ms)
2026/10/03 20:09:19 OK   00015_source_schema_scope.sql (5.51ms)
2026/10/03 20:09:19 OK   00016_cluster_registration_metadata.sql (9.17ms)
2026/10/03 20:09:19 OK   00017_source_data_scope.sql (3.37ms)
2026/10/03 20:09:19 OK   00018_sp04_resources_evidence.sql (10.59ms)
2026/10/03 20:09:19 OK   00019_sp04_archive_ciphertext_bytes.sql (2.83ms)
2026/10/03 20:09:19 OK   00020_sp04_request_ledger.sql (17.73ms)
2026/10/03 20:09:19 OK   00021_sp04_archive_protection.sql (7.3ms)
2026/10/03 20:09:19 OK   00022_sp04_legal_hold_dependencies.sql (2.39ms)
2026/10/03 20:09:19 OK   00023_sp04_archive_query_intent.sql (2.46ms)
2026/10/03 20:09:19 OK   00024_sp05_finding_incident.sql (31.9ms)
2026/10/03 20:09:19 OK   00025_sp05_incident_event_time.sql (4.09ms)
2026/10/03 20:09:19 OK   00026_sp05_source_binding_lock.sql (16.43ms)
2026/10/03 20:09:19 OK   00027_sp05_rca_and_poll.sql (10.02ms)
2026/10/03 20:09:19 OK   00028_sp05_operator_lock.sql (4.31ms)
2026/10/03 20:09:19 OK   00029_sp05_evidence_links.sql (9.02ms)
2026/10/03 20:09:19 OK   00030_sp05_recipe_fence.sql (7.31ms)
2026/10/03 20:09:19 OK   00031_sp05_rca_postcheck.sql (4.42ms)
2026/10/03 20:09:19 OK   00032_sp05_transport_audit.sql (5.6ms)
2026/10/03 20:09:19 OK   00033_sp05_poll_resolution_clock.sql (2.94ms)
2026/10/03 20:09:19 OK   00034_sp06_investigation_ledger.sql (23.26ms)
2026/10/03 20:09:19 goose: successfully migrated database to version: 34
2026/10/03 20:09:25 OK   00001_roles_and_schemas.sql (13.96ms)
2026/10/03 20:09:25 goose: successfully migrated database to version: 1
2026/10/03 20:09:25 OK   00002_platform_meta.sql (50.41ms)
2026/10/03 20:09:25 OK   00003_finding.sql (17.63ms)
2026/10/03 20:09:25 OK   00004_incident.sql (15.02ms)
2026/10/03 20:09:25 OK   00005_investigation.sql (6.13ms)
2026/10/03 20:09:25 OK   00006_action_command.sql (32.98ms)
2026/10/03 20:09:25 OK   00007_audit.sql (14.46ms)
2026/10/03 20:09:25 OK   00008_rls.sql (20.63ms)
2026/10/03 20:09:25 OK   00009_idempotency_ledger.sql (5.9ms)
2026/10/03 20:09:25 OK   00010_tenant_provisioning.sql (3.2ms)
2026/10/03 20:09:25 OK   00011_source_registration_history.sql (5.09ms)
2026/10/03 20:09:25 OK   00012_config_registry_lifecycle.sql (6.48ms)
2026/10/03 20:09:25 OK   00013_audit_signed_segments.sql (29.61ms)
2026/10/03 20:09:25 OK   00014_audit_segment_predecessors.sql (4.33ms)
2026/10/03 20:09:25 OK   00015_source_schema_scope.sql (2.25ms)
2026/10/03 20:09:25 OK   00016_cluster_registration_metadata.sql (3.04ms)
2026/10/03 20:09:25 OK   00017_source_data_scope.sql (2.62ms)
2026/10/03 20:09:25 OK   00018_sp04_resources_evidence.sql (31.17ms)
2026/10/03 20:09:25 OK   00019_sp04_archive_ciphertext_bytes.sql (6.86ms)
2026/10/03 20:09:25 OK   00020_sp04_request_ledger.sql (11.73ms)
2026/10/03 20:09:25 OK   00021_sp04_archive_protection.sql (8.13ms)
2026/10/03 20:09:25 OK   00022_sp04_legal_hold_dependencies.sql (2.62ms)
2026/10/03 20:09:25 OK   00023_sp04_archive_query_intent.sql (2.19ms)
2026/10/03 20:09:25 OK   00024_sp05_finding_incident.sql (25.9ms)
2026/10/03 20:09:25 OK   00025_sp05_incident_event_time.sql (6.95ms)
2026/10/03 20:09:25 OK   00026_sp05_source_binding_lock.sql (4.82ms)
2026/10/03 20:09:25 OK   00027_sp05_rca_and_poll.sql (13.81ms)
2026/10/03 20:09:25 OK   00028_sp05_operator_lock.sql (10.11ms)
2026/10/03 20:09:25 OK   00029_sp05_evidence_links.sql (8.84ms)
2026/10/03 20:09:25 OK   00030_sp05_recipe_fence.sql (3.41ms)
2026/10/03 20:09:25 OK   00031_sp05_rca_postcheck.sql (2.72ms)
2026/10/03 20:09:25 OK   00032_sp05_transport_audit.sql (9.92ms)
2026/10/03 20:09:25 OK   00033_sp05_poll_resolution_clock.sql (15.09ms)
2026/10/03 20:09:25 OK   00034_sp06_investigation_ledger.sql (25.72ms)
2026/10/03 20:09:25 goose: successfully migrated database to version: 34
2026/10/03 20:09:31 OK   00001_roles_and_schemas.sql (18.74ms)
2026/10/03 20:09:31 goose: successfully migrated database to version: 1
2026/10/03 20:09:31 OK   00002_platform_meta.sql (30.7ms)
2026/10/03 20:09:31 OK   00003_finding.sql (15.32ms)
2026/10/03 20:09:31 OK   00004_incident.sql (6.09ms)
2026/10/03 20:09:31 OK   00005_investigation.sql (6.53ms)
2026/10/03 20:09:31 OK   00006_action_command.sql (18.28ms)
2026/10/03 20:09:31 OK   00007_audit.sql (9.68ms)
2026/10/03 20:09:31 OK   00008_rls.sql (9.8ms)
2026/10/03 20:09:31 OK   00009_idempotency_ledger.sql (29.16ms)
2026/10/03 20:09:31 OK   00010_tenant_provisioning.sql (8.65ms)
2026/10/03 20:09:31 OK   00011_source_registration_history.sql (8.94ms)
2026/10/03 20:09:31 OK   00012_config_registry_lifecycle.sql (26.27ms)
2026/10/03 20:09:31 OK   00013_audit_signed_segments.sql (39.14ms)
2026/10/03 20:09:31 OK   00014_audit_segment_predecessors.sql (4.94ms)
2026/10/03 20:09:31 OK   00015_source_schema_scope.sql (2.39ms)
2026/10/03 20:09:31 OK   00016_cluster_registration_metadata.sql (3.25ms)
2026/10/03 20:09:31 OK   00017_source_data_scope.sql (2.76ms)
2026/10/03 20:09:31 OK   00018_sp04_resources_evidence.sql (10.37ms)
2026/10/03 20:09:31 OK   00019_sp04_archive_ciphertext_bytes.sql (2.2ms)
2026/10/03 20:09:31 OK   00020_sp04_request_ledger.sql (3.4ms)
2026/10/03 20:09:31 OK   00021_sp04_archive_protection.sql (2.36ms)
2026/10/03 20:09:31 OK   00022_sp04_legal_hold_dependencies.sql (2.4ms)
2026/10/03 20:09:31 OK   00023_sp04_archive_query_intent.sql (3.3ms)
2026/10/03 20:09:31 OK   00024_sp05_finding_incident.sql (16ms)
2026/10/03 20:09:31 OK   00025_sp05_incident_event_time.sql (7.9ms)
2026/10/03 20:09:31 OK   00026_sp05_source_binding_lock.sql (6.57ms)
2026/10/03 20:09:31 OK   00027_sp05_rca_and_poll.sql (8.87ms)
2026/10/03 20:09:31 OK   00028_sp05_operator_lock.sql (2.57ms)
2026/10/03 20:09:31 OK   00029_sp05_evidence_links.sql (4.27ms)
2026/10/03 20:09:31 OK   00030_sp05_recipe_fence.sql (11.82ms)
2026/10/03 20:09:31 OK   00031_sp05_rca_postcheck.sql (18.48ms)
2026/10/03 20:09:31 OK   00032_sp05_transport_audit.sql (6.41ms)
2026/10/03 20:09:31 OK   00033_sp05_poll_resolution_clock.sql (2.74ms)
2026/10/03 20:09:31 OK   00034_sp06_investigation_ledger.sql (29.04ms)
2026/10/03 20:09:31 goose: successfully migrated database to version: 34
2026/10/03 20:09:39 OK   00001_roles_and_schemas.sql (12.84ms)
2026/10/03 20:09:39 goose: successfully migrated database to version: 1
2026/10/03 20:09:39 OK   00002_platform_meta.sql (37.71ms)
2026/10/03 20:09:39 OK   00003_finding.sql (10.04ms)
2026/10/03 20:09:39 OK   00004_incident.sql (35ms)
2026/10/03 20:09:39 OK   00005_investigation.sql (8.98ms)
2026/10/03 20:09:39 OK   00006_action_command.sql (26.01ms)
2026/10/03 20:09:39 OK   00007_audit.sql (30.4ms)
2026/10/03 20:09:39 OK   00008_rls.sql (11.9ms)
2026/10/03 20:09:39 OK   00009_idempotency_ledger.sql (28.24ms)
2026/10/03 20:09:39 OK   00010_tenant_provisioning.sql (13.43ms)
2026/10/03 20:09:39 OK   00011_source_registration_history.sql (16.06ms)
2026/10/03 20:09:39 OK   00012_config_registry_lifecycle.sql (13.56ms)
2026/10/03 20:09:39 OK   00013_audit_signed_segments.sql (36.58ms)
2026/10/03 20:09:39 OK   00014_audit_segment_predecessors.sql (24.7ms)
2026/10/03 20:09:39 OK   00015_source_schema_scope.sql (5.69ms)
2026/10/03 20:09:39 OK   00016_cluster_registration_metadata.sql (11.17ms)
2026/10/03 20:09:39 OK   00017_source_data_scope.sql (10.28ms)
2026/10/03 20:09:39 OK   00018_sp04_resources_evidence.sql (18.94ms)
2026/10/03 20:09:39 OK   00019_sp04_archive_ciphertext_bytes.sql (2.64ms)
2026/10/03 20:09:39 OK   00020_sp04_request_ledger.sql (9.88ms)
2026/10/03 20:09:39 OK   00021_sp04_archive_protection.sql (16.25ms)
2026/10/03 20:09:39 OK   00022_sp04_legal_hold_dependencies.sql (2.63ms)
2026/10/03 20:09:39 OK   00023_sp04_archive_query_intent.sql (19.82ms)
2026/10/03 20:09:39 OK   00024_sp05_finding_incident.sql (37.92ms)
2026/10/03 20:09:39 OK   00025_sp05_incident_event_time.sql (2.7ms)
2026/10/03 20:09:39 OK   00026_sp05_source_binding_lock.sql (4.87ms)
2026/10/03 20:09:39 OK   00027_sp05_rca_and_poll.sql (22.69ms)
2026/10/03 20:09:39 OK   00028_sp05_operator_lock.sql (3.49ms)
2026/10/03 20:09:39 OK   00029_sp05_evidence_links.sql (4.05ms)
2026/10/03 20:09:39 OK   00030_sp05_recipe_fence.sql (2.16ms)
2026/10/03 20:09:39 OK   00031_sp05_rca_postcheck.sql (2.34ms)
2026/10/03 20:09:39 OK   00032_sp05_transport_audit.sql (2.28ms)
2026/10/03 20:09:39 OK   00033_sp05_poll_resolution_clock.sql (2.57ms)
2026/10/03 20:09:39 OK   00034_sp06_investigation_ledger.sql (30.21ms)
2026/10/03 20:09:39 goose: successfully migrated database to version: 34
2026/10/03 20:09:45 OK   00001_roles_and_schemas.sql (29.96ms)
2026/10/03 20:09:45 goose: successfully migrated database to version: 1
2026/10/03 20:09:45 OK   00002_platform_meta.sql (26.67ms)
2026/10/03 20:09:45 OK   00003_finding.sql (23.9ms)
2026/10/03 20:09:45 OK   00004_incident.sql (11.89ms)
2026/10/03 20:09:45 OK   00005_investigation.sql (22.89ms)
2026/10/03 20:09:45 OK   00006_action_command.sql (8.73ms)
2026/10/03 20:09:45 OK   00007_audit.sql (11.46ms)
2026/10/03 20:09:46 OK   00008_rls.sql (22.89ms)
2026/10/03 20:09:46 OK   00009_idempotency_ledger.sql (11.99ms)
2026/10/03 20:09:46 OK   00010_tenant_provisioning.sql (4.01ms)
2026/10/03 20:09:46 OK   00011_source_registration_history.sql (4.83ms)
2026/10/03 20:09:46 OK   00012_config_registry_lifecycle.sql (14.03ms)
2026/10/03 20:09:46 OK   00013_audit_signed_segments.sql (21.43ms)
2026/10/03 20:09:46 OK   00014_audit_segment_predecessors.sql (18.77ms)
2026/10/03 20:09:46 OK   00015_source_schema_scope.sql (5.73ms)
2026/10/03 20:09:46 OK   00016_cluster_registration_metadata.sql (6.51ms)
2026/10/03 20:09:46 OK   00017_source_data_scope.sql (3.06ms)
2026/10/03 20:09:46 OK   00018_sp04_resources_evidence.sql (17.12ms)
2026/10/03 20:09:46 OK   00019_sp04_archive_ciphertext_bytes.sql (7.53ms)
2026/10/03 20:09:46 OK   00020_sp04_request_ledger.sql (6.97ms)
2026/10/03 20:09:46 OK   00021_sp04_archive_protection.sql (2.76ms)
2026/10/03 20:09:46 OK   00022_sp04_legal_hold_dependencies.sql (2.25ms)
2026/10/03 20:09:46 OK   00023_sp04_archive_query_intent.sql (1.87ms)
2026/10/03 20:09:46 OK   00024_sp05_finding_incident.sql (25.39ms)
2026/10/03 20:09:46 OK   00025_sp05_incident_event_time.sql (2.96ms)
2026/10/03 20:09:46 OK   00026_sp05_source_binding_lock.sql (2.59ms)
2026/10/03 20:09:46 OK   00027_sp05_rca_and_poll.sql (5.55ms)
2026/10/03 20:09:46 OK   00028_sp05_operator_lock.sql (2.36ms)
2026/10/03 20:09:46 OK   00029_sp05_evidence_links.sql (8.92ms)
2026/10/03 20:09:46 OK   00030_sp05_recipe_fence.sql (7.2ms)
2026/10/03 20:09:46 OK   00031_sp05_rca_postcheck.sql (3.89ms)
2026/10/03 20:09:46 OK   00032_sp05_transport_audit.sql (5.84ms)
2026/10/03 20:09:46 OK   00033_sp05_poll_resolution_clock.sql (2.62ms)
2026/10/03 20:09:46 OK   00034_sp06_investigation_ledger.sql (17.19ms)
2026/10/03 20:09:46 goose: successfully migrated database to version: 34
2026/10/03 20:09:51 OK   00001_roles_and_schemas.sql (23.59ms)
2026/10/03 20:09:51 goose: successfully migrated database to version: 1
2026/10/03 20:09:51 OK   00002_platform_meta.sql (40.91ms)
2026/10/03 20:09:51 OK   00003_finding.sql (11.16ms)
2026/10/03 20:09:51 OK   00004_incident.sql (12.6ms)
2026/10/03 20:09:51 OK   00005_investigation.sql (20.57ms)
2026/10/03 20:09:51 OK   00006_action_command.sql (6.78ms)
2026/10/03 20:09:51 OK   00007_audit.sql (30.46ms)
2026/10/03 20:09:51 OK   00008_rls.sql (12.78ms)
2026/10/03 20:09:51 OK   00009_idempotency_ledger.sql (7.32ms)
2026/10/03 20:09:51 OK   00010_tenant_provisioning.sql (11.83ms)
2026/10/03 20:09:51 OK   00011_source_registration_history.sql (20.02ms)
2026/10/03 20:09:51 OK   00012_config_registry_lifecycle.sql (9.58ms)
2026/10/03 20:09:51 OK   00013_audit_signed_segments.sql (26.97ms)
2026/10/03 20:09:51 OK   00014_audit_segment_predecessors.sql (10.27ms)
2026/10/03 20:09:51 OK   00015_source_schema_scope.sql (8.39ms)
2026/10/03 20:09:51 OK   00016_cluster_registration_metadata.sql (8.6ms)
2026/10/03 20:09:51 OK   00017_source_data_scope.sql (4.58ms)
2026/10/03 20:09:51 OK   00018_sp04_resources_evidence.sql (13.86ms)
2026/10/03 20:09:51 OK   00019_sp04_archive_ciphertext_bytes.sql (7.41ms)
2026/10/03 20:09:51 OK   00020_sp04_request_ledger.sql (9.8ms)
2026/10/03 20:09:51 OK   00021_sp04_archive_protection.sql (4.88ms)
2026/10/03 20:09:51 OK   00022_sp04_legal_hold_dependencies.sql (3.29ms)
2026/10/03 20:09:51 OK   00023_sp04_archive_query_intent.sql (4.58ms)
2026/10/03 20:09:51 OK   00024_sp05_finding_incident.sql (28.58ms)
2026/10/03 20:09:51 OK   00025_sp05_incident_event_time.sql (6.99ms)
2026/10/03 20:09:51 OK   00026_sp05_source_binding_lock.sql (8.44ms)
2026/10/03 20:09:51 OK   00027_sp05_rca_and_poll.sql (11.53ms)
2026/10/03 20:09:51 OK   00028_sp05_operator_lock.sql (2.67ms)
2026/10/03 20:09:51 OK   00029_sp05_evidence_links.sql (4.1ms)
2026/10/03 20:09:51 OK   00030_sp05_recipe_fence.sql (3.86ms)
2026/10/03 20:09:51 OK   00031_sp05_rca_postcheck.sql (8.82ms)
2026/10/03 20:09:51 OK   00032_sp05_transport_audit.sql (4.39ms)
2026/10/03 20:09:51 OK   00033_sp05_poll_resolution_clock.sql (4.5ms)
2026/10/03 20:09:51 OK   00034_sp06_investigation_ledger.sql (17.91ms)
2026/10/03 20:09:51 goose: successfully migrated database to version: 34
2026/10/03 20:09:59 OK   00001_roles_and_schemas.sql (36.64ms)
2026/10/03 20:09:59 goose: successfully migrated database to version: 1
2026/10/03 20:09:59 OK   00002_platform_meta.sql (41.45ms)
2026/10/03 20:09:59 OK   00003_finding.sql (11.81ms)
2026/10/03 20:09:59 OK   00004_incident.sql (14.7ms)
2026/10/03 20:09:59 OK   00005_investigation.sql (15.52ms)
2026/10/03 20:09:59 OK   00006_action_command.sql (22.69ms)
2026/10/03 20:09:59 OK   00007_audit.sql (12.98ms)
2026/10/03 20:09:59 OK   00008_rls.sql (31.86ms)
2026/10/03 20:09:59 OK   00009_idempotency_ledger.sql (7.68ms)
2026/10/03 20:09:59 OK   00010_tenant_provisioning.sql (3.17ms)
2026/10/03 20:09:59 OK   00011_source_registration_history.sql (11.49ms)
2026/10/03 20:09:59 OK   00012_config_registry_lifecycle.sql (21.8ms)
2026/10/03 20:09:59 OK   00013_audit_signed_segments.sql (25.53ms)
2026/10/03 20:09:59 OK   00014_audit_segment_predecessors.sql (4.58ms)
2026/10/03 20:09:59 OK   00015_source_schema_scope.sql (2.28ms)
2026/10/03 20:09:59 OK   00016_cluster_registration_metadata.sql (7.35ms)
2026/10/03 20:09:59 OK   00017_source_data_scope.sql (3.91ms)
2026/10/03 20:09:59 OK   00018_sp04_resources_evidence.sql (15.39ms)
2026/10/03 20:09:59 OK   00019_sp04_archive_ciphertext_bytes.sql (2.69ms)
2026/10/03 20:09:59 OK   00020_sp04_request_ledger.sql (3.16ms)
2026/10/03 20:09:59 OK   00021_sp04_archive_protection.sql (7.19ms)
2026/10/03 20:09:59 OK   00022_sp04_legal_hold_dependencies.sql (6.4ms)
2026/10/03 20:09:59 OK   00023_sp04_archive_query_intent.sql (16.33ms)
2026/10/03 20:09:59 OK   00024_sp05_finding_incident.sql (30.85ms)
2026/10/03 20:09:59 OK   00025_sp05_incident_event_time.sql (2.33ms)
2026/10/03 20:09:59 OK   00026_sp05_source_binding_lock.sql (2.4ms)
2026/10/03 20:09:59 OK   00027_sp05_rca_and_poll.sql (7.65ms)
2026/10/03 20:09:59 OK   00028_sp05_operator_lock.sql (5.49ms)
2026/10/03 20:09:59 OK   00029_sp05_evidence_links.sql (23.28ms)
2026/10/03 20:09:59 OK   00030_sp05_recipe_fence.sql (3.56ms)
2026/10/03 20:09:59 OK   00031_sp05_rca_postcheck.sql (14.42ms)
2026/10/03 20:09:59 OK   00032_sp05_transport_audit.sql (11.19ms)
2026/10/03 20:09:59 OK   00033_sp05_poll_resolution_clock.sql (9.88ms)
2026/10/03 20:09:59 OK   00034_sp06_investigation_ledger.sql (39.72ms)
2026/10/03 20:09:59 goose: successfully migrated database to version: 34
2026/10/03 20:10:06 OK   00001_roles_and_schemas.sql (12.39ms)
2026/10/03 20:10:06 goose: successfully migrated database to version: 1
2026/10/03 20:10:06 OK   00002_platform_meta.sql (19.27ms)
2026/10/03 20:10:06 OK   00003_finding.sql (40.81ms)
2026/10/03 20:10:06 OK   00004_incident.sql (12.85ms)
2026/10/03 20:10:06 OK   00005_investigation.sql (16.9ms)
2026/10/03 20:10:06 OK   00006_action_command.sql (19.54ms)
2026/10/03 20:10:06 OK   00007_audit.sql (18.91ms)
2026/10/03 20:10:06 OK   00008_rls.sql (21.65ms)
2026/10/03 20:10:06 OK   00009_idempotency_ledger.sql (19.94ms)
2026/10/03 20:10:06 OK   00010_tenant_provisioning.sql (12.88ms)
2026/10/03 20:10:06 OK   00011_source_registration_history.sql (5.91ms)
2026/10/03 20:10:06 OK   00012_config_registry_lifecycle.sql (6.72ms)
2026/10/03 20:10:06 OK   00013_audit_signed_segments.sql (8.21ms)
2026/10/03 20:10:06 OK   00014_audit_segment_predecessors.sql (5.47ms)
2026/10/03 20:10:06 OK   00015_source_schema_scope.sql (2.55ms)
2026/10/03 20:10:06 OK   00016_cluster_registration_metadata.sql (3.79ms)
2026/10/03 20:10:06 OK   00017_source_data_scope.sql (2.58ms)
2026/10/03 20:10:06 OK   00018_sp04_resources_evidence.sql (30.39ms)
2026/10/03 20:10:06 OK   00019_sp04_archive_ciphertext_bytes.sql (2.11ms)
2026/10/03 20:10:06 OK   00020_sp04_request_ledger.sql (2.99ms)
2026/10/03 20:10:06 OK   00021_sp04_archive_protection.sql (2.08ms)
2026/10/03 20:10:06 OK   00022_sp04_legal_hold_dependencies.sql (1.77ms)
2026/10/03 20:10:06 OK   00023_sp04_archive_query_intent.sql (1.82ms)
2026/10/03 20:10:06 OK   00024_sp05_finding_incident.sql (29.57ms)
2026/10/03 20:10:06 OK   00025_sp05_incident_event_time.sql (1.92ms)
2026/10/03 20:10:06 OK   00026_sp05_source_binding_lock.sql (2.17ms)
2026/10/03 20:10:06 OK   00027_sp05_rca_and_poll.sql (7.35ms)
2026/10/03 20:10:06 OK   00028_sp05_operator_lock.sql (6.98ms)
2026/10/03 20:10:06 OK   00029_sp05_evidence_links.sql (11.8ms)
2026/10/03 20:10:06 OK   00030_sp05_recipe_fence.sql (2.25ms)
2026/10/03 20:10:06 OK   00031_sp05_rca_postcheck.sql (1.88ms)
2026/10/03 20:10:06 OK   00032_sp05_transport_audit.sql (2.12ms)
2026/10/03 20:10:06 OK   00033_sp05_poll_resolution_clock.sql (3.68ms)
2026/10/03 20:10:06 OK   00034_sp06_investigation_ledger.sql (26.2ms)
2026/10/03 20:10:06 goose: successfully migrated database to version: 34
2026/10/03 20:10:17 OK   00001_roles_and_schemas.sql (42.57ms)
2026/10/03 20:10:17 goose: successfully migrated database to version: 1
2026/10/03 20:10:18 OK   00002_platform_meta.sql (30.89ms)
2026/10/03 20:10:18 OK   00003_finding.sql (11.54ms)
2026/10/03 20:10:18 OK   00004_incident.sql (5.69ms)
2026/10/03 20:10:18 OK   00005_investigation.sql (21.68ms)
2026/10/03 20:10:18 OK   00006_action_command.sql (11.19ms)
2026/10/03 20:10:18 OK   00007_audit.sql (53.98ms)
2026/10/03 20:10:18 OK   00008_rls.sql (17.5ms)
2026/10/03 20:10:18 OK   00009_idempotency_ledger.sql (18.13ms)
2026/10/03 20:10:18 OK   00010_tenant_provisioning.sql (6.43ms)
2026/10/03 20:10:18 OK   00011_source_registration_history.sql (22.98ms)
2026/10/03 20:10:18 OK   00012_config_registry_lifecycle.sql (10.38ms)
2026/10/03 20:10:18 OK   00013_audit_signed_segments.sql (28.3ms)
2026/10/03 20:10:18 OK   00014_audit_segment_predecessors.sql (10.06ms)
2026/10/03 20:10:18 OK   00015_source_schema_scope.sql (11.24ms)
2026/10/03 20:10:18 OK   00016_cluster_registration_metadata.sql (16.73ms)
2026/10/03 20:10:18 OK   00017_source_data_scope.sql (3.83ms)
2026/10/03 20:10:18 OK   00018_sp04_resources_evidence.sql (28.48ms)
2026/10/03 20:10:18 OK   00019_sp04_archive_ciphertext_bytes.sql (10.98ms)
2026/10/03 20:10:18 OK   00020_sp04_request_ledger.sql (17.43ms)
2026/10/03 20:10:18 OK   00021_sp04_archive_protection.sql (3.97ms)
2026/10/03 20:10:18 OK   00022_sp04_legal_hold_dependencies.sql (5.66ms)
2026/10/03 20:10:18 OK   00023_sp04_archive_query_intent.sql (3.6ms)
2026/10/03 20:10:18 OK   00024_sp05_finding_incident.sql (33.34ms)
2026/10/03 20:10:18 OK   00025_sp05_incident_event_time.sql (4.94ms)
2026/10/03 20:10:18 OK   00026_sp05_source_binding_lock.sql (3.34ms)
2026/10/03 20:10:18 OK   00027_sp05_rca_and_poll.sql (18.4ms)
2026/10/03 20:10:18 OK   00028_sp05_operator_lock.sql (9.12ms)
2026/10/03 20:10:18 OK   00029_sp05_evidence_links.sql (4.49ms)
2026/10/03 20:10:18 OK   00030_sp05_recipe_fence.sql (3.14ms)
2026/10/03 20:10:18 OK   00031_sp05_rca_postcheck.sql (2.89ms)
2026/10/03 20:10:18 OK   00032_sp05_transport_audit.sql (10.92ms)
2026/10/03 20:10:18 OK   00033_sp05_poll_resolution_clock.sql (5.12ms)
2026/10/03 20:10:18 OK   00034_sp06_investigation_ledger.sql (13.19ms)
2026/10/03 20:10:18 goose: successfully migrated database to version: 34
2026/10/03 20:10:25 OK   00001_roles_and_schemas.sql (34.83ms)
2026/10/03 20:10:25 goose: successfully migrated database to version: 1
2026/10/03 20:10:25 OK   00002_platform_meta.sql (37.7ms)
2026/10/03 20:10:25 OK   00003_finding.sql (5.99ms)
2026/10/03 20:10:25 OK   00004_incident.sql (7.62ms)
2026/10/03 20:10:25 OK   00005_investigation.sql (30.02ms)
2026/10/03 20:10:25 OK   00006_action_command.sql (34.57ms)
2026/10/03 20:10:25 OK   00007_audit.sql (23.18ms)
2026/10/03 20:10:25 OK   00008_rls.sql (10.22ms)
2026/10/03 20:10:25 OK   00009_idempotency_ledger.sql (21.98ms)
2026/10/03 20:10:25 OK   00010_tenant_provisioning.sql (6.5ms)
2026/10/03 20:10:25 OK   00011_source_registration_history.sql (12.91ms)
2026/10/03 20:10:25 OK   00012_config_registry_lifecycle.sql (23.21ms)
2026/10/03 20:10:25 OK   00013_audit_signed_segments.sql (25.81ms)
2026/10/03 20:10:25 OK   00014_audit_segment_predecessors.sql (7.82ms)
2026/10/03 20:10:25 OK   00015_source_schema_scope.sql (7.59ms)
2026/10/03 20:10:25 OK   00016_cluster_registration_metadata.sql (23.85ms)
2026/10/03 20:10:25 OK   00017_source_data_scope.sql (4.73ms)
2026/10/03 20:10:25 OK   00018_sp04_resources_evidence.sql (11.48ms)
2026/10/03 20:10:25 OK   00019_sp04_archive_ciphertext_bytes.sql (16.88ms)
2026/10/03 20:10:25 OK   00020_sp04_request_ledger.sql (10.57ms)
2026/10/03 20:10:25 OK   00021_sp04_archive_protection.sql (3.4ms)
2026/10/03 20:10:25 OK   00022_sp04_legal_hold_dependencies.sql (3.52ms)
2026/10/03 20:10:25 OK   00023_sp04_archive_query_intent.sql (19.76ms)
2026/10/03 20:10:26 OK   00024_sp05_finding_incident.sql (14.41ms)
2026/10/03 20:10:26 OK   00025_sp05_incident_event_time.sql (2.23ms)
2026/10/03 20:10:26 OK   00026_sp05_source_binding_lock.sql (2.32ms)
2026/10/03 20:10:26 OK   00027_sp05_rca_and_poll.sql (5.31ms)
2026/10/03 20:10:26 OK   00028_sp05_operator_lock.sql (2.22ms)
2026/10/03 20:10:26 OK   00029_sp05_evidence_links.sql (3.84ms)
2026/10/03 20:10:26 OK   00030_sp05_recipe_fence.sql (2.16ms)
2026/10/03 20:10:26 OK   00031_sp05_rca_postcheck.sql (2.09ms)
2026/10/03 20:10:26 OK   00032_sp05_transport_audit.sql (2.15ms)
2026/10/03 20:10:26 OK   00033_sp05_poll_resolution_clock.sql (3.61ms)
2026/10/03 20:10:26 OK   00034_sp06_investigation_ledger.sql (27.79ms)
2026/10/03 20:10:26 goose: successfully migrated database to version: 34
2026/10/03 20:10:26 OK   00001_roles_and_schemas.sql (15.36ms)
2026/10/03 20:10:26 goose: successfully migrated database to version: 1
2026/10/03 20:10:26 OK   00002_platform_meta.sql (28.84ms)
2026/10/03 20:10:26 OK   00003_finding.sql (14.87ms)
2026/10/03 20:10:26 OK   00004_incident.sql (9.19ms)
2026/10/03 20:10:26 OK   00005_investigation.sql (9.89ms)
2026/10/03 20:10:26 OK   00006_action_command.sql (6.59ms)
2026/10/03 20:10:26 OK   00007_audit.sql (37.65ms)
2026/10/03 20:10:26 OK   00008_rls.sql (7.03ms)
2026/10/03 20:10:26 OK   00009_idempotency_ledger.sql (5.85ms)
2026/10/03 20:10:26 OK   00010_tenant_provisioning.sql (16.49ms)
2026/10/03 20:10:26 OK   00011_source_registration_history.sql (4.81ms)
2026/10/03 20:10:26 OK   00012_config_registry_lifecycle.sql (7.31ms)
2026/10/03 20:10:26 OK   00013_audit_signed_segments.sql (22.31ms)
2026/10/03 20:10:26 OK   00014_audit_segment_predecessors.sql (11.49ms)
2026/10/03 20:10:26 OK   00015_source_schema_scope.sql (4.66ms)
2026/10/03 20:10:26 OK   00016_cluster_registration_metadata.sql (8.9ms)
2026/10/03 20:10:26 OK   00017_source_data_scope.sql (6.85ms)
2026/10/03 20:10:26 OK   00018_sp04_resources_evidence.sql (23.68ms)
2026/10/03 20:10:26 OK   00019_sp04_archive_ciphertext_bytes.sql (7.37ms)
2026/10/03 20:10:26 OK   00020_sp04_request_ledger.sql (18.62ms)
2026/10/03 20:10:26 OK   00021_sp04_archive_protection.sql (3.3ms)
2026/10/03 20:10:26 OK   00022_sp04_legal_hold_dependencies.sql (2.18ms)
2026/10/03 20:10:26 OK   00023_sp04_archive_query_intent.sql (2.15ms)
2026/10/03 20:10:26 OK   00024_sp05_finding_incident.sql (27.18ms)
2026/10/03 20:10:26 OK   00025_sp05_incident_event_time.sql (1.95ms)
2026/10/03 20:10:26 OK   00026_sp05_source_binding_lock.sql (2.14ms)
2026/10/03 20:10:26 OK   00027_sp05_rca_and_poll.sql (4.68ms)
2026/10/03 20:10:26 OK   00028_sp05_operator_lock.sql (2.44ms)
2026/10/03 20:10:26 OK   00029_sp05_evidence_links.sql (4.14ms)
2026/10/03 20:10:26 OK   00030_sp05_recipe_fence.sql (3.05ms)
2026/10/03 20:10:26 OK   00031_sp05_rca_postcheck.sql (2.94ms)
2026/10/03 20:10:26 OK   00032_sp05_transport_audit.sql (4.28ms)
2026/10/03 20:10:26 OK   00033_sp05_poll_resolution_clock.sql (13.51ms)
2026/10/03 20:10:26 OK   00034_sp06_investigation_ledger.sql (14.75ms)
2026/10/03 20:10:26 goose: successfully migrated database to version: 34
2026/10/03 20:10:28 OK   00001_roles_and_schemas.sql (34.86ms)
2026/10/03 20:10:28 goose: successfully migrated database to version: 1
2026/10/03 20:10:28 OK   00002_platform_meta.sql (30.58ms)
2026/10/03 20:10:28 OK   00003_finding.sql (27.82ms)
2026/10/03 20:10:28 OK   00004_incident.sql (4.44ms)
2026/10/03 20:10:28 OK   00005_investigation.sql (12.32ms)
2026/10/03 20:10:28 OK   00006_action_command.sql (14.07ms)
2026/10/03 20:10:28 OK   00007_audit.sql (7.72ms)
2026/10/03 20:10:28 OK   00008_rls.sql (8.15ms)
2026/10/03 20:10:28 OK   00009_idempotency_ledger.sql (21.54ms)
2026/10/03 20:10:28 OK   00010_tenant_provisioning.sql (3.48ms)
2026/10/03 20:10:28 OK   00011_source_registration_history.sql (16.12ms)
2026/10/03 20:10:28 OK   00012_config_registry_lifecycle.sql (13.55ms)
2026/10/03 20:10:28 OK   00013_audit_signed_segments.sql (7.91ms)
2026/10/03 20:10:28 OK   00014_audit_segment_predecessors.sql (3.61ms)
2026/10/03 20:10:28 OK   00015_source_schema_scope.sql (22.88ms)
2026/10/03 20:10:28 OK   00016_cluster_registration_metadata.sql (3.43ms)
2026/10/03 20:10:28 OK   00017_source_data_scope.sql (3.06ms)
2026/10/03 20:10:28 OK   00018_sp04_resources_evidence.sql (23.95ms)
2026/10/03 20:10:28 OK   00019_sp04_archive_ciphertext_bytes.sql (2.35ms)
2026/10/03 20:10:28 OK   00020_sp04_request_ledger.sql (3.08ms)
2026/10/03 20:10:28 OK   00021_sp04_archive_protection.sql (2.51ms)
2026/10/03 20:10:28 OK   00022_sp04_legal_hold_dependencies.sql (2.14ms)
2026/10/03 20:10:28 OK   00023_sp04_archive_query_intent.sql (1.95ms)
2026/10/03 20:10:28 OK   00024_sp05_finding_incident.sql (29.03ms)
2026/10/03 20:10:28 OK   00025_sp05_incident_event_time.sql (2.37ms)
2026/10/03 20:10:28 OK   00026_sp05_source_binding_lock.sql (2.3ms)
2026/10/03 20:10:28 OK   00027_sp05_rca_and_poll.sql (5.5ms)
2026/10/03 20:10:28 OK   00028_sp05_operator_lock.sql (8.22ms)
2026/10/03 20:10:28 OK   00029_sp05_evidence_links.sql (17.18ms)
2026/10/03 20:10:28 OK   00030_sp05_recipe_fence.sql (2.37ms)
2026/10/03 20:10:28 OK   00031_sp05_rca_postcheck.sql (2.02ms)
2026/10/03 20:10:28 OK   00032_sp05_transport_audit.sql (2.08ms)
2026/10/03 20:10:28 OK   00033_sp05_poll_resolution_clock.sql (2.38ms)
2026/10/03 20:10:28 OK   00034_sp06_investigation_ledger.sql (28.33ms)
2026/10/03 20:10:28 goose: successfully migrated database to version: 34
{"time":"2026-10-03T20:10:33.984706+08:00","level":"WARN","msg":"Graph ownership not ready","qualification":{"/v1/configmaps":"list_missing","/v1/events":"list_missing","/v1/nodes":"list_missing","/v1/persistentvolumeclaims":"list_missing","/v1/persistentvolumes":"list_missing","/v1/pods":"list_missing","/v1/services":"list_missing","apps/v1/daemonsets":"list_missing","apps/v1/deployments":"list_missing","apps/v1/replicasets":"list_missing","apps/v1/statefulsets":"list_missing","batch/v1/jobs":"list_missing","discovery.k8s.io/v1/endpointslices":"list_missing","storage.k8s.io/v1/csidrivers":"list_missing","storage.k8s.io/v1/csinodes":"list_missing","storage.k8s.io/v1/storageclasses":"list_missing","storage.k8s.io/v1/volumeattachments":"list_missing"}}
{"time":"2026-10-03T20:10:35.899431+08:00","level":"WARN","msg":"Graph ownership not ready","qualification":{"/v1/configmaps":"list_missing","/v1/events":"list_missing","/v1/nodes":"list_missing","/v1/persistentvolumeclaims":"list_missing","/v1/persistentvolumes":"list_missing","/v1/pods":"list_missing","/v1/services":"list_missing","apps/v1/daemonsets":"list_missing","apps/v1/deployments":"list_missing","apps/v1/replicasets":"list_missing","apps/v1/statefulsets":"list_missing","batch/v1/jobs":"list_missing","discovery.k8s.io/v1/endpointslices":"list_missing","storage.k8s.io/v1/csidrivers":"list_missing","storage.k8s.io/v1/storageclasses":"list_missing"}}
{"time":"2026-10-03T20:10:44.201674+08:00","level":"INFO","msg":"http request complete","request_id":"01a101ac-7ded-7e15-ad36-7d2fffbd3e95","method":"GET","status_code":200,"duration_ms":123}
{"time":"2026-10-03T20:10:44.209106+08:00","level":"INFO","msg":"http request complete","request_id":"01a101ac-7e6a-7908-9eb7-b2641b65ee36","method":"GET","status_code":200,"duration_ms":6}
{"time":"2026-10-03T20:10:44.213855+08:00","level":"INFO","msg":"http request complete","request_id":"01a101ac-7e71-789b-8d1c-71e29440ce6f","method":"GET","status_code":200,"duration_ms":4}
{"time":"2026-10-03T20:10:44.217633+08:00","level":"INFO","msg":"http request complete","request_id":"01a101ac-7e76-75b8-897d-5aa9771386f2","method":"GET","status_code":200,"duration_ms":3}
{"time":"2026-10-03T20:10:44.397836+08:00","level":"INFO","msg":"http request complete","request_id":"01a101ac-7e79-7e15-9765-807d63730551","method":"GET","status_code":200,"duration_ms":179}
{"time":"2026-10-03T20:10:44.760341+08:00","level":"INFO","msg":"http request complete","request_id":"01a101ac-7ffb-7d2f-a537-110eefa4c877","method":"GET","status_code":200,"duration_ms":156}
{"time":"2026-10-03T20:10:45.138579+08:00","level":"INFO","msg":"http request complete","request_id":"01a101ac-8161-7d3e-b138-f5c70f07c6fc","method":"GET","status_code":200,"duration_ms":176}
{"time":"2026-10-03T20:10:45.49211+08:00","level":"INFO","msg":"http request complete","request_id":"01a101ac-82db-7b89-b320-18f6d4d12bc9","method":"GET","status_code":200,"duration_ms":152}
{"time":"2026-10-03T20:10:46.323185+08:00","level":"INFO","msg":"http request complete","request_id":"01a101ac-843d-79cf-9697-8ff9b2e465da","method":"GET","status_code":200,"duration_ms":629}
{"time":"2026-10-03T20:10:46.933308+08:00","level":"INFO","msg":"http request complete","request_id":"01a101ac-877c-7bb4-8ca9-3d02464738e1","method":"GET","status_code":200,"duration_ms":408}
{"time":"2026-10-03T20:10:47.545806+08:00","level":"INFO","msg":"http request complete","request_id":"01a101ac-89de-7edc-a020-cb941e01f34a","method":"GET","status_code":200,"duration_ms":410}
{"time":"2026-10-03T20:10:48.556475+08:00","level":"INFO","msg":"http request complete","request_id":"01a101ac-8c44-708c-b5a8-5306ac4b1ca6","method":"GET","status_code":200,"duration_ms":808}
{"time":"2026-10-03T20:10:48.883432+08:00","level":"INFO","msg":"http request complete","request_id":"01a101ac-9036-7505-a5ed-7fe963bb79d6","method":"GET","status_code":200,"duration_ms":125}
{"time":"2026-10-03T20:10:49.214007+08:00","level":"INFO","msg":"http request complete","request_id":"01a101ac-917d-75df-be4e-f7da4d1bb7ef","method":"GET","status_code":200,"duration_ms":128}
{"time":"2026-10-03T20:10:49.546592+08:00","level":"INFO","msg":"http request complete","request_id":"01a101ac-92c7-77c0-9a75-a1f131b24bc8","method":"GET","status_code":200,"duration_ms":131}
{"time":"2026-10-03T20:10:50.286688+08:00","level":"INFO","msg":"http request complete","request_id":"01a101ac-9414-72ab-946a-0b870e060098","method":"GET","status_code":200,"duration_ms":538}
{"time":"2026-10-03T20:10:50.622685+08:00","level":"INFO","msg":"http request complete","request_id":"01a101ac-96f8-78e1-a5cb-bdda46ab32ec","method":"GET","status_code":200,"duration_ms":134}
{"time":"2026-10-03T20:10:50.958205+08:00","level":"INFO","msg":"http request complete","request_id":"01a101ac-9848-7470-a48f-5fa8bb2deacf","method":"GET","status_code":200,"duration_ms":133}
{"time":"2026-10-03T20:10:51.29088+08:00","level":"INFO","msg":"http request complete","request_id":"01a101ac-9997-70de-9967-19b90d3c83de","method":"GET","status_code":200,"duration_ms":131}
{"time":"2026-10-03T20:10:51.641552+08:00","level":"INFO","msg":"http request complete","request_id":"01a101ac-9ae6-7269-8bcb-77a2dfe63564","method":"GET","status_code":200,"duration_ms":147}
{"time":"2026-10-03T20:10:52.077377+08:00","level":"INFO","msg":"http request complete","request_id":"01a101ac-9c43-723a-b8b0-a1a83926643f","method":"GET","status_code":200,"duration_ms":234}
{"time":"2026-10-03T20:10:52.411916+08:00","level":"INFO","msg":"http request complete","request_id":"01a101ac-9df7-76ed-88db-8b4bfc557d08","method":"GET","status_code":200,"duration_ms":132}
{"time":"2026-10-03T20:10:52.759518+08:00","level":"INFO","msg":"http request complete","request_id":"01a101ac-9f48-7e92-af94-b5bcc1ab0419","method":"GET","status_code":200,"duration_ms":142}
{"time":"2026-10-03T20:10:53.092867+08:00","level":"INFO","msg":"http request complete","request_id":"01a101ac-a0a1-75c4-890b-4b50bd8da7c1","method":"GET","status_code":200,"duration_ms":131}
{"time":"2026-10-03T20:10:53.426962+08:00","level":"INFO","msg":"http request complete","request_id":"01a101ac-a1ee-7aec-a1ea-130f3cb478bd","method":"GET","status_code":200,"duration_ms":132}
{"time":"2026-10-03T20:10:53.887268+08:00","level":"INFO","msg":"http request complete","request_id":"01a101ac-a33d-78dd-9404-224c9bf3da81","method":"GET","status_code":200,"duration_ms":257}
{"time":"2026-10-03T20:10:54.275938+08:00","level":"INFO","msg":"http request complete","request_id":"01a101ac-a508-7839-afe6-2c49d0c4b0a3","method":"GET","status_code":200,"duration_ms":187}
{"time":"2026-10-03T20:10:54.616087+08:00","level":"INFO","msg":"http request complete","request_id":"01a101ac-a68d-781e-bef0-a79e55331fe2","method":"GET","status_code":200,"duration_ms":138}
{"time":"2026-10-03T20:10:54.962887+08:00","level":"INFO","msg":"http request complete","request_id":"01a101ac-a7e1-7b13-ae04-4ef0b3e9c701","method":"GET","status_code":200,"duration_ms":145}
{"time":"2026-10-03T20:10:55.294155+08:00","level":"INFO","msg":"http request complete","request_id":"01a101ac-a93c-7c06-b2f8-3b76aad3762d","method":"GET","status_code":200,"duration_ms":129}
{"time":"2026-10-03T20:10:55.661924+08:00","level":"INFO","msg":"http request complete","request_id":"01a101ac-aa87-7320-8c6d-68ef7ec2c474","method":"GET","status_code":200,"duration_ms":166}
{"time":"2026-10-03T20:10:56.44549+08:00","level":"INFO","msg":"http request complete","request_id":"01a101ac-abf7-789f-9693-00c07d9c53f5","method":"GET","status_code":200,"duration_ms":581}
{"time":"2026-10-03T20:10:57.054725+08:00","level":"INFO","msg":"http request complete","request_id":"01a101ac-af07-727c-8588-49bd085ad99b","method":"GET","status_code":200,"duration_ms":407}
{"time":"2026-10-03T20:10:57.664873+08:00","level":"INFO","msg":"http request complete","request_id":"01a101ac-b168-7144-9b38-4cea5f262300","method":"GET","status_code":200,"duration_ms":408}
{"time":"2026-10-03T20:10:58.570702+08:00","level":"INFO","msg":"http request complete","request_id":"01a101ac-b3c9-7b0c-a131-b90ef63c1e88","method":"GET","status_code":200,"duration_ms":704}
{"time":"2026-10-03T20:10:58.924887+08:00","level":"INFO","msg":"http request complete","request_id":"01a101ac-b754-7b75-ad0c-5c93106739ad","method":"GET","status_code":200,"duration_ms":152}
{"time":"2026-10-03T20:10:59.267086+08:00","level":"INFO","msg":"http request complete","request_id":"01a101ac-b8b6-716f-96c2-d24326c0c7ed","method":"GET","status_code":200,"duration_ms":140}
{"time":"2026-10-03T20:10:59.593755+08:00","level":"INFO","msg":"http request complete","request_id":"01a101ac-ba10-71c1-aa85-dcbbbeb4567a","method":"GET","status_code":200,"duration_ms":121}
{"time":"2026-10-03T20:11:00.094687+08:00","level":"INFO","msg":"http request complete","request_id":"01a101ac-bb52-7ad9-ba95-2ffd4f6384ed","method":"GET","status_code":200,"duration_ms":299}
{"time":"2026-10-03T20:11:00.442008+08:00","level":"INFO","msg":"http request complete","request_id":"01a101ac-bd48-7b3b-a53b-684d7390b286","method":"GET","status_code":200,"duration_ms":145}
{"time":"2026-10-03T20:11:00.821626+08:00","level":"INFO","msg":"http request complete","request_id":"01a101ac-bea5-754b-bc2a-d19452f8bbbb","method":"GET","status_code":200,"duration_ms":176}
{"time":"2026-10-03T20:11:01.148482+08:00","level":"INFO","msg":"http request complete","request_id":"01a101ac-c01f-71b5-b19a-e8dbb14c590a","method":"GET","status_code":200,"duration_ms":125}
{"time":"2026-10-03T20:11:01.493662+08:00","level":"INFO","msg":"http request complete","request_id":"01a101ac-c166-7088-a892-21db3d342fa2","method":"GET","status_code":200,"duration_ms":143}
{"time":"2026-10-03T20:11:01.821622+08:00","level":"INFO","msg":"http request complete","request_id":"01a101ac-c2bf-748c-b1d8-6742dcb529bb","method":"GET","status_code":200,"duration_ms":126}
{"time":"2026-10-03T20:11:02.236182+08:00","level":"INFO","msg":"http request complete","request_id":"01a101ac-c406-7a8f-b8d4-f879609aa17c","method":"GET","status_code":200,"duration_ms":213}
{"time":"2026-10-03T20:11:02.581407+08:00","level":"INFO","msg":"http request complete","request_id":"01a101ac-c5a5-7b89-8fd8-f8912ca35fcc","method":"GET","status_code":200,"duration_ms":143}
{"time":"2026-10-03T20:11:02.92174+08:00","level":"INFO","msg":"http request complete","request_id":"01a101ac-c6ff-7196-b572-e9f795bfc0b4","method":"GET","status_code":200,"duration_ms":138}
{"time":"2026-10-03T20:11:03.266237+08:00","level":"INFO","msg":"http request complete","request_id":"01a101ac-c852-76dd-8dc4-25809df7b577","method":"GET","status_code":200,"duration_ms":143}
{"time":"2026-10-03T20:11:03.603132+08:00","level":"INFO","msg":"http request complete","request_id":"01a101ac-c9ac-7606-ba7c-56154a1b552b","method":"GET","status_code":200,"duration_ms":134}
{"time":"2026-10-03T20:11:04.086344+08:00","level":"INFO","msg":"http request complete","request_id":"01a101ac-cafd-72d6-a2d4-775be23afa69","method":"GET","status_code":200,"duration_ms":281}
{"time":"2026-10-03T20:11:04.418403+08:00","level":"INFO","msg":"http request complete","request_id":"01a101ac-ccdf-7822-847f-0be7e05b9d2d","method":"GET","status_code":200,"duration_ms":130}
{"time":"2026-10-03T20:11:04.745417+08:00","level":"INFO","msg":"http request complete","request_id":"01a101ac-ce2c-7182-8ae9-f70ddf13b04a","method":"GET","status_code":200,"duration_ms":125}
{"time":"2026-10-03T20:11:05.087926+08:00","level":"INFO","msg":"http request complete","request_id":"01a101ac-cf74-7b69-a53b-e0e045f2c658","method":"GET","status_code":200,"duration_ms":139}
{"time":"2026-10-03T20:11:05.429849+08:00","level":"INFO","msg":"http request complete","request_id":"01a101ac-d0c9-769b-a18d-529b0393552a","method":"GET","status_code":200,"duration_ms":140}
{"time":"2026-10-03T20:11:06.426437+08:00","level":"INFO","msg":"http request complete","request_id":"01a101ac-d21e-75c4-99fd-18e6b2abc00f","method":"GET","status_code":200,"duration_ms":796}
{"time":"2026-10-03T20:11:07.018485+08:00","level":"INFO","msg":"http request complete","request_id":"01a101ac-d603-7dbb-b77c-56f9139c45f9","method":"GET","status_code":200,"duration_ms":390}
{"time":"2026-10-03T20:11:07.624212+08:00","level":"INFO","msg":"http request complete","request_id":"01a101ac-d853-79a0-99d6-b35c9c2636db","method":"GET","status_code":200,"duration_ms":404}
{"time":"2026-10-03T20:11:08.53839+08:00","level":"INFO","msg":"http request complete","request_id":"01a101ac-dab1-753b-aeb2-618558295809","method":"GET","status_code":200,"duration_ms":713}
{"time":"2026-10-03T20:11:09.153132+08:00","level":"INFO","msg":"http request complete","request_id":"01a101ac-de44-704a-9d1b-89b623632cc2","method":"GET","status_code":200,"duration_ms":413}
{"time":"2026-10-03T20:11:09.549919+08:00","level":"INFO","msg":"http request complete","request_id":"01a101ac-e0aa-7a35-9b7f-8375eae64b1f","method":"GET","status_code":200,"duration_ms":195}
{"time":"2026-10-03T20:11:10.153919+08:00","level":"INFO","msg":"http request complete","request_id":"01a101ac-e236-7da4-a0cb-2419b449590f","method":"GET","status_code":200,"duration_ms":403}
{"time":"2026-10-03T20:11:10.520317+08:00","level":"INFO","msg":"http request complete","request_id":"01a101ac-e493-76ba-8edd-19cf26f60623","method":"GET","status_code":200,"duration_ms":164}
{"time":"2026-10-03T20:11:10.556135+08:00","level":"INFO","msg":"http request complete","request_id":"01a101ac-e53a-7ce4-b44f-c8492154727a","method":"GET","status_code":200,"duration_ms":33}
{"time":"2026-10-03T20:11:10.574664+08:00","level":"INFO","msg":"http request complete","request_id":"01a101ac-e55d-7363-a589-feeafd766bc0","method":"GET","status_code":200,"duration_ms":17}
{"time":"2026-10-03T20:11:10.809603+08:00","level":"WARN","msg":"Graph ownership not ready","qualification":{"/v1/configmaps":"list_missing","/v1/events":"list_missing","/v1/nodes":"list_missing","/v1/persistentvolumeclaims":"list_missing","/v1/persistentvolumes":"list_missing","/v1/pods":"list_missing","/v1/services":"list_missing","apps/v1/daemonsets":"list_missing","apps/v1/deployments":"list_missing","apps/v1/replicasets":"list_missing","apps/v1/statefulsets":"list_missing","batch/v1/jobs":"list_missing","discovery.k8s.io/v1/endpointslices":"list_missing","storage.k8s.io/v1/csidrivers":"list_missing","storage.k8s.io/v1/csinodes":"list_missing","storage.k8s.io/v1/storageclasses":"list_missing","storage.k8s.io/v1/volumeattachments":"list_missing"}}
{"time":"2026-10-03T20:11:10.809821+08:00","level":"WARN","msg":"Graph request unavailable","stage":"lease_before_query"}
{"time":"2026-10-03T20:11:10.819585+08:00","level":"INFO","msg":"http request complete","request_id":"01a101ac-e574-7422-832b-273e7fb55fd6","method":"GET","status_code":200,"duration_ms":239}
{"time":"2026-10-03T20:11:11.033688+08:00","level":"WARN","msg":"Graph request unavailable","stage":"lease_before_query"}
{"time":"2026-10-03T20:11:11.037727+08:00","level":"INFO","msg":"http request complete","request_id":"01a101ac-e72d-74b3-97ab-11d1887c3217","method":"GET","status_code":200,"duration_ms":16}
{"time":"2026-10-03T20:11:11.25173+08:00","level":"WARN","msg":"Graph request unavailable","stage":"lease_before_query"}
{"time":"2026-10-03T20:11:11.258597+08:00","level":"INFO","msg":"http request complete","request_id":"01a101ac-e807-74da-af52-9fdc12e2a7e4","method":"GET","status_code":200,"duration_ms":19}
{"time":"2026-10-03T20:11:11.475539+08:00","level":"WARN","msg":"Graph request unavailable","stage":"lease_before_query"}
{"time":"2026-10-03T20:11:11.496529+08:00","level":"INFO","msg":"http request complete","request_id":"01a101ac-e8e4-7cf0-ae93-84f20eedd23c","method":"GET","status_code":200,"duration_ms":35}
{"time":"2026-10-03T20:11:11.725448+08:00","level":"INFO","msg":"http request complete","request_id":"01a101ac-e9d2-73fb-abc6-c6dde143d77e","method":"GET","status_code":200,"duration_ms":27}
{"time":"2026-10-03T20:11:11.95515+08:00","level":"INFO","msg":"http request complete","request_id":"01a101ac-eab6-7e29-9359-8e98153e8789","method":"GET","status_code":200,"duration_ms":28}
{"time":"2026-10-03T20:11:12.185233+08:00","level":"INFO","msg":"http request complete","request_id":"01a101ac-eb9d-7927-9a6f-44af0bd8b54c","method":"GET","status_code":200,"duration_ms":27}
{"time":"2026-10-03T20:11:12.418415+08:00","level":"INFO","msg":"http request complete","request_id":"01a101ac-ec82-78e1-ad04-29e511c6f931","method":"GET","status_code":200,"duration_ms":31}
{"time":"2026-10-03T20:11:12.650292+08:00","level":"INFO","msg":"http request complete","request_id":"01a101ac-ed6a-7f2a-a8b1-37c34c6b7e7d","method":"GET","status_code":200,"duration_ms":31}
{"time":"2026-10-03T20:11:12.703936+08:00","level":"WARN","msg":"Graph ownership not ready","qualification":{"/v1/configmaps":"list_missing","/v1/nodes":"list_missing","/v1/persistentvolumeclaims":"list_missing","/v1/pods":"list_missing","/v1/services":"list_missing","apps/v1/daemonsets":"list_missing","apps/v1/deployments":"list_missing","apps/v1/replicasets":"list_missing","apps/v1/statefulsets":"list_missing","batch/v1/jobs":"list_missing","discovery.k8s.io/v1/endpointslices":"list_missing","storage.k8s.io/v1/csidrivers":"list_missing","storage.k8s.io/v1/csinodes":"list_missing","storage.k8s.io/v1/storageclasses":"list_missing","storage.k8s.io/v1/volumeattachments":"list_missing"}}
{"time":"2026-10-03T20:11:12.865321+08:00","level":"WARN","msg":"Graph request unavailable","stage":"lease_before_query"}
{"time":"2026-10-03T20:11:12.868391+08:00","level":"INFO","msg":"http request complete","request_id":"01a101ac-ee53-794a-9f10-aecb1a221b64","method":"GET","status_code":200,"duration_ms":16}
{"time":"2026-10-03T20:11:13.092941+08:00","level":"WARN","msg":"Graph request unavailable","stage":"lease_before_query"}
{"time":"2026-10-03T20:11:13.10165+08:00","level":"INFO","msg":"http request complete","request_id":"01a101ac-ef2e-709c-b303-ebac67db2874","method":"GET","status_code":200,"duration_ms":31}
{"time":"2026-10-03T20:11:13.338857+08:00","level":"WARN","msg":"Graph request unavailable","stage":"lease_before_query"}
{"time":"2026-10-03T20:11:13.35156+08:00","level":"INFO","msg":"http request complete","request_id":"01a101ac-f017-7144-89a9-ef3eb38c317f","method":"GET","status_code":200,"duration_ms":48}
{"time":"2026-10-03T20:11:13.567327+08:00","level":"WARN","msg":"Graph request unavailable","stage":"lease_before_query"}
{"time":"2026-10-03T20:11:13.576922+08:00","level":"INFO","msg":"http request complete","request_id":"01a101ac-f111-7985-8531-82505e78a667","method":"GET","status_code":200,"duration_ms":23}
{"time":"2026-10-03T20:11:13.797304+08:00","level":"WARN","msg":"Graph request unavailable","stage":"lease_before_query"}
{"time":"2026-10-03T20:11:13.805295+08:00","level":"INFO","msg":"http request complete","request_id":"01a101ac-f1f3-71f0-b163-1d1759ddeac3","method":"GET","status_code":200,"duration_ms":26}
{"time":"2026-10-03T20:11:14.028901+08:00","level":"WARN","msg":"Graph request unavailable","stage":"lease_before_query"}
{"time":"2026-10-03T20:11:14.034193+08:00","level":"INFO","msg":"http request complete","request_id":"01a101ac-f2d7-70f2-a9ab-a52a1c8953d3","method":"GET","status_code":200,"duration_ms":27}
{"time":"2026-10-03T20:11:14.27876+08:00","level":"WARN","msg":"Graph request unavailable","stage":"lease_before_query"}
{"time":"2026-10-03T20:11:14.28223+08:00","level":"INFO","msg":"http request complete","request_id":"01a101ac-f3bb-7c83-81b8-7a5277bdcd8e","method":"GET","status_code":200,"duration_ms":46}
{"time":"2026-10-03T20:11:14.524267+08:00","level":"WARN","msg":"Graph request unavailable","stage":"lease_before_query"}
{"time":"2026-10-03T20:11:14.529632+08:00","level":"INFO","msg":"http request complete","request_id":"01a101ac-f4b4-743d-8e59-d76bf4422aa0","method":"GET","status_code":200,"duration_ms":45}
{"time":"2026-10-03T20:11:14.752956+08:00","level":"WARN","msg":"Graph request unavailable","stage":"lease_before_query"}
{"time":"2026-10-03T20:11:14.762193+08:00","level":"INFO","msg":"http request complete","request_id":"01a101ac-f5ab-75dc-a4af-8441995af6ed","method":"GET","status_code":200,"duration_ms":30}
{"time":"2026-10-03T20:11:14.97267+08:00","level":"WARN","msg":"Graph request unavailable","stage":"lease_before_query"}
{"time":"2026-10-03T20:11:14.975765+08:00","level":"INFO","msg":"http request complete","request_id":"01a101ac-f693-7854-8a9d-888dae753e4d","method":"GET","status_code":200,"duration_ms":12}
{"time":"2026-10-03T20:11:15.210542+08:00","level":"WARN","msg":"Graph request unavailable","stage":"lease_before_query"}
{"time":"2026-10-03T20:11:15.223152+08:00","level":"INFO","msg":"http request complete","request_id":"01a101ac-f769-774b-8e29-48480f8d12b7","method":"GET","status_code":200,"duration_ms":45}
{"time":"2026-10-03T20:11:15.472791+08:00","level":"WARN","msg":"Graph request unavailable","stage":"lease_before_query"}
{"time":"2026-10-03T20:11:15.486886+08:00","level":"INFO","msg":"http request complete","request_id":"01a101ac-f861-7660-8f7a-ca4f60b9d079","method":"GET","status_code":200,"duration_ms":61}
{"time":"2026-10-03T20:11:15.731483+08:00","level":"WARN","msg":"Graph request unavailable","stage":"lease_before_query"}
{"time":"2026-10-03T20:11:15.73688+08:00","level":"INFO","msg":"http request complete","request_id":"01a101ac-f96c-74f5-9e2d-36c2d88729e7","method":"GET","status_code":200,"duration_ms":44}
{"time":"2026-10-03T20:11:15.971635+08:00","level":"INFO","msg":"http request complete","request_id":"01a101ac-fa62-7b85-8fe0-9961d7a0ebd4","method":"GET","status_code":200,"duration_ms":32}
{"time":"2026-10-03T20:11:16.211438+08:00","level":"INFO","msg":"http request complete","request_id":"01a101ac-fb4d-77c4-a9df-24e315b0a266","method":"GET","status_code":200,"duration_ms":37}
{"time":"2026-10-03T20:11:16.445427+08:00","level":"INFO","msg":"http request complete","request_id":"01a101ac-fc3f-7943-af84-0649c2db366e","method":"GET","status_code":200,"duration_ms":29}
{"time":"2026-10-03T20:11:16.665102+08:00","level":"INFO","msg":"http request complete","request_id":"01a101ac-fd27-7173-84b4-faeb57bdff33","method":"GET","status_code":200,"duration_ms":17}
{"time":"2026-10-03T20:11:16.903534+08:00","level":"INFO","msg":"http request complete","request_id":"01a101ac-fe02-7e5b-a6ee-32b20517998e","method":"GET","status_code":200,"duration_ms":36}
{"time":"2026-10-03T20:11:17.140381+08:00","level":"INFO","msg":"http request complete","request_id":"01a101ac-fef1-7a58-8b04-3a1441c3510a","method":"GET","status_code":200,"duration_ms":34}
{"time":"2026-10-03T20:11:17.37392+08:00","level":"INFO","msg":"http request complete","request_id":"01a101ac-ffdd-7e73-ae49-e53e54d824e6","method":"GET","status_code":200,"duration_ms":31}
{"time":"2026-10-03T20:11:17.607592+08:00","level":"INFO","msg":"http request complete","request_id":"01a101ad-00c6-7ac1-8820-96f8f968e19c","method":"GET","status_code":200,"duration_ms":32}
{"time":"2026-10-03T20:11:17.839305+08:00","level":"INFO","msg":"http request complete","request_id":"01a101ad-01b0-75d0-a83e-d42c6ae909ed","method":"GET","status_code":200,"duration_ms":30}
{"time":"2026-10-03T20:11:18.061386+08:00","level":"INFO","msg":"http request complete","request_id":"01a101ad-0298-768b-abd3-8ee2d4275500","method":"GET","status_code":200,"duration_ms":20}
{"time":"2026-10-03T20:11:18.292927+08:00","level":"INFO","msg":"http request complete","request_id":"01a101ad-0376-7f2a-aa7c-2c66defb4269","method":"GET","status_code":200,"duration_ms":29}
{"time":"2026-10-03T20:11:18.524229+08:00","level":"INFO","msg":"http request complete","request_id":"01a101ad-045e-79a0-b644-d0f6d165db26","method":"GET","status_code":200,"duration_ms":29}
{"time":"2026-10-03T20:11:18.743504+08:00","level":"INFO","msg":"http request complete","request_id":"01a101ad-0546-7105-9985-5560e7597129","method":"GET","status_code":200,"duration_ms":17}
{"time":"2026-10-03T20:11:18.965292+08:00","level":"INFO","msg":"http request complete","request_id":"01a101ad-0621-73c4-8e4d-fd4deadebb45","method":"GET","status_code":200,"duration_ms":20}
{"time":"2026-10-03T20:11:19.185455+08:00","level":"INFO","msg":"http request complete","request_id":"01a101ad-06fe-7eb1-ad1e-26ba7d68bbbc","method":"GET","status_code":200,"duration_ms":18}
{"time":"2026-10-03T20:11:19.415973+08:00","level":"INFO","msg":"http request complete","request_id":"01a101ad-07db-7284-90e5-ac70e911ce6c","method":"GET","status_code":200,"duration_ms":28}
{"time":"2026-10-03T20:11:19.653095+08:00","level":"INFO","msg":"http request complete","request_id":"01a101ad-08c0-7ad1-a413-fe3e18cdbdd0","method":"GET","status_code":200,"duration_ms":36}
{"time":"2026-10-03T20:11:19.875057+08:00","level":"INFO","msg":"http request complete","request_id":"01a101ad-09ae-7222-a940-fde64ba0e4fc","method":"GET","status_code":200,"duration_ms":20}
{"time":"2026-10-03T20:11:20.098058+08:00","level":"INFO","msg":"http request complete","request_id":"01a101ad-0a8d-777d-9857-9824c8cf2eb1","method":"GET","status_code":200,"duration_ms":20}
{"time":"2026-10-03T20:11:20.317947+08:00","level":"INFO","msg":"http request complete","request_id":"01a101ad-0b6c-7aba-b443-5a1d8d997c28","method":"GET","status_code":200,"duration_ms":17}
{"time":"2026-10-03T20:11:20.53215+08:00","level":"INFO","msg":"http request complete","request_id":"01a101ad-0c46-7a8f-9827-d4cfc6f001a8","method":"GET","status_code":200,"duration_ms":13}
{"time":"2026-10-03T20:11:20.757059+08:00","level":"INFO","msg":"http request complete","request_id":"01a101ad-0d1d-71ad-ae92-fab08c25fd35","method":"GET","status_code":200,"duration_ms":23}
{"time":"2026-10-03T20:11:20.982768+08:00","level":"INFO","msg":"http request complete","request_id":"01a101ad-0dfe-7bc3-90d3-35af1c079617","method":"GET","status_code":200,"duration_ms":23}
{"time":"2026-10-03T20:11:21.202039+08:00","level":"INFO","msg":"http request complete","request_id":"01a101ad-0ee0-776a-8e2d-c1cce52b1aa3","method":"GET","status_code":200,"duration_ms":17}
{"time":"2026-10-03T20:11:21.431826+08:00","level":"INFO","msg":"http request complete","request_id":"01a101ad-0fbb-758d-b2a7-ab3604741a7c","method":"GET","status_code":200,"duration_ms":28}
{"time":"2026-10-03T20:11:21.651846+08:00","level":"INFO","msg":"http request complete","request_id":"01a101ad-10a1-7493-bc80-1a401f3f635b","method":"GET","status_code":200,"duration_ms":18}
{"time":"2026-10-03T20:11:21.869513+08:00","level":"INFO","msg":"http request complete","request_id":"01a101ad-117d-7d7d-a0a4-6d119926f4c0","method":"GET","status_code":200,"duration_ms":15}
{"time":"2026-10-03T20:11:22.086403+08:00","level":"INFO","msg":"http request complete","request_id":"01a101ad-1257-7363-a57e-2486280ba0f3","method":"GET","status_code":200,"duration_ms":15}
{"time":"2026-10-03T20:11:22.322487+08:00","level":"INFO","msg":"http request complete","request_id":"01a101ad-132f-7d52-a080-f7ca095963f2","method":"GET","status_code":200,"duration_ms":34}
{"time":"2026-10-03T20:11:22.562623+08:00","level":"INFO","msg":"http request complete","request_id":"01a101ad-141b-759d-a50e-35f647660509","method":"GET","status_code":200,"duration_ms":39}
{"time":"2026-10-03T20:11:22.812713+08:00","level":"INFO","msg":"http request complete","request_id":"01a101ad-150c-7386-833e-4a5d84c9efcd","method":"GET","status_code":200,"duration_ms":48}
{"time":"2026-10-03T20:11:23.043058+08:00","level":"INFO","msg":"http request complete","request_id":"01a101ad-1606-7182-8171-5cdbec45bd7a","method":"GET","status_code":200,"duration_ms":28}
{"time":"2026-10-03T20:11:23.260772+08:00","level":"INFO","msg":"http request complete","request_id":"01a101ad-16ec-7bea-8687-ebed6cf91853","method":"GET","status_code":200,"duration_ms":15}
{"time":"2026-10-03T20:11:23.487549+08:00","level":"INFO","msg":"http request complete","request_id":"01a101ad-17c5-7c73-b961-a867335215eb","method":"GET","status_code":200,"duration_ms":25}
{"time":"2026-10-03T20:11:23.704593+08:00","level":"INFO","msg":"http request complete","request_id":"01a101ad-18a8-721b-b003-789c02315f6d","method":"GET","status_code":200,"duration_ms":16}
{"time":"2026-10-03T20:11:23.947472+08:00","level":"INFO","msg":"http request complete","request_id":"01a101ad-1983-71d8-8fd9-51306a51dce4","method":"GET","status_code":200,"duration_ms":40}
{"time":"2026-10-03T20:11:24.190345+08:00","level":"INFO","msg":"http request complete","request_id":"01a101ad-1a75-7914-a622-6c20b2d7aa92","method":"GET","status_code":200,"duration_ms":40}
{"time":"2026-10-03T20:11:24.451602+08:00","level":"INFO","msg":"http request complete","request_id":"01a101ad-1b68-722a-a12e-c2bfb8743f19","method":"GET","status_code":200,"duration_ms":59}
{"time":"2026-10-03T20:11:24.700833+08:00","level":"INFO","msg":"http request complete","request_id":"01a101ad-1c6d-7c38-abd7-e5e733dd02bf","method":"GET","status_code":200,"duration_ms":47}
{"time":"2026-10-03T20:11:24.933538+08:00","level":"INFO","msg":"http request complete","request_id":"01a101ad-1d66-7785-a671-91da735bf31b","method":"GET","status_code":200,"duration_ms":31}
{"time":"2026-10-03T20:11:25.194014+08:00","level":"INFO","msg":"http request complete","request_id":"01a101ad-1e4f-7395-ac6c-85e9537789b1","method":"GET","status_code":200,"duration_ms":58}
{"time":"2026-10-03T20:11:25.419893+08:00","level":"INFO","msg":"http request complete","request_id":"01a101ad-1f53-7b5e-9540-a2f7183685b8","method":"GET","status_code":200,"duration_ms":24}
{"time":"2026-10-03T20:11:25.670152+08:00","level":"INFO","msg":"http request complete","request_id":"01a101ad-2035-7858-b81d-2e61ffa65258","method":"GET","status_code":200,"duration_ms":48}
{"time":"2026-10-03T20:11:25.883487+08:00","level":"INFO","msg":"http request complete","request_id":"01a101ad-2130-75d8-a6ea-03ed6ca8324b","method":"GET","status_code":200,"duration_ms":11}
{"time":"2026-10-03T20:11:26.095746+08:00","level":"INFO","msg":"http request complete","request_id":"01a101ad-2204-7c83-be57-8bfe12c46d63","method":"GET","status_code":200,"duration_ms":10}
{"time":"2026-10-03T20:11:26.322046+08:00","level":"INFO","msg":"http request complete","request_id":"01a101ad-22d9-773b-9a72-93de7a14226c","method":"GET","status_code":200,"duration_ms":24}
{"time":"2026-10-03T20:11:26.559559+08:00","level":"INFO","msg":"http request complete","request_id":"01a101ad-23bb-7c31-be07-86854caa22da","method":"GET","status_code":200,"duration_ms":35}
{"time":"2026-10-03T20:11:26.908025+08:00","level":"INFO","msg":"http request complete","request_id":"01a101ad-24a9-7ed4-935d-39889651b559","method":"GET","status_code":200,"duration_ms":146}
{"time":"2026-10-03T20:11:27.269466+08:00","level":"INFO","msg":"http request complete","request_id":"01a101ad-2605-7a9e-a5d7-310a163df620","method":"GET","status_code":200,"duration_ms":159}
{"time":"2026-10-03T20:11:27.610481+08:00","level":"INFO","msg":"http request complete","request_id":"01a101ad-276f-7217-a166-bef5adee5359","method":"GET","status_code":200,"duration_ms":139}
{"time":"2026-10-03T20:11:27.983012+08:00","level":"INFO","msg":"http request complete","request_id":"01a101ad-28c9-783d-a368-aa77b1adfe2f","method":"GET","status_code":200,"duration_ms":165}
{"time":"2026-10-03T20:11:28.329279+08:00","level":"INFO","msg":"http request complete","request_id":"01a101ad-2a39-7128-93f4-b84ecc52bf7e","method":"GET","status_code":200,"duration_ms":144}
{"time":"2026-10-03T20:11:28.678942+08:00","level":"INFO","msg":"http request complete","request_id":"01a101ad-2b95-7328-9aee-afb704025980","method":"GET","status_code":200,"duration_ms":145}
{"time":"2026-10-03T20:11:29.393657+08:00","level":"INFO","msg":"http request complete","request_id":"01a101ad-2cf3-723e-9752-6ebafd6ea3c1","method":"GET","status_code":200,"duration_ms":510}
{"time":"2026-10-03T20:11:29.787373+08:00","level":"INFO","msg":"http request complete","request_id":"01a101ad-2fba-7b17-8eee-eff24893ff1a","method":"GET","status_code":200,"duration_ms":192}
{"time":"2026-10-03T20:11:30.218186+08:00","level":"INFO","msg":"http request complete","request_id":"01a101ad-3148-754b-a2d2-c37addb5f38d","method":"GET","status_code":200,"duration_ms":225}
{"time":"2026-10-03T20:11:30.603918+08:00","level":"INFO","msg":"http request complete","request_id":"01a101ad-32f3-71e8-a21d-5d5553984ead","method":"GET","status_code":200,"duration_ms":184}
{"time":"2026-10-03T20:11:31.050515+08:00","level":"INFO","msg":"http request complete","request_id":"01a101ad-3475-7ca2-8cb1-57e58004270f","method":"GET","status_code":200,"duration_ms":244}
{"time":"2026-10-03T20:11:31.539361+08:00","level":"INFO","msg":"http request complete","request_id":"01a101ad-3634-753b-adcb-2f434abed089","method":"GET","status_code":200,"duration_ms":286}
{"time":"2026-10-03T20:11:32.02228+08:00","level":"INFO","msg":"http request complete","request_id":"01a101ad-381c-7a83-a2d5-236739c1f62b","method":"GET","status_code":200,"duration_ms":281}
{"time":"2026-10-03T20:11:32.42741+08:00","level":"INFO","msg":"http request complete","request_id":"01a101ad-3a00-70ab-8200-ddffea696064","method":"GET","status_code":200,"duration_ms":203}
{"time":"2026-10-03T20:11:33.203232+08:00","level":"INFO","msg":"http request complete","request_id":"01a101ad-3b97-75b1-bebd-2b954745cb61","method":"GET","status_code":200,"duration_ms":571}
{"time":"2026-10-03T20:11:33.815506+08:00","level":"INFO","msg":"http request complete","request_id":"01a101ad-3ea3-7537-8420-0fa573844a47","method":"GET","status_code":200,"duration_ms":404}
{"time":"2026-10-03T20:11:34.464764+08:00","level":"INFO","msg":"http request complete","request_id":"01a101ad-4100-7d36-be98-92b3aef7239a","method":"GET","status_code":200,"duration_ms":447}
{"time":"2026-10-03T20:11:35.360704+08:00","level":"INFO","msg":"http request complete","request_id":"01a101ad-438a-7ed8-96f8-1cb077196e63","method":"GET","status_code":200,"duration_ms":693}
{"time":"2026-10-03T20:11:35.761063+08:00","level":"INFO","msg":"http request complete","request_id":"01a101ad-4709-782d-9f10-d088dd0fd00c","method":"GET","status_code":200,"duration_ms":199}
{"time":"2026-10-03T20:11:36.10243+08:00","level":"INFO","msg":"http request complete","request_id":"01a101ad-48a3-75f3-985e-d8be18594012","method":"GET","status_code":200,"duration_ms":131}
{"time":"2026-10-03T20:11:36.452471+08:00","level":"INFO","msg":"http request complete","request_id":"01a101ad-49f0-7aa6-a656-47b06bb8abab","method":"GET","status_code":200,"duration_ms":147}
{"time":"2026-10-03T20:11:36.906739+08:00","level":"INFO","msg":"http request complete","request_id":"01a101ad-4b4f-717e-b513-b76da281be22","method":"GET","status_code":200,"duration_ms":251}
{"time":"2026-10-03T20:11:37.254829+08:00","level":"INFO","msg":"http request complete","request_id":"01a101ad-4d15-715b-a932-d78cc1986b9c","method":"GET","status_code":200,"duration_ms":145}
{"time":"2026-10-03T20:11:37.59392+08:00","level":"INFO","msg":"http request complete","request_id":"01a101ad-4e71-711d-aec9-cee62a0340cd","method":"GET","status_code":200,"duration_ms":136}
{"time":"2026-10-03T20:11:37.941082+08:00","level":"INFO","msg":"http request complete","request_id":"01a101ad-4fc3-7e6b-b780-91f4cb9940e8","method":"GET","status_code":200,"duration_ms":145}
{"time":"2026-10-03T20:11:38.340231+08:00","level":"INFO","msg":"http request complete","request_id":"01a101ad-5121-7121-90f2-ce84d0792968","method":"GET","status_code":200,"duration_ms":195}
{"time":"2026-10-03T20:11:38.90226+08:00","level":"INFO","msg":"http request complete","request_id":"01a101ad-52b0-7a93-804b-fe9d82954142","method":"GET","status_code":200,"duration_ms":357}
{"time":"2026-10-03T20:11:39.23297+08:00","level":"INFO","msg":"http request complete","request_id":"01a101ad-54df-7a44-b956-7a32305b7554","method":"GET","status_code":200,"duration_ms":129}
{"time":"2026-10-03T20:11:39.558479+08:00","level":"INFO","msg":"http request complete","request_id":"01a101ad-562a-72bb-9961-35f92696e589","method":"GET","status_code":200,"duration_ms":124}
{"time":"2026-10-03T20:11:39.896064+08:00","level":"INFO","msg":"http request complete","request_id":"01a101ad-5770-71c9-809a-298b30c8bc9c","method":"GET","status_code":200,"duration_ms":135}
{"time":"2026-10-03T20:11:40.236669+08:00","level":"INFO","msg":"http request complete","request_id":"01a101ad-58c1-7bee-89a2-9283bfe9b8f4","method":"GET","status_code":200,"duration_ms":138}
{"time":"2026-10-03T20:11:40.569009+08:00","level":"INFO","msg":"http request complete","request_id":"01a101ad-5a18-7455-8845-ec0ecde6a4ea","method":"GET","status_code":200,"duration_ms":128}
{"time":"2026-10-03T20:11:40.979468+08:00","level":"INFO","msg":"http request complete","request_id":"01a101ad-5b62-73eb-b1f7-af462e13639d","method":"GET","status_code":200,"duration_ms":209}
{"time":"2026-10-03T20:11:41.337342+08:00","level":"INFO","msg":"http request complete","request_id":"01a101ad-5cfd-7db3-9ff2-dd60d61ffd85","method":"GET","status_code":200,"duration_ms":155}
{"time":"2026-10-03T20:11:41.668605+08:00","level":"INFO","msg":"http request complete","request_id":"01a101ad-5e62-737a-8c4c-3470b8a7bec7","method":"GET","status_code":200,"duration_ms":130}
{"time":"2026-10-03T20:11:41.997505+08:00","level":"INFO","msg":"http request complete","request_id":"01a101ad-5fad-7a3d-ba73-0b423b4fe685","method":"GET","status_code":200,"duration_ms":127}
{"time":"2026-10-03T20:11:42.332393+08:00","level":"INFO","msg":"http request complete","request_id":"01a101ad-60f7-7403-923a-88f8871dbe7a","method":"GET","status_code":200,"duration_ms":133}
{"time":"2026-10-03T20:11:42.672754+08:00","level":"INFO","msg":"http request complete","request_id":"01a101ad-6246-7ab6-bd6d-330eb800fe78","method":"GET","status_code":200,"duration_ms":138}
{"time":"2026-10-03T20:11:43.491155+08:00","level":"INFO","msg":"http request complete","request_id":"01a101ad-639a-7e96-bfe7-9d9502e6857f","method":"GET","status_code":200,"duration_ms":616}
{"time":"2026-10-03T20:11:44.088018+08:00","level":"INFO","msg":"http request complete","request_id":"01a101ad-66cb-7e4c-80c1-39f68661b449","method":"GET","status_code":200,"duration_ms":396}
{"time":"2026-10-03T20:11:44.70508+08:00","level":"INFO","msg":"http request complete","request_id":"01a101ad-6921-7b79-acd4-8e10ed5089b0","method":"GET","status_code":200,"duration_ms":415}
{"time":"2026-10-03T20:11:45.504845+08:00","level":"INFO","msg":"http request complete","request_id":"01a101ad-6b8a-7c6b-b606-75af7b879079","method":"GET","status_code":200,"duration_ms":598}
{"time":"2026-10-03T20:11:46.118839+08:00","level":"INFO","msg":"http request complete","request_id":"01a101ad-6ead-7989-a9c8-4dc5cc6fdead","method":"GET","status_code":200,"duration_ms":409}
{"time":"2026-10-03T20:11:46.724648+08:00","level":"INFO","msg":"http request complete","request_id":"01a101ad-7110-71bd-820f-b76c4dea4f01","method":"GET","status_code":200,"duration_ms":404}
{"time":"2026-10-03T20:11:47.248277+08:00","level":"INFO","msg":"http request complete","request_id":"01a101ad-736e-778d-ac20-418b37fd6cbb","method":"GET","status_code":200,"duration_ms":321}
{"time":"2026-10-03T20:11:47.249572+08:00","level":"INFO","msg":"http request complete","request_id":"01a101ad-74b0-7e4c-9bfe-41c8e9fdb315","method":"POST","status_code":409,"duration_ms":0}
{"time":"2026-10-03T20:11:47.260349+08:00","level":"INFO","msg":"http request complete","request_id":"01a101ad-74b1-7c11-b81d-985f74899977","method":"POST","status_code":200,"duration_ms":10}
{"time":"2026-10-03T20:11:47.272446+08:00","level":"INFO","msg":"http request complete","request_id":"01a101ad-74bc-7e11-9f0f-81dbef8da876","method":"POST","status_code":200,"duration_ms":11}
{"time":"2026-10-03T20:11:47.488769+08:00","level":"WARN","msg":"SP05 official observation unavailable","errorClass":"canceled"}
{"time":"2026-10-03T20:11:47.488811+08:00","level":"WARN","msg":"Graph ownership not ready","qualification":{"/v1/configmaps":"list_missing","/v1/events":"source_scope_unverified","/v1/nodes":"list_missing","/v1/persistentvolumeclaims":"list_missing","/v1/persistentvolumes":"list_missing","/v1/pods":"list_missing","/v1/services":"list_missing","apps/v1/daemonsets":"list_missing","apps/v1/deployments":"list_missing","apps/v1/replicasets":"list_missing","apps/v1/statefulsets":"list_missing","batch/v1/jobs":"list_missing","discovery.k8s.io/v1/endpointslices":"list_missing","storage.k8s.io/v1/csidrivers":"list_missing","storage.k8s.io/v1/csinodes":"list_missing","storage.k8s.io/v1/storageclasses":"list_missing","storage.k8s.io/v1/volumeattachments":"list_missing"}}
{"time":"2026-10-03T20:11:47.503595+08:00","level":"INFO","msg":"http request complete","request_id":"01a101ad-75a1-70b7-a00c-7425ceb56b69","method":"POST","status_code":200,"duration_ms":14}
{"time":"2026-10-03T20:11:47.513224+08:00","level":"INFO","msg":"http request complete","request_id":"01a101ad-75b0-7075-826b-3c51ab9298d7","method":"POST","status_code":200,"duration_ms":9}
{"time":"2026-10-03T20:11:47.57422+08:00","level":"INFO","msg":"http request complete","request_id":"01a101ad-75e5-7d2f-994d-0223b7388376","method":"POST","status_code":200,"duration_ms":16}
{"time":"2026-10-03T20:11:47.62767+08:00","level":"INFO","msg":"http request complete","request_id":"01a101ad-760a-704a-b765-2d8ab10749c4","method":"POST","status_code":200,"duration_ms":33}
{"time":"2026-10-03T20:11:47.652388+08:00","level":"INFO","msg":"http request complete","request_id":"01a101ad-762b-7d23-b143-59769ea51b65","method":"POST","status_code":200,"duration_ms":24}
{"time":"2026-10-03T20:11:47.676999+08:00","level":"INFO","msg":"http request complete","request_id":"01a101ad-7644-791f-a86a-e23875c44622","method":"POST","status_code":409,"duration_ms":24}
{"time":"2026-10-03T20:11:47.682609+08:00","level":"INFO","msg":"http request complete","request_id":"01a101ad-7660-75df-8b72-109165c143a0","method":"POST","status_code":403,"duration_ms":2}
{"time":"2026-10-03T20:11:47.714941+08:00","level":"INFO","msg":"http request complete","request_id":"01a101ad-7664-7eb9-b249-f4846e904279","method":"POST","status_code":200,"duration_ms":29}
{"time":"2026-10-03T20:11:47.730563+08:00","level":"INFO","msg":"http request complete","request_id":"01a101ad-7683-723a-82f9-d14212829179","method":"POST","status_code":200,"duration_ms":15}
{"time":"2026-10-03T20:11:47.760773+08:00","level":"INFO","msg":"http request complete","request_id":"01a101ad-7693-7b85-995a-0353481e087f","method":"POST","status_code":409,"duration_ms":28}
{"time":"2026-10-03T20:11:47.797965+08:00","level":"INFO","msg":"http request complete","request_id":"01a101ad-76b1-7c40-838c-593528ba0dce","method":"POST","status_code":200,"duration_ms":36}
{"time":"2026-10-03T20:11:47.80529+08:00","level":"INFO","msg":"http request complete","request_id":"01a101ad-76d6-7382-8668-61258d56b564","method":"POST","status_code":200,"duration_ms":7}
{"time":"2026-10-03T20:11:47.830242+08:00","level":"INFO","msg":"http request complete","request_id":"01a101ad-76de-7105-bf20-d590c1eff9f6","method":"POST","status_code":409,"duration_ms":24}
{"time":"2026-10-03T20:11:47.837061+08:00","level":"INFO","msg":"http request complete","request_id":"01a101ad-76f8-7338-a0ed-7d3973b3e4d7","method":"POST","status_code":403,"duration_ms":4}
{"time":"2026-10-03T20:11:47.843758+08:00","level":"INFO","msg":"http request complete","request_id":"01a101ad-7702-77d3-8be8-97705beab445","method":"POST","status_code":403,"duration_ms":1}
{"time":"2026-10-03T20:11:47.84518+08:00","level":"INFO","msg":"http request complete","request_id":"01a101ad-7704-7069-a0da-6dbda204e1cf","method":"POST","status_code":403,"duration_ms":1}
{"time":"2026-10-03T20:11:47.846607+08:00","level":"INFO","msg":"http request complete","request_id":"01a101ad-7705-764d-8b33-590b80ff3029","method":"POST","status_code":403,"duration_ms":1}
{"time":"2026-10-03T20:11:47.854846+08:00","level":"INFO","msg":"http request complete","request_id":"01a101ad-770d-7510-868f-cc0f3d41d323","method":"POST","status_code":403,"duration_ms":1}
2026/10/03 20:11:49 OK   00001_roles_and_schemas.sql (15.64ms)
2026/10/03 20:11:49 goose: successfully migrated database to version: 1
2026/10/03 20:11:49 OK   00002_platform_meta.sql (36.79ms)
2026/10/03 20:11:49 OK   00003_finding.sql (25.58ms)
2026/10/03 20:11:49 OK   00004_incident.sql (7.3ms)
2026/10/03 20:11:49 OK   00005_investigation.sql (23.67ms)
2026/10/03 20:11:49 OK   00006_action_command.sql (4.84ms)
2026/10/03 20:11:49 OK   00007_audit.sql (21.79ms)
2026/10/03 20:11:49 OK   00008_rls.sql (16.36ms)
2026/10/03 20:11:49 OK   00009_idempotency_ledger.sql (14.51ms)
2026/10/03 20:11:49 OK   00010_tenant_provisioning.sql (9.18ms)
2026/10/03 20:11:49 OK   00011_source_registration_history.sql (18.09ms)
2026/10/03 20:11:49 OK   00012_config_registry_lifecycle.sql (25.72ms)
2026/10/03 20:11:49 OK   00013_audit_signed_segments.sql (10.13ms)
2026/10/03 20:11:49 OK   00014_audit_segment_predecessors.sql (4ms)
2026/10/03 20:11:49 OK   00015_source_schema_scope.sql (10.78ms)
2026/10/03 20:11:49 OK   00016_cluster_registration_metadata.sql (10.99ms)
2026/10/03 20:11:49 OK   00017_source_data_scope.sql (4.5ms)
2026/10/03 20:11:49 OK   00018_sp04_resources_evidence.sql (12.1ms)
2026/10/03 20:11:49 OK   00019_sp04_archive_ciphertext_bytes.sql (5.16ms)
2026/10/03 20:11:49 OK   00020_sp04_request_ledger.sql (10.72ms)
2026/10/03 20:11:49 OK   00021_sp04_archive_protection.sql (3ms)
2026/10/03 20:11:49 OK   00022_sp04_legal_hold_dependencies.sql (2.34ms)
2026/10/03 20:11:49 OK   00023_sp04_archive_query_intent.sql (2.45ms)
2026/10/03 20:11:49 OK   00024_sp05_finding_incident.sql (18ms)
2026/10/03 20:11:49 OK   00025_sp05_incident_event_time.sql (4.13ms)
2026/10/03 20:11:49 OK   00026_sp05_source_binding_lock.sql (7.42ms)
2026/10/03 20:11:49 OK   00027_sp05_rca_and_poll.sql (5.08ms)
2026/10/03 20:11:49 OK   00028_sp05_operator_lock.sql (2.14ms)
2026/10/03 20:11:49 OK   00029_sp05_evidence_links.sql (14.55ms)
2026/10/03 20:11:49 OK   00030_sp05_recipe_fence.sql (7.11ms)
2026/10/03 20:11:49 OK   00031_sp05_rca_postcheck.sql (2.1ms)
2026/10/03 20:11:49 OK   00032_sp05_transport_audit.sql (2.23ms)
2026/10/03 20:11:49 OK   00033_sp05_poll_resolution_clock.sql (2.57ms)
2026/10/03 20:11:49 OK   00034_sp06_investigation_ledger.sql (28.34ms)
2026/10/03 20:11:49 goose: successfully migrated database to version: 34
2026/10/03 20:11:50 OK   00001_roles_and_schemas.sql (19.07ms)
2026/10/03 20:11:50 goose: successfully migrated database to version: 1
2026/10/03 20:11:50 OK   00002_platform_meta.sql (28.88ms)
2026/10/03 20:11:50 OK   00003_finding.sql (26.92ms)
2026/10/03 20:11:50 OK   00004_incident.sql (5.42ms)
2026/10/03 20:11:50 OK   00005_investigation.sql (5.03ms)
2026/10/03 20:11:50 OK   00006_action_command.sql (6.09ms)
2026/10/03 20:11:50 OK   00007_audit.sql (23.4ms)
2026/10/03 20:11:50 OK   00008_rls.sql (11.51ms)
2026/10/03 20:11:50 OK   00009_idempotency_ledger.sql (13.61ms)
2026/10/03 20:11:50 OK   00010_tenant_provisioning.sql (7.83ms)
2026/10/03 20:11:50 OK   00011_source_registration_history.sql (18.34ms)
2026/10/03 20:11:50 OK   00012_config_registry_lifecycle.sql (23.24ms)
2026/10/03 20:11:50 OK   00013_audit_signed_segments.sql (23.16ms)
2026/10/03 20:11:50 OK   00014_audit_segment_predecessors.sql (29.13ms)
2026/10/03 20:11:50 OK   00015_source_schema_scope.sql (3.97ms)
2026/10/03 20:11:50 OK   00016_cluster_registration_metadata.sql (4.42ms)
2026/10/03 20:11:50 OK   00017_source_data_scope.sql (28.34ms)
2026/10/03 20:11:50 OK   00018_sp04_resources_evidence.sql (15.69ms)
2026/10/03 20:11:50 OK   00019_sp04_archive_ciphertext_bytes.sql (11.58ms)
2026/10/03 20:11:50 OK   00020_sp04_request_ledger.sql (11.08ms)
2026/10/03 20:11:50 OK   00021_sp04_archive_protection.sql (4.22ms)
2026/10/03 20:11:50 OK   00022_sp04_legal_hold_dependencies.sql (3.46ms)
2026/10/03 20:11:50 OK   00023_sp04_archive_query_intent.sql (13.08ms)
2026/10/03 20:11:50 OK   00024_sp05_finding_incident.sql (28.43ms)
2026/10/03 20:11:50 OK   00025_sp05_incident_event_time.sql (2.26ms)
2026/10/03 20:11:50 OK   00026_sp05_source_binding_lock.sql (2.43ms)
2026/10/03 20:11:50 OK   00027_sp05_rca_and_poll.sql (12.19ms)
2026/10/03 20:11:50 OK   00028_sp05_operator_lock.sql (12.95ms)
2026/10/03 20:11:50 OK   00029_sp05_evidence_links.sql (12.91ms)
2026/10/03 20:11:50 OK   00030_sp05_recipe_fence.sql (2.77ms)
2026/10/03 20:11:50 OK   00031_sp05_rca_postcheck.sql (2.46ms)
2026/10/03 20:11:50 OK   00032_sp05_transport_audit.sql (4.67ms)
2026/10/03 20:11:50 OK   00033_sp05_poll_resolution_clock.sql (5.72ms)
2026/10/03 20:11:50 OK   00034_sp06_investigation_ledger.sql (40.07ms)
2026/10/03 20:11:50 goose: successfully migrated database to version: 34
2026/10/03 20:12:59 OK   00001_roles_and_schemas.sql (32.61ms)
2026/10/03 20:12:59 goose: successfully migrated database to version: 1
2026/10/03 20:12:59 OK   00002_platform_meta.sql (35.31ms)
2026/10/03 20:12:59 OK   00003_finding.sql (11.29ms)
2026/10/03 20:12:59 OK   00004_incident.sql (18.82ms)
2026/10/03 20:12:59 OK   00005_investigation.sql (8.19ms)
2026/10/03 20:12:59 OK   00006_action_command.sql (4.84ms)
2026/10/03 20:12:59 OK   00007_audit.sql (18.17ms)
2026/10/03 20:12:59 OK   00008_rls.sql (10.07ms)
2026/10/03 20:12:59 OK   00009_idempotency_ledger.sql (5.31ms)
2026/10/03 20:12:59 OK   00010_tenant_provisioning.sql (6.48ms)
2026/10/03 20:12:59 OK   00011_source_registration_history.sql (9.17ms)
2026/10/03 20:12:59 OK   00012_config_registry_lifecycle.sql (14.66ms)
2026/10/03 20:12:59 OK   00013_audit_signed_segments.sql (23.84ms)
2026/10/03 20:12:59 OK   00014_audit_segment_predecessors.sql (7.3ms)
2026/10/03 20:12:59 OK   00015_source_schema_scope.sql (2.17ms)
2026/10/03 20:12:59 OK   00016_cluster_registration_metadata.sql (12.98ms)
2026/10/03 20:12:59 OK   00017_source_data_scope.sql (10.6ms)
2026/10/03 20:12:59 OK   00018_sp04_resources_evidence.sql (11.92ms)
2026/10/03 20:12:59 OK   00019_sp04_archive_ciphertext_bytes.sql (1.98ms)
2026/10/03 20:12:59 OK   00020_sp04_request_ledger.sql (7.73ms)
2026/10/03 20:12:59 OK   00021_sp04_archive_protection.sql (16.15ms)
2026/10/03 20:12:59 OK   00022_sp04_legal_hold_dependencies.sql (2.64ms)
2026/10/03 20:12:59 OK   00023_sp04_archive_query_intent.sql (2.11ms)
2026/10/03 20:12:59 OK   00024_sp05_finding_incident.sql (11.05ms)
2026/10/03 20:12:59 OK   00025_sp05_incident_event_time.sql (1.88ms)
2026/10/03 20:12:59 OK   00026_sp05_source_binding_lock.sql (2.02ms)
2026/10/03 20:12:59 OK   00027_sp05_rca_and_poll.sql (9.13ms)
2026/10/03 20:12:59 OK   00028_sp05_operator_lock.sql (17.06ms)
2026/10/03 20:12:59 OK   00029_sp05_evidence_links.sql (4.51ms)
2026/10/03 20:12:59 OK   00030_sp05_recipe_fence.sql (1.96ms)
2026/10/03 20:12:59 OK   00031_sp05_rca_postcheck.sql (2.72ms)
2026/10/03 20:12:59 OK   00032_sp05_transport_audit.sql (9.99ms)
2026/10/03 20:12:59 OK   00033_sp05_poll_resolution_clock.sql (11.26ms)
2026/10/03 20:12:59 OK   00034_sp06_investigation_ledger.sql (16.46ms)
2026/10/03 20:12:59 goose: successfully migrated database to version: 34
2026/10/03 20:13:08 OK   00001_roles_and_schemas.sql (21.88ms)
2026/10/03 20:13:08 goose: successfully migrated database to version: 1
2026/10/03 20:13:08 OK   00002_platform_meta.sql (38.02ms)
2026/10/03 20:13:08 OK   00003_finding.sql (25.32ms)
2026/10/03 20:13:08 OK   00004_incident.sql (8.71ms)
2026/10/03 20:13:08 OK   00005_investigation.sql (11.46ms)
2026/10/03 20:13:08 OK   00006_action_command.sql (12.1ms)
2026/10/03 20:13:08 OK   00007_audit.sql (17.79ms)
2026/10/03 20:13:08 OK   00008_rls.sql (18.27ms)
2026/10/03 20:13:08 OK   00009_idempotency_ledger.sql (13.68ms)
2026/10/03 20:13:08 OK   00010_tenant_provisioning.sql (3.61ms)
2026/10/03 20:13:08 OK   00011_source_registration_history.sql (9.33ms)
2026/10/03 20:13:08 OK   00012_config_registry_lifecycle.sql (23.84ms)
2026/10/03 20:13:08 OK   00013_audit_signed_segments.sql (28.45ms)
2026/10/03 20:13:08 OK   00014_audit_segment_predecessors.sql (6.45ms)
2026/10/03 20:13:08 OK   00015_source_schema_scope.sql (5.41ms)
2026/10/03 20:13:08 OK   00016_cluster_registration_metadata.sql (8.98ms)
2026/10/03 20:13:08 OK   00017_source_data_scope.sql (7.83ms)
2026/10/03 20:13:08 OK   00018_sp04_resources_evidence.sql (18.09ms)
2026/10/03 20:13:08 OK   00019_sp04_archive_ciphertext_bytes.sql (23.12ms)
2026/10/03 20:13:08 OK   00020_sp04_request_ledger.sql (4.17ms)
2026/10/03 20:13:08 OK   00021_sp04_archive_protection.sql (10.02ms)
2026/10/03 20:13:08 OK   00022_sp04_legal_hold_dependencies.sql (7.92ms)
2026/10/03 20:13:08 OK   00023_sp04_archive_query_intent.sql (8.05ms)
2026/10/03 20:13:08 OK   00024_sp05_finding_incident.sql (12.12ms)
2026/10/03 20:13:08 OK   00025_sp05_incident_event_time.sql (1.96ms)
2026/10/03 20:13:08 OK   00026_sp05_source_binding_lock.sql (2.07ms)
2026/10/03 20:13:08 OK   00027_sp05_rca_and_poll.sql (8.49ms)
2026/10/03 20:13:08 OK   00028_sp05_operator_lock.sql (13.67ms)
2026/10/03 20:13:08 OK   00029_sp05_evidence_links.sql (4.09ms)
2026/10/03 20:13:08 OK   00030_sp05_recipe_fence.sql (2.03ms)
2026/10/03 20:13:08 OK   00031_sp05_rca_postcheck.sql (1.91ms)
2026/10/03 20:13:08 OK   00032_sp05_transport_audit.sql (3.05ms)
2026/10/03 20:13:08 OK   00033_sp05_poll_resolution_clock.sql (5.16ms)
2026/10/03 20:13:08 OK   00034_sp06_investigation_ledger.sql (42.62ms)
2026/10/03 20:13:08 goose: successfully migrated database to version: 34
2026/10/03 20:13:08 OK   00001_roles_and_schemas.sql (17.42ms)
2026/10/03 20:13:08 goose: successfully migrated database to version: 1
2026/10/03 20:13:08 OK   00002_platform_meta.sql (27.96ms)
2026/10/03 20:13:08 OK   00003_finding.sql (20.94ms)
2026/10/03 20:13:08 OK   00004_incident.sql (4.19ms)
2026/10/03 20:13:08 OK   00005_investigation.sql (4.53ms)
2026/10/03 20:13:08 OK   00006_action_command.sql (4.54ms)
2026/10/03 20:13:08 OK   00007_audit.sql (19.63ms)
2026/10/03 20:13:08 OK   00008_rls.sql (15.51ms)
2026/10/03 20:13:08 OK   00009_idempotency_ledger.sql (16.19ms)
2026/10/03 20:13:08 OK   00010_tenant_provisioning.sql (3.76ms)
2026/10/03 20:13:08 OK   00011_source_registration_history.sql (15.75ms)
2026/10/03 20:13:08 OK   00012_config_registry_lifecycle.sql (11.63ms)
2026/10/03 20:13:08 OK   00013_audit_signed_segments.sql (24.3ms)
2026/10/03 20:13:08 OK   00014_audit_segment_predecessors.sql (4.37ms)
2026/10/03 20:13:08 OK   00015_source_schema_scope.sql (2.08ms)
2026/10/03 20:13:08 OK   00016_cluster_registration_metadata.sql (3.01ms)
2026/10/03 20:13:08 OK   00017_source_data_scope.sql (2.34ms)
2026/10/03 20:13:09 OK   00018_sp04_resources_evidence.sql (9.37ms)
2026/10/03 20:13:09 OK   00019_sp04_archive_ciphertext_bytes.sql (2.26ms)
2026/10/03 20:13:09 OK   00020_sp04_request_ledger.sql (12.73ms)
2026/10/03 20:13:09 OK   00021_sp04_archive_protection.sql (7.76ms)
2026/10/03 20:13:09 OK   00022_sp04_legal_hold_dependencies.sql (2.95ms)
2026/10/03 20:13:09 OK   00023_sp04_archive_query_intent.sql (4.91ms)
2026/10/03 20:13:09 OK   00024_sp05_finding_incident.sql (25.79ms)
2026/10/03 20:13:09 OK   00025_sp05_incident_event_time.sql (1.94ms)
2026/10/03 20:13:09 OK   00026_sp05_source_binding_lock.sql (2.16ms)
2026/10/03 20:13:09 OK   00027_sp05_rca_and_poll.sql (4.79ms)
2026/10/03 20:13:09 OK   00028_sp05_operator_lock.sql (4.19ms)
2026/10/03 20:13:09 OK   00029_sp05_evidence_links.sql (12.49ms)
2026/10/03 20:13:09 OK   00030_sp05_recipe_fence.sql (5.83ms)
2026/10/03 20:13:09 OK   00031_sp05_rca_postcheck.sql (2.13ms)
2026/10/03 20:13:09 OK   00032_sp05_transport_audit.sql (2.21ms)
2026/10/03 20:13:09 OK   00033_sp05_poll_resolution_clock.sql (8.39ms)
2026/10/03 20:13:09 OK   00034_sp06_investigation_ledger.sql (29.54ms)
2026/10/03 20:13:09 goose: successfully migrated database to version: 34
2026/10/03 20:13:09 OK   00001_roles_and_schemas.sql (11.92ms)
2026/10/03 20:13:09 goose: successfully migrated database to version: 1
2026/10/03 20:13:09 OK   00002_platform_meta.sql (23.41ms)
2026/10/03 20:13:09 OK   00003_finding.sql (8.97ms)
2026/10/03 20:13:09 OK   00004_incident.sql (3.11ms)
2026/10/03 20:13:09 OK   00005_investigation.sql (3.65ms)
2026/10/03 20:13:09 OK   00006_action_command.sql (3.07ms)
2026/10/03 20:13:09 OK   00007_audit.sql (5.44ms)
2026/10/03 20:13:09 OK   00008_rls.sql (7.82ms)
2026/10/03 20:13:09 OK   00009_idempotency_ledger.sql (13.24ms)
2026/10/03 20:13:09 OK   00010_tenant_provisioning.sql (6.22ms)
2026/10/03 20:13:09 OK   00011_source_registration_history.sql (8.69ms)
2026/10/03 20:13:09 OK   00012_config_registry_lifecycle.sql (17.81ms)
2026/10/03 20:13:09 OK   00013_audit_signed_segments.sql (14.73ms)
2026/10/03 20:13:09 OK   00014_audit_segment_predecessors.sql (8.73ms)
2026/10/03 20:13:09 OK   00015_source_schema_scope.sql (10.36ms)
2026/10/03 20:13:09 OK   00016_cluster_registration_metadata.sql (11.02ms)
2026/10/03 20:13:09 OK   00017_source_data_scope.sql (7.81ms)
2026/10/03 20:13:09 OK   00018_sp04_resources_evidence.sql (22.3ms)
2026/10/03 20:13:09 OK   00019_sp04_archive_ciphertext_bytes.sql (5.73ms)
2026/10/03 20:13:09 OK   00020_sp04_request_ledger.sql (6.2ms)
2026/10/03 20:13:09 OK   00021_sp04_archive_protection.sql (5.95ms)
2026/10/03 20:13:09 OK   00022_sp04_legal_hold_dependencies.sql (38.77ms)
2026/10/03 20:13:09 OK   00023_sp04_archive_query_intent.sql (6.89ms)
2026/10/03 20:13:09 OK   00024_sp05_finding_incident.sql (17.54ms)
2026/10/03 20:13:09 OK   00025_sp05_incident_event_time.sql (3.15ms)
2026/10/03 20:13:09 OK   00026_sp05_source_binding_lock.sql (2.1ms)
2026/10/03 20:13:09 OK   00027_sp05_rca_and_poll.sql (6.13ms)
2026/10/03 20:13:09 OK   00028_sp05_operator_lock.sql (3.4ms)
2026/10/03 20:13:09 OK   00029_sp05_evidence_links.sql (10.91ms)
2026/10/03 20:13:09 OK   00030_sp05_recipe_fence.sql (7.7ms)
2026/10/03 20:13:09 OK   00031_sp05_rca_postcheck.sql (3.02ms)
2026/10/03 20:13:09 OK   00032_sp05_transport_audit.sql (2.32ms)
2026/10/03 20:13:09 OK   00033_sp05_poll_resolution_clock.sql (2.27ms)
2026/10/03 20:13:09 OK   00034_sp06_investigation_ledger.sql (25.62ms)
2026/10/03 20:13:09 goose: successfully migrated database to version: 34
2026/10/03 20:13:09 OK   00001_roles_and_schemas.sql (26.57ms)
2026/10/03 20:13:09 goose: successfully migrated database to version: 1
2026/10/03 20:13:09 OK   00002_platform_meta.sql (23.6ms)
2026/10/03 20:13:09 OK   00003_finding.sql (5.96ms)
2026/10/03 20:13:09 OK   00004_incident.sql (3.09ms)
2026/10/03 20:13:09 OK   00005_investigation.sql (4.13ms)
2026/10/03 20:13:09 OK   00006_action_command.sql (7.26ms)
2026/10/03 20:13:10 OK   00007_audit.sql (17.34ms)
2026/10/03 20:13:10 OK   00008_rls.sql (5.52ms)
2026/10/03 20:13:10 OK   00009_idempotency_ledger.sql (13.09ms)
2026/10/03 20:13:10 OK   00010_tenant_provisioning.sql (13.5ms)
2026/10/03 20:13:10 OK   00011_source_registration_history.sql (4.78ms)
2026/10/03 20:13:10 OK   00012_config_registry_lifecycle.sql (26.59ms)
2026/10/03 20:13:10 OK   00013_audit_signed_segments.sql (8.22ms)
2026/10/03 20:13:10 OK   00014_audit_segment_predecessors.sql (4.1ms)
2026/10/03 20:13:10 OK   00015_source_schema_scope.sql (21.07ms)
2026/10/03 20:13:10 OK   00016_cluster_registration_metadata.sql (3.95ms)
2026/10/03 20:13:10 OK   00017_source_data_scope.sql (5.71ms)
2026/10/03 20:13:10 OK   00018_sp04_resources_evidence.sql (23.63ms)
2026/10/03 20:13:10 OK   00019_sp04_archive_ciphertext_bytes.sql (1.81ms)
2026/10/03 20:13:10 OK   00020_sp04_request_ledger.sql (2.91ms)
2026/10/03 20:13:10 OK   00021_sp04_archive_protection.sql (2.05ms)
2026/10/03 20:13:10 OK   00022_sp04_legal_hold_dependencies.sql (6.84ms)
2026/10/03 20:13:10 OK   00023_sp04_archive_query_intent.sql (8.28ms)
2026/10/03 20:13:10 OK   00024_sp05_finding_incident.sql (19.2ms)
2026/10/03 20:13:10 OK   00025_sp05_incident_event_time.sql (2.08ms)
2026/10/03 20:13:10 OK   00026_sp05_source_binding_lock.sql (2.1ms)
2026/10/03 20:13:10 OK   00027_sp05_rca_and_poll.sql (9.65ms)
2026/10/03 20:13:10 OK   00028_sp05_operator_lock.sql (14.06ms)
2026/10/03 20:13:10 OK   00029_sp05_evidence_links.sql (7.32ms)
2026/10/03 20:13:10 OK   00030_sp05_recipe_fence.sql (2.09ms)
2026/10/03 20:13:10 OK   00031_sp05_rca_postcheck.sql (1.9ms)
2026/10/03 20:13:10 OK   00032_sp05_transport_audit.sql (2.04ms)
2026/10/03 20:13:10 OK   00033_sp05_poll_resolution_clock.sql (2.46ms)
2026/10/03 20:13:10 OK   00034_sp06_investigation_ledger.sql (27.33ms)
2026/10/03 20:13:10 goose: successfully migrated database to version: 34
2026/10/03 20:13:10 OK   00001_roles_and_schemas.sql (8.91ms)
2026/10/03 20:13:10 goose: successfully migrated database to version: 1
2026/10/03 20:13:10 OK   00002_platform_meta.sql (18.22ms)
2026/10/03 20:13:10 OK   00003_finding.sql (16.63ms)
2026/10/03 20:13:10 OK   00004_incident.sql (9.05ms)
2026/10/03 20:13:10 OK   00005_investigation.sql (5ms)
2026/10/03 20:13:10 OK   00006_action_command.sql (4.07ms)
2026/10/03 20:13:10 OK   00007_audit.sql (8.91ms)
2026/10/03 20:13:10 OK   00008_rls.sql (20.33ms)
2026/10/03 20:13:10 OK   00009_idempotency_ledger.sql (5.43ms)
2026/10/03 20:13:10 OK   00010_tenant_provisioning.sql (2.63ms)
2026/10/03 20:13:10 OK   00011_source_registration_history.sql (25.24ms)
2026/10/03 20:13:10 OK   00012_config_registry_lifecycle.sql (17.4ms)
2026/10/03 20:13:10 OK   00013_audit_signed_segments.sql (10.26ms)
2026/10/03 20:13:10 OK   00014_audit_segment_predecessors.sql (5.02ms)
2026/10/03 20:13:10 OK   00015_source_schema_scope.sql (6.21ms)
2026/10/03 20:13:10 OK   00016_cluster_registration_metadata.sql (9.83ms)
2026/10/03 20:13:10 OK   00017_source_data_scope.sql (6.12ms)
2026/10/03 20:13:10 OK   00018_sp04_resources_evidence.sql (24.89ms)
2026/10/03 20:13:10 OK   00019_sp04_archive_ciphertext_bytes.sql (7.43ms)
2026/10/03 20:13:10 OK   00020_sp04_request_ledger.sql (3.53ms)
2026/10/03 20:13:10 OK   00021_sp04_archive_protection.sql (3.63ms)
2026/10/03 20:13:10 OK   00022_sp04_legal_hold_dependencies.sql (10.08ms)
2026/10/03 20:13:10 OK   00023_sp04_archive_query_intent.sql (11.32ms)
2026/10/03 20:13:10 OK   00024_sp05_finding_incident.sql (11.82ms)
2026/10/03 20:13:10 OK   00025_sp05_incident_event_time.sql (21.38ms)
2026/10/03 20:13:10 OK   00026_sp05_source_binding_lock.sql (3.9ms)
2026/10/03 20:13:10 OK   00027_sp05_rca_and_poll.sql (27.79ms)
2026/10/03 20:13:10 OK   00028_sp05_operator_lock.sql (2.8ms)
2026/10/03 20:13:10 OK   00029_sp05_evidence_links.sql (5.73ms)
2026/10/03 20:13:10 OK   00030_sp05_recipe_fence.sql (4.62ms)
2026/10/03 20:13:10 OK   00031_sp05_rca_postcheck.sql (15.59ms)
2026/10/03 20:13:10 OK   00032_sp05_transport_audit.sql (2.35ms)
2026/10/03 20:13:10 OK   00033_sp05_poll_resolution_clock.sql (2.45ms)
2026/10/03 20:13:10 OK   00034_sp06_investigation_ledger.sql (19.7ms)
2026/10/03 20:13:10 goose: successfully migrated database to version: 34
2026/10/03 20:13:11 OK   00001_roles_and_schemas.sql (6.53ms)
2026/10/03 20:13:11 goose: successfully migrated database to version: 1
2026/10/03 20:13:11 OK   00002_platform_meta.sql (43.12ms)
2026/10/03 20:13:11 OK   00003_finding.sql (5.85ms)
2026/10/03 20:13:11 OK   00004_incident.sql (3.84ms)
2026/10/03 20:13:11 OK   00005_investigation.sql (16.26ms)
2026/10/03 20:13:11 OK   00006_action_command.sql (7.55ms)
2026/10/03 20:13:11 OK   00007_audit.sql (12.82ms)
2026/10/03 20:13:11 OK   00008_rls.sql (16.38ms)
2026/10/03 20:13:11 OK   00009_idempotency_ledger.sql (5.37ms)
2026/10/03 20:13:11 OK   00010_tenant_provisioning.sql (2.78ms)
2026/10/03 20:13:11 OK   00011_source_registration_history.sql (4.65ms)
2026/10/03 20:13:11 OK   00012_config_registry_lifecycle.sql (22.62ms)
2026/10/03 20:13:11 OK   00013_audit_signed_segments.sql (7.99ms)
2026/10/03 20:13:11 OK   00014_audit_segment_predecessors.sql (25.33ms)
2026/10/03 20:13:11 OK   00015_source_schema_scope.sql (2.24ms)
2026/10/03 20:13:11 OK   00016_cluster_registration_metadata.sql (2.74ms)
2026/10/03 20:13:11 OK   00017_source_data_scope.sql (4.65ms)
2026/10/03 20:13:11 OK   00018_sp04_resources_evidence.sql (22.87ms)
2026/10/03 20:13:11 OK   00019_sp04_archive_ciphertext_bytes.sql (2.26ms)
2026/10/03 20:13:11 OK   00020_sp04_request_ledger.sql (3.01ms)
2026/10/03 20:13:11 OK   00021_sp04_archive_protection.sql (1.89ms)
2026/10/03 20:13:11 OK   00022_sp04_legal_hold_dependencies.sql (1.79ms)
2026/10/03 20:13:11 OK   00023_sp04_archive_query_intent.sql (2.06ms)
2026/10/03 20:13:11 OK   00024_sp05_finding_incident.sql (23.65ms)
2026/10/03 20:13:11 OK   00025_sp05_incident_event_time.sql (2.37ms)
2026/10/03 20:13:11 OK   00026_sp05_source_binding_lock.sql (2.51ms)
2026/10/03 20:13:11 OK   00027_sp05_rca_and_poll.sql (4.94ms)
2026/10/03 20:13:11 OK   00028_sp05_operator_lock.sql (1.96ms)
2026/10/03 20:13:11 OK   00029_sp05_evidence_links.sql (3.35ms)
2026/10/03 20:13:11 OK   00030_sp05_recipe_fence.sql (2.74ms)
2026/10/03 20:13:11 OK   00031_sp05_rca_postcheck.sql (10.45ms)
2026/10/03 20:13:11 OK   00032_sp05_transport_audit.sql (3.16ms)
2026/10/03 20:13:11 OK   00033_sp05_poll_resolution_clock.sql (7.3ms)
2026/10/03 20:13:11 OK   00034_sp06_investigation_ledger.sql (20.55ms)
2026/10/03 20:13:11 goose: successfully migrated database to version: 34
2026/10/03 20:13:44 OK   00001_roles_and_schemas.sql (29.7ms)
2026/10/03 20:13:44 goose: successfully migrated database to version: 1
2026/10/03 20:13:44 OK   00002_platform_meta.sql (67.55ms)
2026/10/03 20:13:44 OK   00003_finding.sql (15.6ms)
2026/10/03 20:13:44 OK   00004_incident.sql (33.64ms)
2026/10/03 20:13:44 OK   00005_investigation.sql (20.52ms)
2026/10/03 20:13:44 OK   00006_action_command.sql (13.11ms)
2026/10/03 20:13:44 OK   00007_audit.sql (33.83ms)
2026/10/03 20:13:44 OK   00008_rls.sql (26.72ms)
2026/10/03 20:13:44 OK   00009_idempotency_ledger.sql (31.8ms)
2026/10/03 20:13:44 OK   00010_tenant_provisioning.sql (7.09ms)
2026/10/03 20:13:44 OK   00011_source_registration_history.sql (12.64ms)
2026/10/03 20:13:45 OK   00012_config_registry_lifecycle.sql (38.4ms)
2026/10/03 20:13:45 OK   00013_audit_signed_segments.sql (37.18ms)
2026/10/03 20:13:45 OK   00014_audit_segment_predecessors.sql (11.4ms)
2026/10/03 20:13:45 OK   00015_source_schema_scope.sql (3.67ms)
2026/10/03 20:13:45 OK   00016_cluster_registration_metadata.sql (5.36ms)
2026/10/03 20:13:45 OK   00017_source_data_scope.sql (4.19ms)
2026/10/03 20:13:45 OK   00018_sp04_resources_evidence.sql (43.71ms)
2026/10/03 20:13:45 OK   00019_sp04_archive_ciphertext_bytes.sql (4.82ms)
2026/10/03 20:13:45 OK   00020_sp04_request_ledger.sql (5.6ms)
2026/10/03 20:13:45 OK   00021_sp04_archive_protection.sql (3.55ms)
2026/10/03 20:13:45 OK   00022_sp04_legal_hold_dependencies.sql (2.65ms)
2026/10/03 20:13:45 OK   00023_sp04_archive_query_intent.sql (2.78ms)
2026/10/03 20:13:45 OK   00024_sp05_finding_incident.sql (43.39ms)
2026/10/03 20:13:45 OK   00025_sp05_incident_event_time.sql (3.16ms)
2026/10/03 20:13:45 OK   00026_sp05_source_binding_lock.sql (3.18ms)
2026/10/03 20:13:45 OK   00027_sp05_rca_and_poll.sql (10.39ms)
2026/10/03 20:13:45 OK   00028_sp05_operator_lock.sql (9.45ms)
2026/10/03 20:13:45 OK   00029_sp05_evidence_links.sql (10.51ms)
2026/10/03 20:13:45 OK   00030_sp05_recipe_fence.sql (6.24ms)
2026/10/03 20:13:45 OK   00031_sp05_rca_postcheck.sql (3.84ms)
2026/10/03 20:13:45 OK   00032_sp05_transport_audit.sql (5.3ms)
2026/10/03 20:13:45 OK   00033_sp05_poll_resolution_clock.sql (3.77ms)
2026/10/03 20:13:45 OK   00034_sp06_investigation_ledger.sql (50.7ms)
2026/10/03 20:13:45 goose: successfully migrated database to version: 34
2026/10/03 20:13:45 OK   00001_roles_and_schemas.sql (33.48ms)
2026/10/03 20:13:45 goose: successfully migrated database to version: 1
2026/10/03 20:13:45 OK   00002_platform_meta.sql (49.9ms)
2026/10/03 20:13:45 OK   00003_finding.sql (20.5ms)
2026/10/03 20:13:45 OK   00004_incident.sql (14.86ms)
2026/10/03 20:13:45 OK   00005_investigation.sql (14.25ms)
2026/10/03 20:13:45 OK   00006_action_command.sql (17.17ms)
2026/10/03 20:13:45 OK   00007_audit.sql (37.94ms)
2026/10/03 20:13:46 OK   00008_rls.sql (18.48ms)
2026/10/03 20:13:46 OK   00009_idempotency_ledger.sql (20.04ms)
2026/10/03 20:13:46 OK   00010_tenant_provisioning.sql (4.23ms)
2026/10/03 20:13:46 OK   00011_source_registration_history.sql (8.71ms)
2026/10/03 20:13:46 OK   00012_config_registry_lifecycle.sql (24.51ms)
2026/10/03 20:13:46 OK   00013_audit_signed_segments.sql (22.77ms)
2026/10/03 20:13:46 OK   00014_audit_segment_predecessors.sql (24.57ms)
2026/10/03 20:13:46 OK   00015_source_schema_scope.sql (3.09ms)
2026/10/03 20:13:46 OK   00016_cluster_registration_metadata.sql (4.29ms)
2026/10/03 20:13:46 OK   00017_source_data_scope.sql (3.77ms)
2026/10/03 20:13:46 OK   00018_sp04_resources_evidence.sql (14.38ms)
2026/10/03 20:13:46 OK   00019_sp04_archive_ciphertext_bytes.sql (6.22ms)
2026/10/03 20:13:46 OK   00020_sp04_request_ledger.sql (12.12ms)
2026/10/03 20:13:46 OK   00021_sp04_archive_protection.sql (11.43ms)
2026/10/03 20:13:46 OK   00022_sp04_legal_hold_dependencies.sql (2.8ms)
2026/10/03 20:13:46 OK   00023_sp04_archive_query_intent.sql (2.79ms)
2026/10/03 20:13:46 OK   00024_sp05_finding_incident.sql (38.13ms)
2026/10/03 20:13:46 OK   00025_sp05_incident_event_time.sql (2.68ms)
2026/10/03 20:13:46 OK   00026_sp05_source_binding_lock.sql (2.87ms)
2026/10/03 20:13:46 OK   00027_sp05_rca_and_poll.sql (6.93ms)
2026/10/03 20:13:46 OK   00028_sp05_operator_lock.sql (2.63ms)
2026/10/03 20:13:46 OK   00029_sp05_evidence_links.sql (4.38ms)
2026/10/03 20:13:46 OK   00030_sp05_recipe_fence.sql (2.42ms)
2026/10/03 20:13:46 OK   00031_sp05_rca_postcheck.sql (3.62ms)
2026/10/03 20:13:46 OK   00032_sp05_transport_audit.sql (8.09ms)
2026/10/03 20:13:46 OK   00033_sp05_poll_resolution_clock.sql (13.12ms)
2026/10/03 20:13:46 OK   00034_sp06_investigation_ledger.sql (19.76ms)
2026/10/03 20:13:46 goose: successfully migrated database to version: 34
2026/10/03 20:13:46 OK   00001_roles_and_schemas.sql (10.98ms)
2026/10/03 20:13:46 goose: successfully migrated database to version: 1
2026/10/03 20:13:46 OK   00002_platform_meta.sql (23.99ms)
2026/10/03 20:13:46 OK   00003_finding.sql (15.57ms)
2026/10/03 20:13:46 OK   00004_incident.sql (21.07ms)
2026/10/03 20:13:46 OK   00005_investigation.sql (9.08ms)
2026/10/03 20:13:46 OK   00006_action_command.sql (8.94ms)
2026/10/03 20:13:46 OK   00007_audit.sql (25.47ms)
2026/10/03 20:13:46 OK   00008_rls.sql (32.01ms)
2026/10/03 20:13:46 OK   00009_idempotency_ledger.sql (7.85ms)
2026/10/03 20:13:46 OK   00010_tenant_provisioning.sql (5.05ms)
2026/10/03 20:13:46 OK   00011_source_registration_history.sql (17.88ms)
2026/10/03 20:13:46 OK   00012_config_registry_lifecycle.sql (26.84ms)
2026/10/03 20:13:46 OK   00013_audit_signed_segments.sql (39.32ms)
2026/10/03 20:13:46 OK   00014_audit_segment_predecessors.sql (12.02ms)
2026/10/03 20:13:46 OK   00015_source_schema_scope.sql (2.84ms)
2026/10/03 20:13:46 OK   00016_cluster_registration_metadata.sql (3.86ms)
2026/10/03 20:13:46 OK   00017_source_data_scope.sql (3.52ms)
2026/10/03 20:13:46 OK   00018_sp04_resources_evidence.sql (25.46ms)
2026/10/03 20:13:46 OK   00019_sp04_archive_ciphertext_bytes.sql (9.4ms)
2026/10/03 20:13:46 OK   00020_sp04_request_ledger.sql (6.23ms)
2026/10/03 20:13:46 OK   00021_sp04_archive_protection.sql (26.03ms)
2026/10/03 20:13:46 OK   00022_sp04_legal_hold_dependencies.sql (4.25ms)
2026/10/03 20:13:46 OK   00023_sp04_archive_query_intent.sql (2.94ms)
2026/10/03 20:13:46 OK   00024_sp05_finding_incident.sql (33.52ms)
2026/10/03 20:13:46 OK   00025_sp05_incident_event_time.sql (3.13ms)
2026/10/03 20:13:46 OK   00026_sp05_source_binding_lock.sql (24.95ms)
2026/10/03 20:13:46 OK   00027_sp05_rca_and_poll.sql (12.09ms)
2026/10/03 20:13:46 OK   00028_sp05_operator_lock.sql (2.85ms)
2026/10/03 20:13:46 OK   00029_sp05_evidence_links.sql (5.22ms)
2026/10/03 20:13:46 OK   00030_sp05_recipe_fence.sql (13.72ms)
2026/10/03 20:13:46 OK   00031_sp05_rca_postcheck.sql (16.41ms)
2026/10/03 20:13:46 OK   00032_sp05_transport_audit.sql (4.41ms)
2026/10/03 20:13:46 OK   00033_sp05_poll_resolution_clock.sql (3.63ms)
2026/10/03 20:13:47 OK   00034_sp06_investigation_ledger.sql (46.92ms)
2026/10/03 20:13:47 goose: successfully migrated database to version: 34
2026/10/03 20:13:47 OK   00001_roles_and_schemas.sql (21.16ms)
2026/10/03 20:13:47 goose: successfully migrated database to version: 1
2026/10/03 20:13:47 OK   00002_platform_meta.sql (33.43ms)
2026/10/03 20:13:47 OK   00003_finding.sql (29.8ms)
2026/10/03 20:13:47 OK   00004_incident.sql (5.27ms)
2026/10/03 20:13:47 OK   00005_investigation.sql (16.03ms)
2026/10/03 20:13:47 OK   00006_action_command.sql (27.32ms)
2026/10/03 20:13:47 OK   00007_audit.sql (30.37ms)
2026/10/03 20:13:47 OK   00008_rls.sql (14.55ms)
2026/10/03 20:13:47 OK   00009_idempotency_ledger.sql (7.8ms)
2026/10/03 20:13:47 OK   00010_tenant_provisioning.sql (19.33ms)
2026/10/03 20:13:47 OK   00011_source_registration_history.sql (16.23ms)
2026/10/03 20:13:48 OK   00012_config_registry_lifecycle.sql (36.87ms)
2026/10/03 20:13:48 OK   00013_audit_signed_segments.sql (36.1ms)
2026/10/03 20:13:48 OK   00014_audit_segment_predecessors.sql (11.34ms)
2026/10/03 20:13:48 OK   00015_source_schema_scope.sql (27.12ms)
2026/10/03 20:13:48 OK   00016_cluster_registration_metadata.sql (15.14ms)
2026/10/03 20:13:48 OK   00017_source_data_scope.sql (4.39ms)
2026/10/03 20:13:48 OK   00018_sp04_resources_evidence.sql (38.55ms)
2026/10/03 20:13:48 OK   00019_sp04_archive_ciphertext_bytes.sql (6.23ms)
2026/10/03 20:13:48 OK   00020_sp04_request_ledger.sql (9.83ms)
2026/10/03 20:13:48 OK   00021_sp04_archive_protection.sql (4.02ms)
2026/10/03 20:13:48 OK   00022_sp04_legal_hold_dependencies.sql (2.5ms)
2026/10/03 20:13:48 OK   00023_sp04_archive_query_intent.sql (3.6ms)
2026/10/03 20:13:48 OK   00024_sp05_finding_incident.sql (46.54ms)
2026/10/03 20:13:48 OK   00025_sp05_incident_event_time.sql (3.41ms)
2026/10/03 20:13:48 OK   00026_sp05_source_binding_lock.sql (4.36ms)
2026/10/03 20:13:48 OK   00027_sp05_rca_and_poll.sql (16.72ms)
2026/10/03 20:13:48 OK   00028_sp05_operator_lock.sql (16.39ms)
2026/10/03 20:13:48 OK   00029_sp05_evidence_links.sql (8.92ms)
2026/10/03 20:13:48 OK   00030_sp05_recipe_fence.sql (10.8ms)
2026/10/03 20:13:48 OK   00031_sp05_rca_postcheck.sql (13.46ms)
2026/10/03 20:13:48 OK   00032_sp05_transport_audit.sql (13.79ms)
2026/10/03 20:13:48 OK   00033_sp05_poll_resolution_clock.sql (3.82ms)
2026/10/03 20:13:48 OK   00034_sp06_investigation_ledger.sql (42.12ms)
2026/10/03 20:13:48 goose: successfully migrated database to version: 34
2026/10/03 20:13:48 OK   00001_roles_and_schemas.sql (30.86ms)
2026/10/03 20:13:48 goose: successfully migrated database to version: 1
2026/10/03 20:13:49 OK   00002_platform_meta.sql (41.17ms)
2026/10/03 20:13:49 OK   00003_finding.sql (12.8ms)
2026/10/03 20:13:49 OK   00004_incident.sql (28.07ms)
2026/10/03 20:13:49 OK   00005_investigation.sql (6.67ms)
2026/10/03 20:13:49 OK   00006_action_command.sql (9.16ms)
2026/10/03 20:13:49 OK   00007_audit.sql (25.68ms)
2026/10/03 20:13:49 OK   00008_rls.sql (9.52ms)
2026/10/03 20:13:49 OK   00009_idempotency_ledger.sql (19.01ms)
2026/10/03 20:13:49 OK   00010_tenant_provisioning.sql (17.68ms)
2026/10/03 20:13:49 OK   00011_source_registration_history.sql (8.86ms)
2026/10/03 20:13:49 OK   00012_config_registry_lifecycle.sql (31.58ms)
2026/10/03 20:13:49 OK   00013_audit_signed_segments.sql (23.09ms)
2026/10/03 20:13:49 OK   00014_audit_segment_predecessors.sql (18.22ms)
2026/10/03 20:13:49 OK   00015_source_schema_scope.sql (7.01ms)
2026/10/03 20:13:49 OK   00016_cluster_registration_metadata.sql (6.32ms)
2026/10/03 20:13:49 OK   00017_source_data_scope.sql (12.04ms)
2026/10/03 20:13:49 OK   00018_sp04_resources_evidence.sql (35.2ms)
2026/10/03 20:13:49 OK   00019_sp04_archive_ciphertext_bytes.sql (8.44ms)
2026/10/03 20:13:49 OK   00020_sp04_request_ledger.sql (12.51ms)
2026/10/03 20:13:49 OK   00021_sp04_archive_protection.sql (14.5ms)
2026/10/03 20:13:49 OK   00022_sp04_legal_hold_dependencies.sql (9.82ms)
2026/10/03 20:13:49 OK   00023_sp04_archive_query_intent.sql (3.43ms)
2026/10/03 20:13:49 OK   00024_sp05_finding_incident.sql (42.7ms)
2026/10/03 20:13:49 OK   00025_sp05_incident_event_time.sql (3.05ms)
2026/10/03 20:13:49 OK   00026_sp05_source_binding_lock.sql (10.89ms)
2026/10/03 20:13:49 OK   00027_sp05_rca_and_poll.sql (23.69ms)
2026/10/03 20:13:49 OK   00028_sp05_operator_lock.sql (6.99ms)
2026/10/03 20:13:49 OK   00029_sp05_evidence_links.sql (31.53ms)
2026/10/03 20:13:49 OK   00030_sp05_recipe_fence.sql (3.15ms)
2026/10/03 20:13:49 OK   00031_sp05_rca_postcheck.sql (2.26ms)
2026/10/03 20:13:49 OK   00032_sp05_transport_audit.sql (2.4ms)
2026/10/03 20:13:49 OK   00033_sp05_poll_resolution_clock.sql (3.48ms)
2026/10/03 20:13:49 OK   00034_sp06_investigation_ledger.sql (37.07ms)
2026/10/03 20:13:49 goose: successfully migrated database to version: 34
2026/10/03 20:14:02 OK   00001_roles_and_schemas.sql (31.17ms)
2026/10/03 20:14:02 goose: successfully migrated database to version: 1
2026/10/03 20:14:02 OK   00002_platform_meta.sql (102.34ms)
2026/10/03 20:14:02 OK   00003_finding.sql (15.18ms)
2026/10/03 20:14:02 OK   00004_incident.sql (32.37ms)
2026/10/03 20:14:02 OK   00005_investigation.sql (21.12ms)
2026/10/03 20:14:02 OK   00006_action_command.sql (23.2ms)
2026/10/03 20:14:02 OK   00007_audit.sql (37.95ms)
2026/10/03 20:14:02 OK   00008_rls.sql (27.27ms)
2026/10/03 20:14:02 OK   00009_idempotency_ledger.sql (30.54ms)
2026/10/03 20:14:02 OK   00010_tenant_provisioning.sql (19.6ms)
2026/10/03 20:14:02 OK   00011_source_registration_history.sql (19.51ms)
2026/10/03 20:14:02 OK   00012_config_registry_lifecycle.sql (27.68ms)
2026/10/03 20:14:02 OK   00013_audit_signed_segments.sql (50.24ms)
2026/10/03 20:14:02 OK   00014_audit_segment_predecessors.sql (15.66ms)
2026/10/03 20:14:02 OK   00015_source_schema_scope.sql (8.44ms)
2026/10/03 20:14:02 OK   00016_cluster_registration_metadata.sql (8.76ms)
2026/10/03 20:14:02 OK   00017_source_data_scope.sql (22.62ms)
2026/10/03 20:14:02 OK   00018_sp04_resources_evidence.sql (35.91ms)
2026/10/03 20:14:02 OK   00019_sp04_archive_ciphertext_bytes.sql (12.51ms)
2026/10/03 20:14:02 OK   00020_sp04_request_ledger.sql (13.1ms)
2026/10/03 20:14:02 OK   00021_sp04_archive_protection.sql (8.13ms)
2026/10/03 20:14:02 OK   00022_sp04_legal_hold_dependencies.sql (4.26ms)
2026/10/03 20:14:02 OK   00023_sp04_archive_query_intent.sql (8.45ms)
2026/10/03 20:14:02 OK   00024_sp05_finding_incident.sql (52.44ms)
2026/10/03 20:14:02 OK   00025_sp05_incident_event_time.sql (5.35ms)
2026/10/03 20:14:02 OK   00026_sp05_source_binding_lock.sql (13.47ms)
2026/10/03 20:14:02 OK   00027_sp05_rca_and_poll.sql (29.7ms)
2026/10/03 20:14:02 OK   00028_sp05_operator_lock.sql (7.49ms)
2026/10/03 20:14:02 OK   00029_sp05_evidence_links.sql (8.24ms)
2026/10/03 20:14:02 OK   00030_sp05_recipe_fence.sql (5.53ms)
2026/10/03 20:14:02 OK   00031_sp05_rca_postcheck.sql (7.11ms)
2026/10/03 20:14:02 OK   00032_sp05_transport_audit.sql (5.16ms)
2026/10/03 20:14:02 OK   00033_sp05_poll_resolution_clock.sql (10.38ms)
2026/10/03 20:14:02 OK   00034_sp06_investigation_ledger.sql (46.4ms)
2026/10/03 20:14:02 goose: successfully migrated database to version: 34
2026/10/03 20:14:03 OK   00001_roles_and_schemas.sql (61.42ms)
2026/10/03 20:14:03 goose: successfully migrated database to version: 1
2026/10/03 20:14:03 OK   00002_platform_meta.sql (39.12ms)
2026/10/03 20:14:03 OK   00003_finding.sql (36.07ms)
2026/10/03 20:14:03 OK   00004_incident.sql (11.84ms)
2026/10/03 20:14:03 OK   00005_investigation.sql (13.29ms)
2026/10/03 20:14:03 OK   00006_action_command.sql (16ms)
2026/10/03 20:14:03 OK   00007_audit.sql (19.07ms)
2026/10/03 20:14:03 OK   00008_rls.sql (14.73ms)
2026/10/03 20:14:03 OK   00009_idempotency_ledger.sql (44.43ms)
2026/10/03 20:14:03 OK   00010_tenant_provisioning.sql (14.54ms)
2026/10/03 20:14:03 OK   00011_source_registration_history.sql (51.29ms)
2026/10/03 20:14:03 OK   00012_config_registry_lifecycle.sql (10.65ms)
2026/10/03 20:14:03 OK   00013_audit_signed_segments.sql (43.46ms)
2026/10/03 20:14:03 OK   00014_audit_segment_predecessors.sql (43.31ms)
2026/10/03 20:14:03 OK   00015_source_schema_scope.sql (9.75ms)
2026/10/03 20:14:03 OK   00016_cluster_registration_metadata.sql (24.84ms)
2026/10/03 20:14:03 OK   00017_source_data_scope.sql (14.32ms)
2026/10/03 20:14:03 OK   00018_sp04_resources_evidence.sql (48.43ms)
2026/10/03 20:14:03 OK   00019_sp04_archive_ciphertext_bytes.sql (4.28ms)
2026/10/03 20:14:03 OK   00020_sp04_request_ledger.sql (6.13ms)
2026/10/03 20:14:03 OK   00021_sp04_archive_protection.sql (4.94ms)
2026/10/03 20:14:03 OK   00022_sp04_legal_hold_dependencies.sql (5.18ms)
2026/10/03 20:14:03 OK   00023_sp04_archive_query_intent.sql (3.79ms)
2026/10/03 20:14:03 OK   00024_sp05_finding_incident.sql (66.91ms)
2026/10/03 20:14:03 OK   00025_sp05_incident_event_time.sql (9.69ms)
2026/10/03 20:14:03 OK   00026_sp05_source_binding_lock.sql (18.94ms)
2026/10/03 20:14:03 OK   00027_sp05_rca_and_poll.sql (14.5ms)
2026/10/03 20:14:03 OK   00028_sp05_operator_lock.sql (11.73ms)
2026/10/03 20:14:03 OK   00029_sp05_evidence_links.sql (21.81ms)
2026/10/03 20:14:04 OK   00030_sp05_recipe_fence.sql (11.63ms)
2026/10/03 20:14:04 OK   00031_sp05_rca_postcheck.sql (4.54ms)
2026/10/03 20:14:04 OK   00032_sp05_transport_audit.sql (10.64ms)
2026/10/03 20:14:04 OK   00033_sp05_poll_resolution_clock.sql (11.38ms)
2026/10/03 20:14:04 OK   00034_sp06_investigation_ledger.sql (67.62ms)
2026/10/03 20:14:04 goose: successfully migrated database to version: 34
2026/10/03 20:14:04 OK   00001_roles_and_schemas.sql (33ms)
2026/10/03 20:14:04 goose: successfully migrated database to version: 1
2026/10/03 20:14:04 OK   00002_platform_meta.sql (59.78ms)
2026/10/03 20:14:04 OK   00003_finding.sql (29.14ms)
2026/10/03 20:14:04 OK   00004_incident.sql (15.95ms)
2026/10/03 20:14:04 OK   00005_investigation.sql (21.68ms)
2026/10/03 20:14:04 OK   00006_action_command.sql (10.73ms)
2026/10/03 20:14:04 OK   00007_audit.sql (37.63ms)
2026/10/03 20:14:04 OK   00008_rls.sql (77.3ms)
2026/10/03 20:14:04 OK   00009_idempotency_ledger.sql (33.59ms)
2026/10/03 20:14:04 OK   00010_tenant_provisioning.sql (8.31ms)
2026/10/03 20:14:04 OK   00011_source_registration_history.sql (17.56ms)
2026/10/03 20:14:04 OK   00012_config_registry_lifecycle.sql (23.7ms)
2026/10/03 20:14:04 OK   00013_audit_signed_segments.sql (32.34ms)
2026/10/03 20:14:04 OK   00014_audit_segment_predecessors.sql (13.29ms)
2026/10/03 20:14:04 OK   00015_source_schema_scope.sql (5.76ms)
2026/10/03 20:14:04 OK   00016_cluster_registration_metadata.sql (13.23ms)
2026/10/03 20:14:04 OK   00017_source_data_scope.sql (4.05ms)
2026/10/03 20:14:04 OK   00018_sp04_resources_evidence.sql (60.23ms)
2026/10/03 20:14:04 OK   00019_sp04_archive_ciphertext_bytes.sql (4.92ms)
2026/10/03 20:14:04 OK   00020_sp04_request_ledger.sql (74.71ms)
2026/10/03 20:14:04 OK   00021_sp04_archive_protection.sql (6.68ms)
2026/10/03 20:14:05 OK   00022_sp04_legal_hold_dependencies.sql (67.04ms)
2026/10/03 20:14:05 OK   00023_sp04_archive_query_intent.sql (5.98ms)
2026/10/03 20:14:05 OK   00024_sp05_finding_incident.sql (129.89ms)
2026/10/03 20:14:05 OK   00025_sp05_incident_event_time.sql (2.96ms)
2026/10/03 20:14:05 OK   00026_sp05_source_binding_lock.sql (3.66ms)
2026/10/03 20:14:05 OK   00027_sp05_rca_and_poll.sql (37.52ms)
2026/10/03 20:14:05 OK   00028_sp05_operator_lock.sql (5.02ms)
2026/10/03 20:14:05 OK   00029_sp05_evidence_links.sql (34.73ms)
2026/10/03 20:14:05 OK   00030_sp05_recipe_fence.sql (12.81ms)
2026/10/03 20:14:05 OK   00031_sp05_rca_postcheck.sql (2.95ms)
2026/10/03 20:14:05 OK   00032_sp05_transport_audit.sql (3.67ms)
2026/10/03 20:14:05 OK   00033_sp05_poll_resolution_clock.sql (5.7ms)
2026/10/03 20:14:05 OK   00034_sp06_investigation_ledger.sql (98.93ms)
2026/10/03 20:14:05 goose: successfully migrated database to version: 34
--- FAIL: TestSP06JobLeaseReplayAndAtomicBudget (1.87s)
    sp06_job_test.go:58: INVESTIGATION_NOT_AUTHORIZED
2026/10/03 20:14:06 OK   00001_roles_and_schemas.sql (39.26ms)
2026/10/03 20:14:06 goose: successfully migrated database to version: 1
2026/10/03 20:14:06 OK   00002_platform_meta.sql (81.79ms)
2026/10/03 20:14:06 OK   00003_finding.sql (34.07ms)
2026/10/03 20:14:06 OK   00004_incident.sql (8.84ms)
2026/10/03 20:14:06 OK   00005_investigation.sql (10.83ms)
2026/10/03 20:14:06 OK   00006_action_command.sql (27.79ms)
2026/10/03 20:14:06 OK   00007_audit.sql (44.46ms)
2026/10/03 20:14:06 OK   00008_rls.sql (30.56ms)
2026/10/03 20:14:06 OK   00009_idempotency_ledger.sql (29.01ms)
2026/10/03 20:14:06 OK   00010_tenant_provisioning.sql (28.74ms)
2026/10/03 20:14:06 OK   00011_source_registration_history.sql (47.4ms)
2026/10/03 20:14:06 OK   00012_config_registry_lifecycle.sql (51.9ms)
2026/10/03 20:14:06 OK   00013_audit_signed_segments.sql (48.57ms)
2026/10/03 20:14:06 OK   00014_audit_segment_predecessors.sql (10.32ms)
2026/10/03 20:14:06 OK   00015_source_schema_scope.sql (6.31ms)
2026/10/03 20:14:06 OK   00016_cluster_registration_metadata.sql (39.33ms)
2026/10/03 20:14:06 OK   00017_source_data_scope.sql (5.45ms)
2026/10/03 20:14:06 OK   00018_sp04_resources_evidence.sql (47.6ms)
2026/10/03 20:14:06 OK   00019_sp04_archive_ciphertext_bytes.sql (3.6ms)
2026/10/03 20:14:06 OK   00020_sp04_request_ledger.sql (7.14ms)
2026/10/03 20:14:06 OK   00021_sp04_archive_protection.sql (52.83ms)
2026/10/03 20:14:07 OK   00022_sp04_legal_hold_dependencies.sql (4.54ms)
2026/10/03 20:14:07 OK   00023_sp04_archive_query_intent.sql (5.32ms)
2026/10/03 20:14:07 OK   00024_sp05_finding_incident.sql (48.59ms)
2026/10/03 20:14:07 OK   00025_sp05_incident_event_time.sql (28.56ms)
2026/10/03 20:14:07 OK   00026_sp05_source_binding_lock.sql (8.7ms)
2026/10/03 20:14:07 OK   00027_sp05_rca_and_poll.sql (35.57ms)
2026/10/03 20:14:07 OK   00028_sp05_operator_lock.sql (26.11ms)
2026/10/03 20:14:07 OK   00029_sp05_evidence_links.sql (11.4ms)
2026/10/03 20:14:07 OK   00030_sp05_recipe_fence.sql (9.77ms)
2026/10/03 20:14:07 OK   00031_sp05_rca_postcheck.sql (30.36ms)
2026/10/03 20:14:07 OK   00032_sp05_transport_audit.sql (4.52ms)
2026/10/03 20:14:07 OK   00033_sp05_poll_resolution_clock.sql (10.74ms)
2026/10/03 20:14:07 OK   00034_sp06_investigation_ledger.sql (56.45ms)
2026/10/03 20:14:07 goose: successfully migrated database to version: 34
--- FAIL: TestSP06RealHolmesModelMCPJobAndSSE (7.95s)
    sp06_real_chain_test.go:207: create HTTP 403 {"code":"FORBIDDEN","message":"investigation request rejected","requestId":"01a101af-b197-721b-91cc-aaa25efef26f","retryable":false,"schemaVersion":"error-envelope/v2"}
    sp06_real_chain_test.go:187: investigator diagnostic 
2026/10/03 20:14:14 OK   00001_roles_and_schemas.sql (24ms)
2026/10/03 20:14:14 goose: successfully migrated database to version: 1
2026/10/03 20:14:14 OK   00002_platform_meta.sql (115.52ms)
2026/10/03 20:14:14 OK   00003_finding.sql (27.02ms)
2026/10/03 20:14:14 OK   00004_incident.sql (18.08ms)
2026/10/03 20:14:14 OK   00005_investigation.sql (13.9ms)
2026/10/03 20:14:14 OK   00006_action_command.sql (17.41ms)
2026/10/03 20:14:14 OK   00007_audit.sql (31.18ms)
2026/10/03 20:14:14 OK   00008_rls.sql (36.96ms)
2026/10/03 20:14:14 OK   00009_idempotency_ledger.sql (17.91ms)
2026/10/03 20:14:14 OK   00010_tenant_provisioning.sql (15.28ms)
2026/10/03 20:14:14 OK   00011_source_registration_history.sql (19.11ms)
2026/10/03 20:14:14 OK   00012_config_registry_lifecycle.sql (46.79ms)
2026/10/03 20:14:14 OK   00013_audit_signed_segments.sql (46.88ms)
2026/10/03 20:14:14 OK   00014_audit_segment_predecessors.sql (9.62ms)
2026/10/03 20:14:14 OK   00015_source_schema_scope.sql (10.99ms)
2026/10/03 20:14:14 OK   00016_cluster_registration_metadata.sql (23.11ms)
2026/10/03 20:14:14 OK   00017_source_data_scope.sql (4.38ms)
2026/10/03 20:14:14 OK   00018_sp04_resources_evidence.sql (42.6ms)
2026/10/03 20:14:14 OK   00019_sp04_archive_ciphertext_bytes.sql (7.74ms)
2026/10/03 20:14:14 OK   00020_sp04_request_ledger.sql (20.38ms)
2026/10/03 20:14:14 OK   00021_sp04_archive_protection.sql (36.1ms)
2026/10/03 20:14:14 OK   00022_sp04_legal_hold_dependencies.sql (6.01ms)
2026/10/03 20:14:14 OK   00023_sp04_archive_query_intent.sql (21.05ms)
2026/10/03 20:14:15 OK   00024_sp05_finding_incident.sql (41.66ms)
2026/10/03 20:14:15 OK   00025_sp05_incident_event_time.sql (3.76ms)
2026/10/03 20:14:15 OK   00026_sp05_source_binding_lock.sql (6.03ms)
2026/10/03 20:14:15 OK   00027_sp05_rca_and_poll.sql (30.06ms)
2026/10/03 20:14:15 OK   00028_sp05_operator_lock.sql (21.68ms)
2026/10/03 20:14:15 OK   00029_sp05_evidence_links.sql (31.39ms)
2026/10/03 20:14:15 OK   00030_sp05_recipe_fence.sql (18.6ms)
2026/10/03 20:14:15 OK   00031_sp05_rca_postcheck.sql (12.4ms)
2026/10/03 20:14:15 OK   00032_sp05_transport_audit.sql (17.22ms)
2026/10/03 20:14:15 OK   00033_sp05_poll_resolution_clock.sql (12.76ms)
2026/10/03 20:14:15 OK   00034_sp06_investigation_ledger.sql (52.27ms)
2026/10/03 20:14:15 goose: successfully migrated database to version: 34
--- FAIL: TestSP06RecoveryNonceTransactionAndValidator (1.74s)
    sp06_recovery_test.go:20: INVESTIGATION_NOT_AUTHORIZED
2026/10/03 20:14:16 OK   00001_roles_and_schemas.sql (18.03ms)
2026/10/03 20:14:16 goose: successfully migrated database to version: 1
2026/10/03 20:14:16 OK   00002_platform_meta.sql (47.77ms)
2026/10/03 20:14:16 OK   00003_finding.sql (51.41ms)
2026/10/03 20:14:16 OK   00004_incident.sql (19.11ms)
2026/10/03 20:14:16 OK   00005_investigation.sql (12.7ms)
2026/10/03 20:14:16 OK   00006_action_command.sql (11.5ms)
2026/10/03 20:14:16 OK   00007_audit.sql (22.75ms)
2026/10/03 20:14:16 OK   00008_rls.sql (37.34ms)
2026/10/03 20:14:16 OK   00009_idempotency_ledger.sql (14.12ms)
2026/10/03 20:14:16 OK   00010_tenant_provisioning.sql (7.2ms)
2026/10/03 20:14:16 OK   00011_source_registration_history.sql (11.79ms)
2026/10/03 20:14:16 OK   00012_config_registry_lifecycle.sql (69.62ms)
2026/10/03 20:14:16 OK   00013_audit_signed_segments.sql (26.54ms)
2026/10/03 20:14:16 OK   00014_audit_segment_predecessors.sql (30.87ms)
2026/10/03 20:14:16 OK   00015_source_schema_scope.sql (16.36ms)
2026/10/03 20:14:16 OK   00016_cluster_registration_metadata.sql (19.84ms)
2026/10/03 20:14:16 OK   00017_source_data_scope.sql (9.88ms)
2026/10/03 20:14:16 OK   00018_sp04_resources_evidence.sql (16.98ms)
2026/10/03 20:14:16 OK   00019_sp04_archive_ciphertext_bytes.sql (3.32ms)
2026/10/03 20:14:16 OK   00020_sp04_request_ledger.sql (5.58ms)
2026/10/03 20:14:16 OK   00021_sp04_archive_protection.sql (3.63ms)
2026/10/03 20:14:16 OK   00022_sp04_legal_hold_dependencies.sql (2.77ms)
2026/10/03 20:14:16 OK   00023_sp04_archive_query_intent.sql (3.56ms)
2026/10/03 20:14:16 OK   00024_sp05_finding_incident.sql (56.76ms)
2026/10/03 20:14:16 OK   00025_sp05_incident_event_time.sql (2.71ms)
2026/10/03 20:14:16 OK   00026_sp05_source_binding_lock.sql (2.92ms)
2026/10/03 20:14:16 OK   00027_sp05_rca_and_poll.sql (8ms)
2026/10/03 20:14:16 OK   00028_sp05_operator_lock.sql (2.62ms)
2026/10/03 20:14:16 OK   00029_sp05_evidence_links.sql (7.2ms)
2026/10/03 20:14:16 OK   00030_sp05_recipe_fence.sql (27.35ms)
2026/10/03 20:14:16 OK   00031_sp05_rca_postcheck.sql (2.74ms)
2026/10/03 20:14:16 OK   00032_sp05_transport_audit.sql (7.08ms)
2026/10/03 20:14:16 OK   00033_sp05_poll_resolution_clock.sql (23.12ms)
2026/10/03 20:14:16 OK   00034_sp06_investigation_ledger.sql (41.14ms)
2026/10/03 20:14:16 goose: successfully migrated database to version: 34
--- FAIL: TestSP06CancelExpireAndCurrentRevocation (1.13s)
    sp06_recovery_test.go:159: INVESTIGATION_NOT_AUTHORIZED
2026/10/03 20:14:17 OK   00001_roles_and_schemas.sql (33.59ms)
2026/10/03 20:14:17 OK   00002_platform_meta.sql (38.66ms)
2026/10/03 20:14:17 OK   00003_finding.sql (19.85ms)
2026/10/03 20:14:17 OK   00004_incident.sql (17.36ms)
2026/10/03 20:14:17 OK   00005_investigation.sql (17.43ms)
2026/10/03 20:14:17 OK   00006_action_command.sql (22.15ms)
2026/10/03 20:14:17 OK   00007_audit.sql (21.97ms)
2026/10/03 20:14:17 OK   00008_rls.sql (154.69ms)
2026/10/03 20:14:17 OK   00009_idempotency_ledger.sql (10.04ms)
2026/10/03 20:14:17 OK   00010_tenant_provisioning.sql (9.86ms)
2026/10/03 20:14:17 OK   00011_source_registration_history.sql (15.5ms)
2026/10/03 20:14:17 OK   00012_config_registry_lifecycle.sql (10.53ms)
2026/10/03 20:14:17 OK   00013_audit_signed_segments.sql (14.78ms)
2026/10/03 20:14:17 OK   00014_audit_segment_predecessors.sql (11.99ms)
2026/10/03 20:14:17 OK   00015_source_schema_scope.sql (3.48ms)
2026/10/03 20:14:17 OK   00016_cluster_registration_metadata.sql (4.4ms)
2026/10/03 20:14:17 OK   00017_source_data_scope.sql (2.95ms)
2026/10/03 20:14:17 OK   00018_sp04_resources_evidence.sql (10.75ms)
2026/10/03 20:14:17 OK   00019_sp04_archive_ciphertext_bytes.sql (2.31ms)
2026/10/03 20:14:17 OK   00020_sp04_request_ledger.sql (3.68ms)
2026/10/03 20:14:17 OK   00021_sp04_archive_protection.sql (3.74ms)
2026/10/03 20:14:17 OK   00022_sp04_legal_hold_dependencies.sql (2.22ms)
2026/10/03 20:14:17 OK   00023_sp04_archive_query_intent.sql (2.42ms)
2026/10/03 20:14:17 OK   00024_sp05_finding_incident.sql (12.46ms)
2026/10/03 20:14:17 OK   00025_sp05_incident_event_time.sql (2.01ms)
2026/10/03 20:14:17 OK   00026_sp05_source_binding_lock.sql (2.62ms)
2026/10/03 20:14:17 OK   00027_sp05_rca_and_poll.sql (4.78ms)
2026/10/03 20:14:17 OK   00028_sp05_operator_lock.sql (2.08ms)
2026/10/03 20:14:17 OK   00029_sp05_evidence_links.sql (3.88ms)
2026/10/03 20:14:17 OK   00030_sp05_recipe_fence.sql (2.3ms)
2026/10/03 20:14:17 OK   00031_sp05_rca_postcheck.sql (2.35ms)
2026/10/03 20:14:17 OK   00032_sp05_transport_audit.sql (5.74ms)
2026/10/03 20:14:17 OK   00033_sp05_poll_resolution_clock.sql (6ms)
2026/10/03 20:14:17 OK   00034_sp06_investigation_ledger.sql (40.91ms)
2026/10/03 20:14:17 goose: successfully migrated database to version: 34
2026/10/03 20:14:17 OK   00001_roles_and_schemas.sql (27.13ms)
2026/10/03 20:14:17 goose: successfully migrated database to version: 1
2026/10/03 20:14:17 OK   00002_platform_meta.sql (46.81ms)
2026/10/03 20:14:17 OK   00003_finding.sql (6.59ms)
2026/10/03 20:14:17 OK   00004_incident.sql (5.19ms)
2026/10/03 20:14:17 OK   00005_investigation.sql (4.67ms)
2026/10/03 20:14:17 OK   00006_action_command.sql (4.76ms)
2026/10/03 20:14:17 OK   00007_audit.sql (28.01ms)
2026/10/03 20:14:17 OK   00008_rls.sql (8.93ms)
2026/10/03 20:14:17 OK   00009_idempotency_ledger.sql (5.33ms)
2026/10/03 20:14:17 OK   00010_tenant_provisioning.sql (5.77ms)
2026/10/03 20:14:18 OK   00011_source_registration_history.sql (25.9ms)
2026/10/03 20:14:18 OK   00012_config_registry_lifecycle.sql (8.57ms)
2026/10/03 20:14:18 OK   00013_audit_signed_segments.sql (15.23ms)
2026/10/03 20:14:18 OK   00014_audit_segment_predecessors.sql (22.64ms)
2026/10/03 20:14:18 OK   00015_source_schema_scope.sql (4.3ms)
2026/10/03 20:14:18 OK   00016_cluster_registration_metadata.sql (6.5ms)
2026/10/03 20:14:18 OK   00017_source_data_scope.sql (11.62ms)
2026/10/03 20:14:18 OK   00018_sp04_resources_evidence.sql (25.36ms)
2026/10/03 20:14:18 OK   00019_sp04_archive_ciphertext_bytes.sql (11.76ms)
2026/10/03 20:14:18 OK   00020_sp04_request_ledger.sql (14.23ms)
2026/10/03 20:14:18 OK   00021_sp04_archive_protection.sql (12.87ms)
2026/10/03 20:14:18 OK   00022_sp04_legal_hold_dependencies.sql (12.78ms)
2026/10/03 20:14:18 OK   00023_sp04_archive_query_intent.sql (7.63ms)
2026/10/03 20:14:18 OK   00024_sp05_finding_incident.sql (40.26ms)
2026/10/03 20:14:18 OK   00025_sp05_incident_event_time.sql (4.33ms)
2026/10/03 20:14:18 OK   00026_sp05_source_binding_lock.sql (19.83ms)
2026/10/03 20:14:18 OK   00027_sp05_rca_and_poll.sql (20.21ms)
2026/10/03 20:14:18 OK   00028_sp05_operator_lock.sql (3.64ms)
2026/10/03 20:14:18 OK   00029_sp05_evidence_links.sql (34.8ms)
2026/10/03 20:14:18 OK   00030_sp05_recipe_fence.sql (7.71ms)
2026/10/03 20:14:18 OK   00031_sp05_rca_postcheck.sql (19.05ms)
2026/10/03 20:14:18 OK   00032_sp05_transport_audit.sql (16.3ms)
2026/10/03 20:14:18 OK   00033_sp05_poll_resolution_clock.sql (8.4ms)
2026/10/03 20:14:18 OK   00034_sp06_investigation_ledger.sql (33.15ms)
2026/10/03 20:14:18 goose: successfully migrated database to version: 34
FAIL
FAIL	ops-platform/test/integration	421.866s
ok  	ops-platform/test/security	(cached)
?   	ops-platform/test/tools/sp05-analyzer-check	[no test files]
?   	ops-platform/test/tools/sp05-worker-check	[no test files]
FAIL
make: *** [test-unit] Error 1
