python3 scripts/check-generated.py "go" gen web/src/api/generated internal/persistence/dbgen
✓ Lockfile passes supply-chain policies (verified 6d ago)
Lockfile is up to date, resolution step is skipped
Already up to date
Done in 186ms using pnpm v12.7.0
$ orval --config ./orval.config.ts
🍻 orval v8.37.0 - A swagger client generator for typescript
platform - 🎉 Smart Operations Platform API - Your OpenAPI spec has been converted into ready to use orval!
python3 scripts/prepare-runtime-source.py --check
{"modules": 98, "selectedModuleFiles": 2993, "standardLibraryFiles": 1386, "sourceBundleSHA256": "sha256:9628d31da79f4d4fcbffb303796aa805ee0508e732c66f203f2f330fb9bbe903"}
go vet ./...
?   	ops-platform/api	[no test files]
?   	ops-platform/artifacts	[no test files]
?   	ops-platform/artifacts/task27-materials/sp010203-bao-operator	[no test files]
?   	ops-platform/artifacts/task27-materials/sp010203-cleanup-operator	[no test files]
?   	ops-platform/artifacts/task27-materials/sp010203-live-runtime-probe	[no test files]
?   	ops-platform/artifacts/task27-materials/sp010203-operator-helper	[no test files]
?   	ops-platform/artifacts/task27-materials/sp010203-role-probe	[no test files]
?   	ops-platform/bundle	[no test files]
?   	ops-platform/cmd/db-migrate	[no test files]
ok  	ops-platform/cmd/opsctl	22.789s
?   	ops-platform/cmd/platform-api	[no test files]
?   	ops-platform/cmd/platform-worker	[no test files]
?   	ops-platform/gen/api	[no test files]
?   	ops-platform/gen/internalgraph	[no test files]
ok  	ops-platform/internal/app	1.088s
ok  	ops-platform/internal/archive	(cached)
ok  	ops-platform/internal/audit	1.548s
ok  	ops-platform/internal/auth	2.064s
ok  	ops-platform/internal/bundle	24.431s
ok  	ops-platform/internal/bundle/drivers	(cached)
ok  	ops-platform/internal/configregistry	3.070s
?   	ops-platform/internal/contract	[no test files]
ok  	ops-platform/internal/crypto	(cached)
?   	ops-platform/internal/datascope	[no test files]
ok  	ops-platform/internal/evidence	3.488s
ok  	ops-platform/internal/finding	3.657s
signal: terminated
FAIL	ops-platform/internal/graph	198.188s
ok  	ops-platform/internal/httpapi	4.578s
ok  	ops-platform/internal/incident	4.590s
ok  	ops-platform/internal/inspection/hardware	(cached)
ok  	ops-platform/internal/inspection/kubernetes	4.060s
ok  	ops-platform/internal/inspection/npd	4.161s
?   	ops-platform/internal/integrations	[no test files]
ok  	ops-platform/internal/integrations/deepflow	4.266s
ok  	ops-platform/internal/integrations/k8sgpt	3.762s
ok  	ops-platform/internal/integrations/keycloak	(cached)
ok  	ops-platform/internal/integrations/kubernetes	(cached)
ok  	ops-platform/internal/integrations/openbao	3.140s
ok  	ops-platform/internal/integrations/redfish	3.424s
ok  	ops-platform/internal/integrations/s3	(cached)
?   	ops-platform/internal/integrations/victorialogs	[no test files]
?   	ops-platform/internal/integrations/victorialogs/adapter	[no test files]
?   	ops-platform/internal/integrations/victoriametrics	[no test files]
?   	ops-platform/internal/integrations/victoriametrics/adapter	[no test files]
?   	ops-platform/internal/integrations/vmalert	[no test files]
ok  	ops-platform/internal/investigation	3.062s
?   	ops-platform/internal/investigation/mcp	[no test files]
ok  	ops-platform/internal/investigation/tools	2.896s
ok  	ops-platform/internal/observability	2.664s
ok  	ops-platform/internal/persistence	(cached)
?   	ops-platform/internal/persistence/dbgen	[no test files]
ok  	ops-platform/internal/policy	3.292s
ok  	ops-platform/internal/profile	5.755s
ok  	ops-platform/internal/rca	1.663s
ok  	ops-platform/internal/resource	(cached)
?   	ops-platform/internal/resourcestore	[no test files]
ok  	ops-platform/internal/source	1.902s
ok  	ops-platform/internal/supplychain	2.866s
?   	ops-platform/internal/tenant	[no test files]
?   	ops-platform/internal/upstream/corootcheck	[no test files]
?   	ops-platform/internal/upstream/keepmodel	[no test files]
?   	ops-platform/internal/upstream/metal3	[no test files]
?   	ops-platform/internal/upstream/ontology/api	[no test files]
?   	ops-platform/internal/upstream/ontology/model	[no test files]
?   	ops-platform/internal/upstream/ontology/service/diagnostic	[no test files]
?   	ops-platform/policies	[no test files]
--- FAIL: TestMCPToolSchemas (0.00s)
    schema_compatibility_test.go:125: expected 16 approved MCP tool schemas, found 32
FAIL
FAIL	ops-platform/test/contract	66.230s
ok  	ops-platform/test/e2e	1.701s
?   	ops-platform/test/fixtures/sp04/profile-detect	[no test files]
?   	ops-platform/test/fixtures/upstream-inspection	[no test files]
--- FAIL: TestRealOpenBaoTransitAndSeaweedS3AuditArchive (5.00s)
    archive_services_test.go:93: create isolated S3 bucket with versioning and Object Lock: S3 bucket creation failed
2026/10/03 19:21:29 OK   00001_roles_and_schemas.sql (26.51ms)
2026/10/03 19:21:29 goose: successfully migrated database to version: 1
2026/10/03 19:21:29 OK   00002_platform_meta.sql (76.92ms)
2026/10/03 19:21:29 OK   00003_finding.sql (36.06ms)
2026/10/03 19:21:29 OK   00004_incident.sql (10.74ms)
2026/10/03 19:21:29 OK   00005_investigation.sql (11.26ms)
2026/10/03 19:21:29 OK   00006_action_command.sql (25.37ms)
2026/10/03 19:21:29 OK   00007_audit.sql (47.16ms)
2026/10/03 19:21:29 OK   00008_rls.sql (9.33ms)
2026/10/03 19:21:29 OK   00009_idempotency_ledger.sql (9.88ms)
2026/10/03 19:21:29 OK   00010_tenant_provisioning.sql (40.19ms)
2026/10/03 19:21:29 OK   00011_source_registration_history.sql (25.63ms)
2026/10/03 19:21:29 OK   00012_config_registry_lifecycle.sql (30.57ms)
2026/10/03 19:21:29 OK   00013_audit_signed_segments.sql (31.99ms)
2026/10/03 19:21:29 OK   00014_audit_segment_predecessors.sql (20.98ms)
2026/10/03 19:21:29 OK   00015_source_schema_scope.sql (22.72ms)
2026/10/03 19:21:29 OK   00016_cluster_registration_metadata.sql (42.56ms)
2026/10/03 19:21:29 OK   00017_source_data_scope.sql (6.07ms)
2026/10/03 19:21:30 OK   00018_sp04_resources_evidence.sql (61.88ms)
2026/10/03 19:21:30 OK   00019_sp04_archive_ciphertext_bytes.sql (10.52ms)
2026/10/03 19:21:30 OK   00020_sp04_request_ledger.sql (22.32ms)
2026/10/03 19:21:30 OK   00021_sp04_archive_protection.sql (5.33ms)
2026/10/03 19:21:30 OK   00022_sp04_legal_hold_dependencies.sql (3.44ms)
2026/10/03 19:21:30 OK   00023_sp04_archive_query_intent.sql (7.25ms)
2026/10/03 19:21:30 OK   00024_sp05_finding_incident.sql (38.03ms)
2026/10/03 19:21:30 OK   00025_sp05_incident_event_time.sql (11.73ms)
2026/10/03 19:21:30 OK   00026_sp05_source_binding_lock.sql (4.58ms)
2026/10/03 19:21:30 OK   00027_sp05_rca_and_poll.sql (25.98ms)
2026/10/03 19:21:30 OK   00028_sp05_operator_lock.sql (17.95ms)
2026/10/03 19:21:30 OK   00029_sp05_evidence_links.sql (8.68ms)
2026/10/03 19:21:30 OK   00030_sp05_recipe_fence.sql (3.2ms)
2026/10/03 19:21:30 OK   00031_sp05_rca_postcheck.sql (2.74ms)
2026/10/03 19:21:30 OK   00032_sp05_transport_audit.sql (3.8ms)
2026/10/03 19:21:30 OK   00033_sp05_poll_resolution_clock.sql (9.8ms)
2026/10/03 19:21:30 OK   00034_sp06_investigation_ledger.sql (32.37ms)
2026/10/03 19:21:30 goose: successfully migrated database to version: 34
2026/10/03 19:21:41 OK   00001_roles_and_schemas.sql (55.36ms)
2026/10/03 19:21:41 goose: successfully migrated database to version: 1
2026/10/03 19:21:41 OK   00002_platform_meta.sql (90.53ms)
2026/10/03 19:21:41 OK   00003_finding.sql (18.85ms)
2026/10/03 19:21:41 OK   00004_incident.sql (24.95ms)
2026/10/03 19:21:41 OK   00005_investigation.sql (23.2ms)
2026/10/03 19:21:41 OK   00006_action_command.sql (50.03ms)
2026/10/03 19:21:41 OK   00007_audit.sql (147.88ms)
2026/10/03 19:21:42 OK   00008_rls.sql (138.18ms)
2026/10/03 19:21:42 OK   00009_idempotency_ledger.sql (50.84ms)
2026/10/03 19:21:42 OK   00010_tenant_provisioning.sql (11.09ms)
2026/10/03 19:21:42 OK   00011_source_registration_history.sql (42.17ms)
2026/10/03 19:21:42 OK   00012_config_registry_lifecycle.sql (87.45ms)
2026/10/03 19:21:42 OK   00013_audit_signed_segments.sql (184.97ms)
2026/10/03 19:21:42 OK   00014_audit_segment_predecessors.sql (76.46ms)
2026/10/03 19:21:42 OK   00015_source_schema_scope.sql (5.79ms)
2026/10/03 19:21:42 OK   00016_cluster_registration_metadata.sql (8.63ms)
2026/10/03 19:21:42 OK   00017_source_data_scope.sql (25.79ms)
2026/10/03 19:21:42 OK   00018_sp04_resources_evidence.sql (162.31ms)
2026/10/03 19:21:42 OK   00019_sp04_archive_ciphertext_bytes.sql (42.07ms)
2026/10/03 19:21:42 OK   00020_sp04_request_ledger.sql (121.91ms)
2026/10/03 19:21:42 OK   00021_sp04_archive_protection.sql (30.08ms)
2026/10/03 19:21:42 OK   00022_sp04_legal_hold_dependencies.sql (62.32ms)
2026/10/03 19:21:43 OK   00023_sp04_archive_query_intent.sql (152.88ms)
2026/10/03 19:21:43 OK   00024_sp05_finding_incident.sql (195.28ms)
2026/10/03 19:21:43 OK   00025_sp05_incident_event_time.sql (27.14ms)
2026/10/03 19:21:43 OK   00026_sp05_source_binding_lock.sql (32.68ms)
2026/10/03 19:21:43 OK   00027_sp05_rca_and_poll.sql (82.82ms)
2026/10/03 19:21:43 OK   00028_sp05_operator_lock.sql (82.1ms)
2026/10/03 19:21:43 OK   00029_sp05_evidence_links.sql (167.31ms)
2026/10/03 19:21:43 OK   00030_sp05_recipe_fence.sql (129.59ms)
2026/10/03 19:21:43 OK   00031_sp05_rca_postcheck.sql (16.16ms)
2026/10/03 19:21:43 OK   00032_sp05_transport_audit.sql (21.38ms)
2026/10/03 19:21:43 OK   00033_sp05_poll_resolution_clock.sql (11.03ms)
2026/10/03 19:21:44 OK   00034_sp06_investigation_ledger.sql (153.11ms)
2026/10/03 19:21:44 goose: successfully migrated database to version: 34
2026/10/03 19:21:44 OK   00001_roles_and_schemas.sql (78ms)
2026/10/03 19:21:44 goose: successfully migrated database to version: 1
2026/10/03 19:21:44 OK   00002_platform_meta.sql (53.17ms)
2026/10/03 19:21:44 OK   00003_finding.sql (17.02ms)
2026/10/03 19:21:44 OK   00004_incident.sql (21.77ms)
2026/10/03 19:21:44 OK   00005_investigation.sql (36.73ms)
2026/10/03 19:21:44 OK   00006_action_command.sql (16.29ms)
2026/10/03 19:21:44 OK   00007_audit.sql (31.2ms)
2026/10/03 19:21:44 OK   00008_rls.sql (71.11ms)
2026/10/03 19:21:45 OK   00009_idempotency_ledger.sql (120.02ms)
2026/10/03 19:21:45 OK   00010_tenant_provisioning.sql (35.07ms)
2026/10/03 19:21:45 OK   00011_source_registration_history.sql (20.43ms)
2026/10/03 19:21:45 OK   00012_config_registry_lifecycle.sql (51.49ms)
2026/10/03 19:21:45 OK   00013_audit_signed_segments.sql (53.47ms)
2026/10/03 19:21:45 OK   00014_audit_segment_predecessors.sql (21.83ms)
2026/10/03 19:21:45 OK   00015_source_schema_scope.sql (18.19ms)
2026/10/03 19:21:45 OK   00016_cluster_registration_metadata.sql (15.28ms)
2026/10/03 19:21:45 OK   00017_source_data_scope.sql (5.73ms)
2026/10/03 19:21:45 OK   00018_sp04_resources_evidence.sql (79.92ms)
2026/10/03 19:21:45 OK   00019_sp04_archive_ciphertext_bytes.sql (7.91ms)
2026/10/03 19:21:45 OK   00020_sp04_request_ledger.sql (9.24ms)
2026/10/03 19:21:45 OK   00021_sp04_archive_protection.sql (21.5ms)
2026/10/03 19:21:45 OK   00022_sp04_legal_hold_dependencies.sql (10.65ms)
2026/10/03 19:21:45 OK   00023_sp04_archive_query_intent.sql (6.57ms)
2026/10/03 19:21:45 OK   00024_sp05_finding_incident.sql (42.73ms)
2026/10/03 19:21:45 OK   00025_sp05_incident_event_time.sql (13.26ms)
2026/10/03 19:21:45 OK   00026_sp05_source_binding_lock.sql (12.47ms)
2026/10/03 19:21:45 OK   00027_sp05_rca_and_poll.sql (20.41ms)
2026/10/03 19:21:45 OK   00028_sp05_operator_lock.sql (34.59ms)
2026/10/03 19:21:45 OK   00029_sp05_evidence_links.sql (15.91ms)
2026/10/03 19:21:45 OK   00030_sp05_recipe_fence.sql (12.29ms)
2026/10/03 19:21:45 OK   00031_sp05_rca_postcheck.sql (5.32ms)
2026/10/03 19:21:45 OK   00032_sp05_transport_audit.sql (16.28ms)
2026/10/03 19:21:45 OK   00033_sp05_poll_resolution_clock.sql (30.8ms)
2026/10/03 19:21:45 OK   00034_sp06_investigation_ledger.sql (81.2ms)
2026/10/03 19:21:45 goose: successfully migrated database to version: 34
2026/10/03 19:21:46 OK   00001_roles_and_schemas.sql (23.33ms)
2026/10/03 19:21:46 goose: successfully migrated database to version: 1
2026/10/03 19:21:46 OK   00002_platform_meta.sql (48.98ms)
2026/10/03 19:21:46 OK   00003_finding.sql (18.22ms)
2026/10/03 19:21:46 OK   00004_incident.sql (8.38ms)
2026/10/03 19:21:46 OK   00005_investigation.sql (25.31ms)
2026/10/03 19:21:46 OK   00006_action_command.sql (21.79ms)
2026/10/03 19:21:46 OK   00007_audit.sql (35.64ms)
2026/10/03 19:21:46 OK   00008_rls.sql (26.79ms)
2026/10/03 19:21:46 OK   00009_idempotency_ledger.sql (13.66ms)
2026/10/03 19:21:46 OK   00010_tenant_provisioning.sql (10.61ms)
2026/10/03 19:21:46 OK   00011_source_registration_history.sql (25.52ms)
2026/10/03 19:21:46 OK   00012_config_registry_lifecycle.sql (53.37ms)
2026/10/03 19:21:47 OK   00013_audit_signed_segments.sql (43.79ms)
2026/10/03 19:21:47 OK   00014_audit_segment_predecessors.sql (9.24ms)
2026/10/03 19:21:47 OK   00015_source_schema_scope.sql (10.62ms)
2026/10/03 19:21:47 OK   00016_cluster_registration_metadata.sql (16.15ms)
2026/10/03 19:21:47 OK   00017_source_data_scope.sql (13.33ms)
2026/10/03 19:21:47 OK   00018_sp04_resources_evidence.sql (52.58ms)
2026/10/03 19:21:47 OK   00019_sp04_archive_ciphertext_bytes.sql (9.03ms)
2026/10/03 19:21:47 OK   00020_sp04_request_ledger.sql (6.24ms)
2026/10/03 19:21:47 OK   00021_sp04_archive_protection.sql (31.85ms)
2026/10/03 19:21:47 OK   00022_sp04_legal_hold_dependencies.sql (9.92ms)
2026/10/03 19:21:47 OK   00023_sp04_archive_query_intent.sql (12.18ms)
2026/10/03 19:21:47 OK   00024_sp05_finding_incident.sql (77.9ms)
2026/10/03 19:21:47 OK   00025_sp05_incident_event_time.sql (18.35ms)
2026/10/03 19:21:47 OK   00026_sp05_source_binding_lock.sql (4.3ms)
2026/10/03 19:21:47 OK   00027_sp05_rca_and_poll.sql (13.99ms)
2026/10/03 19:21:47 OK   00028_sp05_operator_lock.sql (10.04ms)
2026/10/03 19:21:47 OK   00029_sp05_evidence_links.sql (12.2ms)
2026/10/03 19:21:47 OK   00030_sp05_recipe_fence.sql (10.23ms)
2026/10/03 19:21:47 OK   00031_sp05_rca_postcheck.sql (33.78ms)
2026/10/03 19:21:47 OK   00032_sp05_transport_audit.sql (11.21ms)
2026/10/03 19:21:47 OK   00033_sp05_poll_resolution_clock.sql (19.97ms)
2026/10/03 19:21:47 OK   00034_sp06_investigation_ledger.sql (51ms)
2026/10/03 19:21:47 goose: successfully migrated database to version: 34
2026/10/03 19:21:47 OK   00001_roles_and_schemas.sql (45.48ms)
2026/10/03 19:21:47 goose: successfully migrated database to version: 1
2026/10/03 19:21:48 OK   00002_platform_meta.sql (55.92ms)
2026/10/03 19:21:48 OK   00003_finding.sql (21.73ms)
2026/10/03 19:21:48 OK   00004_incident.sql (20.97ms)
2026/10/03 19:21:48 OK   00005_investigation.sql (30.19ms)
2026/10/03 19:21:48 OK   00006_action_command.sql (22.02ms)
2026/10/03 19:21:48 OK   00007_audit.sql (44.8ms)
2026/10/03 19:21:48 OK   00008_rls.sql (57.23ms)
2026/10/03 19:21:48 OK   00009_idempotency_ledger.sql (17.42ms)
2026/10/03 19:21:48 OK   00010_tenant_provisioning.sql (6.24ms)
2026/10/03 19:21:48 OK   00011_source_registration_history.sql (16.51ms)
2026/10/03 19:21:48 OK   00012_config_registry_lifecycle.sql (90.36ms)
2026/10/03 19:21:48 OK   00013_audit_signed_segments.sql (51.92ms)
2026/10/03 19:21:48 OK   00014_audit_segment_predecessors.sql (24.29ms)
2026/10/03 19:21:48 OK   00015_source_schema_scope.sql (16.21ms)
2026/10/03 19:21:48 OK   00016_cluster_registration_metadata.sql (6.46ms)
2026/10/03 19:21:48 OK   00017_source_data_scope.sql (23.54ms)
2026/10/03 19:21:48 OK   00018_sp04_resources_evidence.sql (19.61ms)
2026/10/03 19:21:48 OK   00019_sp04_archive_ciphertext_bytes.sql (5.42ms)
2026/10/03 19:21:48 OK   00020_sp04_request_ledger.sql (5.93ms)
2026/10/03 19:21:48 OK   00021_sp04_archive_protection.sql (4.51ms)
2026/10/03 19:21:48 OK   00022_sp04_legal_hold_dependencies.sql (10.96ms)
2026/10/03 19:21:48 OK   00023_sp04_archive_query_intent.sql (25.98ms)
2026/10/03 19:21:48 OK   00024_sp05_finding_incident.sql (59.77ms)
2026/10/03 19:21:48 OK   00025_sp05_incident_event_time.sql (32.85ms)
2026/10/03 19:21:48 OK   00026_sp05_source_binding_lock.sql (7.39ms)
2026/10/03 19:21:48 OK   00027_sp05_rca_and_poll.sql (31.97ms)
2026/10/03 19:21:48 OK   00028_sp05_operator_lock.sql (21.43ms)
2026/10/03 19:21:48 OK   00029_sp05_evidence_links.sql (11.51ms)
2026/10/03 19:21:48 OK   00030_sp05_recipe_fence.sql (32.63ms)
2026/10/03 19:21:48 OK   00031_sp05_rca_postcheck.sql (19.69ms)
2026/10/03 19:21:48 OK   00032_sp05_transport_audit.sql (3.82ms)
2026/10/03 19:21:48 OK   00033_sp05_poll_resolution_clock.sql (6.23ms)
2026/10/03 19:21:48 OK   00034_sp06_investigation_ledger.sql (80.14ms)
2026/10/03 19:21:48 goose: successfully migrated database to version: 34
2026/10/03 19:21:49 OK   00001_roles_and_schemas.sql (96.53ms)
2026/10/03 19:21:49 goose: successfully migrated database to version: 1
2026/10/03 19:21:49 OK   00002_platform_meta.sql (75.04ms)
2026/10/03 19:21:49 OK   00003_finding.sql (16.12ms)
2026/10/03 19:21:50 OK   00004_incident.sql (47.93ms)
2026/10/03 19:21:50 OK   00005_investigation.sql (16.55ms)
2026/10/03 19:21:50 OK   00006_action_command.sql (15.18ms)
2026/10/03 19:21:50 OK   00007_audit.sql (34.18ms)
2026/10/03 19:21:50 OK   00008_rls.sql (14.76ms)
2026/10/03 19:21:50 OK   00009_idempotency_ledger.sql (34.85ms)
2026/10/03 19:21:50 OK   00010_tenant_provisioning.sql (23.48ms)
2026/10/03 19:21:50 OK   00011_source_registration_history.sql (26.83ms)
2026/10/03 19:21:50 OK   00012_config_registry_lifecycle.sql (35.7ms)
2026/10/03 19:21:50 OK   00013_audit_signed_segments.sql (22.75ms)
2026/10/03 19:21:50 OK   00014_audit_segment_predecessors.sql (12.15ms)
2026/10/03 19:21:50 OK   00015_source_schema_scope.sql (3.62ms)
2026/10/03 19:21:50 OK   00016_cluster_registration_metadata.sql (5.27ms)
2026/10/03 19:21:50 OK   00017_source_data_scope.sql (17.49ms)
2026/10/03 19:21:50 OK   00018_sp04_resources_evidence.sql (65.81ms)
2026/10/03 19:21:50 OK   00019_sp04_archive_ciphertext_bytes.sql (9.29ms)
2026/10/03 19:21:50 OK   00020_sp04_request_ledger.sql (6.16ms)
2026/10/03 19:21:50 OK   00021_sp04_archive_protection.sql (4.59ms)
2026/10/03 19:21:50 OK   00022_sp04_legal_hold_dependencies.sql (35.21ms)
2026/10/03 19:21:50 OK   00023_sp04_archive_query_intent.sql (4.19ms)
2026/10/03 19:21:50 OK   00024_sp05_finding_incident.sql (99.19ms)
2026/10/03 19:21:50 OK   00025_sp05_incident_event_time.sql (3.89ms)
2026/10/03 19:21:50 OK   00026_sp05_source_binding_lock.sql (7.09ms)
2026/10/03 19:21:50 OK   00027_sp05_rca_and_poll.sql (34.47ms)
2026/10/03 19:21:50 OK   00028_sp05_operator_lock.sql (16.83ms)
2026/10/03 19:21:50 OK   00029_sp05_evidence_links.sql (5.2ms)
2026/10/03 19:21:50 OK   00030_sp05_recipe_fence.sql (3.25ms)
2026/10/03 19:21:50 OK   00031_sp05_rca_postcheck.sql (3.06ms)
2026/10/03 19:21:50 OK   00032_sp05_transport_audit.sql (15.2ms)
2026/10/03 19:21:50 OK   00033_sp05_poll_resolution_clock.sql (30.01ms)
2026/10/03 19:21:50 OK   00034_sp06_investigation_ledger.sql (70.29ms)
2026/10/03 19:21:50 goose: successfully migrated database to version: 34
2026/10/03 19:22:00 OK   00001_roles_and_schemas.sql (27.98ms)
2026/10/03 19:22:00 goose: successfully migrated database to version: 1
2026/10/03 19:22:00 OK   00002_platform_meta.sql (85.19ms)
2026/10/03 19:22:00 OK   00003_finding.sql (11.43ms)
2026/10/03 19:22:00 OK   00004_incident.sql (37.46ms)
2026/10/03 19:22:00 OK   00005_investigation.sql (9.49ms)
2026/10/03 19:22:00 OK   00006_action_command.sql (39.24ms)
2026/10/03 19:22:00 OK   00007_audit.sql (39.67ms)
2026/10/03 19:22:00 OK   00008_rls.sql (18.24ms)
2026/10/03 19:22:00 OK   00009_idempotency_ledger.sql (20.12ms)
2026/10/03 19:22:00 OK   00010_tenant_provisioning.sql (10.35ms)
2026/10/03 19:22:01 OK   00011_source_registration_history.sql (54.83ms)
2026/10/03 19:22:01 OK   00012_config_registry_lifecycle.sql (45.15ms)
2026/10/03 19:22:01 OK   00013_audit_signed_segments.sql (46.26ms)
2026/10/03 19:22:01 OK   00014_audit_segment_predecessors.sql (37.43ms)
2026/10/03 19:22:01 OK   00015_source_schema_scope.sql (29.54ms)
2026/10/03 19:22:01 OK   00016_cluster_registration_metadata.sql (5.86ms)
2026/10/03 19:22:01 OK   00017_source_data_scope.sql (6.38ms)
2026/10/03 19:22:01 OK   00018_sp04_resources_evidence.sql (60.4ms)
2026/10/03 19:22:01 OK   00019_sp04_archive_ciphertext_bytes.sql (5.37ms)
2026/10/03 19:22:01 OK   00020_sp04_request_ledger.sql (12ms)
2026/10/03 19:22:01 OK   00021_sp04_archive_protection.sql (28.49ms)
2026/10/03 19:22:01 OK   00022_sp04_legal_hold_dependencies.sql (3.24ms)
2026/10/03 19:22:01 OK   00023_sp04_archive_query_intent.sql (4.02ms)
2026/10/03 19:22:01 OK   00024_sp05_finding_incident.sql (58.01ms)
2026/10/03 19:22:01 OK   00025_sp05_incident_event_time.sql (5.09ms)
2026/10/03 19:22:01 OK   00026_sp05_source_binding_lock.sql (4.52ms)
2026/10/03 19:22:01 OK   00027_sp05_rca_and_poll.sql (12.96ms)
2026/10/03 19:22:01 OK   00028_sp05_operator_lock.sql (9.97ms)
2026/10/03 19:22:01 OK   00029_sp05_evidence_links.sql (11.81ms)
2026/10/03 19:22:01 OK   00030_sp05_recipe_fence.sql (13.12ms)
2026/10/03 19:22:01 OK   00031_sp05_rca_postcheck.sql (9.22ms)
2026/10/03 19:22:01 OK   00032_sp05_transport_audit.sql (4.5ms)
2026/10/03 19:22:01 OK   00033_sp05_poll_resolution_clock.sql (8.69ms)
2026/10/03 19:22:01 OK   00034_sp06_investigation_ledger.sql (52.41ms)
2026/10/03 19:22:01 goose: successfully migrated database to version: 34
{"time":"2026-10-03T19:22:01.625433+08:00","level":"INFO","msg":"http request complete","request_id":"01a1017f-e60b-7163-bdc0-6fa8723f2ea3","trace_id":"4bf92f3577b34da6a3ce929d0e0e4736","span_id":"d0c85478a20f6cfd","method":"GET","status_code":200,"duration_ms":14}
{"time":"2026-10-03T19:22:01.630261+08:00","level":"INFO","msg":"http request complete","request_id":"01a1017f-e619-7a12-bf89-fac62bb8a52c","trace_id":"4bf92f3577b34da6a3ce929d0e0e4736","span_id":"95ca8ee759ef320e","method":"GET","status_code":200,"duration_ms":4}
{"time":"2026-10-03T19:22:01.635282+08:00","level":"INFO","msg":"http request complete","request_id":"01a1017f-e61e-7724-a2cd-31740e788c0d","trace_id":"4bf92f3577b34da6a3ce929d0e0e4736","span_id":"48cdecb1ee6bc532","method":"GET","status_code":200,"duration_ms":4}
{"time":"2026-10-03T19:22:01.639762+08:00","level":"INFO","msg":"http request complete","request_id":"01a1017f-e623-77ac-a0c5-b849b24807d5","trace_id":"4bf92f3577b34da6a3ce929d0e0e4736","span_id":"84ba7b60c961cd83","method":"GET","status_code":200,"duration_ms":4}
{"time":"2026-10-03T19:22:01.642882+08:00","level":"INFO","msg":"http request complete","request_id":"01a1017f-e627-7eb9-a290-6ed6e3299da6","trace_id":"4bf92f3577b34da6a3ce929d0e0e4736","span_id":"f3cf59b88a05a442","method":"GET","status_code":200,"duration_ms":2}
{"time":"2026-10-03T19:22:01.646241+08:00","level":"INFO","msg":"http request complete","request_id":"01a1017f-e62b-712c-8fc3-87f04c360331","trace_id":"4bf92f3577b34da6a3ce929d0e0e4736","span_id":"f16621368c8031da","method":"GET","status_code":200,"duration_ms":3}
{"time":"2026-10-03T19:22:01.667656+08:00","level":"INFO","msg":"http request complete","request_id":"01a1017f-e62e-76a3-8d5c-fb469675e330","trace_id":"444da6d00aa91e77c95f213e81ca622f","span_id":"7f2f3e2fd4904a70","method":"POST","status_code":201,"duration_ms":21}
{"time":"2026-10-03T19:22:01.676819+08:00","level":"INFO","msg":"http request complete","request_id":"01a1017f-e643-7de2-9bd1-e4a87e3a612d","trace_id":"f28a83698d6a774d950cea971e0996a9","span_id":"e49e43a7fb3c8eec","method":"POST","status_code":201,"duration_ms":8}
{"time":"2026-10-03T19:22:01.677937+08:00","level":"WARN","msg":"trace export failed","signal":"traces"}
{"time":"2026-10-03T19:22:01.680561+08:00","level":"INFO","msg":"http request complete","request_id":"01a1017f-e64e-7101-a8fe-f6ba582f06ed","trace_id":"307dbfb684db397b85b039e05c941361","span_id":"a69701dddcbe124a","method":"GET","status_code":200,"duration_ms":2}
2026/10/03 19:22:02 OK   00001_roles_and_schemas.sql (12.57ms)
2026/10/03 19:22:02 goose: successfully migrated database to version: 1
2026/10/03 19:22:02 OK   00002_platform_meta.sql (62.98ms)
2026/10/03 19:22:02 OK   00003_finding.sql (48.4ms)
2026/10/03 19:22:02 OK   00004_incident.sql (33.79ms)
2026/10/03 19:22:02 OK   00005_investigation.sql (23.89ms)
2026/10/03 19:22:02 OK   00006_action_command.sql (9.45ms)
2026/10/03 19:22:02 OK   00007_audit.sql (17.89ms)
2026/10/03 19:22:02 OK   00008_rls.sql (9.93ms)
2026/10/03 19:22:02 OK   00009_idempotency_ledger.sql (36.19ms)
2026/10/03 19:22:02 OK   00010_tenant_provisioning.sql (21.7ms)
2026/10/03 19:22:02 OK   00011_source_registration_history.sql (90.39ms)
2026/10/03 19:22:02 OK   00012_config_registry_lifecycle.sql (53.51ms)
2026/10/03 19:22:02 OK   00013_audit_signed_segments.sql (256.14ms)
2026/10/03 19:22:02 OK   00014_audit_segment_predecessors.sql (45.33ms)
2026/10/03 19:22:02 OK   00015_source_schema_scope.sql (17.3ms)
2026/10/03 19:22:02 OK   00016_cluster_registration_metadata.sql (87.81ms)
2026/10/03 19:22:02 OK   00017_source_data_scope.sql (56.33ms)
2026/10/03 19:22:03 OK   00018_sp04_resources_evidence.sql (64.63ms)
2026/10/03 19:22:03 OK   00019_sp04_archive_ciphertext_bytes.sql (7.5ms)
2026/10/03 19:22:03 OK   00020_sp04_request_ledger.sql (13.9ms)
2026/10/03 19:22:03 OK   00021_sp04_archive_protection.sql (14.9ms)
2026/10/03 19:22:03 OK   00022_sp04_legal_hold_dependencies.sql (14.87ms)
2026/10/03 19:22:03 OK   00023_sp04_archive_query_intent.sql (12.14ms)
2026/10/03 19:22:03 OK   00024_sp05_finding_incident.sql (73.85ms)
2026/10/03 19:22:03 OK   00025_sp05_incident_event_time.sql (15.48ms)
2026/10/03 19:22:03 OK   00026_sp05_source_binding_lock.sql (17.36ms)
2026/10/03 19:22:03 OK   00027_sp05_rca_and_poll.sql (34.07ms)
2026/10/03 19:22:03 OK   00028_sp05_operator_lock.sql (36.65ms)
2026/10/03 19:22:03 OK   00029_sp05_evidence_links.sql (41.45ms)
2026/10/03 19:22:03 OK   00030_sp05_recipe_fence.sql (7.25ms)
2026/10/03 19:22:03 OK   00031_sp05_rca_postcheck.sql (12.46ms)
2026/10/03 19:22:03 OK   00032_sp05_transport_audit.sql (14.5ms)
2026/10/03 19:22:03 OK   00033_sp05_poll_resolution_clock.sql (30.88ms)
2026/10/03 19:22:03 OK   00034_sp06_investigation_ledger.sql (53.78ms)
2026/10/03 19:22:03 goose: successfully migrated database to version: 34
2026/10/03 19:22:03 OK   00035_review_failure.sql (20.47ms)
2026/10/03 19:22:03 goose: successfully migrated database to version: 35
2026/10/03 19:22:04 OK   00001_roles_and_schemas.sql (36.83ms)
2026/10/03 19:22:04 goose: successfully migrated database to version: 1
2026/10/03 19:22:04 OK   00002_platform_meta.sql (59.43ms)
2026/10/03 19:22:04 OK   00003_finding.sql (15.41ms)
2026/10/03 19:22:04 OK   00004_incident.sql (12.83ms)
2026/10/03 19:22:04 OK   00005_investigation.sql (19.08ms)
2026/10/03 19:22:04 OK   00006_action_command.sql (60.21ms)
2026/10/03 19:22:04 OK   00007_audit.sql (71.33ms)
2026/10/03 19:22:04 OK   00008_rls.sql (14.95ms)
2026/10/03 19:22:04 OK   00009_idempotency_ledger.sql (38.62ms)
2026/10/03 19:22:04 OK   00010_tenant_provisioning.sql (15.71ms)
2026/10/03 19:22:04 OK   00011_source_registration_history.sql (58.62ms)
2026/10/03 19:22:04 OK   00012_config_registry_lifecycle.sql (18.78ms)
2026/10/03 19:22:04 OK   00013_audit_signed_segments.sql (93.5ms)
2026/10/03 19:22:04 OK   00014_audit_segment_predecessors.sql (21.04ms)
2026/10/03 19:22:04 OK   00015_source_schema_scope.sql (5.17ms)
2026/10/03 19:22:04 OK   00016_cluster_registration_metadata.sql (62.11ms)
2026/10/03 19:22:04 OK   00017_source_data_scope.sql (16.1ms)
2026/10/03 19:22:04 OK   00018_sp04_resources_evidence.sql (72.12ms)
2026/10/03 19:22:04 OK   00019_sp04_archive_ciphertext_bytes.sql (4.91ms)
2026/10/03 19:22:04 OK   00020_sp04_request_ledger.sql (7.92ms)
2026/10/03 19:22:04 OK   00021_sp04_archive_protection.sql (56.02ms)
2026/10/03 19:22:04 OK   00022_sp04_legal_hold_dependencies.sql (7.4ms)
2026/10/03 19:22:04 OK   00023_sp04_archive_query_intent.sql (5.54ms)
2026/10/03 19:22:04 OK   00024_sp05_finding_incident.sql (57.62ms)
2026/10/03 19:22:04 OK   00025_sp05_incident_event_time.sql (6.79ms)
2026/10/03 19:22:04 OK   00026_sp05_source_binding_lock.sql (51.23ms)
2026/10/03 19:22:05 OK   00027_sp05_rca_and_poll.sql (27.35ms)
2026/10/03 19:22:05 OK   00028_sp05_operator_lock.sql (12.4ms)
2026/10/03 19:22:05 OK   00029_sp05_evidence_links.sql (33.27ms)
2026/10/03 19:22:05 OK   00030_sp05_recipe_fence.sql (7.9ms)
2026/10/03 19:22:05 OK   00031_sp05_rca_postcheck.sql (4.51ms)
2026/10/03 19:22:05 OK   00032_sp05_transport_audit.sql (25.25ms)
2026/10/03 19:22:05 OK   00033_sp05_poll_resolution_clock.sql (7ms)
2026/10/03 19:22:05 OK   00034_sp06_investigation_ledger.sql (79.06ms)
2026/10/03 19:22:05 goose: successfully migrated database to version: 34
--- FAIL: TestMigrationsAndRoles (1.74s)
    migrations_test.go:192: runtime roles crossed table boundary: api_worker_queue=true worker_execution=false
2026/10/03 19:22:05 OK   00001_roles_and_schemas.sql (40.17ms)
2026/10/03 19:22:05 goose: successfully migrated database to version: 1
2026/10/03 19:22:05 OK   00002_platform_meta.sql (69.44ms)
2026/10/03 19:22:05 OK   00003_finding.sql (38.49ms)
2026/10/03 19:22:05 OK   00004_incident.sql (19.42ms)
2026/10/03 19:22:05 OK   00005_investigation.sql (6.37ms)
2026/10/03 19:22:05 OK   00006_action_command.sql (38.91ms)
2026/10/03 19:22:06 OK   00007_audit.sql (50.37ms)
2026/10/03 19:22:06 OK   00008_rls.sql (17.82ms)
2026/10/03 19:22:06 OK   00009_idempotency_ledger.sql (63.74ms)
2026/10/03 19:22:06 OK   00010_tenant_provisioning.sql (57.69ms)
2026/10/03 19:22:06 OK   00011_source_registration_history.sql (79.54ms)
2026/10/03 19:22:06 OK   00012_config_registry_lifecycle.sql (111.39ms)
2026/10/03 19:22:06 OK   00013_audit_signed_segments.sql (52.92ms)
2026/10/03 19:22:06 OK   00014_audit_segment_predecessors.sql (7.7ms)
2026/10/03 19:22:06 OK   00015_source_schema_scope.sql (23.02ms)
2026/10/03 19:22:06 OK   00016_cluster_registration_metadata.sql (26.86ms)
2026/10/03 19:22:06 OK   00017_source_data_scope.sql (26.52ms)
2026/10/03 19:22:06 OK   00018_sp04_resources_evidence.sql (87.96ms)
2026/10/03 19:22:06 OK   00019_sp04_archive_ciphertext_bytes.sql (25.1ms)
2026/10/03 19:22:06 OK   00020_sp04_request_ledger.sql (33.97ms)
2026/10/03 19:22:06 OK   00021_sp04_archive_protection.sql (15.86ms)
2026/10/03 19:22:06 OK   00022_sp04_legal_hold_dependencies.sql (36.11ms)
2026/10/03 19:22:06 OK   00023_sp04_archive_query_intent.sql (21.89ms)
2026/10/03 19:22:06 OK   00024_sp05_finding_incident.sql (61ms)
2026/10/03 19:22:06 OK   00025_sp05_incident_event_time.sql (7.27ms)
2026/10/03 19:22:06 OK   00026_sp05_source_binding_lock.sql (39.19ms)
2026/10/03 19:22:06 OK   00027_sp05_rca_and_poll.sql (23.69ms)
2026/10/03 19:22:06 OK   00028_sp05_operator_lock.sql (6.92ms)
2026/10/03 19:22:06 OK   00029_sp05_evidence_links.sql (51.62ms)
2026/10/03 19:22:06 OK   00030_sp05_recipe_fence.sql (5.55ms)
2026/10/03 19:22:06 OK   00031_sp05_rca_postcheck.sql (5.2ms)
2026/10/03 19:22:06 OK   00032_sp05_transport_audit.sql (34.43ms)
2026/10/03 19:22:06 OK   00033_sp05_poll_resolution_clock.sql (8.01ms)
2026/10/03 19:22:06 OK   00034_sp06_investigation_ledger.sql (24ms)
2026/10/03 19:22:06 goose: successfully migrated database to version: 34
2026/10/03 19:22:07 OK   00001_roles_and_schemas.sql (58.83ms)
2026/10/03 19:22:07 goose: successfully migrated database to version: 1
2026/10/03 19:22:07 OK   00002_platform_meta.sql (50.31ms)
2026/10/03 19:22:07 OK   00003_finding.sql (62.09ms)
2026/10/03 19:22:07 OK   00004_incident.sql (64.44ms)
2026/10/03 19:22:07 OK   00005_investigation.sql (71.54ms)
2026/10/03 19:22:07 OK   00006_action_command.sql (19.37ms)
2026/10/03 19:22:07 OK   00007_audit.sql (60.48ms)
2026/10/03 19:22:07 OK   00008_rls.sql (55.56ms)
2026/10/03 19:22:07 OK   00009_idempotency_ledger.sql (66.08ms)
2026/10/03 19:22:07 OK   00010_tenant_provisioning.sql (7.06ms)
2026/10/03 19:22:07 OK   00011_source_registration_history.sql (14.92ms)
2026/10/03 19:22:07 OK   00012_config_registry_lifecycle.sql (71.49ms)
2026/10/03 19:22:08 OK   00013_audit_signed_segments.sql (21.5ms)
2026/10/03 19:22:08 OK   00014_audit_segment_predecessors.sql (64.88ms)
2026/10/03 19:22:08 OK   00015_source_schema_scope.sql (9.89ms)
2026/10/03 19:22:08 OK   00016_cluster_registration_metadata.sql (19.45ms)
2026/10/03 19:22:08 OK   00017_source_data_scope.sql (25.7ms)
2026/10/03 19:22:08 OK   00018_sp04_resources_evidence.sql (42.52ms)
2026/10/03 19:22:08 OK   00019_sp04_archive_ciphertext_bytes.sql (16.47ms)
2026/10/03 19:22:08 OK   00020_sp04_request_ledger.sql (8.64ms)
2026/10/03 19:22:08 OK   00021_sp04_archive_protection.sql (31.98ms)
2026/10/03 19:22:08 OK   00022_sp04_legal_hold_dependencies.sql (9.36ms)
2026/10/03 19:22:08 OK   00023_sp04_archive_query_intent.sql (30.68ms)
2026/10/03 19:22:08 OK   00024_sp05_finding_incident.sql (103.16ms)
2026/10/03 19:22:08 OK   00025_sp05_incident_event_time.sql (4.88ms)
2026/10/03 19:22:08 OK   00026_sp05_source_binding_lock.sql (59.69ms)
2026/10/03 19:22:08 OK   00027_sp05_rca_and_poll.sql (48.48ms)
2026/10/03 19:22:08 OK   00028_sp05_operator_lock.sql (7.26ms)
2026/10/03 19:22:08 OK   00029_sp05_evidence_links.sql (8.89ms)
2026/10/03 19:22:08 OK   00030_sp05_recipe_fence.sql (3.82ms)
2026/10/03 19:22:08 OK   00031_sp05_rca_postcheck.sql (30.77ms)
2026/10/03 19:22:08 OK   00032_sp05_transport_audit.sql (18.45ms)
2026/10/03 19:22:08 OK   00033_sp05_poll_resolution_clock.sql (69.42ms)
2026/10/03 19:22:08 OK   00034_sp06_investigation_ledger.sql (71.97ms)
2026/10/03 19:22:08 goose: successfully migrated database to version: 34
2026/10/03 19:22:09 OK   00001_roles_and_schemas.sql (12.45ms)
2026/10/03 19:22:09 OK   00002_platform_meta.sql (42.46ms)
2026/10/03 19:22:09 OK   00003_finding.sql (16.15ms)
2026/10/03 19:22:09 OK   00004_incident.sql (28.63ms)
2026/10/03 19:22:09 OK   00005_investigation.sql (30.96ms)
2026/10/03 19:22:09 OK   00006_action_command.sql (45.48ms)
2026/10/03 19:22:09 OK   00007_audit.sql (26.95ms)
2026/10/03 19:22:09 OK   00008_rls.sql (35.84ms)
2026/10/03 19:22:09 OK   00009_idempotency_ledger.sql (15.23ms)
2026/10/03 19:22:09 OK   00010_tenant_provisioning.sql (4.08ms)
2026/10/03 19:22:09 OK   00011_source_registration_history.sql (16.51ms)
2026/10/03 19:22:09 OK   00012_config_registry_lifecycle.sql (42.37ms)
2026/10/03 19:22:09 OK   00013_audit_signed_segments.sql (52.86ms)
2026/10/03 19:22:09 OK   00014_audit_segment_predecessors.sql (42.21ms)
2026/10/03 19:22:09 OK   00015_source_schema_scope.sql (45.53ms)
2026/10/03 19:22:09 OK   00016_cluster_registration_metadata.sql (38.01ms)
2026/10/03 19:22:09 OK   00017_source_data_scope.sql (19.9ms)
2026/10/03 19:22:09 OK   00018_sp04_resources_evidence.sql (58.33ms)
2026/10/03 19:22:09 OK   00019_sp04_archive_ciphertext_bytes.sql (28.17ms)
2026/10/03 19:22:09 OK   00020_sp04_request_ledger.sql (20.45ms)
2026/10/03 19:22:09 OK   00021_sp04_archive_protection.sql (28.39ms)
2026/10/03 19:22:09 OK   00022_sp04_legal_hold_dependencies.sql (31.5ms)
2026/10/03 19:22:09 OK   00023_sp04_archive_query_intent.sql (12.29ms)
2026/10/03 19:22:10 OK   00024_sp05_finding_incident.sql (129.7ms)
2026/10/03 19:22:10 OK   00025_sp05_incident_event_time.sql (57.13ms)
2026/10/03 19:22:10 OK   00026_sp05_source_binding_lock.sql (19.27ms)
2026/10/03 19:22:10 OK   00027_sp05_rca_and_poll.sql (18.01ms)
2026/10/03 19:22:10 OK   00028_sp05_operator_lock.sql (14.56ms)
2026/10/03 19:22:10 OK   00029_sp05_evidence_links.sql (20.47ms)
2026/10/03 19:22:10 OK   00030_sp05_recipe_fence.sql (11.89ms)
2026/10/03 19:22:10 OK   00031_sp05_rca_postcheck.sql (33.02ms)
2026/10/03 19:22:10 OK   00032_sp05_transport_audit.sql (15.44ms)
2026/10/03 19:22:10 OK   00033_sp05_poll_resolution_clock.sql (44.06ms)
2026/10/03 19:22:10 OK   00034_sp06_investigation_ledger.sql (114.26ms)
2026/10/03 19:22:10 goose: successfully migrated database to version: 34
2026/10/03 19:22:10 OK   00001_roles_and_schemas.sql (25.23ms)
2026/10/03 19:22:10 goose: successfully migrated database to version: 1
2026/10/03 19:22:10 OK   00002_platform_meta.sql (57.7ms)
2026/10/03 19:22:10 OK   00003_finding.sql (55.89ms)
2026/10/03 19:22:10 OK   00004_incident.sql (13.31ms)
2026/10/03 19:22:11 OK   00005_investigation.sql (42.32ms)
2026/10/03 19:22:11 OK   00006_action_command.sql (13.12ms)
2026/10/03 19:22:11 OK   00007_audit.sql (105.04ms)
2026/10/03 19:22:11 OK   00008_rls.sql (46.78ms)
2026/10/03 19:22:11 OK   00009_idempotency_ledger.sql (26.74ms)
2026/10/03 19:22:11 OK   00010_tenant_provisioning.sql (41.62ms)
2026/10/03 19:22:11 OK   00011_source_registration_history.sql (16.16ms)
2026/10/03 19:22:11 OK   00012_config_registry_lifecycle.sql (53.15ms)
2026/10/03 19:22:11 OK   00013_audit_signed_segments.sql (29.69ms)
2026/10/03 19:22:11 OK   00014_audit_segment_predecessors.sql (17.64ms)
2026/10/03 19:22:11 OK   00015_source_schema_scope.sql (8.01ms)
2026/10/03 19:22:11 OK   00016_cluster_registration_metadata.sql (35.81ms)
2026/10/03 19:22:11 goose: successfully migrated database to version: 16
2026/10/03 19:22:11 OK   00017_source_data_scope.sql (15.34ms)
2026/10/03 19:22:11 OK   00018_sp04_resources_evidence.sql (39.61ms)
2026/10/03 19:22:11 OK   00019_sp04_archive_ciphertext_bytes.sql (5.62ms)
2026/10/03 19:22:11 OK   00020_sp04_request_ledger.sql (7.19ms)
2026/10/03 19:22:11 OK   00021_sp04_archive_protection.sql (14.42ms)
2026/10/03 19:22:11 OK   00022_sp04_legal_hold_dependencies.sql (6.89ms)
2026/10/03 19:22:11 OK   00023_sp04_archive_query_intent.sql (55ms)
2026/10/03 19:22:11 OK   00024_sp05_finding_incident.sql (72.37ms)
2026/10/03 19:22:11 OK   00025_sp05_incident_event_time.sql (6.35ms)
2026/10/03 19:22:11 OK   00026_sp05_source_binding_lock.sql (6.24ms)
2026/10/03 19:22:11 OK   00027_sp05_rca_and_poll.sql (29.8ms)
2026/10/03 19:22:11 OK   00028_sp05_operator_lock.sql (15.6ms)
2026/10/03 19:22:11 OK   00029_sp05_evidence_links.sql (34.83ms)
2026/10/03 19:22:11 OK   00030_sp05_recipe_fence.sql (64.4ms)
2026/10/03 19:22:11 OK   00031_sp05_rca_postcheck.sql (4.37ms)
2026/10/03 19:22:11 OK   00032_sp05_transport_audit.sql (4.04ms)
2026/10/03 19:22:11 OK   00033_sp05_poll_resolution_clock.sql (5.47ms)
2026/10/03 19:22:12 OK   00034_sp06_investigation_ledger.sql (109.03ms)
2026/10/03 19:22:12 goose: successfully migrated database to version: 34
2026/10/03 19:22:12 OK   00001_roles_and_schemas.sql (57.5ms)
2026/10/03 19:22:12 goose: successfully migrated database to version: 1
2026/10/03 19:22:12 OK   00002_platform_meta.sql (47.79ms)
2026/10/03 19:22:12 OK   00003_finding.sql (13.84ms)
2026/10/03 19:22:12 OK   00004_incident.sql (24.06ms)
2026/10/03 19:22:12 OK   00005_investigation.sql (8.4ms)
2026/10/03 19:22:12 OK   00006_action_command.sql (43.95ms)
2026/10/03 19:22:12 OK   00007_audit.sql (48.97ms)
2026/10/03 19:22:12 OK   00008_rls.sql (19.38ms)
2026/10/03 19:22:12 OK   00009_idempotency_ledger.sql (42ms)
2026/10/03 19:22:12 OK   00010_tenant_provisioning.sql (11.72ms)
2026/10/03 19:22:12 OK   00011_source_registration_history.sql (23.36ms)
2026/10/03 19:22:12 OK   00012_config_registry_lifecycle.sql (45.1ms)
2026/10/03 19:22:13 OK   00013_audit_signed_segments.sql (106.11ms)
2026/10/03 19:22:13 OK   00014_audit_segment_predecessors.sql (28.48ms)
2026/10/03 19:22:13 OK   00015_source_schema_scope.sql (17.22ms)
2026/10/03 19:22:13 OK   00016_cluster_registration_metadata.sql (7.09ms)
2026/10/03 19:22:13 OK   00017_source_data_scope.sql (5.76ms)
2026/10/03 19:22:13 OK   00018_sp04_resources_evidence.sql (45.53ms)
2026/10/03 19:22:13 OK   00019_sp04_archive_ciphertext_bytes.sql (9.48ms)
2026/10/03 19:22:13 OK   00020_sp04_request_ledger.sql (15.01ms)
2026/10/03 19:22:13 OK   00021_sp04_archive_protection.sql (8.45ms)
2026/10/03 19:22:13 OK   00022_sp04_legal_hold_dependencies.sql (16.3ms)
2026/10/03 19:22:13 OK   00023_sp04_archive_query_intent.sql (4.78ms)
2026/10/03 19:22:13 OK   00024_sp05_finding_incident.sql (43.34ms)
2026/10/03 19:22:13 OK   00025_sp05_incident_event_time.sql (14.04ms)
2026/10/03 19:22:13 OK   00026_sp05_source_binding_lock.sql (7.51ms)
2026/10/03 19:22:13 OK   00027_sp05_rca_and_poll.sql (34.22ms)
2026/10/03 19:22:13 OK   00028_sp05_operator_lock.sql (17.96ms)
2026/10/03 19:22:13 OK   00029_sp05_evidence_links.sql (14.17ms)
2026/10/03 19:22:13 OK   00030_sp05_recipe_fence.sql (17.66ms)
2026/10/03 19:22:13 OK   00031_sp05_rca_postcheck.sql (31.05ms)
2026/10/03 19:22:13 OK   00032_sp05_transport_audit.sql (17.27ms)
2026/10/03 19:22:13 OK   00033_sp05_poll_resolution_clock.sql (31.03ms)
2026/10/03 19:22:13 OK   00034_sp06_investigation_ledger.sql (51.67ms)
2026/10/03 19:22:13 goose: successfully migrated database to version: 34
2026/10/03 19:22:14 OK   00001_roles_and_schemas.sql (27.99ms)
2026/10/03 19:22:14 goose: successfully migrated database to version: 1
2026/10/03 19:22:14 OK   00002_platform_meta.sql (57.01ms)
2026/10/03 19:22:14 OK   00003_finding.sql (49.9ms)
2026/10/03 19:22:14 OK   00004_incident.sql (69.94ms)
2026/10/03 19:22:14 OK   00005_investigation.sql (61.33ms)
2026/10/03 19:22:14 OK   00006_action_command.sql (58.79ms)
2026/10/03 19:22:14 OK   00007_audit.sql (46.51ms)
2026/10/03 19:22:14 OK   00008_rls.sql (56.93ms)
2026/10/03 19:22:14 OK   00009_idempotency_ledger.sql (39.77ms)
2026/10/03 19:22:14 OK   00010_tenant_provisioning.sql (40.28ms)
2026/10/03 19:22:15 OK   00011_source_registration_history.sql (18.67ms)
2026/10/03 19:22:15 OK   00012_config_registry_lifecycle.sql (54.48ms)
2026/10/03 19:22:15 OK   00013_audit_signed_segments.sql (43.32ms)
2026/10/03 19:22:15 OK   00014_audit_segment_predecessors.sql (9.23ms)
2026/10/03 19:22:15 OK   00015_source_schema_scope.sql (25.03ms)
2026/10/03 19:22:15 OK   00016_cluster_registration_metadata.sql (19.98ms)
2026/10/03 19:22:15 OK   00017_source_data_scope.sql (21.81ms)
2026/10/03 19:22:15 OK   00018_sp04_resources_evidence.sql (43.35ms)
2026/10/03 19:22:15 OK   00019_sp04_archive_ciphertext_bytes.sql (17.06ms)
2026/10/03 19:22:15 OK   00020_sp04_request_ledger.sql (11.68ms)
2026/10/03 19:22:15 OK   00021_sp04_archive_protection.sql (6.05ms)
2026/10/03 19:22:15 OK   00022_sp04_legal_hold_dependencies.sql (3.7ms)
2026/10/03 19:22:15 OK   00023_sp04_archive_query_intent.sql (4.36ms)
2026/10/03 19:22:15 OK   00024_sp05_finding_incident.sql (37.24ms)
2026/10/03 19:22:15 OK   00025_sp05_incident_event_time.sql (3.99ms)
2026/10/03 19:22:15 OK   00026_sp05_source_binding_lock.sql (17.76ms)
2026/10/03 19:22:15 OK   00027_sp05_rca_and_poll.sql (28.47ms)
2026/10/03 19:22:15 OK   00028_sp05_operator_lock.sql (19.98ms)
2026/10/03 19:22:15 OK   00029_sp05_evidence_links.sql (24.41ms)
2026/10/03 19:22:15 OK   00030_sp05_recipe_fence.sql (9.14ms)
2026/10/03 19:22:15 OK   00031_sp05_rca_postcheck.sql (21.97ms)
2026/10/03 19:22:15 OK   00032_sp05_transport_audit.sql (5.63ms)
2026/10/03 19:22:15 OK   00033_sp05_poll_resolution_clock.sql (8.26ms)
2026/10/03 19:22:15 OK   00034_sp06_investigation_ledger.sql (51.57ms)
2026/10/03 19:22:15 goose: successfully migrated database to version: 34
2026/10/03 19:22:23 OK   00001_roles_and_schemas.sql (46ms)
2026/10/03 19:22:23 goose: successfully migrated database to version: 1
2026/10/03 19:22:23 OK   00002_platform_meta.sql (146.54ms)
2026/10/03 19:22:23 OK   00003_finding.sql (64.43ms)
2026/10/03 19:22:23 OK   00004_incident.sql (28.11ms)
2026/10/03 19:22:23 OK   00005_investigation.sql (15.32ms)
2026/10/03 19:22:23 OK   00006_action_command.sql (36.15ms)
2026/10/03 19:22:23 OK   00007_audit.sql (37.89ms)
2026/10/03 19:22:23 OK   00008_rls.sql (40.31ms)
2026/10/03 19:22:23 OK   00009_idempotency_ledger.sql (27.12ms)
2026/10/03 19:22:24 OK   00010_tenant_provisioning.sql (8.24ms)
2026/10/03 19:22:24 OK   00011_source_registration_history.sql (19.12ms)
2026/10/03 19:22:24 OK   00012_config_registry_lifecycle.sql (38.91ms)
2026/10/03 19:22:24 OK   00013_audit_signed_segments.sql (19.59ms)
2026/10/03 19:22:24 OK   00014_audit_segment_predecessors.sql (63.37ms)
2026/10/03 19:22:24 OK   00015_source_schema_scope.sql (4.32ms)
2026/10/03 19:22:24 OK   00016_cluster_registration_metadata.sql (5.51ms)
2026/10/03 19:22:24 OK   00017_source_data_scope.sql (5.07ms)
2026/10/03 19:22:24 OK   00018_sp04_resources_evidence.sql (41.37ms)
2026/10/03 19:22:24 OK   00019_sp04_archive_ciphertext_bytes.sql (8.43ms)
2026/10/03 19:22:24 OK   00020_sp04_request_ledger.sql (19.01ms)
2026/10/03 19:22:24 OK   00021_sp04_archive_protection.sql (8.52ms)
2026/10/03 19:22:24 OK   00022_sp04_legal_hold_dependencies.sql (3.89ms)
2026/10/03 19:22:24 OK   00023_sp04_archive_query_intent.sql (40.16ms)
2026/10/03 19:22:24 OK   00024_sp05_finding_incident.sql (58.83ms)
2026/10/03 19:22:24 OK   00025_sp05_incident_event_time.sql (8.24ms)
2026/10/03 19:22:24 OK   00026_sp05_source_binding_lock.sql (19.89ms)
2026/10/03 19:22:24 OK   00027_sp05_rca_and_poll.sql (18.79ms)
2026/10/03 19:22:24 OK   00028_sp05_operator_lock.sql (19.7ms)
2026/10/03 19:22:24 OK   00029_sp05_evidence_links.sql (6.1ms)
2026/10/03 19:22:24 OK   00030_sp05_recipe_fence.sql (23.54ms)
2026/10/03 19:22:24 OK   00031_sp05_rca_postcheck.sql (20ms)
2026/10/03 19:22:24 OK   00032_sp05_transport_audit.sql (9.59ms)
2026/10/03 19:22:24 OK   00033_sp05_poll_resolution_clock.sql (21.54ms)
2026/10/03 19:22:24 OK   00034_sp06_investigation_ledger.sql (73.42ms)
2026/10/03 19:22:24 goose: successfully migrated database to version: 34
2026/10/03 19:22:26 OK   00001_roles_and_schemas.sql (18.23ms)
2026/10/03 19:22:26 goose: successfully migrated database to version: 1
2026/10/03 19:22:26 OK   00002_platform_meta.sql (61.43ms)
2026/10/03 19:22:26 OK   00003_finding.sql (41.18ms)
2026/10/03 19:22:26 OK   00004_incident.sql (17.99ms)
2026/10/03 19:22:26 OK   00005_investigation.sql (23.43ms)
2026/10/03 19:22:26 OK   00006_action_command.sql (39.99ms)
2026/10/03 19:22:26 OK   00007_audit.sql (19.43ms)
2026/10/03 19:22:26 OK   00008_rls.sql (13.06ms)
2026/10/03 19:22:26 OK   00009_idempotency_ledger.sql (56.73ms)
2026/10/03 19:22:26 OK   00010_tenant_provisioning.sql (11.94ms)
2026/10/03 19:22:26 OK   00011_source_registration_history.sql (6.83ms)
2026/10/03 19:22:26 OK   00012_config_registry_lifecycle.sql (48.76ms)
2026/10/03 19:22:26 OK   00013_audit_signed_segments.sql (12.66ms)
2026/10/03 19:22:26 OK   00014_audit_segment_predecessors.sql (47.67ms)
2026/10/03 19:22:26 OK   00015_source_schema_scope.sql (4.9ms)
2026/10/03 19:22:26 OK   00016_cluster_registration_metadata.sql (9.58ms)
2026/10/03 19:22:26 OK   00017_source_data_scope.sql (7.05ms)
2026/10/03 19:22:26 OK   00018_sp04_resources_evidence.sql (29.54ms)
2026/10/03 19:22:26 OK   00019_sp04_archive_ciphertext_bytes.sql (2.9ms)
2026/10/03 19:22:26 OK   00020_sp04_request_ledger.sql (4.81ms)
2026/10/03 19:22:27 OK   00021_sp04_archive_protection.sql (3.82ms)
2026/10/03 19:22:27 OK   00022_sp04_legal_hold_dependencies.sql (3.04ms)
2026/10/03 19:22:27 OK   00023_sp04_archive_query_intent.sql (2.9ms)
2026/10/03 19:22:27 OK   00024_sp05_finding_incident.sql (49.21ms)
2026/10/03 19:22:27 OK   00025_sp05_incident_event_time.sql (3.27ms)
2026/10/03 19:22:27 OK   00026_sp05_source_binding_lock.sql (4.18ms)
2026/10/03 19:22:27 OK   00027_sp05_rca_and_poll.sql (16.89ms)
2026/10/03 19:22:27 OK   00028_sp05_operator_lock.sql (31.51ms)
2026/10/03 19:22:27 OK   00029_sp05_evidence_links.sql (8.46ms)
2026/10/03 19:22:27 OK   00030_sp05_recipe_fence.sql (3.13ms)
2026/10/03 19:22:27 OK   00031_sp05_rca_postcheck.sql (2.73ms)
2026/10/03 19:22:27 OK   00032_sp05_transport_audit.sql (3.24ms)
2026/10/03 19:22:27 OK   00033_sp05_poll_resolution_clock.sql (10.38ms)
2026/10/03 19:22:27 OK   00034_sp06_investigation_ledger.sql (42.71ms)
2026/10/03 19:22:27 goose: successfully migrated database to version: 34
2026/10/03 19:22:50 OK   00001_roles_and_schemas.sql (15.77ms)
2026/10/03 19:22:50 goose: successfully migrated database to version: 1
2026/10/03 19:22:50 OK   00002_platform_meta.sql (62.52ms)
2026/10/03 19:22:50 OK   00003_finding.sql (42.97ms)
2026/10/03 19:22:50 OK   00004_incident.sql (44.18ms)
2026/10/03 19:22:50 OK   00005_investigation.sql (13.42ms)
2026/10/03 19:22:50 OK   00006_action_command.sql (26.2ms)
2026/10/03 19:22:50 OK   00007_audit.sql (10.48ms)
2026/10/03 19:22:50 OK   00008_rls.sql (11.22ms)
2026/10/03 19:22:50 OK   00009_idempotency_ledger.sql (41.52ms)
2026/10/03 19:22:50 OK   00010_tenant_provisioning.sql (3.45ms)
2026/10/03 19:22:50 OK   00011_source_registration_history.sql (13.09ms)
2026/10/03 19:22:50 OK   00012_config_registry_lifecycle.sql (25.48ms)
2026/10/03 19:22:50 OK   00013_audit_signed_segments.sql (14.63ms)
2026/10/03 19:22:50 OK   00014_audit_segment_predecessors.sql (9.79ms)
2026/10/03 19:22:50 OK   00015_source_schema_scope.sql (4.38ms)
2026/10/03 19:22:50 OK   00016_cluster_registration_metadata.sql (22.04ms)
2026/10/03 19:22:50 OK   00017_source_data_scope.sql (37.58ms)
2026/10/03 19:22:50 OK   00018_sp04_resources_evidence.sql (16.45ms)
2026/10/03 19:22:50 OK   00019_sp04_archive_ciphertext_bytes.sql (40.07ms)
2026/10/03 19:22:50 OK   00020_sp04_request_ledger.sql (6.22ms)
2026/10/03 19:22:50 OK   00021_sp04_archive_protection.sql (5.95ms)
2026/10/03 19:22:50 OK   00022_sp04_legal_hold_dependencies.sql (4.85ms)
2026/10/03 19:22:50 OK   00023_sp04_archive_query_intent.sql (3.82ms)
2026/10/03 19:22:50 OK   00024_sp05_finding_incident.sql (33.87ms)
2026/10/03 19:22:50 OK   00025_sp05_incident_event_time.sql (15.33ms)
2026/10/03 19:22:50 OK   00026_sp05_source_binding_lock.sql (21.3ms)
2026/10/03 19:22:50 OK   00027_sp05_rca_and_poll.sql (11.54ms)
2026/10/03 19:22:50 OK   00028_sp05_operator_lock.sql (4.87ms)
2026/10/03 19:22:50 OK   00029_sp05_evidence_links.sql (9.25ms)
2026/10/03 19:22:50 OK   00030_sp05_recipe_fence.sql (7.39ms)
2026/10/03 19:22:50 OK   00031_sp05_rca_postcheck.sql (5.28ms)
2026/10/03 19:22:50 OK   00032_sp05_transport_audit.sql (4.78ms)
2026/10/03 19:22:50 OK   00033_sp05_poll_resolution_clock.sql (5.53ms)
2026/10/03 19:22:50 OK   00034_sp06_investigation_ledger.sql (40.18ms)
2026/10/03 19:22:50 goose: successfully migrated database to version: 34
2026/10/03 19:22:51 OK   00001_roles_and_schemas.sql (37.99ms)
2026/10/03 19:22:51 goose: successfully migrated database to version: 1
2026/10/03 19:22:51 OK   00002_platform_meta.sql (38.47ms)
2026/10/03 19:22:51 OK   00003_finding.sql (40.25ms)
2026/10/03 19:22:51 OK   00004_incident.sql (58.57ms)
2026/10/03 19:22:51 OK   00005_investigation.sql (14.65ms)
2026/10/03 19:22:51 OK   00006_action_command.sql (35ms)
2026/10/03 19:22:51 OK   00007_audit.sql (10.8ms)
2026/10/03 19:22:51 OK   00008_rls.sql (8.76ms)
2026/10/03 19:22:51 OK   00009_idempotency_ledger.sql (35.97ms)
2026/10/03 19:22:51 OK   00010_tenant_provisioning.sql (8.74ms)
2026/10/03 19:22:51 OK   00011_source_registration_history.sql (37.54ms)
2026/10/03 19:22:51 OK   00012_config_registry_lifecycle.sql (20.84ms)
2026/10/03 19:22:51 OK   00013_audit_signed_segments.sql (38.55ms)
2026/10/03 19:22:51 OK   00014_audit_segment_predecessors.sql (34.7ms)
2026/10/03 19:22:51 OK   00015_source_schema_scope.sql (10.8ms)
2026/10/03 19:22:51 OK   00016_cluster_registration_metadata.sql (5.97ms)
2026/10/03 19:22:51 OK   00017_source_data_scope.sql (4.76ms)
2026/10/03 19:22:51 OK   00018_sp04_resources_evidence.sql (43.82ms)
2026/10/03 19:22:51 OK   00019_sp04_archive_ciphertext_bytes.sql (4.61ms)
2026/10/03 19:22:51 OK   00020_sp04_request_ledger.sql (5.79ms)
2026/10/03 19:22:52 OK   00021_sp04_archive_protection.sql (16.56ms)
2026/10/03 19:22:52 OK   00022_sp04_legal_hold_dependencies.sql (18.59ms)
2026/10/03 19:22:52 OK   00023_sp04_archive_query_intent.sql (6.87ms)
2026/10/03 19:22:52 OK   00024_sp05_finding_incident.sql (54.39ms)
2026/10/03 19:22:52 OK   00025_sp05_incident_event_time.sql (4.17ms)
2026/10/03 19:22:52 OK   00026_sp05_source_binding_lock.sql (37.53ms)
2026/10/03 19:22:52 OK   00027_sp05_rca_and_poll.sql (16.43ms)
2026/10/03 19:22:52 OK   00028_sp05_operator_lock.sql (5.12ms)
2026/10/03 19:22:52 OK   00029_sp05_evidence_links.sql (17.67ms)
2026/10/03 19:22:52 OK   00030_sp05_recipe_fence.sql (16.43ms)
2026/10/03 19:22:52 OK   00031_sp05_rca_postcheck.sql (4.14ms)
2026/10/03 19:22:52 OK   00032_sp05_transport_audit.sql (4.04ms)
2026/10/03 19:22:52 OK   00033_sp05_poll_resolution_clock.sql (4.16ms)
2026/10/03 19:22:52 OK   00034_sp06_investigation_ledger.sql (45.62ms)
2026/10/03 19:22:52 goose: successfully migrated database to version: 34
2026/10/03 19:22:53 OK   00001_roles_and_schemas.sql (24.5ms)
2026/10/03 19:22:53 goose: successfully migrated database to version: 1
2026/10/03 19:22:53 OK   00002_platform_meta.sql (65.9ms)
2026/10/03 19:22:53 OK   00003_finding.sql (14.49ms)
2026/10/03 19:22:53 OK   00004_incident.sql (28.92ms)
2026/10/03 19:22:53 OK   00005_investigation.sql (13.09ms)
2026/10/03 19:22:53 OK   00006_action_command.sql (27.22ms)
2026/10/03 19:22:53 OK   00007_audit.sql (26.63ms)
2026/10/03 19:22:53 OK   00008_rls.sql (8.82ms)
2026/10/03 19:22:53 OK   00009_idempotency_ledger.sql (6.23ms)
2026/10/03 19:22:53 OK   00010_tenant_provisioning.sql (26.3ms)
2026/10/03 19:22:53 OK   00011_source_registration_history.sql (14.59ms)
2026/10/03 19:22:53 OK   00012_config_registry_lifecycle.sql (16.83ms)
2026/10/03 19:22:53 OK   00013_audit_signed_segments.sql (17.56ms)
2026/10/03 19:22:53 OK   00014_audit_segment_predecessors.sql (16.47ms)
2026/10/03 19:22:53 OK   00015_source_schema_scope.sql (24.39ms)
2026/10/03 19:22:53 OK   00016_cluster_registration_metadata.sql (5.79ms)
2026/10/03 19:22:53 OK   00017_source_data_scope.sql (4.42ms)
2026/10/03 19:22:53 OK   00018_sp04_resources_evidence.sql (26.11ms)
2026/10/03 19:22:53 OK   00019_sp04_archive_ciphertext_bytes.sql (11.65ms)
2026/10/03 19:22:53 OK   00020_sp04_request_ledger.sql (22.92ms)
2026/10/03 19:22:53 OK   00021_sp04_archive_protection.sql (4.6ms)
2026/10/03 19:22:53 OK   00022_sp04_legal_hold_dependencies.sql (3.17ms)
2026/10/03 19:22:53 OK   00023_sp04_archive_query_intent.sql (26.1ms)
2026/10/03 19:22:53 OK   00024_sp05_finding_incident.sql (38.19ms)
2026/10/03 19:22:53 OK   00025_sp05_incident_event_time.sql (27.73ms)
2026/10/03 19:22:53 OK   00026_sp05_source_binding_lock.sql (3.75ms)
2026/10/03 19:22:53 OK   00027_sp05_rca_and_poll.sql (8.95ms)
2026/10/03 19:22:53 OK   00028_sp05_operator_lock.sql (6.93ms)
2026/10/03 19:22:53 OK   00029_sp05_evidence_links.sql (9.81ms)
2026/10/03 19:22:53 OK   00030_sp05_recipe_fence.sql (4.23ms)
2026/10/03 19:22:53 OK   00031_sp05_rca_postcheck.sql (4.39ms)
2026/10/03 19:22:53 OK   00032_sp05_transport_audit.sql (5.5ms)
2026/10/03 19:22:53 OK   00033_sp05_poll_resolution_clock.sql (6.76ms)
2026/10/03 19:22:54 OK   00034_sp06_investigation_ledger.sql (29.26ms)
2026/10/03 19:22:54 goose: successfully migrated database to version: 34
2026/10/03 19:22:54 OK   00001_roles_and_schemas.sql (37.34ms)
2026/10/03 19:22:54 goose: successfully migrated database to version: 1
2026/10/03 19:22:54 OK   00002_platform_meta.sql (55.55ms)
2026/10/03 19:22:54 OK   00003_finding.sql (25.02ms)
2026/10/03 19:22:54 OK   00004_incident.sql (19.09ms)
2026/10/03 19:22:54 OK   00005_investigation.sql (10.81ms)
2026/10/03 19:22:54 OK   00006_action_command.sql (11.86ms)
2026/10/03 19:22:54 OK   00007_audit.sql (77.03ms)
2026/10/03 19:22:54 OK   00008_rls.sql (34.99ms)
2026/10/03 19:22:54 OK   00009_idempotency_ledger.sql (53.52ms)
2026/10/03 19:22:54 OK   00010_tenant_provisioning.sql (7.24ms)
2026/10/03 19:22:54 OK   00011_source_registration_history.sql (37.56ms)
2026/10/03 19:22:54 OK   00012_config_registry_lifecycle.sql (29.12ms)
2026/10/03 19:22:55 OK   00013_audit_signed_segments.sql (96.95ms)
2026/10/03 19:22:55 OK   00014_audit_segment_predecessors.sql (10.39ms)
2026/10/03 19:22:55 OK   00015_source_schema_scope.sql (37.51ms)
2026/10/03 19:22:55 OK   00016_cluster_registration_metadata.sql (5.11ms)
2026/10/03 19:22:55 OK   00017_source_data_scope.sql (6.02ms)
2026/10/03 19:22:55 OK   00018_sp04_resources_evidence.sql (48.19ms)
2026/10/03 19:22:55 OK   00019_sp04_archive_ciphertext_bytes.sql (4.42ms)
2026/10/03 19:22:55 OK   00020_sp04_request_ledger.sql (5.4ms)
2026/10/03 19:22:55 OK   00021_sp04_archive_protection.sql (3.12ms)
2026/10/03 19:22:55 OK   00022_sp04_legal_hold_dependencies.sql (2.62ms)
2026/10/03 19:22:55 OK   00023_sp04_archive_query_intent.sql (2.74ms)
2026/10/03 19:22:55 OK   00024_sp05_finding_incident.sql (15.51ms)
2026/10/03 19:22:55 OK   00025_sp05_incident_event_time.sql (2.82ms)
2026/10/03 19:22:55 OK   00026_sp05_source_binding_lock.sql (3.74ms)
2026/10/03 19:22:55 OK   00027_sp05_rca_and_poll.sql (10.68ms)
2026/10/03 19:22:55 OK   00028_sp05_operator_lock.sql (11.27ms)
2026/10/03 19:22:55 OK   00029_sp05_evidence_links.sql (16.18ms)
2026/10/03 19:22:55 OK   00030_sp05_recipe_fence.sql (10.57ms)
2026/10/03 19:22:55 OK   00031_sp05_rca_postcheck.sql (3.21ms)
2026/10/03 19:22:55 OK   00032_sp05_transport_audit.sql (4.43ms)
2026/10/03 19:22:55 OK   00033_sp05_poll_resolution_clock.sql (32.89ms)
2026/10/03 19:22:55 OK   00034_sp06_investigation_ledger.sql (34.24ms)
2026/10/03 19:22:55 goose: successfully migrated database to version: 34
2026/10/03 19:23:04 OK   00001_roles_and_schemas.sql (81.87ms)
2026/10/03 19:23:04 goose: successfully migrated database to version: 1
2026/10/03 19:23:04 OK   00002_platform_meta.sql (78.16ms)
2026/10/03 19:23:04 OK   00003_finding.sql (39.84ms)
2026/10/03 19:23:04 OK   00004_incident.sql (34.56ms)
2026/10/03 19:23:04 OK   00005_investigation.sql (10ms)
2026/10/03 19:23:04 OK   00006_action_command.sql (37.19ms)
2026/10/03 19:23:04 OK   00007_audit.sql (14.06ms)
2026/10/03 19:23:05 OK   00008_rls.sql (12.35ms)
2026/10/03 19:23:05 OK   00009_idempotency_ledger.sql (18.59ms)
2026/10/03 19:23:05 OK   00010_tenant_provisioning.sql (7.58ms)
2026/10/03 19:23:05 OK   00011_source_registration_history.sql (35.57ms)
2026/10/03 19:23:05 OK   00012_config_registry_lifecycle.sql (37.23ms)
2026/10/03 19:23:05 OK   00013_audit_signed_segments.sql (24.24ms)
2026/10/03 19:23:05 OK   00014_audit_segment_predecessors.sql (6.97ms)
2026/10/03 19:23:05 OK   00015_source_schema_scope.sql (5.01ms)
2026/10/03 19:23:05 OK   00016_cluster_registration_metadata.sql (9.33ms)
2026/10/03 19:23:05 OK   00017_source_data_scope.sql (5.77ms)
2026/10/03 19:23:05 OK   00018_sp04_resources_evidence.sql (29.62ms)
2026/10/03 19:23:05 OK   00019_sp04_archive_ciphertext_bytes.sql (3.86ms)
2026/10/03 19:23:05 OK   00020_sp04_request_ledger.sql (4.49ms)
2026/10/03 19:23:05 OK   00021_sp04_archive_protection.sql (3.71ms)
2026/10/03 19:23:05 OK   00022_sp04_legal_hold_dependencies.sql (3.32ms)
2026/10/03 19:23:05 OK   00023_sp04_archive_query_intent.sql (3.67ms)
2026/10/03 19:23:05 OK   00024_sp05_finding_incident.sql (44.68ms)
2026/10/03 19:23:05 OK   00025_sp05_incident_event_time.sql (3.19ms)
2026/10/03 19:23:05 OK   00026_sp05_source_binding_lock.sql (2.67ms)
2026/10/03 19:23:05 OK   00027_sp05_rca_and_poll.sql (14.7ms)
2026/10/03 19:23:05 OK   00028_sp05_operator_lock.sql (6.66ms)
2026/10/03 19:23:05 OK   00029_sp05_evidence_links.sql (8.21ms)
2026/10/03 19:23:05 OK   00030_sp05_recipe_fence.sql (5.87ms)
2026/10/03 19:23:05 OK   00031_sp05_rca_postcheck.sql (4.34ms)
2026/10/03 19:23:05 OK   00032_sp05_transport_audit.sql (11.38ms)
2026/10/03 19:23:05 OK   00033_sp05_poll_resolution_clock.sql (5.16ms)
2026/10/03 19:23:05 OK   00034_sp06_investigation_ledger.sql (42.95ms)
2026/10/03 19:23:05 goose: successfully migrated database to version: 34
2026/10/03 19:23:13 OK   00001_roles_and_schemas.sql (59.71ms)
2026/10/03 19:23:13 goose: successfully migrated database to version: 1
2026/10/03 19:23:13 OK   00002_platform_meta.sql (112.38ms)
2026/10/03 19:23:13 OK   00003_finding.sql (42.82ms)
2026/10/03 19:23:13 OK   00004_incident.sql (28.97ms)
2026/10/03 19:23:13 OK   00005_investigation.sql (25.63ms)
2026/10/03 19:23:13 OK   00006_action_command.sql (14.81ms)
2026/10/03 19:23:13 OK   00007_audit.sql (45.7ms)
2026/10/03 19:23:13 OK   00008_rls.sql (15.72ms)
2026/10/03 19:23:13 OK   00009_idempotency_ledger.sql (46.21ms)
2026/10/03 19:23:14 OK   00010_tenant_provisioning.sql (20.93ms)
2026/10/03 19:23:14 OK   00011_source_registration_history.sql (69.57ms)
2026/10/03 19:23:14 OK   00012_config_registry_lifecycle.sql (28.97ms)
2026/10/03 19:23:14 OK   00013_audit_signed_segments.sql (35.12ms)
2026/10/03 19:23:14 OK   00014_audit_segment_predecessors.sql (10.72ms)
2026/10/03 19:23:14 OK   00015_source_schema_scope.sql (8.33ms)
2026/10/03 19:23:14 OK   00016_cluster_registration_metadata.sql (20.02ms)
2026/10/03 19:23:14 OK   00017_source_data_scope.sql (17.62ms)
2026/10/03 19:23:14 OK   00018_sp04_resources_evidence.sql (63.41ms)
2026/10/03 19:23:14 OK   00019_sp04_archive_ciphertext_bytes.sql (16.04ms)
2026/10/03 19:23:14 OK   00020_sp04_request_ledger.sql (25.57ms)
2026/10/03 19:23:14 OK   00021_sp04_archive_protection.sql (26.12ms)
2026/10/03 19:23:14 OK   00022_sp04_legal_hold_dependencies.sql (7.75ms)
2026/10/03 19:23:14 OK   00023_sp04_archive_query_intent.sql (4.48ms)
2026/10/03 19:23:14 OK   00024_sp05_finding_incident.sql (40.83ms)
2026/10/03 19:23:14 OK   00025_sp05_incident_event_time.sql (7.63ms)
2026/10/03 19:23:14 OK   00026_sp05_source_binding_lock.sql (5.76ms)
2026/10/03 19:23:14 OK   00027_sp05_rca_and_poll.sql (12ms)
2026/10/03 19:23:14 OK   00028_sp05_operator_lock.sql (5.94ms)
2026/10/03 19:23:14 OK   00029_sp05_evidence_links.sql (39.72ms)
2026/10/03 19:23:14 OK   00030_sp05_recipe_fence.sql (5.11ms)
2026/10/03 19:23:14 OK   00031_sp05_rca_postcheck.sql (3.44ms)
2026/10/03 19:23:14 OK   00032_sp05_transport_audit.sql (3.47ms)
2026/10/03 19:23:14 OK   00033_sp05_poll_resolution_clock.sql (11.01ms)
2026/10/03 19:23:14 OK   00034_sp06_investigation_ledger.sql (72.15ms)
2026/10/03 19:23:14 goose: successfully migrated database to version: 34
2026/10/03 19:23:22 OK   00001_roles_and_schemas.sql (54.06ms)
2026/10/03 19:23:22 goose: successfully migrated database to version: 1
2026/10/03 19:23:22 OK   00002_platform_meta.sql (137.07ms)
2026/10/03 19:23:22 OK   00003_finding.sql (35.73ms)
2026/10/03 19:23:22 OK   00004_incident.sql (15.43ms)
2026/10/03 19:23:22 OK   00005_investigation.sql (28.23ms)
2026/10/03 19:23:22 OK   00006_action_command.sql (14.34ms)
2026/10/03 19:23:22 OK   00007_audit.sql (41.56ms)
2026/10/03 19:23:22 OK   00008_rls.sql (27.51ms)
2026/10/03 19:23:23 OK   00009_idempotency_ledger.sql (23.93ms)
2026/10/03 19:23:23 OK   00010_tenant_provisioning.sql (8.13ms)
2026/10/03 19:23:23 OK   00011_source_registration_history.sql (26.33ms)
2026/10/03 19:23:23 OK   00012_config_registry_lifecycle.sql (15.16ms)
2026/10/03 19:23:23 OK   00013_audit_signed_segments.sql (23.11ms)
2026/10/03 19:23:23 OK   00014_audit_segment_predecessors.sql (28.81ms)
2026/10/03 19:23:23 OK   00015_source_schema_scope.sql (6.5ms)
2026/10/03 19:23:23 OK   00016_cluster_registration_metadata.sql (7.06ms)
2026/10/03 19:23:23 OK   00017_source_data_scope.sql (5.82ms)
2026/10/03 19:23:23 OK   00018_sp04_resources_evidence.sql (43.67ms)
2026/10/03 19:23:23 OK   00019_sp04_archive_ciphertext_bytes.sql (3.82ms)
2026/10/03 19:23:23 OK   00020_sp04_request_ledger.sql (8.2ms)
2026/10/03 19:23:23 OK   00021_sp04_archive_protection.sql (8.52ms)
2026/10/03 19:23:23 OK   00022_sp04_legal_hold_dependencies.sql (16.58ms)
2026/10/03 19:23:23 OK   00023_sp04_archive_query_intent.sql (13.5ms)
2026/10/03 19:23:23 OK   00024_sp05_finding_incident.sql (127.97ms)
2026/10/03 19:23:23 OK   00025_sp05_incident_event_time.sql (5.15ms)
2026/10/03 19:23:23 OK   00026_sp05_source_binding_lock.sql (34.42ms)
2026/10/03 19:23:23 OK   00027_sp05_rca_and_poll.sql (68.39ms)
2026/10/03 19:23:23 OK   00028_sp05_operator_lock.sql (31.65ms)
2026/10/03 19:23:23 OK   00029_sp05_evidence_links.sql (11.9ms)
2026/10/03 19:23:23 OK   00030_sp05_recipe_fence.sql (4.73ms)
2026/10/03 19:23:23 OK   00031_sp05_rca_postcheck.sql (5.9ms)
2026/10/03 19:23:23 OK   00032_sp05_transport_audit.sql (12.57ms)
2026/10/03 19:23:23 OK   00033_sp05_poll_resolution_clock.sql (14.33ms)
2026/10/03 19:23:23 OK   00034_sp06_investigation_ledger.sql (70.06ms)
2026/10/03 19:23:23 goose: successfully migrated database to version: 34
2026/10/03 19:23:30 OK   00001_roles_and_schemas.sql (58.86ms)
2026/10/03 19:23:30 goose: successfully migrated database to version: 1
2026/10/03 19:23:31 OK   00002_platform_meta.sql (63.71ms)
2026/10/03 19:23:31 OK   00003_finding.sql (36.41ms)
2026/10/03 19:23:31 OK   00004_incident.sql (10.77ms)
2026/10/03 19:23:31 OK   00005_investigation.sql (9.42ms)
2026/10/03 19:23:31 OK   00006_action_command.sql (53.87ms)
2026/10/03 19:23:31 OK   00007_audit.sql (64.58ms)
2026/10/03 19:23:31 OK   00008_rls.sql (15.43ms)
2026/10/03 19:23:31 OK   00009_idempotency_ledger.sql (12.29ms)
2026/10/03 19:23:31 OK   00010_tenant_provisioning.sql (14.26ms)
2026/10/03 19:23:31 OK   00011_source_registration_history.sql (17.09ms)
2026/10/03 19:23:31 OK   00012_config_registry_lifecycle.sql (20.34ms)
2026/10/03 19:23:31 OK   00013_audit_signed_segments.sql (35.33ms)
2026/10/03 19:23:31 OK   00014_audit_segment_predecessors.sql (24.18ms)
2026/10/03 19:23:31 OK   00015_source_schema_scope.sql (14.06ms)
2026/10/03 19:23:31 OK   00016_cluster_registration_metadata.sql (19.93ms)
2026/10/03 19:23:31 OK   00017_source_data_scope.sql (6.07ms)
2026/10/03 19:23:31 OK   00018_sp04_resources_evidence.sql (32.75ms)
2026/10/03 19:23:31 OK   00019_sp04_archive_ciphertext_bytes.sql (39.08ms)
2026/10/03 19:23:31 OK   00020_sp04_request_ledger.sql (7.96ms)
2026/10/03 19:23:31 OK   00021_sp04_archive_protection.sql (31.64ms)
2026/10/03 19:23:31 OK   00022_sp04_legal_hold_dependencies.sql (18.48ms)
2026/10/03 19:23:31 OK   00023_sp04_archive_query_intent.sql (5.79ms)
2026/10/03 19:23:31 OK   00024_sp05_finding_incident.sql (38.02ms)
2026/10/03 19:23:31 OK   00025_sp05_incident_event_time.sql (4.02ms)
2026/10/03 19:23:31 OK   00026_sp05_source_binding_lock.sql (3.09ms)
2026/10/03 19:23:31 OK   00027_sp05_rca_and_poll.sql (41.85ms)
2026/10/03 19:23:31 OK   00028_sp05_operator_lock.sql (5.8ms)
2026/10/03 19:23:31 OK   00029_sp05_evidence_links.sql (29.23ms)
2026/10/03 19:23:31 OK   00030_sp05_recipe_fence.sql (8.13ms)
2026/10/03 19:23:31 OK   00031_sp05_rca_postcheck.sql (5.32ms)
2026/10/03 19:23:31 OK   00032_sp05_transport_audit.sql (6.61ms)
2026/10/03 19:23:31 OK   00033_sp05_poll_resolution_clock.sql (28.82ms)
2026/10/03 19:23:31 OK   00034_sp06_investigation_ledger.sql (49.36ms)
2026/10/03 19:23:31 goose: successfully migrated database to version: 34
2026/10/03 19:23:38 OK   00001_roles_and_schemas.sql (26.92ms)
2026/10/03 19:23:38 goose: successfully migrated database to version: 1
2026/10/03 19:23:38 OK   00002_platform_meta.sql (60.48ms)
2026/10/03 19:23:38 OK   00003_finding.sql (27.12ms)
2026/10/03 19:23:38 OK   00004_incident.sql (19.59ms)
2026/10/03 19:23:38 OK   00005_investigation.sql (21.31ms)
2026/10/03 19:23:38 OK   00006_action_command.sql (36.2ms)
2026/10/03 19:23:38 OK   00007_audit.sql (29.03ms)
2026/10/03 19:23:39 OK   00008_rls.sql (17.58ms)
2026/10/03 19:23:39 OK   00009_idempotency_ledger.sql (39.99ms)
2026/10/03 19:23:39 OK   00010_tenant_provisioning.sql (33.51ms)
2026/10/03 19:23:39 OK   00011_source_registration_history.sql (41.16ms)
2026/10/03 19:23:39 OK   00012_config_registry_lifecycle.sql (50.49ms)
2026/10/03 19:23:39 OK   00013_audit_signed_segments.sql (23.61ms)
2026/10/03 19:23:39 OK   00014_audit_segment_predecessors.sql (11.76ms)
2026/10/03 19:23:39 OK   00015_source_schema_scope.sql (10.94ms)
2026/10/03 19:23:39 OK   00016_cluster_registration_metadata.sql (35.58ms)
2026/10/03 19:23:39 OK   00017_source_data_scope.sql (46.2ms)
2026/10/03 19:23:39 OK   00018_sp04_resources_evidence.sql (52.4ms)
2026/10/03 19:23:39 OK   00019_sp04_archive_ciphertext_bytes.sql (5.37ms)
2026/10/03 19:23:39 OK   00020_sp04_request_ledger.sql (6.54ms)
2026/10/03 19:23:39 OK   00021_sp04_archive_protection.sql (18.19ms)
2026/10/03 19:23:39 OK   00022_sp04_legal_hold_dependencies.sql (6.84ms)
2026/10/03 19:23:39 OK   00023_sp04_archive_query_intent.sql (5.46ms)
2026/10/03 19:23:39 OK   00024_sp05_finding_incident.sql (40.27ms)
2026/10/03 19:23:39 OK   00025_sp05_incident_event_time.sql (27.22ms)
2026/10/03 19:23:39 OK   00026_sp05_source_binding_lock.sql (15.26ms)
2026/10/03 19:23:39 OK   00027_sp05_rca_and_poll.sql (17.81ms)
2026/10/03 19:23:39 OK   00028_sp05_operator_lock.sql (41.95ms)
2026/10/03 19:23:39 OK   00029_sp05_evidence_links.sql (12.26ms)
2026/10/03 19:23:39 OK   00030_sp05_recipe_fence.sql (10.65ms)
2026/10/03 19:23:39 OK   00031_sp05_rca_postcheck.sql (55.47ms)
2026/10/03 19:23:39 OK   00032_sp05_transport_audit.sql (9.1ms)
2026/10/03 19:23:39 OK   00033_sp05_poll_resolution_clock.sql (47.55ms)
2026/10/03 19:23:39 OK   00034_sp06_investigation_ledger.sql (59.87ms)
2026/10/03 19:23:39 goose: successfully migrated database to version: 34
2026/10/03 19:23:49 OK   00001_roles_and_schemas.sql (59.29ms)
2026/10/03 19:23:49 goose: successfully migrated database to version: 1
2026/10/03 19:23:49 OK   00002_platform_meta.sql (111.36ms)
2026/10/03 19:23:49 OK   00003_finding.sql (45.93ms)
2026/10/03 19:23:49 OK   00004_incident.sql (19.77ms)
2026/10/03 19:23:49 OK   00005_investigation.sql (12.45ms)
2026/10/03 19:23:49 OK   00006_action_command.sql (66.5ms)
2026/10/03 19:23:49 OK   00007_audit.sql (115.73ms)
2026/10/03 19:23:49 OK   00008_rls.sql (20.2ms)
2026/10/03 19:23:49 OK   00009_idempotency_ledger.sql (46.19ms)
2026/10/03 19:23:49 OK   00010_tenant_provisioning.sql (6.54ms)
2026/10/03 19:23:50 OK   00011_source_registration_history.sql (20.07ms)
2026/10/03 19:23:50 OK   00012_config_registry_lifecycle.sql (29.26ms)
2026/10/03 19:23:50 OK   00013_audit_signed_segments.sql (28.88ms)
2026/10/03 19:23:50 OK   00014_audit_segment_predecessors.sql (11.42ms)
2026/10/03 19:23:50 OK   00015_source_schema_scope.sql (14.01ms)
2026/10/03 19:23:50 OK   00016_cluster_registration_metadata.sql (18.57ms)
2026/10/03 19:23:50 OK   00017_source_data_scope.sql (12.3ms)
2026/10/03 19:23:50 OK   00018_sp04_resources_evidence.sql (21.26ms)
2026/10/03 19:23:50 OK   00019_sp04_archive_ciphertext_bytes.sql (3.91ms)
2026/10/03 19:23:50 OK   00020_sp04_request_ledger.sql (11.54ms)
2026/10/03 19:23:50 OK   00021_sp04_archive_protection.sql (14.77ms)
2026/10/03 19:23:50 OK   00022_sp04_legal_hold_dependencies.sql (12.52ms)
2026/10/03 19:23:50 OK   00023_sp04_archive_query_intent.sql (33.72ms)
2026/10/03 19:23:50 OK   00024_sp05_finding_incident.sql (26.88ms)
2026/10/03 19:23:50 OK   00025_sp05_incident_event_time.sql (29.47ms)
2026/10/03 19:23:50 OK   00026_sp05_source_binding_lock.sql (19.95ms)
2026/10/03 19:23:50 OK   00027_sp05_rca_and_poll.sql (15.77ms)
2026/10/03 19:23:50 OK   00028_sp05_operator_lock.sql (37.41ms)
2026/10/03 19:23:50 OK   00029_sp05_evidence_links.sql (10.2ms)
2026/10/03 19:23:50 OK   00030_sp05_recipe_fence.sql (21ms)
2026/10/03 19:23:50 OK   00031_sp05_rca_postcheck.sql (4.27ms)
2026/10/03 19:23:50 OK   00032_sp05_transport_audit.sql (4.32ms)
2026/10/03 19:23:50 OK   00033_sp05_poll_resolution_clock.sql (5.03ms)
2026/10/03 19:23:50 OK   00034_sp06_investigation_ledger.sql (80ms)
2026/10/03 19:23:50 goose: successfully migrated database to version: 34
2026/10/03 19:23:58 OK   00001_roles_and_schemas.sql (33.15ms)
2026/10/03 19:23:58 goose: successfully migrated database to version: 1
2026/10/03 19:23:58 OK   00002_platform_meta.sql (97.67ms)
2026/10/03 19:23:58 OK   00003_finding.sql (70.92ms)
2026/10/03 19:23:58 OK   00004_incident.sql (11.32ms)
2026/10/03 19:23:58 OK   00005_investigation.sql (27.04ms)
2026/10/03 19:23:58 OK   00006_action_command.sql (19.61ms)
2026/10/03 19:23:58 OK   00007_audit.sql (15.51ms)
2026/10/03 19:23:58 OK   00008_rls.sql (12.67ms)
2026/10/03 19:23:58 OK   00009_idempotency_ledger.sql (13.7ms)
2026/10/03 19:23:58 OK   00010_tenant_provisioning.sql (11.53ms)
2026/10/03 19:23:58 OK   00011_source_registration_history.sql (22.67ms)
2026/10/03 19:23:58 OK   00012_config_registry_lifecycle.sql (27.71ms)
2026/10/03 19:23:58 OK   00013_audit_signed_segments.sql (70.08ms)
2026/10/03 19:23:58 OK   00014_audit_segment_predecessors.sql (13.12ms)
2026/10/03 19:23:58 OK   00015_source_schema_scope.sql (5.41ms)
2026/10/03 19:23:58 OK   00016_cluster_registration_metadata.sql (9.3ms)
2026/10/03 19:23:58 OK   00017_source_data_scope.sql (6.44ms)
2026/10/03 19:23:58 OK   00018_sp04_resources_evidence.sql (14.88ms)
2026/10/03 19:23:58 OK   00019_sp04_archive_ciphertext_bytes.sql (4.14ms)
2026/10/03 19:23:58 OK   00020_sp04_request_ledger.sql (8.5ms)
2026/10/03 19:23:58 OK   00021_sp04_archive_protection.sql (5.13ms)
2026/10/03 19:23:58 OK   00022_sp04_legal_hold_dependencies.sql (5.47ms)
2026/10/03 19:23:58 OK   00023_sp04_archive_query_intent.sql (8.31ms)
2026/10/03 19:23:58 OK   00024_sp05_finding_incident.sql (25.81ms)
2026/10/03 19:23:58 OK   00025_sp05_incident_event_time.sql (4.34ms)
2026/10/03 19:23:58 OK   00026_sp05_source_binding_lock.sql (5.33ms)
2026/10/03 19:23:58 OK   00027_sp05_rca_and_poll.sql (20.4ms)
2026/10/03 19:23:59 OK   00028_sp05_operator_lock.sql (12.09ms)
2026/10/03 19:23:59 OK   00029_sp05_evidence_links.sql (8.49ms)
2026/10/03 19:23:59 OK   00030_sp05_recipe_fence.sql (3.8ms)
2026/10/03 19:23:59 OK   00031_sp05_rca_postcheck.sql (4.76ms)
2026/10/03 19:23:59 OK   00032_sp05_transport_audit.sql (6.66ms)
2026/10/03 19:23:59 OK   00033_sp05_poll_resolution_clock.sql (8.98ms)
2026/10/03 19:23:59 OK   00034_sp06_investigation_ledger.sql (23.46ms)
2026/10/03 19:23:59 goose: successfully migrated database to version: 34
2026/10/03 19:24:08 OK   00001_roles_and_schemas.sql (70.29ms)
2026/10/03 19:24:08 goose: successfully migrated database to version: 1
2026/10/03 19:24:08 OK   00002_platform_meta.sql (84.44ms)
2026/10/03 19:24:08 OK   00003_finding.sql (55.7ms)
2026/10/03 19:24:08 OK   00004_incident.sql (12.12ms)
2026/10/03 19:24:08 OK   00005_investigation.sql (65.08ms)
2026/10/03 19:24:08 OK   00006_action_command.sql (24.7ms)
2026/10/03 19:24:08 OK   00007_audit.sql (31.78ms)
2026/10/03 19:24:08 OK   00008_rls.sql (25.8ms)
2026/10/03 19:24:08 OK   00009_idempotency_ledger.sql (11.48ms)
2026/10/03 19:24:08 OK   00010_tenant_provisioning.sql (8.98ms)
2026/10/03 19:24:08 OK   00011_source_registration_history.sql (81.46ms)
2026/10/03 19:24:08 OK   00012_config_registry_lifecycle.sql (61.13ms)
2026/10/03 19:24:08 OK   00013_audit_signed_segments.sql (54.99ms)
2026/10/03 19:24:08 OK   00014_audit_segment_predecessors.sql (35.14ms)
2026/10/03 19:24:08 OK   00015_source_schema_scope.sql (25.34ms)
2026/10/03 19:24:08 OK   00016_cluster_registration_metadata.sql (17.73ms)
2026/10/03 19:24:08 OK   00017_source_data_scope.sql (6.64ms)
2026/10/03 19:24:08 OK   00018_sp04_resources_evidence.sql (51.99ms)
2026/10/03 19:24:08 OK   00019_sp04_archive_ciphertext_bytes.sql (18.18ms)
2026/10/03 19:24:08 OK   00020_sp04_request_ledger.sql (14.85ms)
2026/10/03 19:24:09 OK   00021_sp04_archive_protection.sql (31.64ms)
2026/10/03 19:24:09 OK   00022_sp04_legal_hold_dependencies.sql (34.65ms)
2026/10/03 19:24:09 OK   00023_sp04_archive_query_intent.sql (44ms)
2026/10/03 19:24:09 OK   00024_sp05_finding_incident.sql (63.12ms)
2026/10/03 19:24:09 OK   00025_sp05_incident_event_time.sql (7.76ms)
2026/10/03 19:24:09 OK   00026_sp05_source_binding_lock.sql (15.16ms)
2026/10/03 19:24:09 OK   00027_sp05_rca_and_poll.sql (50.06ms)
2026/10/03 19:24:09 OK   00028_sp05_operator_lock.sql (9.44ms)
2026/10/03 19:24:09 OK   00029_sp05_evidence_links.sql (51.67ms)
2026/10/03 19:24:09 OK   00030_sp05_recipe_fence.sql (15.51ms)
2026/10/03 19:24:09 OK   00031_sp05_rca_postcheck.sql (6.25ms)
2026/10/03 19:24:09 OK   00032_sp05_transport_audit.sql (4.52ms)
2026/10/03 19:24:09 OK   00033_sp05_poll_resolution_clock.sql (8.27ms)
2026/10/03 19:24:09 OK   00034_sp06_investigation_ledger.sql (121.53ms)
2026/10/03 19:24:09 goose: successfully migrated database to version: 34
2026/10/03 19:24:18 OK   00001_roles_and_schemas.sql (12.3ms)
2026/10/03 19:24:18 goose: successfully migrated database to version: 1
2026/10/03 19:24:19 OK   00002_platform_meta.sql (58.99ms)
2026/10/03 19:24:19 OK   00003_finding.sql (17.64ms)
2026/10/03 19:24:19 OK   00004_incident.sql (14.55ms)
2026/10/03 19:24:19 OK   00005_investigation.sql (34.85ms)
2026/10/03 19:24:19 OK   00006_action_command.sql (39.66ms)
2026/10/03 19:24:19 OK   00007_audit.sql (13.39ms)
2026/10/03 19:24:19 OK   00008_rls.sql (55.19ms)
2026/10/03 19:24:19 OK   00009_idempotency_ledger.sql (28.64ms)
2026/10/03 19:24:19 OK   00010_tenant_provisioning.sql (41.52ms)
2026/10/03 19:24:19 OK   00011_source_registration_history.sql (58.32ms)
2026/10/03 19:24:19 OK   00012_config_registry_lifecycle.sql (73.94ms)
2026/10/03 19:24:19 OK   00013_audit_signed_segments.sql (34.07ms)
2026/10/03 19:24:19 OK   00014_audit_segment_predecessors.sql (35.65ms)
2026/10/03 19:24:19 OK   00015_source_schema_scope.sql (7.37ms)
2026/10/03 19:24:19 OK   00016_cluster_registration_metadata.sql (7.84ms)
2026/10/03 19:24:19 OK   00017_source_data_scope.sql (11.26ms)
2026/10/03 19:24:19 OK   00018_sp04_resources_evidence.sql (34.33ms)
2026/10/03 19:24:19 OK   00019_sp04_archive_ciphertext_bytes.sql (13.63ms)
2026/10/03 19:24:19 OK   00020_sp04_request_ledger.sql (11.51ms)
2026/10/03 19:24:19 OK   00021_sp04_archive_protection.sql (2.91ms)
2026/10/03 19:24:19 OK   00022_sp04_legal_hold_dependencies.sql (2.84ms)
2026/10/03 19:24:19 OK   00023_sp04_archive_query_intent.sql (2.81ms)
2026/10/03 19:24:19 OK   00024_sp05_finding_incident.sql (49ms)
2026/10/03 19:24:19 OK   00025_sp05_incident_event_time.sql (28.39ms)
2026/10/03 19:24:19 OK   00026_sp05_source_binding_lock.sql (8.85ms)
2026/10/03 19:24:19 OK   00027_sp05_rca_and_poll.sql (17.39ms)
2026/10/03 19:24:19 OK   00028_sp05_operator_lock.sql (5.93ms)
2026/10/03 19:24:19 OK   00029_sp05_evidence_links.sql (25.49ms)
2026/10/03 19:24:19 OK   00030_sp05_recipe_fence.sql (16.09ms)
2026/10/03 19:24:19 OK   00031_sp05_rca_postcheck.sql (4.03ms)
2026/10/03 19:24:19 OK   00032_sp05_transport_audit.sql (8.61ms)
2026/10/03 19:24:19 OK   00033_sp05_poll_resolution_clock.sql (34.39ms)
2026/10/03 19:24:19 OK   00034_sp06_investigation_ledger.sql (113.8ms)
2026/10/03 19:24:19 goose: successfully migrated database to version: 34
2026/10/03 19:24:26 OK   00001_roles_and_schemas.sql (38.11ms)
2026/10/03 19:24:26 goose: successfully migrated database to version: 1
2026/10/03 19:24:26 OK   00002_platform_meta.sql (78.5ms)
2026/10/03 19:24:26 OK   00003_finding.sql (10.19ms)
2026/10/03 19:24:26 OK   00004_incident.sql (6.29ms)
2026/10/03 19:24:26 OK   00005_investigation.sql (16.29ms)
2026/10/03 19:24:26 OK   00006_action_command.sql (27.04ms)
2026/10/03 19:24:26 OK   00007_audit.sql (34.98ms)
2026/10/03 19:24:27 OK   00008_rls.sql (38.22ms)
2026/10/03 19:24:27 OK   00009_idempotency_ledger.sql (40.83ms)
2026/10/03 19:24:27 OK   00010_tenant_provisioning.sql (6.61ms)
2026/10/03 19:24:27 OK   00011_source_registration_history.sql (40.65ms)
2026/10/03 19:24:27 OK   00012_config_registry_lifecycle.sql (16.29ms)
2026/10/03 19:24:27 OK   00013_audit_signed_segments.sql (74.98ms)
2026/10/03 19:24:27 OK   00014_audit_segment_predecessors.sql (9.06ms)
2026/10/03 19:24:27 OK   00015_source_schema_scope.sql (8.98ms)
2026/10/03 19:24:27 OK   00016_cluster_registration_metadata.sql (40.84ms)
2026/10/03 19:24:27 OK   00017_source_data_scope.sql (46.04ms)
2026/10/03 19:24:27 OK   00018_sp04_resources_evidence.sql (62.46ms)
2026/10/03 19:24:27 OK   00019_sp04_archive_ciphertext_bytes.sql (4.85ms)
2026/10/03 19:24:27 OK   00020_sp04_request_ledger.sql (9.07ms)
2026/10/03 19:24:27 OK   00021_sp04_archive_protection.sql (30.78ms)
2026/10/03 19:24:27 OK   00022_sp04_legal_hold_dependencies.sql (5.27ms)
2026/10/03 19:24:27 OK   00023_sp04_archive_query_intent.sql (3.38ms)
2026/10/03 19:24:27 OK   00024_sp05_finding_incident.sql (41.23ms)
2026/10/03 19:24:27 OK   00025_sp05_incident_event_time.sql (2.89ms)
2026/10/03 19:24:27 OK   00026_sp05_source_binding_lock.sql (38.23ms)
2026/10/03 19:24:27 OK   00027_sp05_rca_and_poll.sql (11.45ms)
2026/10/03 19:24:27 OK   00028_sp05_operator_lock.sql (4.68ms)
2026/10/03 19:24:27 OK   00029_sp05_evidence_links.sql (23.99ms)
2026/10/03 19:24:27 OK   00030_sp05_recipe_fence.sql (28.17ms)
2026/10/03 19:24:27 OK   00031_sp05_rca_postcheck.sql (16.48ms)
2026/10/03 19:24:27 OK   00032_sp05_transport_audit.sql (29.73ms)
2026/10/03 19:24:27 OK   00033_sp05_poll_resolution_clock.sql (9.71ms)
2026/10/03 19:24:27 OK   00034_sp06_investigation_ledger.sql (63.75ms)
2026/10/03 19:24:27 goose: successfully migrated database to version: 34
2026/10/03 19:24:35 OK   00001_roles_and_schemas.sql (35.06ms)
2026/10/03 19:24:35 goose: successfully migrated database to version: 1
2026/10/03 19:24:35 OK   00002_platform_meta.sql (71.35ms)
2026/10/03 19:24:35 OK   00003_finding.sql (75.33ms)
2026/10/03 19:24:35 OK   00004_incident.sql (10.75ms)
2026/10/03 19:24:35 OK   00005_investigation.sql (46.11ms)
2026/10/03 19:24:35 OK   00006_action_command.sql (12.74ms)
2026/10/03 19:24:35 OK   00007_audit.sql (32.04ms)
2026/10/03 19:24:35 OK   00008_rls.sql (25.7ms)
2026/10/03 19:24:35 OK   00009_idempotency_ledger.sql (9.58ms)
2026/10/03 19:24:35 OK   00010_tenant_provisioning.sql (36.67ms)
2026/10/03 19:24:35 OK   00011_source_registration_history.sql (6.29ms)
2026/10/03 19:24:35 OK   00012_config_registry_lifecycle.sql (50.01ms)
2026/10/03 19:24:35 OK   00013_audit_signed_segments.sql (74.83ms)
2026/10/03 19:24:35 OK   00014_audit_segment_predecessors.sql (12.13ms)
2026/10/03 19:24:35 OK   00015_source_schema_scope.sql (3.54ms)
2026/10/03 19:24:35 OK   00016_cluster_registration_metadata.sql (5.59ms)
2026/10/03 19:24:35 OK   00017_source_data_scope.sql (60.23ms)
2026/10/03 19:24:35 OK   00018_sp04_resources_evidence.sql (32.32ms)
2026/10/03 19:24:35 OK   00019_sp04_archive_ciphertext_bytes.sql (41.22ms)
2026/10/03 19:24:36 OK   00020_sp04_request_ledger.sql (55.98ms)
2026/10/03 19:24:36 OK   00021_sp04_archive_protection.sql (49.76ms)
2026/10/03 19:24:36 OK   00022_sp04_legal_hold_dependencies.sql (4.01ms)
2026/10/03 19:24:36 OK   00023_sp04_archive_query_intent.sql (2.59ms)
2026/10/03 19:24:36 OK   00024_sp05_finding_incident.sql (90.65ms)
2026/10/03 19:24:36 OK   00025_sp05_incident_event_time.sql (5.67ms)
2026/10/03 19:24:36 OK   00026_sp05_source_binding_lock.sql (45.78ms)
2026/10/03 19:24:36 OK   00027_sp05_rca_and_poll.sql (54.35ms)
2026/10/03 19:24:36 OK   00028_sp05_operator_lock.sql (22.64ms)
2026/10/03 19:24:36 OK   00029_sp05_evidence_links.sql (25.58ms)
2026/10/03 19:24:36 OK   00030_sp05_recipe_fence.sql (4.47ms)
2026/10/03 19:24:36 OK   00031_sp05_rca_postcheck.sql (25.44ms)
2026/10/03 19:24:36 OK   00032_sp05_transport_audit.sql (14.06ms)
2026/10/03 19:24:36 OK   00033_sp05_poll_resolution_clock.sql (4.42ms)
2026/10/03 19:24:36 OK   00034_sp06_investigation_ledger.sql (59.76ms)
2026/10/03 19:24:36 goose: successfully migrated database to version: 34
2026/10/03 19:24:43 OK   00001_roles_and_schemas.sql (76.73ms)
2026/10/03 19:24:43 goose: successfully migrated database to version: 1
2026/10/03 19:24:44 OK   00002_platform_meta.sql (97.31ms)
2026/10/03 19:24:44 OK   00003_finding.sql (57.69ms)
2026/10/03 19:24:44 OK   00004_incident.sql (50.94ms)
2026/10/03 19:24:44 OK   00005_investigation.sql (38.83ms)
2026/10/03 19:24:44 OK   00006_action_command.sql (44.82ms)
2026/10/03 19:24:44 OK   00007_audit.sql (20.23ms)
2026/10/03 19:24:44 OK   00008_rls.sql (34.77ms)
2026/10/03 19:24:44 OK   00009_idempotency_ledger.sql (21.75ms)
2026/10/03 19:24:44 OK   00010_tenant_provisioning.sql (15.61ms)
2026/10/03 19:24:44 OK   00011_source_registration_history.sql (26.3ms)
2026/10/03 19:24:44 OK   00012_config_registry_lifecycle.sql (44.29ms)
2026/10/03 19:24:44 OK   00013_audit_signed_segments.sql (17.37ms)
2026/10/03 19:24:44 OK   00014_audit_segment_predecessors.sql (32.5ms)
2026/10/03 19:24:44 OK   00015_source_schema_scope.sql (9.1ms)
2026/10/03 19:24:44 OK   00016_cluster_registration_metadata.sql (6.93ms)
2026/10/03 19:24:44 OK   00017_source_data_scope.sql (3.97ms)
2026/10/03 19:24:44 OK   00018_sp04_resources_evidence.sql (42.28ms)
2026/10/03 19:24:44 OK   00019_sp04_archive_ciphertext_bytes.sql (5.87ms)
2026/10/03 19:24:44 OK   00020_sp04_request_ledger.sql (6.9ms)
2026/10/03 19:24:44 OK   00021_sp04_archive_protection.sql (35.95ms)
2026/10/03 19:24:44 OK   00022_sp04_legal_hold_dependencies.sql (5.62ms)
2026/10/03 19:24:44 OK   00023_sp04_archive_query_intent.sql (31.73ms)
2026/10/03 19:24:44 OK   00024_sp05_finding_incident.sql (55.55ms)
2026/10/03 19:24:44 OK   00025_sp05_incident_event_time.sql (37.54ms)
2026/10/03 19:24:44 OK   00026_sp05_source_binding_lock.sql (42.48ms)
2026/10/03 19:24:44 OK   00027_sp05_rca_and_poll.sql (13.64ms)
2026/10/03 19:24:44 OK   00028_sp05_operator_lock.sql (44.22ms)
2026/10/03 19:24:44 OK   00029_sp05_evidence_links.sql (6.07ms)
2026/10/03 19:24:44 OK   00030_sp05_recipe_fence.sql (3.47ms)
2026/10/03 19:24:44 OK   00031_sp05_rca_postcheck.sql (3.16ms)
2026/10/03 19:24:44 OK   00032_sp05_transport_audit.sql (42.77ms)
2026/10/03 19:24:44 OK   00033_sp05_poll_resolution_clock.sql (4.47ms)
2026/10/03 19:24:44 OK   00034_sp06_investigation_ledger.sql (53.07ms)
2026/10/03 19:24:44 goose: successfully migrated database to version: 34
2026/10/03 19:24:57 OK   00001_roles_and_schemas.sql (64.89ms)
2026/10/03 19:24:57 goose: successfully migrated database to version: 1
2026/10/03 19:24:57 OK   00002_platform_meta.sql (51.06ms)
2026/10/03 19:24:57 OK   00003_finding.sql (41.53ms)
2026/10/03 19:24:57 OK   00004_incident.sql (14.81ms)
2026/10/03 19:24:57 OK   00005_investigation.sql (15.5ms)
2026/10/03 19:24:57 OK   00006_action_command.sql (43.09ms)
2026/10/03 19:24:57 OK   00007_audit.sql (28.35ms)
2026/10/03 19:24:57 OK   00008_rls.sql (53.54ms)
2026/10/03 19:24:57 OK   00009_idempotency_ledger.sql (53.08ms)
2026/10/03 19:24:57 OK   00010_tenant_provisioning.sql (51.9ms)
2026/10/03 19:24:57 OK   00011_source_registration_history.sql (18.85ms)
2026/10/03 19:24:58 OK   00012_config_registry_lifecycle.sql (43.91ms)
2026/10/03 19:24:58 OK   00013_audit_signed_segments.sql (40.55ms)
2026/10/03 19:24:58 OK   00014_audit_segment_predecessors.sql (9.07ms)
2026/10/03 19:24:58 OK   00015_source_schema_scope.sql (4.41ms)
2026/10/03 19:24:58 OK   00016_cluster_registration_metadata.sql (37.64ms)
2026/10/03 19:24:58 OK   00017_source_data_scope.sql (4.88ms)
2026/10/03 19:24:58 OK   00018_sp04_resources_evidence.sql (42.5ms)
2026/10/03 19:24:58 OK   00019_sp04_archive_ciphertext_bytes.sql (3.04ms)
2026/10/03 19:24:58 OK   00020_sp04_request_ledger.sql (4.07ms)
2026/10/03 19:24:58 OK   00021_sp04_archive_protection.sql (51.4ms)
2026/10/03 19:24:58 OK   00022_sp04_legal_hold_dependencies.sql (16.03ms)
2026/10/03 19:24:58 OK   00023_sp04_archive_query_intent.sql (26.92ms)
2026/10/03 19:24:58 OK   00024_sp05_finding_incident.sql (31.03ms)
2026/10/03 19:24:58 OK   00025_sp05_incident_event_time.sql (5.87ms)
2026/10/03 19:24:58 OK   00026_sp05_source_binding_lock.sql (3.6ms)
2026/10/03 19:24:58 OK   00027_sp05_rca_and_poll.sql (6.67ms)
2026/10/03 19:24:58 OK   00028_sp05_operator_lock.sql (3.25ms)
2026/10/03 19:24:58 OK   00029_sp05_evidence_links.sql (10.92ms)
2026/10/03 19:24:58 OK   00030_sp05_recipe_fence.sql (32.35ms)
2026/10/03 19:24:58 OK   00031_sp05_rca_postcheck.sql (5.58ms)
2026/10/03 19:24:58 OK   00032_sp05_transport_audit.sql (7.18ms)
2026/10/03 19:24:58 OK   00033_sp05_poll_resolution_clock.sql (9.17ms)
2026/10/03 19:24:58 OK   00034_sp06_investigation_ledger.sql (32.1ms)
2026/10/03 19:24:58 goose: successfully migrated database to version: 34
2026/10/03 19:25:06 OK   00001_roles_and_schemas.sql (39.43ms)
2026/10/03 19:25:06 goose: successfully migrated database to version: 1
2026/10/03 19:25:06 OK   00002_platform_meta.sql (81.29ms)
2026/10/03 19:25:06 OK   00003_finding.sql (45.23ms)
2026/10/03 19:25:06 OK   00004_incident.sql (8.91ms)
2026/10/03 19:25:06 OK   00005_investigation.sql (52.15ms)
2026/10/03 19:25:06 OK   00006_action_command.sql (34.95ms)
2026/10/03 19:25:06 OK   00007_audit.sql (11.31ms)
2026/10/03 19:25:06 OK   00008_rls.sql (21.88ms)
2026/10/03 19:25:06 OK   00009_idempotency_ledger.sql (29.94ms)
2026/10/03 19:25:06 OK   00010_tenant_provisioning.sql (5.54ms)
2026/10/03 19:25:06 OK   00011_source_registration_history.sql (30.77ms)
2026/10/03 19:25:06 OK   00012_config_registry_lifecycle.sql (39.21ms)
2026/10/03 19:25:06 OK   00013_audit_signed_segments.sql (49.44ms)
2026/10/03 19:25:06 OK   00014_audit_segment_predecessors.sql (40.88ms)
2026/10/03 19:25:06 OK   00015_source_schema_scope.sql (14.3ms)
2026/10/03 19:25:06 OK   00016_cluster_registration_metadata.sql (33.4ms)
2026/10/03 19:25:06 OK   00017_source_data_scope.sql (8.07ms)
2026/10/03 19:25:06 OK   00018_sp04_resources_evidence.sql (15.17ms)
2026/10/03 19:25:06 OK   00019_sp04_archive_ciphertext_bytes.sql (18.51ms)
2026/10/03 19:25:06 OK   00020_sp04_request_ledger.sql (26.06ms)
2026/10/03 19:25:06 OK   00021_sp04_archive_protection.sql (42.54ms)
2026/10/03 19:25:06 OK   00022_sp04_legal_hold_dependencies.sql (4.56ms)
2026/10/03 19:25:06 OK   00023_sp04_archive_query_intent.sql (5.1ms)
2026/10/03 19:25:06 OK   00024_sp05_finding_incident.sql (60.73ms)
2026/10/03 19:25:06 OK   00025_sp05_incident_event_time.sql (6.64ms)
2026/10/03 19:25:06 OK   00026_sp05_source_binding_lock.sql (9.82ms)
2026/10/03 19:25:07 OK   00027_sp05_rca_and_poll.sql (16.36ms)
2026/10/03 19:25:07 OK   00028_sp05_operator_lock.sql (7.23ms)
2026/10/03 19:25:07 OK   00029_sp05_evidence_links.sql (15ms)
2026/10/03 19:25:07 OK   00030_sp05_recipe_fence.sql (5.53ms)
2026/10/03 19:25:07 OK   00031_sp05_rca_postcheck.sql (4.08ms)
2026/10/03 19:25:07 OK   00032_sp05_transport_audit.sql (4.23ms)
2026/10/03 19:25:07 OK   00033_sp05_poll_resolution_clock.sql (3.91ms)
2026/10/03 19:25:07 OK   00034_sp06_investigation_ledger.sql (37.7ms)
2026/10/03 19:25:07 goose: successfully migrated database to version: 34
2026/10/03 19:25:17 OK   00001_roles_and_schemas.sql (44.88ms)
2026/10/03 19:25:17 goose: successfully migrated database to version: 1
2026/10/03 19:25:17 OK   00002_platform_meta.sql (68.4ms)
2026/10/03 19:25:17 OK   00003_finding.sql (12.02ms)
2026/10/03 19:25:17 OK   00004_incident.sql (25.49ms)
2026/10/03 19:25:17 OK   00005_investigation.sql (26.85ms)
2026/10/03 19:25:17 OK   00006_action_command.sql (20.58ms)
2026/10/03 19:25:17 OK   00007_audit.sql (45.97ms)
2026/10/03 19:25:17 OK   00008_rls.sql (35.71ms)
2026/10/03 19:25:17 OK   00009_idempotency_ledger.sql (40.75ms)
2026/10/03 19:25:17 OK   00010_tenant_provisioning.sql (32.53ms)
2026/10/03 19:25:17 OK   00011_source_registration_history.sql (36.48ms)
2026/10/03 19:25:17 OK   00012_config_registry_lifecycle.sql (28.73ms)
2026/10/03 19:25:17 OK   00013_audit_signed_segments.sql (54.43ms)
2026/10/03 19:25:17 OK   00014_audit_segment_predecessors.sql (51.76ms)
2026/10/03 19:25:17 OK   00015_source_schema_scope.sql (45.07ms)
2026/10/03 19:25:17 OK   00016_cluster_registration_metadata.sql (8.34ms)
2026/10/03 19:25:17 OK   00017_source_data_scope.sql (4.06ms)
2026/10/03 19:25:17 OK   00018_sp04_resources_evidence.sql (42.71ms)
2026/10/03 19:25:17 OK   00019_sp04_archive_ciphertext_bytes.sql (18.26ms)
2026/10/03 19:25:17 OK   00020_sp04_request_ledger.sql (9.96ms)
2026/10/03 19:25:17 OK   00021_sp04_archive_protection.sql (4.06ms)
2026/10/03 19:25:17 OK   00022_sp04_legal_hold_dependencies.sql (7.48ms)
2026/10/03 19:25:17 OK   00023_sp04_archive_query_intent.sql (2.77ms)
2026/10/03 19:25:17 OK   00024_sp05_finding_incident.sql (33.12ms)
2026/10/03 19:25:17 OK   00025_sp05_incident_event_time.sql (16.38ms)
2026/10/03 19:25:17 OK   00026_sp05_source_binding_lock.sql (11.58ms)
2026/10/03 19:25:17 OK   00027_sp05_rca_and_poll.sql (8.01ms)
2026/10/03 19:25:17 OK   00028_sp05_operator_lock.sql (2.92ms)
2026/10/03 19:25:18 OK   00029_sp05_evidence_links.sql (15.79ms)
2026/10/03 19:25:18 OK   00030_sp05_recipe_fence.sql (13.51ms)
2026/10/03 19:25:18 OK   00031_sp05_rca_postcheck.sql (15.33ms)
2026/10/03 19:25:18 OK   00032_sp05_transport_audit.sql (23.38ms)
2026/10/03 19:25:18 OK   00033_sp05_poll_resolution_clock.sql (18.46ms)
2026/10/03 19:25:18 OK   00034_sp06_investigation_ledger.sql (46.73ms)
2026/10/03 19:25:18 goose: successfully migrated database to version: 34
2026/10/03 19:25:30 OK   00001_roles_and_schemas.sql (34.99ms)
2026/10/03 19:25:30 goose: successfully migrated database to version: 1
2026/10/03 19:25:30 OK   00002_platform_meta.sql (59.6ms)
2026/10/03 19:25:30 OK   00003_finding.sql (33.37ms)
2026/10/03 19:25:30 OK   00004_incident.sql (5.69ms)
2026/10/03 19:25:30 OK   00005_investigation.sql (5.89ms)
2026/10/03 19:25:30 OK   00006_action_command.sql (5.3ms)
2026/10/03 19:25:30 OK   00007_audit.sql (34.87ms)
2026/10/03 19:25:30 OK   00008_rls.sql (27.24ms)
2026/10/03 19:25:30 OK   00009_idempotency_ledger.sql (12.54ms)
2026/10/03 19:25:30 OK   00010_tenant_provisioning.sql (3.7ms)
2026/10/03 19:25:30 OK   00011_source_registration_history.sql (5.53ms)
2026/10/03 19:25:30 OK   00012_config_registry_lifecycle.sql (31.93ms)
2026/10/03 19:25:30 OK   00013_audit_signed_segments.sql (36.15ms)
2026/10/03 19:25:30 OK   00014_audit_segment_predecessors.sql (29.49ms)
2026/10/03 19:25:30 OK   00015_source_schema_scope.sql (3.13ms)
2026/10/03 19:25:30 OK   00016_cluster_registration_metadata.sql (4.06ms)
2026/10/03 19:25:30 OK   00017_source_data_scope.sql (2.87ms)
2026/10/03 19:25:30 OK   00018_sp04_resources_evidence.sql (36.46ms)
2026/10/03 19:25:30 OK   00019_sp04_archive_ciphertext_bytes.sql (3.38ms)
2026/10/03 19:25:30 OK   00020_sp04_request_ledger.sql (4.09ms)
2026/10/03 19:25:30 OK   00021_sp04_archive_protection.sql (2.84ms)
2026/10/03 19:25:30 OK   00022_sp04_legal_hold_dependencies.sql (3.81ms)
2026/10/03 19:25:30 OK   00023_sp04_archive_query_intent.sql (26.99ms)
2026/10/03 19:25:30 OK   00024_sp05_finding_incident.sql (42.31ms)
2026/10/03 19:25:30 OK   00025_sp05_incident_event_time.sql (5.34ms)
2026/10/03 19:25:30 OK   00026_sp05_source_binding_lock.sql (29.55ms)
2026/10/03 19:25:30 OK   00027_sp05_rca_and_poll.sql (33.13ms)
2026/10/03 19:25:30 OK   00028_sp05_operator_lock.sql (3.36ms)
2026/10/03 19:25:30 OK   00029_sp05_evidence_links.sql (5.22ms)
2026/10/03 19:25:30 OK   00030_sp05_recipe_fence.sql (29.24ms)
2026/10/03 19:25:30 OK   00031_sp05_rca_postcheck.sql (2.21ms)
2026/10/03 19:25:30 OK   00032_sp05_transport_audit.sql (2.42ms)
2026/10/03 19:25:30 OK   00033_sp05_poll_resolution_clock.sql (2.84ms)
2026/10/03 19:25:30 OK   00034_sp06_investigation_ledger.sql (13.9ms)
2026/10/03 19:25:30 goose: successfully migrated database to version: 34
2026/10/03 19:25:32 OK   00001_roles_and_schemas.sql (9.84ms)
2026/10/03 19:25:32 goose: successfully migrated database to version: 1
2026/10/03 19:25:32 OK   00002_platform_meta.sql (37.53ms)
2026/10/03 19:25:32 OK   00003_finding.sql (37.37ms)
2026/10/03 19:25:32 OK   00004_incident.sql (6.76ms)
2026/10/03 19:25:32 OK   00005_investigation.sql (38.07ms)
2026/10/03 19:25:32 OK   00006_action_command.sql (35.94ms)
2026/10/03 19:25:32 OK   00007_audit.sql (38.37ms)
2026/10/03 19:25:32 OK   00008_rls.sql (32.58ms)
2026/10/03 19:25:32 OK   00009_idempotency_ledger.sql (7.39ms)
2026/10/03 19:25:32 OK   00010_tenant_provisioning.sql (29.29ms)
2026/10/03 19:25:32 OK   00011_source_registration_history.sql (32.29ms)
2026/10/03 19:25:32 OK   00012_config_registry_lifecycle.sql (34.13ms)
2026/10/03 19:25:32 OK   00013_audit_signed_segments.sql (9.9ms)
2026/10/03 19:25:32 OK   00014_audit_segment_predecessors.sql (5.2ms)
2026/10/03 19:25:32 OK   00015_source_schema_scope.sql (2.6ms)
2026/10/03 19:25:32 OK   00016_cluster_registration_metadata.sql (29.39ms)
2026/10/03 19:25:32 OK   00017_source_data_scope.sql (3.14ms)
2026/10/03 19:25:32 OK   00018_sp04_resources_evidence.sql (34.19ms)
2026/10/03 19:25:32 OK   00019_sp04_archive_ciphertext_bytes.sql (18.18ms)
2026/10/03 19:25:32 OK   00020_sp04_request_ledger.sql (22.44ms)
2026/10/03 19:25:32 OK   00021_sp04_archive_protection.sql (10.1ms)
2026/10/03 19:25:32 OK   00022_sp04_legal_hold_dependencies.sql (23.81ms)
2026/10/03 19:25:32 OK   00023_sp04_archive_query_intent.sql (9.09ms)
2026/10/03 19:25:32 OK   00024_sp05_finding_incident.sql (28.9ms)
2026/10/03 19:25:32 OK   00025_sp05_incident_event_time.sql (3.46ms)
2026/10/03 19:25:32 OK   00026_sp05_source_binding_lock.sql (29.04ms)
2026/10/03 19:25:32 OK   00027_sp05_rca_and_poll.sql (33.5ms)
2026/10/03 19:25:32 OK   00028_sp05_operator_lock.sql (27.19ms)
2026/10/03 19:25:32 OK   00029_sp05_evidence_links.sql (14.84ms)
2026/10/03 19:25:32 OK   00030_sp05_recipe_fence.sql (4.88ms)
2026/10/03 19:25:32 OK   00031_sp05_rca_postcheck.sql (5.81ms)
2026/10/03 19:25:32 OK   00032_sp05_transport_audit.sql (21.88ms)
2026/10/03 19:25:32 OK   00033_sp05_poll_resolution_clock.sql (14.08ms)
2026/10/03 19:25:32 OK   00034_sp06_investigation_ledger.sql (42.97ms)
2026/10/03 19:25:32 goose: successfully migrated database to version: 34
2026/10/03 19:25:33 OK   00001_roles_and_schemas.sql (36.68ms)
2026/10/03 19:25:33 goose: successfully migrated database to version: 1
2026/10/03 19:25:33 OK   00002_platform_meta.sql (33.98ms)
2026/10/03 19:25:34 OK   00003_finding.sql (37.6ms)
2026/10/03 19:25:34 OK   00004_incident.sql (6.03ms)
2026/10/03 19:25:34 OK   00005_investigation.sql (31.15ms)
2026/10/03 19:25:34 OK   00006_action_command.sql (5.22ms)
2026/10/03 19:25:34 OK   00007_audit.sql (34.51ms)
2026/10/03 19:25:34 OK   00008_rls.sql (36.1ms)
2026/10/03 19:25:34 OK   00009_idempotency_ledger.sql (6.79ms)
2026/10/03 19:25:34 OK   00010_tenant_provisioning.sql (3.36ms)
2026/10/03 19:25:34 OK   00011_source_registration_history.sql (15.53ms)
2026/10/03 19:25:34 OK   00012_config_registry_lifecycle.sql (54.16ms)
2026/10/03 19:25:34 OK   00013_audit_signed_segments.sql (40.21ms)
2026/10/03 19:25:34 OK   00014_audit_segment_predecessors.sql (25.43ms)
2026/10/03 19:25:34 OK   00015_source_schema_scope.sql (2.76ms)
2026/10/03 19:25:34 OK   00016_cluster_registration_metadata.sql (4.23ms)
2026/10/03 19:25:34 OK   00017_source_data_scope.sql (27.01ms)
2026/10/03 19:25:34 OK   00018_sp04_resources_evidence.sql (39.59ms)
2026/10/03 19:25:34 OK   00019_sp04_archive_ciphertext_bytes.sql (36.4ms)
2026/10/03 19:25:34 OK   00020_sp04_request_ledger.sql (34.13ms)
2026/10/03 19:25:34 OK   00021_sp04_archive_protection.sql (9.15ms)
2026/10/03 19:25:34 OK   00022_sp04_legal_hold_dependencies.sql (38.03ms)
2026/10/03 19:25:34 OK   00023_sp04_archive_query_intent.sql (4.91ms)
2026/10/03 19:25:34 OK   00024_sp05_finding_incident.sql (66.53ms)
2026/10/03 19:25:34 OK   00025_sp05_incident_event_time.sql (4.87ms)
2026/10/03 19:25:34 OK   00026_sp05_source_binding_lock.sql (29.76ms)
2026/10/03 19:25:34 OK   00027_sp05_rca_and_poll.sql (12.14ms)
2026/10/03 19:25:34 OK   00028_sp05_operator_lock.sql (7.37ms)
2026/10/03 19:25:34 OK   00029_sp05_evidence_links.sql (20.73ms)
2026/10/03 19:25:34 OK   00030_sp05_recipe_fence.sql (3.63ms)
2026/10/03 19:25:34 OK   00031_sp05_rca_postcheck.sql (2.72ms)
2026/10/03 19:25:34 OK   00032_sp05_transport_audit.sql (2.63ms)
2026/10/03 19:25:34 OK   00033_sp05_poll_resolution_clock.sql (28.35ms)
2026/10/03 19:25:34 OK   00034_sp06_investigation_ledger.sql (44.62ms)
2026/10/03 19:25:34 goose: successfully migrated database to version: 34
{"time":"2026-10-03T19:25:41.161903+08:00","level":"WARN","msg":"Graph ownership not ready","qualification":{"/v1/configmaps":"list_missing","/v1/events":"list_missing","/v1/nodes":"list_missing","/v1/persistentvolumeclaims":"list_missing","/v1/persistentvolumes":"list_missing","/v1/pods":"list_missing","/v1/services":"list_missing","apps/v1/daemonsets":"list_missing","apps/v1/deployments":"list_missing","apps/v1/replicasets":"list_missing","apps/v1/statefulsets":"list_missing","batch/v1/jobs":"list_missing","discovery.k8s.io/v1/endpointslices":"list_missing","storage.k8s.io/v1/csidrivers":"list_missing","storage.k8s.io/v1/csinodes":"list_missing","storage.k8s.io/v1/storageclasses":"list_missing","storage.k8s.io/v1/volumeattachments":"list_missing"}}
{"time":"2026-10-03T19:25:43.076961+08:00","level":"WARN","msg":"Graph ownership not ready","qualification":{"/v1/events":"list_missing","/v1/nodes":"list_missing","/v1/persistentvolumeclaims":"list_missing","/v1/persistentvolumes":"list_missing","/v1/services":"list_missing","apps/v1/daemonsets":"list_missing","apps/v1/deployments":"list_missing","apps/v1/replicasets":"list_missing","apps/v1/statefulsets":"list_missing","batch/v1/jobs":"list_missing","discovery.k8s.io/v1/endpointslices":"list_missing","storage.k8s.io/v1/csidrivers":"list_missing","storage.k8s.io/v1/csinodes":"list_missing","storage.k8s.io/v1/storageclasses":"list_missing","storage.k8s.io/v1/volumeattachments":"list_missing"}}
{"time":"2026-10-03T19:25:51.340092+08:00","level":"INFO","msg":"http request complete","request_id":"01a10183-66d8-7c3c-89b5-8db8f7152817","method":"GET","status_code":200,"duration_ms":147}
{"time":"2026-10-03T19:25:51.357365+08:00","level":"INFO","msg":"http request complete","request_id":"01a10183-676d-70ea-9a45-896d73e8def0","method":"GET","status_code":200,"duration_ms":16}
{"time":"2026-10-03T19:25:51.363092+08:00","level":"INFO","msg":"http request complete","request_id":"01a10183-677d-7c11-870e-395a419cb93e","method":"GET","status_code":200,"duration_ms":5}
{"time":"2026-10-03T19:25:51.375034+08:00","level":"INFO","msg":"http request complete","request_id":"01a10183-6784-753f-9551-f2d9eb5f4513","method":"GET","status_code":200,"duration_ms":10}
{"time":"2026-10-03T19:25:51.581915+08:00","level":"INFO","msg":"http request complete","request_id":"01a10183-678f-76ce-9318-73b96da91c33","method":"GET","status_code":200,"duration_ms":206}
{"time":"2026-10-03T19:25:51.704707+08:00","level":"INFO","msg":"http request complete","request_id":"01a10183-686a-75ad-9994-0c1e3d5602e9","method":"GET","status_code":200,"duration_ms":110}
{"time":"2026-10-03T19:25:51.713763+08:00","level":"INFO","msg":"http request complete","request_id":"01a10183-68d9-743a-92a5-8925d21a0f28","method":"GET","status_code":200,"duration_ms":8}
{"time":"2026-10-03T19:25:51.950125+08:00","level":"WARN","msg":"Graph request unavailable","stage":"lease_before_query"}
{"time":"2026-10-03T19:25:51.950114+08:00","level":"WARN","msg":"Graph ownership not ready","qualification":{"/v1/configmaps":"list_missing","/v1/events":"list_missing","/v1/nodes":"list_missing","/v1/persistentvolumeclaims":"list_missing","/v1/persistentvolumes":"list_missing","/v1/pods":"list_missing","/v1/services":"list_missing","apps/v1/daemonsets":"list_missing","apps/v1/deployments":"list_missing","apps/v1/replicasets":"list_missing","apps/v1/statefulsets":"list_missing","batch/v1/jobs":"list_missing","discovery.k8s.io/v1/endpointslices":"list_missing","storage.k8s.io/v1/csidrivers":"list_missing","storage.k8s.io/v1/csinodes":"list_missing","storage.k8s.io/v1/storageclasses":"list_missing","storage.k8s.io/v1/volumeattachments":"list_missing"}}
{"time":"2026-10-03T19:25:51.972461+08:00","level":"INFO","msg":"http request complete","request_id":"01a10183-68f1-7480-b613-3e9dbf8a00c7","method":"GET","status_code":200,"duration_ms":243}
{"time":"2026-10-03T19:25:52.226079+08:00","level":"WARN","msg":"Graph request unavailable","stage":"lease_before_query"}
{"time":"2026-10-03T19:25:52.251086+08:00","level":"INFO","msg":"http request complete","request_id":"01a10183-6aae-79b0-b308-813548af37f5","method":"GET","status_code":200,"duration_ms":76}
{"time":"2026-10-03T19:25:52.502768+08:00","level":"WARN","msg":"Graph request unavailable","stage":"lease_before_query"}
{"time":"2026-10-03T19:25:52.532936+08:00","level":"INFO","msg":"http request complete","request_id":"01a10183-6bc8-7cf8-9d9f-5788ccb0ea0d","method":"GET","status_code":200,"duration_ms":76}
{"time":"2026-10-03T19:25:52.788084+08:00","level":"WARN","msg":"Graph request unavailable","stage":"lease_before_query"}
{"time":"2026-10-03T19:25:52.792745+08:00","level":"INFO","msg":"http request complete","request_id":"01a10183-6ce1-781e-92cb-cc483ef39311","method":"GET","status_code":200,"duration_ms":55}
{"time":"2026-10-03T19:25:53.005498+08:00","level":"WARN","msg":"Graph request unavailable","stage":"lease_before_query"}
{"time":"2026-10-03T19:25:53.010031+08:00","level":"INFO","msg":"http request complete","request_id":"01a10183-6de1-7971-8f52-53c92ee92ebf","method":"GET","status_code":200,"duration_ms":16}
{"time":"2026-10-03T19:25:53.263372+08:00","level":"WARN","msg":"Graph request unavailable","stage":"lease_before_query"}
{"time":"2026-10-03T19:25:53.270641+08:00","level":"INFO","msg":"http request complete","request_id":"01a10183-6ebd-73c0-a48d-198b9f65b62d","method":"GET","status_code":200,"duration_ms":57}
{"time":"2026-10-03T19:25:53.525969+08:00","level":"WARN","msg":"Graph request unavailable","stage":"lease_before_query"}
{"time":"2026-10-03T19:25:53.545185+08:00","level":"INFO","msg":"http request complete","request_id":"01a10183-6fc1-71c1-961e-bb90d5fe85a2","method":"GET","status_code":200,"duration_ms":72}
{"time":"2026-10-03T19:25:53.873661+08:00","level":"WARN","msg":"Graph request unavailable","stage":"lease_before_query"}
{"time":"2026-10-03T19:25:53.87366+08:00","level":"WARN","msg":"Graph ownership not ready","qualification":{"/v1/configmaps":"list_missing","/v1/events":"list_missing","/v1/nodes":"list_missing","/v1/persistentvolumeclaims":"list_missing","/v1/persistentvolumes":"list_missing","/v1/services":"list_missing","apps/v1/daemonsets":"list_missing","apps/v1/deployments":"list_missing","apps/v1/replicasets":"list_missing","batch/v1/jobs":"list_missing","discovery.k8s.io/v1/endpointslices":"list_missing","storage.k8s.io/v1/csidrivers":"list_missing","storage.k8s.io/v1/csinodes":"list_missing","storage.k8s.io/v1/storageclasses":"list_missing","storage.k8s.io/v1/volumeattachments":"list_missing"}}
{"time":"2026-10-03T19:25:53.896465+08:00","level":"INFO","msg":"http request complete","request_id":"01a10183-70d3-7207-88ad-72ed0695b7d6","method":"GET","status_code":200,"duration_ms":149}
{"time":"2026-10-03T19:25:54.131576+08:00","level":"WARN","msg":"Graph request unavailable","stage":"lease_before_query"}
{"time":"2026-10-03T19:25:54.154172+08:00","level":"INFO","msg":"http request complete","request_id":"01a10183-7232-7d23-ae97-8a8f60f42e1f","method":"GET","status_code":200,"duration_ms":55}
{"time":"2026-10-03T19:25:54.367594+08:00","level":"WARN","msg":"Graph request unavailable","stage":"lease_before_query"}
{"time":"2026-10-03T19:25:54.375203+08:00","level":"INFO","msg":"http request complete","request_id":"01a10183-7332-7ee0-be0e-122ae849fbd0","method":"GET","status_code":200,"duration_ms":20}
{"time":"2026-10-03T19:25:54.676122+08:00","level":"WARN","msg":"Graph request unavailable","stage":"lease_before_query"}
{"time":"2026-10-03T19:25:54.692988+08:00","level":"INFO","msg":"http request complete","request_id":"01a10183-7410-793f-8232-f2434b96fc23","method":"GET","status_code":200,"duration_ms":116}
{"time":"2026-10-03T19:25:54.930747+08:00","level":"WARN","msg":"Graph request unavailable","stage":"lease_before_query"}
{"time":"2026-10-03T19:25:54.93541+08:00","level":"INFO","msg":"http request complete","request_id":"01a10183-754e-74e9-8efc-5a196151ca96","method":"GET","status_code":200,"duration_ms":41}
{"time":"2026-10-03T19:25:55.172872+08:00","level":"WARN","msg":"Graph request unavailable","stage":"lease_before_query"}
{"time":"2026-10-03T19:25:55.200474+08:00","level":"INFO","msg":"http request complete","request_id":"01a10183-7640-7255-a409-4e608b6d46bb","method":"GET","status_code":200,"duration_ms":64}
{"time":"2026-10-03T19:25:55.436641+08:00","level":"WARN","msg":"Graph request unavailable","stage":"lease_before_query"}
{"time":"2026-10-03T19:25:55.443402+08:00","level":"INFO","msg":"http request complete","request_id":"01a10183-774a-722a-8cb8-9e879b519b0f","method":"GET","status_code":200,"duration_ms":41}
{"time":"2026-10-03T19:25:55.751427+08:00","level":"WARN","msg":"Graph request unavailable","stage":"lease_before_query"}
{"time":"2026-10-03T19:25:55.758161+08:00","level":"INFO","msg":"http request complete","request_id":"01a10183-783d-7893-95e1-cc2dde0d14bb","method":"GET","status_code":200,"duration_ms":112}
{"time":"2026-10-03T19:25:55.998914+08:00","level":"WARN","msg":"Graph request unavailable","stage":"lease_before_query"}
{"time":"2026-10-03T19:25:56.003566+08:00","level":"INFO","msg":"http request complete","request_id":"01a10183-7979-7288-b875-a810e08f29a1","method":"GET","status_code":200,"duration_ms":42}
{"time":"2026-10-03T19:25:56.233499+08:00","level":"WARN","msg":"Graph request unavailable","stage":"lease_before_query"}
{"time":"2026-10-03T19:25:56.240087+08:00","level":"INFO","msg":"http request complete","request_id":"01a10183-7a6e-758d-a618-5fe80bcc1c6c","method":"GET","status_code":200,"duration_ms":33}
{"time":"2026-10-03T19:25:56.483098+08:00","level":"WARN","msg":"Graph request unavailable","stage":"lease_before_query"}
{"time":"2026-10-03T19:25:56.494959+08:00","level":"INFO","msg":"http request complete","request_id":"01a10183-7b59-7f0f-8e9b-5855e4a0f43e","method":"GET","status_code":200,"duration_ms":52}
{"time":"2026-10-03T19:25:56.778053+08:00","level":"WARN","msg":"Graph request unavailable","stage":"lease_before_query"}
{"time":"2026-10-03T19:25:56.811265+08:00","level":"INFO","msg":"http request complete","request_id":"01a10183-7c61-72b7-9c28-b6e6ad556902","method":"GET","status_code":200,"duration_ms":106}
{"time":"2026-10-03T19:25:57.066138+08:00","level":"INFO","msg":"http request complete","request_id":"01a10183-7d97-7cf4-a798-27ab4130014a","method":"GET","status_code":200,"duration_ms":50}
{"time":"2026-10-03T19:25:57.322106+08:00","level":"INFO","msg":"http request complete","request_id":"01a10183-7e95-7f23-866a-2158fbfd63f7","method":"GET","status_code":200,"duration_ms":52}
{"time":"2026-10-03T19:25:57.590239+08:00","level":"INFO","msg":"http request complete","request_id":"01a10183-7f99-7399-af7e-58bbf88f6f0d","method":"GET","status_code":200,"duration_ms":60}
{"time":"2026-10-03T19:25:57.818021+08:00","level":"INFO","msg":"http request complete","request_id":"01a10183-80a0-71e0-bd1a-921cc2f6f088","method":"GET","status_code":200,"duration_ms":25}
{"time":"2026-10-03T19:25:58.06293+08:00","level":"INFO","msg":"http request complete","request_id":"01a10183-8184-7bd3-aeb6-49e84c062ecf","method":"GET","status_code":200,"duration_ms":42}
{"time":"2026-10-03T19:25:58.279205+08:00","level":"INFO","msg":"http request complete","request_id":"01a10183-8279-71c1-aba7-02cccd8e21d0","method":"GET","status_code":200,"duration_ms":14}
{"time":"2026-10-03T19:25:58.553147+08:00","level":"INFO","msg":"http request complete","request_id":"01a10183-8352-7080-ba63-e377df758060","method":"GET","status_code":200,"duration_ms":71}
{"time":"2026-10-03T19:25:58.78028+08:00","level":"INFO","msg":"http request complete","request_id":"01a10183-8468-76ed-bb32-4f1b2fe391f3","method":"GET","status_code":200,"duration_ms":19}
{"time":"2026-10-03T19:25:59.00239+08:00","level":"INFO","msg":"http request complete","request_id":"01a10183-8546-764d-ab98-3bf0c2f99ee9","method":"GET","status_code":200,"duration_ms":19}
{"time":"2026-10-03T19:25:59.27266+08:00","level":"INFO","msg":"http request complete","request_id":"01a10183-8624-71b5-9a98-c1589cd53139","method":"GET","status_code":200,"duration_ms":68}
{"time":"2026-10-03T19:25:59.527135+08:00","level":"INFO","msg":"http request complete","request_id":"01a10183-8738-77e7-b4c6-4cb70fe96354","method":"GET","status_code":200,"duration_ms":46}
{"time":"2026-10-03T19:25:59.767539+08:00","level":"INFO","msg":"http request complete","request_id":"01a10183-8835-7bc3-87b7-341bdcc222bd","method":"GET","status_code":200,"duration_ms":33}
{"time":"2026-10-03T19:26:00.023827+08:00","level":"INFO","msg":"http request complete","request_id":"01a10183-8921-737a-b1cf-b5fc238eeb6c","method":"GET","status_code":200,"duration_ms":54}
{"time":"2026-10-03T19:26:00.287495+08:00","level":"INFO","msg":"http request complete","request_id":"01a10183-8a23-7d69-a164-9a8fb8f009c5","method":"GET","status_code":200,"duration_ms":59}
{"time":"2026-10-03T19:26:00.547445+08:00","level":"INFO","msg":"http request complete","request_id":"01a10183-8b2c-7109-96cd-c7fdc7c433c8","method":"GET","status_code":200,"duration_ms":55}
{"time":"2026-10-03T19:26:00.768536+08:00","level":"INFO","msg":"http request complete","request_id":"01a10183-8c2f-7eec-ac55-34757fb2e56e","method":"GET","status_code":200,"duration_ms":16}
{"time":"2026-10-03T19:26:00.98995+08:00","level":"INFO","msg":"http request complete","request_id":"01a10183-8d0b-7d4a-9965-9fcb3c959b10","method":"GET","status_code":200,"duration_ms":18}
{"time":"2026-10-03T19:26:01.237114+08:00","level":"INFO","msg":"http request complete","request_id":"01a10183-8de8-7ad5-9181-8163b186f895","method":"GET","status_code":200,"duration_ms":44}
{"time":"2026-10-03T19:26:01.473644+08:00","level":"INFO","msg":"http request complete","request_id":"01a10183-8ede-78f8-8342-32a1f8727d3f","method":"GET","status_code":200,"duration_ms":35}
{"time":"2026-10-03T19:26:01.72209+08:00","level":"INFO","msg":"http request complete","request_id":"01a10183-8fcc-7ef0-8ead-840db2f14202","method":"GET","status_code":200,"duration_ms":45}
{"time":"2026-10-03T19:26:01.968687+08:00","level":"INFO","msg":"http request complete","request_id":"01a10183-90c3-7781-b513-289f7e880b50","method":"GET","status_code":200,"duration_ms":45}
{"time":"2026-10-03T19:26:02.235046+08:00","level":"INFO","msg":"http request complete","request_id":"01a10183-91b9-7be6-ad26-c9f9ef78ab85","method":"GET","status_code":200,"duration_ms":65}
{"time":"2026-10-03T19:26:02.48749+08:00","level":"INFO","msg":"http request complete","request_id":"01a10183-92c9-7470-a964-8a46728d6e4a","method":"GET","status_code":200,"duration_ms":46}
{"time":"2026-10-03T19:26:02.77358+08:00","level":"INFO","msg":"http request complete","request_id":"01a10183-93c2-7eec-ab20-b45e9e8906ba","method":"GET","status_code":200,"duration_ms":82}
{"time":"2026-10-03T19:26:03.040194+08:00","level":"INFO","msg":"http request complete","request_id":"01a10183-94e0-78c6-b9d8-6c50d29a1fe5","method":"GET","status_code":200,"duration_ms":63}
{"time":"2026-10-03T19:26:03.297927+08:00","level":"INFO","msg":"http request complete","request_id":"01a10183-95eb-7ad5-8c82-eb92255228d0","method":"GET","status_code":200,"duration_ms":54}
{"time":"2026-10-03T19:26:03.573867+08:00","level":"INFO","msg":"http request complete","request_id":"01a10183-96ed-7ac1-9e8e-52abda9dc992","method":"GET","status_code":200,"duration_ms":72}
{"time":"2026-10-03T19:26:03.805659+08:00","level":"INFO","msg":"http request complete","request_id":"01a10183-9800-7c19-9ee8-575d29b432c4","method":"GET","status_code":200,"duration_ms":28}
{"time":"2026-10-03T19:26:04.035111+08:00","level":"INFO","msg":"http request complete","request_id":"01a10183-98e6-7ed8-ab87-1bae790ec7ea","method":"GET","status_code":200,"duration_ms":28}
{"time":"2026-10-03T19:26:04.297087+08:00","level":"INFO","msg":"http request complete","request_id":"01a10183-99cd-7c25-a3a3-2ad8b4548418","method":"GET","status_code":200,"duration_ms":59}
{"time":"2026-10-03T19:26:04.578912+08:00","level":"INFO","msg":"http request complete","request_id":"01a10183-9ad3-7d69-a38b-ebab32719e8a","method":"GET","status_code":200,"duration_ms":78}
{"time":"2026-10-03T19:26:04.857767+08:00","level":"INFO","msg":"http request complete","request_id":"01a10183-9bec-7b2b-a612-ad8f438b1456","method":"GET","status_code":200,"duration_ms":77}
{"time":"2026-10-03T19:26:05.116176+08:00","level":"INFO","msg":"http request complete","request_id":"01a10183-9d04-7a87-852c-c246fec254d5","method":"GET","status_code":200,"duration_ms":55}
{"time":"2026-10-03T19:26:05.395757+08:00","level":"INFO","msg":"http request complete","request_id":"01a10183-9e06-7df2-8ed5-1cf9a385c1b3","method":"GET","status_code":200,"duration_ms":76}
{"time":"2026-10-03T19:26:05.661209+08:00","level":"INFO","msg":"http request complete","request_id":"01a10183-9f1d-7518-a6e6-f6319b2cb129","method":"GET","status_code":200,"duration_ms":63}
{"time":"2026-10-03T19:26:05.927583+08:00","level":"INFO","msg":"http request complete","request_id":"01a10183-a028-76c2-9be7-fe3676d926f5","method":"GET","status_code":200,"duration_ms":63}
{"time":"2026-10-03T19:26:06.169837+08:00","level":"INFO","msg":"http request complete","request_id":"01a10183-a131-760e-93b2-45283d182958","method":"GET","status_code":200,"duration_ms":40}
{"time":"2026-10-03T19:26:06.393694+08:00","level":"INFO","msg":"http request complete","request_id":"01a10183-a228-7670-8b43-4bae3da3b2aa","method":"GET","status_code":200,"duration_ms":17}
{"time":"2026-10-03T19:26:06.61171+08:00","level":"INFO","msg":"http request complete","request_id":"01a10183-a302-79b8-adbc-e89983f386c4","method":"GET","status_code":200,"duration_ms":17}
{"time":"2026-10-03T19:26:06.876188+08:00","level":"INFO","msg":"http request complete","request_id":"01a10183-a3de-788f-9e88-058c9daeec0f","method":"GET","status_code":200,"duration_ms":61}
{"time":"2026-10-03T19:26:07.128582+08:00","level":"INFO","msg":"http request complete","request_id":"01a10183-a4ef-782d-b52e-751f541115f9","method":"GET","status_code":200,"duration_ms":41}
{"time":"2026-10-03T19:26:07.367718+08:00","level":"INFO","msg":"http request complete","request_id":"01a10183-a5e3-798d-a714-8e15c8c97850","method":"GET","status_code":200,"duration_ms":36}
{"time":"2026-10-03T19:26:07.65024+08:00","level":"INFO","msg":"http request complete","request_id":"01a10183-a6d3-7003-9e4b-68a1fbd2aab9","method":"GET","status_code":200,"duration_ms":79}
{"time":"2026-10-03T19:26:08.066888+08:00","level":"INFO","msg":"http request complete","request_id":"01a10183-a7ed-73d0-8de6-402c0ec8e026","method":"GET","status_code":200,"duration_ms":213}
{"time":"2026-10-03T19:26:08.437403+08:00","level":"INFO","msg":"http request complete","request_id":"01a10183-a98d-7d56-9391-b49b9c165df6","method":"GET","status_code":200,"duration_ms":167}
{"time":"2026-10-03T19:26:08.813024+08:00","level":"INFO","msg":"http request complete","request_id":"01a10183-aaff-7693-96a7-cc8ce086c815","method":"GET","status_code":200,"duration_ms":173}
{"time":"2026-10-03T19:26:09.161268+08:00","level":"INFO","msg":"http request complete","request_id":"01a10183-ac79-71b1-90c3-f0d99d6c36b9","method":"GET","status_code":200,"duration_ms":144}
{"time":"2026-10-03T19:26:09.542106+08:00","level":"INFO","msg":"http request complete","request_id":"01a10183-add7-7e3c-8b35-15ed59fbf7ea","method":"GET","status_code":200,"duration_ms":174}
{"time":"2026-10-03T19:26:10.263673+08:00","level":"INFO","msg":"http request complete","request_id":"01a10183-af4f-7660-ab4a-160e8efb402d","method":"GET","status_code":200,"duration_ms":520}
{"time":"2026-10-03T19:26:10.622525+08:00","level":"INFO","msg":"http request complete","request_id":"01a10183-b22c-792f-bbcd-96c7dbb6a39b","method":"GET","status_code":200,"duration_ms":145}
{"time":"2026-10-03T19:26:10.967608+08:00","level":"INFO","msg":"http request complete","request_id":"01a10183-b388-7153-a153-99963a7ab54a","method":"GET","status_code":200,"duration_ms":143}
{"time":"2026-10-03T19:26:11.319697+08:00","level":"INFO","msg":"http request complete","request_id":"01a10183-b4e1-79eb-ac26-ee3f0bd1ff04","method":"GET","status_code":200,"duration_ms":150}
{"time":"2026-10-03T19:26:11.663958+08:00","level":"INFO","msg":"http request complete","request_id":"01a10183-b642-7753-ba16-9e9dc30d9f35","method":"GET","status_code":200,"duration_ms":141}
{"time":"2026-10-03T19:26:12.097359+08:00","level":"INFO","msg":"http request complete","request_id":"01a10183-b79b-7bbf-867c-c7c89b3892e4","method":"GET","status_code":200,"duration_ms":229}
{"time":"2026-10-03T19:26:12.45424+08:00","level":"INFO","msg":"http request complete","request_id":"01a10183-b94d-7743-8032-5e01aeb6ba6f","method":"GET","status_code":200,"duration_ms":152}
{"time":"2026-10-03T19:26:12.928409+08:00","level":"INFO","msg":"http request complete","request_id":"01a10183-bab6-7c58-b017-2a77b2ed3470","method":"GET","status_code":200,"duration_ms":265}
{"time":"2026-10-03T19:26:13.296255+08:00","level":"INFO","msg":"http request complete","request_id":"01a10183-bc89-7b23-ba38-b958583bfbba","method":"GET","status_code":200,"duration_ms":166}
{"time":"2026-10-03T19:26:13.665655+08:00","level":"INFO","msg":"http request complete","request_id":"01a10183-bdff-74af-867b-76e62c26d14c","method":"GET","status_code":200,"duration_ms":162}
{"time":"2026-10-03T19:26:14.289711+08:00","level":"INFO","msg":"http request complete","request_id":"01a10183-bf73-776e-9506-8a24b1af5e3b","method":"GET","status_code":200,"duration_ms":414}
{"time":"2026-10-03T19:26:14.989691+08:00","level":"INFO","msg":"http request complete","request_id":"01a10183-c1e5-7a29-8ce2-6bf83f0c32c0","method":"GET","status_code":200,"duration_ms":487}
{"time":"2026-10-03T19:26:15.61747+08:00","level":"INFO","msg":"http request complete","request_id":"01a10183-c497-72c6-a9b9-6e52e803f5de","method":"GET","status_code":200,"duration_ms":426}
{"time":"2026-10-03T19:26:16.524702+08:00","level":"INFO","msg":"http request complete","request_id":"01a10183-c70f-7b7d-9b67-fa5c9ae30175","method":"GET","status_code":200,"duration_ms":700}
{"time":"2026-10-03T19:26:16.900297+08:00","level":"INFO","msg":"http request complete","request_id":"01a10183-ca95-7b8d-806e-4061d45fed74","method":"GET","status_code":200,"duration_ms":174}
{"time":"2026-10-03T19:26:16.901551+08:00","level":"INFO","msg":"http request complete","request_id":"01a10183-cb44-7e05-b74e-d77863fc8235","method":"POST","status_code":409,"duration_ms":0}
{"time":"2026-10-03T19:26:16.929917+08:00","level":"INFO","msg":"http request complete","request_id":"01a10183-cb45-7bee-ac3b-bceae215ea84","method":"POST","status_code":200,"duration_ms":28}
{"time":"2026-10-03T19:26:16.938061+08:00","level":"INFO","msg":"http request complete","request_id":"01a10183-cb62-7806-b640-83f14c05a53b","method":"POST","status_code":200,"duration_ms":7}
{"time":"2026-10-03T19:26:17.168954+08:00","level":"WARN","msg":"SP05 durable reducer pass unavailable","errorClass":"canceled"}
{"time":"2026-10-03T19:26:17.169026+08:00","level":"WARN","msg":"SP05 official observation unavailable","errorClass":"canceled"}
{"time":"2026-10-03T19:26:17.169026+08:00","level":"WARN","msg":"Graph ownership not ready","qualification":{"/v1/configmaps":"list_missing","/v1/events":"source_scope_unverified","/v1/nodes":"list_missing","/v1/persistentvolumeclaims":"list_missing","/v1/persistentvolumes":"list_missing","/v1/pods":"list_missing","/v1/services":"list_missing","apps/v1/daemonsets":"list_missing","apps/v1/deployments":"list_missing","apps/v1/replicasets":"list_missing","apps/v1/statefulsets":"list_missing","batch/v1/jobs":"list_missing","discovery.k8s.io/v1/endpointslices":"list_missing","storage.k8s.io/v1/csidrivers":"list_missing","storage.k8s.io/v1/csinodes":"list_missing","storage.k8s.io/v1/storageclasses":"list_missing","storage.k8s.io/v1/volumeattachments":"list_missing"}}
{"time":"2026-10-03T19:26:17.238445+08:00","level":"INFO","msg":"http request complete","request_id":"01a10183-cc51-75df-85ba-3bf3b071fa56","method":"POST","status_code":200,"duration_ms":69}
{"time":"2026-10-03T19:26:17.27383+08:00","level":"INFO","msg":"http request complete","request_id":"01a10183-cc96-7b2f-9c00-5d7ddf2e1e6f","method":"POST","status_code":200,"duration_ms":35}
{"time":"2026-10-03T19:26:17.366608+08:00","level":"INFO","msg":"http request complete","request_id":"01a10183-cd0e-732c-af92-5b784a2ee8b2","method":"POST","status_code":200,"duration_ms":8}
{"time":"2026-10-03T19:26:17.471115+08:00","level":"INFO","msg":"http request complete","request_id":"01a10183-cd36-7add-abfd-f2322793d512","method":"POST","status_code":200,"duration_ms":72}
{"time":"2026-10-03T19:26:17.479708+08:00","level":"INFO","msg":"http request complete","request_id":"01a10183-cd7f-7603-83d7-8385f9a769b4","method":"POST","status_code":200,"duration_ms":8}
{"time":"2026-10-03T19:26:17.517519+08:00","level":"INFO","msg":"http request complete","request_id":"01a10183-cd87-7e92-9ba3-ad26345abd5a","method":"POST","status_code":409,"duration_ms":37}
{"time":"2026-10-03T19:26:17.53294+08:00","level":"INFO","msg":"http request complete","request_id":"01a10183-cdba-70f6-a15f-0ff1a196f649","method":"POST","status_code":403,"duration_ms":2}
{"time":"2026-10-03T19:26:17.593067+08:00","level":"INFO","msg":"http request complete","request_id":"01a10183-cdc4-7340-a262-73b9315ee9b4","method":"POST","status_code":200,"duration_ms":52}
{"time":"2026-10-03T19:26:17.604091+08:00","level":"INFO","msg":"http request complete","request_id":"01a10183-cdf9-757a-9d7d-9518a71afe45","method":"POST","status_code":200,"duration_ms":10}
{"time":"2026-10-03T19:26:17.669761+08:00","level":"INFO","msg":"http request complete","request_id":"01a10183-ce05-716b-9690-77e7aabef953","method":"POST","status_code":409,"duration_ms":64}
{"time":"2026-10-03T19:26:17.710829+08:00","level":"INFO","msg":"http request complete","request_id":"01a10183-ce46-79ee-b5c1-c40a352a74cc","method":"POST","status_code":200,"duration_ms":40}
{"time":"2026-10-03T19:26:17.717874+08:00","level":"INFO","msg":"http request complete","request_id":"01a10183-ce6f-7105-af99-d53db74a4c38","method":"POST","status_code":200,"duration_ms":6}
{"time":"2026-10-03T19:26:17.752498+08:00","level":"INFO","msg":"http request complete","request_id":"01a10183-ce76-74ba-8542-14edb6026fd2","method":"POST","status_code":409,"duration_ms":34}
{"time":"2026-10-03T19:26:17.783163+08:00","level":"INFO","msg":"http request complete","request_id":"01a10183-ce9a-7177-b481-802c2b23b1b2","method":"POST","status_code":403,"duration_ms":29}
{"time":"2026-10-03T19:26:17.80329+08:00","level":"INFO","msg":"http request complete","request_id":"01a10183-ceca-75a1-95a9-276cd98ec326","method":"POST","status_code":403,"duration_ms":0}
{"time":"2026-10-03T19:26:17.804075+08:00","level":"INFO","msg":"http request complete","request_id":"01a10183-cecb-7718-bb75-194e41308ffc","method":"POST","status_code":403,"duration_ms":0}
{"time":"2026-10-03T19:26:17.804712+08:00","level":"INFO","msg":"http request complete","request_id":"01a10183-cecc-72f1-9b70-39cc1d3e7094","method":"POST","status_code":403,"duration_ms":0}
{"time":"2026-10-03T19:26:17.819038+08:00","level":"INFO","msg":"http request complete","request_id":"01a10183-ced3-7343-900b-317fac1fd701","method":"POST","status_code":403,"duration_ms":7}
2026/10/03 19:26:19 OK   00001_roles_and_schemas.sql (25.32ms)
2026/10/03 19:26:19 goose: successfully migrated database to version: 1
2026/10/03 19:26:19 OK   00002_platform_meta.sql (35.18ms)
2026/10/03 19:26:19 OK   00003_finding.sql (6.59ms)
2026/10/03 19:26:19 OK   00004_incident.sql (5.3ms)
2026/10/03 19:26:19 OK   00005_investigation.sql (35.88ms)
2026/10/03 19:26:19 OK   00006_action_command.sql (5.25ms)
2026/10/03 19:26:19 OK   00007_audit.sql (7.8ms)
2026/10/03 19:26:19 OK   00008_rls.sql (18.35ms)
2026/10/03 19:26:19 OK   00009_idempotency_ledger.sql (31.37ms)
2026/10/03 19:26:19 OK   00010_tenant_provisioning.sql (10.39ms)
2026/10/03 19:26:19 OK   00011_source_registration_history.sql (21.25ms)
2026/10/03 19:26:19 OK   00012_config_registry_lifecycle.sql (8.17ms)
2026/10/03 19:26:19 OK   00013_audit_signed_segments.sql (9ms)
2026/10/03 19:26:19 OK   00014_audit_segment_predecessors.sql (33.54ms)
2026/10/03 19:26:19 OK   00015_source_schema_scope.sql (3.15ms)
2026/10/03 19:26:19 OK   00016_cluster_registration_metadata.sql (19.87ms)
2026/10/03 19:26:19 OK   00017_source_data_scope.sql (16.25ms)
2026/10/03 19:26:19 OK   00018_sp04_resources_evidence.sql (40.72ms)
2026/10/03 19:26:19 OK   00019_sp04_archive_ciphertext_bytes.sql (3.2ms)
2026/10/03 19:26:19 OK   00020_sp04_request_ledger.sql (5.3ms)
2026/10/03 19:26:19 OK   00021_sp04_archive_protection.sql (30.38ms)
2026/10/03 19:26:19 OK   00022_sp04_legal_hold_dependencies.sql (3.1ms)
2026/10/03 19:26:19 OK   00023_sp04_archive_query_intent.sql (4.94ms)
2026/10/03 19:26:19 OK   00024_sp05_finding_incident.sql (30.4ms)
2026/10/03 19:26:19 OK   00025_sp05_incident_event_time.sql (2.67ms)
2026/10/03 19:26:19 OK   00026_sp05_source_binding_lock.sql (2.53ms)
2026/10/03 19:26:19 OK   00027_sp05_rca_and_poll.sql (34.23ms)
2026/10/03 19:26:19 OK   00028_sp05_operator_lock.sql (5.13ms)
2026/10/03 19:26:19 OK   00029_sp05_evidence_links.sql (5.29ms)
2026/10/03 19:26:19 OK   00030_sp05_recipe_fence.sql (2.32ms)
2026/10/03 19:26:19 OK   00031_sp05_rca_postcheck.sql (2.03ms)
2026/10/03 19:26:19 OK   00032_sp05_transport_audit.sql (3.39ms)
2026/10/03 19:26:19 OK   00033_sp05_poll_resolution_clock.sql (8.58ms)
2026/10/03 19:26:19 OK   00034_sp06_investigation_ledger.sql (33.94ms)
2026/10/03 19:26:19 goose: successfully migrated database to version: 34
2026/10/03 19:26:20 OK   00001_roles_and_schemas.sql (32.41ms)
2026/10/03 19:26:20 goose: successfully migrated database to version: 1
2026/10/03 19:26:20 OK   00002_platform_meta.sql (35.55ms)
2026/10/03 19:26:20 OK   00003_finding.sql (7.32ms)
2026/10/03 19:26:20 OK   00004_incident.sql (33.04ms)
2026/10/03 19:26:20 OK   00005_investigation.sql (5.57ms)
2026/10/03 19:26:20 OK   00006_action_command.sql (4.42ms)
2026/10/03 19:26:20 OK   00007_audit.sql (7.12ms)
2026/10/03 19:26:20 OK   00008_rls.sql (29.66ms)
2026/10/03 19:26:20 OK   00009_idempotency_ledger.sql (6.37ms)
2026/10/03 19:26:20 OK   00010_tenant_provisioning.sql (13.33ms)
2026/10/03 19:26:20 OK   00011_source_registration_history.sql (52.18ms)
2026/10/03 19:26:20 OK   00012_config_registry_lifecycle.sql (10.49ms)
2026/10/03 19:26:20 OK   00013_audit_signed_segments.sql (39.83ms)
2026/10/03 19:26:20 OK   00014_audit_segment_predecessors.sql (5.19ms)
2026/10/03 19:26:20 OK   00015_source_schema_scope.sql (2.3ms)
2026/10/03 19:26:20 OK   00016_cluster_registration_metadata.sql (3.62ms)
2026/10/03 19:26:20 OK   00017_source_data_scope.sql (31.26ms)
2026/10/03 19:26:20 OK   00018_sp04_resources_evidence.sql (40.35ms)
2026/10/03 19:26:20 OK   00019_sp04_archive_ciphertext_bytes.sql (2.94ms)
2026/10/03 19:26:20 OK   00020_sp04_request_ledger.sql (4.13ms)
2026/10/03 19:26:20 OK   00021_sp04_archive_protection.sql (3.09ms)
2026/10/03 19:26:20 OK   00022_sp04_legal_hold_dependencies.sql (2.71ms)
2026/10/03 19:26:21 OK   00023_sp04_archive_query_intent.sql (29.65ms)
2026/10/03 19:26:21 OK   00024_sp05_finding_incident.sql (14.67ms)
2026/10/03 19:26:21 OK   00025_sp05_incident_event_time.sql (24.48ms)
2026/10/03 19:26:21 OK   00026_sp05_source_binding_lock.sql (3.74ms)
2026/10/03 19:26:21 OK   00027_sp05_rca_and_poll.sql (31.78ms)
2026/10/03 19:26:21 OK   00028_sp05_operator_lock.sql (3.95ms)
2026/10/03 19:26:21 OK   00029_sp05_evidence_links.sql (31.55ms)
2026/10/03 19:26:21 OK   00030_sp05_recipe_fence.sql (2.2ms)
2026/10/03 19:26:21 OK   00031_sp05_rca_postcheck.sql (3.45ms)
2026/10/03 19:26:21 OK   00032_sp05_transport_audit.sql (39.53ms)
2026/10/03 19:26:21 OK   00033_sp05_poll_resolution_clock.sql (3.38ms)
2026/10/03 19:26:21 OK   00034_sp06_investigation_ledger.sql (35.99ms)
2026/10/03 19:26:21 goose: successfully migrated database to version: 34
2026/10/03 19:27:32 OK   00001_roles_and_schemas.sql (21.25ms)
2026/10/03 19:27:32 goose: successfully migrated database to version: 1
2026/10/03 19:27:32 OK   00002_platform_meta.sql (27.76ms)
2026/10/03 19:27:32 OK   00003_finding.sql (6.79ms)
2026/10/03 19:27:32 OK   00004_incident.sql (26.76ms)
2026/10/03 19:27:32 OK   00005_investigation.sql (4.94ms)
2026/10/03 19:27:32 OK   00006_action_command.sql (30.85ms)
2026/10/03 19:27:32 OK   00007_audit.sql (10.79ms)
2026/10/03 19:27:32 OK   00008_rls.sql (28.91ms)
2026/10/03 19:27:32 OK   00009_idempotency_ledger.sql (5.71ms)
2026/10/03 19:27:32 OK   00010_tenant_provisioning.sql (5.55ms)
2026/10/03 19:27:32 OK   00011_source_registration_history.sql (23.29ms)
2026/10/03 19:27:32 OK   00012_config_registry_lifecycle.sql (32.61ms)
2026/10/03 19:27:32 OK   00013_audit_signed_segments.sql (9.64ms)
2026/10/03 19:27:32 OK   00014_audit_segment_predecessors.sql (14.75ms)
2026/10/03 19:27:32 OK   00015_source_schema_scope.sql (13.83ms)
2026/10/03 19:27:32 OK   00016_cluster_registration_metadata.sql (4.78ms)
2026/10/03 19:27:32 OK   00017_source_data_scope.sql (24.14ms)
2026/10/03 19:27:32 OK   00018_sp04_resources_evidence.sql (18.91ms)
2026/10/03 19:27:32 OK   00019_sp04_archive_ciphertext_bytes.sql (17.73ms)
2026/10/03 19:27:32 OK   00020_sp04_request_ledger.sql (4.78ms)
2026/10/03 19:27:32 OK   00021_sp04_archive_protection.sql (28.75ms)
2026/10/03 19:27:32 OK   00022_sp04_legal_hold_dependencies.sql (3.04ms)
2026/10/03 19:27:32 OK   00023_sp04_archive_query_intent.sql (2.43ms)
2026/10/03 19:27:32 OK   00024_sp05_finding_incident.sql (46.61ms)
2026/10/03 19:27:32 OK   00025_sp05_incident_event_time.sql (3.32ms)
2026/10/03 19:27:32 OK   00026_sp05_source_binding_lock.sql (5.2ms)
2026/10/03 19:27:32 OK   00027_sp05_rca_and_poll.sql (26.42ms)
2026/10/03 19:27:32 OK   00028_sp05_operator_lock.sql (3.59ms)
2026/10/03 19:27:32 OK   00029_sp05_evidence_links.sql (34.08ms)
2026/10/03 19:27:32 OK   00030_sp05_recipe_fence.sql (2.77ms)
2026/10/03 19:27:32 OK   00031_sp05_rca_postcheck.sql (2.15ms)
2026/10/03 19:27:32 OK   00032_sp05_transport_audit.sql (2.45ms)
2026/10/03 19:27:32 OK   00033_sp05_poll_resolution_clock.sql (2.54ms)
2026/10/03 19:27:32 OK   00034_sp06_investigation_ledger.sql (34.14ms)
2026/10/03 19:27:32 goose: successfully migrated database to version: 34
2026/10/03 19:27:41 OK   00001_roles_and_schemas.sql (41.82ms)
2026/10/03 19:27:41 goose: successfully migrated database to version: 1
2026/10/03 19:27:41 OK   00002_platform_meta.sql (51.22ms)
2026/10/03 19:27:41 OK   00003_finding.sql (7.68ms)
2026/10/03 19:27:41 OK   00004_incident.sql (30.31ms)
2026/10/03 19:27:41 OK   00005_investigation.sql (8ms)
2026/10/03 19:27:41 OK   00006_action_command.sql (41.42ms)
2026/10/03 19:27:41 OK   00007_audit.sql (39.46ms)
2026/10/03 19:27:41 OK   00008_rls.sql (30.51ms)
2026/10/03 19:27:41 OK   00009_idempotency_ledger.sql (7.43ms)
2026/10/03 19:27:41 OK   00010_tenant_provisioning.sql (3.57ms)
2026/10/03 19:27:41 OK   00011_source_registration_history.sql (32.59ms)
2026/10/03 19:27:41 OK   00012_config_registry_lifecycle.sql (8.15ms)
2026/10/03 19:27:41 OK   00013_audit_signed_segments.sql (32.65ms)
2026/10/03 19:27:41 OK   00014_audit_segment_predecessors.sql (11.23ms)
2026/10/03 19:27:41 OK   00015_source_schema_scope.sql (22.32ms)
2026/10/03 19:27:41 OK   00016_cluster_registration_metadata.sql (4.52ms)
2026/10/03 19:27:41 OK   00017_source_data_scope.sql (3.11ms)
2026/10/03 19:27:41 OK   00018_sp04_resources_evidence.sql (35.16ms)
2026/10/03 19:27:41 OK   00019_sp04_archive_ciphertext_bytes.sql (3.01ms)
2026/10/03 19:27:41 OK   00020_sp04_request_ledger.sql (3.67ms)
2026/10/03 19:27:41 OK   00021_sp04_archive_protection.sql (2.61ms)
2026/10/03 19:27:41 OK   00022_sp04_legal_hold_dependencies.sql (2.36ms)
2026/10/03 19:27:41 OK   00023_sp04_archive_query_intent.sql (2.5ms)
2026/10/03 19:27:41 OK   00024_sp05_finding_incident.sql (12.64ms)
2026/10/03 19:27:41 OK   00025_sp05_incident_event_time.sql (31.98ms)
2026/10/03 19:27:41 OK   00026_sp05_source_binding_lock.sql (5.39ms)
2026/10/03 19:27:41 OK   00027_sp05_rca_and_poll.sql (8.5ms)
2026/10/03 19:27:41 OK   00028_sp05_operator_lock.sql (29.85ms)
2026/10/03 19:27:41 OK   00029_sp05_evidence_links.sql (8.39ms)
2026/10/03 19:27:41 OK   00030_sp05_recipe_fence.sql (2.75ms)
2026/10/03 19:27:41 OK   00031_sp05_rca_postcheck.sql (2.59ms)
2026/10/03 19:27:41 OK   00032_sp05_transport_audit.sql (3.55ms)
2026/10/03 19:27:41 OK   00033_sp05_poll_resolution_clock.sql (27.45ms)
2026/10/03 19:27:41 OK   00034_sp06_investigation_ledger.sql (14.62ms)
2026/10/03 19:27:41 goose: successfully migrated database to version: 34
2026/10/03 19:27:42 OK   00001_roles_and_schemas.sql (45.38ms)
2026/10/03 19:27:42 goose: successfully migrated database to version: 1
2026/10/03 19:27:42 OK   00002_platform_meta.sql (52.01ms)
2026/10/03 19:27:42 OK   00003_finding.sql (14.42ms)
2026/10/03 19:27:42 OK   00004_incident.sql (28.02ms)
2026/10/03 19:27:42 OK   00005_investigation.sql (31.33ms)
2026/10/03 19:27:42 OK   00006_action_command.sql (26.56ms)
2026/10/03 19:27:42 OK   00007_audit.sql (16.29ms)
2026/10/03 19:27:42 OK   00008_rls.sql (29.3ms)
2026/10/03 19:27:42 OK   00009_idempotency_ledger.sql (32.32ms)
2026/10/03 19:27:42 OK   00010_tenant_provisioning.sql (3.63ms)
2026/10/03 19:27:42 OK   00011_source_registration_history.sql (33.3ms)
2026/10/03 19:27:42 OK   00012_config_registry_lifecycle.sql (7.89ms)
2026/10/03 19:27:42 OK   00013_audit_signed_segments.sql (8.93ms)
2026/10/03 19:27:42 OK   00014_audit_segment_predecessors.sql (4.68ms)
2026/10/03 19:27:42 OK   00015_source_schema_scope.sql (2.25ms)
2026/10/03 19:27:42 OK   00016_cluster_registration_metadata.sql (2.99ms)
2026/10/03 19:27:42 OK   00017_source_data_scope.sql (11.75ms)
2026/10/03 19:27:42 OK   00018_sp04_resources_evidence.sql (27.37ms)
2026/10/03 19:27:42 OK   00019_sp04_archive_ciphertext_bytes.sql (40.07ms)
2026/10/03 19:27:42 OK   00020_sp04_request_ledger.sql (5.03ms)
2026/10/03 19:27:42 OK   00021_sp04_archive_protection.sql (2.63ms)
2026/10/03 19:27:42 OK   00022_sp04_legal_hold_dependencies.sql (2.13ms)
2026/10/03 19:27:42 OK   00023_sp04_archive_query_intent.sql (30.25ms)
2026/10/03 19:27:42 OK   00024_sp05_finding_incident.sql (37.6ms)
2026/10/03 19:27:42 OK   00025_sp05_incident_event_time.sql (2.77ms)
2026/10/03 19:27:42 OK   00026_sp05_source_binding_lock.sql (2.97ms)
2026/10/03 19:27:43 OK   00027_sp05_rca_and_poll.sql (32.39ms)
2026/10/03 19:27:43 OK   00028_sp05_operator_lock.sql (2.73ms)
2026/10/03 19:27:43 OK   00029_sp05_evidence_links.sql (3.96ms)
2026/10/03 19:27:43 OK   00030_sp05_recipe_fence.sql (2.19ms)
2026/10/03 19:27:43 OK   00031_sp05_rca_postcheck.sql (1.72ms)
2026/10/03 19:27:43 OK   00032_sp05_transport_audit.sql (24.03ms)
2026/10/03 19:27:43 OK   00033_sp05_poll_resolution_clock.sql (8.66ms)
2026/10/03 19:27:43 OK   00034_sp06_investigation_ledger.sql (13.03ms)
2026/10/03 19:27:43 goose: successfully migrated database to version: 34
2026/10/03 19:27:43 OK   00001_roles_and_schemas.sql (7.75ms)
2026/10/03 19:27:43 goose: successfully migrated database to version: 1
2026/10/03 19:27:43 OK   00002_platform_meta.sql (37.67ms)
2026/10/03 19:27:43 OK   00003_finding.sql (7.02ms)
2026/10/03 19:27:43 OK   00004_incident.sql (4ms)
2026/10/03 19:27:43 OK   00005_investigation.sql (4.92ms)
2026/10/03 19:27:43 OK   00006_action_command.sql (29.07ms)
2026/10/03 19:27:43 OK   00007_audit.sql (29.94ms)
2026/10/03 19:27:43 OK   00008_rls.sql (7.03ms)
2026/10/03 19:27:43 OK   00009_idempotency_ledger.sql (5.9ms)
2026/10/03 19:27:43 OK   00010_tenant_provisioning.sql (32.81ms)
2026/10/03 19:27:43 OK   00011_source_registration_history.sql (5.96ms)
2026/10/03 19:27:43 OK   00012_config_registry_lifecycle.sql (32.69ms)
2026/10/03 19:27:43 OK   00013_audit_signed_segments.sql (62.68ms)
2026/10/03 19:27:43 OK   00014_audit_segment_predecessors.sql (15.45ms)
2026/10/03 19:27:43 OK   00015_source_schema_scope.sql (3.6ms)
2026/10/03 19:27:43 OK   00016_cluster_registration_metadata.sql (3.91ms)
2026/10/03 19:27:43 OK   00017_source_data_scope.sql (27.95ms)
2026/10/03 19:27:43 OK   00018_sp04_resources_evidence.sql (14.56ms)
2026/10/03 19:27:43 OK   00019_sp04_archive_ciphertext_bytes.sql (4.25ms)
2026/10/03 19:27:43 OK   00020_sp04_request_ledger.sql (16.48ms)
2026/10/03 19:27:43 OK   00021_sp04_archive_protection.sql (3.47ms)
2026/10/03 19:27:43 OK   00022_sp04_legal_hold_dependencies.sql (2.26ms)
2026/10/03 19:27:43 OK   00023_sp04_archive_query_intent.sql (2.32ms)
2026/10/03 19:27:43 OK   00024_sp05_finding_incident.sql (37.01ms)
2026/10/03 19:27:43 OK   00025_sp05_incident_event_time.sql (17.87ms)
2026/10/03 19:27:43 OK   00026_sp05_source_binding_lock.sql (2.86ms)
2026/10/03 19:27:43 OK   00027_sp05_rca_and_poll.sql (5.34ms)
2026/10/03 19:27:43 OK   00028_sp05_operator_lock.sql (2.13ms)
2026/10/03 19:27:43 OK   00029_sp05_evidence_links.sql (3.79ms)
2026/10/03 19:27:43 OK   00030_sp05_recipe_fence.sql (2.06ms)
2026/10/03 19:27:43 OK   00031_sp05_rca_postcheck.sql (1.72ms)
2026/10/03 19:27:43 OK   00032_sp05_transport_audit.sql (1.88ms)
2026/10/03 19:27:43 OK   00033_sp05_poll_resolution_clock.sql (2.33ms)
2026/10/03 19:27:43 OK   00034_sp06_investigation_ledger.sql (34.37ms)
2026/10/03 19:27:43 goose: successfully migrated database to version: 34
2026/10/03 19:27:44 OK   00001_roles_and_schemas.sql (37.4ms)
2026/10/03 19:27:44 goose: successfully migrated database to version: 1
2026/10/03 19:27:44 OK   00002_platform_meta.sql (27.92ms)
2026/10/03 19:27:44 OK   00003_finding.sql (33.07ms)
2026/10/03 19:27:44 OK   00004_incident.sql (29.4ms)
2026/10/03 19:27:44 OK   00005_investigation.sql (28.21ms)
2026/10/03 19:27:44 OK   00006_action_command.sql (20.85ms)
2026/10/03 19:27:44 OK   00007_audit.sql (32.81ms)
2026/10/03 19:27:44 OK   00008_rls.sql (21.18ms)
2026/10/03 19:27:44 OK   00009_idempotency_ledger.sql (37.27ms)
2026/10/03 19:27:44 OK   00010_tenant_provisioning.sql (9.2ms)
2026/10/03 19:27:44 OK   00011_source_registration_history.sql (24.86ms)
2026/10/03 19:27:44 OK   00012_config_registry_lifecycle.sql (30.23ms)
2026/10/03 19:27:44 OK   00013_audit_signed_segments.sql (8.8ms)
2026/10/03 19:27:44 OK   00014_audit_segment_predecessors.sql (24.93ms)
2026/10/03 19:27:44 OK   00015_source_schema_scope.sql (2.62ms)
2026/10/03 19:27:44 OK   00016_cluster_registration_metadata.sql (3.38ms)
2026/10/03 19:27:44 OK   00017_source_data_scope.sql (5.62ms)
2026/10/03 19:27:44 OK   00018_sp04_resources_evidence.sql (49.7ms)
2026/10/03 19:27:44 OK   00019_sp04_archive_ciphertext_bytes.sql (8.22ms)
2026/10/03 19:27:44 OK   00020_sp04_request_ledger.sql (4.44ms)
2026/10/03 19:27:44 OK   00021_sp04_archive_protection.sql (2.87ms)
2026/10/03 19:27:44 OK   00022_sp04_legal_hold_dependencies.sql (29.63ms)
2026/10/03 19:27:44 OK   00023_sp04_archive_query_intent.sql (2.88ms)
2026/10/03 19:27:44 OK   00024_sp05_finding_incident.sql (32.94ms)
2026/10/03 19:27:44 OK   00025_sp05_incident_event_time.sql (11.07ms)
2026/10/03 19:27:44 OK   00026_sp05_source_binding_lock.sql (3.58ms)
2026/10/03 19:27:44 OK   00027_sp05_rca_and_poll.sql (27.08ms)
2026/10/03 19:27:44 OK   00028_sp05_operator_lock.sql (2.96ms)
2026/10/03 19:27:44 OK   00029_sp05_evidence_links.sql (4.2ms)
2026/10/03 19:27:44 OK   00030_sp05_recipe_fence.sql (2.28ms)
2026/10/03 19:27:44 OK   00031_sp05_rca_postcheck.sql (1.79ms)
2026/10/03 19:27:44 OK   00032_sp05_transport_audit.sql (1.94ms)
2026/10/03 19:27:44 OK   00033_sp05_poll_resolution_clock.sql (2.44ms)
2026/10/03 19:27:44 OK   00034_sp06_investigation_ledger.sql (12.64ms)
2026/10/03 19:27:44 goose: successfully migrated database to version: 34
2026/10/03 19:27:45 OK   00001_roles_and_schemas.sql (7.36ms)
2026/10/03 19:27:45 goose: successfully migrated database to version: 1
2026/10/03 19:27:45 OK   00002_platform_meta.sql (39.58ms)
2026/10/03 19:27:45 OK   00003_finding.sql (36ms)
2026/10/03 19:27:45 OK   00004_incident.sql (5.94ms)
2026/10/03 19:27:45 OK   00005_investigation.sql (31.18ms)
2026/10/03 19:27:45 OK   00006_action_command.sql (5.63ms)
2026/10/03 19:27:45 OK   00007_audit.sql (31.57ms)
2026/10/03 19:27:45 OK   00008_rls.sql (31.05ms)
2026/10/03 19:27:45 OK   00009_idempotency_ledger.sql (44.01ms)
2026/10/03 19:27:45 OK   00010_tenant_provisioning.sql (4.14ms)
2026/10/03 19:27:45 OK   00011_source_registration_history.sql (7.66ms)
2026/10/03 19:27:45 OK   00012_config_registry_lifecycle.sql (30.35ms)
2026/10/03 19:27:45 OK   00013_audit_signed_segments.sql (40.26ms)
2026/10/03 19:27:45 OK   00014_audit_segment_predecessors.sql (33.74ms)
2026/10/03 19:27:45 OK   00015_source_schema_scope.sql (3.5ms)
2026/10/03 19:27:45 OK   00016_cluster_registration_metadata.sql (3.56ms)
2026/10/03 19:27:45 OK   00017_source_data_scope.sql (2.88ms)
2026/10/03 19:27:45 OK   00018_sp04_resources_evidence.sql (36.11ms)
2026/10/03 19:27:45 OK   00019_sp04_archive_ciphertext_bytes.sql (2.69ms)
2026/10/03 19:27:45 OK   00020_sp04_request_ledger.sql (3.5ms)
2026/10/03 19:27:45 OK   00021_sp04_archive_protection.sql (2.22ms)
2026/10/03 19:27:45 OK   00022_sp04_legal_hold_dependencies.sql (2.08ms)
2026/10/03 19:27:45 OK   00023_sp04_archive_query_intent.sql (6.57ms)
2026/10/03 19:27:45 OK   00024_sp05_finding_incident.sql (31.53ms)
2026/10/03 19:27:45 OK   00025_sp05_incident_event_time.sql (26.22ms)
2026/10/03 19:27:45 OK   00026_sp05_source_binding_lock.sql (4.38ms)
2026/10/03 19:27:45 OK   00027_sp05_rca_and_poll.sql (5.49ms)
2026/10/03 19:27:45 OK   00028_sp05_operator_lock.sql (2.19ms)
2026/10/03 19:27:45 OK   00029_sp05_evidence_links.sql (27.73ms)
2026/10/03 19:27:45 OK   00030_sp05_recipe_fence.sql (2.48ms)
2026/10/03 19:27:45 OK   00031_sp05_rca_postcheck.sql (2.11ms)
2026/10/03 19:27:45 OK   00032_sp05_transport_audit.sql (2.07ms)
2026/10/03 19:27:45 OK   00033_sp05_poll_resolution_clock.sql (32.39ms)
2026/10/03 19:27:45 OK   00034_sp06_investigation_ledger.sql (15.82ms)
2026/10/03 19:27:45 goose: successfully migrated database to version: 34
2026/10/03 19:27:46 OK   00001_roles_and_schemas.sql (72.87ms)
2026/10/03 19:27:46 goose: successfully migrated database to version: 1
2026/10/03 19:27:46 OK   00002_platform_meta.sql (16.78ms)
2026/10/03 19:27:46 OK   00003_finding.sql (6.45ms)
2026/10/03 19:27:46 OK   00004_incident.sql (4.94ms)
2026/10/03 19:27:46 OK   00005_investigation.sql (5.22ms)
2026/10/03 19:27:46 OK   00006_action_command.sql (4.61ms)
2026/10/03 19:27:46 OK   00007_audit.sql (34.15ms)
2026/10/03 19:27:46 OK   00008_rls.sql (34.11ms)
2026/10/03 19:27:46 OK   00009_idempotency_ledger.sql (5.93ms)
2026/10/03 19:27:46 OK   00010_tenant_provisioning.sql (2.94ms)
2026/10/03 19:27:46 OK   00011_source_registration_history.sql (4.89ms)
2026/10/03 19:27:46 OK   00012_config_registry_lifecycle.sql (7.32ms)
2026/10/03 19:27:46 OK   00013_audit_signed_segments.sql (31.18ms)
2026/10/03 19:27:46 OK   00014_audit_segment_predecessors.sql (7.33ms)
2026/10/03 19:27:46 OK   00015_source_schema_scope.sql (26.66ms)
2026/10/03 19:27:46 OK   00016_cluster_registration_metadata.sql (3.43ms)
2026/10/03 19:27:46 OK   00017_source_data_scope.sql (2.73ms)
2026/10/03 19:27:46 OK   00018_sp04_resources_evidence.sql (11.43ms)
2026/10/03 19:27:46 OK   00019_sp04_archive_ciphertext_bytes.sql (8.5ms)
2026/10/03 19:27:46 OK   00020_sp04_request_ledger.sql (19.18ms)
2026/10/03 19:27:46 OK   00021_sp04_archive_protection.sql (3.05ms)
2026/10/03 19:27:46 OK   00022_sp04_legal_hold_dependencies.sql (2.71ms)
2026/10/03 19:27:46 OK   00023_sp04_archive_query_intent.sql (29.02ms)
2026/10/03 19:27:46 OK   00024_sp05_finding_incident.sql (24.47ms)
2026/10/03 19:27:46 OK   00025_sp05_incident_event_time.sql (16.25ms)
2026/10/03 19:27:46 OK   00026_sp05_source_binding_lock.sql (2.63ms)
2026/10/03 19:27:46 OK   00027_sp05_rca_and_poll.sql (54.72ms)
2026/10/03 19:27:46 OK   00028_sp05_operator_lock.sql (3.09ms)
2026/10/03 19:27:46 OK   00029_sp05_evidence_links.sql (6.33ms)
2026/10/03 19:27:46 OK   00030_sp05_recipe_fence.sql (27.12ms)
2026/10/03 19:27:46 OK   00031_sp05_rca_postcheck.sql (2.57ms)
2026/10/03 19:27:46 OK   00032_sp05_transport_audit.sql (3.5ms)
2026/10/03 19:27:46 OK   00033_sp05_poll_resolution_clock.sql (29.42ms)
2026/10/03 19:27:46 OK   00034_sp06_investigation_ledger.sql (38.58ms)
2026/10/03 19:27:46 goose: successfully migrated database to version: 34
2026/10/03 19:28:18 OK   00001_roles_and_schemas.sql (41.14ms)
2026/10/03 19:28:18 goose: successfully migrated database to version: 1
2026/10/03 19:28:18 OK   00002_platform_meta.sql (48.49ms)
2026/10/03 19:28:18 OK   00003_finding.sql (32.73ms)
2026/10/03 19:28:18 OK   00004_incident.sql (5.42ms)
2026/10/03 19:28:18 OK   00005_investigation.sql (29.28ms)
2026/10/03 19:28:18 OK   00006_action_command.sql (15.19ms)
2026/10/03 19:28:18 OK   00007_audit.sql (19.9ms)
2026/10/03 19:28:18 OK   00008_rls.sql (14.23ms)
2026/10/03 19:28:18 OK   00009_idempotency_ledger.sql (20.7ms)
2026/10/03 19:28:18 OK   00010_tenant_provisioning.sql (31.08ms)
2026/10/03 19:28:18 OK   00011_source_registration_history.sql (5.77ms)
2026/10/03 19:28:18 OK   00012_config_registry_lifecycle.sql (28.99ms)
2026/10/03 19:28:18 OK   00013_audit_signed_segments.sql (9.85ms)
2026/10/03 19:28:18 OK   00014_audit_segment_predecessors.sql (5.01ms)
2026/10/03 19:28:18 OK   00015_source_schema_scope.sql (28.33ms)
2026/10/03 19:28:18 OK   00016_cluster_registration_metadata.sql (3.54ms)
2026/10/03 19:28:18 OK   00017_source_data_scope.sql (2.93ms)
2026/10/03 19:28:18 OK   00018_sp04_resources_evidence.sql (35.28ms)
2026/10/03 19:28:18 OK   00019_sp04_archive_ciphertext_bytes.sql (3.18ms)
2026/10/03 19:28:18 OK   00020_sp04_request_ledger.sql (32.82ms)
2026/10/03 19:28:18 OK   00021_sp04_archive_protection.sql (5.09ms)
2026/10/03 19:28:18 OK   00022_sp04_legal_hold_dependencies.sql (27.58ms)
2026/10/03 19:28:18 OK   00023_sp04_archive_query_intent.sql (2.56ms)
2026/10/03 19:28:18 OK   00024_sp05_finding_incident.sql (36.33ms)
2026/10/03 19:28:18 OK   00025_sp05_incident_event_time.sql (3ms)
2026/10/03 19:28:18 OK   00026_sp05_source_binding_lock.sql (14.92ms)
2026/10/03 19:28:18 OK   00027_sp05_rca_and_poll.sql (18.81ms)
2026/10/03 19:28:18 OK   00028_sp05_operator_lock.sql (2.67ms)
2026/10/03 19:28:18 OK   00029_sp05_evidence_links.sql (4.32ms)
2026/10/03 19:28:18 OK   00030_sp05_recipe_fence.sql (4.22ms)
2026/10/03 19:28:18 OK   00031_sp05_rca_postcheck.sql (31.29ms)
2026/10/03 19:28:18 OK   00032_sp05_transport_audit.sql (36.42ms)
2026/10/03 19:28:18 OK   00033_sp05_poll_resolution_clock.sql (4.43ms)
2026/10/03 19:28:18 OK   00034_sp06_investigation_ledger.sql (44.68ms)
2026/10/03 19:28:18 goose: successfully migrated database to version: 34
2026/10/03 19:28:19 OK   00001_roles_and_schemas.sql (7.57ms)
2026/10/03 19:28:19 goose: successfully migrated database to version: 1
2026/10/03 19:28:19 OK   00002_platform_meta.sql (41.85ms)
2026/10/03 19:28:19 OK   00003_finding.sql (27.7ms)
2026/10/03 19:28:19 OK   00004_incident.sql (20.86ms)
2026/10/03 19:28:19 OK   00005_investigation.sql (8.42ms)
2026/10/03 19:28:19 OK   00006_action_command.sql (35.65ms)
2026/10/03 19:28:19 OK   00007_audit.sql (47.11ms)
2026/10/03 19:28:19 OK   00008_rls.sql (11.17ms)
2026/10/03 19:28:19 OK   00009_idempotency_ledger.sql (37.79ms)
2026/10/03 19:28:19 OK   00010_tenant_provisioning.sql (23.3ms)
2026/10/03 19:28:19 OK   00011_source_registration_history.sql (24.34ms)
2026/10/03 19:28:19 OK   00012_config_registry_lifecycle.sql (10.88ms)
2026/10/03 19:28:19 OK   00013_audit_signed_segments.sql (9.88ms)
2026/10/03 19:28:19 OK   00014_audit_segment_predecessors.sql (5.78ms)
2026/10/03 19:28:19 OK   00015_source_schema_scope.sql (2.68ms)
2026/10/03 19:28:19 OK   00016_cluster_registration_metadata.sql (3.43ms)
2026/10/03 19:28:19 OK   00017_source_data_scope.sql (8ms)
2026/10/03 19:28:19 OK   00018_sp04_resources_evidence.sql (33.49ms)
2026/10/03 19:28:19 OK   00019_sp04_archive_ciphertext_bytes.sql (2.77ms)
2026/10/03 19:28:19 OK   00020_sp04_request_ledger.sql (31.18ms)
2026/10/03 19:28:19 OK   00021_sp04_archive_protection.sql (4.26ms)
2026/10/03 19:28:19 OK   00022_sp04_legal_hold_dependencies.sql (31.52ms)
2026/10/03 19:28:19 OK   00023_sp04_archive_query_intent.sql (3.49ms)
2026/10/03 19:28:19 OK   00024_sp05_finding_incident.sql (62.93ms)
2026/10/03 19:28:19 OK   00025_sp05_incident_event_time.sql (35.05ms)
2026/10/03 19:28:19 OK   00026_sp05_source_binding_lock.sql (27.87ms)
2026/10/03 19:28:19 OK   00027_sp05_rca_and_poll.sql (10.56ms)
2026/10/03 19:28:20 OK   00028_sp05_operator_lock.sql (28.1ms)
2026/10/03 19:28:20 OK   00029_sp05_evidence_links.sql (4.85ms)
2026/10/03 19:28:20 OK   00030_sp05_recipe_fence.sql (2.25ms)
2026/10/03 19:28:20 OK   00031_sp05_rca_postcheck.sql (1.97ms)
2026/10/03 19:28:20 OK   00032_sp05_transport_audit.sql (2.14ms)
2026/10/03 19:28:20 OK   00033_sp05_poll_resolution_clock.sql (2.92ms)
2026/10/03 19:28:20 OK   00034_sp06_investigation_ledger.sql (38.2ms)
2026/10/03 19:28:20 goose: successfully migrated database to version: 34
2026/10/03 19:28:20 OK   00001_roles_and_schemas.sql (8.27ms)
2026/10/03 19:28:20 goose: successfully migrated database to version: 1
2026/10/03 19:28:20 OK   00002_platform_meta.sql (32.86ms)
2026/10/03 19:28:20 OK   00003_finding.sql (29.22ms)
2026/10/03 19:28:20 OK   00004_incident.sql (4.83ms)
2026/10/03 19:28:20 OK   00005_investigation.sql (5.32ms)
2026/10/03 19:28:20 OK   00006_action_command.sql (29.95ms)
2026/10/03 19:28:20 OK   00007_audit.sql (10.22ms)
2026/10/03 19:28:20 OK   00008_rls.sql (28.21ms)
2026/10/03 19:28:20 OK   00009_idempotency_ledger.sql (31.24ms)
2026/10/03 19:28:20 OK   00010_tenant_provisioning.sql (3.96ms)
2026/10/03 19:28:20 OK   00011_source_registration_history.sql (5.55ms)
2026/10/03 19:28:20 OK   00012_config_registry_lifecycle.sql (7.76ms)
2026/10/03 19:28:20 OK   00013_audit_signed_segments.sql (9.33ms)
2026/10/03 19:28:20 OK   00014_audit_segment_predecessors.sql (4.69ms)
2026/10/03 19:28:20 OK   00015_source_schema_scope.sql (2.78ms)
2026/10/03 19:28:20 OK   00016_cluster_registration_metadata.sql (3.45ms)
2026/10/03 19:28:20 OK   00017_source_data_scope.sql (27.3ms)
2026/10/03 19:28:20 OK   00018_sp04_resources_evidence.sql (14.67ms)
2026/10/03 19:28:20 OK   00019_sp04_archive_ciphertext_bytes.sql (6.72ms)
2026/10/03 19:28:20 OK   00020_sp04_request_ledger.sql (12.29ms)
2026/10/03 19:28:20 OK   00021_sp04_archive_protection.sql (4.48ms)
2026/10/03 19:28:20 OK   00022_sp04_legal_hold_dependencies.sql (2.88ms)
2026/10/03 19:28:20 OK   00023_sp04_archive_query_intent.sql (3.73ms)
2026/10/03 19:28:20 OK   00024_sp05_finding_incident.sql (39.52ms)
2026/10/03 19:28:20 OK   00025_sp05_incident_event_time.sql (30.93ms)
2026/10/03 19:28:20 OK   00026_sp05_source_binding_lock.sql (3.02ms)
2026/10/03 19:28:20 OK   00027_sp05_rca_and_poll.sql (22.96ms)
2026/10/03 19:28:20 OK   00028_sp05_operator_lock.sql (8.09ms)
2026/10/03 19:28:20 OK   00029_sp05_evidence_links.sql (8.99ms)
2026/10/03 19:28:20 OK   00030_sp05_recipe_fence.sql (22.68ms)
2026/10/03 19:28:20 OK   00031_sp05_rca_postcheck.sql (1.75ms)
2026/10/03 19:28:20 OK   00032_sp05_transport_audit.sql (2.04ms)
2026/10/03 19:28:20 OK   00033_sp05_poll_resolution_clock.sql (2.34ms)
2026/10/03 19:28:20 OK   00034_sp06_investigation_ledger.sql (62.17ms)
2026/10/03 19:28:20 goose: successfully migrated database to version: 34
2026/10/03 19:28:21 OK   00001_roles_and_schemas.sql (25.68ms)
2026/10/03 19:28:21 goose: successfully migrated database to version: 1
2026/10/03 19:28:21 OK   00002_platform_meta.sql (15.42ms)
2026/10/03 19:28:21 OK   00003_finding.sql (25.95ms)
2026/10/03 19:28:21 OK   00004_incident.sql (4.25ms)
2026/10/03 19:28:21 OK   00005_investigation.sql (4.44ms)
2026/10/03 19:28:21 OK   00006_action_command.sql (34.78ms)
2026/10/03 19:28:21 OK   00007_audit.sql (8.61ms)
2026/10/03 19:28:21 OK   00008_rls.sql (9.01ms)
2026/10/03 19:28:22 OK   00009_idempotency_ledger.sql (22.33ms)
2026/10/03 19:28:22 OK   00010_tenant_provisioning.sql (4.82ms)
2026/10/03 19:28:22 OK   00011_source_registration_history.sql (28.97ms)
2026/10/03 19:28:22 OK   00012_config_registry_lifecycle.sql (10.45ms)
2026/10/03 19:28:22 OK   00013_audit_signed_segments.sql (43.27ms)
2026/10/03 19:28:22 OK   00014_audit_segment_predecessors.sql (28.14ms)
2026/10/03 19:28:22 OK   00015_source_schema_scope.sql (28.38ms)
2026/10/03 19:28:22 OK   00016_cluster_registration_metadata.sql (3.79ms)
2026/10/03 19:28:22 OK   00017_source_data_scope.sql (3.03ms)
2026/10/03 19:28:22 OK   00018_sp04_resources_evidence.sql (26.51ms)
2026/10/03 19:28:22 OK   00019_sp04_archive_ciphertext_bytes.sql (7.21ms)
2026/10/03 19:28:22 OK   00020_sp04_request_ledger.sql (3.87ms)
2026/10/03 19:28:22 OK   00021_sp04_archive_protection.sql (2.29ms)
2026/10/03 19:28:22 OK   00022_sp04_legal_hold_dependencies.sql (1.96ms)
2026/10/03 19:28:22 OK   00023_sp04_archive_query_intent.sql (2.22ms)
2026/10/03 19:28:22 OK   00024_sp05_finding_incident.sql (12.51ms)
2026/10/03 19:28:22 OK   00025_sp05_incident_event_time.sql (1.95ms)
2026/10/03 19:28:22 OK   00026_sp05_source_binding_lock.sql (2.1ms)
2026/10/03 19:28:22 OK   00027_sp05_rca_and_poll.sql (27.35ms)
2026/10/03 19:28:22 OK   00028_sp05_operator_lock.sql (2.46ms)
2026/10/03 19:28:22 OK   00029_sp05_evidence_links.sql (26.78ms)
2026/10/03 19:28:22 OK   00030_sp05_recipe_fence.sql (4.76ms)
2026/10/03 19:28:22 OK   00031_sp05_rca_postcheck.sql (3.16ms)
2026/10/03 19:28:22 OK   00032_sp05_transport_audit.sql (8.36ms)
2026/10/03 19:28:22 OK   00033_sp05_poll_resolution_clock.sql (16.65ms)
2026/10/03 19:28:22 OK   00034_sp06_investigation_ledger.sql (17.2ms)
2026/10/03 19:28:22 goose: successfully migrated database to version: 34
2026/10/03 19:28:22 OK   00001_roles_and_schemas.sql (15.38ms)
2026/10/03 19:28:22 goose: successfully migrated database to version: 1
2026/10/03 19:28:22 OK   00002_platform_meta.sql (15.54ms)
2026/10/03 19:28:22 OK   00003_finding.sql (14.88ms)
2026/10/03 19:28:22 OK   00004_incident.sql (25.29ms)
2026/10/03 19:28:22 OK   00005_investigation.sql (9.44ms)
2026/10/03 19:28:22 OK   00006_action_command.sql (21.93ms)
2026/10/03 19:28:23 OK   00007_audit.sql (29.84ms)
2026/10/03 19:28:23 OK   00008_rls.sql (32.89ms)
2026/10/03 19:28:23 OK   00009_idempotency_ledger.sql (30.58ms)
2026/10/03 19:28:23 OK   00010_tenant_provisioning.sql (3.99ms)
2026/10/03 19:28:23 OK   00011_source_registration_history.sql (30.13ms)
2026/10/03 19:28:23 OK   00012_config_registry_lifecycle.sql (8.51ms)
2026/10/03 19:28:23 OK   00013_audit_signed_segments.sql (72.04ms)
2026/10/03 19:28:23 OK   00014_audit_segment_predecessors.sql (6.76ms)
2026/10/03 19:28:23 OK   00015_source_schema_scope.sql (3.47ms)
2026/10/03 19:28:23 OK   00016_cluster_registration_metadata.sql (6.46ms)
2026/10/03 19:28:23 OK   00017_source_data_scope.sql (29.37ms)
2026/10/03 19:28:23 OK   00018_sp04_resources_evidence.sql (37.85ms)
2026/10/03 19:28:23 OK   00019_sp04_archive_ciphertext_bytes.sql (3.02ms)
2026/10/03 19:28:23 OK   00020_sp04_request_ledger.sql (34.29ms)
2026/10/03 19:28:23 OK   00021_sp04_archive_protection.sql (3.07ms)
2026/10/03 19:28:23 OK   00022_sp04_legal_hold_dependencies.sql (2.07ms)
2026/10/03 19:28:23 OK   00023_sp04_archive_query_intent.sql (2.02ms)
2026/10/03 19:28:23 OK   00024_sp05_finding_incident.sql (53.07ms)
2026/10/03 19:28:23 OK   00025_sp05_incident_event_time.sql (2.38ms)
2026/10/03 19:28:23 OK   00026_sp05_source_binding_lock.sql (2.61ms)
2026/10/03 19:28:23 OK   00027_sp05_rca_and_poll.sql (6.93ms)
2026/10/03 19:28:23 OK   00028_sp05_operator_lock.sql (2.89ms)
2026/10/03 19:28:23 OK   00029_sp05_evidence_links.sql (4.15ms)
2026/10/03 19:28:23 OK   00030_sp05_recipe_fence.sql (1.93ms)
2026/10/03 19:28:23 OK   00031_sp05_rca_postcheck.sql (1.95ms)
2026/10/03 19:28:23 OK   00032_sp05_transport_audit.sql (2.09ms)
2026/10/03 19:28:23 OK   00033_sp05_poll_resolution_clock.sql (2.99ms)
2026/10/03 19:28:23 OK   00034_sp06_investigation_ledger.sql (38.04ms)
2026/10/03 19:28:23 goose: successfully migrated database to version: 34
2026/10/03 19:28:31 OK   00001_roles_and_schemas.sql (12.49ms)
2026/10/03 19:28:31 goose: successfully migrated database to version: 1
2026/10/03 19:28:31 OK   00002_platform_meta.sql (34.97ms)
2026/10/03 19:28:31 OK   00003_finding.sql (35.93ms)
2026/10/03 19:28:31 OK   00004_incident.sql (8.52ms)
2026/10/03 19:28:31 OK   00005_investigation.sql (30.8ms)
2026/10/03 19:28:31 OK   00006_action_command.sql (15.71ms)
2026/10/03 19:28:31 OK   00007_audit.sql (8.42ms)
2026/10/03 19:28:31 OK   00008_rls.sql (7.61ms)
2026/10/03 19:28:31 OK   00009_idempotency_ledger.sql (33.4ms)
2026/10/03 19:28:31 OK   00010_tenant_provisioning.sql (5.44ms)
2026/10/03 19:28:32 OK   00011_source_registration_history.sql (32.72ms)
2026/10/03 19:28:32 OK   00012_config_registry_lifecycle.sql (39ms)
2026/10/03 19:28:32 OK   00013_audit_signed_segments.sql (12.96ms)
2026/10/03 19:28:32 OK   00014_audit_segment_predecessors.sql (5.66ms)
2026/10/03 19:28:32 OK   00015_source_schema_scope.sql (3.34ms)
2026/10/03 19:28:32 OK   00016_cluster_registration_metadata.sql (4.49ms)
2026/10/03 19:28:32 OK   00017_source_data_scope.sql (34.96ms)
2026/10/03 19:28:32 OK   00018_sp04_resources_evidence.sql (43.83ms)
2026/10/03 19:28:32 OK   00019_sp04_archive_ciphertext_bytes.sql (3.39ms)
2026/10/03 19:28:32 OK   00020_sp04_request_ledger.sql (4.33ms)
2026/10/03 19:28:32 OK   00021_sp04_archive_protection.sql (29.96ms)
2026/10/03 19:28:32 OK   00022_sp04_legal_hold_dependencies.sql (2.63ms)
2026/10/03 19:28:32 OK   00023_sp04_archive_query_intent.sql (2.56ms)
2026/10/03 19:28:32 OK   00024_sp05_finding_incident.sql (39.18ms)
2026/10/03 19:28:32 OK   00025_sp05_incident_event_time.sql (2.62ms)
2026/10/03 19:28:32 OK   00026_sp05_source_binding_lock.sql (2.4ms)
2026/10/03 19:28:32 OK   00027_sp05_rca_and_poll.sql (6.47ms)
2026/10/03 19:28:32 OK   00028_sp05_operator_lock.sql (29.03ms)
2026/10/03 19:28:32 OK   00029_sp05_evidence_links.sql (32.45ms)
2026/10/03 19:28:32 OK   00030_sp05_recipe_fence.sql (27.83ms)
2026/10/03 19:28:32 OK   00031_sp05_rca_postcheck.sql (2.8ms)
2026/10/03 19:28:32 OK   00032_sp05_transport_audit.sql (2.6ms)
2026/10/03 19:28:32 OK   00033_sp05_poll_resolution_clock.sql (4.55ms)
2026/10/03 19:28:32 OK   00034_sp06_investigation_ledger.sql (39.56ms)
2026/10/03 19:28:32 goose: successfully migrated database to version: 34
2026/10/03 19:28:32 OK   00001_roles_and_schemas.sql (26.78ms)
2026/10/03 19:28:32 goose: successfully migrated database to version: 1
2026/10/03 19:28:33 OK   00002_platform_meta.sql (57.88ms)
2026/10/03 19:28:33 OK   00003_finding.sql (7.34ms)
2026/10/03 19:28:33 OK   00004_incident.sql (4.72ms)
2026/10/03 19:28:33 OK   00005_investigation.sql (9.74ms)
2026/10/03 19:28:33 OK   00006_action_command.sql (22.11ms)
2026/10/03 19:28:33 OK   00007_audit.sql (51.23ms)
2026/10/03 19:28:33 OK   00008_rls.sql (8.46ms)
2026/10/03 19:28:33 OK   00009_idempotency_ledger.sql (6.02ms)
2026/10/03 19:28:33 OK   00010_tenant_provisioning.sql (3.3ms)
2026/10/03 19:28:33 OK   00011_source_registration_history.sql (5.74ms)
2026/10/03 19:28:33 OK   00012_config_registry_lifecycle.sql (7.26ms)
2026/10/03 19:28:33 OK   00013_audit_signed_segments.sql (43.88ms)
2026/10/03 19:28:33 OK   00014_audit_segment_predecessors.sql (6.16ms)
2026/10/03 19:28:33 OK   00015_source_schema_scope.sql (3.38ms)
2026/10/03 19:28:33 OK   00016_cluster_registration_metadata.sql (3.85ms)
2026/10/03 19:28:33 OK   00017_source_data_scope.sql (3.16ms)
2026/10/03 19:28:33 OK   00018_sp04_resources_evidence.sql (49.14ms)
2026/10/03 19:28:33 OK   00019_sp04_archive_ciphertext_bytes.sql (25.16ms)
2026/10/03 19:28:33 OK   00020_sp04_request_ledger.sql (4.92ms)
2026/10/03 19:28:33 OK   00021_sp04_archive_protection.sql (31.24ms)
2026/10/03 19:28:33 OK   00022_sp04_legal_hold_dependencies.sql (2.85ms)
2026/10/03 19:28:33 OK   00023_sp04_archive_query_intent.sql (2.39ms)
2026/10/03 19:28:33 OK   00024_sp05_finding_incident.sql (38.46ms)
2026/10/03 19:28:33 OK   00025_sp05_incident_event_time.sql (3.03ms)
2026/10/03 19:28:33 OK   00026_sp05_source_binding_lock.sql (40.34ms)
2026/10/03 19:28:33 OK   00027_sp05_rca_and_poll.sql (11.84ms)
2026/10/03 19:28:33 OK   00028_sp05_operator_lock.sql (2.75ms)
2026/10/03 19:28:33 OK   00029_sp05_evidence_links.sql (4.13ms)
2026/10/03 19:28:33 OK   00030_sp05_recipe_fence.sql (5.61ms)
2026/10/03 19:28:33 OK   00031_sp05_rca_postcheck.sql (2.67ms)
2026/10/03 19:28:33 OK   00032_sp05_transport_audit.sql (2.43ms)
2026/10/03 19:28:33 OK   00033_sp05_poll_resolution_clock.sql (2.74ms)
2026/10/03 19:28:33 OK   00034_sp06_investigation_ledger.sql (42.03ms)
2026/10/03 19:28:33 goose: successfully migrated database to version: 34
2026/10/03 19:28:33 OK   00001_roles_and_schemas.sql (25.95ms)
2026/10/03 19:28:33 goose: successfully migrated database to version: 1
2026/10/03 19:28:33 OK   00002_platform_meta.sql (38.84ms)
2026/10/03 19:28:33 OK   00003_finding.sql (31.36ms)
2026/10/03 19:28:33 OK   00004_incident.sql (5.02ms)
2026/10/03 19:28:33 OK   00005_investigation.sql (35.21ms)
2026/10/03 19:28:33 OK   00006_action_command.sql (37.01ms)
2026/10/03 19:28:34 OK   00007_audit.sql (25.34ms)
2026/10/03 19:28:34 OK   00008_rls.sql (15.7ms)
2026/10/03 19:28:34 OK   00009_idempotency_ledger.sql (16.54ms)
2026/10/03 19:28:34 OK   00010_tenant_provisioning.sql (28.83ms)
2026/10/03 19:28:34 OK   00011_source_registration_history.sql (43.29ms)
2026/10/03 19:28:34 OK   00012_config_registry_lifecycle.sql (42.58ms)
2026/10/03 19:28:34 OK   00013_audit_signed_segments.sql (40.54ms)
2026/10/03 19:28:34 OK   00014_audit_segment_predecessors.sql (16.17ms)
2026/10/03 19:28:34 OK   00015_source_schema_scope.sql (22.45ms)
2026/10/03 19:28:34 OK   00016_cluster_registration_metadata.sql (8.46ms)
2026/10/03 19:28:34 OK   00017_source_data_scope.sql (4.41ms)
2026/10/03 19:28:34 OK   00018_sp04_resources_evidence.sql (22.05ms)
2026/10/03 19:28:34 OK   00019_sp04_archive_ciphertext_bytes.sql (22.5ms)
2026/10/03 19:28:34 OK   00020_sp04_request_ledger.sql (34.39ms)
2026/10/03 19:28:34 OK   00021_sp04_archive_protection.sql (4.66ms)
2026/10/03 19:28:34 OK   00022_sp04_legal_hold_dependencies.sql (4.48ms)
2026/10/03 19:28:34 OK   00023_sp04_archive_query_intent.sql (4.23ms)
2026/10/03 19:28:34 OK   00024_sp05_finding_incident.sql (31.58ms)
2026/10/03 19:28:34 OK   00025_sp05_incident_event_time.sql (27.23ms)
2026/10/03 19:28:34 OK   00026_sp05_source_binding_lock.sql (6.44ms)
2026/10/03 19:28:34 OK   00027_sp05_rca_and_poll.sql (6.22ms)
2026/10/03 19:28:34 OK   00028_sp05_operator_lock.sql (2.34ms)
2026/10/03 19:28:34 OK   00029_sp05_evidence_links.sql (4.05ms)
2026/10/03 19:28:34 OK   00030_sp05_recipe_fence.sql (2.44ms)
2026/10/03 19:28:34 OK   00031_sp05_rca_postcheck.sql (2.19ms)
2026/10/03 19:28:34 OK   00032_sp05_transport_audit.sql (2.23ms)
2026/10/03 19:28:34 OK   00033_sp05_poll_resolution_clock.sql (2.64ms)
2026/10/03 19:28:34 OK   00034_sp06_investigation_ledger.sql (37.65ms)
2026/10/03 19:28:34 goose: successfully migrated database to version: 34
2026/10/03 19:28:35 OK   00001_roles_and_schemas.sql (7.94ms)
2026/10/03 19:28:35 goose: successfully migrated database to version: 1
2026/10/03 19:28:35 OK   00002_platform_meta.sql (15.18ms)
2026/10/03 19:28:35 OK   00003_finding.sql (29.65ms)
2026/10/03 19:28:35 OK   00004_incident.sql (33.97ms)
2026/10/03 19:28:35 OK   00005_investigation.sql (5.58ms)
2026/10/03 19:28:35 OK   00006_action_command.sql (4.76ms)
2026/10/03 19:28:35 OK   00007_audit.sql (7.01ms)
2026/10/03 19:28:35 OK   00008_rls.sql (31.51ms)
2026/10/03 19:28:35 OK   00009_idempotency_ledger.sql (5.6ms)
2026/10/03 19:28:35 OK   00010_tenant_provisioning.sql (3.72ms)
2026/10/03 19:28:35 OK   00011_source_registration_history.sql (31.02ms)
2026/10/03 19:28:35 OK   00012_config_registry_lifecycle.sql (8.7ms)
2026/10/03 19:28:35 OK   00013_audit_signed_segments.sql (34.89ms)
2026/10/03 19:28:35 OK   00014_audit_segment_predecessors.sql (8.6ms)
2026/10/03 19:28:35 OK   00015_source_schema_scope.sql (5.8ms)
2026/10/03 19:28:35 OK   00016_cluster_registration_metadata.sql (24.79ms)
2026/10/03 19:28:35 OK   00017_source_data_scope.sql (3.6ms)
2026/10/03 19:28:35 OK   00018_sp04_resources_evidence.sql (11.21ms)
2026/10/03 19:28:35 OK   00019_sp04_archive_ciphertext_bytes.sql (2.5ms)
2026/10/03 19:28:35 OK   00020_sp04_request_ledger.sql (7.3ms)
2026/10/03 19:28:35 OK   00021_sp04_archive_protection.sql (12.47ms)
2026/10/03 19:28:35 OK   00022_sp04_legal_hold_dependencies.sql (14.15ms)
2026/10/03 19:28:35 OK   00023_sp04_archive_query_intent.sql (2.27ms)
2026/10/03 19:28:35 OK   00024_sp05_finding_incident.sql (32.56ms)
2026/10/03 19:28:35 OK   00025_sp05_incident_event_time.sql (3.9ms)
2026/10/03 19:28:35 OK   00026_sp05_source_binding_lock.sql (4.88ms)
2026/10/03 19:28:35 OK   00027_sp05_rca_and_poll.sql (9.18ms)
2026/10/03 19:28:35 OK   00028_sp05_operator_lock.sql (4.45ms)
2026/10/03 19:28:35 OK   00029_sp05_evidence_links.sql (24.6ms)
2026/10/03 19:28:35 OK   00030_sp05_recipe_fence.sql (22.65ms)
2026/10/03 19:28:35 OK   00031_sp05_rca_postcheck.sql (34.17ms)
2026/10/03 19:28:35 OK   00032_sp05_transport_audit.sql (3.14ms)
2026/10/03 19:28:35 OK   00033_sp05_poll_resolution_clock.sql (2.8ms)
2026/10/03 19:28:35 OK   00034_sp06_investigation_ledger.sql (46.45ms)
2026/10/03 19:28:35 goose: successfully migrated database to version: 34
2026/10/03 19:29:22 ERROR investigator dispatch failed reason=INVESTIGATION_NOT_AUTHORIZED
--- FAIL: TestSP06RealHolmesModelMCPJobAndSSE (48.10s)
    sp06_real_chain_test.go:232: real chain state=failed errorCode=RESULT_REJECTED
    sp06_real_chain_test.go:180: investigator diagnostic 
2026/10/03 19:29:23 OK   00001_roles_and_schemas.sql (8.75ms)
2026/10/03 19:29:23 OK   00002_platform_meta.sql (15.1ms)
2026/10/03 19:29:23 OK   00003_finding.sql (7.45ms)
2026/10/03 19:29:23 OK   00004_incident.sql (29.75ms)
2026/10/03 19:29:23 OK   00005_investigation.sql (32.16ms)
2026/10/03 19:29:23 OK   00006_action_command.sql (5.83ms)
2026/10/03 19:29:23 OK   00007_audit.sql (7.77ms)
2026/10/03 19:29:23 OK   00008_rls.sql (31.9ms)
2026/10/03 19:29:23 OK   00009_idempotency_ledger.sql (35.45ms)
2026/10/03 19:29:23 OK   00010_tenant_provisioning.sql (4.23ms)
2026/10/03 19:29:23 OK   00011_source_registration_history.sql (32.82ms)
2026/10/03 19:29:23 OK   00012_config_registry_lifecycle.sql (15.19ms)
2026/10/03 19:29:23 OK   00013_audit_signed_segments.sql (25.32ms)
2026/10/03 19:29:23 OK   00014_audit_segment_predecessors.sql (35.51ms)
2026/10/03 19:29:23 OK   00015_source_schema_scope.sql (2.81ms)
2026/10/03 19:29:23 OK   00016_cluster_registration_metadata.sql (41.11ms)
2026/10/03 19:29:23 OK   00017_source_data_scope.sql (3.38ms)
2026/10/03 19:29:23 OK   00018_sp04_resources_evidence.sql (11.6ms)
2026/10/03 19:29:23 OK   00019_sp04_archive_ciphertext_bytes.sql (27.51ms)
2026/10/03 19:29:23 OK   00020_sp04_request_ledger.sql (4.97ms)
2026/10/03 19:29:23 OK   00021_sp04_archive_protection.sql (2.6ms)
2026/10/03 19:29:23 OK   00022_sp04_legal_hold_dependencies.sql (2.03ms)
2026/10/03 19:29:23 OK   00023_sp04_archive_query_intent.sql (1.99ms)
2026/10/03 19:29:23 OK   00024_sp05_finding_incident.sql (40.08ms)
2026/10/03 19:29:23 OK   00025_sp05_incident_event_time.sql (3.32ms)
2026/10/03 19:29:23 OK   00026_sp05_source_binding_lock.sql (43.21ms)
2026/10/03 19:29:23 OK   00027_sp05_rca_and_poll.sql (40.1ms)
2026/10/03 19:29:23 OK   00028_sp05_operator_lock.sql (3.08ms)
2026/10/03 19:29:23 OK   00029_sp05_evidence_links.sql (5.36ms)
2026/10/03 19:29:23 OK   00030_sp05_recipe_fence.sql (2.35ms)
2026/10/03 19:29:23 OK   00031_sp05_rca_postcheck.sql (2.48ms)
2026/10/03 19:29:23 OK   00032_sp05_transport_audit.sql (2.17ms)
2026/10/03 19:29:23 OK   00033_sp05_poll_resolution_clock.sql (29.86ms)
2026/10/03 19:29:23 OK   00034_sp06_investigation_ledger.sql (42.29ms)
2026/10/03 19:29:23 goose: successfully migrated database to version: 34
2026/10/03 19:29:24 OK   00001_roles_and_schemas.sql (21.27ms)
2026/10/03 19:29:24 goose: successfully migrated database to version: 1
2026/10/03 19:29:24 OK   00002_platform_meta.sql (29.55ms)
2026/10/03 19:29:24 OK   00003_finding.sql (34ms)
2026/10/03 19:29:24 OK   00004_incident.sql (9.21ms)
2026/10/03 19:29:24 OK   00005_investigation.sql (30.75ms)
2026/10/03 19:29:24 OK   00006_action_command.sql (15.25ms)
2026/10/03 19:29:24 OK   00007_audit.sql (44.06ms)
2026/10/03 19:29:24 OK   00008_rls.sql (37.66ms)
2026/10/03 19:29:24 OK   00009_idempotency_ledger.sql (6.82ms)
2026/10/03 19:29:24 OK   00010_tenant_provisioning.sql (32.53ms)
2026/10/03 19:29:24 OK   00011_source_registration_history.sql (14.16ms)
2026/10/03 19:29:24 OK   00012_config_registry_lifecycle.sql (20.57ms)
2026/10/03 19:29:24 OK   00013_audit_signed_segments.sql (37ms)
2026/10/03 19:29:24 OK   00014_audit_segment_predecessors.sql (34.15ms)
2026/10/03 19:29:24 OK   00015_source_schema_scope.sql (3.26ms)
2026/10/03 19:29:24 OK   00016_cluster_registration_metadata.sql (3.73ms)
2026/10/03 19:29:24 OK   00017_source_data_scope.sql (2.88ms)
2026/10/03 19:29:24 OK   00018_sp04_resources_evidence.sql (11.23ms)
2026/10/03 19:29:24 OK   00019_sp04_archive_ciphertext_bytes.sql (20.35ms)
2026/10/03 19:29:24 OK   00020_sp04_request_ledger.sql (17.06ms)
2026/10/03 19:29:24 OK   00021_sp04_archive_protection.sql (5.76ms)
2026/10/03 19:29:24 OK   00022_sp04_legal_hold_dependencies.sql (33.31ms)
2026/10/03 19:29:24 OK   00023_sp04_archive_query_intent.sql (4.02ms)
2026/10/03 19:29:24 OK   00024_sp05_finding_incident.sql (38.38ms)
2026/10/03 19:29:24 OK   00025_sp05_incident_event_time.sql (2.24ms)
2026/10/03 19:29:24 OK   00026_sp05_source_binding_lock.sql (2.43ms)
2026/10/03 19:29:24 OK   00027_sp05_rca_and_poll.sql (5.91ms)
2026/10/03 19:29:24 OK   00028_sp05_operator_lock.sql (2.58ms)
2026/10/03 19:29:24 OK   00029_sp05_evidence_links.sql (4.41ms)
2026/10/03 19:29:24 OK   00030_sp05_recipe_fence.sql (28.24ms)
2026/10/03 19:29:24 OK   00031_sp05_rca_postcheck.sql (2.75ms)
2026/10/03 19:29:24 OK   00032_sp05_transport_audit.sql (2.29ms)
2026/10/03 19:29:24 OK   00033_sp05_poll_resolution_clock.sql (27.71ms)
2026/10/03 19:29:24 OK   00034_sp06_investigation_ledger.sql (41.99ms)
2026/10/03 19:29:24 goose: successfully migrated database to version: 34
FAIL
FAIL	ops-platform/test/integration	489.961s
ok  	ops-platform/test/security	1.763s
?   	ops-platform/test/tools/sp05-analyzer-check	[no test files]
?   	ops-platform/test/tools/sp05-worker-check	[no test files]
FAIL
make: *** [test-unit] Error 1
