python3 scripts/check-generated.py "go" gen web/src/api/generated internal/persistence/dbgen services/investigator/src/investigator/output.schema.json
✓ Lockfile passes supply-chain policies (verified 10d ago)
Lockfile is up to date, resolution step is skipped
Already up to date
Update available! 12.7.0 → 12.9.1.
Changelog: https://pnpm.io/v/12.9.1
To update, run: curl -fsSL https://get.pnpm.io/install.sh | sh -
Done in 671ms using pnpm v12.7.0
$ orval --config ./orval.config.ts
🍻 orval v8.37.0 - A swagger client generator for typescript
platform - Cleaning output folder
platform - 🎉 Smart Operations Platform API - Your OpenAPI spec has been converted into ready to use orval!
python3 scripts/prepare-runtime-source.py --check
{"modules": 98, "selectedModuleFiles": 2993, "standardLibraryFiles": 1386, "sourceBundleSHA256": "sha256:9628d31da79f4d4fcbffb303796aa805ee0508e732c66f203f2f330fb9bbe903"}
python3 scripts/prepare-migration-source.py --check
{"modules": 10, "selectedModuleFiles": 296, "standardLibraryFiles": 1129, "sourceBundleSHA256": "sha256:7eae032b1b99f0aec4b0ddbc6398e304fabeb68c176cf502c8c0f83bbc8d7639"}
go vet ./...
?   	ops-platform/api	[no test files]
?   	ops-platform/artifacts	[no test files]
?   	ops-platform/artifacts/pre-sp07/business-values-validation-r1	[no test files]
?   	ops-platform/artifacts/pre-sp07/checkpoint-observer-r1	[no test files]
?   	ops-platform/artifacts/task27-materials/sp010203-bao-operator	[no test files]
?   	ops-platform/artifacts/task27-materials/sp010203-cleanup-operator	[no test files]
?   	ops-platform/artifacts/task27-materials/sp010203-live-runtime-probe	[no test files]
?   	ops-platform/artifacts/task27-materials/sp010203-operator-helper	[no test files]
?   	ops-platform/artifacts/task27-materials/sp010203-role-probe	[no test files]
?   	ops-platform/bundle	[no test files]
ok  	ops-platform/cmd/db-migrate	(cached)
ok  	ops-platform/cmd/opsctl	(cached)
?   	ops-platform/cmd/platform-api	[no test files]
?   	ops-platform/cmd/platform-worker	[no test files]
?   	ops-platform/gen/api	[no test files]
?   	ops-platform/gen/internalgraph	[no test files]
ok  	ops-platform/internal/app	(cached)
ok  	ops-platform/internal/archive	(cached)
ok  	ops-platform/internal/audit	(cached)
ok  	ops-platform/internal/auth	(cached)
ok  	ops-platform/internal/bootstrap	(cached)
ok  	ops-platform/internal/bundle	(cached)
ok  	ops-platform/internal/bundle/drivers	(cached)
ok  	ops-platform/internal/configregistry	(cached)
?   	ops-platform/internal/contract	[no test files]
ok  	ops-platform/internal/crypto	(cached)
?   	ops-platform/internal/datascope	[no test files]
ok  	ops-platform/internal/evidence	(cached)
ok  	ops-platform/internal/finding	(cached)
ok  	ops-platform/internal/graph	(cached)
ok  	ops-platform/internal/httpapi	(cached)
ok  	ops-platform/internal/incident	(cached)
ok  	ops-platform/internal/inspection/hardware	(cached)
ok  	ops-platform/internal/inspection/kubernetes	(cached)
ok  	ops-platform/internal/inspection/npd	(cached)
?   	ops-platform/internal/integrations	[no test files]
ok  	ops-platform/internal/integrations/deepflow	(cached)
ok  	ops-platform/internal/integrations/k8sgpt	(cached)
ok  	ops-platform/internal/integrations/keycloak	(cached)
ok  	ops-platform/internal/integrations/kubernetes	(cached)
ok  	ops-platform/internal/integrations/openbao	(cached)
ok  	ops-platform/internal/integrations/redfish	(cached)
ok  	ops-platform/internal/integrations/s3	(cached)
?   	ops-platform/internal/integrations/victorialogs	[no test files]
?   	ops-platform/internal/integrations/victorialogs/adapter	[no test files]
?   	ops-platform/internal/integrations/victoriametrics	[no test files]
?   	ops-platform/internal/integrations/victoriametrics/adapter	[no test files]
?   	ops-platform/internal/integrations/vmalert	[no test files]
ok  	ops-platform/internal/investigation	(cached)
?   	ops-platform/internal/investigation/mcp	[no test files]
ok  	ops-platform/internal/investigation/tools	(cached)
ok  	ops-platform/internal/observability	(cached)
ok  	ops-platform/internal/persistence	(cached)
?   	ops-platform/internal/persistence/dbgen	[no test files]
ok  	ops-platform/internal/policy	(cached)
ok  	ops-platform/internal/profile	(cached)
ok  	ops-platform/internal/rca	(cached)
ok  	ops-platform/internal/resource	(cached)
?   	ops-platform/internal/resourcestore	[no test files]
ok  	ops-platform/internal/source	(cached)
ok  	ops-platform/internal/supplychain	(cached)
?   	ops-platform/internal/tenant	[no test files]
?   	ops-platform/internal/upstream/corootcheck	[no test files]
?   	ops-platform/internal/upstream/keepmodel	[no test files]
?   	ops-platform/internal/upstream/metal3	[no test files]
?   	ops-platform/internal/upstream/ontology/api	[no test files]
?   	ops-platform/internal/upstream/ontology/model	[no test files]
?   	ops-platform/internal/upstream/ontology/service/diagnostic	[no test files]
?   	ops-platform/policies	[no test files]
ok  	ops-platform/test/contract	(cached)
ok  	ops-platform/test/e2e	(cached)
?   	ops-platform/test/fixtures/sp04/profile-detect	[no test files]
?   	ops-platform/test/fixtures/upstream-inspection	[no test files]
2026/10/07 10:29:04 OK   00001_roles_and_schemas.sql (73.48ms)
2026/10/07 10:29:04 goose: successfully migrated database to version: 1
2026/10/07 10:29:04 OK   00002_platform_meta.sql (47.42ms)
2026/10/07 10:29:04 OK   00003_finding.sql (21.91ms)
2026/10/07 10:29:04 OK   00004_incident.sql (22.46ms)
2026/10/07 10:29:04 OK   00005_investigation.sql (19.58ms)
2026/10/07 10:29:04 OK   00006_action_command.sql (19.15ms)
2026/10/07 10:29:04 OK   00007_audit.sql (20.32ms)
2026/10/07 10:29:04 OK   00008_rls.sql (15.19ms)
2026/10/07 10:29:04 OK   00009_idempotency_ledger.sql (19.17ms)
2026/10/07 10:29:04 OK   00010_tenant_provisioning.sql (6.93ms)
2026/10/07 10:29:04 OK   00011_source_registration_history.sql (17.54ms)
2026/10/07 10:29:04 OK   00012_config_registry_lifecycle.sql (18.79ms)
2026/10/07 10:29:04 OK   00013_audit_signed_segments.sql (18.35ms)
2026/10/07 10:29:04 OK   00014_audit_segment_predecessors.sql (11.8ms)
2026/10/07 10:29:04 OK   00015_source_schema_scope.sql (11.23ms)
2026/10/07 10:29:04 OK   00016_cluster_registration_metadata.sql (6.34ms)
2026/10/07 10:29:04 OK   00017_source_data_scope.sql (5.78ms)
2026/10/07 10:29:04 OK   00018_sp04_resources_evidence.sql (75.55ms)
2026/10/07 10:29:04 OK   00019_sp04_archive_ciphertext_bytes.sql (28.29ms)
2026/10/07 10:29:04 OK   00020_sp04_request_ledger.sql (10.8ms)
2026/10/07 10:29:04 OK   00021_sp04_archive_protection.sql (7.13ms)
2026/10/07 10:29:04 OK   00022_sp04_legal_hold_dependencies.sql (9.24ms)
2026/10/07 10:29:04 OK   00023_sp04_archive_query_intent.sql (4.38ms)
2026/10/07 10:29:04 OK   00024_sp05_finding_incident.sql (53.68ms)
2026/10/07 10:29:04 OK   00025_sp05_incident_event_time.sql (7.5ms)
2026/10/07 10:29:04 OK   00026_sp05_source_binding_lock.sql (7.22ms)
2026/10/07 10:29:04 OK   00027_sp05_rca_and_poll.sql (33.7ms)
2026/10/07 10:29:04 OK   00028_sp05_operator_lock.sql (11.67ms)
2026/10/07 10:29:04 OK   00029_sp05_evidence_links.sql (12.48ms)
2026/10/07 10:29:04 OK   00030_sp05_recipe_fence.sql (4.84ms)
2026/10/07 10:29:04 OK   00031_sp05_rca_postcheck.sql (5.22ms)
2026/10/07 10:29:04 OK   00032_sp05_transport_audit.sql (7.67ms)
2026/10/07 10:29:04 OK   00033_sp05_poll_resolution_clock.sql (5.38ms)
2026/10/07 10:29:05 OK   00034_sp06_investigation_ledger.sql (36.54ms)
2026/10/07 10:29:05 OK   00035_sp06_admission_data_classes.sql (5.35ms)
2026/10/07 10:29:05 goose: successfully migrated database to version: 35
2026/10/07 10:29:05 OK   00001_roles_and_schemas.sql (62.83ms)
2026/10/07 10:29:05 goose: successfully migrated database to version: 1
2026/10/07 10:29:05 OK   00002_platform_meta.sql (84.15ms)
2026/10/07 10:29:05 OK   00003_finding.sql (38.67ms)
2026/10/07 10:29:05 OK   00004_incident.sql (29.56ms)
2026/10/07 10:29:05 OK   00005_investigation.sql (37.32ms)
2026/10/07 10:29:05 OK   00006_action_command.sql (13.16ms)
2026/10/07 10:29:05 OK   00007_audit.sql (21.4ms)
2026/10/07 10:29:05 OK   00008_rls.sql (23.88ms)
2026/10/07 10:29:05 OK   00009_idempotency_ledger.sql (27.97ms)
2026/10/07 10:29:05 OK   00010_tenant_provisioning.sql (7.66ms)
2026/10/07 10:29:05 OK   00011_source_registration_history.sql (13.25ms)
2026/10/07 10:29:05 OK   00012_config_registry_lifecycle.sql (24.92ms)
2026/10/07 10:29:05 OK   00013_audit_signed_segments.sql (45.91ms)
2026/10/07 10:29:06 OK   00014_audit_segment_predecessors.sql (20.97ms)
2026/10/07 10:29:06 OK   00015_source_schema_scope.sql (11.5ms)
2026/10/07 10:29:06 OK   00016_cluster_registration_metadata.sql (32.69ms)
2026/10/07 10:29:06 OK   00017_source_data_scope.sql (6.63ms)
2026/10/07 10:29:06 OK   00018_sp04_resources_evidence.sql (37.35ms)
2026/10/07 10:29:06 OK   00019_sp04_archive_ciphertext_bytes.sql (7.91ms)
2026/10/07 10:29:06 OK   00020_sp04_request_ledger.sql (9.98ms)
2026/10/07 10:29:06 OK   00021_sp04_archive_protection.sql (6.76ms)
2026/10/07 10:29:06 OK   00022_sp04_legal_hold_dependencies.sql (3.18ms)
2026/10/07 10:29:06 OK   00023_sp04_archive_query_intent.sql (7.25ms)
2026/10/07 10:29:06 OK   00024_sp05_finding_incident.sql (46.06ms)
2026/10/07 10:29:06 OK   00025_sp05_incident_event_time.sql (4.98ms)
2026/10/07 10:29:06 OK   00026_sp05_source_binding_lock.sql (7.33ms)
2026/10/07 10:29:06 OK   00027_sp05_rca_and_poll.sql (18.97ms)
2026/10/07 10:29:06 OK   00028_sp05_operator_lock.sql (6.48ms)
2026/10/07 10:29:06 OK   00029_sp05_evidence_links.sql (7.39ms)
2026/10/07 10:29:06 OK   00030_sp05_recipe_fence.sql (8ms)
2026/10/07 10:29:06 OK   00031_sp05_rca_postcheck.sql (4.53ms)
2026/10/07 10:29:06 OK   00032_sp05_transport_audit.sql (5.08ms)
2026/10/07 10:29:06 OK   00033_sp05_poll_resolution_clock.sql (6.44ms)
2026/10/07 10:29:06 OK   00034_sp06_investigation_ledger.sql (35.51ms)
2026/10/07 10:29:06 OK   00035_sp06_admission_data_classes.sql (4.5ms)
2026/10/07 10:29:06 goose: successfully migrated database to version: 35
2026/10/07 10:29:12 OK   00001_roles_and_schemas.sql (25.45ms)
2026/10/07 10:29:12 goose: successfully migrated database to version: 1
2026/10/07 10:29:12 OK   00002_platform_meta.sql (52.71ms)
2026/10/07 10:29:12 OK   00003_finding.sql (24.7ms)
2026/10/07 10:29:12 OK   00004_incident.sql (20.15ms)
2026/10/07 10:29:12 OK   00005_investigation.sql (12.06ms)
2026/10/07 10:29:12 OK   00006_action_command.sql (11.04ms)
2026/10/07 10:29:12 OK   00007_audit.sql (18.34ms)
2026/10/07 10:29:12 OK   00008_rls.sql (19.42ms)
2026/10/07 10:29:12 OK   00009_idempotency_ledger.sql (10.15ms)
2026/10/07 10:29:12 OK   00010_tenant_provisioning.sql (5.31ms)
2026/10/07 10:29:12 OK   00011_source_registration_history.sql (11.41ms)
2026/10/07 10:29:12 OK   00012_config_registry_lifecycle.sql (12.55ms)
2026/10/07 10:29:12 OK   00013_audit_signed_segments.sql (30.42ms)
2026/10/07 10:29:12 OK   00014_audit_segment_predecessors.sql (10.67ms)
2026/10/07 10:29:12 OK   00015_source_schema_scope.sql (8.71ms)
2026/10/07 10:29:12 OK   00016_cluster_registration_metadata.sql (9.27ms)
2026/10/07 10:29:12 OK   00017_source_data_scope.sql (8.11ms)
2026/10/07 10:29:12 OK   00018_sp04_resources_evidence.sql (25.26ms)
2026/10/07 10:29:12 OK   00019_sp04_archive_ciphertext_bytes.sql (5.69ms)
2026/10/07 10:29:12 OK   00020_sp04_request_ledger.sql (13.52ms)
2026/10/07 10:29:12 OK   00021_sp04_archive_protection.sql (14.52ms)
2026/10/07 10:29:12 OK   00022_sp04_legal_hold_dependencies.sql (7.46ms)
2026/10/07 10:29:12 OK   00023_sp04_archive_query_intent.sql (5.4ms)
2026/10/07 10:29:12 OK   00024_sp05_finding_incident.sql (44.13ms)
2026/10/07 10:29:12 OK   00025_sp05_incident_event_time.sql (3.86ms)
2026/10/07 10:29:13 OK   00026_sp05_source_binding_lock.sql (6.25ms)
2026/10/07 10:29:13 OK   00027_sp05_rca_and_poll.sql (19.76ms)
2026/10/07 10:29:13 OK   00028_sp05_operator_lock.sql (9.58ms)
2026/10/07 10:29:13 OK   00029_sp05_evidence_links.sql (20.29ms)
2026/10/07 10:29:13 OK   00030_sp05_recipe_fence.sql (4.07ms)
2026/10/07 10:29:13 OK   00031_sp05_rca_postcheck.sql (4.46ms)
2026/10/07 10:29:13 OK   00032_sp05_transport_audit.sql (4.16ms)
2026/10/07 10:29:13 OK   00033_sp05_poll_resolution_clock.sql (3.58ms)
2026/10/07 10:29:13 OK   00034_sp06_investigation_ledger.sql (41.74ms)
2026/10/07 10:29:13 OK   00035_sp06_admission_data_classes.sql (15.26ms)
2026/10/07 10:29:13 goose: successfully migrated database to version: 35
2026/10/07 10:29:13 OK   00001_roles_and_schemas.sql (34.99ms)
2026/10/07 10:29:13 goose: successfully migrated database to version: 1
2026/10/07 10:29:13 OK   00002_platform_meta.sql (50.32ms)
2026/10/07 10:29:13 OK   00003_finding.sql (18.6ms)
2026/10/07 10:29:13 OK   00004_incident.sql (16.98ms)
2026/10/07 10:29:13 OK   00005_investigation.sql (9.9ms)
2026/10/07 10:29:13 OK   00006_action_command.sql (14.73ms)
2026/10/07 10:29:13 OK   00007_audit.sql (20.58ms)
2026/10/07 10:29:13 OK   00008_rls.sql (20.72ms)
2026/10/07 10:29:13 OK   00009_idempotency_ledger.sql (20.63ms)
2026/10/07 10:29:13 OK   00010_tenant_provisioning.sql (8.83ms)
2026/10/07 10:29:13 OK   00011_source_registration_history.sql (17.46ms)
2026/10/07 10:29:13 OK   00012_config_registry_lifecycle.sql (33.34ms)
2026/10/07 10:29:13 OK   00013_audit_signed_segments.sql (19.35ms)
2026/10/07 10:29:13 OK   00014_audit_segment_predecessors.sql (8.12ms)
2026/10/07 10:29:13 OK   00015_source_schema_scope.sql (9.04ms)
2026/10/07 10:29:13 OK   00016_cluster_registration_metadata.sql (9.8ms)
2026/10/07 10:29:13 OK   00017_source_data_scope.sql (11.11ms)
2026/10/07 10:29:13 OK   00018_sp04_resources_evidence.sql (24.2ms)
2026/10/07 10:29:13 OK   00019_sp04_archive_ciphertext_bytes.sql (4.01ms)
2026/10/07 10:29:13 OK   00020_sp04_request_ledger.sql (5.5ms)
2026/10/07 10:29:13 OK   00021_sp04_archive_protection.sql (3.28ms)
2026/10/07 10:29:13 OK   00022_sp04_legal_hold_dependencies.sql (3.35ms)
2026/10/07 10:29:13 OK   00023_sp04_archive_query_intent.sql (6.4ms)
2026/10/07 10:29:13 OK   00024_sp05_finding_incident.sql (37.38ms)
2026/10/07 10:29:13 OK   00025_sp05_incident_event_time.sql (3.98ms)
2026/10/07 10:29:13 OK   00026_sp05_source_binding_lock.sql (5.22ms)
2026/10/07 10:29:13 OK   00027_sp05_rca_and_poll.sql (11.88ms)
2026/10/07 10:29:13 OK   00028_sp05_operator_lock.sql (5.71ms)
2026/10/07 10:29:13 OK   00029_sp05_evidence_links.sql (12.37ms)
2026/10/07 10:29:13 OK   00030_sp05_recipe_fence.sql (5.23ms)
2026/10/07 10:29:13 OK   00031_sp05_rca_postcheck.sql (4.15ms)
2026/10/07 10:29:13 OK   00032_sp05_transport_audit.sql (3.95ms)
2026/10/07 10:29:13 OK   00033_sp05_poll_resolution_clock.sql (5.03ms)
2026/10/07 10:29:13 OK   00034_sp06_investigation_ledger.sql (31ms)
2026/10/07 10:29:13 OK   00035_sp06_admission_data_classes.sql (4.96ms)
2026/10/07 10:29:13 goose: successfully migrated database to version: 35
2026/10/07 10:29:14 OK   00001_roles_and_schemas.sql (26.12ms)
2026/10/07 10:29:14 goose: successfully migrated database to version: 1
2026/10/07 10:29:14 OK   00002_platform_meta.sql (73.64ms)
2026/10/07 10:29:14 OK   00003_finding.sql (40.36ms)
2026/10/07 10:29:14 OK   00004_incident.sql (10.71ms)
2026/10/07 10:29:14 OK   00005_investigation.sql (25.28ms)
2026/10/07 10:29:14 OK   00006_action_command.sql (14.82ms)
2026/10/07 10:29:14 OK   00007_audit.sql (26.73ms)
2026/10/07 10:29:14 OK   00008_rls.sql (23ms)
2026/10/07 10:29:14 OK   00009_idempotency_ledger.sql (28.53ms)
2026/10/07 10:29:14 OK   00010_tenant_provisioning.sql (12.48ms)
2026/10/07 10:29:14 OK   00011_source_registration_history.sql (9.41ms)
2026/10/07 10:29:14 OK   00012_config_registry_lifecycle.sql (19.22ms)
2026/10/07 10:29:14 OK   00013_audit_signed_segments.sql (21.78ms)
2026/10/07 10:29:14 OK   00014_audit_segment_predecessors.sql (11.68ms)
2026/10/07 10:29:14 OK   00015_source_schema_scope.sql (4.54ms)
2026/10/07 10:29:14 OK   00016_cluster_registration_metadata.sql (5.09ms)
2026/10/07 10:29:14 OK   00017_source_data_scope.sql (8.81ms)
2026/10/07 10:29:15 OK   00018_sp04_resources_evidence.sql (41.36ms)
2026/10/07 10:29:15 OK   00019_sp04_archive_ciphertext_bytes.sql (3.97ms)
2026/10/07 10:29:15 OK   00020_sp04_request_ledger.sql (5.21ms)
2026/10/07 10:29:15 OK   00021_sp04_archive_protection.sql (4.84ms)
2026/10/07 10:29:15 OK   00022_sp04_legal_hold_dependencies.sql (4.02ms)
2026/10/07 10:29:15 OK   00023_sp04_archive_query_intent.sql (12.02ms)
2026/10/07 10:29:15 OK   00024_sp05_finding_incident.sql (35.09ms)
2026/10/07 10:29:15 OK   00025_sp05_incident_event_time.sql (5.51ms)
2026/10/07 10:29:15 OK   00026_sp05_source_binding_lock.sql (11.08ms)
2026/10/07 10:29:15 OK   00027_sp05_rca_and_poll.sql (14.78ms)
2026/10/07 10:29:15 OK   00028_sp05_operator_lock.sql (8.55ms)
2026/10/07 10:29:15 OK   00029_sp05_evidence_links.sql (13.43ms)
2026/10/07 10:29:15 OK   00030_sp05_recipe_fence.sql (3.22ms)
2026/10/07 10:29:15 OK   00031_sp05_rca_postcheck.sql (3ms)
2026/10/07 10:29:15 OK   00032_sp05_transport_audit.sql (7.52ms)
2026/10/07 10:29:15 OK   00033_sp05_poll_resolution_clock.sql (10.56ms)
2026/10/07 10:29:15 OK   00034_sp06_investigation_ledger.sql (41.63ms)
2026/10/07 10:29:15 OK   00035_sp06_admission_data_classes.sql (4.97ms)
2026/10/07 10:29:15 goose: successfully migrated database to version: 35
2026/10/07 10:29:19 OK   00001_roles_and_schemas.sql (36.8ms)
2026/10/07 10:29:19 goose: successfully migrated database to version: 1
2026/10/07 10:29:19 OK   00002_platform_meta.sql (31.21ms)
2026/10/07 10:29:19 OK   00003_finding.sql (18.5ms)
2026/10/07 10:29:19 OK   00004_incident.sql (14.09ms)
2026/10/07 10:29:19 OK   00005_investigation.sql (16.78ms)
2026/10/07 10:29:19 OK   00006_action_command.sql (13.76ms)
2026/10/07 10:29:19 OK   00007_audit.sql (18.13ms)
2026/10/07 10:29:19 OK   00008_rls.sql (18.31ms)
2026/10/07 10:29:19 OK   00009_idempotency_ledger.sql (12.57ms)
2026/10/07 10:29:19 OK   00010_tenant_provisioning.sql (7.58ms)
2026/10/07 10:29:19 OK   00011_source_registration_history.sql (13.45ms)
2026/10/07 10:29:19 OK   00012_config_registry_lifecycle.sql (18ms)
2026/10/07 10:29:19 OK   00013_audit_signed_segments.sql (20.67ms)
2026/10/07 10:29:19 OK   00014_audit_segment_predecessors.sql (11.59ms)
2026/10/07 10:29:19 OK   00015_source_schema_scope.sql (3.94ms)
2026/10/07 10:29:19 OK   00016_cluster_registration_metadata.sql (8.62ms)
2026/10/07 10:29:20 OK   00017_source_data_scope.sql (5.47ms)
2026/10/07 10:29:20 OK   00018_sp04_resources_evidence.sql (37.57ms)
2026/10/07 10:29:20 OK   00019_sp04_archive_ciphertext_bytes.sql (7.98ms)
2026/10/07 10:29:20 OK   00020_sp04_request_ledger.sql (17.68ms)
2026/10/07 10:29:20 OK   00021_sp04_archive_protection.sql (5.03ms)
2026/10/07 10:29:20 OK   00022_sp04_legal_hold_dependencies.sql (3.71ms)
2026/10/07 10:29:20 OK   00023_sp04_archive_query_intent.sql (6.92ms)
2026/10/07 10:29:20 OK   00024_sp05_finding_incident.sql (38.47ms)
2026/10/07 10:29:20 OK   00025_sp05_incident_event_time.sql (13.78ms)
2026/10/07 10:29:20 OK   00026_sp05_source_binding_lock.sql (5.69ms)
2026/10/07 10:29:20 OK   00027_sp05_rca_and_poll.sql (15.31ms)
2026/10/07 10:29:20 OK   00028_sp05_operator_lock.sql (7.35ms)
2026/10/07 10:29:20 OK   00029_sp05_evidence_links.sql (10.75ms)
2026/10/07 10:29:20 OK   00030_sp05_recipe_fence.sql (30.92ms)
2026/10/07 10:29:20 OK   00031_sp05_rca_postcheck.sql (5.34ms)
2026/10/07 10:29:20 OK   00032_sp05_transport_audit.sql (4.23ms)
2026/10/07 10:29:20 OK   00033_sp05_poll_resolution_clock.sql (3.93ms)
2026/10/07 10:29:20 OK   00034_sp06_investigation_ledger.sql (101.2ms)
2026/10/07 10:29:20 OK   00035_sp06_admission_data_classes.sql (15.72ms)
2026/10/07 10:29:20 goose: successfully migrated database to version: 35
2026/10/07 10:29:21 OK   00001_roles_and_schemas.sql (79.97ms)
2026/10/07 10:29:21 goose: successfully migrated database to version: 1
2026/10/07 10:29:21 OK   00002_platform_meta.sql (61.7ms)
2026/10/07 10:29:21 OK   00003_finding.sql (15.71ms)
2026/10/07 10:29:21 OK   00004_incident.sql (12.8ms)
2026/10/07 10:29:21 OK   00005_investigation.sql (29.03ms)
2026/10/07 10:29:21 OK   00006_action_command.sql (21.11ms)
2026/10/07 10:29:21 OK   00007_audit.sql (24.15ms)
2026/10/07 10:29:21 OK   00008_rls.sql (14.87ms)
2026/10/07 10:29:21 OK   00009_idempotency_ledger.sql (20.14ms)
2026/10/07 10:29:21 OK   00010_tenant_provisioning.sql (18.17ms)
2026/10/07 10:29:21 OK   00011_source_registration_history.sql (8.69ms)
2026/10/07 10:29:21 OK   00012_config_registry_lifecycle.sql (28.61ms)
2026/10/07 10:29:21 OK   00013_audit_signed_segments.sql (18.99ms)
2026/10/07 10:29:21 OK   00014_audit_segment_predecessors.sql (19.37ms)
2026/10/07 10:29:21 OK   00015_source_schema_scope.sql (10ms)
2026/10/07 10:29:21 OK   00016_cluster_registration_metadata.sql (6.97ms)
2026/10/07 10:29:21 OK   00017_source_data_scope.sql (5.92ms)
2026/10/07 10:29:21 OK   00018_sp04_resources_evidence.sql (98.91ms)
2026/10/07 10:29:21 OK   00019_sp04_archive_ciphertext_bytes.sql (7.69ms)
2026/10/07 10:29:21 OK   00020_sp04_request_ledger.sql (8.82ms)
2026/10/07 10:29:21 OK   00021_sp04_archive_protection.sql (31.79ms)
2026/10/07 10:29:21 OK   00022_sp04_legal_hold_dependencies.sql (18.73ms)
2026/10/07 10:29:21 OK   00023_sp04_archive_query_intent.sql (16.37ms)
2026/10/07 10:29:21 OK   00024_sp05_finding_incident.sql (58.47ms)
2026/10/07 10:29:21 OK   00025_sp05_incident_event_time.sql (5.69ms)
2026/10/07 10:29:21 OK   00026_sp05_source_binding_lock.sql (10.08ms)
2026/10/07 10:29:21 OK   00027_sp05_rca_and_poll.sql (34.63ms)
2026/10/07 10:29:21 OK   00028_sp05_operator_lock.sql (10.18ms)
2026/10/07 10:29:21 OK   00029_sp05_evidence_links.sql (16.79ms)
2026/10/07 10:29:21 OK   00030_sp05_recipe_fence.sql (15.43ms)
2026/10/07 10:29:21 OK   00031_sp05_rca_postcheck.sql (5.42ms)
2026/10/07 10:29:21 OK   00032_sp05_transport_audit.sql (6.55ms)
2026/10/07 10:29:21 OK   00033_sp05_poll_resolution_clock.sql (5.71ms)
2026/10/07 10:29:21 OK   00034_sp06_investigation_ledger.sql (37.99ms)
2026/10/07 10:29:21 OK   00035_sp06_admission_data_classes.sql (8.61ms)
2026/10/07 10:29:21 goose: successfully migrated database to version: 35
2026/10/07 10:29:30 OK   00001_roles_and_schemas.sql (19.46ms)
2026/10/07 10:29:30 goose: successfully migrated database to version: 1
2026/10/07 10:29:30 OK   00002_platform_meta.sql (57.64ms)
2026/10/07 10:29:30 OK   00003_finding.sql (37.18ms)
2026/10/07 10:29:30 OK   00004_incident.sql (14.01ms)
2026/10/07 10:29:30 OK   00005_investigation.sql (16.07ms)
2026/10/07 10:29:30 OK   00006_action_command.sql (20.76ms)
2026/10/07 10:29:30 OK   00007_audit.sql (24.32ms)
2026/10/07 10:29:30 OK   00008_rls.sql (26.36ms)
2026/10/07 10:29:31 OK   00009_idempotency_ledger.sql (37.97ms)
2026/10/07 10:29:31 OK   00010_tenant_provisioning.sql (8.33ms)
2026/10/07 10:29:31 OK   00011_source_registration_history.sql (26.08ms)
2026/10/07 10:29:31 OK   00012_config_registry_lifecycle.sql (47.04ms)
2026/10/07 10:29:31 OK   00013_audit_signed_segments.sql (87.95ms)
2026/10/07 10:29:31 OK   00014_audit_segment_predecessors.sql (35.57ms)
2026/10/07 10:29:31 OK   00015_source_schema_scope.sql (45.26ms)
2026/10/07 10:29:31 OK   00016_cluster_registration_metadata.sql (54.83ms)
2026/10/07 10:29:31 OK   00017_source_data_scope.sql (31ms)
2026/10/07 10:29:31 OK   00018_sp04_resources_evidence.sql (84.53ms)
2026/10/07 10:29:31 OK   00019_sp04_archive_ciphertext_bytes.sql (12.1ms)
2026/10/07 10:29:31 OK   00020_sp04_request_ledger.sql (46.52ms)
2026/10/07 10:29:31 OK   00021_sp04_archive_protection.sql (17.63ms)
2026/10/07 10:29:31 OK   00022_sp04_legal_hold_dependencies.sql (12.72ms)
2026/10/07 10:29:31 OK   00023_sp04_archive_query_intent.sql (8.94ms)
2026/10/07 10:29:31 OK   00024_sp05_finding_incident.sql (44.31ms)
2026/10/07 10:29:31 OK   00025_sp05_incident_event_time.sql (7.31ms)
2026/10/07 10:29:31 OK   00026_sp05_source_binding_lock.sql (7.38ms)
2026/10/07 10:29:31 OK   00027_sp05_rca_and_poll.sql (11.06ms)
2026/10/07 10:29:31 OK   00028_sp05_operator_lock.sql (10.69ms)
2026/10/07 10:29:31 OK   00029_sp05_evidence_links.sql (30.76ms)
2026/10/07 10:29:31 OK   00030_sp05_recipe_fence.sql (22.63ms)
2026/10/07 10:29:31 OK   00031_sp05_rca_postcheck.sql (4.07ms)
2026/10/07 10:29:31 OK   00032_sp05_transport_audit.sql (3.94ms)
2026/10/07 10:29:31 OK   00033_sp05_poll_resolution_clock.sql (12.83ms)
2026/10/07 10:29:31 OK   00034_sp06_investigation_ledger.sql (100.22ms)
2026/10/07 10:29:31 OK   00035_sp06_admission_data_classes.sql (13.99ms)
2026/10/07 10:29:31 goose: successfully migrated database to version: 35
{"time":"2026-10-07T10:29:32.036857+08:00","level":"INFO","msg":"http request complete","request_id":"01a11431-d2e7-7dd3-bb00-36ad1ecb7f10","trace_id":"4bf92f3577b34da6a3ce929d0e0e4736","span_id":"fc9f8067be27c87a","method":"GET","status_code":200,"duration_ms":28}
{"time":"2026-10-07T10:29:32.046745+08:00","level":"INFO","msg":"http request complete","request_id":"01a11431-d305-7290-8b71-dc357156f833","trace_id":"4bf92f3577b34da6a3ce929d0e0e4736","span_id":"98e3c676a768cd54","method":"GET","status_code":200,"duration_ms":9}
{"time":"2026-10-07T10:29:32.057709+08:00","level":"INFO","msg":"http request complete","request_id":"01a11431-d30f-7055-99d6-fbaadcfef23a","trace_id":"4bf92f3577b34da6a3ce929d0e0e4736","span_id":"9f96aa06f6eb123a","method":"GET","status_code":200,"duration_ms":10}
{"time":"2026-10-07T10:29:32.07282+08:00","level":"INFO","msg":"http request complete","request_id":"01a11431-d319-7e67-bf96-9736a564b236","trace_id":"4bf92f3577b34da6a3ce929d0e0e4736","span_id":"3c6c547de481941d","method":"GET","status_code":200,"duration_ms":14}
{"time":"2026-10-07T10:29:32.08611+08:00","level":"INFO","msg":"http request complete","request_id":"01a11431-d329-729f-9e80-486acac1f753","trace_id":"4bf92f3577b34da6a3ce929d0e0e4736","span_id":"2e04a707dbe3aec4","method":"GET","status_code":200,"duration_ms":12}
{"time":"2026-10-07T10:29:32.090717+08:00","level":"INFO","msg":"http request complete","request_id":"01a11431-d336-764d-9341-9c831b035ae0","trace_id":"4bf92f3577b34da6a3ce929d0e0e4736","span_id":"d9f59b941b76969f","method":"GET","status_code":200,"duration_ms":4}
{"time":"2026-10-07T10:29:32.117171+08:00","level":"INFO","msg":"http request complete","request_id":"01a11431-d33a-7e15-857c-651a59a1f055","trace_id":"916097556c4f07d5a77daf48f9751f64","span_id":"7d8631de59dca681","method":"POST","status_code":201,"duration_ms":26}
{"time":"2026-10-07T10:29:32.148787+08:00","level":"INFO","msg":"http request complete","request_id":"01a11431-d355-7720-b617-43e685b9c949","trace_id":"1b1d33da5d5e619e762d7074c1a388a9","span_id":"27db5172d89529ea","method":"POST","status_code":201,"duration_ms":31}
{"time":"2026-10-07T10:29:32.149903+08:00","level":"WARN","msg":"trace export failed","signal":"traces"}
{"time":"2026-10-07T10:29:32.159731+08:00","level":"INFO","msg":"http request complete","request_id":"01a11431-d376-70d6-84c2-2887b35549b0","trace_id":"74496916d4322b59d0588ff5166a8edd","span_id":"d2e9d3eafb09aff9","method":"GET","status_code":200,"duration_ms":9}
2026/10/07 10:29:32 OK   00001_roles_and_schemas.sql (47.31ms)
2026/10/07 10:29:32 goose: successfully migrated database to version: 1
2026/10/07 10:29:32 OK   00002_platform_meta.sql (97.43ms)
2026/10/07 10:29:32 OK   00003_finding.sql (84.75ms)
2026/10/07 10:29:32 OK   00004_incident.sql (18.91ms)
2026/10/07 10:29:32 OK   00005_investigation.sql (64.08ms)
2026/10/07 10:29:32 OK   00006_action_command.sql (70.77ms)
2026/10/07 10:29:32 OK   00007_audit.sql (28.88ms)
2026/10/07 10:29:32 OK   00008_rls.sql (26.22ms)
2026/10/07 10:29:32 OK   00009_idempotency_ledger.sql (41.78ms)
2026/10/07 10:29:32 OK   00010_tenant_provisioning.sql (5.89ms)
2026/10/07 10:29:32 OK   00011_source_registration_history.sql (14.07ms)
2026/10/07 10:29:33 OK   00012_config_registry_lifecycle.sql (65.28ms)
2026/10/07 10:29:33 OK   00013_audit_signed_segments.sql (92.52ms)
2026/10/07 10:29:33 OK   00014_audit_segment_predecessors.sql (68.52ms)
2026/10/07 10:29:33 OK   00015_source_schema_scope.sql (6.93ms)
2026/10/07 10:29:33 OK   00016_cluster_registration_metadata.sql (8.95ms)
2026/10/07 10:29:33 OK   00017_source_data_scope.sql (8.04ms)
2026/10/07 10:29:33 OK   00018_sp04_resources_evidence.sql (86.61ms)
2026/10/07 10:29:33 OK   00019_sp04_archive_ciphertext_bytes.sql (5.96ms)
2026/10/07 10:29:33 OK   00020_sp04_request_ledger.sql (16.01ms)
2026/10/07 10:29:33 OK   00021_sp04_archive_protection.sql (13.87ms)
2026/10/07 10:29:33 OK   00022_sp04_legal_hold_dependencies.sql (22.2ms)
2026/10/07 10:29:33 OK   00023_sp04_archive_query_intent.sql (37.1ms)
2026/10/07 10:29:33 OK   00024_sp05_finding_incident.sql (40.78ms)
2026/10/07 10:29:33 OK   00025_sp05_incident_event_time.sql (9.63ms)
2026/10/07 10:29:33 OK   00026_sp05_source_binding_lock.sql (5.67ms)
2026/10/07 10:29:33 OK   00027_sp05_rca_and_poll.sql (34.73ms)
2026/10/07 10:29:33 OK   00028_sp05_operator_lock.sql (9.25ms)
2026/10/07 10:29:33 OK   00029_sp05_evidence_links.sql (63.16ms)
2026/10/07 10:29:33 OK   00030_sp05_recipe_fence.sql (4.64ms)
2026/10/07 10:29:33 OK   00031_sp05_rca_postcheck.sql (11.41ms)
2026/10/07 10:29:33 OK   00032_sp05_transport_audit.sql (12.05ms)
2026/10/07 10:29:33 OK   00033_sp05_poll_resolution_clock.sql (9.17ms)
2026/10/07 10:29:33 OK   00034_sp06_investigation_ledger.sql (53.8ms)
2026/10/07 10:29:33 OK   00035_sp06_admission_data_classes.sql (21.02ms)
2026/10/07 10:29:33 goose: successfully migrated database to version: 35
2026/10/07 10:29:33 OK   00036_review_failure.sql (38.25ms)
2026/10/07 10:29:33 goose: successfully migrated database to version: 36
2026/10/07 10:29:37 OK   00001_roles_and_schemas.sql (35.87ms)
2026/10/07 10:29:37 goose: successfully migrated database to version: 1
2026/10/07 10:29:37 OK   00002_platform_meta.sql (60.81ms)
2026/10/07 10:29:37 OK   00003_finding.sql (16.59ms)
2026/10/07 10:29:37 OK   00004_incident.sql (12ms)
2026/10/07 10:29:37 OK   00005_investigation.sql (14.59ms)
2026/10/07 10:29:37 OK   00006_action_command.sql (12.04ms)
2026/10/07 10:29:37 OK   00007_audit.sql (25.69ms)
2026/10/07 10:29:37 OK   00008_rls.sql (17.95ms)
2026/10/07 10:29:37 OK   00009_idempotency_ledger.sql (14.32ms)
2026/10/07 10:29:37 OK   00010_tenant_provisioning.sql (7.54ms)
2026/10/07 10:29:37 OK   00011_source_registration_history.sql (8.16ms)
2026/10/07 10:29:37 OK   00012_config_registry_lifecycle.sql (20.77ms)
2026/10/07 10:29:37 OK   00013_audit_signed_segments.sql (16.79ms)
2026/10/07 10:29:37 OK   00014_audit_segment_predecessors.sql (26.29ms)
2026/10/07 10:29:37 OK   00015_source_schema_scope.sql (6.05ms)
2026/10/07 10:29:37 OK   00016_cluster_registration_metadata.sql (7.96ms)
2026/10/07 10:29:37 OK   00017_source_data_scope.sql (5.65ms)
2026/10/07 10:29:37 OK   00018_sp04_resources_evidence.sql (30.38ms)
2026/10/07 10:29:37 OK   00019_sp04_archive_ciphertext_bytes.sql (9.7ms)
2026/10/07 10:29:37 OK   00020_sp04_request_ledger.sql (9.41ms)
2026/10/07 10:29:37 OK   00021_sp04_archive_protection.sql (11.41ms)
2026/10/07 10:29:37 OK   00022_sp04_legal_hold_dependencies.sql (5.06ms)
2026/10/07 10:29:37 OK   00023_sp04_archive_query_intent.sql (4.9ms)
2026/10/07 10:29:37 OK   00024_sp05_finding_incident.sql (30.83ms)
2026/10/07 10:29:37 OK   00025_sp05_incident_event_time.sql (5.6ms)
2026/10/07 10:29:37 OK   00026_sp05_source_binding_lock.sql (6.6ms)
2026/10/07 10:29:37 OK   00027_sp05_rca_and_poll.sql (15.54ms)
2026/10/07 10:29:37 OK   00028_sp05_operator_lock.sql (5.87ms)
2026/10/07 10:29:37 OK   00029_sp05_evidence_links.sql (6.73ms)
2026/10/07 10:29:37 OK   00030_sp05_recipe_fence.sql (4.02ms)
2026/10/07 10:29:37 OK   00031_sp05_rca_postcheck.sql (4.53ms)
2026/10/07 10:29:37 OK   00032_sp05_transport_audit.sql (4.89ms)
2026/10/07 10:29:37 OK   00033_sp05_poll_resolution_clock.sql (10.47ms)
2026/10/07 10:29:37 OK   00034_sp06_investigation_ledger.sql (28.71ms)
2026/10/07 10:29:37 OK   00035_sp06_admission_data_classes.sql (4.69ms)
2026/10/07 10:29:37 goose: successfully migrated database to version: 35
2026/10/07 10:29:38 OK   00001_roles_and_schemas.sql (36.4ms)
2026/10/07 10:29:38 goose: successfully migrated database to version: 1
2026/10/07 10:29:38 OK   00002_platform_meta.sql (47.95ms)
2026/10/07 10:29:38 OK   00003_finding.sql (23.95ms)
2026/10/07 10:29:38 OK   00004_incident.sql (14.47ms)
2026/10/07 10:29:38 OK   00005_investigation.sql (8.23ms)
2026/10/07 10:29:38 OK   00006_action_command.sql (15.76ms)
2026/10/07 10:29:38 OK   00007_audit.sql (25.75ms)
2026/10/07 10:29:38 OK   00008_rls.sql (19.49ms)
2026/10/07 10:29:38 OK   00009_idempotency_ledger.sql (17.43ms)
2026/10/07 10:29:38 OK   00010_tenant_provisioning.sql (11.49ms)
2026/10/07 10:29:38 OK   00011_source_registration_history.sql (14.88ms)
2026/10/07 10:29:38 OK   00012_config_registry_lifecycle.sql (14.9ms)
2026/10/07 10:29:38 OK   00013_audit_signed_segments.sql (37.69ms)
2026/10/07 10:29:38 OK   00014_audit_segment_predecessors.sql (21.5ms)
2026/10/07 10:29:38 OK   00015_source_schema_scope.sql (3.28ms)
2026/10/07 10:29:38 OK   00016_cluster_registration_metadata.sql (6.29ms)
2026/10/07 10:29:38 OK   00017_source_data_scope.sql (8.7ms)
2026/10/07 10:29:38 OK   00018_sp04_resources_evidence.sql (37.95ms)
2026/10/07 10:29:38 OK   00019_sp04_archive_ciphertext_bytes.sql (6.82ms)
2026/10/07 10:29:38 OK   00020_sp04_request_ledger.sql (8.36ms)
2026/10/07 10:29:38 OK   00021_sp04_archive_protection.sql (9.13ms)
2026/10/07 10:29:38 OK   00022_sp04_legal_hold_dependencies.sql (5.68ms)
2026/10/07 10:29:38 OK   00023_sp04_archive_query_intent.sql (11.79ms)
2026/10/07 10:29:38 OK   00024_sp05_finding_incident.sql (37.8ms)
2026/10/07 10:29:38 OK   00025_sp05_incident_event_time.sql (5.06ms)
2026/10/07 10:29:38 OK   00026_sp05_source_binding_lock.sql (6.06ms)
2026/10/07 10:29:38 OK   00027_sp05_rca_and_poll.sql (16.9ms)
2026/10/07 10:29:38 OK   00028_sp05_operator_lock.sql (32.73ms)
2026/10/07 10:29:38 OK   00029_sp05_evidence_links.sql (11.32ms)
2026/10/07 10:29:38 OK   00030_sp05_recipe_fence.sql (6.67ms)
2026/10/07 10:29:38 OK   00031_sp05_rca_postcheck.sql (3.65ms)
2026/10/07 10:29:38 OK   00032_sp05_transport_audit.sql (5.51ms)
2026/10/07 10:29:38 OK   00033_sp05_poll_resolution_clock.sql (8.79ms)
2026/10/07 10:29:38 OK   00034_sp06_investigation_ledger.sql (65.61ms)
2026/10/07 10:29:38 OK   00035_sp06_admission_data_classes.sql (4.52ms)
2026/10/07 10:29:38 goose: successfully migrated database to version: 35
2026/10/07 10:29:38 OK   00001_roles_and_schemas.sql (38.51ms)
2026/10/07 10:29:38 goose: successfully migrated database to version: 1
2026/10/07 10:29:39 OK   00002_platform_meta.sql (46.97ms)
2026/10/07 10:29:39 OK   00003_finding.sql (17.38ms)
2026/10/07 10:29:39 OK   00004_incident.sql (10.42ms)
2026/10/07 10:29:39 OK   00005_investigation.sql (28.1ms)
2026/10/07 10:29:39 OK   00006_action_command.sql (13.69ms)
2026/10/07 10:29:39 OK   00007_audit.sql (14.25ms)
2026/10/07 10:29:39 OK   00008_rls.sql (34.64ms)
2026/10/07 10:29:39 OK   00009_idempotency_ledger.sql (12.61ms)
2026/10/07 10:29:39 OK   00010_tenant_provisioning.sql (5.72ms)
2026/10/07 10:29:39 OK   00011_source_registration_history.sql (13.37ms)
2026/10/07 10:29:39 OK   00012_config_registry_lifecycle.sql (34.09ms)
2026/10/07 10:29:39 OK   00013_audit_signed_segments.sql (40.16ms)
2026/10/07 10:29:39 OK   00014_audit_segment_predecessors.sql (12.72ms)
2026/10/07 10:29:39 OK   00015_source_schema_scope.sql (7.45ms)
2026/10/07 10:29:39 OK   00016_cluster_registration_metadata.sql (6.67ms)
2026/10/07 10:29:39 OK   00017_source_data_scope.sql (7.79ms)
2026/10/07 10:29:39 OK   00018_sp04_resources_evidence.sql (35.8ms)
2026/10/07 10:29:39 OK   00019_sp04_archive_ciphertext_bytes.sql (6.24ms)
2026/10/07 10:29:39 OK   00020_sp04_request_ledger.sql (6.04ms)
2026/10/07 10:29:39 OK   00021_sp04_archive_protection.sql (4.88ms)
2026/10/07 10:29:39 OK   00022_sp04_legal_hold_dependencies.sql (11.53ms)
2026/10/07 10:29:39 OK   00023_sp04_archive_query_intent.sql (4.81ms)
2026/10/07 10:29:39 OK   00024_sp05_finding_incident.sql (60.41ms)
2026/10/07 10:29:39 OK   00025_sp05_incident_event_time.sql (14.29ms)
2026/10/07 10:29:39 OK   00026_sp05_source_binding_lock.sql (9.13ms)
2026/10/07 10:29:39 OK   00027_sp05_rca_and_poll.sql (32.5ms)
2026/10/07 10:29:39 OK   00028_sp05_operator_lock.sql (10.59ms)
2026/10/07 10:29:39 OK   00029_sp05_evidence_links.sql (18.3ms)
2026/10/07 10:29:39 OK   00030_sp05_recipe_fence.sql (6.2ms)
2026/10/07 10:29:39 OK   00031_sp05_rca_postcheck.sql (3.96ms)
2026/10/07 10:29:39 OK   00032_sp05_transport_audit.sql (5.28ms)
2026/10/07 10:29:39 OK   00033_sp05_poll_resolution_clock.sql (6ms)
2026/10/07 10:29:39 OK   00034_sp06_investigation_ledger.sql (33.02ms)
2026/10/07 10:29:39 OK   00035_sp06_admission_data_classes.sql (4.11ms)
2026/10/07 10:29:39 goose: successfully migrated database to version: 35
2026/10/07 10:29:39 OK   00001_roles_and_schemas.sql (29.16ms)
2026/10/07 10:29:39 goose: successfully migrated database to version: 1
2026/10/07 10:29:39 OK   00002_platform_meta.sql (35.14ms)
2026/10/07 10:29:39 OK   00003_finding.sql (21.64ms)
2026/10/07 10:29:39 OK   00004_incident.sql (11.68ms)
2026/10/07 10:29:39 OK   00005_investigation.sql (20.47ms)
2026/10/07 10:29:39 OK   00006_action_command.sql (19.6ms)
2026/10/07 10:29:39 OK   00007_audit.sql (27.31ms)
2026/10/07 10:29:40 OK   00008_rls.sql (15.44ms)
2026/10/07 10:29:40 OK   00009_idempotency_ledger.sql (21.18ms)
2026/10/07 10:29:40 OK   00010_tenant_provisioning.sql (6.29ms)
2026/10/07 10:29:40 OK   00011_source_registration_history.sql (18.8ms)
2026/10/07 10:29:40 OK   00012_config_registry_lifecycle.sql (28.39ms)
2026/10/07 10:29:40 OK   00013_audit_signed_segments.sql (30.06ms)
2026/10/07 10:29:40 OK   00014_audit_segment_predecessors.sql (7.2ms)
2026/10/07 10:29:40 OK   00015_source_schema_scope.sql (9.1ms)
2026/10/07 10:29:40 OK   00016_cluster_registration_metadata.sql (5.93ms)
2026/10/07 10:29:40 OK   00017_source_data_scope.sql (9.76ms)
2026/10/07 10:29:40 OK   00018_sp04_resources_evidence.sql (37.45ms)
2026/10/07 10:29:40 OK   00019_sp04_archive_ciphertext_bytes.sql (10.12ms)
2026/10/07 10:29:40 OK   00020_sp04_request_ledger.sql (9.85ms)
2026/10/07 10:29:40 OK   00021_sp04_archive_protection.sql (6.01ms)
2026/10/07 10:29:40 OK   00022_sp04_legal_hold_dependencies.sql (9.29ms)
2026/10/07 10:29:40 OK   00023_sp04_archive_query_intent.sql (8.31ms)
2026/10/07 10:29:40 OK   00024_sp05_finding_incident.sql (33.87ms)
2026/10/07 10:29:40 OK   00025_sp05_incident_event_time.sql (4.45ms)
2026/10/07 10:29:40 OK   00026_sp05_source_binding_lock.sql (6.64ms)
2026/10/07 10:29:40 OK   00027_sp05_rca_and_poll.sql (12.23ms)
2026/10/07 10:29:40 OK   00028_sp05_operator_lock.sql (7.22ms)
2026/10/07 10:29:40 OK   00029_sp05_evidence_links.sql (11.63ms)
2026/10/07 10:29:40 OK   00030_sp05_recipe_fence.sql (10.83ms)
2026/10/07 10:29:40 OK   00031_sp05_rca_postcheck.sql (7.14ms)
2026/10/07 10:29:40 OK   00032_sp05_transport_audit.sql (6.28ms)
2026/10/07 10:29:40 OK   00033_sp05_poll_resolution_clock.sql (11.57ms)
2026/10/07 10:29:40 OK   00034_sp06_investigation_ledger.sql (42.35ms)
2026/10/07 10:29:40 OK   00035_sp06_admission_data_classes.sql (6.99ms)
2026/10/07 10:29:40 goose: successfully migrated database to version: 35
2026/10/07 10:29:40 OK   00001_roles_and_schemas.sql (50.73ms)
2026/10/07 10:29:40 goose: successfully migrated database to version: 1
2026/10/07 10:29:49 OK   00002_platform_meta.sql (31.72ms)
2026/10/07 10:29:49 OK   00003_finding.sql (20.58ms)
2026/10/07 10:29:49 OK   00004_incident.sql (14.53ms)
2026/10/07 10:29:49 OK   00005_investigation.sql (11.41ms)
2026/10/07 10:29:49 OK   00006_action_command.sql (15.4ms)
2026/10/07 10:29:49 OK   00007_audit.sql (23.22ms)
2026/10/07 10:29:49 OK   00008_rls.sql (27.39ms)
2026/10/07 10:29:49 OK   00009_idempotency_ledger.sql (13.95ms)
2026/10/07 10:29:49 OK   00010_tenant_provisioning.sql (8.41ms)
2026/10/07 10:29:49 OK   00011_source_registration_history.sql (22.05ms)
2026/10/07 10:29:49 OK   00012_config_registry_lifecycle.sql (11.59ms)
2026/10/07 10:29:49 OK   00013_audit_signed_segments.sql (26.96ms)
2026/10/07 10:29:49 OK   00014_audit_segment_predecessors.sql (16.82ms)
2026/10/07 10:29:49 OK   00015_source_schema_scope.sql (14.21ms)
2026/10/07 10:29:49 OK   00016_cluster_registration_metadata.sql (7.93ms)
2026/10/07 10:29:49 OK   00017_source_data_scope.sql (7ms)
2026/10/07 10:29:49 OK   00018_sp04_resources_evidence.sql (32.87ms)
2026/10/07 10:29:49 OK   00019_sp04_archive_ciphertext_bytes.sql (6.03ms)
2026/10/07 10:29:49 OK   00020_sp04_request_ledger.sql (10.5ms)
2026/10/07 10:29:49 OK   00021_sp04_archive_protection.sql (10.18ms)
2026/10/07 10:29:49 OK   00022_sp04_legal_hold_dependencies.sql (5.89ms)
2026/10/07 10:29:49 OK   00023_sp04_archive_query_intent.sql (5.48ms)
2026/10/07 10:29:49 OK   00024_sp05_finding_incident.sql (63.93ms)
2026/10/07 10:29:49 OK   00025_sp05_incident_event_time.sql (7.09ms)
2026/10/07 10:29:49 OK   00026_sp05_source_binding_lock.sql (19.24ms)
2026/10/07 10:29:49 OK   00027_sp05_rca_and_poll.sql (30.5ms)
2026/10/07 10:29:49 OK   00028_sp05_operator_lock.sql (12.09ms)
2026/10/07 10:29:49 OK   00029_sp05_evidence_links.sql (13.24ms)
2026/10/07 10:29:49 OK   00030_sp05_recipe_fence.sql (6.66ms)
2026/10/07 10:29:49 OK   00031_sp05_rca_postcheck.sql (6.66ms)
2026/10/07 10:29:49 OK   00032_sp05_transport_audit.sql (14.11ms)
2026/10/07 10:29:49 OK   00033_sp05_poll_resolution_clock.sql (17.76ms)
2026/10/07 10:29:49 OK   00034_sp06_investigation_ledger.sql (40.24ms)
2026/10/07 10:29:49 OK   00035_sp06_admission_data_classes.sql (5.41ms)
2026/10/07 10:29:49 goose: successfully migrated database to version: 35
2026/10/07 10:30:39 OK   00001_roles_and_schemas.sql (17.99ms)
2026/10/07 10:30:39 OK   00002_platform_meta.sql (33.24ms)
2026/10/07 10:30:39 OK   00003_finding.sql (17.84ms)
2026/10/07 10:30:39 OK   00004_incident.sql (12.65ms)
2026/10/07 10:30:39 OK   00005_investigation.sql (9.45ms)
2026/10/07 10:30:39 OK   00006_action_command.sql (11.11ms)
2026/10/07 10:30:39 OK   00007_audit.sql (18.36ms)
2026/10/07 10:30:39 OK   00008_rls.sql (14.21ms)
2026/10/07 10:30:39 OK   00009_idempotency_ledger.sql (32.03ms)
2026/10/07 10:30:39 OK   00010_tenant_provisioning.sql (6.15ms)
2026/10/07 10:30:39 OK   00011_source_registration_history.sql (12.5ms)
2026/10/07 10:30:39 OK   00012_config_registry_lifecycle.sql (28.09ms)
2026/10/07 10:30:39 OK   00013_audit_signed_segments.sql (26.04ms)
2026/10/07 10:30:40 OK   00014_audit_segment_predecessors.sql (10.5ms)
2026/10/07 10:30:40 OK   00015_source_schema_scope.sql (4.94ms)
2026/10/07 10:30:40 OK   00016_cluster_registration_metadata.sql (6.96ms)
2026/10/07 10:30:40 OK   00017_source_data_scope.sql (6.31ms)
2026/10/07 10:30:40 OK   00018_sp04_resources_evidence.sql (34.53ms)
2026/10/07 10:30:40 OK   00019_sp04_archive_ciphertext_bytes.sql (6.26ms)
2026/10/07 10:30:40 OK   00020_sp04_request_ledger.sql (12.73ms)
2026/10/07 10:30:40 OK   00021_sp04_archive_protection.sql (5.14ms)
2026/10/07 10:30:40 OK   00022_sp04_legal_hold_dependencies.sql (5.09ms)
2026/10/07 10:30:40 OK   00023_sp04_archive_query_intent.sql (4.51ms)
2026/10/07 10:30:40 OK   00024_sp05_finding_incident.sql (38.77ms)
2026/10/07 10:30:40 OK   00025_sp05_incident_event_time.sql (9.15ms)
2026/10/07 10:30:40 OK   00026_sp05_source_binding_lock.sql (6.79ms)
2026/10/07 10:30:40 OK   00027_sp05_rca_and_poll.sql (15.44ms)
2026/10/07 10:30:40 OK   00028_sp05_operator_lock.sql (3.73ms)
2026/10/07 10:30:40 OK   00029_sp05_evidence_links.sql (9.73ms)
2026/10/07 10:30:40 OK   00030_sp05_recipe_fence.sql (9.19ms)
2026/10/07 10:30:40 OK   00031_sp05_rca_postcheck.sql (4.46ms)
2026/10/07 10:30:40 OK   00032_sp05_transport_audit.sql (6.41ms)
2026/10/07 10:30:40 OK   00033_sp05_poll_resolution_clock.sql (4.31ms)
2026/10/07 10:30:40 OK   00034_sp06_investigation_ledger.sql (26.56ms)
2026/10/07 10:30:40 OK   00035_sp06_admission_data_classes.sql (4.6ms)
2026/10/07 10:30:40 goose: successfully migrated database to version: 35
2026/10/07 10:30:41 OK   00001_roles_and_schemas.sql (52.01ms)
2026/10/07 10:30:41 goose: successfully migrated database to version: 1
2026/10/07 10:30:41 OK   00002_platform_meta.sql (38.85ms)
2026/10/07 10:30:41 OK   00003_finding.sql (29.03ms)
2026/10/07 10:30:41 OK   00004_incident.sql (12.2ms)
2026/10/07 10:30:41 OK   00005_investigation.sql (14.52ms)
2026/10/07 10:30:41 OK   00006_action_command.sql (15.92ms)
2026/10/07 10:30:41 OK   00007_audit.sql (22.98ms)
2026/10/07 10:30:41 OK   00008_rls.sql (18.35ms)
2026/10/07 10:30:41 OK   00009_idempotency_ledger.sql (22.33ms)
2026/10/07 10:30:41 OK   00010_tenant_provisioning.sql (9.75ms)
2026/10/07 10:30:41 OK   00011_source_registration_history.sql (12.13ms)
2026/10/07 10:30:41 OK   00012_config_registry_lifecycle.sql (20.2ms)
2026/10/07 10:30:42 OK   00013_audit_signed_segments.sql (23.23ms)
2026/10/07 10:30:42 OK   00014_audit_segment_predecessors.sql (12.01ms)
2026/10/07 10:30:42 OK   00015_source_schema_scope.sql (5.07ms)
2026/10/07 10:30:42 OK   00016_cluster_registration_metadata.sql (7.12ms)
2026/10/07 10:30:42 goose: successfully migrated database to version: 16
2026/10/07 10:30:42 OK   00017_source_data_scope.sql (9.86ms)
2026/10/07 10:30:42 OK   00018_sp04_resources_evidence.sql (53.81ms)
2026/10/07 10:30:42 OK   00019_sp04_archive_ciphertext_bytes.sql (6.3ms)
2026/10/07 10:30:42 OK   00020_sp04_request_ledger.sql (11.83ms)
2026/10/07 10:30:42 OK   00021_sp04_archive_protection.sql (13.88ms)
2026/10/07 10:30:42 OK   00022_sp04_legal_hold_dependencies.sql (9.2ms)
2026/10/07 10:30:42 OK   00023_sp04_archive_query_intent.sql (11.2ms)
2026/10/07 10:30:42 OK   00024_sp05_finding_incident.sql (34.35ms)
2026/10/07 10:30:42 OK   00025_sp05_incident_event_time.sql (6.73ms)
2026/10/07 10:30:42 OK   00026_sp05_source_binding_lock.sql (5ms)
2026/10/07 10:30:42 OK   00027_sp05_rca_and_poll.sql (19.19ms)
2026/10/07 10:30:42 OK   00028_sp05_operator_lock.sql (6.24ms)
2026/10/07 10:30:42 OK   00029_sp05_evidence_links.sql (11.06ms)
2026/10/07 10:30:42 OK   00030_sp05_recipe_fence.sql (4.1ms)
2026/10/07 10:30:42 OK   00031_sp05_rca_postcheck.sql (3.28ms)
2026/10/07 10:30:42 OK   00032_sp05_transport_audit.sql (3.68ms)
2026/10/07 10:30:42 OK   00033_sp05_poll_resolution_clock.sql (4.43ms)
2026/10/07 10:30:42 OK   00034_sp06_investigation_ledger.sql (37.01ms)
2026/10/07 10:30:42 OK   00035_sp06_admission_data_classes.sql (8.22ms)
2026/10/07 10:30:42 goose: successfully migrated database to version: 35
2026/10/07 10:30:42 OK   00001_roles_and_schemas.sql (15.39ms)
2026/10/07 10:30:42 goose: successfully migrated database to version: 1
2026/10/07 10:30:42 OK   00002_platform_meta.sql (41.13ms)
2026/10/07 10:30:42 OK   00003_finding.sql (55.74ms)
2026/10/07 10:30:42 OK   00004_incident.sql (9.71ms)
2026/10/07 10:30:42 OK   00005_investigation.sql (16.21ms)
2026/10/07 10:30:42 OK   00006_action_command.sql (9.68ms)
2026/10/07 10:30:42 OK   00007_audit.sql (14.03ms)
2026/10/07 10:30:42 OK   00008_rls.sql (30.42ms)
2026/10/07 10:30:42 OK   00009_idempotency_ledger.sql (11.06ms)
2026/10/07 10:30:42 OK   00010_tenant_provisioning.sql (14.48ms)
2026/10/07 10:30:42 OK   00011_source_registration_history.sql (15.82ms)
2026/10/07 10:30:42 OK   00012_config_registry_lifecycle.sql (18.51ms)
2026/10/07 10:30:42 OK   00013_audit_signed_segments.sql (22.26ms)
2026/10/07 10:30:42 OK   00014_audit_segment_predecessors.sql (11.57ms)
2026/10/07 10:30:42 OK   00015_source_schema_scope.sql (6.15ms)
2026/10/07 10:30:42 OK   00016_cluster_registration_metadata.sql (8.28ms)
2026/10/07 10:30:42 OK   00017_source_data_scope.sql (7.65ms)
2026/10/07 10:30:42 OK   00018_sp04_resources_evidence.sql (40.98ms)
2026/10/07 10:30:42 OK   00019_sp04_archive_ciphertext_bytes.sql (4.48ms)
2026/10/07 10:30:42 OK   00020_sp04_request_ledger.sql (5.51ms)
2026/10/07 10:30:42 OK   00021_sp04_archive_protection.sql (4.78ms)
2026/10/07 10:30:42 OK   00022_sp04_legal_hold_dependencies.sql (3.65ms)
2026/10/07 10:30:42 OK   00023_sp04_archive_query_intent.sql (6.16ms)
2026/10/07 10:30:43 OK   00024_sp05_finding_incident.sql (51.1ms)
2026/10/07 10:30:43 OK   00025_sp05_incident_event_time.sql (4.96ms)
2026/10/07 10:30:43 OK   00026_sp05_source_binding_lock.sql (8.88ms)
2026/10/07 10:30:43 OK   00027_sp05_rca_and_poll.sql (13.01ms)
2026/10/07 10:30:43 OK   00028_sp05_operator_lock.sql (7.75ms)
2026/10/07 10:30:43 OK   00029_sp05_evidence_links.sql (13.79ms)
2026/10/07 10:30:43 OK   00030_sp05_recipe_fence.sql (5.96ms)
2026/10/07 10:30:43 OK   00031_sp05_rca_postcheck.sql (4.23ms)
2026/10/07 10:30:43 OK   00032_sp05_transport_audit.sql (7.81ms)
2026/10/07 10:30:43 OK   00033_sp05_poll_resolution_clock.sql (5.62ms)
2026/10/07 10:30:43 OK   00034_sp06_investigation_ledger.sql (39.63ms)
2026/10/07 10:30:43 OK   00035_sp06_admission_data_classes.sql (7.94ms)
2026/10/07 10:30:43 goose: successfully migrated database to version: 35
2026/10/07 10:30:43 OK   00001_roles_and_schemas.sql (34.87ms)
2026/10/07 10:30:43 goose: successfully migrated database to version: 1
2026/10/07 10:30:44 OK   00002_platform_meta.sql (66.21ms)
2026/10/07 10:30:44 OK   00003_finding.sql (17.23ms)
2026/10/07 10:30:44 OK   00004_incident.sql (14.07ms)
2026/10/07 10:30:44 OK   00005_investigation.sql (21.61ms)
2026/10/07 10:30:44 OK   00006_action_command.sql (17.6ms)
2026/10/07 10:30:44 OK   00007_audit.sql (20.85ms)
2026/10/07 10:30:44 OK   00008_rls.sql (13.2ms)
2026/10/07 10:30:44 OK   00009_idempotency_ledger.sql (9.33ms)
2026/10/07 10:30:44 OK   00010_tenant_provisioning.sql (27.72ms)
2026/10/07 10:30:44 OK   00011_source_registration_history.sql (9.48ms)
2026/10/07 10:30:44 OK   00012_config_registry_lifecycle.sql (19.92ms)
2026/10/07 10:30:44 OK   00013_audit_signed_segments.sql (37.35ms)
2026/10/07 10:30:44 OK   00014_audit_segment_predecessors.sql (11.68ms)
2026/10/07 10:30:44 OK   00015_source_schema_scope.sql (6.03ms)
2026/10/07 10:30:44 OK   00016_cluster_registration_metadata.sql (6.73ms)
2026/10/07 10:30:44 OK   00017_source_data_scope.sql (5.66ms)
2026/10/07 10:30:44 OK   00018_sp04_resources_evidence.sql (33.33ms)
2026/10/07 10:30:44 OK   00019_sp04_archive_ciphertext_bytes.sql (4.74ms)
2026/10/07 10:30:44 OK   00020_sp04_request_ledger.sql (8.4ms)
2026/10/07 10:30:44 OK   00021_sp04_archive_protection.sql (5.17ms)
2026/10/07 10:30:44 OK   00022_sp04_legal_hold_dependencies.sql (3.84ms)
2026/10/07 10:30:44 OK   00023_sp04_archive_query_intent.sql (12.96ms)
2026/10/07 10:30:44 OK   00024_sp05_finding_incident.sql (31.2ms)
2026/10/07 10:30:44 OK   00025_sp05_incident_event_time.sql (4.27ms)
2026/10/07 10:30:44 OK   00026_sp05_source_binding_lock.sql (4.28ms)
2026/10/07 10:30:44 OK   00027_sp05_rca_and_poll.sql (10.78ms)
2026/10/07 10:30:44 OK   00028_sp05_operator_lock.sql (6.72ms)
2026/10/07 10:30:44 OK   00029_sp05_evidence_links.sql (11.95ms)
2026/10/07 10:30:44 OK   00030_sp05_recipe_fence.sql (88.56ms)
2026/10/07 10:30:44 OK   00031_sp05_rca_postcheck.sql (33.94ms)
2026/10/07 10:30:44 OK   00032_sp05_transport_audit.sql (4.52ms)
2026/10/07 10:30:44 OK   00033_sp05_poll_resolution_clock.sql (12.12ms)
2026/10/07 10:30:44 OK   00034_sp06_investigation_ledger.sql (67.76ms)
2026/10/07 10:30:44 OK   00035_sp06_admission_data_classes.sql (5.73ms)
2026/10/07 10:30:44 goose: successfully migrated database to version: 35
2026/10/07 10:31:00 OK   00001_roles_and_schemas.sql (13.34ms)
2026/10/07 10:31:00 goose: successfully migrated database to version: 1
2026/10/07 10:31:00 OK   00002_platform_meta.sql (61.38ms)
2026/10/07 10:31:00 OK   00003_finding.sql (14.43ms)
2026/10/07 10:31:00 OK   00004_incident.sql (19.65ms)
2026/10/07 10:31:00 OK   00005_investigation.sql (12.22ms)
2026/10/07 10:31:00 OK   00006_action_command.sql (12.43ms)
2026/10/07 10:31:00 OK   00007_audit.sql (21.92ms)
2026/10/07 10:31:00 OK   00008_rls.sql (21.73ms)
2026/10/07 10:31:00 OK   00009_idempotency_ledger.sql (15.91ms)
2026/10/07 10:31:00 OK   00010_tenant_provisioning.sql (4.23ms)
2026/10/07 10:31:00 OK   00011_source_registration_history.sql (9.04ms)
2026/10/07 10:31:00 OK   00012_config_registry_lifecycle.sql (26.91ms)
2026/10/07 10:31:00 OK   00013_audit_signed_segments.sql (31.6ms)
2026/10/07 10:31:00 OK   00014_audit_segment_predecessors.sql (9.74ms)
2026/10/07 10:31:01 OK   00015_source_schema_scope.sql (15.75ms)
2026/10/07 10:31:01 OK   00016_cluster_registration_metadata.sql (32.75ms)
2026/10/07 10:31:01 OK   00017_source_data_scope.sql (10ms)
2026/10/07 10:31:01 OK   00018_sp04_resources_evidence.sql (37.14ms)
2026/10/07 10:31:01 OK   00019_sp04_archive_ciphertext_bytes.sql (11.98ms)
2026/10/07 10:31:01 OK   00020_sp04_request_ledger.sql (15.47ms)
2026/10/07 10:31:01 OK   00021_sp04_archive_protection.sql (4.68ms)
2026/10/07 10:31:01 OK   00022_sp04_legal_hold_dependencies.sql (3.07ms)
2026/10/07 10:31:01 OK   00023_sp04_archive_query_intent.sql (4.1ms)
2026/10/07 10:31:01 OK   00024_sp05_finding_incident.sql (18.9ms)
2026/10/07 10:31:01 OK   00025_sp05_incident_event_time.sql (2.81ms)
2026/10/07 10:31:01 OK   00026_sp05_source_binding_lock.sql (5.28ms)
2026/10/07 10:31:01 OK   00027_sp05_rca_and_poll.sql (19.93ms)
2026/10/07 10:31:01 OK   00028_sp05_operator_lock.sql (8.87ms)
2026/10/07 10:31:01 OK   00029_sp05_evidence_links.sql (14.9ms)
2026/10/07 10:31:01 OK   00030_sp05_recipe_fence.sql (7.31ms)
2026/10/07 10:31:01 OK   00031_sp05_rca_postcheck.sql (5.91ms)
2026/10/07 10:31:01 OK   00032_sp05_transport_audit.sql (4.99ms)
2026/10/07 10:31:01 OK   00033_sp05_poll_resolution_clock.sql (4.83ms)
2026/10/07 10:31:01 OK   00034_sp06_investigation_ledger.sql (51.69ms)
2026/10/07 10:31:01 OK   00035_sp06_admission_data_classes.sql (4.53ms)
2026/10/07 10:31:01 goose: successfully migrated database to version: 35
2026/10/07 10:31:02 OK   00001_roles_and_schemas.sql (21.61ms)
2026/10/07 10:31:02 goose: successfully migrated database to version: 1
2026/10/07 10:31:02 OK   00002_platform_meta.sql (49.52ms)
2026/10/07 10:31:02 OK   00003_finding.sql (18.48ms)
2026/10/07 10:31:02 OK   00004_incident.sql (11.5ms)
2026/10/07 10:31:02 OK   00005_investigation.sql (10.83ms)
2026/10/07 10:31:02 OK   00006_action_command.sql (10.25ms)
2026/10/07 10:31:02 OK   00007_audit.sql (19.8ms)
2026/10/07 10:31:02 OK   00008_rls.sql (29.36ms)
2026/10/07 10:31:02 OK   00009_idempotency_ledger.sql (14.69ms)
2026/10/07 10:31:02 OK   00010_tenant_provisioning.sql (9.11ms)
2026/10/07 10:31:02 OK   00011_source_registration_history.sql (11.4ms)
2026/10/07 10:31:02 OK   00012_config_registry_lifecycle.sql (23.65ms)
2026/10/07 10:31:02 OK   00013_audit_signed_segments.sql (21.1ms)
2026/10/07 10:31:02 OK   00014_audit_segment_predecessors.sql (14.71ms)
2026/10/07 10:31:02 OK   00015_source_schema_scope.sql (4.36ms)
2026/10/07 10:31:02 OK   00016_cluster_registration_metadata.sql (7.12ms)
2026/10/07 10:31:02 OK   00017_source_data_scope.sql (15.37ms)
2026/10/07 10:31:02 OK   00018_sp04_resources_evidence.sql (28.3ms)
2026/10/07 10:31:02 OK   00019_sp04_archive_ciphertext_bytes.sql (3.91ms)
2026/10/07 10:31:02 OK   00020_sp04_request_ledger.sql (9.39ms)
2026/10/07 10:31:02 OK   00021_sp04_archive_protection.sql (5.27ms)
2026/10/07 10:31:02 OK   00022_sp04_legal_hold_dependencies.sql (3.75ms)
2026/10/07 10:31:02 OK   00023_sp04_archive_query_intent.sql (4.08ms)
2026/10/07 10:31:02 OK   00024_sp05_finding_incident.sql (42.7ms)
2026/10/07 10:31:03 OK   00025_sp05_incident_event_time.sql (4.41ms)
2026/10/07 10:31:03 OK   00026_sp05_source_binding_lock.sql (15.02ms)
2026/10/07 10:31:03 OK   00027_sp05_rca_and_poll.sql (9.79ms)
2026/10/07 10:31:03 OK   00028_sp05_operator_lock.sql (3.98ms)
2026/10/07 10:31:03 OK   00029_sp05_evidence_links.sql (11.23ms)
2026/10/07 10:31:03 OK   00030_sp05_recipe_fence.sql (6.43ms)
2026/10/07 10:31:03 OK   00031_sp05_rca_postcheck.sql (4.89ms)
2026/10/07 10:31:03 OK   00032_sp05_transport_audit.sql (6.53ms)
2026/10/07 10:31:03 OK   00033_sp05_poll_resolution_clock.sql (5.97ms)
2026/10/07 10:31:03 OK   00034_sp06_investigation_ledger.sql (46.86ms)
2026/10/07 10:31:03 OK   00035_sp06_admission_data_classes.sql (5.74ms)
2026/10/07 10:31:03 goose: successfully migrated database to version: 35
2026/10/07 10:31:22 OK   00001_roles_and_schemas.sql (17.39ms)
2026/10/07 10:31:22 goose: successfully migrated database to version: 1
2026/10/07 10:31:22 OK   00002_platform_meta.sql (53.78ms)
2026/10/07 10:31:22 OK   00003_finding.sql (18ms)
2026/10/07 10:31:22 OK   00004_incident.sql (41.12ms)
2026/10/07 10:31:22 OK   00005_investigation.sql (13.72ms)
2026/10/07 10:31:22 OK   00006_action_command.sql (30.9ms)
2026/10/07 10:31:22 OK   00007_audit.sql (13.52ms)
2026/10/07 10:31:22 OK   00008_rls.sql (12ms)
2026/10/07 10:31:22 OK   00009_idempotency_ledger.sql (16.16ms)
2026/10/07 10:31:22 OK   00010_tenant_provisioning.sql (19.66ms)
2026/10/07 10:31:22 OK   00011_source_registration_history.sql (27.79ms)
2026/10/07 10:31:22 OK   00012_config_registry_lifecycle.sql (17.52ms)
2026/10/07 10:31:22 OK   00013_audit_signed_segments.sql (26.49ms)
2026/10/07 10:31:22 OK   00014_audit_segment_predecessors.sql (12.8ms)
2026/10/07 10:31:22 OK   00015_source_schema_scope.sql (5.95ms)
2026/10/07 10:31:22 OK   00016_cluster_registration_metadata.sql (8.9ms)
2026/10/07 10:31:22 OK   00017_source_data_scope.sql (9.41ms)
2026/10/07 10:31:22 OK   00018_sp04_resources_evidence.sql (86.46ms)
2026/10/07 10:31:22 OK   00019_sp04_archive_ciphertext_bytes.sql (21.41ms)
2026/10/07 10:31:22 OK   00020_sp04_request_ledger.sql (11.1ms)
2026/10/07 10:31:22 OK   00021_sp04_archive_protection.sql (9.42ms)
2026/10/07 10:31:22 OK   00022_sp04_legal_hold_dependencies.sql (6.34ms)
2026/10/07 10:31:22 OK   00023_sp04_archive_query_intent.sql (13.38ms)
2026/10/07 10:31:22 OK   00024_sp05_finding_incident.sql (55.1ms)
2026/10/07 10:31:22 OK   00025_sp05_incident_event_time.sql (5.18ms)
2026/10/07 10:31:22 OK   00026_sp05_source_binding_lock.sql (16.81ms)
2026/10/07 10:31:22 OK   00027_sp05_rca_and_poll.sql (31.36ms)
2026/10/07 10:31:22 OK   00028_sp05_operator_lock.sql (5.06ms)
2026/10/07 10:31:22 OK   00029_sp05_evidence_links.sql (25.94ms)
2026/10/07 10:31:22 OK   00030_sp05_recipe_fence.sql (4.48ms)
2026/10/07 10:31:22 OK   00031_sp05_rca_postcheck.sql (6.99ms)
2026/10/07 10:31:23 OK   00032_sp05_transport_audit.sql (61.52ms)
2026/10/07 10:31:23 OK   00033_sp05_poll_resolution_clock.sql (14.55ms)
2026/10/07 10:31:23 OK   00034_sp06_investigation_ledger.sql (130.96ms)
2026/10/07 10:31:23 OK   00035_sp06_admission_data_classes.sql (11.36ms)
2026/10/07 10:31:23 goose: successfully migrated database to version: 35
2026/10/07 10:31:28 OK   00001_roles_and_schemas.sql (59.42ms)
2026/10/07 10:31:28 goose: successfully migrated database to version: 1
2026/10/07 10:31:28 OK   00002_platform_meta.sql (50.4ms)
2026/10/07 10:31:28 OK   00003_finding.sql (21.11ms)
2026/10/07 10:31:28 OK   00004_incident.sql (15.24ms)
2026/10/07 10:31:28 OK   00005_investigation.sql (26.1ms)
2026/10/07 10:31:28 OK   00006_action_command.sql (14.93ms)
2026/10/07 10:31:28 OK   00007_audit.sql (12.47ms)
2026/10/07 10:31:28 OK   00008_rls.sql (12.16ms)
2026/10/07 10:31:28 OK   00009_idempotency_ledger.sql (12.64ms)
2026/10/07 10:31:28 OK   00010_tenant_provisioning.sql (23.48ms)
2026/10/07 10:31:29 OK   00011_source_registration_history.sql (21.23ms)
2026/10/07 10:31:29 OK   00012_config_registry_lifecycle.sql (13.32ms)
2026/10/07 10:31:29 OK   00013_audit_signed_segments.sql (41.48ms)
2026/10/07 10:31:29 OK   00014_audit_segment_predecessors.sql (12.48ms)
2026/10/07 10:31:29 OK   00015_source_schema_scope.sql (4.35ms)
2026/10/07 10:31:29 OK   00016_cluster_registration_metadata.sql (5.81ms)
2026/10/07 10:31:29 OK   00017_source_data_scope.sql (10.67ms)
2026/10/07 10:31:29 OK   00018_sp04_resources_evidence.sql (50.96ms)
2026/10/07 10:31:29 OK   00019_sp04_archive_ciphertext_bytes.sql (4.82ms)
2026/10/07 10:31:29 OK   00020_sp04_request_ledger.sql (18.3ms)
2026/10/07 10:31:29 OK   00021_sp04_archive_protection.sql (22.42ms)
2026/10/07 10:31:29 OK   00022_sp04_legal_hold_dependencies.sql (13.15ms)
2026/10/07 10:31:29 OK   00023_sp04_archive_query_intent.sql (6.57ms)
2026/10/07 10:31:29 OK   00024_sp05_finding_incident.sql (55.84ms)
2026/10/07 10:31:29 OK   00025_sp05_incident_event_time.sql (4.7ms)
2026/10/07 10:31:29 OK   00026_sp05_source_binding_lock.sql (5.88ms)
2026/10/07 10:31:29 OK   00027_sp05_rca_and_poll.sql (31.23ms)
2026/10/07 10:31:29 OK   00028_sp05_operator_lock.sql (19.12ms)
2026/10/07 10:31:29 OK   00029_sp05_evidence_links.sql (10.96ms)
2026/10/07 10:31:29 OK   00030_sp05_recipe_fence.sql (6.05ms)
2026/10/07 10:31:29 OK   00031_sp05_rca_postcheck.sql (6.59ms)
2026/10/07 10:31:29 OK   00032_sp05_transport_audit.sql (8.73ms)
2026/10/07 10:31:29 OK   00033_sp05_poll_resolution_clock.sql (12.21ms)
2026/10/07 10:31:29 OK   00034_sp06_investigation_ledger.sql (39.94ms)
2026/10/07 10:31:29 OK   00035_sp06_admission_data_classes.sql (3.6ms)
2026/10/07 10:31:29 goose: successfully migrated database to version: 35
2026/10/07 10:31:30 OK   00001_roles_and_schemas.sql (27.86ms)
2026/10/07 10:31:30 goose: successfully migrated database to version: 1
2026/10/07 10:31:30 OK   00002_platform_meta.sql (56ms)
2026/10/07 10:31:30 OK   00003_finding.sql (14.17ms)
2026/10/07 10:31:30 OK   00004_incident.sql (9.56ms)
2026/10/07 10:31:30 OK   00005_investigation.sql (15.44ms)
2026/10/07 10:31:30 OK   00006_action_command.sql (19.92ms)
2026/10/07 10:31:30 OK   00007_audit.sql (15.99ms)
2026/10/07 10:31:30 OK   00008_rls.sql (19.13ms)
2026/10/07 10:31:30 OK   00009_idempotency_ledger.sql (14.95ms)
2026/10/07 10:31:30 OK   00010_tenant_provisioning.sql (8.13ms)
2026/10/07 10:31:30 OK   00011_source_registration_history.sql (16.49ms)
2026/10/07 10:31:30 OK   00012_config_registry_lifecycle.sql (26.62ms)
2026/10/07 10:31:30 OK   00013_audit_signed_segments.sql (16.72ms)
2026/10/07 10:31:30 OK   00014_audit_segment_predecessors.sql (9.12ms)
2026/10/07 10:31:30 OK   00015_source_schema_scope.sql (4.19ms)
2026/10/07 10:31:30 OK   00016_cluster_registration_metadata.sql (6.31ms)
2026/10/07 10:31:30 OK   00017_source_data_scope.sql (8.45ms)
2026/10/07 10:31:30 OK   00018_sp04_resources_evidence.sql (41.4ms)
2026/10/07 10:31:30 OK   00019_sp04_archive_ciphertext_bytes.sql (4.07ms)
2026/10/07 10:31:30 OK   00020_sp04_request_ledger.sql (6.88ms)
2026/10/07 10:31:30 OK   00021_sp04_archive_protection.sql (8.15ms)
2026/10/07 10:31:30 OK   00022_sp04_legal_hold_dependencies.sql (4.36ms)
2026/10/07 10:31:30 OK   00023_sp04_archive_query_intent.sql (4.66ms)
2026/10/07 10:31:30 OK   00024_sp05_finding_incident.sql (53.48ms)
2026/10/07 10:31:30 OK   00025_sp05_incident_event_time.sql (3.24ms)
2026/10/07 10:31:30 OK   00026_sp05_source_binding_lock.sql (3.96ms)
2026/10/07 10:31:30 OK   00027_sp05_rca_and_poll.sql (23.72ms)
2026/10/07 10:31:30 OK   00028_sp05_operator_lock.sql (7.75ms)
2026/10/07 10:31:30 OK   00029_sp05_evidence_links.sql (10.02ms)
2026/10/07 10:31:30 OK   00030_sp05_recipe_fence.sql (7.48ms)
2026/10/07 10:31:30 OK   00031_sp05_rca_postcheck.sql (5.27ms)
2026/10/07 10:31:30 OK   00032_sp05_transport_audit.sql (4.8ms)
2026/10/07 10:31:30 OK   00033_sp05_poll_resolution_clock.sql (4.22ms)
2026/10/07 10:31:30 OK   00034_sp06_investigation_ledger.sql (35.18ms)
2026/10/07 10:31:30 OK   00035_sp06_admission_data_classes.sql (5.23ms)
2026/10/07 10:31:30 goose: successfully migrated database to version: 35
2026/10/07 10:31:31 OK   00001_roles_and_schemas.sql (64.74ms)
2026/10/07 10:31:31 goose: successfully migrated database to version: 1
2026/10/07 10:31:31 OK   00002_platform_meta.sql (58.68ms)
2026/10/07 10:31:31 OK   00003_finding.sql (17.79ms)
2026/10/07 10:31:31 OK   00004_incident.sql (8.88ms)
2026/10/07 10:31:31 OK   00005_investigation.sql (8.59ms)
2026/10/07 10:31:31 OK   00006_action_command.sql (10ms)
2026/10/07 10:31:31 OK   00007_audit.sql (19.95ms)
2026/10/07 10:31:31 OK   00008_rls.sql (12.49ms)
2026/10/07 10:31:31 OK   00009_idempotency_ledger.sql (11.79ms)
2026/10/07 10:31:31 OK   00010_tenant_provisioning.sql (4.48ms)
2026/10/07 10:31:31 OK   00011_source_registration_history.sql (9.83ms)
2026/10/07 10:31:31 OK   00012_config_registry_lifecycle.sql (27.87ms)
2026/10/07 10:31:31 OK   00013_audit_signed_segments.sql (26.51ms)
2026/10/07 10:31:31 OK   00014_audit_segment_predecessors.sql (6.9ms)
2026/10/07 10:31:31 OK   00015_source_schema_scope.sql (3.73ms)
2026/10/07 10:31:31 OK   00016_cluster_registration_metadata.sql (5.08ms)
2026/10/07 10:31:31 OK   00017_source_data_scope.sql (6.17ms)
2026/10/07 10:31:31 OK   00018_sp04_resources_evidence.sql (35.24ms)
2026/10/07 10:31:31 OK   00019_sp04_archive_ciphertext_bytes.sql (5.58ms)
2026/10/07 10:31:31 OK   00020_sp04_request_ledger.sql (6.19ms)
2026/10/07 10:31:31 OK   00021_sp04_archive_protection.sql (5.21ms)
2026/10/07 10:31:31 OK   00022_sp04_legal_hold_dependencies.sql (4.21ms)
2026/10/07 10:31:31 OK   00023_sp04_archive_query_intent.sql (4.29ms)
2026/10/07 10:31:31 OK   00024_sp05_finding_incident.sql (34.47ms)
2026/10/07 10:31:31 OK   00025_sp05_incident_event_time.sql (10.97ms)
2026/10/07 10:31:31 OK   00026_sp05_source_binding_lock.sql (4.36ms)
2026/10/07 10:31:31 OK   00027_sp05_rca_and_poll.sql (11.79ms)
2026/10/07 10:31:31 OK   00028_sp05_operator_lock.sql (4.51ms)
2026/10/07 10:31:31 OK   00029_sp05_evidence_links.sql (7.5ms)
2026/10/07 10:31:31 OK   00030_sp05_recipe_fence.sql (3.95ms)
2026/10/07 10:31:31 OK   00031_sp05_rca_postcheck.sql (4.07ms)
2026/10/07 10:31:31 OK   00032_sp05_transport_audit.sql (4.53ms)
2026/10/07 10:31:31 OK   00033_sp05_poll_resolution_clock.sql (5.12ms)
2026/10/07 10:31:31 OK   00034_sp06_investigation_ledger.sql (35.17ms)
2026/10/07 10:31:31 OK   00035_sp06_admission_data_classes.sql (4.04ms)
2026/10/07 10:31:31 goose: successfully migrated database to version: 35
2026/10/07 10:31:49 OK   00001_roles_and_schemas.sql (21.59ms)
2026/10/07 10:31:49 goose: successfully migrated database to version: 1
2026/10/07 10:31:49 OK   00002_platform_meta.sql (111.55ms)
2026/10/07 10:31:49 OK   00003_finding.sql (22.28ms)
2026/10/07 10:31:49 OK   00004_incident.sql (9.95ms)
2026/10/07 10:31:49 OK   00005_investigation.sql (13.1ms)
2026/10/07 10:31:49 OK   00006_action_command.sql (11.95ms)
2026/10/07 10:31:49 OK   00007_audit.sql (24.82ms)
2026/10/07 10:31:49 OK   00008_rls.sql (14.27ms)
2026/10/07 10:31:49 OK   00009_idempotency_ledger.sql (17.35ms)
2026/10/07 10:31:49 OK   00010_tenant_provisioning.sql (6.56ms)
2026/10/07 10:31:49 OK   00011_source_registration_history.sql (20.47ms)
2026/10/07 10:31:49 OK   00012_config_registry_lifecycle.sql (20.59ms)
2026/10/07 10:31:49 OK   00013_audit_signed_segments.sql (27.2ms)
2026/10/07 10:31:49 OK   00014_audit_segment_predecessors.sql (11.38ms)
2026/10/07 10:31:49 OK   00015_source_schema_scope.sql (5.28ms)
2026/10/07 10:31:49 OK   00016_cluster_registration_metadata.sql (6.47ms)
2026/10/07 10:31:49 OK   00017_source_data_scope.sql (6.05ms)
2026/10/07 10:31:49 OK   00018_sp04_resources_evidence.sql (35.12ms)
2026/10/07 10:31:49 OK   00019_sp04_archive_ciphertext_bytes.sql (5.61ms)
2026/10/07 10:31:49 OK   00020_sp04_request_ledger.sql (10.25ms)
2026/10/07 10:31:49 OK   00021_sp04_archive_protection.sql (7.61ms)
2026/10/07 10:31:49 OK   00022_sp04_legal_hold_dependencies.sql (4.5ms)
2026/10/07 10:31:49 OK   00023_sp04_archive_query_intent.sql (5.06ms)
2026/10/07 10:31:49 OK   00024_sp05_finding_incident.sql (36.58ms)
2026/10/07 10:31:49 OK   00025_sp05_incident_event_time.sql (5.47ms)
2026/10/07 10:31:49 OK   00026_sp05_source_binding_lock.sql (7.4ms)
2026/10/07 10:31:49 OK   00027_sp05_rca_and_poll.sql (10.2ms)
2026/10/07 10:31:49 OK   00028_sp05_operator_lock.sql (8.19ms)
2026/10/07 10:31:49 OK   00029_sp05_evidence_links.sql (17.49ms)
2026/10/07 10:31:49 OK   00030_sp05_recipe_fence.sql (5.91ms)
2026/10/07 10:31:49 OK   00031_sp05_rca_postcheck.sql (3.67ms)
2026/10/07 10:31:49 OK   00032_sp05_transport_audit.sql (3.8ms)
2026/10/07 10:31:49 OK   00033_sp05_poll_resolution_clock.sql (9.35ms)
2026/10/07 10:31:49 OK   00034_sp06_investigation_ledger.sql (54.63ms)
2026/10/07 10:31:49 OK   00035_sp06_admission_data_classes.sql (16.61ms)
2026/10/07 10:31:49 goose: successfully migrated database to version: 35
2026/10/07 10:32:06 OK   00001_roles_and_schemas.sql (17.08ms)
2026/10/07 10:32:06 goose: successfully migrated database to version: 1
2026/10/07 10:32:06 OK   00002_platform_meta.sql (40.25ms)
2026/10/07 10:32:06 OK   00003_finding.sql (92.48ms)
2026/10/07 10:32:06 OK   00004_incident.sql (10.37ms)
2026/10/07 10:32:06 OK   00005_investigation.sql (25.02ms)
2026/10/07 10:32:06 OK   00006_action_command.sql (34.03ms)
2026/10/07 10:32:06 OK   00007_audit.sql (18.5ms)
2026/10/07 10:32:06 OK   00008_rls.sql (14.19ms)
2026/10/07 10:32:06 OK   00009_idempotency_ledger.sql (21.69ms)
2026/10/07 10:32:06 OK   00010_tenant_provisioning.sql (7.95ms)
2026/10/07 10:32:06 OK   00011_source_registration_history.sql (15.57ms)
2026/10/07 10:32:06 OK   00012_config_registry_lifecycle.sql (19.76ms)
2026/10/07 10:32:06 OK   00013_audit_signed_segments.sql (26.64ms)
2026/10/07 10:32:06 OK   00014_audit_segment_predecessors.sql (15.54ms)
2026/10/07 10:32:06 OK   00015_source_schema_scope.sql (4.37ms)
2026/10/07 10:32:07 OK   00016_cluster_registration_metadata.sql (7.93ms)
2026/10/07 10:32:07 OK   00017_source_data_scope.sql (15.65ms)
2026/10/07 10:32:07 OK   00018_sp04_resources_evidence.sql (20.73ms)
2026/10/07 10:32:07 OK   00019_sp04_archive_ciphertext_bytes.sql (6.93ms)
2026/10/07 10:32:07 OK   00020_sp04_request_ledger.sql (7.56ms)
2026/10/07 10:32:07 OK   00021_sp04_archive_protection.sql (6.05ms)
2026/10/07 10:32:07 OK   00022_sp04_legal_hold_dependencies.sql (4.5ms)
2026/10/07 10:32:07 OK   00023_sp04_archive_query_intent.sql (5.01ms)
2026/10/07 10:32:07 OK   00024_sp05_finding_incident.sql (80.53ms)
2026/10/07 10:32:07 OK   00025_sp05_incident_event_time.sql (6.45ms)
2026/10/07 10:32:07 OK   00026_sp05_source_binding_lock.sql (7.3ms)
2026/10/07 10:32:07 OK   00027_sp05_rca_and_poll.sql (16.91ms)
2026/10/07 10:32:07 OK   00028_sp05_operator_lock.sql (8.15ms)
2026/10/07 10:32:07 OK   00029_sp05_evidence_links.sql (8.49ms)
2026/10/07 10:32:07 OK   00030_sp05_recipe_fence.sql (7.8ms)
2026/10/07 10:32:07 OK   00031_sp05_rca_postcheck.sql (7.96ms)
2026/10/07 10:32:07 OK   00032_sp05_transport_audit.sql (5.26ms)
2026/10/07 10:32:07 OK   00033_sp05_poll_resolution_clock.sql (5.34ms)
2026/10/07 10:32:07 OK   00034_sp06_investigation_ledger.sql (41.17ms)
2026/10/07 10:32:07 OK   00035_sp06_admission_data_classes.sql (10.5ms)
2026/10/07 10:32:07 goose: successfully migrated database to version: 35
2026/10/07 10:32:25 OK   00001_roles_and_schemas.sql (34.02ms)
2026/10/07 10:32:25 goose: successfully migrated database to version: 1
2026/10/07 10:32:25 OK   00002_platform_meta.sql (89.31ms)
2026/10/07 10:32:25 OK   00003_finding.sql (22.5ms)
2026/10/07 10:32:25 OK   00004_incident.sql (43.73ms)
2026/10/07 10:32:25 OK   00005_investigation.sql (21.75ms)
2026/10/07 10:32:25 OK   00006_action_command.sql (14.36ms)
2026/10/07 10:32:25 OK   00007_audit.sql (20.03ms)
2026/10/07 10:32:25 OK   00008_rls.sql (22.86ms)
2026/10/07 10:32:25 OK   00009_idempotency_ledger.sql (16.83ms)
2026/10/07 10:32:25 OK   00010_tenant_provisioning.sql (7.1ms)
2026/10/07 10:32:26 OK   00011_source_registration_history.sql (11.36ms)
2026/10/07 10:32:26 OK   00012_config_registry_lifecycle.sql (22.94ms)
2026/10/07 10:32:26 OK   00013_audit_signed_segments.sql (35.27ms)
2026/10/07 10:32:26 OK   00014_audit_segment_predecessors.sql (8.65ms)
2026/10/07 10:32:26 OK   00015_source_schema_scope.sql (6.7ms)
2026/10/07 10:32:26 OK   00016_cluster_registration_metadata.sql (8.18ms)
2026/10/07 10:32:26 OK   00017_source_data_scope.sql (8.43ms)
2026/10/07 10:32:26 OK   00018_sp04_resources_evidence.sql (38.41ms)
2026/10/07 10:32:26 OK   00019_sp04_archive_ciphertext_bytes.sql (4.52ms)
2026/10/07 10:32:26 OK   00020_sp04_request_ledger.sql (10.21ms)
2026/10/07 10:32:26 OK   00021_sp04_archive_protection.sql (11.37ms)
2026/10/07 10:32:26 OK   00022_sp04_legal_hold_dependencies.sql (6.82ms)
2026/10/07 10:32:26 OK   00023_sp04_archive_query_intent.sql (26.19ms)
2026/10/07 10:32:26 OK   00024_sp05_finding_incident.sql (37.13ms)
2026/10/07 10:32:26 OK   00025_sp05_incident_event_time.sql (5.63ms)
2026/10/07 10:32:26 OK   00026_sp05_source_binding_lock.sql (11.38ms)
2026/10/07 10:32:26 OK   00027_sp05_rca_and_poll.sql (19.09ms)
2026/10/07 10:32:26 OK   00028_sp05_operator_lock.sql (7.8ms)
2026/10/07 10:32:26 OK   00029_sp05_evidence_links.sql (9.67ms)
2026/10/07 10:32:26 OK   00030_sp05_recipe_fence.sql (4.93ms)
2026/10/07 10:32:26 OK   00031_sp05_rca_postcheck.sql (4.55ms)
2026/10/07 10:32:26 OK   00032_sp05_transport_audit.sql (26.25ms)
2026/10/07 10:32:26 OK   00033_sp05_poll_resolution_clock.sql (7.16ms)
2026/10/07 10:32:26 OK   00034_sp06_investigation_ledger.sql (32.27ms)
2026/10/07 10:32:26 OK   00035_sp06_admission_data_classes.sql (6.15ms)
2026/10/07 10:32:26 goose: successfully migrated database to version: 35
2026/10/07 10:32:45 OK   00001_roles_and_schemas.sql (18.26ms)
2026/10/07 10:32:45 goose: successfully migrated database to version: 1
2026/10/07 10:32:45 OK   00002_platform_meta.sql (51.46ms)
2026/10/07 10:32:45 OK   00003_finding.sql (19.69ms)
2026/10/07 10:32:45 OK   00004_incident.sql (12.77ms)
2026/10/07 10:32:45 OK   00005_investigation.sql (15.6ms)
2026/10/07 10:32:45 OK   00006_action_command.sql (8.55ms)
2026/10/07 10:32:45 OK   00007_audit.sql (16.06ms)
2026/10/07 10:32:45 OK   00008_rls.sql (27.12ms)
2026/10/07 10:32:45 OK   00009_idempotency_ledger.sql (19.37ms)
2026/10/07 10:32:45 OK   00010_tenant_provisioning.sql (7.69ms)
2026/10/07 10:32:45 OK   00011_source_registration_history.sql (12.63ms)
2026/10/07 10:32:45 OK   00012_config_registry_lifecycle.sql (32.86ms)
2026/10/07 10:32:45 OK   00013_audit_signed_segments.sql (19.11ms)
2026/10/07 10:32:45 OK   00014_audit_segment_predecessors.sql (14.15ms)
2026/10/07 10:32:45 OK   00015_source_schema_scope.sql (5.12ms)
2026/10/07 10:32:45 OK   00016_cluster_registration_metadata.sql (12.44ms)
2026/10/07 10:32:45 OK   00017_source_data_scope.sql (9.65ms)
2026/10/07 10:32:45 OK   00018_sp04_resources_evidence.sql (26.62ms)
2026/10/07 10:32:45 OK   00019_sp04_archive_ciphertext_bytes.sql (3.86ms)
2026/10/07 10:32:45 OK   00020_sp04_request_ledger.sql (8.22ms)
2026/10/07 10:32:45 OK   00021_sp04_archive_protection.sql (14ms)
2026/10/07 10:32:45 OK   00022_sp04_legal_hold_dependencies.sql (11.3ms)
2026/10/07 10:32:45 OK   00023_sp04_archive_query_intent.sql (3.56ms)
2026/10/07 10:32:45 OK   00024_sp05_finding_incident.sql (36.59ms)
2026/10/07 10:32:45 OK   00025_sp05_incident_event_time.sql (7.86ms)
2026/10/07 10:32:45 OK   00026_sp05_source_binding_lock.sql (3.79ms)
2026/10/07 10:32:45 OK   00027_sp05_rca_and_poll.sql (18.29ms)
2026/10/07 10:32:45 OK   00028_sp05_operator_lock.sql (4.8ms)
2026/10/07 10:32:45 OK   00029_sp05_evidence_links.sql (9.91ms)
2026/10/07 10:32:45 OK   00030_sp05_recipe_fence.sql (3.8ms)
2026/10/07 10:32:45 OK   00031_sp05_rca_postcheck.sql (5.99ms)
2026/10/07 10:32:45 OK   00032_sp05_transport_audit.sql (8.34ms)
2026/10/07 10:32:45 OK   00033_sp05_poll_resolution_clock.sql (4.32ms)
2026/10/07 10:32:45 OK   00034_sp06_investigation_ledger.sql (48.71ms)
2026/10/07 10:32:45 OK   00035_sp06_admission_data_classes.sql (24.25ms)
2026/10/07 10:32:45 goose: successfully migrated database to version: 35
2026/10/07 10:33:02 OK   00001_roles_and_schemas.sql (10.89ms)
2026/10/07 10:33:02 goose: successfully migrated database to version: 1
2026/10/07 10:33:02 OK   00002_platform_meta.sql (52.66ms)
2026/10/07 10:33:02 OK   00003_finding.sql (37.93ms)
2026/10/07 10:33:02 OK   00004_incident.sql (11.04ms)
2026/10/07 10:33:02 OK   00005_investigation.sql (13.87ms)
2026/10/07 10:33:02 OK   00006_action_command.sql (10.4ms)
2026/10/07 10:33:02 OK   00007_audit.sql (22.8ms)
2026/10/07 10:33:02 OK   00008_rls.sql (19.4ms)
2026/10/07 10:33:02 OK   00009_idempotency_ledger.sql (17.64ms)
2026/10/07 10:33:02 OK   00010_tenant_provisioning.sql (5.71ms)
2026/10/07 10:33:02 OK   00011_source_registration_history.sql (15.4ms)
2026/10/07 10:33:02 OK   00012_config_registry_lifecycle.sql (19.82ms)
2026/10/07 10:33:03 OK   00013_audit_signed_segments.sql (39.16ms)
2026/10/07 10:33:03 OK   00014_audit_segment_predecessors.sql (8.13ms)
2026/10/07 10:33:03 OK   00015_source_schema_scope.sql (4.23ms)
2026/10/07 10:33:03 OK   00016_cluster_registration_metadata.sql (10.14ms)
2026/10/07 10:33:03 OK   00017_source_data_scope.sql (5.14ms)
2026/10/07 10:33:03 OK   00018_sp04_resources_evidence.sql (36.5ms)
2026/10/07 10:33:03 OK   00019_sp04_archive_ciphertext_bytes.sql (5.06ms)
2026/10/07 10:33:03 OK   00020_sp04_request_ledger.sql (10.25ms)
2026/10/07 10:33:03 OK   00021_sp04_archive_protection.sql (5.23ms)
2026/10/07 10:33:03 OK   00022_sp04_legal_hold_dependencies.sql (4.99ms)
2026/10/07 10:33:03 OK   00023_sp04_archive_query_intent.sql (5.16ms)
2026/10/07 10:33:03 OK   00024_sp05_finding_incident.sql (50ms)
2026/10/07 10:33:03 OK   00025_sp05_incident_event_time.sql (6.56ms)
2026/10/07 10:33:03 OK   00026_sp05_source_binding_lock.sql (12.38ms)
2026/10/07 10:33:03 OK   00027_sp05_rca_and_poll.sql (18.69ms)
2026/10/07 10:33:03 OK   00028_sp05_operator_lock.sql (6.28ms)
2026/10/07 10:33:03 OK   00029_sp05_evidence_links.sql (19.79ms)
2026/10/07 10:33:03 OK   00030_sp05_recipe_fence.sql (7.91ms)
2026/10/07 10:33:03 OK   00031_sp05_rca_postcheck.sql (4.18ms)
2026/10/07 10:33:03 OK   00032_sp05_transport_audit.sql (4.66ms)
2026/10/07 10:33:03 OK   00033_sp05_poll_resolution_clock.sql (6.05ms)
2026/10/07 10:33:03 OK   00034_sp06_investigation_ledger.sql (65.23ms)
2026/10/07 10:33:03 OK   00035_sp06_admission_data_classes.sql (5.45ms)
2026/10/07 10:33:03 goose: successfully migrated database to version: 35
2026/10/07 10:33:22 OK   00001_roles_and_schemas.sql (14.54ms)
2026/10/07 10:33:22 goose: successfully migrated database to version: 1
2026/10/07 10:33:22 OK   00002_platform_meta.sql (75.29ms)
2026/10/07 10:33:22 OK   00003_finding.sql (38.5ms)
2026/10/07 10:33:22 OK   00004_incident.sql (6.95ms)
2026/10/07 10:33:22 OK   00005_investigation.sql (13.93ms)
2026/10/07 10:33:22 OK   00006_action_command.sql (105.1ms)
2026/10/07 10:33:22 OK   00007_audit.sql (64.25ms)
2026/10/07 10:33:22 OK   00008_rls.sql (62.41ms)
2026/10/07 10:33:22 OK   00009_idempotency_ledger.sql (14.91ms)
2026/10/07 10:33:22 OK   00010_tenant_provisioning.sql (6.71ms)
2026/10/07 10:33:22 OK   00011_source_registration_history.sql (12.75ms)
2026/10/07 10:33:22 OK   00012_config_registry_lifecycle.sql (23.91ms)
2026/10/07 10:33:22 OK   00013_audit_signed_segments.sql (27.19ms)
2026/10/07 10:33:22 OK   00014_audit_segment_predecessors.sql (14.22ms)
2026/10/07 10:33:22 OK   00015_source_schema_scope.sql (18.41ms)
2026/10/07 10:33:22 OK   00016_cluster_registration_metadata.sql (23.37ms)
2026/10/07 10:33:22 OK   00017_source_data_scope.sql (7.24ms)
2026/10/07 10:33:22 OK   00018_sp04_resources_evidence.sql (75.68ms)
2026/10/07 10:33:22 OK   00019_sp04_archive_ciphertext_bytes.sql (4.28ms)
2026/10/07 10:33:22 OK   00020_sp04_request_ledger.sql (7.6ms)
2026/10/07 10:33:22 OK   00021_sp04_archive_protection.sql (5.58ms)
2026/10/07 10:33:22 OK   00022_sp04_legal_hold_dependencies.sql (4.1ms)
2026/10/07 10:33:22 OK   00023_sp04_archive_query_intent.sql (6.85ms)
2026/10/07 10:33:22 OK   00024_sp05_finding_incident.sql (36.86ms)
2026/10/07 10:33:22 OK   00025_sp05_incident_event_time.sql (13.87ms)
2026/10/07 10:33:22 OK   00026_sp05_source_binding_lock.sql (9.18ms)
2026/10/07 10:33:22 OK   00027_sp05_rca_and_poll.sql (20.31ms)
2026/10/07 10:33:22 OK   00028_sp05_operator_lock.sql (7.39ms)
2026/10/07 10:33:22 OK   00029_sp05_evidence_links.sql (8.23ms)
2026/10/07 10:33:22 OK   00030_sp05_recipe_fence.sql (6.24ms)
2026/10/07 10:33:22 OK   00031_sp05_rca_postcheck.sql (25.37ms)
2026/10/07 10:33:22 OK   00032_sp05_transport_audit.sql (16.09ms)
2026/10/07 10:33:22 OK   00033_sp05_poll_resolution_clock.sql (5.21ms)
2026/10/07 10:33:22 OK   00034_sp06_investigation_ledger.sql (37.14ms)
2026/10/07 10:33:22 OK   00035_sp06_admission_data_classes.sql (15.15ms)
2026/10/07 10:33:22 goose: successfully migrated database to version: 35
2026/10/07 10:33:40 OK   00001_roles_and_schemas.sql (28.09ms)
2026/10/07 10:33:40 goose: successfully migrated database to version: 1
2026/10/07 10:33:40 OK   00002_platform_meta.sql (41.55ms)
2026/10/07 10:33:40 OK   00003_finding.sql (29.99ms)
2026/10/07 10:33:40 OK   00004_incident.sql (25.95ms)
2026/10/07 10:33:40 OK   00005_investigation.sql (8.69ms)
2026/10/07 10:33:40 OK   00006_action_command.sql (14.15ms)
2026/10/07 10:33:40 OK   00007_audit.sql (32.59ms)
2026/10/07 10:33:40 OK   00008_rls.sql (17.52ms)
2026/10/07 10:33:40 OK   00009_idempotency_ledger.sql (12.4ms)
2026/10/07 10:33:40 OK   00010_tenant_provisioning.sql (11.45ms)
2026/10/07 10:33:40 OK   00011_source_registration_history.sql (13.1ms)
2026/10/07 10:33:40 OK   00012_config_registry_lifecycle.sql (16.69ms)
2026/10/07 10:33:40 OK   00013_audit_signed_segments.sql (27.47ms)
2026/10/07 10:33:40 OK   00014_audit_segment_predecessors.sql (16.48ms)
2026/10/07 10:33:40 OK   00015_source_schema_scope.sql (4.92ms)
2026/10/07 10:33:40 OK   00016_cluster_registration_metadata.sql (6.53ms)
2026/10/07 10:33:40 OK   00017_source_data_scope.sql (3.88ms)
2026/10/07 10:33:40 OK   00018_sp04_resources_evidence.sql (52.29ms)
2026/10/07 10:33:40 OK   00019_sp04_archive_ciphertext_bytes.sql (6.75ms)
2026/10/07 10:33:40 OK   00020_sp04_request_ledger.sql (8.51ms)
2026/10/07 10:33:40 OK   00021_sp04_archive_protection.sql (7.9ms)
2026/10/07 10:33:40 OK   00022_sp04_legal_hold_dependencies.sql (6.24ms)
2026/10/07 10:33:40 OK   00023_sp04_archive_query_intent.sql (4.64ms)
2026/10/07 10:33:40 OK   00024_sp05_finding_incident.sql (36.55ms)
2026/10/07 10:33:40 OK   00025_sp05_incident_event_time.sql (3.72ms)
2026/10/07 10:33:40 OK   00026_sp05_source_binding_lock.sql (4.06ms)
2026/10/07 10:33:40 OK   00027_sp05_rca_and_poll.sql (9.04ms)
2026/10/07 10:33:40 OK   00028_sp05_operator_lock.sql (7.28ms)
2026/10/07 10:33:40 OK   00029_sp05_evidence_links.sql (11.37ms)
2026/10/07 10:33:40 OK   00030_sp05_recipe_fence.sql (6.94ms)
2026/10/07 10:33:40 OK   00031_sp05_rca_postcheck.sql (4.36ms)
2026/10/07 10:33:40 OK   00032_sp05_transport_audit.sql (6.04ms)
2026/10/07 10:33:40 OK   00033_sp05_poll_resolution_clock.sql (6.56ms)
2026/10/07 10:33:40 OK   00034_sp06_investigation_ledger.sql (49.25ms)
2026/10/07 10:33:40 OK   00035_sp06_admission_data_classes.sql (15.6ms)
2026/10/07 10:33:40 goose: successfully migrated database to version: 35
2026/10/07 10:34:00 OK   00001_roles_and_schemas.sql (26.78ms)
2026/10/07 10:34:00 goose: successfully migrated database to version: 1
2026/10/07 10:34:00 OK   00002_platform_meta.sql (41.85ms)
2026/10/07 10:34:00 OK   00003_finding.sql (22.05ms)
2026/10/07 10:34:00 OK   00004_incident.sql (24.43ms)
2026/10/07 10:34:00 OK   00005_investigation.sql (20.95ms)
2026/10/07 10:34:00 OK   00006_action_command.sql (15.3ms)
2026/10/07 10:34:00 OK   00007_audit.sql (19.64ms)
2026/10/07 10:34:00 OK   00008_rls.sql (13.4ms)
2026/10/07 10:34:00 OK   00009_idempotency_ledger.sql (18.31ms)
2026/10/07 10:34:00 OK   00010_tenant_provisioning.sql (10.89ms)
2026/10/07 10:34:00 OK   00011_source_registration_history.sql (13.11ms)
2026/10/07 10:34:00 OK   00012_config_registry_lifecycle.sql (26.8ms)
2026/10/07 10:34:00 OK   00013_audit_signed_segments.sql (26.28ms)
2026/10/07 10:34:00 OK   00014_audit_segment_predecessors.sql (8.66ms)
2026/10/07 10:34:00 OK   00015_source_schema_scope.sql (4.07ms)
2026/10/07 10:34:00 OK   00016_cluster_registration_metadata.sql (8.18ms)
2026/10/07 10:34:00 OK   00017_source_data_scope.sql (7.97ms)
2026/10/07 10:34:00 OK   00018_sp04_resources_evidence.sql (30.18ms)
2026/10/07 10:34:00 OK   00019_sp04_archive_ciphertext_bytes.sql (4.87ms)
2026/10/07 10:34:00 OK   00020_sp04_request_ledger.sql (6.59ms)
2026/10/07 10:34:00 OK   00021_sp04_archive_protection.sql (4.81ms)
2026/10/07 10:34:00 OK   00022_sp04_legal_hold_dependencies.sql (4.92ms)
2026/10/07 10:34:00 OK   00023_sp04_archive_query_intent.sql (6.49ms)
2026/10/07 10:34:00 OK   00024_sp05_finding_incident.sql (37.05ms)
2026/10/07 10:34:00 OK   00025_sp05_incident_event_time.sql (9.26ms)
2026/10/07 10:34:00 OK   00026_sp05_source_binding_lock.sql (6.87ms)
2026/10/07 10:34:00 OK   00027_sp05_rca_and_poll.sql (23.91ms)
2026/10/07 10:34:00 OK   00028_sp05_operator_lock.sql (5.83ms)
2026/10/07 10:34:00 OK   00029_sp05_evidence_links.sql (6.84ms)
2026/10/07 10:34:00 OK   00030_sp05_recipe_fence.sql (4.2ms)
2026/10/07 10:34:00 OK   00031_sp05_rca_postcheck.sql (3.86ms)
2026/10/07 10:34:00 OK   00032_sp05_transport_audit.sql (11.53ms)
2026/10/07 10:34:00 OK   00033_sp05_poll_resolution_clock.sql (6.03ms)
2026/10/07 10:34:00 OK   00034_sp06_investigation_ledger.sql (45.45ms)
2026/10/07 10:34:00 OK   00035_sp06_admission_data_classes.sql (5.27ms)
2026/10/07 10:34:00 goose: successfully migrated database to version: 35
2026/10/07 10:34:21 OK   00001_roles_and_schemas.sql (33.66ms)
2026/10/07 10:34:21 goose: successfully migrated database to version: 1
2026/10/07 10:34:21 OK   00002_platform_meta.sql (72.45ms)
2026/10/07 10:34:21 OK   00003_finding.sql (10.14ms)
2026/10/07 10:34:21 OK   00004_incident.sql (8.88ms)
2026/10/07 10:34:21 OK   00005_investigation.sql (21.73ms)
2026/10/07 10:34:21 OK   00006_action_command.sql (20.27ms)
2026/10/07 10:34:21 OK   00007_audit.sql (26.21ms)
2026/10/07 10:34:21 OK   00008_rls.sql (61.99ms)
2026/10/07 10:34:21 OK   00009_idempotency_ledger.sql (65.12ms)
2026/10/07 10:34:21 OK   00010_tenant_provisioning.sql (10.33ms)
2026/10/07 10:34:21 OK   00011_source_registration_history.sql (25.09ms)
2026/10/07 10:34:21 OK   00012_config_registry_lifecycle.sql (23.02ms)
2026/10/07 10:34:21 OK   00013_audit_signed_segments.sql (27.24ms)
2026/10/07 10:34:21 OK   00014_audit_segment_predecessors.sql (13.16ms)
2026/10/07 10:34:21 OK   00015_source_schema_scope.sql (10.67ms)
2026/10/07 10:34:21 OK   00016_cluster_registration_metadata.sql (13.47ms)
2026/10/07 10:34:22 OK   00017_source_data_scope.sql (6.72ms)
2026/10/07 10:34:22 OK   00018_sp04_resources_evidence.sql (42.68ms)
2026/10/07 10:34:22 OK   00019_sp04_archive_ciphertext_bytes.sql (9.22ms)
2026/10/07 10:34:22 OK   00020_sp04_request_ledger.sql (7.76ms)
2026/10/07 10:34:22 OK   00021_sp04_archive_protection.sql (6.6ms)
2026/10/07 10:34:22 OK   00022_sp04_legal_hold_dependencies.sql (9.02ms)
2026/10/07 10:34:22 OK   00023_sp04_archive_query_intent.sql (27.57ms)
2026/10/07 10:34:22 OK   00024_sp05_finding_incident.sql (50.26ms)
2026/10/07 10:34:22 OK   00025_sp05_incident_event_time.sql (15.36ms)
2026/10/07 10:34:22 OK   00026_sp05_source_binding_lock.sql (7.14ms)
2026/10/07 10:34:22 OK   00027_sp05_rca_and_poll.sql (17.07ms)
2026/10/07 10:34:22 OK   00028_sp05_operator_lock.sql (11.2ms)
2026/10/07 10:34:22 OK   00029_sp05_evidence_links.sql (28.44ms)
2026/10/07 10:34:22 OK   00030_sp05_recipe_fence.sql (5.21ms)
2026/10/07 10:34:22 OK   00031_sp05_rca_postcheck.sql (12.69ms)
2026/10/07 10:34:22 OK   00032_sp05_transport_audit.sql (7.32ms)
2026/10/07 10:34:22 OK   00033_sp05_poll_resolution_clock.sql (27.26ms)
2026/10/07 10:34:22 OK   00034_sp06_investigation_ledger.sql (70.26ms)
2026/10/07 10:34:22 OK   00035_sp06_admission_data_classes.sql (12.8ms)
2026/10/07 10:34:22 goose: successfully migrated database to version: 35
2026/10/07 10:34:40 OK   00001_roles_and_schemas.sql (24.93ms)
2026/10/07 10:34:40 goose: successfully migrated database to version: 1
2026/10/07 10:34:40 OK   00002_platform_meta.sql (38.73ms)
2026/10/07 10:34:40 OK   00003_finding.sql (8.32ms)
2026/10/07 10:34:40 OK   00004_incident.sql (11.29ms)
2026/10/07 10:34:40 OK   00005_investigation.sql (14.27ms)
2026/10/07 10:34:40 OK   00006_action_command.sql (17.68ms)
2026/10/07 10:34:40 OK   00007_audit.sql (18.36ms)
2026/10/07 10:34:40 OK   00008_rls.sql (21.66ms)
2026/10/07 10:34:40 OK   00009_idempotency_ledger.sql (30.11ms)
2026/10/07 10:34:40 OK   00010_tenant_provisioning.sql (7.11ms)
2026/10/07 10:34:40 OK   00011_source_registration_history.sql (9.79ms)
2026/10/07 10:34:40 OK   00012_config_registry_lifecycle.sql (43.47ms)
2026/10/07 10:34:40 OK   00013_audit_signed_segments.sql (14.94ms)
2026/10/07 10:34:40 OK   00014_audit_segment_predecessors.sql (11.48ms)
2026/10/07 10:34:40 OK   00015_source_schema_scope.sql (5.74ms)
2026/10/07 10:34:40 OK   00016_cluster_registration_metadata.sql (13.61ms)
2026/10/07 10:34:40 OK   00017_source_data_scope.sql (6.83ms)
2026/10/07 10:34:40 OK   00018_sp04_resources_evidence.sql (22.9ms)
2026/10/07 10:34:40 OK   00019_sp04_archive_ciphertext_bytes.sql (7.03ms)
2026/10/07 10:34:40 OK   00020_sp04_request_ledger.sql (18.87ms)
2026/10/07 10:34:40 OK   00021_sp04_archive_protection.sql (9.87ms)
2026/10/07 10:34:40 OK   00022_sp04_legal_hold_dependencies.sql (5.54ms)
2026/10/07 10:34:40 OK   00023_sp04_archive_query_intent.sql (3.42ms)
2026/10/07 10:34:40 OK   00024_sp05_finding_incident.sql (51.09ms)
2026/10/07 10:34:40 OK   00025_sp05_incident_event_time.sql (5.51ms)
2026/10/07 10:34:40 OK   00026_sp05_source_binding_lock.sql (7.63ms)
2026/10/07 10:34:41 OK   00027_sp05_rca_and_poll.sql (9.2ms)
2026/10/07 10:34:41 OK   00028_sp05_operator_lock.sql (6.74ms)
2026/10/07 10:34:41 OK   00029_sp05_evidence_links.sql (9.66ms)
2026/10/07 10:34:41 OK   00030_sp05_recipe_fence.sql (6.03ms)
2026/10/07 10:34:41 OK   00031_sp05_rca_postcheck.sql (6.84ms)
2026/10/07 10:34:41 OK   00032_sp05_transport_audit.sql (6.3ms)
2026/10/07 10:34:41 OK   00033_sp05_poll_resolution_clock.sql (7.91ms)
2026/10/07 10:34:41 OK   00034_sp06_investigation_ledger.sql (33.49ms)
2026/10/07 10:34:41 OK   00035_sp06_admission_data_classes.sql (6.56ms)
2026/10/07 10:34:41 goose: successfully migrated database to version: 35
2026/10/07 10:34:57 OK   00001_roles_and_schemas.sql (12.36ms)
2026/10/07 10:34:57 goose: successfully migrated database to version: 1
2026/10/07 10:34:58 OK   00002_platform_meta.sql (36.97ms)
2026/10/07 10:34:58 OK   00003_finding.sql (17.13ms)
2026/10/07 10:34:58 OK   00004_incident.sql (17.09ms)
2026/10/07 10:34:58 OK   00005_investigation.sql (11.27ms)
2026/10/07 10:34:58 OK   00006_action_command.sql (15.29ms)
2026/10/07 10:34:58 OK   00007_audit.sql (28.96ms)
2026/10/07 10:34:58 OK   00008_rls.sql (12.41ms)
2026/10/07 10:34:58 OK   00009_idempotency_ledger.sql (10.14ms)
2026/10/07 10:34:58 OK   00010_tenant_provisioning.sql (6.86ms)
2026/10/07 10:34:58 OK   00011_source_registration_history.sql (12.46ms)
2026/10/07 10:34:58 OK   00012_config_registry_lifecycle.sql (26.02ms)
2026/10/07 10:34:58 OK   00013_audit_signed_segments.sql (20.57ms)
2026/10/07 10:34:58 OK   00014_audit_segment_predecessors.sql (22.67ms)
2026/10/07 10:34:58 OK   00015_source_schema_scope.sql (17.68ms)
2026/10/07 10:34:58 OK   00016_cluster_registration_metadata.sql (15.28ms)
2026/10/07 10:34:58 OK   00017_source_data_scope.sql (4.87ms)
2026/10/07 10:34:58 OK   00018_sp04_resources_evidence.sql (39.96ms)
2026/10/07 10:34:58 OK   00019_sp04_archive_ciphertext_bytes.sql (5.53ms)
2026/10/07 10:34:58 OK   00020_sp04_request_ledger.sql (6.83ms)
2026/10/07 10:34:58 OK   00021_sp04_archive_protection.sql (3.45ms)
2026/10/07 10:34:58 OK   00022_sp04_legal_hold_dependencies.sql (2.78ms)
2026/10/07 10:34:58 OK   00023_sp04_archive_query_intent.sql (3.96ms)
2026/10/07 10:34:58 OK   00024_sp05_finding_incident.sql (54.26ms)
2026/10/07 10:34:58 OK   00025_sp05_incident_event_time.sql (3.57ms)
2026/10/07 10:34:58 OK   00026_sp05_source_binding_lock.sql (3.43ms)
2026/10/07 10:34:58 OK   00027_sp05_rca_and_poll.sql (15.61ms)
2026/10/07 10:34:58 OK   00028_sp05_operator_lock.sql (6.5ms)
2026/10/07 10:34:58 OK   00029_sp05_evidence_links.sql (12.43ms)
2026/10/07 10:34:58 OK   00030_sp05_recipe_fence.sql (5.39ms)
2026/10/07 10:34:58 OK   00031_sp05_rca_postcheck.sql (12ms)
2026/10/07 10:34:58 OK   00032_sp05_transport_audit.sql (4.06ms)
2026/10/07 10:34:58 OK   00033_sp05_poll_resolution_clock.sql (3.75ms)
2026/10/07 10:34:58 OK   00034_sp06_investigation_ledger.sql (51.04ms)
2026/10/07 10:34:58 OK   00035_sp06_admission_data_classes.sql (5.71ms)
2026/10/07 10:34:58 goose: successfully migrated database to version: 35
2026/10/07 10:35:14 OK   00001_roles_and_schemas.sql (13.58ms)
2026/10/07 10:35:14 goose: successfully migrated database to version: 1
2026/10/07 10:35:14 OK   00002_platform_meta.sql (54.33ms)
2026/10/07 10:35:14 OK   00003_finding.sql (14.63ms)
2026/10/07 10:35:14 OK   00004_incident.sql (17.84ms)
2026/10/07 10:35:14 OK   00005_investigation.sql (12.63ms)
2026/10/07 10:35:14 OK   00006_action_command.sql (18.99ms)
2026/10/07 10:35:15 OK   00007_audit.sql (27.16ms)
2026/10/07 10:35:15 OK   00008_rls.sql (11.59ms)
2026/10/07 10:35:15 OK   00009_idempotency_ledger.sql (10.72ms)
2026/10/07 10:35:15 OK   00010_tenant_provisioning.sql (4.66ms)
2026/10/07 10:35:15 OK   00011_source_registration_history.sql (6.72ms)
2026/10/07 10:35:15 OK   00012_config_registry_lifecycle.sql (14.81ms)
2026/10/07 10:35:15 OK   00013_audit_signed_segments.sql (35.23ms)
2026/10/07 10:35:15 OK   00014_audit_segment_predecessors.sql (15.42ms)
2026/10/07 10:35:15 OK   00015_source_schema_scope.sql (5.46ms)
2026/10/07 10:35:15 OK   00016_cluster_registration_metadata.sql (20.07ms)
2026/10/07 10:35:15 OK   00017_source_data_scope.sql (11.33ms)
2026/10/07 10:35:15 OK   00018_sp04_resources_evidence.sql (34.19ms)
2026/10/07 10:35:15 OK   00019_sp04_archive_ciphertext_bytes.sql (10.02ms)
2026/10/07 10:35:15 OK   00020_sp04_request_ledger.sql (14.8ms)
2026/10/07 10:35:15 OK   00021_sp04_archive_protection.sql (10.97ms)
2026/10/07 10:35:15 OK   00022_sp04_legal_hold_dependencies.sql (6.86ms)
2026/10/07 10:35:15 OK   00023_sp04_archive_query_intent.sql (10.37ms)
2026/10/07 10:35:15 OK   00024_sp05_finding_incident.sql (39.65ms)
2026/10/07 10:35:15 OK   00025_sp05_incident_event_time.sql (15.28ms)
2026/10/07 10:35:15 OK   00026_sp05_source_binding_lock.sql (17.57ms)
2026/10/07 10:35:15 OK   00027_sp05_rca_and_poll.sql (14.03ms)
2026/10/07 10:35:15 OK   00028_sp05_operator_lock.sql (8.21ms)
2026/10/07 10:35:15 OK   00029_sp05_evidence_links.sql (6.78ms)
2026/10/07 10:35:15 OK   00030_sp05_recipe_fence.sql (7.69ms)
2026/10/07 10:35:15 OK   00031_sp05_rca_postcheck.sql (4.39ms)
2026/10/07 10:35:15 OK   00032_sp05_transport_audit.sql (3.95ms)
2026/10/07 10:35:15 OK   00033_sp05_poll_resolution_clock.sql (8.95ms)
2026/10/07 10:35:15 OK   00034_sp06_investigation_ledger.sql (27.84ms)
2026/10/07 10:35:15 OK   00035_sp06_admission_data_classes.sql (4.05ms)
2026/10/07 10:35:15 goose: successfully migrated database to version: 35
2026/10/07 10:35:34 OK   00001_roles_and_schemas.sql (25.14ms)
2026/10/07 10:35:34 goose: successfully migrated database to version: 1
2026/10/07 10:35:34 OK   00002_platform_meta.sql (52.12ms)
2026/10/07 10:35:34 OK   00003_finding.sql (20.72ms)
2026/10/07 10:35:34 OK   00004_incident.sql (17.64ms)
2026/10/07 10:35:34 OK   00005_investigation.sql (13.24ms)
2026/10/07 10:35:34 OK   00006_action_command.sql (20.23ms)
2026/10/07 10:35:34 OK   00007_audit.sql (22.99ms)
2026/10/07 10:35:34 OK   00008_rls.sql (13.91ms)
2026/10/07 10:35:34 OK   00009_idempotency_ledger.sql (9.36ms)
2026/10/07 10:35:34 OK   00010_tenant_provisioning.sql (8.69ms)
2026/10/07 10:35:34 OK   00011_source_registration_history.sql (24.92ms)
2026/10/07 10:35:34 OK   00012_config_registry_lifecycle.sql (23.36ms)
2026/10/07 10:35:34 OK   00013_audit_signed_segments.sql (18.11ms)
2026/10/07 10:35:34 OK   00014_audit_segment_predecessors.sql (16.05ms)
2026/10/07 10:35:34 OK   00015_source_schema_scope.sql (8.82ms)
2026/10/07 10:35:35 OK   00016_cluster_registration_metadata.sql (12.9ms)
2026/10/07 10:35:35 OK   00017_source_data_scope.sql (7.52ms)
2026/10/07 10:35:35 OK   00018_sp04_resources_evidence.sql (59.09ms)
2026/10/07 10:35:35 OK   00019_sp04_archive_ciphertext_bytes.sql (6.46ms)
2026/10/07 10:35:35 OK   00020_sp04_request_ledger.sql (6.18ms)
2026/10/07 10:35:35 OK   00021_sp04_archive_protection.sql (8.11ms)
2026/10/07 10:35:35 OK   00022_sp04_legal_hold_dependencies.sql (9.08ms)
2026/10/07 10:35:35 OK   00023_sp04_archive_query_intent.sql (8.93ms)
2026/10/07 10:35:35 OK   00024_sp05_finding_incident.sql (48.94ms)
2026/10/07 10:35:35 OK   00025_sp05_incident_event_time.sql (6.44ms)
2026/10/07 10:35:35 OK   00026_sp05_source_binding_lock.sql (14.77ms)
2026/10/07 10:35:35 OK   00027_sp05_rca_and_poll.sql (18.03ms)
2026/10/07 10:35:35 OK   00028_sp05_operator_lock.sql (4.76ms)
2026/10/07 10:35:35 OK   00029_sp05_evidence_links.sql (7.56ms)
2026/10/07 10:35:35 OK   00030_sp05_recipe_fence.sql (3.39ms)
2026/10/07 10:35:35 OK   00031_sp05_rca_postcheck.sql (3.29ms)
2026/10/07 10:35:35 OK   00032_sp05_transport_audit.sql (5.36ms)
2026/10/07 10:35:35 OK   00033_sp05_poll_resolution_clock.sql (10.05ms)
2026/10/07 10:35:35 OK   00034_sp06_investigation_ledger.sql (45.83ms)
2026/10/07 10:35:35 OK   00035_sp06_admission_data_classes.sql (3.95ms)
2026/10/07 10:35:35 goose: successfully migrated database to version: 35
2026/10/07 10:35:54 OK   00001_roles_and_schemas.sql (12.35ms)
2026/10/07 10:35:54 goose: successfully migrated database to version: 1
2026/10/07 10:35:54 OK   00002_platform_meta.sql (36.85ms)
2026/10/07 10:35:54 OK   00003_finding.sql (16.84ms)
2026/10/07 10:35:54 OK   00004_incident.sql (11.12ms)
2026/10/07 10:35:54 OK   00005_investigation.sql (13.82ms)
2026/10/07 10:35:54 OK   00006_action_command.sql (32.68ms)
2026/10/07 10:35:54 OK   00007_audit.sql (17.48ms)
2026/10/07 10:35:54 OK   00008_rls.sql (8.84ms)
2026/10/07 10:35:54 OK   00009_idempotency_ledger.sql (12.87ms)
2026/10/07 10:35:54 OK   00010_tenant_provisioning.sql (10.41ms)
2026/10/07 10:35:54 OK   00011_source_registration_history.sql (12.73ms)
2026/10/07 10:35:54 OK   00012_config_registry_lifecycle.sql (16.69ms)
2026/10/07 10:35:54 OK   00013_audit_signed_segments.sql (15.83ms)
2026/10/07 10:35:54 OK   00014_audit_segment_predecessors.sql (6.61ms)
2026/10/07 10:35:54 OK   00015_source_schema_scope.sql (9.58ms)
2026/10/07 10:35:54 OK   00016_cluster_registration_metadata.sql (9.22ms)
2026/10/07 10:35:54 OK   00017_source_data_scope.sql (6.32ms)
2026/10/07 10:35:54 OK   00018_sp04_resources_evidence.sql (28.38ms)
2026/10/07 10:35:54 OK   00019_sp04_archive_ciphertext_bytes.sql (3.13ms)
2026/10/07 10:35:54 OK   00020_sp04_request_ledger.sql (5.47ms)
2026/10/07 10:35:54 OK   00021_sp04_archive_protection.sql (7.19ms)
2026/10/07 10:35:54 OK   00022_sp04_legal_hold_dependencies.sql (6.95ms)
2026/10/07 10:35:54 OK   00023_sp04_archive_query_intent.sql (6.18ms)
2026/10/07 10:35:54 OK   00024_sp05_finding_incident.sql (35.12ms)
2026/10/07 10:35:54 OK   00025_sp05_incident_event_time.sql (3.44ms)
2026/10/07 10:35:54 OK   00026_sp05_source_binding_lock.sql (3.59ms)
2026/10/07 10:35:54 OK   00027_sp05_rca_and_poll.sql (8.55ms)
2026/10/07 10:35:54 OK   00028_sp05_operator_lock.sql (4.11ms)
2026/10/07 10:35:54 OK   00029_sp05_evidence_links.sql (5.56ms)
2026/10/07 10:35:54 OK   00030_sp05_recipe_fence.sql (2.93ms)
2026/10/07 10:35:54 OK   00031_sp05_rca_postcheck.sql (8.53ms)
2026/10/07 10:35:54 OK   00032_sp05_transport_audit.sql (14.41ms)
2026/10/07 10:35:54 OK   00033_sp05_poll_resolution_clock.sql (5.26ms)
2026/10/07 10:35:54 OK   00034_sp06_investigation_ledger.sql (39.94ms)
2026/10/07 10:35:54 OK   00035_sp06_admission_data_classes.sql (11ms)
2026/10/07 10:35:54 goose: successfully migrated database to version: 35
2026/10/07 10:36:16 OK   00001_roles_and_schemas.sql (42.65ms)
2026/10/07 10:36:16 goose: successfully migrated database to version: 1
2026/10/07 10:36:16 OK   00002_platform_meta.sql (33.67ms)
2026/10/07 10:36:16 OK   00003_finding.sql (26.84ms)
2026/10/07 10:36:16 OK   00004_incident.sql (10.86ms)
2026/10/07 10:36:16 OK   00005_investigation.sql (24.86ms)
2026/10/07 10:36:16 OK   00006_action_command.sql (23.31ms)
2026/10/07 10:36:16 OK   00007_audit.sql (19.14ms)
2026/10/07 10:36:16 OK   00008_rls.sql (18.34ms)
2026/10/07 10:36:16 OK   00009_idempotency_ledger.sql (21.83ms)
2026/10/07 10:36:16 OK   00010_tenant_provisioning.sql (14.82ms)
2026/10/07 10:36:16 OK   00011_source_registration_history.sql (16.24ms)
2026/10/07 10:36:16 OK   00012_config_registry_lifecycle.sql (14.29ms)
2026/10/07 10:36:16 OK   00013_audit_signed_segments.sql (47.37ms)
2026/10/07 10:36:16 OK   00014_audit_segment_predecessors.sql (20.16ms)
2026/10/07 10:36:16 OK   00015_source_schema_scope.sql (9.92ms)
2026/10/07 10:36:16 OK   00016_cluster_registration_metadata.sql (6.22ms)
2026/10/07 10:36:16 OK   00017_source_data_scope.sql (7.09ms)
2026/10/07 10:36:16 OK   00018_sp04_resources_evidence.sql (44.5ms)
2026/10/07 10:36:16 OK   00019_sp04_archive_ciphertext_bytes.sql (6.15ms)
2026/10/07 10:36:16 OK   00020_sp04_request_ledger.sql (7.76ms)
2026/10/07 10:36:16 OK   00021_sp04_archive_protection.sql (7ms)
2026/10/07 10:36:16 OK   00022_sp04_legal_hold_dependencies.sql (5.88ms)
2026/10/07 10:36:16 OK   00023_sp04_archive_query_intent.sql (15.33ms)
2026/10/07 10:36:16 OK   00024_sp05_finding_incident.sql (37.05ms)
2026/10/07 10:36:16 OK   00025_sp05_incident_event_time.sql (5.17ms)
2026/10/07 10:36:16 OK   00026_sp05_source_binding_lock.sql (6.26ms)
2026/10/07 10:36:16 OK   00027_sp05_rca_and_poll.sql (10.23ms)
2026/10/07 10:36:16 OK   00028_sp05_operator_lock.sql (4.5ms)
2026/10/07 10:36:16 OK   00029_sp05_evidence_links.sql (9.95ms)
2026/10/07 10:36:16 OK   00030_sp05_recipe_fence.sql (15.61ms)
2026/10/07 10:36:16 OK   00031_sp05_rca_postcheck.sql (5.67ms)
2026/10/07 10:36:16 OK   00032_sp05_transport_audit.sql (8.03ms)
2026/10/07 10:36:16 OK   00033_sp05_poll_resolution_clock.sql (4.23ms)
2026/10/07 10:36:16 OK   00034_sp06_investigation_ledger.sql (43.88ms)
2026/10/07 10:36:16 OK   00035_sp06_admission_data_classes.sql (11.47ms)
2026/10/07 10:36:16 goose: successfully migrated database to version: 35
2026/10/07 10:36:33 OK   00001_roles_and_schemas.sql (41.34ms)
2026/10/07 10:36:33 goose: successfully migrated database to version: 1
2026/10/07 10:36:33 OK   00002_platform_meta.sql (47.61ms)
2026/10/07 10:36:33 OK   00003_finding.sql (59.79ms)
2026/10/07 10:36:34 OK   00004_incident.sql (36.35ms)
2026/10/07 10:36:34 OK   00005_investigation.sql (21.31ms)
2026/10/07 10:36:34 OK   00006_action_command.sql (10.27ms)
2026/10/07 10:36:34 OK   00007_audit.sql (43.04ms)
2026/10/07 10:36:34 OK   00008_rls.sql (19.79ms)
2026/10/07 10:36:34 OK   00009_idempotency_ledger.sql (17.4ms)
2026/10/07 10:36:34 OK   00010_tenant_provisioning.sql (5.43ms)
2026/10/07 10:36:34 OK   00011_source_registration_history.sql (9.22ms)
2026/10/07 10:36:34 OK   00012_config_registry_lifecycle.sql (11.17ms)
2026/10/07 10:36:34 OK   00013_audit_signed_segments.sql (21.54ms)
2026/10/07 10:36:34 OK   00014_audit_segment_predecessors.sql (20.11ms)
2026/10/07 10:36:34 OK   00015_source_schema_scope.sql (4.43ms)
2026/10/07 10:36:34 OK   00016_cluster_registration_metadata.sql (8.45ms)
2026/10/07 10:36:34 OK   00017_source_data_scope.sql (7.12ms)
2026/10/07 10:36:34 OK   00018_sp04_resources_evidence.sql (23.81ms)
2026/10/07 10:36:34 OK   00019_sp04_archive_ciphertext_bytes.sql (6.8ms)
2026/10/07 10:36:34 OK   00020_sp04_request_ledger.sql (8.17ms)
2026/10/07 10:36:34 OK   00021_sp04_archive_protection.sql (6.36ms)
2026/10/07 10:36:34 OK   00022_sp04_legal_hold_dependencies.sql (3.57ms)
2026/10/07 10:36:34 OK   00023_sp04_archive_query_intent.sql (4.81ms)
2026/10/07 10:36:34 OK   00024_sp05_finding_incident.sql (17.65ms)
2026/10/07 10:36:34 OK   00025_sp05_incident_event_time.sql (6.52ms)
2026/10/07 10:36:34 OK   00026_sp05_source_binding_lock.sql (4.09ms)
2026/10/07 10:36:34 OK   00027_sp05_rca_and_poll.sql (21.27ms)
2026/10/07 10:36:34 OK   00028_sp05_operator_lock.sql (10.04ms)
2026/10/07 10:36:34 OK   00029_sp05_evidence_links.sql (7.39ms)
2026/10/07 10:36:34 OK   00030_sp05_recipe_fence.sql (5.34ms)
2026/10/07 10:36:34 OK   00031_sp05_rca_postcheck.sql (13.76ms)
2026/10/07 10:36:34 OK   00032_sp05_transport_audit.sql (14.45ms)
2026/10/07 10:36:34 OK   00033_sp05_poll_resolution_clock.sql (9.87ms)
2026/10/07 10:36:34 OK   00034_sp06_investigation_ledger.sql (32.27ms)
2026/10/07 10:36:34 OK   00035_sp06_admission_data_classes.sql (25.76ms)
2026/10/07 10:36:34 goose: successfully migrated database to version: 35
2026/10/07 10:36:35 OK   00001_roles_and_schemas.sql (33.33ms)
2026/10/07 10:36:35 goose: successfully migrated database to version: 1
2026/10/07 10:36:35 OK   00002_platform_meta.sql (68.35ms)
2026/10/07 10:36:35 OK   00003_finding.sql (20.01ms)
2026/10/07 10:36:35 OK   00004_incident.sql (13.49ms)
2026/10/07 10:36:35 OK   00005_investigation.sql (13.34ms)
2026/10/07 10:36:35 OK   00006_action_command.sql (20.95ms)
2026/10/07 10:36:35 OK   00007_audit.sql (30.17ms)
2026/10/07 10:36:35 OK   00008_rls.sql (14.78ms)
2026/10/07 10:36:35 OK   00009_idempotency_ledger.sql (51.57ms)
2026/10/07 10:36:35 OK   00010_tenant_provisioning.sql (14.91ms)
2026/10/07 10:36:35 OK   00011_source_registration_history.sql (24.85ms)
2026/10/07 10:36:35 OK   00012_config_registry_lifecycle.sql (25.66ms)
2026/10/07 10:36:35 OK   00013_audit_signed_segments.sql (20.47ms)
2026/10/07 10:36:35 OK   00014_audit_segment_predecessors.sql (47.29ms)
2026/10/07 10:36:35 OK   00015_source_schema_scope.sql (14.99ms)
2026/10/07 10:36:35 OK   00016_cluster_registration_metadata.sql (11.56ms)
2026/10/07 10:36:35 OK   00017_source_data_scope.sql (14.66ms)
2026/10/07 10:36:35 OK   00018_sp04_resources_evidence.sql (34.43ms)
2026/10/07 10:36:35 OK   00019_sp04_archive_ciphertext_bytes.sql (25.35ms)
2026/10/07 10:36:35 OK   00020_sp04_request_ledger.sql (35.93ms)
2026/10/07 10:36:36 OK   00021_sp04_archive_protection.sql (6.68ms)
2026/10/07 10:36:36 OK   00022_sp04_legal_hold_dependencies.sql (5.05ms)
2026/10/07 10:36:36 OK   00023_sp04_archive_query_intent.sql (5.29ms)
2026/10/07 10:36:36 OK   00024_sp05_finding_incident.sql (31.4ms)
2026/10/07 10:36:36 OK   00025_sp05_incident_event_time.sql (3.76ms)
2026/10/07 10:36:36 OK   00026_sp05_source_binding_lock.sql (6.55ms)
2026/10/07 10:36:36 OK   00027_sp05_rca_and_poll.sql (15.69ms)
2026/10/07 10:36:36 OK   00028_sp05_operator_lock.sql (16.86ms)
2026/10/07 10:36:36 OK   00029_sp05_evidence_links.sql (17.53ms)
2026/10/07 10:36:36 OK   00030_sp05_recipe_fence.sql (5.15ms)
2026/10/07 10:36:36 OK   00031_sp05_rca_postcheck.sql (3.83ms)
2026/10/07 10:36:36 OK   00032_sp05_transport_audit.sql (11.87ms)
2026/10/07 10:36:36 OK   00033_sp05_poll_resolution_clock.sql (4.91ms)
2026/10/07 10:36:36 OK   00034_sp06_investigation_ledger.sql (88.27ms)
2026/10/07 10:36:36 OK   00035_sp06_admission_data_classes.sql (3.25ms)
2026/10/07 10:36:36 goose: successfully migrated database to version: 35
2026/10/07 10:36:40 OK   00001_roles_and_schemas.sql (28.7ms)
2026/10/07 10:36:40 goose: successfully migrated database to version: 1
2026/10/07 10:36:40 OK   00002_platform_meta.sql (56.97ms)
2026/10/07 10:36:40 OK   00003_finding.sql (13.33ms)
2026/10/07 10:36:40 OK   00004_incident.sql (21.3ms)
2026/10/07 10:36:40 OK   00005_investigation.sql (27ms)
2026/10/07 10:36:40 OK   00006_action_command.sql (15.48ms)
2026/10/07 10:36:40 OK   00007_audit.sql (36.18ms)
2026/10/07 10:36:40 OK   00008_rls.sql (28ms)
2026/10/07 10:36:40 OK   00009_idempotency_ledger.sql (31.37ms)
2026/10/07 10:36:40 OK   00010_tenant_provisioning.sql (9.79ms)
2026/10/07 10:36:40 OK   00011_source_registration_history.sql (60.45ms)
2026/10/07 10:36:40 OK   00012_config_registry_lifecycle.sql (54.9ms)
2026/10/07 10:36:41 OK   00013_audit_signed_segments.sql (107.32ms)
2026/10/07 10:36:41 OK   00014_audit_segment_predecessors.sql (47.94ms)
2026/10/07 10:36:41 OK   00015_source_schema_scope.sql (15.89ms)
2026/10/07 10:36:41 OK   00016_cluster_registration_metadata.sql (50.28ms)
2026/10/07 10:36:41 OK   00017_source_data_scope.sql (8.38ms)
2026/10/07 10:36:41 OK   00018_sp04_resources_evidence.sql (35.75ms)
2026/10/07 10:36:41 OK   00019_sp04_archive_ciphertext_bytes.sql (4.72ms)
2026/10/07 10:36:41 OK   00020_sp04_request_ledger.sql (17.38ms)
2026/10/07 10:36:41 OK   00021_sp04_archive_protection.sql (7.94ms)
2026/10/07 10:36:41 OK   00022_sp04_legal_hold_dependencies.sql (5.82ms)
2026/10/07 10:36:41 OK   00023_sp04_archive_query_intent.sql (9.77ms)
2026/10/07 10:36:41 OK   00024_sp05_finding_incident.sql (50.51ms)
2026/10/07 10:36:41 OK   00025_sp05_incident_event_time.sql (6.56ms)
2026/10/07 10:36:41 OK   00026_sp05_source_binding_lock.sql (10.89ms)
2026/10/07 10:36:41 OK   00027_sp05_rca_and_poll.sql (18.1ms)
2026/10/07 10:36:41 OK   00028_sp05_operator_lock.sql (7.74ms)
2026/10/07 10:36:41 OK   00029_sp05_evidence_links.sql (15.23ms)
2026/10/07 10:36:41 OK   00030_sp05_recipe_fence.sql (4.3ms)
2026/10/07 10:36:41 OK   00031_sp05_rca_postcheck.sql (5.78ms)
2026/10/07 10:36:41 OK   00032_sp05_transport_audit.sql (6.55ms)
2026/10/07 10:36:41 OK   00033_sp05_poll_resolution_clock.sql (10.2ms)
2026/10/07 10:36:41 OK   00034_sp06_investigation_ledger.sql (112.03ms)
2026/10/07 10:36:41 OK   00035_sp06_admission_data_classes.sql (10.14ms)
2026/10/07 10:36:41 goose: successfully migrated database to version: 35
{"time":"2026-10-07T10:36:48.87463+08:00","level":"WARN","msg":"Graph ownership not ready","qualification":{"/v1/configmaps":"list_missing","/v1/events":"list_missing","/v1/nodes":"list_missing","/v1/persistentvolumeclaims":"list_missing","/v1/persistentvolumes":"list_missing","/v1/pods":"list_missing","/v1/services":"list_missing","apps/v1/daemonsets":"list_missing","apps/v1/deployments":"list_missing","apps/v1/replicasets":"list_missing","apps/v1/statefulsets":"list_missing","batch/v1/jobs":"list_missing","discovery.k8s.io/v1/endpointslices":"list_missing","storage.k8s.io/v1/csidrivers":"list_missing","storage.k8s.io/v1/csinodes":"list_missing","storage.k8s.io/v1/storageclasses":"list_missing","storage.k8s.io/v1/volumeattachments":"list_missing"}}
{"time":"2026-10-07T10:36:50.761861+08:00","level":"WARN","msg":"Graph ownership not ready","qualification":{"/v1/configmaps":"list_missing","/v1/events":"list_missing","/v1/nodes":"list_missing","/v1/persistentvolumeclaims":"list_missing","/v1/persistentvolumes":"list_missing","/v1/services":"list_missing","apps/v1/daemonsets":"list_missing","apps/v1/deployments":"list_missing","apps/v1/replicasets":"list_missing","apps/v1/statefulsets":"list_missing","batch/v1/jobs":"list_missing","discovery.k8s.io/v1/endpointslices":"list_missing","storage.k8s.io/v1/csidrivers":"list_missing","storage.k8s.io/v1/csinodes":"list_missing","storage.k8s.io/v1/storageclasses":"list_missing","storage.k8s.io/v1/volumeattachments":"list_missing"}}
{"time":"2026-10-07T10:36:59.601035+08:00","level":"INFO","msg":"http request complete","request_id":"01a11438-a6a6-7a5c-8c62-d4b254859282","method":"GET","status_code":200,"duration_ms":170}
{"time":"2026-10-07T10:36:59.608478+08:00","level":"INFO","msg":"http request complete","request_id":"01a11438-a752-7ec1-b43d-878b93badf15","method":"GET","status_code":200,"duration_ms":5}
{"time":"2026-10-07T10:36:59.623471+08:00","level":"INFO","msg":"http request complete","request_id":"01a11438-a758-7de6-af70-192043bcb35f","method":"GET","status_code":200,"duration_ms":14}
{"time":"2026-10-07T10:36:59.649666+08:00","level":"INFO","msg":"http request complete","request_id":"01a11438-a768-789b-a6c9-257c9fb418ce","method":"GET","status_code":200,"duration_ms":25}
{"time":"2026-10-07T10:36:59.902651+08:00","level":"INFO","msg":"http request complete","request_id":"01a11438-a782-7655-9c52-3f2855fc8149","method":"GET","status_code":200,"duration_ms":252}
{"time":"2026-10-07T10:36:59.952302+08:00","level":"INFO","msg":"http request complete","request_id":"01a11438-a888-72a3-9b4e-adf057b729bd","method":"GET","status_code":200,"duration_ms":40}
{"time":"2026-10-07T10:36:59.96673+08:00","level":"INFO","msg":"http request complete","request_id":"01a11438-a8b1-7606-bbcd-8965896256eb","method":"GET","status_code":200,"duration_ms":13}
{"time":"2026-10-07T10:37:00.190397+08:00","level":"WARN","msg":"Graph ownership not ready","qualification":{"/v1/configmaps":"list_missing","/v1/events":"list_missing","/v1/nodes":"list_missing","/v1/persistentvolumeclaims":"list_missing","/v1/persistentvolumes":"list_missing","/v1/pods":"list_missing","/v1/services":"list_missing","apps/v1/daemonsets":"list_missing","apps/v1/deployments":"list_missing","apps/v1/replicasets":"list_missing","apps/v1/statefulsets":"list_missing","batch/v1/jobs":"list_missing","discovery.k8s.io/v1/endpointslices":"list_missing","storage.k8s.io/v1/csidrivers":"list_missing","storage.k8s.io/v1/csinodes":"list_missing","storage.k8s.io/v1/storageclasses":"list_missing","storage.k8s.io/v1/volumeattachments":"list_missing"}}
{"time":"2026-10-07T10:37:00.1907+08:00","level":"WARN","msg":"Graph request unavailable","stage":"lease_before_query"}
{"time":"2026-10-07T10:37:00.206079+08:00","level":"INFO","msg":"http request complete","request_id":"01a11438-a8cd-743d-8529-b594545d560c","method":"GET","status_code":200,"duration_ms":224}
{"time":"2026-10-07T10:37:00.434187+08:00","level":"WARN","msg":"Graph request unavailable","stage":"lease_before_query"}
{"time":"2026-10-07T10:37:00.441211+08:00","level":"INFO","msg":"http request complete","request_id":"01a11438-aa79-7290-836f-204d5858e89b","method":"GET","status_code":200,"duration_ms":31}
{"time":"2026-10-07T10:37:00.669057+08:00","level":"WARN","msg":"Graph request unavailable","stage":"lease_before_query"}
{"time":"2026-10-07T10:37:00.683865+08:00","level":"INFO","msg":"http request complete","request_id":"01a11438-ab63-7d36-9677-08b8873c7149","method":"GET","status_code":200,"duration_ms":39}
{"time":"2026-10-07T10:37:00.947252+08:00","level":"WARN","msg":"Graph request unavailable","stage":"lease_before_query"}
{"time":"2026-10-07T10:37:00.957161+08:00","level":"INFO","msg":"http request complete","request_id":"01a11438-ac55-7756-b493-a51406617e59","method":"GET","status_code":200,"duration_ms":71}
{"time":"2026-10-07T10:37:01.201964+08:00","level":"WARN","msg":"Graph request unavailable","stage":"lease_before_query"}
{"time":"2026-10-07T10:37:01.219406+08:00","level":"INFO","msg":"http request complete","request_id":"01a11438-ad66-77fa-bf28-36a8a39de44d","method":"GET","status_code":200,"duration_ms":60}
{"time":"2026-10-07T10:37:01.466683+08:00","level":"WARN","msg":"Graph request unavailable","stage":"lease_before_query"}
{"time":"2026-10-07T10:37:01.499999+08:00","level":"INFO","msg":"http request complete","request_id":"01a11438-ae6c-7e4c-a93d-7df99eadb9b4","method":"GET","status_code":200,"duration_ms":79}
{"time":"2026-10-07T10:37:01.735951+08:00","level":"INFO","msg":"http request complete","request_id":"01a11438-af85-7222-8dad-4df92c9e055d","method":"GET","status_code":200,"duration_ms":34}
{"time":"2026-10-07T10:37:01.962483+08:00","level":"INFO","msg":"http request complete","request_id":"01a11438-b071-7246-9ba1-50cf9586fd43","method":"GET","status_code":200,"duration_ms":25}
{"time":"2026-10-07T10:37:02.11404+08:00","level":"WARN","msg":"Graph ownership not ready","qualification":{"/v1/configmaps":"list_missing","/v1/events":"list_missing","/v1/nodes":"list_missing","/v1/persistentvolumes":"list_missing","/v1/pods":"list_missing","/v1/services":"list_missing","apps/v1/daemonsets":"list_missing","apps/v1/replicasets":"list_missing","apps/v1/statefulsets":"list_missing","batch/v1/jobs":"list_missing","discovery.k8s.io/v1/endpointslices":"list_missing","storage.k8s.io/v1/csidrivers":"list_missing","storage.k8s.io/v1/csinodes":"list_missing","storage.k8s.io/v1/storageclasses":"list_missing","storage.k8s.io/v1/volumeattachments":"list_missing"}}
{"time":"2026-10-07T10:37:02.196382+08:00","level":"WARN","msg":"Graph request unavailable","stage":"lease_before_query"}
{"time":"2026-10-07T10:37:02.203157+08:00","level":"INFO","msg":"http request complete","request_id":"01a11438-b153-7a6b-9105-7d0cdf3b7d84","method":"GET","status_code":200,"duration_ms":39}
{"time":"2026-10-07T10:37:02.432092+08:00","level":"WARN","msg":"Graph request unavailable","stage":"lease_before_query"}
{"time":"2026-10-07T10:37:02.440594+08:00","level":"INFO","msg":"http request complete","request_id":"01a11438-b246-78be-bff6-d506a8db691c","method":"GET","status_code":200,"duration_ms":33}
{"time":"2026-10-07T10:37:02.699613+08:00","level":"WARN","msg":"Graph request unavailable","stage":"lease_before_query"}
{"time":"2026-10-07T10:37:02.706687+08:00","level":"INFO","msg":"http request complete","request_id":"01a11438-b331-7c35-a811-51e4c9ea768d","method":"GET","status_code":200,"duration_ms":64}
{"time":"2026-10-07T10:37:02.936614+08:00","level":"WARN","msg":"Graph request unavailable","stage":"lease_before_query"}
{"time":"2026-10-07T10:37:02.948363+08:00","level":"INFO","msg":"http request complete","request_id":"01a11438-b43b-7e53-916d-9d82e2737748","method":"GET","status_code":200,"duration_ms":40}
{"time":"2026-10-07T10:37:03.178095+08:00","level":"WARN","msg":"Graph request unavailable","stage":"lease_before_query"}
{"time":"2026-10-07T10:37:03.205563+08:00","level":"INFO","msg":"http request complete","request_id":"01a11438-b52e-7055-999e-b3103b2f730e","method":"GET","status_code":200,"duration_ms":55}
{"time":"2026-10-07T10:37:03.453254+08:00","level":"WARN","msg":"Graph request unavailable","stage":"lease_before_query"}
{"time":"2026-10-07T10:37:03.474443+08:00","level":"INFO","msg":"http request complete","request_id":"01a11438-b62f-73e8-a17b-21de445a8398","method":"GET","status_code":200,"duration_ms":67}
{"time":"2026-10-07T10:37:03.783495+08:00","level":"WARN","msg":"Graph request unavailable","stage":"lease_before_query"}
{"time":"2026-10-07T10:37:03.827249+08:00","level":"INFO","msg":"http request complete","request_id":"01a11438-b73b-7bb4-a14f-c7917712a861","method":"GET","status_code":200,"duration_ms":151}
{"time":"2026-10-07T10:37:04.127533+08:00","level":"WARN","msg":"Graph request unavailable","stage":"lease_before_query"}
{"time":"2026-10-07T10:37:04.145594+08:00","level":"INFO","msg":"http request complete","request_id":"01a11438-b89e-792f-a23a-763936784840","method":"GET","status_code":200,"duration_ms":114}
{"time":"2026-10-07T10:37:04.371551+08:00","level":"WARN","msg":"Graph request unavailable","stage":"lease_before_query"}
{"time":"2026-10-07T10:37:04.375696+08:00","level":"INFO","msg":"http request complete","request_id":"01a11438-b9dc-7762-a51b-f7073efabcdd","method":"GET","status_code":200,"duration_ms":27}
{"time":"2026-10-07T10:37:04.618246+08:00","level":"WARN","msg":"Graph request unavailable","stage":"lease_before_query"}
{"time":"2026-10-07T10:37:04.622394+08:00","level":"INFO","msg":"http request complete","request_id":"01a11438-bac1-7df6-a5c1-b903050ef490","method":"GET","status_code":200,"duration_ms":44}
{"time":"2026-10-07T10:37:04.930683+08:00","level":"INFO","msg":"http request complete","request_id":"01a11438-bbb9-7ba8-8344-1054e6885a0d","method":"GET","status_code":200,"duration_ms":104}
{"time":"2026-10-07T10:37:05.174467+08:00","level":"INFO","msg":"http request complete","request_id":"01a11438-bcee-7032-ad0f-100370e6fa65","method":"GET","status_code":200,"duration_ms":40}
{"time":"2026-10-07T10:37:05.415389+08:00","level":"INFO","msg":"http request complete","request_id":"01a11438-bde1-7e34-a4b9-18f3422f0040","method":"GET","status_code":200,"duration_ms":37}
{"time":"2026-10-07T10:37:05.647239+08:00","level":"INFO","msg":"http request complete","request_id":"01a11438-bed2-7ac1-a5e8-c4f016d256f1","method":"GET","status_code":200,"duration_ms":28}
{"time":"2026-10-07T10:37:05.886105+08:00","level":"INFO","msg":"http request complete","request_id":"01a11438-bfba-7a9e-b841-892171c92983","method":"GET","status_code":200,"duration_ms":35}
{"time":"2026-10-07T10:37:06.114725+08:00","level":"INFO","msg":"http request complete","request_id":"01a11438-c0a8-7cb2-ac91-d9a7971bf610","method":"GET","status_code":200,"duration_ms":25}
{"time":"2026-10-07T10:37:06.360463+08:00","level":"INFO","msg":"http request complete","request_id":"01a11438-c18c-71cc-a097-29fbb7855c4e","method":"GET","status_code":200,"duration_ms":44}
{"time":"2026-10-07T10:37:06.598398+08:00","level":"INFO","msg":"http request complete","request_id":"01a11438-c283-7f07-bf1c-c7a502ce9abb","method":"GET","status_code":200,"duration_ms":34}
{"time":"2026-10-07T10:37:06.837695+08:00","level":"INFO","msg":"http request complete","request_id":"01a11438-c370-7e38-9cf7-f4ec80fc3dba","method":"GET","status_code":200,"duration_ms":36}
{"time":"2026-10-07T10:37:07.06124+08:00","level":"INFO","msg":"http request complete","request_id":"01a11438-c464-7a3d-bd1b-62e63fa19d00","method":"GET","status_code":200,"duration_ms":16}
{"time":"2026-10-07T10:37:07.310667+08:00","level":"INFO","msg":"http request complete","request_id":"01a11438-c53f-70d6-ab0b-46d2c8b4e1b5","method":"GET","status_code":200,"duration_ms":47}
{"time":"2026-10-07T10:37:07.543658+08:00","level":"INFO","msg":"http request complete","request_id":"01a11438-c639-7027-8cdc-d926e9184cec","method":"GET","status_code":200,"duration_ms":30}
{"time":"2026-10-07T10:37:07.767049+08:00","level":"INFO","msg":"http request complete","request_id":"01a11438-c722-72af-ba31-edccd4d0abe7","method":"GET","status_code":200,"duration_ms":20}
{"time":"2026-10-07T10:37:07.997549+08:00","level":"INFO","msg":"http request complete","request_id":"01a11438-c802-770c-a316-c53344a1e7ef","method":"GET","status_code":200,"duration_ms":27}
{"time":"2026-10-07T10:37:08.243985+08:00","level":"INFO","msg":"http request complete","request_id":"01a11438-c8e8-7b79-acf8-3de91b125481","method":"GET","status_code":200,"duration_ms":43}
{"time":"2026-10-07T10:37:08.501814+08:00","level":"INFO","msg":"http request complete","request_id":"01a11438-c9de-7144-8fe8-4a4f25b68f17","method":"GET","status_code":200,"duration_ms":55}
{"time":"2026-10-07T10:37:08.733546+08:00","level":"INFO","msg":"http request complete","request_id":"01a11438-cae1-7265-846c-7721303a0c0d","method":"GET","status_code":200,"duration_ms":28}
{"time":"2026-10-07T10:37:08.964212+08:00","level":"INFO","msg":"http request complete","request_id":"01a11438-cbc8-7cd5-bf93-6272fe57c4e3","method":"GET","status_code":200,"duration_ms":27}
{"time":"2026-10-07T10:37:09.205214+08:00","level":"INFO","msg":"http request complete","request_id":"01a11438-ccaf-7923-8761-239fc559d078","method":"GET","status_code":200,"duration_ms":37}
{"time":"2026-10-07T10:37:09.430887+08:00","level":"INFO","msg":"http request complete","request_id":"01a11438-cda0-7582-bc73-7e7ccae8cde7","method":"GET","status_code":200,"duration_ms":22}
{"time":"2026-10-07T10:37:09.65774+08:00","level":"INFO","msg":"http request complete","request_id":"01a11438-ce80-73b1-a1cf-cfa11a26ce24","method":"GET","status_code":200,"duration_ms":25}
{"time":"2026-10-07T10:37:09.895229+08:00","level":"INFO","msg":"http request complete","request_id":"01a11438-cf65-770c-b45a-66d53bc00b46","method":"GET","status_code":200,"duration_ms":33}
{"time":"2026-10-07T10:37:10.135935+08:00","level":"INFO","msg":"http request complete","request_id":"01a11438-d051-74ca-ba33-d7d20a27f89f","method":"GET","status_code":200,"duration_ms":38}
{"time":"2026-10-07T10:37:10.368832+08:00","level":"INFO","msg":"http request complete","request_id":"01a11438-d142-740f-a321-f76427c976c5","method":"GET","status_code":200,"duration_ms":30}
{"time":"2026-10-07T10:37:10.605551+08:00","level":"INFO","msg":"http request complete","request_id":"01a11438-d22b-77c4-9a9b-a9371e69f903","method":"GET","status_code":200,"duration_ms":34}
{"time":"2026-10-07T10:37:10.837707+08:00","level":"INFO","msg":"http request complete","request_id":"01a11438-d318-7cf8-b163-17d9ff2318bf","method":"GET","status_code":200,"duration_ms":28}
{"time":"2026-10-07T10:37:11.069929+08:00","level":"INFO","msg":"http request complete","request_id":"01a11438-d401-70c7-879f-b6fd6510f13f","method":"GET","status_code":200,"duration_ms":28}
{"time":"2026-10-07T10:37:11.301979+08:00","level":"INFO","msg":"http request complete","request_id":"01a11438-d4e8-76dd-a042-ce80e8dba7f1","method":"GET","status_code":200,"duration_ms":29}
{"time":"2026-10-07T10:37:11.55353+08:00","level":"INFO","msg":"http request complete","request_id":"01a11438-d5d1-79db-b9df-50dd26980efa","method":"GET","status_code":200,"duration_ms":47}
{"time":"2026-10-07T10:37:11.77303+08:00","level":"INFO","msg":"http request complete","request_id":"01a11438-d6cd-73c4-ba40-4f735e1eb724","method":"GET","status_code":200,"duration_ms":15}
{"time":"2026-10-07T10:37:12.001756+08:00","level":"INFO","msg":"http request complete","request_id":"01a11438-d7a8-74af-ada8-40b9af77336f","method":"GET","status_code":200,"duration_ms":25}
{"time":"2026-10-07T10:37:12.238702+08:00","level":"INFO","msg":"http request complete","request_id":"01a11438-d88d-70e6-a36b-e81ce0d5d564","method":"GET","status_code":200,"duration_ms":33}
{"time":"2026-10-07T10:37:12.458573+08:00","level":"INFO","msg":"http request complete","request_id":"01a11438-d978-773b-9c0d-3464041b38d1","method":"GET","status_code":200,"duration_ms":18}
{"time":"2026-10-07T10:37:12.694525+08:00","level":"INFO","msg":"http request complete","request_id":"01a11438-da54-7520-b98a-9c70df243bb4","method":"GET","status_code":200,"duration_ms":34}
{"time":"2026-10-07T10:37:12.922227+08:00","level":"INFO","msg":"http request complete","request_id":"01a11438-db3f-7e2c-8757-196c891f51d5","method":"GET","status_code":200,"duration_ms":26}
{"time":"2026-10-07T10:37:13.143957+08:00","level":"INFO","msg":"http request complete","request_id":"01a11438-dc24-7bcb-925d-8e29ede405e9","method":"GET","status_code":200,"duration_ms":19}
{"time":"2026-10-07T10:37:13.397911+08:00","level":"INFO","msg":"http request complete","request_id":"01a11438-dd01-75f3-9ffb-77b95060bb53","method":"GET","status_code":200,"duration_ms":52}
{"time":"2026-10-07T10:37:13.628709+08:00","level":"INFO","msg":"http request complete","request_id":"01a11438-ddff-747c-aaab-279550da4aa3","method":"GET","status_code":200,"duration_ms":29}
{"time":"2026-10-07T10:37:13.847159+08:00","level":"INFO","msg":"http request complete","request_id":"01a11438-dee5-772b-915c-ba66d4d18539","method":"GET","status_code":200,"duration_ms":17}
{"time":"2026-10-07T10:37:14.090296+08:00","level":"INFO","msg":"http request complete","request_id":"01a11438-dfc0-7de2-ab4c-4b175a670f88","method":"GET","status_code":200,"duration_ms":41}
{"time":"2026-10-07T10:37:14.45325+08:00","level":"INFO","msg":"http request complete","request_id":"01a11438-e0b3-7854-ab57-16583bcdfc3e","method":"GET","status_code":200,"duration_ms":161}
{"time":"2026-10-07T10:37:14.816802+08:00","level":"INFO","msg":"http request complete","request_id":"01a11438-e21f-7870-ac54-eeda0b5e59b6","method":"GET","status_code":200,"duration_ms":161}
{"time":"2026-10-07T10:37:15.170382+08:00","level":"INFO","msg":"http request complete","request_id":"01a11438-e38a-7115-bab7-2b5aeabef2c7","method":"GET","status_code":200,"duration_ms":152}
{"time":"2026-10-07T10:37:15.543346+08:00","level":"INFO","msg":"http request complete","request_id":"01a11438-e4eb-7603-8115-ca1909fb482c","method":"GET","status_code":200,"duration_ms":171}
{"time":"2026-10-07T10:37:15.930739+08:00","level":"INFO","msg":"http request complete","request_id":"01a11438-e661-7a83-9fe6-b94c582e8658","method":"GET","status_code":200,"duration_ms":184}
{"time":"2026-10-07T10:37:16.326263+08:00","level":"INFO","msg":"http request complete","request_id":"01a11438-e7e5-79d3-af78-ded388e08e42","method":"GET","status_code":200,"duration_ms":192}
{"time":"2026-10-07T10:37:16.681417+08:00","level":"INFO","msg":"http request complete","request_id":"01a11438-e971-7a06-b09a-cc7d1650406f","method":"GET","status_code":200,"duration_ms":151}
{"time":"2026-10-07T10:37:17.049074+08:00","level":"INFO","msg":"http request complete","request_id":"01a11438-ead5-7309-8159-dc6ee3fb3d40","method":"GET","status_code":200,"duration_ms":163}
{"time":"2026-10-07T10:37:17.430807+08:00","level":"INFO","msg":"http request complete","request_id":"01a11438-ec42-7c67-b725-6811b608e9d5","method":"GET","status_code":200,"duration_ms":179}
{"time":"2026-10-07T10:37:17.808737+08:00","level":"INFO","msg":"http request complete","request_id":"01a11438-edc2-703a-ae4e-dae6b3d74016","method":"GET","status_code":200,"duration_ms":174}
{"time":"2026-10-07T10:37:18.306706+08:00","level":"INFO","msg":"http request complete","request_id":"01a11438-ef3a-7a9e-b4ab-aa438dcac8d0","method":"GET","status_code":200,"duration_ms":295}
{"time":"2026-10-07T10:37:18.690187+08:00","level":"INFO","msg":"http request complete","request_id":"01a11438-f12d-7c11-aa1a-44c43fdf75d9","method":"GET","status_code":200,"duration_ms":180}
{"time":"2026-10-07T10:37:19.047866+08:00","level":"INFO","msg":"http request complete","request_id":"01a11438-f2ad-7956-853a-8fea525fc41c","method":"GET","status_code":200,"duration_ms":154}
{"time":"2026-10-07T10:37:19.679042+08:00","level":"INFO","msg":"http request complete","request_id":"01a11438-f411-7dac-9e9e-1d82d459edd3","method":"GET","status_code":200,"duration_ms":429}
{"time":"2026-10-07T10:37:20.023839+08:00","level":"INFO","msg":"http request complete","request_id":"01a11438-f68a-74d6-9bfa-49ee9fc09a5d","method":"GET","status_code":200,"duration_ms":141}
{"time":"2026-10-07T10:37:20.447189+08:00","level":"INFO","msg":"http request complete","request_id":"01a11438-f7e2-70a4-aaa5-4ff99752a61d","method":"GET","status_code":200,"duration_ms":221}
{"time":"2026-10-07T10:37:20.850269+08:00","level":"INFO","msg":"http request complete","request_id":"01a11438-f98a-793f-8592-6f4277fa16ef","method":"GET","status_code":200,"duration_ms":199}
{"time":"2026-10-07T10:37:21.200894+08:00","level":"INFO","msg":"http request complete","request_id":"01a11438-fb1d-7a16-a26e-e1f23df17436","method":"GET","status_code":200,"duration_ms":147}
{"time":"2026-10-07T10:37:21.675257+08:00","level":"INFO","msg":"http request complete","request_id":"01a11438-fc7c-73a9-930d-b7ab08a9b33b","method":"GET","status_code":200,"duration_ms":270}
{"time":"2026-10-07T10:37:22.038174+08:00","level":"INFO","msg":"http request complete","request_id":"01a11438-fe56-79f2-bd58-adb7cd761731","method":"GET","status_code":200,"duration_ms":159}
{"time":"2026-10-07T10:37:22.876022+08:00","level":"INFO","msg":"http request complete","request_id":"01a11438-ffbf-7df2-ac46-02e1327df3a8","method":"GET","status_code":200,"duration_ms":636}
{"time":"2026-10-07T10:37:23.567944+08:00","level":"INFO","msg":"http request complete","request_id":"01a11439-0306-7328-9f3b-d7625d9bea0e","method":"GET","status_code":200,"duration_ms":489}
{"time":"2026-10-07T10:37:24.658625+08:00","level":"INFO","msg":"http request complete","request_id":"01a11439-05bb-705d-8f23-fd802e4414c3","method":"GET","status_code":200,"duration_ms":887}
{"time":"2026-10-07T10:37:25.030081+08:00","level":"INFO","msg":"http request complete","request_id":"01a11439-09fd-7e53-a774-a69f2b9d3be5","method":"GET","status_code":200,"duration_ms":168}
{"time":"2026-10-07T10:37:25.377305+08:00","level":"INFO","msg":"http request complete","request_id":"01a11439-0b6f-785c-813e-7c48ef138c7a","method":"GET","status_code":200,"duration_ms":145}
{"time":"2026-10-07T10:37:25.728009+08:00","level":"INFO","msg":"http request complete","request_id":"01a11439-0ccc-7a31-b9b5-f67b20d1807f","method":"GET","status_code":200,"duration_ms":147}
{"time":"2026-10-07T10:37:26.28582+08:00","level":"INFO","msg":"http request complete","request_id":"01a11439-0e2b-717e-a34e-aeb038256568","method":"GET","status_code":200,"duration_ms":354}
{"time":"2026-10-07T10:37:26.636196+08:00","level":"INFO","msg":"http request complete","request_id":"01a11439-1058-7e38-b736-2106f1b04fd3","method":"GET","status_code":200,"duration_ms":147}
{"time":"2026-10-07T10:37:26.971644+08:00","level":"INFO","msg":"http request complete","request_id":"01a11439-11b5-79fe-bad5-63dd4a6274c9","method":"GET","status_code":200,"duration_ms":133}
{"time":"2026-10-07T10:37:27.372248+08:00","level":"INFO","msg":"http request complete","request_id":"01a11439-1306-7edc-8e31-6b7d1ad67f34","method":"GET","status_code":200,"duration_ms":197}
{"time":"2026-10-07T10:37:27.740621+08:00","level":"INFO","msg":"http request complete","request_id":"01a11439-1497-7c19-b463-ba6e0cacb829","method":"GET","status_code":200,"duration_ms":164}
{"time":"2026-10-07T10:37:28.304855+08:00","level":"INFO","msg":"http request complete","request_id":"01a11439-1608-73e0-89df-f783891f278e","method":"GET","status_code":200,"duration_ms":360}
{"time":"2026-10-07T10:37:28.772582+08:00","level":"INFO","msg":"http request complete","request_id":"01a11439-183c-73a5-8fd8-e0174cda074b","method":"GET","status_code":200,"duration_ms":264}
{"time":"2026-10-07T10:37:29.159466+08:00","level":"INFO","msg":"http request complete","request_id":"01a11439-1a0f-7dea-a761-ef5986410089","method":"GET","status_code":200,"duration_ms":183}
{"time":"2026-10-07T10:37:29.498592+08:00","level":"INFO","msg":"http request complete","request_id":"01a11439-1b92-797d-8e81-1e32532bac46","method":"GET","status_code":200,"duration_ms":135}
{"time":"2026-10-07T10:37:29.834144+08:00","level":"INFO","msg":"http request complete","request_id":"01a11439-1ce4-7d04-8050-296ad7172e2c","method":"GET","status_code":200,"duration_ms":133}
{"time":"2026-10-07T10:37:30.305635+08:00","level":"INFO","msg":"http request complete","request_id":"01a11439-1e35-78ae-b82e-9a8278ac1bb2","method":"GET","status_code":200,"duration_ms":268}
{"time":"2026-10-07T10:37:30.653411+08:00","level":"INFO","msg":"http request complete","request_id":"01a11439-200b-72c6-9b33-6f6b49954f98","method":"GET","status_code":200,"duration_ms":146}
{"time":"2026-10-07T10:37:30.985729+08:00","level":"INFO","msg":"http request complete","request_id":"01a11439-2167-75d4-bd39-8b8c6dfbabac","method":"GET","status_code":200,"duration_ms":130}
{"time":"2026-10-07T10:37:31.341975+08:00","level":"INFO","msg":"http request complete","request_id":"01a11439-22b4-750c-8fcb-12302eb17de6","method":"GET","status_code":200,"duration_ms":153}
{"time":"2026-10-07T10:37:31.716548+08:00","level":"INFO","msg":"http request complete","request_id":"01a11439-2418-73c0-8447-66f298095c32","method":"GET","status_code":200,"duration_ms":172}
{"time":"2026-10-07T10:37:32.054857+08:00","level":"INFO","msg":"http request complete","request_id":"01a11439-258e-7d94-b5d2-da44b629ba2b","method":"GET","status_code":200,"duration_ms":135}
{"time":"2026-10-07T10:37:33.142736+08:00","level":"INFO","msg":"http request complete","request_id":"01a11439-26e0-7a64-8f9c-e0890c564859","method":"GET","status_code":200,"duration_ms":885}
{"time":"2026-10-07T10:37:33.875818+08:00","level":"INFO","msg":"http request complete","request_id":"01a11439-2b21-75b1-9fad-c4880f8e99f5","method":"GET","status_code":200,"duration_ms":530}
{"time":"2026-10-07T10:37:34.830033+08:00","level":"INFO","msg":"http request complete","request_id":"01a11439-2dfe-7284-afb5-46d3cae27726","method":"GET","status_code":200,"duration_ms":751}
{"time":"2026-10-07T10:37:35.522498+08:00","level":"INFO","msg":"http request complete","request_id":"01a11439-31b7-760e-a1f8-bd51ddbef4c4","method":"GET","status_code":200,"duration_ms":491}
{"time":"2026-10-07T10:37:36.105968+08:00","level":"INFO","msg":"http request complete","request_id":"01a11439-346c-7ac5-8b8f-90e9e3cea02d","method":"GET","status_code":200,"duration_ms":381}
{"time":"2026-10-07T10:37:37.000819+08:00","level":"INFO","msg":"http request complete","request_id":"01a11439-36b3-7868-9707-1526259b1405","method":"GET","status_code":200,"duration_ms":693}
{"time":"2026-10-07T10:37:37.004086+08:00","level":"INFO","msg":"http request complete","request_id":"01a11439-396a-7298-9cce-7d426a548b39","method":"POST","status_code":409,"duration_ms":1}
{"time":"2026-10-07T10:37:37.067866+08:00","level":"INFO","msg":"http request complete","request_id":"01a11439-396c-75ff-9ea0-04e1c9b4fa00","method":"POST","status_code":200,"duration_ms":63}
{"time":"2026-10-07T10:37:37.153269+08:00","level":"INFO","msg":"http request complete","request_id":"01a11439-39ad-7367-8af3-d066d8006031","method":"POST","status_code":200,"duration_ms":83}
{"time":"2026-10-07T10:37:37.294591+08:00","level":"WARN","msg":"Graph ownership not ready","qualification":{"/v1/configmaps":"list_missing","/v1/events":"list_missing","/v1/nodes":"list_missing","/v1/persistentvolumeclaims":"list_missing","/v1/persistentvolumes":"list_missing","/v1/pods":"list_missing","/v1/services":"list_missing","apps/v1/daemonsets":"list_missing","apps/v1/deployments":"list_missing","apps/v1/replicasets":"list_missing","apps/v1/statefulsets":"list_missing","batch/v1/jobs":"list_missing","discovery.k8s.io/v1/endpointslices":"list_missing","storage.k8s.io/v1/csidrivers":"list_missing","storage.k8s.io/v1/csinodes":"list_missing","storage.k8s.io/v1/storageclasses":"list_missing","storage.k8s.io/v1/volumeattachments":"list_missing"}}
{"time":"2026-10-07T10:37:37.391909+08:00","level":"WARN","msg":"SP05 official observation unavailable","errorClass":"canceled"}
{"time":"2026-10-07T10:37:37.391972+08:00","level":"WARN","msg":"SP05 durable reducer pass unavailable","errorClass":"canceled"}
{"time":"2026-10-07T10:37:37.439005+08:00","level":"INFO","msg":"http request complete","request_id":"01a11439-3af1-7dcf-ac5e-8bbb09a187a0","method":"POST","status_code":200,"duration_ms":45}
{"time":"2026-10-07T10:37:37.506558+08:00","level":"INFO","msg":"http request complete","request_id":"01a11439-3b1f-76ae-a74b-cb15b411c250","method":"POST","status_code":200,"duration_ms":67}
{"time":"2026-10-07T10:37:37.599392+08:00","level":"INFO","msg":"http request complete","request_id":"01a11439-3ba3-77db-aed0-05d7a52c71d8","method":"POST","status_code":200,"duration_ms":27}
{"time":"2026-10-07T10:37:37.692805+08:00","level":"INFO","msg":"http request complete","request_id":"01a11439-3bd9-724d-8165-f779931b44b3","method":"POST","status_code":200,"duration_ms":67}
{"time":"2026-10-07T10:37:37.706311+08:00","level":"INFO","msg":"http request complete","request_id":"01a11439-3c1d-734b-a557-722462764872","method":"POST","status_code":200,"duration_ms":13}
{"time":"2026-10-07T10:37:37.755519+08:00","level":"INFO","msg":"http request complete","request_id":"01a11439-3c2a-7afc-bb6b-5a3dbe580e6d","method":"POST","status_code":409,"duration_ms":48}
{"time":"2026-10-07T10:37:37.76709+08:00","level":"INFO","msg":"http request complete","request_id":"01a11439-3c63-7e73-8f79-219f18abe374","method":"POST","status_code":403,"duration_ms":3}
{"time":"2026-10-07T10:37:37.88267+08:00","level":"INFO","msg":"http request complete","request_id":"01a11439-3c69-7c25-b5dc-bf3c705706d3","method":"POST","status_code":200,"duration_ms":112}
{"time":"2026-10-07T10:37:37.979376+08:00","level":"INFO","msg":"http request complete","request_id":"01a11439-3cdb-7065-bf00-b03952fa8710","method":"POST","status_code":200,"duration_ms":96}
{"time":"2026-10-07T10:37:38.075422+08:00","level":"INFO","msg":"http request complete","request_id":"01a11439-3d3c-72e6-b27a-9cc3cc57bb21","method":"POST","status_code":409,"duration_ms":95}
{"time":"2026-10-07T10:37:38.171052+08:00","level":"INFO","msg":"http request complete","request_id":"01a11439-3d9c-79c0-aa4c-8747dc1561fa","method":"POST","status_code":200,"duration_ms":94}
{"time":"2026-10-07T10:37:38.213846+08:00","level":"INFO","msg":"http request complete","request_id":"01a11439-3dfb-772f-91a4-7b13b149c032","method":"POST","status_code":200,"duration_ms":42}
{"time":"2026-10-07T10:37:38.257011+08:00","level":"INFO","msg":"http request complete","request_id":"01a11439-3e26-7947-803d-c5518f8a0e64","method":"POST","status_code":409,"duration_ms":42}
{"time":"2026-10-07T10:37:38.26979+08:00","level":"INFO","msg":"http request complete","request_id":"01a11439-3e57-70d6-8a76-48bf5d121ffc","method":"POST","status_code":403,"duration_ms":6}
{"time":"2026-10-07T10:37:38.276185+08:00","level":"INFO","msg":"http request complete","request_id":"01a11439-3e63-727c-a253-34d9b0ac7b46","method":"POST","status_code":403,"duration_ms":0}
{"time":"2026-10-07T10:37:38.277173+08:00","level":"INFO","msg":"http request complete","request_id":"01a11439-3e64-7606-8b01-62541ed20d9f","method":"POST","status_code":403,"duration_ms":0}
{"time":"2026-10-07T10:37:38.278471+08:00","level":"INFO","msg":"http request complete","request_id":"01a11439-3e65-7589-b4de-0900af365aa5","method":"POST","status_code":403,"duration_ms":1}
{"time":"2026-10-07T10:37:38.320125+08:00","level":"INFO","msg":"http request complete","request_id":"01a11439-3e8b-7981-bfa3-7736ee347dc3","method":"POST","status_code":403,"duration_ms":4}
2026/10/07 10:37:49 OK   00001_roles_and_schemas.sql (17.61ms)
2026/10/07 10:37:49 goose: successfully migrated database to version: 1
2026/10/07 10:37:49 OK   00002_platform_meta.sql (62.39ms)
2026/10/07 10:37:49 OK   00003_finding.sql (14.05ms)
2026/10/07 10:37:49 OK   00004_incident.sql (7.15ms)
2026/10/07 10:37:49 OK   00005_investigation.sql (10.91ms)
2026/10/07 10:37:49 OK   00006_action_command.sql (11.83ms)
2026/10/07 10:37:49 OK   00007_audit.sql (26.56ms)
2026/10/07 10:37:49 OK   00008_rls.sql (11.6ms)
2026/10/07 10:37:49 OK   00009_idempotency_ledger.sql (23.45ms)
2026/10/07 10:37:49 OK   00010_tenant_provisioning.sql (16.09ms)
2026/10/07 10:37:49 OK   00011_source_registration_history.sql (16.54ms)
2026/10/07 10:37:49 OK   00012_config_registry_lifecycle.sql (13.7ms)
2026/10/07 10:37:49 OK   00013_audit_signed_segments.sql (22.8ms)
2026/10/07 10:37:49 OK   00014_audit_segment_predecessors.sql (11.39ms)
2026/10/07 10:37:49 OK   00015_source_schema_scope.sql (10.31ms)
2026/10/07 10:37:49 OK   00016_cluster_registration_metadata.sql (5.4ms)
2026/10/07 10:37:49 OK   00017_source_data_scope.sql (5.33ms)
2026/10/07 10:37:49 OK   00018_sp04_resources_evidence.sql (20.12ms)
2026/10/07 10:37:49 OK   00019_sp04_archive_ciphertext_bytes.sql (5.28ms)
2026/10/07 10:37:49 OK   00020_sp04_request_ledger.sql (7.17ms)
2026/10/07 10:37:49 OK   00021_sp04_archive_protection.sql (8.2ms)
2026/10/07 10:37:49 OK   00022_sp04_legal_hold_dependencies.sql (8.78ms)
2026/10/07 10:37:49 OK   00023_sp04_archive_query_intent.sql (9.04ms)
2026/10/07 10:37:49 OK   00024_sp05_finding_incident.sql (56.37ms)
2026/10/07 10:37:49 OK   00025_sp05_incident_event_time.sql (3.47ms)
2026/10/07 10:37:49 OK   00026_sp05_source_binding_lock.sql (5.56ms)
2026/10/07 10:37:49 OK   00027_sp05_rca_and_poll.sql (12.09ms)
2026/10/07 10:37:50 OK   00028_sp05_operator_lock.sql (40.28ms)
2026/10/07 10:37:50 OK   00029_sp05_evidence_links.sql (40.31ms)
2026/10/07 10:37:50 OK   00030_sp05_recipe_fence.sql (28.1ms)
2026/10/07 10:37:50 OK   00031_sp05_rca_postcheck.sql (4.96ms)
2026/10/07 10:37:50 OK   00032_sp05_transport_audit.sql (21.18ms)
2026/10/07 10:37:50 OK   00033_sp05_poll_resolution_clock.sql (38.67ms)
2026/10/07 10:37:50 OK   00034_sp06_investigation_ledger.sql (33.45ms)
2026/10/07 10:37:50 OK   00035_sp06_admission_data_classes.sql (7.21ms)
2026/10/07 10:37:50 goose: successfully migrated database to version: 35
2026/10/07 10:37:52 OK   00001_roles_and_schemas.sql (24.82ms)
2026/10/07 10:37:52 goose: successfully migrated database to version: 1
2026/10/07 10:37:52 OK   00002_platform_meta.sql (38.13ms)
2026/10/07 10:37:52 OK   00003_finding.sql (15.18ms)
2026/10/07 10:37:52 OK   00004_incident.sql (11.07ms)
2026/10/07 10:37:52 OK   00005_investigation.sql (13.51ms)
2026/10/07 10:37:52 OK   00006_action_command.sql (11.83ms)
2026/10/07 10:37:52 OK   00007_audit.sql (17.48ms)
2026/10/07 10:37:52 OK   00008_rls.sql (21.26ms)
2026/10/07 10:37:52 OK   00009_idempotency_ledger.sql (18.52ms)
2026/10/07 10:37:52 OK   00010_tenant_provisioning.sql (10.07ms)
2026/10/07 10:37:52 OK   00011_source_registration_history.sql (12.64ms)
2026/10/07 10:37:52 OK   00012_config_registry_lifecycle.sql (18.62ms)
2026/10/07 10:37:52 OK   00013_audit_signed_segments.sql (32.01ms)
2026/10/07 10:37:52 OK   00014_audit_segment_predecessors.sql (9.15ms)
2026/10/07 10:37:52 OK   00015_source_schema_scope.sql (3.34ms)
2026/10/07 10:37:52 OK   00016_cluster_registration_metadata.sql (6.72ms)
2026/10/07 10:37:52 OK   00017_source_data_scope.sql (7.58ms)
2026/10/07 10:37:52 OK   00018_sp04_resources_evidence.sql (38.39ms)
2026/10/07 10:37:52 OK   00019_sp04_archive_ciphertext_bytes.sql (4.04ms)
2026/10/07 10:37:52 OK   00020_sp04_request_ledger.sql (6.57ms)
2026/10/07 10:37:52 OK   00021_sp04_archive_protection.sql (5.91ms)
2026/10/07 10:37:52 OK   00022_sp04_legal_hold_dependencies.sql (4.66ms)
2026/10/07 10:37:52 OK   00023_sp04_archive_query_intent.sql (4.57ms)
2026/10/07 10:37:52 OK   00024_sp05_finding_incident.sql (40.65ms)
2026/10/07 10:37:52 OK   00025_sp05_incident_event_time.sql (3.79ms)
2026/10/07 10:37:52 OK   00026_sp05_source_binding_lock.sql (4.55ms)
2026/10/07 10:37:52 OK   00027_sp05_rca_and_poll.sql (16.65ms)
2026/10/07 10:37:52 OK   00028_sp05_operator_lock.sql (8.48ms)
2026/10/07 10:37:52 OK   00029_sp05_evidence_links.sql (14.84ms)
2026/10/07 10:37:52 OK   00030_sp05_recipe_fence.sql (7.12ms)
2026/10/07 10:37:52 OK   00031_sp05_rca_postcheck.sql (6.84ms)
2026/10/07 10:37:52 OK   00032_sp05_transport_audit.sql (8.19ms)
2026/10/07 10:37:52 OK   00033_sp05_poll_resolution_clock.sql (8.68ms)
2026/10/07 10:37:52 OK   00034_sp06_investigation_ledger.sql (42.78ms)
2026/10/07 10:37:52 OK   00035_sp06_admission_data_classes.sql (4.35ms)
2026/10/07 10:37:52 goose: successfully migrated database to version: 35
2026/10/07 10:39:31 OK   00001_roles_and_schemas.sql (47.56ms)
2026/10/07 10:39:31 goose: successfully migrated database to version: 1
2026/10/07 10:39:31 OK   00002_platform_meta.sql (127.57ms)
2026/10/07 10:39:31 OK   00003_finding.sql (65.72ms)
2026/10/07 10:39:31 OK   00004_incident.sql (24.27ms)
2026/10/07 10:39:31 OK   00005_investigation.sql (21.05ms)
2026/10/07 10:39:31 OK   00006_action_command.sql (19.87ms)
2026/10/07 10:39:31 OK   00007_audit.sql (14.34ms)
2026/10/07 10:39:31 OK   00008_rls.sql (31.25ms)
2026/10/07 10:39:31 OK   00009_idempotency_ledger.sql (14.04ms)
2026/10/07 10:39:31 OK   00010_tenant_provisioning.sql (13.17ms)
2026/10/07 10:39:31 OK   00011_source_registration_history.sql (35.67ms)
2026/10/07 10:39:31 OK   00012_config_registry_lifecycle.sql (11.24ms)
2026/10/07 10:39:31 OK   00013_audit_signed_segments.sql (22.79ms)
2026/10/07 10:39:31 OK   00014_audit_segment_predecessors.sql (25.33ms)
2026/10/07 10:39:31 OK   00015_source_schema_scope.sql (3.81ms)
2026/10/07 10:39:31 OK   00016_cluster_registration_metadata.sql (10.67ms)
2026/10/07 10:39:31 OK   00017_source_data_scope.sql (10.81ms)
2026/10/07 10:39:31 OK   00018_sp04_resources_evidence.sql (29.09ms)
2026/10/07 10:39:31 OK   00019_sp04_archive_ciphertext_bytes.sql (16.45ms)
2026/10/07 10:39:31 OK   00020_sp04_request_ledger.sql (18.21ms)
2026/10/07 10:39:31 OK   00021_sp04_archive_protection.sql (3.96ms)
2026/10/07 10:39:31 OK   00022_sp04_legal_hold_dependencies.sql (5.54ms)
2026/10/07 10:39:31 OK   00023_sp04_archive_query_intent.sql (10.17ms)
2026/10/07 10:39:31 OK   00024_sp05_finding_incident.sql (119.76ms)
2026/10/07 10:39:31 OK   00025_sp05_incident_event_time.sql (4.8ms)
2026/10/07 10:39:31 OK   00026_sp05_source_binding_lock.sql (4.99ms)
2026/10/07 10:39:31 OK   00027_sp05_rca_and_poll.sql (65.9ms)
2026/10/07 10:39:31 OK   00028_sp05_operator_lock.sql (6.43ms)
2026/10/07 10:39:32 OK   00029_sp05_evidence_links.sql (57.81ms)
2026/10/07 10:39:32 OK   00030_sp05_recipe_fence.sql (5.96ms)
2026/10/07 10:39:32 OK   00031_sp05_rca_postcheck.sql (18.78ms)
2026/10/07 10:39:32 OK   00032_sp05_transport_audit.sql (29.74ms)
2026/10/07 10:39:32 OK   00033_sp05_poll_resolution_clock.sql (4.37ms)
2026/10/07 10:39:32 OK   00034_sp06_investigation_ledger.sql (56.85ms)
2026/10/07 10:39:32 OK   00035_sp06_admission_data_classes.sql (5.46ms)
2026/10/07 10:39:32 goose: successfully migrated database to version: 35
2026/10/07 10:40:11 OK   00001_roles_and_schemas.sql (18.3ms)
2026/10/07 10:40:11 goose: successfully migrated database to version: 1
2026/10/07 10:40:11 OK   00002_platform_meta.sql (36.26ms)
2026/10/07 10:40:11 OK   00003_finding.sql (19.78ms)
2026/10/07 10:40:11 OK   00004_incident.sql (13.62ms)
2026/10/07 10:40:11 OK   00005_investigation.sql (9.29ms)
2026/10/07 10:40:11 OK   00006_action_command.sql (6.58ms)
2026/10/07 10:40:11 OK   00007_audit.sql (20.45ms)
2026/10/07 10:40:11 OK   00008_rls.sql (24.97ms)
2026/10/07 10:40:11 OK   00009_idempotency_ledger.sql (8.13ms)
2026/10/07 10:40:11 OK   00010_tenant_provisioning.sql (4.43ms)
2026/10/07 10:40:11 OK   00011_source_registration_history.sql (13.68ms)
2026/10/07 10:40:11 OK   00012_config_registry_lifecycle.sql (31.21ms)
2026/10/07 10:40:11 OK   00013_audit_signed_segments.sql (21.42ms)
2026/10/07 10:40:11 OK   00014_audit_segment_predecessors.sql (7.19ms)
2026/10/07 10:40:11 OK   00015_source_schema_scope.sql (10.66ms)
2026/10/07 10:40:11 OK   00016_cluster_registration_metadata.sql (16.09ms)
2026/10/07 10:40:11 OK   00017_source_data_scope.sql (11.72ms)
2026/10/07 10:40:11 OK   00018_sp04_resources_evidence.sql (42.15ms)
2026/10/07 10:40:11 OK   00019_sp04_archive_ciphertext_bytes.sql (13.91ms)
2026/10/07 10:40:11 OK   00020_sp04_request_ledger.sql (6.24ms)
2026/10/07 10:40:11 OK   00021_sp04_archive_protection.sql (3.82ms)
2026/10/07 10:40:11 OK   00022_sp04_legal_hold_dependencies.sql (10.35ms)
2026/10/07 10:40:11 OK   00023_sp04_archive_query_intent.sql (9.5ms)
2026/10/07 10:40:11 OK   00024_sp05_finding_incident.sql (36.8ms)
2026/10/07 10:40:11 OK   00025_sp05_incident_event_time.sql (11.47ms)
2026/10/07 10:40:11 OK   00026_sp05_source_binding_lock.sql (34.5ms)
2026/10/07 10:40:12 OK   00027_sp05_rca_and_poll.sql (77.66ms)
2026/10/07 10:40:12 OK   00028_sp05_operator_lock.sql (21.24ms)
2026/10/07 10:40:12 OK   00029_sp05_evidence_links.sql (16.62ms)
2026/10/07 10:40:12 OK   00030_sp05_recipe_fence.sql (8.89ms)
2026/10/07 10:40:12 OK   00031_sp05_rca_postcheck.sql (4.5ms)
2026/10/07 10:40:12 OK   00032_sp05_transport_audit.sql (5.25ms)
2026/10/07 10:40:12 OK   00033_sp05_poll_resolution_clock.sql (11.46ms)
2026/10/07 10:40:12 OK   00034_sp06_investigation_ledger.sql (44.88ms)
2026/10/07 10:40:12 OK   00035_sp06_admission_data_classes.sql (12.47ms)
2026/10/07 10:40:12 goose: successfully migrated database to version: 35
2026/10/07 10:40:15 OK   00001_roles_and_schemas.sql (20.46ms)
2026/10/07 10:40:15 goose: successfully migrated database to version: 1
2026/10/07 10:40:15 OK   00002_platform_meta.sql (48.79ms)
2026/10/07 10:40:15 OK   00003_finding.sql (22.04ms)
2026/10/07 10:40:15 OK   00004_incident.sql (9.13ms)
2026/10/07 10:40:15 OK   00005_investigation.sql (11.73ms)
2026/10/07 10:40:15 OK   00006_action_command.sql (31.25ms)
2026/10/07 10:40:15 OK   00007_audit.sql (10.49ms)
2026/10/07 10:40:15 OK   00008_rls.sql (46.21ms)
2026/10/07 10:40:15 OK   00009_idempotency_ledger.sql (17.45ms)
2026/10/07 10:40:15 OK   00010_tenant_provisioning.sql (34.78ms)
2026/10/07 10:40:15 OK   00011_source_registration_history.sql (7.59ms)
2026/10/07 10:40:15 OK   00012_config_registry_lifecycle.sql (45.44ms)
2026/10/07 10:40:15 OK   00013_audit_signed_segments.sql (37.6ms)
2026/10/07 10:40:15 OK   00014_audit_segment_predecessors.sql (24.27ms)
2026/10/07 10:40:15 OK   00015_source_schema_scope.sql (13.25ms)
2026/10/07 10:40:15 OK   00016_cluster_registration_metadata.sql (9.24ms)
2026/10/07 10:40:15 OK   00017_source_data_scope.sql (13.18ms)
2026/10/07 10:40:15 OK   00018_sp04_resources_evidence.sql (38.68ms)
2026/10/07 10:40:15 OK   00019_sp04_archive_ciphertext_bytes.sql (7.06ms)
2026/10/07 10:40:15 OK   00020_sp04_request_ledger.sql (10.57ms)
2026/10/07 10:40:15 OK   00021_sp04_archive_protection.sql (8.58ms)
2026/10/07 10:40:15 OK   00022_sp04_legal_hold_dependencies.sql (12.59ms)
2026/10/07 10:40:15 OK   00023_sp04_archive_query_intent.sql (20.83ms)
2026/10/07 10:40:15 OK   00024_sp05_finding_incident.sql (37.79ms)
2026/10/07 10:40:15 OK   00025_sp05_incident_event_time.sql (9.28ms)
2026/10/07 10:40:15 OK   00026_sp05_source_binding_lock.sql (13.32ms)
2026/10/07 10:40:15 OK   00027_sp05_rca_and_poll.sql (20.79ms)
2026/10/07 10:40:15 OK   00028_sp05_operator_lock.sql (9.05ms)
2026/10/07 10:40:15 OK   00029_sp05_evidence_links.sql (12.66ms)
2026/10/07 10:40:15 OK   00030_sp05_recipe_fence.sql (14.49ms)
2026/10/07 10:40:15 OK   00031_sp05_rca_postcheck.sql (10.18ms)
2026/10/07 10:40:15 OK   00032_sp05_transport_audit.sql (13.8ms)
2026/10/07 10:40:15 OK   00033_sp05_poll_resolution_clock.sql (6.37ms)
2026/10/07 10:40:15 OK   00034_sp06_investigation_ledger.sql (33.09ms)
2026/10/07 10:40:15 OK   00035_sp06_admission_data_classes.sql (12.89ms)
2026/10/07 10:40:15 goose: successfully migrated database to version: 35
2026/10/07 10:40:16 OK   00001_roles_and_schemas.sql (12.74ms)
2026/10/07 10:40:16 goose: successfully migrated database to version: 1
2026/10/07 10:40:16 OK   00002_platform_meta.sql (59.66ms)
2026/10/07 10:40:16 OK   00003_finding.sql (17.15ms)
2026/10/07 10:40:16 OK   00004_incident.sql (40.03ms)
2026/10/07 10:40:16 OK   00005_investigation.sql (21.14ms)
2026/10/07 10:40:16 OK   00006_action_command.sql (11.17ms)
2026/10/07 10:40:16 OK   00007_audit.sql (43.11ms)
2026/10/07 10:40:16 OK   00008_rls.sql (21.08ms)
2026/10/07 10:40:16 OK   00009_idempotency_ledger.sql (11.42ms)
2026/10/07 10:40:16 OK   00010_tenant_provisioning.sql (41.09ms)
2026/10/07 10:40:16 OK   00011_source_registration_history.sql (10.12ms)
2026/10/07 10:40:16 OK   00012_config_registry_lifecycle.sql (19.59ms)
2026/10/07 10:40:16 OK   00013_audit_signed_segments.sql (28.36ms)
2026/10/07 10:40:16 OK   00014_audit_segment_predecessors.sql (14.44ms)
2026/10/07 10:40:16 OK   00015_source_schema_scope.sql (15.3ms)
2026/10/07 10:40:16 OK   00016_cluster_registration_metadata.sql (16.73ms)
2026/10/07 10:40:16 OK   00017_source_data_scope.sql (4.4ms)
2026/10/07 10:40:16 OK   00018_sp04_resources_evidence.sql (49.54ms)
2026/10/07 10:40:16 OK   00019_sp04_archive_ciphertext_bytes.sql (13.52ms)
2026/10/07 10:40:16 OK   00020_sp04_request_ledger.sql (26.38ms)
2026/10/07 10:40:16 OK   00021_sp04_archive_protection.sql (3.89ms)
2026/10/07 10:40:16 OK   00022_sp04_legal_hold_dependencies.sql (3.69ms)
2026/10/07 10:40:16 OK   00023_sp04_archive_query_intent.sql (5.71ms)
2026/10/07 10:40:16 OK   00024_sp05_finding_incident.sql (46.4ms)
2026/10/07 10:40:16 OK   00025_sp05_incident_event_time.sql (5.45ms)
2026/10/07 10:40:16 OK   00026_sp05_source_binding_lock.sql (7.49ms)
2026/10/07 10:40:16 OK   00027_sp05_rca_and_poll.sql (23.67ms)
2026/10/07 10:40:17 OK   00028_sp05_operator_lock.sql (5.04ms)
2026/10/07 10:40:17 OK   00029_sp05_evidence_links.sql (12.45ms)
2026/10/07 10:40:17 OK   00030_sp05_recipe_fence.sql (9.65ms)
2026/10/07 10:40:17 OK   00031_sp05_rca_postcheck.sql (12.99ms)
2026/10/07 10:40:17 OK   00032_sp05_transport_audit.sql (7.74ms)
2026/10/07 10:40:17 OK   00033_sp05_poll_resolution_clock.sql (3.66ms)
2026/10/07 10:40:17 OK   00034_sp06_investigation_ledger.sql (47.19ms)
2026/10/07 10:40:17 OK   00035_sp06_admission_data_classes.sql (4.83ms)
2026/10/07 10:40:17 goose: successfully migrated database to version: 35
2026/10/07 10:40:17 OK   00001_roles_and_schemas.sql (42.93ms)
2026/10/07 10:40:17 goose: successfully migrated database to version: 1
2026/10/07 10:40:17 OK   00002_platform_meta.sql (41.41ms)
2026/10/07 10:40:17 OK   00003_finding.sql (24.3ms)
2026/10/07 10:40:17 OK   00004_incident.sql (19.65ms)
2026/10/07 10:40:17 OK   00005_investigation.sql (9.8ms)
2026/10/07 10:40:17 OK   00006_action_command.sql (20.99ms)
2026/10/07 10:40:17 OK   00007_audit.sql (18.89ms)
2026/10/07 10:40:17 OK   00008_rls.sql (13.44ms)
2026/10/07 10:40:17 OK   00009_idempotency_ledger.sql (27.08ms)
2026/10/07 10:40:17 OK   00010_tenant_provisioning.sql (8.18ms)
2026/10/07 10:40:17 OK   00011_source_registration_history.sql (17.31ms)
2026/10/07 10:40:17 OK   00012_config_registry_lifecycle.sql (39.83ms)
2026/10/07 10:40:17 OK   00013_audit_signed_segments.sql (16.94ms)
2026/10/07 10:40:17 OK   00014_audit_segment_predecessors.sql (41.9ms)
2026/10/07 10:40:17 OK   00015_source_schema_scope.sql (4.38ms)
2026/10/07 10:40:17 OK   00016_cluster_registration_metadata.sql (5.55ms)
2026/10/07 10:40:17 OK   00017_source_data_scope.sql (3.54ms)
2026/10/07 10:40:17 OK   00018_sp04_resources_evidence.sql (24.63ms)
2026/10/07 10:40:17 OK   00019_sp04_archive_ciphertext_bytes.sql (13.06ms)
2026/10/07 10:40:17 OK   00020_sp04_request_ledger.sql (15ms)
2026/10/07 10:40:17 OK   00021_sp04_archive_protection.sql (6.55ms)
2026/10/07 10:40:17 OK   00022_sp04_legal_hold_dependencies.sql (3.87ms)
2026/10/07 10:40:17 OK   00023_sp04_archive_query_intent.sql (3.22ms)
2026/10/07 10:40:17 OK   00024_sp05_finding_incident.sql (49ms)
2026/10/07 10:40:17 OK   00025_sp05_incident_event_time.sql (4.5ms)
2026/10/07 10:40:18 OK   00026_sp05_source_binding_lock.sql (4.35ms)
2026/10/07 10:40:18 OK   00027_sp05_rca_and_poll.sql (20.95ms)
2026/10/07 10:40:18 OK   00028_sp05_operator_lock.sql (6.48ms)
2026/10/07 10:40:18 OK   00029_sp05_evidence_links.sql (12.97ms)
2026/10/07 10:40:18 OK   00030_sp05_recipe_fence.sql (8.18ms)
2026/10/07 10:40:18 OK   00031_sp05_rca_postcheck.sql (3.21ms)
2026/10/07 10:40:18 OK   00032_sp05_transport_audit.sql (4.76ms)
2026/10/07 10:40:18 OK   00033_sp05_poll_resolution_clock.sql (6.18ms)
2026/10/07 10:40:18 OK   00034_sp06_investigation_ledger.sql (51.77ms)
2026/10/07 10:40:18 OK   00035_sp06_admission_data_classes.sql (24.02ms)
2026/10/07 10:40:18 goose: successfully migrated database to version: 35
2026/10/07 10:40:18 OK   00001_roles_and_schemas.sql (22.55ms)
2026/10/07 10:40:18 goose: successfully migrated database to version: 1
2026/10/07 10:40:18 OK   00002_platform_meta.sql (58.66ms)
2026/10/07 10:40:18 OK   00003_finding.sql (39.45ms)
2026/10/07 10:40:18 OK   00004_incident.sql (20.01ms)
2026/10/07 10:40:18 OK   00005_investigation.sql (7ms)
2026/10/07 10:40:18 OK   00006_action_command.sql (9.68ms)
2026/10/07 10:40:18 OK   00007_audit.sql (47.15ms)
2026/10/07 10:40:18 OK   00008_rls.sql (10.14ms)
2026/10/07 10:40:18 OK   00009_idempotency_ledger.sql (14.55ms)
2026/10/07 10:40:18 OK   00010_tenant_provisioning.sql (11.79ms)
2026/10/07 10:40:18 OK   00011_source_registration_history.sql (17.87ms)
2026/10/07 10:40:18 OK   00012_config_registry_lifecycle.sql (12.71ms)
2026/10/07 10:40:18 OK   00013_audit_signed_segments.sql (39.19ms)
2026/10/07 10:40:18 OK   00014_audit_segment_predecessors.sql (9.77ms)
2026/10/07 10:40:19 OK   00015_source_schema_scope.sql (30.94ms)
2026/10/07 10:40:19 OK   00016_cluster_registration_metadata.sql (4.56ms)
2026/10/07 10:40:19 OK   00017_source_data_scope.sql (3.59ms)
2026/10/07 10:40:19 OK   00018_sp04_resources_evidence.sql (39.75ms)
2026/10/07 10:40:19 OK   00019_sp04_archive_ciphertext_bytes.sql (3.96ms)
2026/10/07 10:40:19 OK   00020_sp04_request_ledger.sql (14.83ms)
2026/10/07 10:40:19 OK   00021_sp04_archive_protection.sql (7.41ms)
2026/10/07 10:40:19 OK   00022_sp04_legal_hold_dependencies.sql (8.59ms)
2026/10/07 10:40:19 OK   00023_sp04_archive_query_intent.sql (9ms)
2026/10/07 10:40:19 OK   00024_sp05_finding_incident.sql (31.36ms)
2026/10/07 10:40:19 OK   00025_sp05_incident_event_time.sql (2.78ms)
2026/10/07 10:40:19 OK   00026_sp05_source_binding_lock.sql (3.15ms)
2026/10/07 10:40:19 OK   00027_sp05_rca_and_poll.sql (10.96ms)
2026/10/07 10:40:19 OK   00028_sp05_operator_lock.sql (17.85ms)
2026/10/07 10:40:19 OK   00029_sp05_evidence_links.sql (26.05ms)
2026/10/07 10:40:19 OK   00030_sp05_recipe_fence.sql (7.38ms)
2026/10/07 10:40:19 OK   00031_sp05_rca_postcheck.sql (6.26ms)
2026/10/07 10:40:19 OK   00032_sp05_transport_audit.sql (7.52ms)
2026/10/07 10:40:19 OK   00033_sp05_poll_resolution_clock.sql (16.62ms)
2026/10/07 10:40:19 OK   00034_sp06_investigation_ledger.sql (50ms)
2026/10/07 10:40:19 OK   00035_sp06_admission_data_classes.sql (8.86ms)
2026/10/07 10:40:19 goose: successfully migrated database to version: 35
2026/10/07 10:40:19 OK   00001_roles_and_schemas.sql (14.99ms)
2026/10/07 10:40:19 goose: successfully migrated database to version: 1
2026/10/07 10:40:19 OK   00002_platform_meta.sql (46.91ms)
2026/10/07 10:40:19 OK   00003_finding.sql (13.47ms)
2026/10/07 10:40:19 OK   00004_incident.sql (14.87ms)
2026/10/07 10:40:19 OK   00005_investigation.sql (33.72ms)
2026/10/07 10:40:19 OK   00006_action_command.sql (19.94ms)
2026/10/07 10:40:19 OK   00007_audit.sql (25.71ms)
2026/10/07 10:40:19 OK   00008_rls.sql (7.88ms)
2026/10/07 10:40:19 OK   00009_idempotency_ledger.sql (6.26ms)
2026/10/07 10:40:19 OK   00010_tenant_provisioning.sql (3.43ms)
2026/10/07 10:40:19 OK   00011_source_registration_history.sql (24.66ms)
2026/10/07 10:40:19 OK   00012_config_registry_lifecycle.sql (17.52ms)
2026/10/07 10:40:19 OK   00013_audit_signed_segments.sql (40.25ms)
2026/10/07 10:40:19 OK   00014_audit_segment_predecessors.sql (6.36ms)
2026/10/07 10:40:19 OK   00015_source_schema_scope.sql (5.42ms)
2026/10/07 10:40:19 OK   00016_cluster_registration_metadata.sql (16.78ms)
2026/10/07 10:40:19 OK   00017_source_data_scope.sql (10.91ms)
2026/10/07 10:40:20 OK   00018_sp04_resources_evidence.sql (27.34ms)
2026/10/07 10:40:20 OK   00019_sp04_archive_ciphertext_bytes.sql (6.77ms)
2026/10/07 10:40:20 OK   00020_sp04_request_ledger.sql (11.67ms)
2026/10/07 10:40:20 OK   00021_sp04_archive_protection.sql (6.76ms)
2026/10/07 10:40:20 OK   00022_sp04_legal_hold_dependencies.sql (3ms)
2026/10/07 10:40:20 OK   00023_sp04_archive_query_intent.sql (2.93ms)
2026/10/07 10:40:20 OK   00024_sp05_finding_incident.sql (16.52ms)
2026/10/07 10:40:20 OK   00025_sp05_incident_event_time.sql (5.76ms)
2026/10/07 10:40:20 OK   00026_sp05_source_binding_lock.sql (7.8ms)
2026/10/07 10:40:20 OK   00027_sp05_rca_and_poll.sql (9.7ms)
2026/10/07 10:40:20 OK   00028_sp05_operator_lock.sql (7.75ms)
2026/10/07 10:40:20 OK   00029_sp05_evidence_links.sql (10.78ms)
2026/10/07 10:40:20 OK   00030_sp05_recipe_fence.sql (3.87ms)
2026/10/07 10:40:20 OK   00031_sp05_rca_postcheck.sql (3.23ms)
2026/10/07 10:40:20 OK   00032_sp05_transport_audit.sql (3.02ms)
2026/10/07 10:40:20 OK   00033_sp05_poll_resolution_clock.sql (6.2ms)
2026/10/07 10:40:20 OK   00034_sp06_investigation_ledger.sql (41.73ms)
2026/10/07 10:40:20 OK   00035_sp06_admission_data_classes.sql (7.06ms)
2026/10/07 10:40:20 goose: successfully migrated database to version: 35
2026/10/07 10:40:20 OK   00001_roles_and_schemas.sql (50.99ms)
2026/10/07 10:40:20 goose: successfully migrated database to version: 1
2026/10/07 10:40:20 OK   00002_platform_meta.sql (50.78ms)
2026/10/07 10:40:20 OK   00003_finding.sql (21.26ms)
2026/10/07 10:40:20 OK   00004_incident.sql (26.59ms)
2026/10/07 10:40:20 OK   00005_investigation.sql (8.03ms)
2026/10/07 10:40:20 OK   00006_action_command.sql (16.87ms)
2026/10/07 10:40:20 OK   00007_audit.sql (23.4ms)
2026/10/07 10:40:20 OK   00008_rls.sql (45.41ms)
2026/10/07 10:40:20 OK   00009_idempotency_ledger.sql (10.6ms)
2026/10/07 10:40:21 OK   00010_tenant_provisioning.sql (10.95ms)
2026/10/07 10:40:21 OK   00011_source_registration_history.sql (24.02ms)
2026/10/07 10:40:21 OK   00012_config_registry_lifecycle.sql (8.77ms)
2026/10/07 10:40:21 OK   00013_audit_signed_segments.sql (23.13ms)
2026/10/07 10:40:21 OK   00014_audit_segment_predecessors.sql (18.54ms)
2026/10/07 10:40:21 OK   00015_source_schema_scope.sql (4.56ms)
2026/10/07 10:40:21 OK   00016_cluster_registration_metadata.sql (4.05ms)
2026/10/07 10:40:21 OK   00017_source_data_scope.sql (3.72ms)
2026/10/07 10:40:21 OK   00018_sp04_resources_evidence.sql (36.33ms)
2026/10/07 10:40:21 OK   00019_sp04_archive_ciphertext_bytes.sql (6.01ms)
2026/10/07 10:40:21 OK   00020_sp04_request_ledger.sql (4.47ms)
2026/10/07 10:40:21 OK   00021_sp04_archive_protection.sql (3.18ms)
2026/10/07 10:40:21 OK   00022_sp04_legal_hold_dependencies.sql (2.84ms)
2026/10/07 10:40:21 OK   00023_sp04_archive_query_intent.sql (4.83ms)
2026/10/07 10:40:21 OK   00024_sp05_finding_incident.sql (41.21ms)
2026/10/07 10:40:21 OK   00025_sp05_incident_event_time.sql (7.73ms)
2026/10/07 10:40:21 OK   00026_sp05_source_binding_lock.sql (6.36ms)
2026/10/07 10:40:21 OK   00027_sp05_rca_and_poll.sql (24.89ms)
2026/10/07 10:40:21 OK   00028_sp05_operator_lock.sql (3.69ms)
2026/10/07 10:40:21 OK   00029_sp05_evidence_links.sql (40.4ms)
2026/10/07 10:40:21 OK   00030_sp05_recipe_fence.sql (3.48ms)
2026/10/07 10:40:21 OK   00031_sp05_rca_postcheck.sql (2.81ms)
2026/10/07 10:40:21 OK   00032_sp05_transport_audit.sql (2.79ms)
2026/10/07 10:40:21 OK   00033_sp05_poll_resolution_clock.sql (2.95ms)
2026/10/07 10:40:21 OK   00034_sp06_investigation_ledger.sql (16.46ms)
2026/10/07 10:40:21 OK   00035_sp06_admission_data_classes.sql (3.02ms)
2026/10/07 10:40:21 goose: successfully migrated database to version: 35
2026/10/07 10:40:52 OK   00001_roles_and_schemas.sql (26.21ms)
2026/10/07 10:40:52 goose: successfully migrated database to version: 1
2026/10/07 10:40:52 OK   00002_platform_meta.sql (39.7ms)
2026/10/07 10:40:52 OK   00003_finding.sql (45.14ms)
2026/10/07 10:40:52 OK   00004_incident.sql (10.47ms)
2026/10/07 10:40:52 OK   00005_investigation.sql (24.97ms)
2026/10/07 10:40:53 OK   00006_action_command.sql (26.43ms)
2026/10/07 10:40:53 OK   00007_audit.sql (34.85ms)
2026/10/07 10:40:53 OK   00008_rls.sql (25.47ms)
2026/10/07 10:40:53 OK   00009_idempotency_ledger.sql (14.49ms)
2026/10/07 10:40:53 OK   00010_tenant_provisioning.sql (46.58ms)
2026/10/07 10:40:53 OK   00011_source_registration_history.sql (10.73ms)
2026/10/07 10:40:53 OK   00012_config_registry_lifecycle.sql (39.53ms)
2026/10/07 10:40:53 OK   00013_audit_signed_segments.sql (24.4ms)
2026/10/07 10:40:53 OK   00014_audit_segment_predecessors.sql (11.68ms)
2026/10/07 10:40:53 OK   00015_source_schema_scope.sql (6.95ms)
2026/10/07 10:40:53 OK   00016_cluster_registration_metadata.sql (11.14ms)
2026/10/07 10:40:53 OK   00017_source_data_scope.sql (27.12ms)
2026/10/07 10:40:53 OK   00018_sp04_resources_evidence.sql (54.8ms)
2026/10/07 10:40:53 OK   00019_sp04_archive_ciphertext_bytes.sql (3.62ms)
2026/10/07 10:40:53 OK   00020_sp04_request_ledger.sql (7.62ms)
2026/10/07 10:40:53 OK   00021_sp04_archive_protection.sql (20.94ms)
2026/10/07 10:40:53 OK   00022_sp04_legal_hold_dependencies.sql (12.4ms)
2026/10/07 10:40:53 OK   00023_sp04_archive_query_intent.sql (15.74ms)
2026/10/07 10:40:53 OK   00024_sp05_finding_incident.sql (42.02ms)
2026/10/07 10:40:53 OK   00025_sp05_incident_event_time.sql (13.72ms)
2026/10/07 10:40:53 OK   00026_sp05_source_binding_lock.sql (4.14ms)
2026/10/07 10:40:53 OK   00027_sp05_rca_and_poll.sql (19.46ms)
2026/10/07 10:40:53 OK   00028_sp05_operator_lock.sql (22.2ms)
2026/10/07 10:40:53 OK   00029_sp05_evidence_links.sql (14.37ms)
2026/10/07 10:40:53 OK   00030_sp05_recipe_fence.sql (4.65ms)
2026/10/07 10:40:53 OK   00031_sp05_rca_postcheck.sql (9.43ms)
2026/10/07 10:40:53 OK   00032_sp05_transport_audit.sql (9.79ms)
2026/10/07 10:40:53 OK   00033_sp05_poll_resolution_clock.sql (8.88ms)
2026/10/07 10:40:53 OK   00034_sp06_investigation_ledger.sql (78.22ms)
2026/10/07 10:40:53 OK   00035_sp06_admission_data_classes.sql (6.53ms)
2026/10/07 10:40:53 goose: successfully migrated database to version: 35
2026/10/07 10:40:54 OK   00001_roles_and_schemas.sql (48.74ms)
2026/10/07 10:40:54 goose: successfully migrated database to version: 1
2026/10/07 10:40:54 OK   00002_platform_meta.sql (46.83ms)
2026/10/07 10:40:54 OK   00003_finding.sql (44.13ms)
2026/10/07 10:40:54 OK   00004_incident.sql (7.56ms)
2026/10/07 10:40:54 OK   00005_investigation.sql (39ms)
2026/10/07 10:40:54 OK   00006_action_command.sql (44.77ms)
2026/10/07 10:40:54 OK   00007_audit.sql (43.82ms)
2026/10/07 10:40:54 OK   00008_rls.sql (20.02ms)
2026/10/07 10:40:54 OK   00009_idempotency_ledger.sql (16.99ms)
2026/10/07 10:40:54 OK   00010_tenant_provisioning.sql (11.77ms)
2026/10/07 10:40:54 OK   00011_source_registration_history.sql (6.81ms)
2026/10/07 10:40:54 OK   00012_config_registry_lifecycle.sql (9.18ms)
2026/10/07 10:40:54 OK   00013_audit_signed_segments.sql (45.24ms)
2026/10/07 10:40:54 OK   00014_audit_segment_predecessors.sql (24.2ms)
2026/10/07 10:40:54 OK   00015_source_schema_scope.sql (23.52ms)
2026/10/07 10:40:54 OK   00016_cluster_registration_metadata.sql (7.57ms)
2026/10/07 10:40:54 OK   00017_source_data_scope.sql (4.84ms)
2026/10/07 10:40:54 OK   00018_sp04_resources_evidence.sql (39.71ms)
2026/10/07 10:40:54 OK   00019_sp04_archive_ciphertext_bytes.sql (16.58ms)
2026/10/07 10:40:54 OK   00020_sp04_request_ledger.sql (5.43ms)
2026/10/07 10:40:54 OK   00021_sp04_archive_protection.sql (5.17ms)
2026/10/07 10:40:54 OK   00022_sp04_legal_hold_dependencies.sql (20.95ms)
2026/10/07 10:40:54 OK   00023_sp04_archive_query_intent.sql (22.84ms)
2026/10/07 10:40:54 OK   00024_sp05_finding_incident.sql (57.8ms)
2026/10/07 10:40:54 OK   00025_sp05_incident_event_time.sql (36.76ms)
2026/10/07 10:40:54 OK   00026_sp05_source_binding_lock.sql (7.53ms)
2026/10/07 10:40:54 OK   00027_sp05_rca_and_poll.sql (18.88ms)
2026/10/07 10:40:55 OK   00028_sp05_operator_lock.sql (25.86ms)
2026/10/07 10:40:55 OK   00029_sp05_evidence_links.sql (25.23ms)
2026/10/07 10:40:55 OK   00030_sp05_recipe_fence.sql (8.59ms)
2026/10/07 10:40:55 OK   00031_sp05_rca_postcheck.sql (7.94ms)
2026/10/07 10:40:55 OK   00032_sp05_transport_audit.sql (10.28ms)
2026/10/07 10:40:55 OK   00033_sp05_poll_resolution_clock.sql (20.13ms)
2026/10/07 10:40:55 OK   00034_sp06_investigation_ledger.sql (47.83ms)
2026/10/07 10:40:55 OK   00035_sp06_admission_data_classes.sql (9.76ms)
2026/10/07 10:40:55 goose: successfully migrated database to version: 35
2026/10/07 10:40:58 OK   00001_roles_and_schemas.sql (33.73ms)
2026/10/07 10:40:58 goose: successfully migrated database to version: 1
2026/10/07 10:40:58 OK   00002_platform_meta.sql (47.62ms)
2026/10/07 10:40:58 OK   00003_finding.sql (24.63ms)
2026/10/07 10:40:58 OK   00004_incident.sql (14.56ms)
2026/10/07 10:40:58 OK   00005_investigation.sql (17.08ms)
2026/10/07 10:40:58 OK   00006_action_command.sql (15.58ms)
2026/10/07 10:40:58 OK   00007_audit.sql (18.44ms)
2026/10/07 10:40:58 OK   00008_rls.sql (22.18ms)
2026/10/07 10:40:58 OK   00009_idempotency_ledger.sql (11.76ms)
2026/10/07 10:40:58 OK   00010_tenant_provisioning.sql (10.04ms)
2026/10/07 10:40:58 OK   00011_source_registration_history.sql (14.35ms)
2026/10/07 10:40:58 OK   00012_config_registry_lifecycle.sql (21.98ms)
2026/10/07 10:40:58 OK   00013_audit_signed_segments.sql (35.59ms)
2026/10/07 10:40:58 OK   00014_audit_segment_predecessors.sql (19.06ms)
2026/10/07 10:40:58 OK   00015_source_schema_scope.sql (7.16ms)
2026/10/07 10:40:58 OK   00016_cluster_registration_metadata.sql (7.8ms)
2026/10/07 10:40:58 OK   00017_source_data_scope.sql (10.5ms)
2026/10/07 10:40:58 OK   00018_sp04_resources_evidence.sql (47.93ms)
2026/10/07 10:40:58 OK   00019_sp04_archive_ciphertext_bytes.sql (4.99ms)
2026/10/07 10:40:58 OK   00020_sp04_request_ledger.sql (7.45ms)
2026/10/07 10:40:58 OK   00021_sp04_archive_protection.sql (6.42ms)
2026/10/07 10:40:58 OK   00022_sp04_legal_hold_dependencies.sql (10.63ms)
2026/10/07 10:40:58 OK   00023_sp04_archive_query_intent.sql (15.6ms)
2026/10/07 10:40:58 OK   00024_sp05_finding_incident.sql (29.56ms)
2026/10/07 10:40:58 OK   00025_sp05_incident_event_time.sql (5.47ms)
2026/10/07 10:40:58 OK   00026_sp05_source_binding_lock.sql (11.01ms)
2026/10/07 10:40:58 OK   00027_sp05_rca_and_poll.sql (24.21ms)
2026/10/07 10:40:58 OK   00028_sp05_operator_lock.sql (16.36ms)
2026/10/07 10:40:58 OK   00029_sp05_evidence_links.sql (10.94ms)
2026/10/07 10:40:58 OK   00030_sp05_recipe_fence.sql (10.33ms)
2026/10/07 10:40:58 OK   00031_sp05_rca_postcheck.sql (8.49ms)
2026/10/07 10:40:58 OK   00032_sp05_transport_audit.sql (6.46ms)
2026/10/07 10:40:58 OK   00033_sp05_poll_resolution_clock.sql (8.88ms)
2026/10/07 10:40:58 OK   00034_sp06_investigation_ledger.sql (43.25ms)
2026/10/07 10:40:58 OK   00035_sp06_admission_data_classes.sql (12.96ms)
2026/10/07 10:40:58 goose: successfully migrated database to version: 35
2026/10/07 10:40:59 OK   00001_roles_and_schemas.sql (33.23ms)
2026/10/07 10:40:59 goose: successfully migrated database to version: 1
2026/10/07 10:40:59 OK   00002_platform_meta.sql (65.31ms)
2026/10/07 10:40:59 OK   00003_finding.sql (8.87ms)
2026/10/07 10:40:59 OK   00004_incident.sql (51.34ms)
2026/10/07 10:40:59 OK   00005_investigation.sql (58.95ms)
2026/10/07 10:40:59 OK   00006_action_command.sql (12.47ms)
2026/10/07 10:41:00 OK   00007_audit.sql (57.42ms)
2026/10/07 10:41:00 OK   00008_rls.sql (48.93ms)
2026/10/07 10:41:00 OK   00009_idempotency_ledger.sql (34ms)
2026/10/07 10:41:00 OK   00010_tenant_provisioning.sql (7.8ms)
2026/10/07 10:41:00 OK   00011_source_registration_history.sql (7.95ms)
2026/10/07 10:41:00 OK   00012_config_registry_lifecycle.sql (43.83ms)
2026/10/07 10:41:00 OK   00013_audit_signed_segments.sql (51.61ms)
2026/10/07 10:41:00 OK   00014_audit_segment_predecessors.sql (5.69ms)
2026/10/07 10:41:00 OK   00015_source_schema_scope.sql (7.79ms)
2026/10/07 10:41:00 OK   00016_cluster_registration_metadata.sql (28.01ms)
2026/10/07 10:41:00 OK   00017_source_data_scope.sql (7.7ms)
2026/10/07 10:41:00 OK   00018_sp04_resources_evidence.sql (51.82ms)
2026/10/07 10:41:00 OK   00019_sp04_archive_ciphertext_bytes.sql (3.48ms)
2026/10/07 10:41:00 OK   00020_sp04_request_ledger.sql (4.65ms)
2026/10/07 10:41:00 OK   00021_sp04_archive_protection.sql (4.72ms)
2026/10/07 10:41:00 OK   00022_sp04_legal_hold_dependencies.sql (25.8ms)
2026/10/07 10:41:00 OK   00023_sp04_archive_query_intent.sql (16.78ms)
2026/10/07 10:41:00 OK   00024_sp05_finding_incident.sql (53.79ms)
2026/10/07 10:41:00 OK   00025_sp05_incident_event_time.sql (3.84ms)
2026/10/07 10:41:00 OK   00026_sp05_source_binding_lock.sql (19.47ms)
2026/10/07 10:41:00 OK   00027_sp05_rca_and_poll.sql (21.53ms)
2026/10/07 10:41:00 OK   00028_sp05_operator_lock.sql (3.88ms)
2026/10/07 10:41:00 OK   00029_sp05_evidence_links.sql (5.62ms)
2026/10/07 10:41:00 OK   00030_sp05_recipe_fence.sql (6ms)
2026/10/07 10:41:00 OK   00031_sp05_rca_postcheck.sql (8.72ms)
2026/10/07 10:41:00 OK   00032_sp05_transport_audit.sql (8.5ms)
2026/10/07 10:41:00 OK   00033_sp05_poll_resolution_clock.sql (13.52ms)
2026/10/07 10:41:00 OK   00034_sp06_investigation_ledger.sql (26.47ms)
2026/10/07 10:41:00 OK   00035_sp06_admission_data_classes.sql (11.83ms)
2026/10/07 10:41:00 goose: successfully migrated database to version: 35
2026/10/07 10:41:04 OK   00001_roles_and_schemas.sql (28.51ms)
2026/10/07 10:41:04 goose: successfully migrated database to version: 1
2026/10/07 10:41:04 OK   00002_platform_meta.sql (56.47ms)
2026/10/07 10:41:04 OK   00003_finding.sql (36.43ms)
2026/10/07 10:41:04 OK   00004_incident.sql (22.11ms)
2026/10/07 10:41:04 OK   00005_investigation.sql (14.33ms)
2026/10/07 10:41:04 OK   00006_action_command.sql (32.33ms)
2026/10/07 10:41:04 OK   00007_audit.sql (29.58ms)
2026/10/07 10:41:04 OK   00008_rls.sql (11.62ms)
2026/10/07 10:41:04 OK   00009_idempotency_ledger.sql (18.73ms)
2026/10/07 10:41:04 OK   00010_tenant_provisioning.sql (12.42ms)
2026/10/07 10:41:04 OK   00011_source_registration_history.sql (16.71ms)
2026/10/07 10:41:04 OK   00012_config_registry_lifecycle.sql (20ms)
2026/10/07 10:41:04 OK   00013_audit_signed_segments.sql (29.42ms)
2026/10/07 10:41:04 OK   00014_audit_segment_predecessors.sql (49.12ms)
2026/10/07 10:41:04 OK   00015_source_schema_scope.sql (10.78ms)
2026/10/07 10:41:04 OK   00016_cluster_registration_metadata.sql (9.94ms)
2026/10/07 10:41:04 OK   00017_source_data_scope.sql (6.5ms)
2026/10/07 10:41:04 OK   00018_sp04_resources_evidence.sql (24.55ms)
2026/10/07 10:41:04 OK   00019_sp04_archive_ciphertext_bytes.sql (8.31ms)
2026/10/07 10:41:04 OK   00020_sp04_request_ledger.sql (24.49ms)
2026/10/07 10:41:04 OK   00021_sp04_archive_protection.sql (9.74ms)
2026/10/07 10:41:04 OK   00022_sp04_legal_hold_dependencies.sql (4.98ms)
2026/10/07 10:41:04 OK   00023_sp04_archive_query_intent.sql (29.76ms)
2026/10/07 10:41:04 OK   00024_sp05_finding_incident.sql (49.09ms)
2026/10/07 10:41:04 OK   00025_sp05_incident_event_time.sql (3.73ms)
2026/10/07 10:41:04 OK   00026_sp05_source_binding_lock.sql (5.1ms)
2026/10/07 10:41:04 OK   00027_sp05_rca_and_poll.sql (55.22ms)
2026/10/07 10:41:04 OK   00028_sp05_operator_lock.sql (5.38ms)
2026/10/07 10:41:04 OK   00029_sp05_evidence_links.sql (21.38ms)
2026/10/07 10:41:04 OK   00030_sp05_recipe_fence.sql (16.09ms)
2026/10/07 10:41:04 OK   00031_sp05_rca_postcheck.sql (13.08ms)
2026/10/07 10:41:04 OK   00032_sp05_transport_audit.sql (10.89ms)
2026/10/07 10:41:04 OK   00033_sp05_poll_resolution_clock.sql (5.73ms)
2026/10/07 10:41:05 OK   00034_sp06_investigation_ledger.sql (68.26ms)
2026/10/07 10:41:05 OK   00035_sp06_admission_data_classes.sql (35.05ms)
2026/10/07 10:41:05 goose: successfully migrated database to version: 35
2026/10/07 10:41:22 OK   00001_roles_and_schemas.sql (29.52ms)
2026/10/07 10:41:22 goose: successfully migrated database to version: 1
2026/10/07 10:41:22 OK   00002_platform_meta.sql (80.34ms)
2026/10/07 10:41:22 OK   00003_finding.sql (27.11ms)
2026/10/07 10:41:23 OK   00004_incident.sql (14.88ms)
2026/10/07 10:41:23 OK   00005_investigation.sql (15.43ms)
2026/10/07 10:41:23 OK   00006_action_command.sql (13.21ms)
2026/10/07 10:41:23 OK   00007_audit.sql (29.31ms)
2026/10/07 10:41:23 OK   00008_rls.sql (14.3ms)
2026/10/07 10:41:23 OK   00009_idempotency_ledger.sql (14.81ms)
2026/10/07 10:41:23 OK   00010_tenant_provisioning.sql (10.28ms)
2026/10/07 10:41:23 OK   00011_source_registration_history.sql (16.31ms)
2026/10/07 10:41:23 OK   00012_config_registry_lifecycle.sql (26.94ms)
2026/10/07 10:41:23 OK   00013_audit_signed_segments.sql (20.53ms)
2026/10/07 10:41:23 OK   00014_audit_segment_predecessors.sql (11.56ms)
2026/10/07 10:41:23 OK   00015_source_schema_scope.sql (17ms)
2026/10/07 10:41:23 OK   00016_cluster_registration_metadata.sql (25.44ms)
2026/10/07 10:41:23 OK   00017_source_data_scope.sql (13.65ms)
2026/10/07 10:41:23 OK   00018_sp04_resources_evidence.sql (60.84ms)
2026/10/07 10:41:23 OK   00019_sp04_archive_ciphertext_bytes.sql (8.91ms)
2026/10/07 10:41:23 OK   00020_sp04_request_ledger.sql (6.78ms)
2026/10/07 10:41:23 OK   00021_sp04_archive_protection.sql (7.98ms)
2026/10/07 10:41:23 OK   00022_sp04_legal_hold_dependencies.sql (14.45ms)
2026/10/07 10:41:23 OK   00023_sp04_archive_query_intent.sql (18.85ms)
2026/10/07 10:41:23 OK   00024_sp05_finding_incident.sql (48.68ms)
2026/10/07 10:41:23 OK   00025_sp05_incident_event_time.sql (13.81ms)
2026/10/07 10:41:23 OK   00026_sp05_source_binding_lock.sql (30.39ms)
2026/10/07 10:41:23 OK   00027_sp05_rca_and_poll.sql (16.08ms)
2026/10/07 10:41:23 OK   00028_sp05_operator_lock.sql (30.68ms)
2026/10/07 10:41:23 OK   00029_sp05_evidence_links.sql (13.46ms)
2026/10/07 10:41:23 OK   00030_sp05_recipe_fence.sql (9.09ms)
2026/10/07 10:41:23 OK   00031_sp05_rca_postcheck.sql (11.53ms)
2026/10/07 10:41:23 OK   00032_sp05_transport_audit.sql (7.68ms)
2026/10/07 10:41:23 OK   00033_sp05_poll_resolution_clock.sql (12.42ms)
2026/10/07 10:41:23 OK   00034_sp06_investigation_ledger.sql (52.4ms)
2026/10/07 10:41:23 OK   00035_sp06_admission_data_classes.sql (7.5ms)
2026/10/07 10:41:23 goose: successfully migrated database to version: 35
2026/10/07 10:41:25 OK   00001_roles_and_schemas.sql (50.22ms)
2026/10/07 10:41:25 goose: successfully migrated database to version: 1
2026/10/07 10:41:25 OK   00002_platform_meta.sql (75.69ms)
2026/10/07 10:41:25 OK   00003_finding.sql (34.53ms)
2026/10/07 10:41:25 OK   00004_incident.sql (23.56ms)
2026/10/07 10:41:25 OK   00005_investigation.sql (57.27ms)
2026/10/07 10:41:25 OK   00006_action_command.sql (8.68ms)
2026/10/07 10:41:25 OK   00007_audit.sql (50.96ms)
2026/10/07 10:41:25 OK   00008_rls.sql (20.46ms)
2026/10/07 10:41:25 OK   00009_idempotency_ledger.sql (38.56ms)
2026/10/07 10:41:25 OK   00010_tenant_provisioning.sql (6.36ms)
2026/10/07 10:41:25 OK   00011_source_registration_history.sql (8.54ms)
2026/10/07 10:41:25 OK   00012_config_registry_lifecycle.sql (38.68ms)
2026/10/07 10:41:25 OK   00013_audit_signed_segments.sql (21.22ms)
2026/10/07 10:41:25 OK   00014_audit_segment_predecessors.sql (25.1ms)
2026/10/07 10:41:25 OK   00015_source_schema_scope.sql (9.15ms)
2026/10/07 10:41:25 OK   00016_cluster_registration_metadata.sql (4.9ms)
2026/10/07 10:41:25 OK   00017_source_data_scope.sql (4.08ms)
2026/10/07 10:41:25 OK   00018_sp04_resources_evidence.sql (42.51ms)
2026/10/07 10:41:25 OK   00019_sp04_archive_ciphertext_bytes.sql (3.15ms)
2026/10/07 10:41:25 OK   00020_sp04_request_ledger.sql (39.55ms)
2026/10/07 10:41:25 OK   00021_sp04_archive_protection.sql (4.03ms)
2026/10/07 10:41:25 OK   00022_sp04_legal_hold_dependencies.sql (2.73ms)
2026/10/07 10:41:25 OK   00023_sp04_archive_query_intent.sql (30.91ms)
2026/10/07 10:41:25 OK   00024_sp05_finding_incident.sql (61.78ms)
2026/10/07 10:41:25 OK   00025_sp05_incident_event_time.sql (22.84ms)
2026/10/07 10:41:25 OK   00026_sp05_source_binding_lock.sql (13.95ms)
2026/10/07 10:41:25 OK   00027_sp05_rca_and_poll.sql (38.13ms)
2026/10/07 10:41:25 OK   00028_sp05_operator_lock.sql (24.31ms)
2026/10/07 10:41:25 OK   00029_sp05_evidence_links.sql (22.87ms)
2026/10/07 10:41:25 OK   00030_sp05_recipe_fence.sql (39.47ms)
2026/10/07 10:41:25 OK   00031_sp05_rca_postcheck.sql (6.67ms)
2026/10/07 10:41:25 OK   00032_sp05_transport_audit.sql (6.67ms)
2026/10/07 10:41:25 OK   00033_sp05_poll_resolution_clock.sql (20.33ms)
2026/10/07 10:41:26 OK   00034_sp06_investigation_ledger.sql (111.84ms)
2026/10/07 10:41:26 OK   00035_sp06_admission_data_classes.sql (7.13ms)
2026/10/07 10:41:26 goose: successfully migrated database to version: 35
2026/10/07 10:41:26 OK   00001_roles_and_schemas.sql (10.64ms)
2026/10/07 10:41:26 goose: successfully migrated database to version: 1
2026/10/07 10:41:26 OK   00002_platform_meta.sql (56.27ms)
2026/10/07 10:41:26 OK   00003_finding.sql (39.45ms)
2026/10/07 10:41:26 OK   00004_incident.sql (11.12ms)
2026/10/07 10:41:26 OK   00005_investigation.sql (15.09ms)
2026/10/07 10:41:26 OK   00006_action_command.sql (37.44ms)
2026/10/07 10:41:26 OK   00007_audit.sql (13.6ms)
2026/10/07 10:41:26 OK   00008_rls.sql (40.05ms)
2026/10/07 10:41:26 OK   00009_idempotency_ledger.sql (23.7ms)
2026/10/07 10:41:26 OK   00010_tenant_provisioning.sql (6.37ms)
2026/10/07 10:41:26 OK   00011_source_registration_history.sql (22.1ms)
2026/10/07 10:41:26 OK   00012_config_registry_lifecycle.sql (32.56ms)
2026/10/07 10:41:26 OK   00013_audit_signed_segments.sql (43.59ms)
2026/10/07 10:41:26 OK   00014_audit_segment_predecessors.sql (20.67ms)
2026/10/07 10:41:26 OK   00015_source_schema_scope.sql (7.81ms)
2026/10/07 10:41:26 OK   00016_cluster_registration_metadata.sql (6.77ms)
2026/10/07 10:41:26 OK   00017_source_data_scope.sql (15.45ms)
2026/10/07 10:41:26 OK   00018_sp04_resources_evidence.sql (41.92ms)
2026/10/07 10:41:26 OK   00019_sp04_archive_ciphertext_bytes.sql (3.22ms)
2026/10/07 10:41:26 OK   00020_sp04_request_ledger.sql (4.81ms)
2026/10/07 10:41:26 OK   00021_sp04_archive_protection.sql (2.72ms)
2026/10/07 10:41:26 OK   00022_sp04_legal_hold_dependencies.sql (2.87ms)
2026/10/07 10:41:26 OK   00023_sp04_archive_query_intent.sql (11.13ms)
2026/10/07 10:41:26 OK   00024_sp05_finding_incident.sql (49.77ms)
2026/10/07 10:41:26 OK   00025_sp05_incident_event_time.sql (10.06ms)
2026/10/07 10:41:26 OK   00026_sp05_source_binding_lock.sql (7.6ms)
2026/10/07 10:41:27 OK   00027_sp05_rca_and_poll.sql (57.45ms)
2026/10/07 10:41:27 OK   00028_sp05_operator_lock.sql (4.33ms)
2026/10/07 10:41:27 OK   00029_sp05_evidence_links.sql (42.81ms)
2026/10/07 10:41:27 OK   00030_sp05_recipe_fence.sql (3.29ms)
2026/10/07 10:41:27 OK   00031_sp05_rca_postcheck.sql (3.08ms)
2026/10/07 10:41:27 OK   00032_sp05_transport_audit.sql (10.66ms)
2026/10/07 10:41:27 OK   00033_sp05_poll_resolution_clock.sql (11.43ms)
2026/10/07 10:41:27 OK   00034_sp06_investigation_ledger.sql (38.2ms)
2026/10/07 10:41:27 OK   00035_sp06_admission_data_classes.sql (11.26ms)
2026/10/07 10:41:27 goose: successfully migrated database to version: 35
2026/10/07 10:41:44 OK   00001_roles_and_schemas.sql (23.94ms)
2026/10/07 10:41:44 goose: successfully migrated database to version: 1
2026/10/07 10:41:44 OK   00002_platform_meta.sql (73.98ms)
2026/10/07 10:41:44 OK   00003_finding.sql (15.11ms)
2026/10/07 10:41:44 OK   00004_incident.sql (11.16ms)
2026/10/07 10:41:44 OK   00005_investigation.sql (15.39ms)
2026/10/07 10:41:44 OK   00006_action_command.sql (12.5ms)
2026/10/07 10:41:44 OK   00007_audit.sql (35.5ms)
2026/10/07 10:41:44 OK   00008_rls.sql (21.78ms)
2026/10/07 10:41:44 OK   00009_idempotency_ledger.sql (32.16ms)
2026/10/07 10:41:44 OK   00010_tenant_provisioning.sql (97.27ms)
2026/10/07 10:41:44 OK   00011_source_registration_history.sql (36.15ms)
2026/10/07 10:41:44 OK   00012_config_registry_lifecycle.sql (96.83ms)
2026/10/07 10:41:45 OK   00013_audit_signed_segments.sql (72.53ms)
2026/10/07 10:41:45 OK   00014_audit_segment_predecessors.sql (18.06ms)
2026/10/07 10:41:45 OK   00015_source_schema_scope.sql (23.2ms)
2026/10/07 10:41:45 OK   00016_cluster_registration_metadata.sql (11.47ms)
2026/10/07 10:41:45 OK   00017_source_data_scope.sql (18.28ms)
2026/10/07 10:41:45 OK   00018_sp04_resources_evidence.sql (52.63ms)
2026/10/07 10:41:45 OK   00019_sp04_archive_ciphertext_bytes.sql (7.25ms)
2026/10/07 10:41:45 OK   00020_sp04_request_ledger.sql (12.44ms)
2026/10/07 10:41:45 OK   00021_sp04_archive_protection.sql (14.93ms)
2026/10/07 10:41:45 OK   00022_sp04_legal_hold_dependencies.sql (15.23ms)
2026/10/07 10:41:45 OK   00023_sp04_archive_query_intent.sql (10.26ms)
2026/10/07 10:41:45 OK   00024_sp05_finding_incident.sql (86.09ms)
2026/10/07 10:41:45 OK   00025_sp05_incident_event_time.sql (67.1ms)
2026/10/07 10:41:45 OK   00026_sp05_source_binding_lock.sql (6.92ms)
2026/10/07 10:41:45 OK   00027_sp05_rca_and_poll.sql (51.32ms)
2026/10/07 10:41:45 OK   00028_sp05_operator_lock.sql (23.35ms)
2026/10/07 10:41:45 OK   00029_sp05_evidence_links.sql (28.34ms)
2026/10/07 10:41:45 OK   00030_sp05_recipe_fence.sql (25.24ms)
2026/10/07 10:41:45 OK   00031_sp05_rca_postcheck.sql (18.4ms)
2026/10/07 10:41:45 OK   00032_sp05_transport_audit.sql (25.08ms)
2026/10/07 10:41:45 OK   00033_sp05_poll_resolution_clock.sql (7.88ms)
2026/10/07 10:41:45 OK   00034_sp06_investigation_ledger.sql (80.98ms)
2026/10/07 10:41:45 OK   00035_sp06_admission_data_classes.sql (8.79ms)
2026/10/07 10:41:45 goose: successfully migrated database to version: 35
2026/10/07 10:41:47 OK   00001_roles_and_schemas.sql (42.57ms)
2026/10/07 10:41:47 goose: successfully migrated database to version: 1
2026/10/07 10:41:48 OK   00002_platform_meta.sql (78.36ms)
2026/10/07 10:41:48 OK   00003_finding.sql (30.68ms)
2026/10/07 10:41:48 OK   00004_incident.sql (15.5ms)
2026/10/07 10:41:48 OK   00005_investigation.sql (30.27ms)
2026/10/07 10:41:48 OK   00006_action_command.sql (24.21ms)
2026/10/07 10:41:48 OK   00007_audit.sql (35.14ms)
2026/10/07 10:41:48 OK   00008_rls.sql (68.97ms)
2026/10/07 10:41:48 OK   00009_idempotency_ledger.sql (25.57ms)
2026/10/07 10:41:48 OK   00010_tenant_provisioning.sql (17.13ms)
2026/10/07 10:41:48 OK   00011_source_registration_history.sql (16.85ms)
2026/10/07 10:41:48 OK   00012_config_registry_lifecycle.sql (19.9ms)
2026/10/07 10:41:48 OK   00013_audit_signed_segments.sql (25.79ms)
2026/10/07 10:41:48 OK   00014_audit_segment_predecessors.sql (11.88ms)
2026/10/07 10:41:48 OK   00015_source_schema_scope.sql (8.64ms)
2026/10/07 10:41:48 OK   00016_cluster_registration_metadata.sql (8.77ms)
2026/10/07 10:41:48 OK   00017_source_data_scope.sql (7.06ms)
2026/10/07 10:41:48 OK   00018_sp04_resources_evidence.sql (22.07ms)
2026/10/07 10:41:48 OK   00019_sp04_archive_ciphertext_bytes.sql (9.17ms)
2026/10/07 10:41:48 OK   00020_sp04_request_ledger.sql (13.33ms)
2026/10/07 10:41:48 OK   00021_sp04_archive_protection.sql (10.19ms)
2026/10/07 10:41:48 OK   00022_sp04_legal_hold_dependencies.sql (8.81ms)
2026/10/07 10:41:48 OK   00023_sp04_archive_query_intent.sql (8.83ms)
2026/10/07 10:41:48 OK   00024_sp05_finding_incident.sql (43.91ms)
2026/10/07 10:41:48 OK   00025_sp05_incident_event_time.sql (12.75ms)
2026/10/07 10:41:48 OK   00026_sp05_source_binding_lock.sql (6.37ms)
2026/10/07 10:41:48 OK   00027_sp05_rca_and_poll.sql (13ms)
2026/10/07 10:41:48 OK   00028_sp05_operator_lock.sql (26.43ms)
2026/10/07 10:41:48 OK   00029_sp05_evidence_links.sql (19.88ms)
2026/10/07 10:41:48 OK   00030_sp05_recipe_fence.sql (4.68ms)
2026/10/07 10:41:48 OK   00031_sp05_rca_postcheck.sql (3.03ms)
2026/10/07 10:41:48 OK   00032_sp05_transport_audit.sql (3.3ms)
2026/10/07 10:41:48 OK   00033_sp05_poll_resolution_clock.sql (3.86ms)
2026/10/07 10:41:48 OK   00034_sp06_investigation_ledger.sql (64.12ms)
2026/10/07 10:41:48 OK   00035_sp06_admission_data_classes.sql (8.36ms)
2026/10/07 10:41:48 goose: successfully migrated database to version: 35
2026/10/07 10:41:49 OK   00001_roles_and_schemas.sql (30.26ms)
2026/10/07 10:41:49 goose: successfully migrated database to version: 1
2026/10/07 10:41:49 OK   00002_platform_meta.sql (50.5ms)
2026/10/07 10:41:49 OK   00003_finding.sql (14.22ms)
2026/10/07 10:41:49 OK   00004_incident.sql (34.01ms)
2026/10/07 10:41:49 OK   00005_investigation.sql (9.88ms)
2026/10/07 10:41:49 OK   00006_action_command.sql (7.6ms)
2026/10/07 10:41:49 OK   00007_audit.sql (13.14ms)
2026/10/07 10:41:49 OK   00008_rls.sql (27.86ms)
2026/10/07 10:41:49 OK   00009_idempotency_ledger.sql (19.07ms)
2026/10/07 10:41:49 OK   00010_tenant_provisioning.sql (7.78ms)
2026/10/07 10:41:49 OK   00011_source_registration_history.sql (11.91ms)
2026/10/07 10:41:49 OK   00012_config_registry_lifecycle.sql (26.23ms)
2026/10/07 10:41:49 OK   00013_audit_signed_segments.sql (26.61ms)
2026/10/07 10:41:49 OK   00014_audit_segment_predecessors.sql (34.43ms)
2026/10/07 10:41:49 OK   00015_source_schema_scope.sql (5.11ms)
2026/10/07 10:41:49 OK   00016_cluster_registration_metadata.sql (4.01ms)
2026/10/07 10:41:49 OK   00017_source_data_scope.sql (3.19ms)
2026/10/07 10:41:49 OK   00018_sp04_resources_evidence.sql (13.21ms)
2026/10/07 10:41:49 OK   00019_sp04_archive_ciphertext_bytes.sql (2.3ms)
2026/10/07 10:41:49 OK   00020_sp04_request_ledger.sql (5.25ms)
2026/10/07 10:41:49 OK   00021_sp04_archive_protection.sql (4.12ms)
2026/10/07 10:41:49 OK   00022_sp04_legal_hold_dependencies.sql (2.9ms)
2026/10/07 10:41:49 OK   00023_sp04_archive_query_intent.sql (3.6ms)
2026/10/07 10:41:49 OK   00024_sp05_finding_incident.sql (42.15ms)
2026/10/07 10:41:49 OK   00025_sp05_incident_event_time.sql (7.25ms)
2026/10/07 10:41:49 OK   00026_sp05_source_binding_lock.sql (8.14ms)
2026/10/07 10:41:49 OK   00027_sp05_rca_and_poll.sql (26.49ms)
2026/10/07 10:41:49 OK   00028_sp05_operator_lock.sql (9.17ms)
2026/10/07 10:41:49 OK   00029_sp05_evidence_links.sql (13.69ms)
2026/10/07 10:41:49 OK   00030_sp05_recipe_fence.sql (3.16ms)
2026/10/07 10:41:49 OK   00031_sp05_rca_postcheck.sql (2.62ms)
2026/10/07 10:41:49 OK   00032_sp05_transport_audit.sql (2.97ms)
2026/10/07 10:41:49 OK   00033_sp05_poll_resolution_clock.sql (3.98ms)
2026/10/07 10:41:49 OK   00034_sp06_investigation_ledger.sql (55.93ms)
2026/10/07 10:41:49 OK   00035_sp06_admission_data_classes.sql (10.18ms)
2026/10/07 10:41:49 goose: successfully migrated database to version: 35
2026/10/07 10:42:10 OK   00001_roles_and_schemas.sql (25.46ms)
2026/10/07 10:42:10 goose: successfully migrated database to version: 1
2026/10/07 10:42:10 OK   00002_platform_meta.sql (48.05ms)
2026/10/07 10:42:10 OK   00003_finding.sql (17.56ms)
2026/10/07 10:42:10 OK   00004_incident.sql (14.51ms)
2026/10/07 10:42:10 OK   00005_investigation.sql (29.35ms)
2026/10/07 10:42:10 OK   00006_action_command.sql (16.79ms)
2026/10/07 10:42:10 OK   00007_audit.sql (56.85ms)
2026/10/07 10:42:10 OK   00008_rls.sql (47.24ms)
2026/10/07 10:42:10 OK   00009_idempotency_ledger.sql (6.67ms)
2026/10/07 10:42:10 OK   00010_tenant_provisioning.sql (15.06ms)
2026/10/07 10:42:10 OK   00011_source_registration_history.sql (24.66ms)
2026/10/07 10:42:10 OK   00012_config_registry_lifecycle.sql (16.21ms)
2026/10/07 10:42:10 OK   00013_audit_signed_segments.sql (32.63ms)
2026/10/07 10:42:10 OK   00014_audit_segment_predecessors.sql (7.88ms)
2026/10/07 10:42:10 OK   00015_source_schema_scope.sql (8.94ms)
2026/10/07 10:42:10 OK   00016_cluster_registration_metadata.sql (11.19ms)
2026/10/07 10:42:10 OK   00017_source_data_scope.sql (11.16ms)
2026/10/07 10:42:10 OK   00018_sp04_resources_evidence.sql (26.93ms)
2026/10/07 10:42:10 OK   00019_sp04_archive_ciphertext_bytes.sql (6.56ms)
2026/10/07 10:42:10 OK   00020_sp04_request_ledger.sql (22.55ms)
2026/10/07 10:42:10 OK   00021_sp04_archive_protection.sql (3.64ms)
2026/10/07 10:42:10 OK   00022_sp04_legal_hold_dependencies.sql (2.33ms)
2026/10/07 10:42:10 OK   00023_sp04_archive_query_intent.sql (2.45ms)
2026/10/07 10:42:10 OK   00024_sp05_finding_incident.sql (22.39ms)
2026/10/07 10:42:10 OK   00025_sp05_incident_event_time.sql (4.32ms)
2026/10/07 10:42:10 OK   00026_sp05_source_binding_lock.sql (4.21ms)
2026/10/07 10:42:10 OK   00027_sp05_rca_and_poll.sql (12.09ms)
2026/10/07 10:42:10 OK   00028_sp05_operator_lock.sql (8.33ms)
2026/10/07 10:42:10 OK   00029_sp05_evidence_links.sql (5.71ms)
2026/10/07 10:42:10 OK   00030_sp05_recipe_fence.sql (5.05ms)
2026/10/07 10:42:10 OK   00031_sp05_rca_postcheck.sql (11.1ms)
2026/10/07 10:42:10 OK   00032_sp05_transport_audit.sql (23.5ms)
2026/10/07 10:42:10 OK   00033_sp05_poll_resolution_clock.sql (3.6ms)
2026/10/07 10:42:10 OK   00034_sp06_investigation_ledger.sql (50.86ms)
2026/10/07 10:42:10 OK   00035_sp06_admission_data_classes.sql (3.27ms)
2026/10/07 10:42:10 goose: successfully migrated database to version: 35
2026/10/07 10:43:03 ERROR investigator dispatch failed reason=INVESTIGATOR_UNAVAILABLE
--- FAIL: TestSP06RealHolmesModelMCPJobAndSSE (54.33s)
    sp06_real_chain_test.go:497: real chain state=failed errorCode=INVESTIGATOR_FAILURE
    sp06_real_chain_test.go:226: investigator diagnostic ERROR:root:LLM call failed on model=openai/llama3.1:8b-16k (streaming iteration 1): ModelCallError: MODEL_TIMEOUT
        Traceback (most recent call last):
          File "/Users/mssc/Documents/Code/ops/platform/services/investigator/.venv/lib/python3.12/site-packages/holmes/core/tool_calling_llm.py", line 1216, in call_stream
            full_response = self.llm.completion(
                            ^^^^^^^^^^^^^^^^^^^^
          File "/Users/mssc/Documents/Code/ops/platform/services/investigator/src/investigator/budget.py", line 69, in completion
            raise ModelCallError(kind) from None
        investigator.budget.ModelCallError: MODEL_TIMEOUT
        investigator-model-failure MODEL_TIMEOUT 
        investigator-failure ModelCallError /Users/mssc/Documents/Code/ops/platform/services/investigator/src/investigator/worker.py 76
        investigator-failure ModelCallError /Users/mssc/Documents/Code/ops/platform/services/investigator/src/investigator/holmes_adapter.py 79
        investigator-failure ModelCallError /Users/mssc/Documents/Code/ops/platform/services/investigator/.venv/lib/python3.12/site-packages/sentry_sdk/tracing_utils.py 1154
        investigator-failure ModelCallError /Users/mssc/Documents/Code/ops/platform/services/investigator/.venv/lib/python3.12/site-packages/holmes/core/tool_calling_llm.py 657
        investigator-failure ModelCallError /Users/mssc/Documents/Code/ops/platform/services/investigator/.venv/lib/python3.12/site-packages/holmes/core/tool_calling_llm.py 1216
        investigator-failure ModelCallError /Users/mssc/Documents/Code/ops/platform/services/investigator/src/investigator/budget.py 69
        
    migrations_test.go:436: retained owned integration database=sp03_mig_f7736f58f0f647f68a84630b889858cc test=TestSP06RealHolmesModelMCPJobAndSSE reason=audit.records; no automatic protected cleanup
2026/10/07 10:43:04 OK   00001_roles_and_schemas.sql (164.77ms)
2026/10/07 10:43:04 goose: successfully migrated database to version: 1
2026/10/07 10:43:05 OK   00002_platform_meta.sql (255.86ms)
2026/10/07 10:43:05 OK   00003_finding.sql (87.76ms)
2026/10/07 10:43:05 OK   00004_incident.sql (30.03ms)
2026/10/07 10:43:05 OK   00005_investigation.sql (87.77ms)
2026/10/07 10:43:05 OK   00006_action_command.sql (72.27ms)
2026/10/07 10:43:05 OK   00007_audit.sql (153.34ms)
2026/10/07 10:43:05 OK   00008_rls.sql (104.48ms)
2026/10/07 10:43:06 OK   00009_idempotency_ledger.sql (115.67ms)
2026/10/07 10:43:06 OK   00010_tenant_provisioning.sql (11.13ms)
2026/10/07 10:43:06 OK   00011_source_registration_history.sql (92.57ms)
2026/10/07 10:43:06 OK   00012_config_registry_lifecycle.sql (95.36ms)
2026/10/07 10:43:06 OK   00013_audit_signed_segments.sql (64.1ms)
2026/10/07 10:43:06 OK   00014_audit_segment_predecessors.sql (15.87ms)
2026/10/07 10:43:06 OK   00015_source_schema_scope.sql (14.85ms)
2026/10/07 10:43:06 OK   00016_cluster_registration_metadata.sql (10.84ms)
2026/10/07 10:43:06 OK   00017_source_data_scope.sql (10.76ms)
2026/10/07 10:43:06 OK   00018_sp04_resources_evidence.sql (43.39ms)
2026/10/07 10:43:06 OK   00019_sp04_archive_ciphertext_bytes.sql (14.25ms)
2026/10/07 10:43:06 OK   00020_sp04_request_ledger.sql (21.58ms)
2026/10/07 10:43:06 OK   00021_sp04_archive_protection.sql (17.88ms)
2026/10/07 10:43:06 OK   00022_sp04_legal_hold_dependencies.sql (22.17ms)
2026/10/07 10:43:06 OK   00023_sp04_archive_query_intent.sql (14.85ms)
2026/10/07 10:43:06 OK   00024_sp05_finding_incident.sql (58.42ms)
2026/10/07 10:43:06 OK   00025_sp05_incident_event_time.sql (9.27ms)
2026/10/07 10:43:06 OK   00026_sp05_source_binding_lock.sql (27.48ms)
2026/10/07 10:43:06 OK   00027_sp05_rca_and_poll.sql (38.02ms)
2026/10/07 10:43:06 OK   00028_sp05_operator_lock.sql (6.98ms)
2026/10/07 10:43:06 OK   00029_sp05_evidence_links.sql (11.69ms)
2026/10/07 10:43:06 OK   00030_sp05_recipe_fence.sql (7.36ms)
2026/10/07 10:43:06 OK   00031_sp05_rca_postcheck.sql (5.74ms)
2026/10/07 10:43:06 OK   00032_sp05_transport_audit.sql (6.84ms)
2026/10/07 10:43:06 OK   00033_sp05_poll_resolution_clock.sql (15.13ms)
2026/10/07 10:43:06 OK   00034_sp06_investigation_ledger.sql (82.39ms)
2026/10/07 10:43:06 OK   00035_sp06_admission_data_classes.sql (10.71ms)
2026/10/07 10:43:06 goose: successfully migrated database to version: 35
2026/10/07 10:43:07 OK   00001_roles_and_schemas.sql (22.81ms)
2026/10/07 10:43:07 goose: successfully migrated database to version: 1
2026/10/07 10:43:08 OK   00002_platform_meta.sql (65.78ms)
2026/10/07 10:43:08 OK   00003_finding.sql (32.3ms)
2026/10/07 10:43:08 OK   00004_incident.sql (22.12ms)
2026/10/07 10:43:08 OK   00005_investigation.sql (23.29ms)
2026/10/07 10:43:08 OK   00006_action_command.sql (18.43ms)
2026/10/07 10:43:08 OK   00007_audit.sql (26.29ms)
2026/10/07 10:43:08 OK   00008_rls.sql (16.28ms)
2026/10/07 10:43:08 OK   00009_idempotency_ledger.sql (22.94ms)
2026/10/07 10:43:08 OK   00010_tenant_provisioning.sql (14.72ms)
2026/10/07 10:43:08 OK   00011_source_registration_history.sql (28.69ms)
2026/10/07 10:43:08 OK   00012_config_registry_lifecycle.sql (15.45ms)
2026/10/07 10:43:08 OK   00013_audit_signed_segments.sql (22.66ms)
2026/10/07 10:43:08 OK   00014_audit_segment_predecessors.sql (16.48ms)
2026/10/07 10:43:08 OK   00015_source_schema_scope.sql (9.71ms)
2026/10/07 10:43:08 OK   00016_cluster_registration_metadata.sql (15.67ms)
2026/10/07 10:43:08 OK   00017_source_data_scope.sql (5.27ms)
2026/10/07 10:43:08 OK   00018_sp04_resources_evidence.sql (53.84ms)
2026/10/07 10:43:08 OK   00019_sp04_archive_ciphertext_bytes.sql (12.16ms)
2026/10/07 10:43:08 OK   00020_sp04_request_ledger.sql (8.86ms)
2026/10/07 10:43:08 OK   00021_sp04_archive_protection.sql (6.9ms)
2026/10/07 10:43:08 OK   00022_sp04_legal_hold_dependencies.sql (3.79ms)
2026/10/07 10:43:08 OK   00023_sp04_archive_query_intent.sql (4.85ms)
2026/10/07 10:43:08 OK   00024_sp05_finding_incident.sql (47.24ms)
2026/10/07 10:43:08 OK   00025_sp05_incident_event_time.sql (5.04ms)
2026/10/07 10:43:08 OK   00026_sp05_source_binding_lock.sql (21.91ms)
2026/10/07 10:43:08 OK   00027_sp05_rca_and_poll.sql (34.76ms)
2026/10/07 10:43:08 OK   00028_sp05_operator_lock.sql (9.05ms)
2026/10/07 10:43:08 OK   00029_sp05_evidence_links.sql (21.23ms)
2026/10/07 10:43:08 OK   00030_sp05_recipe_fence.sql (3.33ms)
2026/10/07 10:43:08 OK   00031_sp05_rca_postcheck.sql (2.48ms)
2026/10/07 10:43:08 OK   00032_sp05_transport_audit.sql (2.58ms)
2026/10/07 10:43:08 OK   00033_sp05_poll_resolution_clock.sql (2.96ms)
2026/10/07 10:43:08 OK   00034_sp06_investigation_ledger.sql (46.75ms)
2026/10/07 10:43:08 OK   00035_sp06_admission_data_classes.sql (3.37ms)
2026/10/07 10:43:08 goose: successfully migrated database to version: 35
2026/10/07 10:43:09 OK   00001_roles_and_schemas.sql (9.17ms)
2026/10/07 10:43:09 goose: successfully migrated database to version: 1
2026/10/07 10:43:09 OK   00002_platform_meta.sql (35.17ms)
2026/10/07 10:43:09 OK   00003_finding.sql (39.36ms)
2026/10/07 10:43:09 OK   00004_incident.sql (6.55ms)
2026/10/07 10:43:09 OK   00005_investigation.sql (20.25ms)
2026/10/07 10:43:09 OK   00006_action_command.sql (23.84ms)
2026/10/07 10:43:09 OK   00007_audit.sql (20.61ms)
2026/10/07 10:43:09 OK   00008_rls.sql (35.33ms)
2026/10/07 10:43:09 OK   00009_idempotency_ledger.sql (11.11ms)
2026/10/07 10:43:09 OK   00010_tenant_provisioning.sql (9.19ms)
2026/10/07 10:43:09 OK   00011_source_registration_history.sql (9.98ms)
2026/10/07 10:43:09 OK   00012_config_registry_lifecycle.sql (12.06ms)
2026/10/07 10:43:09 OK   00013_audit_signed_segments.sql (24.8ms)
2026/10/07 10:43:09 OK   00014_audit_segment_predecessors.sql (6.57ms)
2026/10/07 10:43:09 OK   00015_source_schema_scope.sql (6.58ms)
2026/10/07 10:43:09 OK   00016_cluster_registration_metadata.sql (8.84ms)
2026/10/07 10:43:09 OK   00017_source_data_scope.sql (11.81ms)
2026/10/07 10:43:09 OK   00018_sp04_resources_evidence.sql (35.12ms)
2026/10/07 10:43:09 OK   00019_sp04_archive_ciphertext_bytes.sql (3.39ms)
2026/10/07 10:43:09 OK   00020_sp04_request_ledger.sql (6.28ms)
2026/10/07 10:43:09 OK   00021_sp04_archive_protection.sql (10.04ms)
2026/10/07 10:43:09 OK   00022_sp04_legal_hold_dependencies.sql (8.41ms)
2026/10/07 10:43:09 OK   00023_sp04_archive_query_intent.sql (7.85ms)
2026/10/07 10:43:09 OK   00024_sp05_finding_incident.sql (46.94ms)
2026/10/07 10:43:09 OK   00025_sp05_incident_event_time.sql (6.29ms)
2026/10/07 10:43:09 OK   00026_sp05_source_binding_lock.sql (5.42ms)
2026/10/07 10:43:09 OK   00027_sp05_rca_and_poll.sql (36.04ms)
2026/10/07 10:43:09 OK   00028_sp05_operator_lock.sql (6.84ms)
2026/10/07 10:43:09 OK   00029_sp05_evidence_links.sql (9.92ms)
2026/10/07 10:43:09 OK   00030_sp05_recipe_fence.sql (6.82ms)
2026/10/07 10:43:09 OK   00031_sp05_rca_postcheck.sql (7.09ms)
2026/10/07 10:43:09 OK   00032_sp05_transport_audit.sql (12.31ms)
2026/10/07 10:43:09 OK   00033_sp05_poll_resolution_clock.sql (24.11ms)
2026/10/07 10:43:09 OK   00034_sp06_investigation_ledger.sql (71.76ms)
2026/10/07 10:43:09 OK   00035_sp06_admission_data_classes.sql (12.5ms)
2026/10/07 10:43:09 goose: successfully migrated database to version: 35
2026/10/07 10:43:10 OK   00001_roles_and_schemas.sql (26.86ms)
2026/10/07 10:43:10 goose: successfully migrated database to version: 1
2026/10/07 10:43:10 OK   00002_platform_meta.sql (52.01ms)
2026/10/07 10:43:10 OK   00003_finding.sql (11.26ms)
2026/10/07 10:43:10 OK   00004_incident.sql (5.65ms)
2026/10/07 10:43:10 OK   00005_investigation.sql (11.44ms)
2026/10/07 10:43:10 OK   00006_action_command.sql (49.99ms)
2026/10/07 10:43:10 OK   00007_audit.sql (33.6ms)
2026/10/07 10:43:10 OK   00008_rls.sql (17.41ms)
2026/10/07 10:43:10 OK   00009_idempotency_ledger.sql (7.01ms)
2026/10/07 10:43:10 OK   00010_tenant_provisioning.sql (15.1ms)
2026/10/07 10:43:10 OK   00011_source_registration_history.sql (27.37ms)
2026/10/07 10:43:10 OK   00012_config_registry_lifecycle.sql (10.02ms)
2026/10/07 10:43:10 OK   00013_audit_signed_segments.sql (13.99ms)
2026/10/07 10:43:10 OK   00014_audit_segment_predecessors.sql (7.55ms)
2026/10/07 10:43:10 OK   00015_source_schema_scope.sql (4.98ms)
2026/10/07 10:43:10 OK   00016_cluster_registration_metadata.sql (11.46ms)
2026/10/07 10:43:10 OK   00017_source_data_scope.sql (12.86ms)
2026/10/07 10:43:10 OK   00018_sp04_resources_evidence.sql (15.74ms)
2026/10/07 10:43:10 OK   00019_sp04_archive_ciphertext_bytes.sql (3.71ms)
2026/10/07 10:43:10 OK   00020_sp04_request_ledger.sql (10.41ms)
2026/10/07 10:43:10 OK   00021_sp04_archive_protection.sql (6.18ms)
2026/10/07 10:43:10 OK   00022_sp04_legal_hold_dependencies.sql (10.43ms)
2026/10/07 10:43:10 OK   00023_sp04_archive_query_intent.sql (14.89ms)
2026/10/07 10:43:10 OK   00024_sp05_finding_incident.sql (74.21ms)
2026/10/07 10:43:10 OK   00025_sp05_incident_event_time.sql (6.29ms)
2026/10/07 10:43:10 OK   00026_sp05_source_binding_lock.sql (7.42ms)
2026/10/07 10:43:10 OK   00027_sp05_rca_and_poll.sql (68.48ms)
2026/10/07 10:43:10 OK   00028_sp05_operator_lock.sql (9.16ms)
2026/10/07 10:43:10 OK   00029_sp05_evidence_links.sql (33.34ms)
2026/10/07 10:43:11 OK   00030_sp05_recipe_fence.sql (6.36ms)
2026/10/07 10:43:11 OK   00031_sp05_rca_postcheck.sql (3.97ms)
2026/10/07 10:43:11 OK   00032_sp05_transport_audit.sql (3.49ms)
2026/10/07 10:43:11 OK   00033_sp05_poll_resolution_clock.sql (13.74ms)
2026/10/07 10:43:11 OK   00034_sp06_investigation_ledger.sql (46.81ms)
2026/10/07 10:43:11 OK   00035_sp06_admission_data_classes.sql (7.1ms)
2026/10/07 10:43:11 goose: successfully migrated database to version: 35
2026/10/07 10:43:27 OK   00001_roles_and_schemas.sql (27.19ms)
2026/10/07 10:43:27 goose: successfully migrated database to version: 1
2026/10/07 10:43:27 OK   00002_platform_meta.sql (49.35ms)
2026/10/07 10:43:27 OK   00003_finding.sql (24.33ms)
2026/10/07 10:43:27 OK   00004_incident.sql (25.58ms)
2026/10/07 10:43:27 OK   00005_investigation.sql (16.84ms)
2026/10/07 10:43:27 OK   00006_action_command.sql (10ms)
2026/10/07 10:43:27 OK   00007_audit.sql (35.13ms)
2026/10/07 10:43:27 OK   00008_rls.sql (32.4ms)
2026/10/07 10:43:28 OK   00009_idempotency_ledger.sql (17.11ms)
2026/10/07 10:43:28 OK   00010_tenant_provisioning.sql (16.8ms)
2026/10/07 10:43:28 OK   00011_source_registration_history.sql (17.52ms)
2026/10/07 10:43:28 OK   00012_config_registry_lifecycle.sql (38.25ms)
2026/10/07 10:43:28 OK   00013_audit_signed_segments.sql (20.5ms)
2026/10/07 10:43:28 OK   00014_audit_segment_predecessors.sql (18.56ms)
2026/10/07 10:43:28 OK   00015_source_schema_scope.sql (24.58ms)
2026/10/07 10:43:28 OK   00016_cluster_registration_metadata.sql (16.39ms)
2026/10/07 10:43:28 OK   00017_source_data_scope.sql (17.04ms)
2026/10/07 10:43:28 OK   00018_sp04_resources_evidence.sql (40.2ms)
2026/10/07 10:43:28 OK   00019_sp04_archive_ciphertext_bytes.sql (7.81ms)
2026/10/07 10:43:28 OK   00020_sp04_request_ledger.sql (9.74ms)
2026/10/07 10:43:28 OK   00021_sp04_archive_protection.sql (4.08ms)
2026/10/07 10:43:28 OK   00022_sp04_legal_hold_dependencies.sql (3.08ms)
2026/10/07 10:43:28 OK   00023_sp04_archive_query_intent.sql (3.57ms)
2026/10/07 10:43:28 OK   00024_sp05_finding_incident.sql (58.34ms)
2026/10/07 10:43:28 OK   00025_sp05_incident_event_time.sql (4.39ms)
2026/10/07 10:43:28 OK   00026_sp05_source_binding_lock.sql (3.38ms)
2026/10/07 10:43:28 OK   00027_sp05_rca_and_poll.sql (45.1ms)
2026/10/07 10:43:28 OK   00028_sp05_operator_lock.sql (11.86ms)
2026/10/07 10:43:28 OK   00029_sp05_evidence_links.sql (8.82ms)
2026/10/07 10:43:28 OK   00030_sp05_recipe_fence.sql (6.33ms)
2026/10/07 10:43:28 OK   00031_sp05_rca_postcheck.sql (4.69ms)
2026/10/07 10:43:28 OK   00032_sp05_transport_audit.sql (6.21ms)
2026/10/07 10:43:28 OK   00033_sp05_poll_resolution_clock.sql (7.25ms)
2026/10/07 10:43:28 OK   00034_sp06_investigation_ledger.sql (62.42ms)
2026/10/07 10:43:28 OK   00035_sp06_admission_data_classes.sql (3.53ms)
2026/10/07 10:43:28 goose: successfully migrated database to version: 35
2026/10/07 10:43:29 OK   00001_roles_and_schemas.sql (21.14ms)
2026/10/07 10:43:29 goose: successfully migrated database to version: 1
2026/10/07 10:43:29 OK   00002_platform_meta.sql (59ms)
2026/10/07 10:43:29 OK   00003_finding.sql (29.19ms)
2026/10/07 10:43:29 OK   00004_incident.sql (32.25ms)
2026/10/07 10:43:29 OK   00005_investigation.sql (18.14ms)
2026/10/07 10:43:29 OK   00006_action_command.sql (31.01ms)
2026/10/07 10:43:29 OK   00007_audit.sql (19.47ms)
2026/10/07 10:43:29 OK   00008_rls.sql (24.76ms)
2026/10/07 10:43:29 OK   00009_idempotency_ledger.sql (21.44ms)
2026/10/07 10:43:29 OK   00010_tenant_provisioning.sql (9.29ms)
2026/10/07 10:43:29 OK   00011_source_registration_history.sql (24.5ms)
2026/10/07 10:43:29 OK   00012_config_registry_lifecycle.sql (12.22ms)
2026/10/07 10:43:29 OK   00013_audit_signed_segments.sql (22.75ms)
2026/10/07 10:43:29 OK   00014_audit_segment_predecessors.sql (13.86ms)
2026/10/07 10:43:29 OK   00015_source_schema_scope.sql (11.34ms)
2026/10/07 10:43:29 OK   00016_cluster_registration_metadata.sql (14.67ms)
2026/10/07 10:43:29 OK   00017_source_data_scope.sql (10.44ms)
2026/10/07 10:43:29 OK   00018_sp04_resources_evidence.sql (25.11ms)
2026/10/07 10:43:29 OK   00019_sp04_archive_ciphertext_bytes.sql (4.66ms)
2026/10/07 10:43:29 OK   00020_sp04_request_ledger.sql (6.27ms)
2026/10/07 10:43:29 OK   00021_sp04_archive_protection.sql (6.22ms)
2026/10/07 10:43:29 OK   00022_sp04_legal_hold_dependencies.sql (4.31ms)
2026/10/07 10:43:29 OK   00023_sp04_archive_query_intent.sql (3.79ms)
2026/10/07 10:43:29 OK   00024_sp05_finding_incident.sql (40.55ms)
2026/10/07 10:43:29 OK   00025_sp05_incident_event_time.sql (4.04ms)
2026/10/07 10:43:29 OK   00026_sp05_source_binding_lock.sql (11.8ms)
2026/10/07 10:43:29 OK   00027_sp05_rca_and_poll.sql (47.77ms)
2026/10/07 10:43:29 OK   00028_sp05_operator_lock.sql (7.82ms)
2026/10/07 10:43:29 OK   00029_sp05_evidence_links.sql (32.74ms)
2026/10/07 10:43:29 OK   00030_sp05_recipe_fence.sql (11.58ms)
2026/10/07 10:43:29 OK   00031_sp05_rca_postcheck.sql (13.14ms)
2026/10/07 10:43:29 OK   00032_sp05_transport_audit.sql (7.38ms)
2026/10/07 10:43:29 OK   00033_sp05_poll_resolution_clock.sql (9.67ms)
2026/10/07 10:43:29 OK   00034_sp06_investigation_ledger.sql (91.23ms)
2026/10/07 10:43:29 OK   00035_sp06_admission_data_classes.sql (4.68ms)
2026/10/07 10:43:29 goose: successfully migrated database to version: 35
2026/10/07 10:43:30 OK   00001_roles_and_schemas.sql (15.31ms)
2026/10/07 10:43:30 goose: successfully migrated database to version: 1
2026/10/07 10:43:30 OK   00002_platform_meta.sql (38.93ms)
2026/10/07 10:43:30 OK   00003_finding.sql (17.89ms)
2026/10/07 10:43:30 OK   00004_incident.sql (22.74ms)
2026/10/07 10:43:30 OK   00005_investigation.sql (22.14ms)
2026/10/07 10:43:30 OK   00006_action_command.sql (22.44ms)
2026/10/07 10:43:30 OK   00007_audit.sql (25.19ms)
2026/10/07 10:43:30 OK   00008_rls.sql (35.29ms)
2026/10/07 10:43:30 OK   00009_idempotency_ledger.sql (8.18ms)
2026/10/07 10:43:30 OK   00010_tenant_provisioning.sql (4.63ms)
2026/10/07 10:43:31 OK   00011_source_registration_history.sql (28.66ms)
2026/10/07 10:43:31 OK   00012_config_registry_lifecycle.sql (22.15ms)
2026/10/07 10:43:31 OK   00013_audit_signed_segments.sql (19.92ms)
2026/10/07 10:43:31 OK   00014_audit_segment_predecessors.sql (21.55ms)
2026/10/07 10:43:31 OK   00015_source_schema_scope.sql (8.88ms)
2026/10/07 10:43:31 OK   00016_cluster_registration_metadata.sql (8.54ms)
2026/10/07 10:43:31 OK   00017_source_data_scope.sql (6.72ms)
2026/10/07 10:43:31 OK   00018_sp04_resources_evidence.sql (49.91ms)
2026/10/07 10:43:31 OK   00019_sp04_archive_ciphertext_bytes.sql (5.84ms)
2026/10/07 10:43:31 OK   00020_sp04_request_ledger.sql (14.83ms)
2026/10/07 10:43:31 OK   00021_sp04_archive_protection.sql (7.46ms)
2026/10/07 10:43:31 OK   00022_sp04_legal_hold_dependencies.sql (7.92ms)
2026/10/07 10:43:31 OK   00023_sp04_archive_query_intent.sql (15.7ms)
2026/10/07 10:43:31 OK   00024_sp05_finding_incident.sql (66.52ms)
2026/10/07 10:43:31 OK   00025_sp05_incident_event_time.sql (3.72ms)
2026/10/07 10:43:31 OK   00026_sp05_source_binding_lock.sql (3.58ms)
2026/10/07 10:43:31 OK   00027_sp05_rca_and_poll.sql (14.83ms)
2026/10/07 10:43:31 OK   00028_sp05_operator_lock.sql (6.97ms)
2026/10/07 10:43:31 OK   00029_sp05_evidence_links.sql (12.1ms)
2026/10/07 10:43:31 OK   00030_sp05_recipe_fence.sql (7.64ms)
2026/10/07 10:43:31 OK   00031_sp05_rca_postcheck.sql (8.62ms)
2026/10/07 10:43:31 OK   00032_sp05_transport_audit.sql (6.05ms)
2026/10/07 10:43:31 OK   00033_sp05_poll_resolution_clock.sql (3.48ms)
2026/10/07 10:43:31 OK   00034_sp06_investigation_ledger.sql (28.99ms)
2026/10/07 10:43:31 OK   00035_sp06_admission_data_classes.sql (8.63ms)
2026/10/07 10:43:31 goose: successfully migrated database to version: 35
2026/10/07 10:43:32 OK   00001_roles_and_schemas.sql (30.41ms)
2026/10/07 10:43:32 goose: successfully migrated database to version: 1
2026/10/07 10:43:32 OK   00002_platform_meta.sql (87.45ms)
2026/10/07 10:43:32 OK   00003_finding.sql (30.29ms)
2026/10/07 10:43:32 OK   00004_incident.sql (16.6ms)
2026/10/07 10:43:32 OK   00005_investigation.sql (19.45ms)
2026/10/07 10:43:32 OK   00006_action_command.sql (14.36ms)
2026/10/07 10:43:32 OK   00007_audit.sql (32.43ms)
2026/10/07 10:43:32 OK   00008_rls.sql (48.06ms)
2026/10/07 10:43:32 OK   00009_idempotency_ledger.sql (9.84ms)
2026/10/07 10:43:32 OK   00010_tenant_provisioning.sql (6.04ms)
2026/10/07 10:43:32 OK   00011_source_registration_history.sql (28.43ms)
2026/10/07 10:43:32 OK   00012_config_registry_lifecycle.sql (11.86ms)
2026/10/07 10:43:32 OK   00013_audit_signed_segments.sql (19.06ms)
2026/10/07 10:43:32 OK   00014_audit_segment_predecessors.sql (17.34ms)
2026/10/07 10:43:32 OK   00015_source_schema_scope.sql (5.72ms)
2026/10/07 10:43:32 OK   00016_cluster_registration_metadata.sql (16.22ms)
2026/10/07 10:43:32 OK   00017_source_data_scope.sql (5.95ms)
2026/10/07 10:43:32 OK   00018_sp04_resources_evidence.sql (50.54ms)
2026/10/07 10:43:32 OK   00019_sp04_archive_ciphertext_bytes.sql (3.92ms)
2026/10/07 10:43:32 OK   00020_sp04_request_ledger.sql (4.93ms)
2026/10/07 10:43:32 OK   00021_sp04_archive_protection.sql (6.94ms)
2026/10/07 10:43:32 OK   00022_sp04_legal_hold_dependencies.sql (12.75ms)
2026/10/07 10:43:32 OK   00023_sp04_archive_query_intent.sql (17.67ms)
2026/10/07 10:43:32 OK   00024_sp05_finding_incident.sql (58.83ms)
2026/10/07 10:43:32 OK   00025_sp05_incident_event_time.sql (14.06ms)
2026/10/07 10:43:32 OK   00026_sp05_source_binding_lock.sql (7.5ms)
2026/10/07 10:43:32 OK   00027_sp05_rca_and_poll.sql (23.16ms)
2026/10/07 10:43:32 OK   00028_sp05_operator_lock.sql (10.12ms)
2026/10/07 10:43:32 OK   00029_sp05_evidence_links.sql (27.72ms)
2026/10/07 10:43:32 OK   00030_sp05_recipe_fence.sql (4.36ms)
2026/10/07 10:43:32 OK   00031_sp05_rca_postcheck.sql (3.08ms)
2026/10/07 10:43:32 OK   00032_sp05_transport_audit.sql (4.12ms)
2026/10/07 10:43:32 OK   00033_sp05_poll_resolution_clock.sql (5.87ms)
2026/10/07 10:43:32 OK   00034_sp06_investigation_ledger.sql (65.49ms)
2026/10/07 10:43:32 OK   00035_sp06_admission_data_classes.sql (4.96ms)
2026/10/07 10:43:32 goose: successfully migrated database to version: 35
2026/10/07 10:43:33 OK   00001_roles_and_schemas.sql (30.71ms)
2026/10/07 10:43:33 goose: successfully migrated database to version: 1
2026/10/07 10:43:33 OK   00002_platform_meta.sql (74.12ms)
2026/10/07 10:43:33 OK   00003_finding.sql (26.99ms)
2026/10/07 10:43:33 OK   00004_incident.sql (17.05ms)
2026/10/07 10:43:33 OK   00005_investigation.sql (25.09ms)
2026/10/07 10:43:33 OK   00006_action_command.sql (11.45ms)
2026/10/07 10:43:33 OK   00007_audit.sql (23.1ms)
2026/10/07 10:43:33 OK   00008_rls.sql (34.91ms)
2026/10/07 10:43:33 OK   00009_idempotency_ledger.sql (15.92ms)
2026/10/07 10:43:33 OK   00010_tenant_provisioning.sql (4.51ms)
2026/10/07 10:43:33 OK   00011_source_registration_history.sql (45.83ms)
2026/10/07 10:43:33 OK   00012_config_registry_lifecycle.sql (53.49ms)
2026/10/07 10:43:33 OK   00013_audit_signed_segments.sql (51.78ms)
2026/10/07 10:43:34 OK   00014_audit_segment_predecessors.sql (45.4ms)
2026/10/07 10:43:34 OK   00015_source_schema_scope.sql (4.85ms)
2026/10/07 10:43:34 OK   00016_cluster_registration_metadata.sql (4.92ms)
2026/10/07 10:43:34 OK   00017_source_data_scope.sql (3.92ms)
2026/10/07 10:43:34 OK   00018_sp04_resources_evidence.sql (37.78ms)
2026/10/07 10:43:34 OK   00019_sp04_archive_ciphertext_bytes.sql (10.7ms)
2026/10/07 10:43:34 OK   00020_sp04_request_ledger.sql (6.4ms)
2026/10/07 10:43:34 OK   00021_sp04_archive_protection.sql (9.56ms)
2026/10/07 10:43:34 OK   00022_sp04_legal_hold_dependencies.sql (15.53ms)
2026/10/07 10:43:34 OK   00023_sp04_archive_query_intent.sql (6.01ms)
2026/10/07 10:43:34 OK   00024_sp05_finding_incident.sql (42.59ms)
2026/10/07 10:43:34 OK   00025_sp05_incident_event_time.sql (12.48ms)
2026/10/07 10:43:34 OK   00026_sp05_source_binding_lock.sql (20.06ms)
2026/10/07 10:43:34 OK   00027_sp05_rca_and_poll.sql (32.17ms)
2026/10/07 10:43:34 OK   00028_sp05_operator_lock.sql (12.58ms)
2026/10/07 10:43:34 OK   00029_sp05_evidence_links.sql (17.93ms)
2026/10/07 10:43:34 OK   00030_sp05_recipe_fence.sql (23.4ms)
2026/10/07 10:43:34 OK   00031_sp05_rca_postcheck.sql (3.77ms)
2026/10/07 10:43:34 OK   00032_sp05_transport_audit.sql (3.55ms)
2026/10/07 10:43:34 OK   00033_sp05_poll_resolution_clock.sql (3.61ms)
2026/10/07 10:43:34 OK   00034_sp06_investigation_ledger.sql (66.65ms)
2026/10/07 10:43:34 OK   00035_sp06_admission_data_classes.sql (8.47ms)
2026/10/07 10:43:34 goose: successfully migrated database to version: 35
2026/10/07 10:43:35 OK   00001_roles_and_schemas.sql (77.96ms)
2026/10/07 10:43:35 goose: successfully migrated database to version: 1
2026/10/07 10:43:35 OK   00002_platform_meta.sql (71.39ms)
2026/10/07 10:43:35 OK   00003_finding.sql (54.05ms)
2026/10/07 10:43:35 OK   00004_incident.sql (48.21ms)
2026/10/07 10:43:35 OK   00005_investigation.sql (19.11ms)
2026/10/07 10:43:35 OK   00006_action_command.sql (33.96ms)
2026/10/07 10:43:35 OK   00007_audit.sql (50.64ms)
2026/10/07 10:43:35 OK   00008_rls.sql (21.01ms)
2026/10/07 10:43:35 OK   00009_idempotency_ledger.sql (23.77ms)
2026/10/07 10:43:35 OK   00010_tenant_provisioning.sql (13.37ms)
2026/10/07 10:43:35 OK   00011_source_registration_history.sql (20.42ms)
2026/10/07 10:43:35 OK   00012_config_registry_lifecycle.sql (24.06ms)
2026/10/07 10:43:35 OK   00013_audit_signed_segments.sql (61.21ms)
2026/10/07 10:43:35 OK   00014_audit_segment_predecessors.sql (8.35ms)
2026/10/07 10:43:35 OK   00015_source_schema_scope.sql (4.69ms)
2026/10/07 10:43:35 OK   00016_cluster_registration_metadata.sql (5.21ms)
2026/10/07 10:43:35 OK   00017_source_data_scope.sql (7.13ms)
2026/10/07 10:43:35 OK   00018_sp04_resources_evidence.sql (55.6ms)
2026/10/07 10:43:35 OK   00019_sp04_archive_ciphertext_bytes.sql (10.66ms)
2026/10/07 10:43:35 OK   00020_sp04_request_ledger.sql (17.28ms)
2026/10/07 10:43:35 OK   00021_sp04_archive_protection.sql (6.42ms)
2026/10/07 10:43:35 OK   00022_sp04_legal_hold_dependencies.sql (6.61ms)
2026/10/07 10:43:35 OK   00023_sp04_archive_query_intent.sql (4.42ms)
2026/10/07 10:43:35 OK   00024_sp05_finding_incident.sql (92.15ms)
2026/10/07 10:43:35 OK   00025_sp05_incident_event_time.sql (9.64ms)
2026/10/07 10:43:36 OK   00026_sp05_source_binding_lock.sql (17.62ms)
2026/10/07 10:43:36 OK   00027_sp05_rca_and_poll.sql (25.55ms)
2026/10/07 10:43:36 OK   00028_sp05_operator_lock.sql (19.17ms)
2026/10/07 10:43:36 OK   00029_sp05_evidence_links.sql (14.18ms)
2026/10/07 10:43:36 OK   00030_sp05_recipe_fence.sql (6.55ms)
2026/10/07 10:43:36 OK   00031_sp05_rca_postcheck.sql (6.86ms)
2026/10/07 10:43:36 OK   00032_sp05_transport_audit.sql (14.1ms)
2026/10/07 10:43:36 OK   00033_sp05_poll_resolution_clock.sql (11.83ms)
2026/10/07 10:43:36 OK   00034_sp06_investigation_ledger.sql (67.98ms)
2026/10/07 10:43:36 OK   00035_sp06_admission_data_classes.sql (15.18ms)
2026/10/07 10:43:36 goose: successfully migrated database to version: 35
2026/10/07 10:43:37 OK   00001_roles_and_schemas.sql (55.12ms)
2026/10/07 10:43:37 goose: successfully migrated database to version: 1
2026/10/07 10:43:37 OK   00002_platform_meta.sql (121.92ms)
2026/10/07 10:43:37 OK   00003_finding.sql (37.1ms)
2026/10/07 10:43:37 OK   00004_incident.sql (16.03ms)
2026/10/07 10:43:37 OK   00005_investigation.sql (25.79ms)
2026/10/07 10:43:37 OK   00006_action_command.sql (27.17ms)
2026/10/07 10:43:37 OK   00007_audit.sql (20.47ms)
2026/10/07 10:43:37 OK   00008_rls.sql (16.83ms)
2026/10/07 10:43:37 OK   00009_idempotency_ledger.sql (18.11ms)
2026/10/07 10:43:37 OK   00010_tenant_provisioning.sql (9.23ms)
2026/10/07 10:43:37 OK   00011_source_registration_history.sql (7.18ms)
2026/10/07 10:43:37 OK   00012_config_registry_lifecycle.sql (10.22ms)
2026/10/07 10:43:37 OK   00013_audit_signed_segments.sql (30.89ms)
2026/10/07 10:43:37 OK   00014_audit_segment_predecessors.sql (17.86ms)
2026/10/07 10:43:37 OK   00015_source_schema_scope.sql (5.86ms)
2026/10/07 10:43:37 OK   00016_cluster_registration_metadata.sql (4.56ms)
2026/10/07 10:43:37 OK   00017_source_data_scope.sql (12.56ms)
2026/10/07 10:43:37 OK   00018_sp04_resources_evidence.sql (101.43ms)
2026/10/07 10:43:37 OK   00019_sp04_archive_ciphertext_bytes.sql (7.6ms)
2026/10/07 10:43:37 OK   00020_sp04_request_ledger.sql (9.41ms)
2026/10/07 10:43:37 OK   00021_sp04_archive_protection.sql (3.83ms)
2026/10/07 10:43:37 OK   00022_sp04_legal_hold_dependencies.sql (2.63ms)
2026/10/07 10:43:37 OK   00023_sp04_archive_query_intent.sql (2.89ms)
2026/10/07 10:43:37 OK   00024_sp05_finding_incident.sql (43.78ms)
2026/10/07 10:43:37 OK   00025_sp05_incident_event_time.sql (2.99ms)
2026/10/07 10:43:37 OK   00026_sp05_source_binding_lock.sql (3.41ms)
2026/10/07 10:43:37 OK   00027_sp05_rca_and_poll.sql (40.1ms)
2026/10/07 10:43:37 OK   00028_sp05_operator_lock.sql (9.33ms)
2026/10/07 10:43:37 OK   00029_sp05_evidence_links.sql (6.99ms)
2026/10/07 10:43:37 OK   00030_sp05_recipe_fence.sql (6.58ms)
2026/10/07 10:43:37 OK   00031_sp05_rca_postcheck.sql (7.84ms)
2026/10/07 10:43:37 OK   00032_sp05_transport_audit.sql (8.74ms)
2026/10/07 10:43:37 OK   00033_sp05_poll_resolution_clock.sql (20.24ms)
2026/10/07 10:43:37 OK   00034_sp06_investigation_ledger.sql (50.32ms)
2026/10/07 10:43:37 OK   00035_sp06_admission_data_classes.sql (12.33ms)
2026/10/07 10:43:37 goose: successfully migrated database to version: 35
2026/10/07 10:43:38 OK   00001_roles_and_schemas.sql (24.2ms)
2026/10/07 10:43:38 goose: successfully migrated database to version: 1
2026/10/07 10:43:38 OK   00002_platform_meta.sql (82.11ms)
2026/10/07 10:43:38 OK   00003_finding.sql (17.96ms)
2026/10/07 10:43:38 OK   00004_incident.sql (24.67ms)
2026/10/07 10:43:38 OK   00005_investigation.sql (9.63ms)
2026/10/07 10:43:38 OK   00006_action_command.sql (17ms)
2026/10/07 10:43:38 OK   00007_audit.sql (24.42ms)
2026/10/07 10:43:38 OK   00008_rls.sql (11.63ms)
2026/10/07 10:43:38 OK   00009_idempotency_ledger.sql (7.17ms)
2026/10/07 10:43:38 OK   00010_tenant_provisioning.sql (4.1ms)
2026/10/07 10:43:38 OK   00011_source_registration_history.sql (25.74ms)
2026/10/07 10:43:38 OK   00012_config_registry_lifecycle.sql (17.39ms)
2026/10/07 10:43:38 OK   00013_audit_signed_segments.sql (35.52ms)
2026/10/07 10:43:38 OK   00014_audit_segment_predecessors.sql (16.88ms)
2026/10/07 10:43:38 OK   00015_source_schema_scope.sql (3.33ms)
2026/10/07 10:43:38 OK   00016_cluster_registration_metadata.sql (4.36ms)
2026/10/07 10:43:38 OK   00017_source_data_scope.sql (6.82ms)
2026/10/07 10:43:39 OK   00018_sp04_resources_evidence.sql (39.56ms)
2026/10/07 10:43:39 OK   00019_sp04_archive_ciphertext_bytes.sql (4.39ms)
2026/10/07 10:43:39 OK   00020_sp04_request_ledger.sql (38.04ms)
2026/10/07 10:43:39 OK   00021_sp04_archive_protection.sql (3.27ms)
2026/10/07 10:43:39 OK   00022_sp04_legal_hold_dependencies.sql (2.65ms)
2026/10/07 10:43:39 OK   00023_sp04_archive_query_intent.sql (2.71ms)
2026/10/07 10:43:39 OK   00024_sp05_finding_incident.sql (36.46ms)
2026/10/07 10:43:39 OK   00025_sp05_incident_event_time.sql (9.65ms)
2026/10/07 10:43:39 OK   00026_sp05_source_binding_lock.sql (3.83ms)
2026/10/07 10:43:39 OK   00027_sp05_rca_and_poll.sql (8.93ms)
2026/10/07 10:43:39 OK   00028_sp05_operator_lock.sql (4.32ms)
2026/10/07 10:43:39 OK   00029_sp05_evidence_links.sql (38.03ms)
2026/10/07 10:43:39 OK   00030_sp05_recipe_fence.sql (4.86ms)
2026/10/07 10:43:39 OK   00031_sp05_rca_postcheck.sql (11.49ms)
2026/10/07 10:43:39 OK   00032_sp05_transport_audit.sql (8.55ms)
2026/10/07 10:43:39 OK   00033_sp05_poll_resolution_clock.sql (9.55ms)
2026/10/07 10:43:39 OK   00034_sp06_investigation_ledger.sql (64.76ms)
2026/10/07 10:43:39 OK   00035_sp06_admission_data_classes.sql (4.15ms)
2026/10/07 10:43:39 goose: successfully migrated database to version: 35
2026/10/07 10:43:42 OK   00001_roles_and_schemas.sql (45.33ms)
2026/10/07 10:43:42 goose: successfully migrated database to version: 1
2026/10/07 10:43:42 OK   00002_platform_meta.sql (54.03ms)
2026/10/07 10:43:42 OK   00003_finding.sql (34.61ms)
2026/10/07 10:43:42 OK   00004_incident.sql (17.51ms)
2026/10/07 10:43:42 OK   00005_investigation.sql (11.55ms)
2026/10/07 10:43:42 OK   00006_action_command.sql (11.52ms)
2026/10/07 10:43:42 OK   00007_audit.sql (44.29ms)
2026/10/07 10:43:42 OK   00008_rls.sql (11.22ms)
2026/10/07 10:43:42 OK   00009_idempotency_ledger.sql (18.9ms)
2026/10/07 10:43:42 OK   00010_tenant_provisioning.sql (26.76ms)
2026/10/07 10:43:43 OK   00011_source_registration_history.sql (11.3ms)
2026/10/07 10:43:43 OK   00012_config_registry_lifecycle.sql (14.84ms)
2026/10/07 10:43:43 OK   00013_audit_signed_segments.sql (30.95ms)
2026/10/07 10:43:43 OK   00014_audit_segment_predecessors.sql (24.77ms)
2026/10/07 10:43:43 OK   00015_source_schema_scope.sql (9.51ms)
2026/10/07 10:43:43 OK   00016_cluster_registration_metadata.sql (8.12ms)
2026/10/07 10:43:43 OK   00017_source_data_scope.sql (7.61ms)
2026/10/07 10:43:43 OK   00018_sp04_resources_evidence.sql (33.98ms)
2026/10/07 10:43:43 OK   00019_sp04_archive_ciphertext_bytes.sql (8.25ms)
2026/10/07 10:43:43 OK   00020_sp04_request_ledger.sql (8.45ms)
2026/10/07 10:43:43 OK   00021_sp04_archive_protection.sql (4.24ms)
2026/10/07 10:43:43 OK   00022_sp04_legal_hold_dependencies.sql (3.91ms)
2026/10/07 10:43:43 OK   00023_sp04_archive_query_intent.sql (3.77ms)
2026/10/07 10:43:43 OK   00024_sp05_finding_incident.sql (49.7ms)
2026/10/07 10:43:43 OK   00025_sp05_incident_event_time.sql (3.85ms)
2026/10/07 10:43:43 OK   00026_sp05_source_binding_lock.sql (3.52ms)
2026/10/07 10:43:43 OK   00027_sp05_rca_and_poll.sql (12.31ms)
2026/10/07 10:43:43 OK   00028_sp05_operator_lock.sql (6.95ms)
2026/10/07 10:43:43 OK   00029_sp05_evidence_links.sql (17.29ms)
2026/10/07 10:43:43 OK   00030_sp05_recipe_fence.sql (12.85ms)
2026/10/07 10:43:43 OK   00031_sp05_rca_postcheck.sql (12.02ms)
2026/10/07 10:43:43 OK   00032_sp05_transport_audit.sql (3.45ms)
2026/10/07 10:43:43 OK   00033_sp05_poll_resolution_clock.sql (7.98ms)
2026/10/07 10:43:43 OK   00034_sp06_investigation_ledger.sql (53.84ms)
2026/10/07 10:43:43 OK   00035_sp06_admission_data_classes.sql (4.49ms)
2026/10/07 10:43:43 goose: successfully migrated database to version: 35
2026/10/07 10:43:44 OK   00001_roles_and_schemas.sql (54.93ms)
2026/10/07 10:43:44 goose: successfully migrated database to version: 1
2026/10/07 10:43:44 OK   00002_platform_meta.sql (48.69ms)
2026/10/07 10:43:44 OK   00003_finding.sql (21.64ms)
2026/10/07 10:43:44 OK   00004_incident.sql (18.3ms)
2026/10/07 10:43:44 OK   00005_investigation.sql (17.1ms)
2026/10/07 10:43:44 OK   00006_action_command.sql (18.74ms)
2026/10/07 10:43:44 OK   00007_audit.sql (30.71ms)
2026/10/07 10:43:44 OK   00008_rls.sql (20.58ms)
2026/10/07 10:43:44 OK   00009_idempotency_ledger.sql (10.61ms)
2026/10/07 10:43:44 OK   00010_tenant_provisioning.sql (4.78ms)
2026/10/07 10:43:44 OK   00011_source_registration_history.sql (12.03ms)
2026/10/07 10:43:44 OK   00012_config_registry_lifecycle.sql (29.02ms)
2026/10/07 10:43:44 OK   00013_audit_signed_segments.sql (23.73ms)
2026/10/07 10:43:44 OK   00014_audit_segment_predecessors.sql (51.04ms)
2026/10/07 10:43:44 OK   00015_source_schema_scope.sql (22.17ms)
2026/10/07 10:43:44 OK   00016_cluster_registration_metadata.sql (6.45ms)
2026/10/07 10:43:44 OK   00017_source_data_scope.sql (4.48ms)
2026/10/07 10:43:44 OK   00018_sp04_resources_evidence.sql (41ms)
2026/10/07 10:43:44 OK   00019_sp04_archive_ciphertext_bytes.sql (9.12ms)
2026/10/07 10:43:44 OK   00020_sp04_request_ledger.sql (5.38ms)
2026/10/07 10:43:44 OK   00021_sp04_archive_protection.sql (3.39ms)
2026/10/07 10:43:44 OK   00022_sp04_legal_hold_dependencies.sql (2.65ms)
2026/10/07 10:43:44 OK   00023_sp04_archive_query_intent.sql (3.67ms)
2026/10/07 10:43:44 OK   00024_sp05_finding_incident.sql (49.36ms)
2026/10/07 10:43:44 OK   00025_sp05_incident_event_time.sql (8.52ms)
2026/10/07 10:43:44 OK   00026_sp05_source_binding_lock.sql (5.33ms)
2026/10/07 10:43:44 OK   00027_sp05_rca_and_poll.sql (17.79ms)
2026/10/07 10:43:44 OK   00028_sp05_operator_lock.sql (9.79ms)
2026/10/07 10:43:44 OK   00029_sp05_evidence_links.sql (10.89ms)
2026/10/07 10:43:44 OK   00030_sp05_recipe_fence.sql (6.28ms)
2026/10/07 10:43:44 OK   00031_sp05_rca_postcheck.sql (6.45ms)
2026/10/07 10:43:44 OK   00032_sp05_transport_audit.sql (8.77ms)
2026/10/07 10:43:44 OK   00033_sp05_poll_resolution_clock.sql (11.26ms)
2026/10/07 10:43:44 OK   00034_sp06_investigation_ledger.sql (37.32ms)
2026/10/07 10:43:44 OK   00035_sp06_admission_data_classes.sql (6.28ms)
2026/10/07 10:43:44 goose: successfully migrated database to version: 35
2026/10/07 10:43:45 OK   00001_roles_and_schemas.sql (15.26ms)
2026/10/07 10:43:45 goose: successfully migrated database to version: 1
2026/10/07 10:43:45 OK   00002_platform_meta.sql (58.46ms)
2026/10/07 10:43:45 OK   00003_finding.sql (44.38ms)
2026/10/07 10:43:45 OK   00004_incident.sql (35.3ms)
2026/10/07 10:43:45 OK   00005_investigation.sql (18.21ms)
2026/10/07 10:43:45 OK   00006_action_command.sql (21.08ms)
2026/10/07 10:43:45 OK   00007_audit.sql (27.91ms)
2026/10/07 10:43:45 OK   00008_rls.sql (10.95ms)
2026/10/07 10:43:45 OK   00009_idempotency_ledger.sql (46.45ms)
2026/10/07 10:43:45 OK   00010_tenant_provisioning.sql (14.91ms)
2026/10/07 10:43:46 OK   00011_source_registration_history.sql (20.6ms)
2026/10/07 10:43:46 OK   00012_config_registry_lifecycle.sql (24.59ms)
2026/10/07 10:43:46 OK   00013_audit_signed_segments.sql (41.43ms)
2026/10/07 10:43:46 OK   00014_audit_segment_predecessors.sql (14.32ms)
2026/10/07 10:43:46 OK   00015_source_schema_scope.sql (4.46ms)
2026/10/07 10:43:46 OK   00016_cluster_registration_metadata.sql (8.91ms)
2026/10/07 10:43:46 OK   00017_source_data_scope.sql (10.67ms)
2026/10/07 10:43:46 OK   00018_sp04_resources_evidence.sql (39.38ms)
2026/10/07 10:43:46 OK   00019_sp04_archive_ciphertext_bytes.sql (10.84ms)
2026/10/07 10:43:46 OK   00020_sp04_request_ledger.sql (7.57ms)
2026/10/07 10:43:46 OK   00021_sp04_archive_protection.sql (6.34ms)
2026/10/07 10:43:46 OK   00022_sp04_legal_hold_dependencies.sql (4.17ms)
2026/10/07 10:43:46 OK   00023_sp04_archive_query_intent.sql (11.34ms)
2026/10/07 10:43:46 OK   00024_sp05_finding_incident.sql (48.76ms)
2026/10/07 10:43:46 OK   00025_sp05_incident_event_time.sql (11.81ms)
2026/10/07 10:43:46 OK   00026_sp05_source_binding_lock.sql (5.22ms)
2026/10/07 10:43:46 OK   00027_sp05_rca_and_poll.sql (17.39ms)
2026/10/07 10:43:46 OK   00028_sp05_operator_lock.sql (10.26ms)
2026/10/07 10:43:46 OK   00029_sp05_evidence_links.sql (17.86ms)
2026/10/07 10:43:46 OK   00030_sp05_recipe_fence.sql (21.88ms)
2026/10/07 10:43:46 OK   00031_sp05_rca_postcheck.sql (5.97ms)
2026/10/07 10:43:46 OK   00032_sp05_transport_audit.sql (4.1ms)
2026/10/07 10:43:46 OK   00033_sp05_poll_resolution_clock.sql (14.27ms)
2026/10/07 10:43:46 OK   00034_sp06_investigation_ledger.sql (70.8ms)
2026/10/07 10:43:46 OK   00035_sp06_admission_data_classes.sql (5.95ms)
2026/10/07 10:43:46 goose: successfully migrated database to version: 35
2026/10/07 10:43:52 OK   00001_roles_and_schemas.sql (31.1ms)
2026/10/07 10:43:52 goose: successfully migrated database to version: 1
2026/10/07 10:43:52 OK   00002_platform_meta.sql (57.33ms)
2026/10/07 10:43:52 OK   00003_finding.sql (58.38ms)
2026/10/07 10:43:52 OK   00004_incident.sql (8.09ms)
2026/10/07 10:43:52 OK   00005_investigation.sql (20.2ms)
2026/10/07 10:43:52 OK   00006_action_command.sql (52.42ms)
2026/10/07 10:43:52 OK   00007_audit.sql (13.2ms)
2026/10/07 10:43:52 OK   00008_rls.sql (30.76ms)
2026/10/07 10:43:52 OK   00009_idempotency_ledger.sql (19.08ms)
2026/10/07 10:43:52 OK   00010_tenant_provisioning.sql (8.65ms)
2026/10/07 10:43:52 OK   00011_source_registration_history.sql (9.69ms)
2026/10/07 10:43:52 OK   00012_config_registry_lifecycle.sql (25.55ms)
2026/10/07 10:43:52 OK   00013_audit_signed_segments.sql (25.53ms)
2026/10/07 10:43:52 OK   00014_audit_segment_predecessors.sql (13.56ms)
2026/10/07 10:43:52 OK   00015_source_schema_scope.sql (10.8ms)
2026/10/07 10:43:52 OK   00016_cluster_registration_metadata.sql (6.67ms)
2026/10/07 10:43:52 OK   00017_source_data_scope.sql (14.38ms)
2026/10/07 10:43:52 OK   00018_sp04_resources_evidence.sql (41.26ms)
2026/10/07 10:43:52 OK   00019_sp04_archive_ciphertext_bytes.sql (2.67ms)
2026/10/07 10:43:52 OK   00020_sp04_request_ledger.sql (4.02ms)
2026/10/07 10:43:52 OK   00021_sp04_archive_protection.sql (2.74ms)
2026/10/07 10:43:52 OK   00022_sp04_legal_hold_dependencies.sql (2.03ms)
2026/10/07 10:43:52 OK   00023_sp04_archive_query_intent.sql (2.35ms)
2026/10/07 10:43:52 OK   00024_sp05_finding_incident.sql (43.95ms)
2026/10/07 10:43:52 OK   00025_sp05_incident_event_time.sql (2.93ms)
2026/10/07 10:43:52 OK   00026_sp05_source_binding_lock.sql (3.4ms)
2026/10/07 10:43:52 OK   00027_sp05_rca_and_poll.sql (13.27ms)
2026/10/07 10:43:52 OK   00028_sp05_operator_lock.sql (6.03ms)
2026/10/07 10:43:52 OK   00029_sp05_evidence_links.sql (29.93ms)
2026/10/07 10:43:52 OK   00030_sp05_recipe_fence.sql (6.63ms)
2026/10/07 10:43:52 OK   00031_sp05_rca_postcheck.sql (5.36ms)
2026/10/07 10:43:52 OK   00032_sp05_transport_audit.sql (3.58ms)
2026/10/07 10:43:52 OK   00033_sp05_poll_resolution_clock.sql (3.68ms)
2026/10/07 10:43:52 OK   00034_sp06_investigation_ledger.sql (48.09ms)
2026/10/07 10:43:52 OK   00035_sp06_admission_data_classes.sql (4.76ms)
2026/10/07 10:43:52 goose: successfully migrated database to version: 35
2026/10/07 10:44:18 OK   00001_roles_and_schemas.sql (39.58ms)
2026/10/07 10:44:18 OK   00002_platform_meta.sql (26.39ms)
2026/10/07 10:44:18 OK   00003_finding.sql (25.51ms)
2026/10/07 10:44:18 OK   00004_incident.sql (22.48ms)
2026/10/07 10:44:18 OK   00005_investigation.sql (9.31ms)
2026/10/07 10:44:18 OK   00006_action_command.sql (18.89ms)
2026/10/07 10:44:18 OK   00007_audit.sql (33.81ms)
2026/10/07 10:44:18 OK   00008_rls.sql (25.1ms)
2026/10/07 10:44:18 OK   00009_idempotency_ledger.sql (36.35ms)
2026/10/07 10:44:18 OK   00010_tenant_provisioning.sql (13.64ms)
2026/10/07 10:44:18 OK   00011_source_registration_history.sql (22.91ms)
2026/10/07 10:44:18 OK   00012_config_registry_lifecycle.sql (16.87ms)
2026/10/07 10:44:18 OK   00013_audit_signed_segments.sql (35.17ms)
2026/10/07 10:44:18 OK   00014_audit_segment_predecessors.sql (12.28ms)
2026/10/07 10:44:18 OK   00015_source_schema_scope.sql (4.36ms)
2026/10/07 10:44:18 OK   00016_cluster_registration_metadata.sql (5.08ms)
2026/10/07 10:44:18 OK   00017_source_data_scope.sql (13.96ms)
2026/10/07 10:44:18 OK   00018_sp04_resources_evidence.sql (58.98ms)
2026/10/07 10:44:18 OK   00019_sp04_archive_ciphertext_bytes.sql (6.61ms)
2026/10/07 10:44:18 OK   00020_sp04_request_ledger.sql (14.93ms)
2026/10/07 10:44:18 OK   00021_sp04_archive_protection.sql (13.07ms)
2026/10/07 10:44:18 OK   00022_sp04_legal_hold_dependencies.sql (11.11ms)
2026/10/07 10:44:18 OK   00023_sp04_archive_query_intent.sql (6.18ms)
2026/10/07 10:44:18 OK   00024_sp05_finding_incident.sql (42.16ms)
2026/10/07 10:44:18 OK   00025_sp05_incident_event_time.sql (9.16ms)
2026/10/07 10:44:18 OK   00026_sp05_source_binding_lock.sql (11.58ms)
2026/10/07 10:44:18 OK   00027_sp05_rca_and_poll.sql (14.18ms)
2026/10/07 10:44:18 OK   00028_sp05_operator_lock.sql (10.33ms)
2026/10/07 10:44:18 OK   00029_sp05_evidence_links.sql (27.54ms)
2026/10/07 10:44:18 OK   00030_sp05_recipe_fence.sql (10.91ms)
2026/10/07 10:44:18 OK   00031_sp05_rca_postcheck.sql (13.27ms)
2026/10/07 10:44:18 OK   00032_sp05_transport_audit.sql (10.28ms)
2026/10/07 10:44:18 OK   00033_sp05_poll_resolution_clock.sql (7.27ms)
2026/10/07 10:44:18 OK   00034_sp06_investigation_ledger.sql (50.18ms)
2026/10/07 10:44:18 OK   00035_sp06_admission_data_classes.sql (4.39ms)
2026/10/07 10:44:18 goose: successfully migrated database to version: 35
2026/10/07 10:44:19 OK   00001_roles_and_schemas.sql (27.52ms)
2026/10/07 10:44:19 goose: successfully migrated database to version: 1
2026/10/07 10:44:19 OK   00002_platform_meta.sql (50.32ms)
2026/10/07 10:44:19 OK   00003_finding.sql (23.56ms)
2026/10/07 10:44:19 OK   00004_incident.sql (37.39ms)
2026/10/07 10:44:19 OK   00005_investigation.sql (34.27ms)
2026/10/07 10:44:19 OK   00006_action_command.sql (16.11ms)
2026/10/07 10:44:19 OK   00007_audit.sql (13.06ms)
2026/10/07 10:44:19 OK   00008_rls.sql (34.62ms)
2026/10/07 10:44:19 OK   00009_idempotency_ledger.sql (20.31ms)
2026/10/07 10:44:19 OK   00010_tenant_provisioning.sql (35.38ms)
2026/10/07 10:44:19 OK   00011_source_registration_history.sql (45.44ms)
2026/10/07 10:44:19 OK   00012_config_registry_lifecycle.sql (50.2ms)
2026/10/07 10:44:19 OK   00013_audit_signed_segments.sql (93.62ms)
2026/10/07 10:44:19 OK   00014_audit_segment_predecessors.sql (11.73ms)
2026/10/07 10:44:19 OK   00015_source_schema_scope.sql (7.08ms)
2026/10/07 10:44:19 OK   00016_cluster_registration_metadata.sql (14.89ms)
2026/10/07 10:44:19 OK   00017_source_data_scope.sql (10.49ms)
2026/10/07 10:44:19 OK   00018_sp04_resources_evidence.sql (20.43ms)
2026/10/07 10:44:19 OK   00019_sp04_archive_ciphertext_bytes.sql (4.85ms)
2026/10/07 10:44:19 OK   00020_sp04_request_ledger.sql (13.53ms)
2026/10/07 10:44:19 OK   00021_sp04_archive_protection.sql (11.74ms)
2026/10/07 10:44:19 OK   00022_sp04_legal_hold_dependencies.sql (4.07ms)
2026/10/07 10:44:19 OK   00023_sp04_archive_query_intent.sql (9.05ms)
2026/10/07 10:44:19 OK   00024_sp05_finding_incident.sql (50.2ms)
2026/10/07 10:44:19 OK   00025_sp05_incident_event_time.sql (4ms)
2026/10/07 10:44:19 OK   00026_sp05_source_binding_lock.sql (3.61ms)
2026/10/07 10:44:19 OK   00027_sp05_rca_and_poll.sql (9.89ms)
2026/10/07 10:44:19 OK   00028_sp05_operator_lock.sql (4.44ms)
2026/10/07 10:44:19 OK   00029_sp05_evidence_links.sql (18.02ms)
2026/10/07 10:44:19 OK   00030_sp05_recipe_fence.sql (14.21ms)
2026/10/07 10:44:19 OK   00031_sp05_rca_postcheck.sql (3.35ms)
2026/10/07 10:44:19 OK   00032_sp05_transport_audit.sql (5.43ms)
2026/10/07 10:44:19 OK   00033_sp05_poll_resolution_clock.sql (4.17ms)
2026/10/07 10:44:19 OK   00034_sp06_investigation_ledger.sql (35.35ms)
2026/10/07 10:44:19 OK   00035_sp06_admission_data_classes.sql (13.05ms)
2026/10/07 10:44:19 goose: successfully migrated database to version: 35
FAIL
FAIL	ops-platform/test/integration	936.559s
ok  	ops-platform/test/security	(cached)
?   	ops-platform/test/tools/sp05-analyzer-check	[no test files]
?   	ops-platform/test/tools/sp05-worker-check	[no test files]
?   	ops-platform/test/tools/sp06-dispatcher-process	[no test files]
FAIL
make: *** [test-unit] Error 1
