python3 scripts/check-generated.py "go" gen web/src/api/generated internal/persistence/dbgen services/investigator/src/investigator/output.schema.json
✓ Lockfile passes supply-chain policies (verified 10d ago)
Lockfile is up to date, resolution step is skipped
Already up to date
Done in 254ms using pnpm v12.7.0
$ orval --config ./orval.config.ts
🍻 orval v8.37.0 - A swagger client generator for typescript
platform - Cleaning output folder
platform - 🎉 Smart Operations Platform API - Your OpenAPI spec has been converted into ready to use orval!
python3 scripts/prepare-runtime-source.py --check
{"modules": 98, "selectedModuleFiles": 2993, "standardLibraryFiles": 1386, "sourceBundleSHA256": "sha256:9628d31da79f4d4fcbffb303796aa805ee0508e732c66f203f2f330fb9bbe903"}
python3 scripts/prepare-migration-source.py --check
{"modules": 10, "selectedModuleFiles": 296, "standardLibraryFiles": 1129, "sourceBundleSHA256": "sha256:7eae032b1b99f0aec4b0ddbc6398e304fabeb68c176cf502c8c0f83bbc8d7639"}
go vet ./...
?   	ops-platform/api	[no test files]
?   	ops-platform/artifacts	[no test files]
?   	ops-platform/artifacts/pre-sp07/business-values-validation-r1	[no test files]
?   	ops-platform/artifacts/pre-sp07/checkpoint-observer-r1	[no test files]
?   	ops-platform/artifacts/task27-materials/sp010203-bao-operator	[no test files]
?   	ops-platform/artifacts/task27-materials/sp010203-cleanup-operator	[no test files]
?   	ops-platform/artifacts/task27-materials/sp010203-live-runtime-probe	[no test files]
?   	ops-platform/artifacts/task27-materials/sp010203-operator-helper	[no test files]
?   	ops-platform/artifacts/task27-materials/sp010203-role-probe	[no test files]
?   	ops-platform/bundle	[no test files]
ok  	ops-platform/cmd/db-migrate	(cached)
ok  	ops-platform/cmd/opsctl	(cached)
?   	ops-platform/cmd/platform-api	[no test files]
?   	ops-platform/cmd/platform-worker	[no test files]
?   	ops-platform/gen/api	[no test files]
?   	ops-platform/gen/internalgraph	[no test files]
ok  	ops-platform/internal/app	1.867s
ok  	ops-platform/internal/archive	(cached)
ok  	ops-platform/internal/audit	(cached)
ok  	ops-platform/internal/auth	(cached)
ok  	ops-platform/internal/bootstrap	(cached)
ok  	ops-platform/internal/bundle	(cached)
ok  	ops-platform/internal/bundle/drivers	(cached)
ok  	ops-platform/internal/configregistry	(cached)
?   	ops-platform/internal/contract	[no test files]
ok  	ops-platform/internal/crypto	(cached)
?   	ops-platform/internal/datascope	[no test files]
ok  	ops-platform/internal/evidence	(cached)
ok  	ops-platform/internal/finding	(cached)
ok  	ops-platform/internal/graph	(cached)
ok  	ops-platform/internal/httpapi	2.689s
ok  	ops-platform/internal/incident	(cached)
ok  	ops-platform/internal/inspection/hardware	(cached)
ok  	ops-platform/internal/inspection/kubernetes	(cached)
ok  	ops-platform/internal/inspection/npd	(cached)
?   	ops-platform/internal/integrations	[no test files]
ok  	ops-platform/internal/integrations/deepflow	(cached)
ok  	ops-platform/internal/integrations/k8sgpt	(cached)
ok  	ops-platform/internal/integrations/keycloak	(cached)
ok  	ops-platform/internal/integrations/kubernetes	(cached)
ok  	ops-platform/internal/integrations/openbao	(cached)
ok  	ops-platform/internal/integrations/redfish	(cached)
ok  	ops-platform/internal/integrations/s3	(cached)
?   	ops-platform/internal/integrations/victorialogs	[no test files]
?   	ops-platform/internal/integrations/victorialogs/adapter	[no test files]
?   	ops-platform/internal/integrations/victoriametrics	[no test files]
?   	ops-platform/internal/integrations/victoriametrics/adapter	[no test files]
?   	ops-platform/internal/integrations/vmalert	[no test files]
ok  	ops-platform/internal/investigation	(cached)
?   	ops-platform/internal/investigation/mcp	[no test files]
ok  	ops-platform/internal/investigation/tools	(cached)
ok  	ops-platform/internal/observability	3.506s
ok  	ops-platform/internal/persistence	(cached)
?   	ops-platform/internal/persistence/dbgen	[no test files]
ok  	ops-platform/internal/policy	(cached)
ok  	ops-platform/internal/profile	(cached)
ok  	ops-platform/internal/rca	(cached)
ok  	ops-platform/internal/resource	(cached)
?   	ops-platform/internal/resourcestore	[no test files]
ok  	ops-platform/internal/source	(cached)
ok  	ops-platform/internal/supplychain	(cached)
?   	ops-platform/internal/tenant	[no test files]
?   	ops-platform/internal/upstream/corootcheck	[no test files]
?   	ops-platform/internal/upstream/keepmodel	[no test files]
?   	ops-platform/internal/upstream/metal3	[no test files]
?   	ops-platform/internal/upstream/ontology/api	[no test files]
?   	ops-platform/internal/upstream/ontology/model	[no test files]
?   	ops-platform/internal/upstream/ontology/service/diagnostic	[no test files]
?   	ops-platform/policies	[no test files]
ok  	ops-platform/test/contract	(cached)
ok  	ops-platform/test/e2e	(cached)
?   	ops-platform/test/fixtures/sp04/profile-detect	[no test files]
?   	ops-platform/test/fixtures/upstream-inspection	[no test files]
2026/10/07 13:23:37 OK   00001_roles_and_schemas.sql (21.45ms)
2026/10/07 13:23:37 goose: successfully migrated database to version: 1
2026/10/07 13:23:37 OK   00002_platform_meta.sql (53.14ms)
2026/10/07 13:23:37 OK   00003_finding.sql (13.64ms)
2026/10/07 13:23:37 OK   00004_incident.sql (6.13ms)
2026/10/07 13:23:37 OK   00005_investigation.sql (10.62ms)
2026/10/07 13:23:37 OK   00006_action_command.sql (21.22ms)
2026/10/07 13:23:38 OK   00007_audit.sql (32.44ms)
2026/10/07 13:23:38 OK   00008_rls.sql (12.6ms)
2026/10/07 13:23:38 OK   00009_idempotency_ledger.sql (15.29ms)
2026/10/07 13:23:38 OK   00010_tenant_provisioning.sql (7.94ms)
2026/10/07 13:23:38 OK   00011_source_registration_history.sql (23.49ms)
2026/10/07 13:23:38 OK   00012_config_registry_lifecycle.sql (17.68ms)
2026/10/07 13:23:38 OK   00013_audit_signed_segments.sql (29.96ms)
2026/10/07 13:23:38 OK   00014_audit_segment_predecessors.sql (23.19ms)
2026/10/07 13:23:38 OK   00015_source_schema_scope.sql (13.59ms)
2026/10/07 13:23:38 OK   00016_cluster_registration_metadata.sql (7.32ms)
2026/10/07 13:23:38 OK   00017_source_data_scope.sql (6.56ms)
2026/10/07 13:23:38 OK   00018_sp04_resources_evidence.sql (17.74ms)
2026/10/07 13:23:38 OK   00019_sp04_archive_ciphertext_bytes.sql (4.8ms)
2026/10/07 13:23:38 OK   00020_sp04_request_ledger.sql (12.81ms)
2026/10/07 13:23:38 OK   00021_sp04_archive_protection.sql (11.24ms)
2026/10/07 13:23:38 OK   00022_sp04_legal_hold_dependencies.sql (13.86ms)
2026/10/07 13:23:38 OK   00023_sp04_archive_query_intent.sql (10.31ms)
2026/10/07 13:23:38 OK   00024_sp05_finding_incident.sql (38.81ms)
2026/10/07 13:23:38 OK   00025_sp05_incident_event_time.sql (6.59ms)
2026/10/07 13:23:38 OK   00026_sp05_source_binding_lock.sql (6.88ms)
2026/10/07 13:23:38 OK   00027_sp05_rca_and_poll.sql (15.44ms)
2026/10/07 13:23:38 OK   00028_sp05_operator_lock.sql (8.66ms)
2026/10/07 13:23:38 OK   00029_sp05_evidence_links.sql (13.53ms)
2026/10/07 13:23:38 OK   00030_sp05_recipe_fence.sql (12.08ms)
2026/10/07 13:23:38 OK   00031_sp05_rca_postcheck.sql (26.57ms)
2026/10/07 13:23:38 OK   00032_sp05_transport_audit.sql (13.31ms)
2026/10/07 13:23:38 OK   00033_sp05_poll_resolution_clock.sql (9.91ms)
2026/10/07 13:23:38 OK   00034_sp06_investigation_ledger.sql (76.59ms)
2026/10/07 13:23:38 OK   00035_sp06_admission_data_classes.sql (30.47ms)
2026/10/07 13:23:38 goose: successfully migrated database to version: 35
2026/10/07 13:23:38 OK   00001_roles_and_schemas.sql (25.29ms)
2026/10/07 13:23:38 goose: successfully migrated database to version: 1
2026/10/07 13:23:39 OK   00002_platform_meta.sql (45.62ms)
2026/10/07 13:23:39 OK   00003_finding.sql (15.69ms)
2026/10/07 13:23:39 OK   00004_incident.sql (31.63ms)
2026/10/07 13:23:39 OK   00005_investigation.sql (16.55ms)
2026/10/07 13:23:39 OK   00006_action_command.sql (10.16ms)
2026/10/07 13:23:39 OK   00007_audit.sql (51.85ms)
2026/10/07 13:23:39 OK   00008_rls.sql (14.66ms)
2026/10/07 13:23:39 OK   00009_idempotency_ledger.sql (36.35ms)
2026/10/07 13:23:39 OK   00010_tenant_provisioning.sql (8.35ms)
2026/10/07 13:23:39 OK   00011_source_registration_history.sql (6.97ms)
2026/10/07 13:23:39 OK   00012_config_registry_lifecycle.sql (9.35ms)
2026/10/07 13:23:39 OK   00013_audit_signed_segments.sql (16.26ms)
2026/10/07 13:23:39 OK   00014_audit_segment_predecessors.sql (11.17ms)
2026/10/07 13:23:39 OK   00015_source_schema_scope.sql (20.45ms)
2026/10/07 13:23:39 OK   00016_cluster_registration_metadata.sql (6.68ms)
2026/10/07 13:23:39 OK   00017_source_data_scope.sql (4.27ms)
2026/10/07 13:23:39 OK   00018_sp04_resources_evidence.sql (24.72ms)
2026/10/07 13:23:39 OK   00019_sp04_archive_ciphertext_bytes.sql (4.99ms)
2026/10/07 13:23:39 OK   00020_sp04_request_ledger.sql (14.05ms)
2026/10/07 13:23:39 OK   00021_sp04_archive_protection.sql (10.22ms)
2026/10/07 13:23:39 OK   00022_sp04_legal_hold_dependencies.sql (5.14ms)
2026/10/07 13:23:39 OK   00023_sp04_archive_query_intent.sql (8.26ms)
2026/10/07 13:23:39 OK   00024_sp05_finding_incident.sql (35.25ms)
2026/10/07 13:23:39 OK   00025_sp05_incident_event_time.sql (6.88ms)
2026/10/07 13:23:39 OK   00026_sp05_source_binding_lock.sql (13.14ms)
2026/10/07 13:23:39 OK   00027_sp05_rca_and_poll.sql (18.86ms)
2026/10/07 13:23:39 OK   00028_sp05_operator_lock.sql (4.66ms)
2026/10/07 13:23:39 OK   00029_sp05_evidence_links.sql (8.87ms)
2026/10/07 13:23:39 OK   00030_sp05_recipe_fence.sql (4.52ms)
2026/10/07 13:23:39 OK   00031_sp05_rca_postcheck.sql (4.2ms)
2026/10/07 13:23:39 OK   00032_sp05_transport_audit.sql (14.49ms)
2026/10/07 13:23:39 OK   00033_sp05_poll_resolution_clock.sql (11.67ms)
2026/10/07 13:23:39 OK   00034_sp06_investigation_ledger.sql (40.35ms)
2026/10/07 13:23:39 OK   00035_sp06_admission_data_classes.sql (9.41ms)
2026/10/07 13:23:39 goose: successfully migrated database to version: 35
2026/10/07 13:23:47 OK   00001_roles_and_schemas.sql (32.6ms)
2026/10/07 13:23:47 goose: successfully migrated database to version: 1
2026/10/07 13:23:47 OK   00002_platform_meta.sql (42.37ms)
2026/10/07 13:23:47 OK   00003_finding.sql (26.06ms)
2026/10/07 13:23:47 OK   00004_incident.sql (16.41ms)
2026/10/07 13:23:47 OK   00005_investigation.sql (13.4ms)
2026/10/07 13:23:47 OK   00006_action_command.sql (8.62ms)
2026/10/07 13:23:47 OK   00007_audit.sql (25.39ms)
2026/10/07 13:23:47 OK   00008_rls.sql (17.18ms)
2026/10/07 13:23:47 OK   00009_idempotency_ledger.sql (17.13ms)
2026/10/07 13:23:47 OK   00010_tenant_provisioning.sql (7.09ms)
2026/10/07 13:23:47 OK   00011_source_registration_history.sql (8.82ms)
2026/10/07 13:23:47 OK   00012_config_registry_lifecycle.sql (18.58ms)
2026/10/07 13:23:47 OK   00013_audit_signed_segments.sql (30.68ms)
2026/10/07 13:23:47 OK   00014_audit_segment_predecessors.sql (25.58ms)
2026/10/07 13:23:47 OK   00015_source_schema_scope.sql (8.27ms)
2026/10/07 13:23:47 OK   00016_cluster_registration_metadata.sql (5.53ms)
2026/10/07 13:23:47 OK   00017_source_data_scope.sql (4.13ms)
2026/10/07 13:23:47 OK   00018_sp04_resources_evidence.sql (29.53ms)
2026/10/07 13:23:47 OK   00019_sp04_archive_ciphertext_bytes.sql (17.02ms)
2026/10/07 13:23:47 OK   00020_sp04_request_ledger.sql (14.08ms)
2026/10/07 13:23:47 OK   00021_sp04_archive_protection.sql (3.87ms)
2026/10/07 13:23:47 OK   00022_sp04_legal_hold_dependencies.sql (4.91ms)
2026/10/07 13:23:47 OK   00023_sp04_archive_query_intent.sql (6.43ms)
2026/10/07 13:23:47 OK   00024_sp05_finding_incident.sql (50.22ms)
2026/10/07 13:23:47 OK   00025_sp05_incident_event_time.sql (3.46ms)
2026/10/07 13:23:47 OK   00026_sp05_source_binding_lock.sql (4.79ms)
2026/10/07 13:23:47 OK   00027_sp05_rca_and_poll.sql (21.53ms)
2026/10/07 13:23:47 OK   00028_sp05_operator_lock.sql (12.66ms)
2026/10/07 13:23:47 OK   00029_sp05_evidence_links.sql (17.17ms)
2026/10/07 13:23:47 OK   00030_sp05_recipe_fence.sql (4.25ms)
2026/10/07 13:23:47 OK   00031_sp05_rca_postcheck.sql (2.73ms)
2026/10/07 13:23:47 OK   00032_sp05_transport_audit.sql (2.87ms)
2026/10/07 13:23:47 OK   00033_sp05_poll_resolution_clock.sql (8ms)
2026/10/07 13:23:47 OK   00034_sp06_investigation_ledger.sql (42.17ms)
2026/10/07 13:23:47 OK   00035_sp06_admission_data_classes.sql (11.6ms)
2026/10/07 13:23:47 goose: successfully migrated database to version: 35
2026/10/07 13:23:48 OK   00001_roles_and_schemas.sql (28.95ms)
2026/10/07 13:23:48 goose: successfully migrated database to version: 1
2026/10/07 13:23:48 OK   00002_platform_meta.sql (40.08ms)
2026/10/07 13:23:48 OK   00003_finding.sql (24.62ms)
2026/10/07 13:23:48 OK   00004_incident.sql (11.06ms)
2026/10/07 13:23:48 OK   00005_investigation.sql (21.01ms)
2026/10/07 13:23:48 OK   00006_action_command.sql (11.12ms)
2026/10/07 13:23:48 OK   00007_audit.sql (49.69ms)
2026/10/07 13:23:48 OK   00008_rls.sql (33.13ms)
2026/10/07 13:23:48 OK   00009_idempotency_ledger.sql (46.51ms)
2026/10/07 13:23:48 OK   00010_tenant_provisioning.sql (40.45ms)
2026/10/07 13:23:48 OK   00011_source_registration_history.sql (32.84ms)
2026/10/07 13:23:48 OK   00012_config_registry_lifecycle.sql (26.86ms)
2026/10/07 13:23:48 OK   00013_audit_signed_segments.sql (44.49ms)
2026/10/07 13:23:48 OK   00014_audit_segment_predecessors.sql (20.02ms)
2026/10/07 13:23:48 OK   00015_source_schema_scope.sql (7.73ms)
2026/10/07 13:23:48 OK   00016_cluster_registration_metadata.sql (4.7ms)
2026/10/07 13:23:48 OK   00017_source_data_scope.sql (3.92ms)
2026/10/07 13:23:48 OK   00018_sp04_resources_evidence.sql (37.42ms)
2026/10/07 13:23:48 OK   00019_sp04_archive_ciphertext_bytes.sql (7.96ms)
2026/10/07 13:23:48 OK   00020_sp04_request_ledger.sql (13.57ms)
2026/10/07 13:23:48 OK   00021_sp04_archive_protection.sql (4.2ms)
2026/10/07 13:23:48 OK   00022_sp04_legal_hold_dependencies.sql (3.02ms)
2026/10/07 13:23:48 OK   00023_sp04_archive_query_intent.sql (2.98ms)
2026/10/07 13:23:48 OK   00024_sp05_finding_incident.sql (53.8ms)
2026/10/07 13:23:48 OK   00025_sp05_incident_event_time.sql (6.93ms)
2026/10/07 13:23:48 OK   00026_sp05_source_binding_lock.sql (5.88ms)
2026/10/07 13:23:48 OK   00027_sp05_rca_and_poll.sql (9.08ms)
2026/10/07 13:23:48 OK   00028_sp05_operator_lock.sql (7.59ms)
2026/10/07 13:23:48 OK   00029_sp05_evidence_links.sql (11.93ms)
2026/10/07 13:23:48 OK   00030_sp05_recipe_fence.sql (6.63ms)
2026/10/07 13:23:48 OK   00031_sp05_rca_postcheck.sql (12.02ms)
2026/10/07 13:23:48 OK   00032_sp05_transport_audit.sql (7.92ms)
2026/10/07 13:23:48 OK   00033_sp05_poll_resolution_clock.sql (6.49ms)
2026/10/07 13:23:48 OK   00034_sp06_investigation_ledger.sql (47.69ms)
2026/10/07 13:23:48 OK   00035_sp06_admission_data_classes.sql (12.85ms)
2026/10/07 13:23:48 goose: successfully migrated database to version: 35
2026/10/07 13:23:49 OK   00001_roles_and_schemas.sql (20.41ms)
2026/10/07 13:23:49 goose: successfully migrated database to version: 1
2026/10/07 13:23:49 OK   00002_platform_meta.sql (57.89ms)
2026/10/07 13:23:49 OK   00003_finding.sql (14.81ms)
2026/10/07 13:23:49 OK   00004_incident.sql (24.31ms)
2026/10/07 13:23:49 OK   00005_investigation.sql (23.03ms)
2026/10/07 13:23:49 OK   00006_action_command.sql (9.88ms)
2026/10/07 13:23:49 OK   00007_audit.sql (44.83ms)
2026/10/07 13:23:49 OK   00008_rls.sql (15.42ms)
2026/10/07 13:23:49 OK   00009_idempotency_ledger.sql (27.06ms)
2026/10/07 13:23:49 OK   00010_tenant_provisioning.sql (10.32ms)
2026/10/07 13:23:49 OK   00011_source_registration_history.sql (20.42ms)
2026/10/07 13:23:49 OK   00012_config_registry_lifecycle.sql (11.56ms)
2026/10/07 13:23:49 OK   00013_audit_signed_segments.sql (52.31ms)
2026/10/07 13:23:49 OK   00014_audit_segment_predecessors.sql (7.25ms)
2026/10/07 13:23:49 OK   00015_source_schema_scope.sql (8.39ms)
2026/10/07 13:23:49 OK   00016_cluster_registration_metadata.sql (6.81ms)
2026/10/07 13:23:49 OK   00017_source_data_scope.sql (9.29ms)
2026/10/07 13:23:49 OK   00018_sp04_resources_evidence.sql (34.81ms)
2026/10/07 13:23:49 OK   00019_sp04_archive_ciphertext_bytes.sql (7.76ms)
2026/10/07 13:23:49 OK   00020_sp04_request_ledger.sql (13.17ms)
2026/10/07 13:23:49 OK   00021_sp04_archive_protection.sql (5.89ms)
2026/10/07 13:23:49 OK   00022_sp04_legal_hold_dependencies.sql (6.24ms)
2026/10/07 13:23:49 OK   00023_sp04_archive_query_intent.sql (7.7ms)
2026/10/07 13:23:49 OK   00024_sp05_finding_incident.sql (36.43ms)
2026/10/07 13:23:50 OK   00025_sp05_incident_event_time.sql (18.27ms)
2026/10/07 13:23:50 OK   00026_sp05_source_binding_lock.sql (6.13ms)
2026/10/07 13:23:50 OK   00027_sp05_rca_and_poll.sql (16.91ms)
2026/10/07 13:23:50 OK   00028_sp05_operator_lock.sql (12.28ms)
2026/10/07 13:23:50 OK   00029_sp05_evidence_links.sql (10.17ms)
2026/10/07 13:23:50 OK   00030_sp05_recipe_fence.sql (8.5ms)
2026/10/07 13:23:50 OK   00031_sp05_rca_postcheck.sql (3.31ms)
2026/10/07 13:23:50 OK   00032_sp05_transport_audit.sql (3.04ms)
2026/10/07 13:23:50 OK   00033_sp05_poll_resolution_clock.sql (5.68ms)
2026/10/07 13:23:50 OK   00034_sp06_investigation_ledger.sql (68.29ms)
2026/10/07 13:23:50 OK   00035_sp06_admission_data_classes.sql (41.62ms)
2026/10/07 13:23:50 goose: successfully migrated database to version: 35
2026/10/07 13:23:55 OK   00001_roles_and_schemas.sql (40.52ms)
2026/10/07 13:23:55 goose: successfully migrated database to version: 1
2026/10/07 13:23:55 OK   00002_platform_meta.sql (122.47ms)
2026/10/07 13:23:55 OK   00003_finding.sql (27.74ms)
2026/10/07 13:23:55 OK   00004_incident.sql (25.09ms)
2026/10/07 13:23:55 OK   00005_investigation.sql (17.76ms)
2026/10/07 13:23:55 OK   00006_action_command.sql (16.13ms)
2026/10/07 13:23:55 OK   00007_audit.sql (39.67ms)
2026/10/07 13:23:55 OK   00008_rls.sql (45.77ms)
2026/10/07 13:23:55 OK   00009_idempotency_ledger.sql (22.57ms)
2026/10/07 13:23:55 OK   00010_tenant_provisioning.sql (15.37ms)
2026/10/07 13:23:55 OK   00011_source_registration_history.sql (23.84ms)
2026/10/07 13:23:55 OK   00012_config_registry_lifecycle.sql (34.08ms)
2026/10/07 13:23:55 OK   00013_audit_signed_segments.sql (17.74ms)
2026/10/07 13:23:55 OK   00014_audit_segment_predecessors.sql (19.1ms)
2026/10/07 13:23:55 OK   00015_source_schema_scope.sql (10.1ms)
2026/10/07 13:23:55 OK   00016_cluster_registration_metadata.sql (16.85ms)
2026/10/07 13:23:56 OK   00017_source_data_scope.sql (15.11ms)
2026/10/07 13:23:56 OK   00018_sp04_resources_evidence.sql (35.64ms)
2026/10/07 13:23:56 OK   00019_sp04_archive_ciphertext_bytes.sql (8.96ms)
2026/10/07 13:23:56 OK   00020_sp04_request_ledger.sql (17.77ms)
2026/10/07 13:23:56 OK   00021_sp04_archive_protection.sql (8.62ms)
2026/10/07 13:23:56 OK   00022_sp04_legal_hold_dependencies.sql (8.82ms)
2026/10/07 13:23:56 OK   00023_sp04_archive_query_intent.sql (13.71ms)
2026/10/07 13:23:56 OK   00024_sp05_finding_incident.sql (38.91ms)
2026/10/07 13:23:56 OK   00025_sp05_incident_event_time.sql (22.31ms)
2026/10/07 13:23:56 OK   00026_sp05_source_binding_lock.sql (22.23ms)
2026/10/07 13:23:56 OK   00027_sp05_rca_and_poll.sql (18.92ms)
2026/10/07 13:23:56 OK   00028_sp05_operator_lock.sql (21.15ms)
2026/10/07 13:23:56 OK   00029_sp05_evidence_links.sql (34.13ms)
2026/10/07 13:23:56 OK   00030_sp05_recipe_fence.sql (7.57ms)
2026/10/07 13:23:56 OK   00031_sp05_rca_postcheck.sql (13.75ms)
2026/10/07 13:23:56 OK   00032_sp05_transport_audit.sql (33.7ms)
2026/10/07 13:23:56 OK   00033_sp05_poll_resolution_clock.sql (11.95ms)
2026/10/07 13:23:56 OK   00034_sp06_investigation_ledger.sql (53.42ms)
2026/10/07 13:23:56 OK   00035_sp06_admission_data_classes.sql (10.28ms)
2026/10/07 13:23:56 goose: successfully migrated database to version: 35
2026/10/07 13:24:02 OK   00001_roles_and_schemas.sql (21.84ms)
2026/10/07 13:24:02 goose: successfully migrated database to version: 1
2026/10/07 13:24:02 OK   00002_platform_meta.sql (77.15ms)
2026/10/07 13:24:02 OK   00003_finding.sql (16.63ms)
2026/10/07 13:24:02 OK   00004_incident.sql (15.48ms)
2026/10/07 13:24:02 OK   00005_investigation.sql (19.67ms)
2026/10/07 13:24:02 OK   00006_action_command.sql (15.96ms)
2026/10/07 13:24:02 OK   00007_audit.sql (88.65ms)
2026/10/07 13:24:02 OK   00008_rls.sql (87.96ms)
2026/10/07 13:24:02 OK   00009_idempotency_ledger.sql (21.53ms)
2026/10/07 13:24:02 OK   00010_tenant_provisioning.sql (29.22ms)
2026/10/07 13:24:02 OK   00011_source_registration_history.sql (23.54ms)
2026/10/07 13:24:02 OK   00012_config_registry_lifecycle.sql (12.64ms)
2026/10/07 13:24:02 OK   00013_audit_signed_segments.sql (69ms)
2026/10/07 13:24:02 OK   00014_audit_segment_predecessors.sql (20.77ms)
2026/10/07 13:24:02 OK   00015_source_schema_scope.sql (10.6ms)
2026/10/07 13:24:02 OK   00016_cluster_registration_metadata.sql (14.84ms)
2026/10/07 13:24:02 OK   00017_source_data_scope.sql (8.64ms)
2026/10/07 13:24:03 OK   00018_sp04_resources_evidence.sql (30.04ms)
2026/10/07 13:24:03 OK   00019_sp04_archive_ciphertext_bytes.sql (3.87ms)
2026/10/07 13:24:03 OK   00020_sp04_request_ledger.sql (20.98ms)
2026/10/07 13:24:03 OK   00021_sp04_archive_protection.sql (8.2ms)
2026/10/07 13:24:03 OK   00022_sp04_legal_hold_dependencies.sql (14.32ms)
2026/10/07 13:24:03 OK   00023_sp04_archive_query_intent.sql (13.66ms)
2026/10/07 13:24:03 OK   00024_sp05_finding_incident.sql (63.92ms)
2026/10/07 13:24:03 OK   00025_sp05_incident_event_time.sql (14.77ms)
2026/10/07 13:24:03 OK   00026_sp05_source_binding_lock.sql (5.27ms)
2026/10/07 13:24:03 OK   00027_sp05_rca_and_poll.sql (20.49ms)
2026/10/07 13:24:03 OK   00028_sp05_operator_lock.sql (10.82ms)
2026/10/07 13:24:03 OK   00029_sp05_evidence_links.sql (19.23ms)
2026/10/07 13:24:03 OK   00030_sp05_recipe_fence.sql (10.31ms)
2026/10/07 13:24:03 OK   00031_sp05_rca_postcheck.sql (14.71ms)
2026/10/07 13:24:03 OK   00032_sp05_transport_audit.sql (5.03ms)
2026/10/07 13:24:03 OK   00033_sp05_poll_resolution_clock.sql (9.81ms)
2026/10/07 13:24:03 OK   00034_sp06_investigation_ledger.sql (72.6ms)
2026/10/07 13:24:03 OK   00035_sp06_admission_data_classes.sql (9.09ms)
2026/10/07 13:24:03 goose: successfully migrated database to version: 35
2026/10/07 13:24:30 OK   00001_roles_and_schemas.sql (20.88ms)
2026/10/07 13:24:30 goose: successfully migrated database to version: 1
2026/10/07 13:24:30 OK   00002_platform_meta.sql (47.33ms)
2026/10/07 13:24:30 OK   00003_finding.sql (11.19ms)
2026/10/07 13:24:30 OK   00004_incident.sql (6.57ms)
2026/10/07 13:24:30 OK   00005_investigation.sql (16.66ms)
2026/10/07 13:24:30 OK   00006_action_command.sql (27.35ms)
2026/10/07 13:24:30 OK   00007_audit.sql (14.42ms)
2026/10/07 13:24:30 OK   00008_rls.sql (20.02ms)
2026/10/07 13:24:30 OK   00009_idempotency_ledger.sql (17.16ms)
2026/10/07 13:24:30 OK   00010_tenant_provisioning.sql (10.03ms)
2026/10/07 13:24:30 OK   00011_source_registration_history.sql (8.32ms)
2026/10/07 13:24:30 OK   00012_config_registry_lifecycle.sql (8.72ms)
2026/10/07 13:24:30 OK   00013_audit_signed_segments.sql (9.68ms)
2026/10/07 13:24:30 OK   00014_audit_segment_predecessors.sql (5.94ms)
2026/10/07 13:24:30 OK   00015_source_schema_scope.sql (10.69ms)
2026/10/07 13:24:30 OK   00016_cluster_registration_metadata.sql (14.59ms)
2026/10/07 13:24:30 OK   00017_source_data_scope.sql (15.67ms)
2026/10/07 13:24:30 OK   00018_sp04_resources_evidence.sql (15.96ms)
2026/10/07 13:24:30 OK   00019_sp04_archive_ciphertext_bytes.sql (2.66ms)
2026/10/07 13:24:30 OK   00020_sp04_request_ledger.sql (3.98ms)
2026/10/07 13:24:30 OK   00021_sp04_archive_protection.sql (3.15ms)
2026/10/07 13:24:30 OK   00022_sp04_legal_hold_dependencies.sql (5.71ms)
2026/10/07 13:24:30 OK   00023_sp04_archive_query_intent.sql (5.06ms)
2026/10/07 13:24:30 OK   00024_sp05_finding_incident.sql (42.1ms)
2026/10/07 13:24:30 OK   00025_sp05_incident_event_time.sql (2.78ms)
2026/10/07 13:24:30 OK   00026_sp05_source_binding_lock.sql (3.98ms)
2026/10/07 13:24:30 OK   00027_sp05_rca_and_poll.sql (25.59ms)
2026/10/07 13:24:30 OK   00028_sp05_operator_lock.sql (10.22ms)
2026/10/07 13:24:30 OK   00029_sp05_evidence_links.sql (7.79ms)
2026/10/07 13:24:30 OK   00030_sp05_recipe_fence.sql (2.79ms)
2026/10/07 13:24:30 OK   00031_sp05_rca_postcheck.sql (3.83ms)
2026/10/07 13:24:30 OK   00032_sp05_transport_audit.sql (5.49ms)
2026/10/07 13:24:30 OK   00033_sp05_poll_resolution_clock.sql (6.36ms)
2026/10/07 13:24:30 OK   00034_sp06_investigation_ledger.sql (45.45ms)
2026/10/07 13:24:30 OK   00035_sp06_admission_data_classes.sql (10.01ms)
2026/10/07 13:24:30 goose: successfully migrated database to version: 35
{"time":"2026-10-07T13:24:31.081959+08:00","level":"INFO","msg":"http request complete","request_id":"01a114d2-06e1-76ed-a1e1-382b98715cd8","trace_id":"4bf92f3577b34da6a3ce929d0e0e4736","span_id":"1b77a3b26bf24e03","method":"GET","status_code":200,"duration_ms":8}
{"time":"2026-10-07T13:24:31.08608+08:00","level":"INFO","msg":"http request complete","request_id":"01a114d2-06ea-729f-8e7b-66ac1f74815a","trace_id":"4bf92f3577b34da6a3ce929d0e0e4736","span_id":"9109b0f53da993b7","method":"GET","status_code":200,"duration_ms":3}
{"time":"2026-10-07T13:24:31.09918+08:00","level":"INFO","msg":"http request complete","request_id":"01a114d2-06ee-752c-9ce1-ed61b1d5eebe","trace_id":"4bf92f3577b34da6a3ce929d0e0e4736","span_id":"d599a4438fffb3c4","method":"GET","status_code":200,"duration_ms":12}
{"time":"2026-10-07T13:24:31.113697+08:00","level":"INFO","msg":"http request complete","request_id":"01a114d2-06fb-794a-9d87-d63cbb9fdf7b","trace_id":"4bf92f3577b34da6a3ce929d0e0e4736","span_id":"563ab3efbd350ff7","method":"GET","status_code":200,"duration_ms":13}
{"time":"2026-10-07T13:24:31.127782+08:00","level":"INFO","msg":"http request complete","request_id":"01a114d2-070a-7059-86b2-c5f8ca5b7e5d","trace_id":"4bf92f3577b34da6a3ce929d0e0e4736","span_id":"bfdaf9e1d3815b80","method":"GET","status_code":200,"duration_ms":13}
{"time":"2026-10-07T13:24:31.138267+08:00","level":"INFO","msg":"http request complete","request_id":"01a114d2-0718-7121-ba11-c735f71e0223","trace_id":"4bf92f3577b34da6a3ce929d0e0e4736","span_id":"8cea8d6871145c2d","method":"GET","status_code":200,"duration_ms":10}
{"time":"2026-10-07T13:24:31.161527+08:00","level":"INFO","msg":"http request complete","request_id":"01a114d2-0722-789b-a66e-9eab54041510","trace_id":"95a2c753949f713873e2c36812cd9fb7","span_id":"d24d59afcd8c20cc","method":"POST","status_code":201,"duration_ms":22}
{"time":"2026-10-07T13:24:31.182278+08:00","level":"INFO","msg":"http request complete","request_id":"01a114d2-0739-7d52-a3f3-807a5516e117","trace_id":"e5742e9a422dda9e0127fb24beae17d7","span_id":"6c3d07f12bf088d7","method":"POST","status_code":201,"duration_ms":20}
{"time":"2026-10-07T13:24:31.183666+08:00","level":"WARN","msg":"trace export failed","signal":"traces"}
{"time":"2026-10-07T13:24:31.196386+08:00","level":"INFO","msg":"http request complete","request_id":"01a114d2-074f-7dd3-9d7b-9960970f2891","trace_id":"5d6f7b6c29a545d72d883306641664a5","span_id":"86e7d53d9a90543c","method":"GET","status_code":200,"duration_ms":12}
2026/10/07 13:24:31 OK   00001_roles_and_schemas.sql (35.67ms)
2026/10/07 13:24:31 goose: successfully migrated database to version: 1
2026/10/07 13:24:31 OK   00002_platform_meta.sql (91.52ms)
2026/10/07 13:24:31 OK   00003_finding.sql (27.46ms)
2026/10/07 13:24:31 OK   00004_incident.sql (6.06ms)
2026/10/07 13:24:31 OK   00005_investigation.sql (17.97ms)
2026/10/07 13:24:31 OK   00006_action_command.sql (32.62ms)
2026/10/07 13:24:31 OK   00007_audit.sql (51.01ms)
2026/10/07 13:24:31 OK   00008_rls.sql (12.18ms)
2026/10/07 13:24:31 OK   00009_idempotency_ledger.sql (19.7ms)
2026/10/07 13:24:31 OK   00010_tenant_provisioning.sql (10.23ms)
2026/10/07 13:24:31 OK   00011_source_registration_history.sql (12.61ms)
2026/10/07 13:24:31 OK   00012_config_registry_lifecycle.sql (20.84ms)
2026/10/07 13:24:31 OK   00013_audit_signed_segments.sql (22.77ms)
2026/10/07 13:24:31 OK   00014_audit_segment_predecessors.sql (14.4ms)
2026/10/07 13:24:31 OK   00015_source_schema_scope.sql (6.07ms)
2026/10/07 13:24:31 OK   00016_cluster_registration_metadata.sql (13.78ms)
2026/10/07 13:24:31 OK   00017_source_data_scope.sql (6.85ms)
2026/10/07 13:24:31 OK   00018_sp04_resources_evidence.sql (20.87ms)
2026/10/07 13:24:31 OK   00019_sp04_archive_ciphertext_bytes.sql (6.14ms)
2026/10/07 13:24:31 OK   00020_sp04_request_ledger.sql (11.97ms)
2026/10/07 13:24:31 OK   00021_sp04_archive_protection.sql (7.98ms)
2026/10/07 13:24:31 OK   00022_sp04_legal_hold_dependencies.sql (8.04ms)
2026/10/07 13:24:31 OK   00023_sp04_archive_query_intent.sql (7.57ms)
2026/10/07 13:24:31 OK   00024_sp05_finding_incident.sql (41.5ms)
2026/10/07 13:24:31 OK   00025_sp05_incident_event_time.sql (8.05ms)
2026/10/07 13:24:31 OK   00026_sp05_source_binding_lock.sql (9.12ms)
2026/10/07 13:24:31 OK   00027_sp05_rca_and_poll.sql (13.46ms)
2026/10/07 13:24:31 OK   00028_sp05_operator_lock.sql (4.12ms)
2026/10/07 13:24:31 OK   00029_sp05_evidence_links.sql (6.82ms)
2026/10/07 13:24:31 OK   00030_sp05_recipe_fence.sql (5.32ms)
2026/10/07 13:24:31 OK   00031_sp05_rca_postcheck.sql (6.2ms)
2026/10/07 13:24:31 OK   00032_sp05_transport_audit.sql (8.64ms)
2026/10/07 13:24:31 OK   00033_sp05_poll_resolution_clock.sql (7.42ms)
2026/10/07 13:24:31 OK   00034_sp06_investigation_ledger.sql (44.61ms)
2026/10/07 13:24:31 OK   00035_sp06_admission_data_classes.sql (13.52ms)
2026/10/07 13:24:31 goose: successfully migrated database to version: 35
2026/10/07 13:24:32 OK   00036_review_failure.sql (4.77ms)
2026/10/07 13:24:32 goose: successfully migrated database to version: 36
2026/10/07 13:24:34 OK   00001_roles_and_schemas.sql (21.87ms)
2026/10/07 13:24:34 goose: successfully migrated database to version: 1
2026/10/07 13:24:34 OK   00002_platform_meta.sql (66.8ms)
2026/10/07 13:24:34 OK   00003_finding.sql (12.71ms)
2026/10/07 13:24:34 OK   00004_incident.sql (11.31ms)
2026/10/07 13:24:34 OK   00005_investigation.sql (13.04ms)
2026/10/07 13:24:34 OK   00006_action_command.sql (9.82ms)
2026/10/07 13:24:34 OK   00007_audit.sql (13.19ms)
2026/10/07 13:24:34 OK   00008_rls.sql (10.33ms)
2026/10/07 13:24:34 OK   00009_idempotency_ledger.sql (11.17ms)
2026/10/07 13:24:34 OK   00010_tenant_provisioning.sql (8.21ms)
2026/10/07 13:24:34 OK   00011_source_registration_history.sql (19.48ms)
2026/10/07 13:24:34 OK   00012_config_registry_lifecycle.sql (24.09ms)
2026/10/07 13:24:34 OK   00013_audit_signed_segments.sql (34.02ms)
2026/10/07 13:24:34 OK   00014_audit_segment_predecessors.sql (12.86ms)
2026/10/07 13:24:34 OK   00015_source_schema_scope.sql (5.47ms)
2026/10/07 13:24:34 OK   00016_cluster_registration_metadata.sql (7.53ms)
2026/10/07 13:24:34 OK   00017_source_data_scope.sql (10.35ms)
2026/10/07 13:24:34 OK   00018_sp04_resources_evidence.sql (39.87ms)
2026/10/07 13:24:34 OK   00019_sp04_archive_ciphertext_bytes.sql (3.2ms)
2026/10/07 13:24:34 OK   00020_sp04_request_ledger.sql (5.23ms)
2026/10/07 13:24:34 OK   00021_sp04_archive_protection.sql (3.74ms)
2026/10/07 13:24:34 OK   00022_sp04_legal_hold_dependencies.sql (5.09ms)
2026/10/07 13:24:34 OK   00023_sp04_archive_query_intent.sql (5.16ms)
2026/10/07 13:24:34 OK   00024_sp05_finding_incident.sql (41.92ms)
2026/10/07 13:24:34 OK   00025_sp05_incident_event_time.sql (3.27ms)
2026/10/07 13:24:34 OK   00026_sp05_source_binding_lock.sql (3.46ms)
2026/10/07 13:24:34 OK   00027_sp05_rca_and_poll.sql (8.15ms)
2026/10/07 13:24:34 OK   00028_sp05_operator_lock.sql (5.92ms)
2026/10/07 13:24:34 OK   00029_sp05_evidence_links.sql (7.19ms)
2026/10/07 13:24:34 OK   00030_sp05_recipe_fence.sql (4.58ms)
2026/10/07 13:24:34 OK   00031_sp05_rca_postcheck.sql (4.06ms)
2026/10/07 13:24:34 OK   00032_sp05_transport_audit.sql (4.12ms)
2026/10/07 13:24:34 OK   00033_sp05_poll_resolution_clock.sql (11.83ms)
2026/10/07 13:24:34 OK   00034_sp06_investigation_ledger.sql (34.32ms)
2026/10/07 13:24:34 OK   00035_sp06_admission_data_classes.sql (7.37ms)
2026/10/07 13:24:34 goose: successfully migrated database to version: 35
2026/10/07 13:24:34 OK   00001_roles_and_schemas.sql (10.98ms)
2026/10/07 13:24:34 goose: successfully migrated database to version: 1
2026/10/07 13:24:34 OK   00002_platform_meta.sql (38.87ms)
2026/10/07 13:24:34 OK   00003_finding.sql (22.48ms)
2026/10/07 13:24:34 OK   00004_incident.sql (9.63ms)
2026/10/07 13:24:34 OK   00005_investigation.sql (6.47ms)
2026/10/07 13:24:34 OK   00006_action_command.sql (5.81ms)
2026/10/07 13:24:34 OK   00007_audit.sql (23.06ms)
2026/10/07 13:24:34 OK   00008_rls.sql (17.44ms)
2026/10/07 13:24:34 OK   00009_idempotency_ledger.sql (8.61ms)
2026/10/07 13:24:34 OK   00010_tenant_provisioning.sql (4.21ms)
2026/10/07 13:24:34 OK   00011_source_registration_history.sql (6.18ms)
2026/10/07 13:24:35 OK   00012_config_registry_lifecycle.sql (21.11ms)
2026/10/07 13:24:35 OK   00013_audit_signed_segments.sql (29.43ms)
2026/10/07 13:24:35 OK   00014_audit_segment_predecessors.sql (11.42ms)
2026/10/07 13:24:35 OK   00015_source_schema_scope.sql (7.25ms)
2026/10/07 13:24:35 OK   00016_cluster_registration_metadata.sql (13.82ms)
2026/10/07 13:24:35 OK   00017_source_data_scope.sql (8.24ms)
2026/10/07 13:24:35 OK   00018_sp04_resources_evidence.sql (31.42ms)
2026/10/07 13:24:35 OK   00019_sp04_archive_ciphertext_bytes.sql (7.81ms)
2026/10/07 13:24:35 OK   00020_sp04_request_ledger.sql (15.08ms)
2026/10/07 13:24:35 OK   00021_sp04_archive_protection.sql (7.37ms)
2026/10/07 13:24:35 OK   00022_sp04_legal_hold_dependencies.sql (30.99ms)
2026/10/07 13:24:35 OK   00023_sp04_archive_query_intent.sql (13.37ms)
2026/10/07 13:24:35 OK   00024_sp05_finding_incident.sql (37.31ms)
2026/10/07 13:24:35 OK   00025_sp05_incident_event_time.sql (16.04ms)
2026/10/07 13:24:35 OK   00026_sp05_source_binding_lock.sql (14.86ms)
2026/10/07 13:24:35 OK   00027_sp05_rca_and_poll.sql (16.17ms)
2026/10/07 13:24:35 OK   00028_sp05_operator_lock.sql (26.03ms)
2026/10/07 13:24:35 OK   00029_sp05_evidence_links.sql (18.74ms)
2026/10/07 13:24:35 OK   00030_sp05_recipe_fence.sql (4.08ms)
2026/10/07 13:24:35 OK   00031_sp05_rca_postcheck.sql (3.52ms)
2026/10/07 13:24:35 OK   00032_sp05_transport_audit.sql (5.7ms)
2026/10/07 13:24:35 OK   00033_sp05_poll_resolution_clock.sql (6.23ms)
2026/10/07 13:24:35 OK   00034_sp06_investigation_ledger.sql (49.82ms)
2026/10/07 13:24:35 OK   00035_sp06_admission_data_classes.sql (4.92ms)
2026/10/07 13:24:35 goose: successfully migrated database to version: 35
2026/10/07 13:24:35 OK   00001_roles_and_schemas.sql (28.38ms)
2026/10/07 13:24:35 goose: successfully migrated database to version: 1
2026/10/07 13:24:35 OK   00002_platform_meta.sql (53.92ms)
2026/10/07 13:24:35 OK   00003_finding.sql (30.33ms)
2026/10/07 13:24:35 OK   00004_incident.sql (22.94ms)
2026/10/07 13:24:35 OK   00005_investigation.sql (18.18ms)
2026/10/07 13:24:35 OK   00006_action_command.sql (8.26ms)
2026/10/07 13:24:35 OK   00007_audit.sql (11.84ms)
2026/10/07 13:24:36 OK   00008_rls.sql (23.64ms)
2026/10/07 13:24:36 OK   00009_idempotency_ledger.sql (16.69ms)
2026/10/07 13:24:36 OK   00010_tenant_provisioning.sql (8.82ms)
2026/10/07 13:24:36 OK   00011_source_registration_history.sql (8.18ms)
2026/10/07 13:24:36 OK   00012_config_registry_lifecycle.sql (21.42ms)
2026/10/07 13:24:36 OK   00013_audit_signed_segments.sql (26.51ms)
2026/10/07 13:24:36 OK   00014_audit_segment_predecessors.sql (10.35ms)
2026/10/07 13:24:36 OK   00015_source_schema_scope.sql (3.87ms)
2026/10/07 13:24:36 OK   00016_cluster_registration_metadata.sql (5.61ms)
2026/10/07 13:24:36 OK   00017_source_data_scope.sql (6.29ms)
2026/10/07 13:24:36 OK   00018_sp04_resources_evidence.sql (34.45ms)
2026/10/07 13:24:36 OK   00019_sp04_archive_ciphertext_bytes.sql (10.62ms)
2026/10/07 13:24:36 OK   00020_sp04_request_ledger.sql (6.65ms)
2026/10/07 13:24:36 OK   00021_sp04_archive_protection.sql (4.67ms)
2026/10/07 13:24:36 OK   00022_sp04_legal_hold_dependencies.sql (5.14ms)
2026/10/07 13:24:36 OK   00023_sp04_archive_query_intent.sql (10.08ms)
2026/10/07 13:24:36 OK   00024_sp05_finding_incident.sql (50.79ms)
2026/10/07 13:24:36 OK   00025_sp05_incident_event_time.sql (6.15ms)
2026/10/07 13:24:36 OK   00026_sp05_source_binding_lock.sql (5.38ms)
2026/10/07 13:24:36 OK   00027_sp05_rca_and_poll.sql (23.43ms)
2026/10/07 13:24:36 OK   00028_sp05_operator_lock.sql (7.21ms)
2026/10/07 13:24:36 OK   00029_sp05_evidence_links.sql (13.7ms)
2026/10/07 13:24:36 OK   00030_sp05_recipe_fence.sql (4.88ms)
2026/10/07 13:24:36 OK   00031_sp05_rca_postcheck.sql (3.04ms)
2026/10/07 13:24:36 OK   00032_sp05_transport_audit.sql (8.17ms)
2026/10/07 13:24:36 OK   00033_sp05_poll_resolution_clock.sql (5.2ms)
2026/10/07 13:24:36 OK   00034_sp06_investigation_ledger.sql (39.49ms)
2026/10/07 13:24:36 OK   00035_sp06_admission_data_classes.sql (4.62ms)
2026/10/07 13:24:36 goose: successfully migrated database to version: 35
2026/10/07 13:24:36 OK   00001_roles_and_schemas.sql (23.94ms)
2026/10/07 13:24:36 goose: successfully migrated database to version: 1
2026/10/07 13:24:36 OK   00002_platform_meta.sql (55.33ms)
2026/10/07 13:24:36 OK   00003_finding.sql (15.65ms)
2026/10/07 13:24:36 OK   00004_incident.sql (51.12ms)
2026/10/07 13:24:36 OK   00005_investigation.sql (35.22ms)
2026/10/07 13:24:36 OK   00006_action_command.sql (23.16ms)
2026/10/07 13:24:36 OK   00007_audit.sql (20.21ms)
2026/10/07 13:24:36 OK   00008_rls.sql (33.65ms)
2026/10/07 13:24:36 OK   00009_idempotency_ledger.sql (15.97ms)
2026/10/07 13:24:36 OK   00010_tenant_provisioning.sql (12.86ms)
2026/10/07 13:24:37 OK   00011_source_registration_history.sql (18.85ms)
2026/10/07 13:24:37 OK   00012_config_registry_lifecycle.sql (16.56ms)
2026/10/07 13:24:37 OK   00013_audit_signed_segments.sql (39.99ms)
2026/10/07 13:24:37 OK   00014_audit_segment_predecessors.sql (6.7ms)
2026/10/07 13:24:37 OK   00015_source_schema_scope.sql (4.04ms)
2026/10/07 13:24:37 OK   00016_cluster_registration_metadata.sql (8.13ms)
2026/10/07 13:24:37 OK   00017_source_data_scope.sql (8.26ms)
2026/10/07 13:24:37 OK   00018_sp04_resources_evidence.sql (36.76ms)
2026/10/07 13:24:37 OK   00019_sp04_archive_ciphertext_bytes.sql (6.08ms)
2026/10/07 13:24:37 OK   00020_sp04_request_ledger.sql (12.37ms)
2026/10/07 13:24:37 OK   00021_sp04_archive_protection.sql (7.96ms)
2026/10/07 13:24:37 OK   00022_sp04_legal_hold_dependencies.sql (4.65ms)
2026/10/07 13:24:37 OK   00023_sp04_archive_query_intent.sql (5.27ms)
2026/10/07 13:24:37 OK   00024_sp05_finding_incident.sql (29.99ms)
2026/10/07 13:24:37 OK   00025_sp05_incident_event_time.sql (5.6ms)
2026/10/07 13:24:37 OK   00026_sp05_source_binding_lock.sql (6.76ms)
2026/10/07 13:24:37 OK   00027_sp05_rca_and_poll.sql (17.87ms)
2026/10/07 13:24:37 OK   00028_sp05_operator_lock.sql (9.27ms)
2026/10/07 13:24:37 OK   00029_sp05_evidence_links.sql (7.49ms)
2026/10/07 13:24:37 OK   00030_sp05_recipe_fence.sql (6.44ms)
2026/10/07 13:24:37 OK   00031_sp05_rca_postcheck.sql (5.84ms)
2026/10/07 13:24:37 OK   00032_sp05_transport_audit.sql (6.01ms)
2026/10/07 13:24:37 OK   00033_sp05_poll_resolution_clock.sql (11.27ms)
2026/10/07 13:24:37 OK   00034_sp06_investigation_ledger.sql (34.6ms)
2026/10/07 13:24:37 OK   00035_sp06_admission_data_classes.sql (6.89ms)
2026/10/07 13:24:37 goose: successfully migrated database to version: 35
2026/10/07 13:24:37 OK   00001_roles_and_schemas.sql (51.34ms)
2026/10/07 13:24:37 goose: successfully migrated database to version: 1
2026/10/07 13:24:45 OK   00002_platform_meta.sql (89.07ms)
2026/10/07 13:24:45 OK   00003_finding.sql (11.09ms)
2026/10/07 13:24:45 OK   00004_incident.sql (12.01ms)
2026/10/07 13:24:45 OK   00005_investigation.sql (30.35ms)
2026/10/07 13:24:45 OK   00006_action_command.sql (13.91ms)
2026/10/07 13:24:45 OK   00007_audit.sql (39.84ms)
2026/10/07 13:24:45 OK   00008_rls.sql (19.9ms)
2026/10/07 13:24:45 OK   00009_idempotency_ledger.sql (39.9ms)
2026/10/07 13:24:45 OK   00010_tenant_provisioning.sql (5ms)
2026/10/07 13:24:45 OK   00011_source_registration_history.sql (7ms)
2026/10/07 13:24:45 OK   00012_config_registry_lifecycle.sql (47.29ms)
2026/10/07 13:24:45 OK   00013_audit_signed_segments.sql (51.24ms)
2026/10/07 13:24:45 OK   00014_audit_segment_predecessors.sql (7.73ms)
2026/10/07 13:24:45 OK   00015_source_schema_scope.sql (5.92ms)
2026/10/07 13:24:45 OK   00016_cluster_registration_metadata.sql (13.15ms)
2026/10/07 13:24:45 OK   00017_source_data_scope.sql (13.75ms)
2026/10/07 13:24:45 OK   00018_sp04_resources_evidence.sql (31.43ms)
2026/10/07 13:24:45 OK   00019_sp04_archive_ciphertext_bytes.sql (2.96ms)
2026/10/07 13:24:45 OK   00020_sp04_request_ledger.sql (4.81ms)
2026/10/07 13:24:45 OK   00021_sp04_archive_protection.sql (5.25ms)
2026/10/07 13:24:45 OK   00022_sp04_legal_hold_dependencies.sql (3.91ms)
2026/10/07 13:24:45 OK   00023_sp04_archive_query_intent.sql (4.84ms)
2026/10/07 13:24:45 OK   00024_sp05_finding_incident.sql (37.86ms)
2026/10/07 13:24:45 OK   00025_sp05_incident_event_time.sql (3.12ms)
2026/10/07 13:24:45 OK   00026_sp05_source_binding_lock.sql (5.88ms)
2026/10/07 13:24:45 OK   00027_sp05_rca_and_poll.sql (18.28ms)
2026/10/07 13:24:45 OK   00028_sp05_operator_lock.sql (10.8ms)
2026/10/07 13:24:45 OK   00029_sp05_evidence_links.sql (17.22ms)
2026/10/07 13:24:45 OK   00030_sp05_recipe_fence.sql (59.91ms)
2026/10/07 13:24:45 OK   00031_sp05_rca_postcheck.sql (4.09ms)
2026/10/07 13:24:45 OK   00032_sp05_transport_audit.sql (5.71ms)
2026/10/07 13:24:45 OK   00033_sp05_poll_resolution_clock.sql (12.14ms)
2026/10/07 13:24:45 OK   00034_sp06_investigation_ledger.sql (55.72ms)
2026/10/07 13:24:45 OK   00035_sp06_admission_data_classes.sql (4.69ms)
2026/10/07 13:24:45 goose: successfully migrated database to version: 35
2026/10/07 13:25:32 OK   00001_roles_and_schemas.sql (26.24ms)
2026/10/07 13:25:32 goose: successfully migrated database to version: 1
2026/10/07 13:25:32 OK   00002_platform_meta.sql (45.25ms)
2026/10/07 13:25:32 OK   00003_finding.sql (20.56ms)
2026/10/07 13:25:32 OK   00004_incident.sql (13.6ms)
2026/10/07 13:25:32 OK   00005_investigation.sql (19.79ms)
2026/10/07 13:25:32 OK   00006_action_command.sql (15.29ms)
2026/10/07 13:25:32 OK   00007_audit.sql (31.5ms)
2026/10/07 13:25:32 OK   00008_rls.sql (17.25ms)
2026/10/07 13:25:32 OK   00009_idempotency_ledger.sql (21.22ms)
2026/10/07 13:25:32 OK   00010_tenant_provisioning.sql (9.64ms)
2026/10/07 13:25:32 OK   00011_source_registration_history.sql (17.22ms)
2026/10/07 13:25:32 OK   00012_config_registry_lifecycle.sql (23.09ms)
2026/10/07 13:25:32 OK   00013_audit_signed_segments.sql (31.76ms)
2026/10/07 13:25:32 OK   00014_audit_segment_predecessors.sql (17.33ms)
2026/10/07 13:25:32 OK   00015_source_schema_scope.sql (7.18ms)
2026/10/07 13:25:32 OK   00016_cluster_registration_metadata.sql (7.88ms)
2026/10/07 13:25:32 OK   00017_source_data_scope.sql (4.81ms)
2026/10/07 13:25:32 OK   00018_sp04_resources_evidence.sql (34.28ms)
2026/10/07 13:25:32 OK   00019_sp04_archive_ciphertext_bytes.sql (6.32ms)
2026/10/07 13:25:32 OK   00020_sp04_request_ledger.sql (11.39ms)
2026/10/07 13:25:32 OK   00021_sp04_archive_protection.sql (13.72ms)
2026/10/07 13:25:32 OK   00022_sp04_legal_hold_dependencies.sql (5.45ms)
2026/10/07 13:25:32 OK   00023_sp04_archive_query_intent.sql (3.48ms)
2026/10/07 13:25:33 OK   00024_sp05_finding_incident.sql (46.19ms)
2026/10/07 13:25:33 OK   00025_sp05_incident_event_time.sql (9.63ms)
2026/10/07 13:25:33 OK   00026_sp05_source_binding_lock.sql (7.66ms)
2026/10/07 13:25:33 OK   00027_sp05_rca_and_poll.sql (15.98ms)
2026/10/07 13:25:33 OK   00028_sp05_operator_lock.sql (5.65ms)
2026/10/07 13:25:33 OK   00029_sp05_evidence_links.sql (19.36ms)
2026/10/07 13:25:33 OK   00030_sp05_recipe_fence.sql (17.7ms)
2026/10/07 13:25:33 OK   00031_sp05_rca_postcheck.sql (9.87ms)
2026/10/07 13:25:33 OK   00032_sp05_transport_audit.sql (9.87ms)
2026/10/07 13:25:33 OK   00033_sp05_poll_resolution_clock.sql (7.59ms)
2026/10/07 13:25:33 OK   00034_sp06_investigation_ledger.sql (51.1ms)
2026/10/07 13:25:33 OK   00035_sp06_admission_data_classes.sql (9.26ms)
2026/10/07 13:25:33 goose: successfully migrated database to version: 35
2026/10/07 13:25:33 OK   00001_roles_and_schemas.sql (21.03ms)
2026/10/07 13:25:33 OK   00002_platform_meta.sql (32.28ms)
2026/10/07 13:25:33 OK   00003_finding.sql (15.82ms)
2026/10/07 13:25:33 OK   00004_incident.sql (12.08ms)
2026/10/07 13:25:33 OK   00005_investigation.sql (14.45ms)
2026/10/07 13:25:33 OK   00006_action_command.sql (18.17ms)
2026/10/07 13:25:33 OK   00007_audit.sql (16.77ms)
2026/10/07 13:25:33 OK   00008_rls.sql (15.46ms)
2026/10/07 13:25:33 OK   00009_idempotency_ledger.sql (12.19ms)
2026/10/07 13:25:33 OK   00010_tenant_provisioning.sql (12.54ms)
2026/10/07 13:25:33 OK   00011_source_registration_history.sql (42.46ms)
2026/10/07 13:25:33 OK   00012_config_registry_lifecycle.sql (24.35ms)
2026/10/07 13:25:33 OK   00013_audit_signed_segments.sql (43.22ms)
2026/10/07 13:25:33 OK   00014_audit_segment_predecessors.sql (41.2ms)
2026/10/07 13:25:33 OK   00015_source_schema_scope.sql (27.64ms)
2026/10/07 13:25:33 OK   00016_cluster_registration_metadata.sql (8.99ms)
2026/10/07 13:25:33 OK   00017_source_data_scope.sql (6.76ms)
2026/10/07 13:25:33 OK   00018_sp04_resources_evidence.sql (51.33ms)
2026/10/07 13:25:33 OK   00019_sp04_archive_ciphertext_bytes.sql (16.08ms)
2026/10/07 13:25:33 OK   00020_sp04_request_ledger.sql (13.17ms)
2026/10/07 13:25:33 OK   00021_sp04_archive_protection.sql (13.48ms)
2026/10/07 13:25:33 OK   00022_sp04_legal_hold_dependencies.sql (8.28ms)
2026/10/07 13:25:33 OK   00023_sp04_archive_query_intent.sql (10.32ms)
2026/10/07 13:25:33 OK   00024_sp05_finding_incident.sql (46.24ms)
2026/10/07 13:25:33 OK   00025_sp05_incident_event_time.sql (4.25ms)
2026/10/07 13:25:33 OK   00026_sp05_source_binding_lock.sql (5.89ms)
2026/10/07 13:25:33 OK   00027_sp05_rca_and_poll.sql (16.79ms)
2026/10/07 13:25:33 OK   00028_sp05_operator_lock.sql (9.1ms)
2026/10/07 13:25:34 OK   00029_sp05_evidence_links.sql (17.5ms)
2026/10/07 13:25:34 OK   00030_sp05_recipe_fence.sql (5.32ms)
2026/10/07 13:25:34 OK   00031_sp05_rca_postcheck.sql (7.4ms)
2026/10/07 13:25:34 OK   00032_sp05_transport_audit.sql (5.4ms)
2026/10/07 13:25:34 OK   00033_sp05_poll_resolution_clock.sql (6.89ms)
2026/10/07 13:25:34 OK   00034_sp06_investigation_ledger.sql (91.34ms)
2026/10/07 13:25:34 OK   00035_sp06_admission_data_classes.sql (6.15ms)
2026/10/07 13:25:34 goose: successfully migrated database to version: 35
2026/10/07 13:25:36 OK   00001_roles_and_schemas.sql (18.13ms)
2026/10/07 13:25:36 goose: successfully migrated database to version: 1
2026/10/07 13:25:36 OK   00002_platform_meta.sql (37.46ms)
2026/10/07 13:25:36 OK   00003_finding.sql (18.94ms)
2026/10/07 13:25:36 OK   00004_incident.sql (13.82ms)
2026/10/07 13:25:36 OK   00005_investigation.sql (11.62ms)
2026/10/07 13:25:36 OK   00006_action_command.sql (11.41ms)
2026/10/07 13:25:36 OK   00007_audit.sql (22.22ms)
2026/10/07 13:25:36 OK   00008_rls.sql (19.18ms)
2026/10/07 13:25:36 OK   00009_idempotency_ledger.sql (11.47ms)
2026/10/07 13:25:36 OK   00010_tenant_provisioning.sql (6.3ms)
2026/10/07 13:25:36 OK   00011_source_registration_history.sql (22.57ms)
2026/10/07 13:25:36 OK   00012_config_registry_lifecycle.sql (23.39ms)
2026/10/07 13:25:36 OK   00013_audit_signed_segments.sql (20.98ms)
2026/10/07 13:25:36 OK   00014_audit_segment_predecessors.sql (13.89ms)
2026/10/07 13:25:36 OK   00015_source_schema_scope.sql (14.03ms)
2026/10/07 13:25:36 OK   00016_cluster_registration_metadata.sql (13.41ms)
2026/10/07 13:25:36 goose: successfully migrated database to version: 16
2026/10/07 13:25:36 OK   00017_source_data_scope.sql (9.11ms)
2026/10/07 13:25:36 OK   00018_sp04_resources_evidence.sql (48.07ms)
2026/10/07 13:25:36 OK   00019_sp04_archive_ciphertext_bytes.sql (7ms)
2026/10/07 13:25:36 OK   00020_sp04_request_ledger.sql (9.49ms)
2026/10/07 13:25:36 OK   00021_sp04_archive_protection.sql (13.93ms)
2026/10/07 13:25:36 OK   00022_sp04_legal_hold_dependencies.sql (14.54ms)
2026/10/07 13:25:36 OK   00023_sp04_archive_query_intent.sql (12.95ms)
2026/10/07 13:25:37 OK   00024_sp05_finding_incident.sql (61.96ms)
2026/10/07 13:25:37 OK   00025_sp05_incident_event_time.sql (6.72ms)
2026/10/07 13:25:37 OK   00026_sp05_source_binding_lock.sql (12.2ms)
2026/10/07 13:25:37 OK   00027_sp05_rca_and_poll.sql (12.46ms)
2026/10/07 13:25:37 OK   00028_sp05_operator_lock.sql (13.46ms)
2026/10/07 13:25:37 OK   00029_sp05_evidence_links.sql (28.35ms)
2026/10/07 13:25:37 OK   00030_sp05_recipe_fence.sql (10.16ms)
2026/10/07 13:25:37 OK   00031_sp05_rca_postcheck.sql (3.35ms)
2026/10/07 13:25:37 OK   00032_sp05_transport_audit.sql (3.61ms)
2026/10/07 13:25:37 OK   00033_sp05_poll_resolution_clock.sql (8.39ms)
2026/10/07 13:25:37 OK   00034_sp06_investigation_ledger.sql (47.09ms)
2026/10/07 13:25:37 OK   00035_sp06_admission_data_classes.sql (3.17ms)
2026/10/07 13:25:37 goose: successfully migrated database to version: 35
2026/10/07 13:25:37 OK   00001_roles_and_schemas.sql (23.66ms)
2026/10/07 13:25:37 goose: successfully migrated database to version: 1
2026/10/07 13:25:37 OK   00002_platform_meta.sql (44.86ms)
2026/10/07 13:25:37 OK   00003_finding.sql (12.64ms)
2026/10/07 13:25:37 OK   00004_incident.sql (13.17ms)
2026/10/07 13:25:37 OK   00005_investigation.sql (11.3ms)
2026/10/07 13:25:37 OK   00006_action_command.sql (15.08ms)
2026/10/07 13:25:37 OK   00007_audit.sql (17.59ms)
2026/10/07 13:25:37 OK   00008_rls.sql (12.12ms)
2026/10/07 13:25:37 OK   00009_idempotency_ledger.sql (19.03ms)
2026/10/07 13:25:37 OK   00010_tenant_provisioning.sql (9.43ms)
2026/10/07 13:25:37 OK   00011_source_registration_history.sql (15.44ms)
2026/10/07 13:25:37 OK   00012_config_registry_lifecycle.sql (17.68ms)
2026/10/07 13:25:37 OK   00013_audit_signed_segments.sql (38.18ms)
2026/10/07 13:25:37 OK   00014_audit_segment_predecessors.sql (6.6ms)
2026/10/07 13:25:37 OK   00015_source_schema_scope.sql (5.54ms)
2026/10/07 13:25:37 OK   00016_cluster_registration_metadata.sql (8.12ms)
2026/10/07 13:25:37 OK   00017_source_data_scope.sql (8.42ms)
2026/10/07 13:25:37 OK   00018_sp04_resources_evidence.sql (36.04ms)
2026/10/07 13:25:37 OK   00019_sp04_archive_ciphertext_bytes.sql (3.99ms)
2026/10/07 13:25:37 OK   00020_sp04_request_ledger.sql (6.87ms)
2026/10/07 13:25:37 OK   00021_sp04_archive_protection.sql (5.29ms)
2026/10/07 13:25:37 OK   00022_sp04_legal_hold_dependencies.sql (5.26ms)
2026/10/07 13:25:37 OK   00023_sp04_archive_query_intent.sql (6.61ms)
2026/10/07 13:25:37 OK   00024_sp05_finding_incident.sql (43.22ms)
2026/10/07 13:25:37 OK   00025_sp05_incident_event_time.sql (3.41ms)
2026/10/07 13:25:37 OK   00026_sp05_source_binding_lock.sql (3.83ms)
2026/10/07 13:25:37 OK   00027_sp05_rca_and_poll.sql (11.98ms)
2026/10/07 13:25:37 OK   00028_sp05_operator_lock.sql (9.72ms)
2026/10/07 13:25:37 OK   00029_sp05_evidence_links.sql (15.99ms)
2026/10/07 13:25:37 OK   00030_sp05_recipe_fence.sql (7.2ms)
2026/10/07 13:25:37 OK   00031_sp05_rca_postcheck.sql (6.41ms)
2026/10/07 13:25:37 OK   00032_sp05_transport_audit.sql (9.11ms)
2026/10/07 13:25:37 OK   00033_sp05_poll_resolution_clock.sql (4.71ms)
2026/10/07 13:25:37 OK   00034_sp06_investigation_ledger.sql (40.76ms)
2026/10/07 13:25:37 OK   00035_sp06_admission_data_classes.sql (14.28ms)
2026/10/07 13:25:37 goose: successfully migrated database to version: 35
2026/10/07 13:25:38 OK   00001_roles_and_schemas.sql (13.1ms)
2026/10/07 13:25:38 goose: successfully migrated database to version: 1
2026/10/07 13:25:38 OK   00002_platform_meta.sql (39.06ms)
2026/10/07 13:25:38 OK   00003_finding.sql (11.17ms)
2026/10/07 13:25:38 OK   00004_incident.sql (12.03ms)
2026/10/07 13:25:38 OK   00005_investigation.sql (13.76ms)
2026/10/07 13:25:38 OK   00006_action_command.sql (22.1ms)
2026/10/07 13:25:38 OK   00007_audit.sql (18.02ms)
2026/10/07 13:25:38 OK   00008_rls.sql (13.45ms)
2026/10/07 13:25:38 OK   00009_idempotency_ledger.sql (15.06ms)
2026/10/07 13:25:38 OK   00010_tenant_provisioning.sql (14.02ms)
2026/10/07 13:25:38 OK   00011_source_registration_history.sql (18.23ms)
2026/10/07 13:25:38 OK   00012_config_registry_lifecycle.sql (14.25ms)
2026/10/07 13:25:38 OK   00013_audit_signed_segments.sql (24.87ms)
2026/10/07 13:25:38 OK   00014_audit_segment_predecessors.sql (13.9ms)
2026/10/07 13:25:38 OK   00015_source_schema_scope.sql (9.16ms)
2026/10/07 13:25:38 OK   00016_cluster_registration_metadata.sql (10.3ms)
2026/10/07 13:25:38 OK   00017_source_data_scope.sql (7.03ms)
2026/10/07 13:25:38 OK   00018_sp04_resources_evidence.sql (43.91ms)
2026/10/07 13:25:38 OK   00019_sp04_archive_ciphertext_bytes.sql (18.45ms)
2026/10/07 13:25:38 OK   00020_sp04_request_ledger.sql (6.75ms)
2026/10/07 13:25:38 OK   00021_sp04_archive_protection.sql (4.58ms)
2026/10/07 13:25:38 OK   00022_sp04_legal_hold_dependencies.sql (4.56ms)
2026/10/07 13:25:38 OK   00023_sp04_archive_query_intent.sql (15.26ms)
2026/10/07 13:25:38 OK   00024_sp05_finding_incident.sql (43.35ms)
2026/10/07 13:25:38 OK   00025_sp05_incident_event_time.sql (3.2ms)
2026/10/07 13:25:39 OK   00026_sp05_source_binding_lock.sql (6.56ms)
2026/10/07 13:25:39 OK   00027_sp05_rca_and_poll.sql (21.46ms)
2026/10/07 13:25:39 OK   00028_sp05_operator_lock.sql (9.69ms)
2026/10/07 13:25:39 OK   00029_sp05_evidence_links.sql (14.49ms)
2026/10/07 13:25:39 OK   00030_sp05_recipe_fence.sql (9.37ms)
2026/10/07 13:25:39 OK   00031_sp05_rca_postcheck.sql (3.88ms)
2026/10/07 13:25:39 OK   00032_sp05_transport_audit.sql (4.02ms)
2026/10/07 13:25:39 OK   00033_sp05_poll_resolution_clock.sql (4.69ms)
2026/10/07 13:25:39 OK   00034_sp06_investigation_ledger.sql (69.62ms)
2026/10/07 13:25:39 OK   00035_sp06_admission_data_classes.sql (7.05ms)
2026/10/07 13:25:39 goose: successfully migrated database to version: 35
2026/10/07 13:25:55 OK   00001_roles_and_schemas.sql (42.74ms)
2026/10/07 13:25:55 goose: successfully migrated database to version: 1
2026/10/07 13:25:55 OK   00002_platform_meta.sql (54.25ms)
2026/10/07 13:25:55 OK   00003_finding.sql (19.73ms)
2026/10/07 13:25:55 OK   00004_incident.sql (13.7ms)
2026/10/07 13:25:55 OK   00005_investigation.sql (10.94ms)
2026/10/07 13:25:55 OK   00006_action_command.sql (25.25ms)
2026/10/07 13:25:55 OK   00007_audit.sql (18.18ms)
2026/10/07 13:25:55 OK   00008_rls.sql (22.2ms)
2026/10/07 13:25:55 OK   00009_idempotency_ledger.sql (48.62ms)
2026/10/07 13:25:55 OK   00010_tenant_provisioning.sql (10.45ms)
2026/10/07 13:25:55 OK   00011_source_registration_history.sql (64.19ms)
2026/10/07 13:25:55 OK   00012_config_registry_lifecycle.sql (67.4ms)
2026/10/07 13:25:55 OK   00013_audit_signed_segments.sql (33.77ms)
2026/10/07 13:25:55 OK   00014_audit_segment_predecessors.sql (28.26ms)
2026/10/07 13:25:55 OK   00015_source_schema_scope.sql (4.49ms)
2026/10/07 13:25:55 OK   00016_cluster_registration_metadata.sql (4.61ms)
2026/10/07 13:25:55 OK   00017_source_data_scope.sql (3.71ms)
2026/10/07 13:25:55 OK   00018_sp04_resources_evidence.sql (14.52ms)
2026/10/07 13:25:55 OK   00019_sp04_archive_ciphertext_bytes.sql (7.31ms)
2026/10/07 13:25:55 OK   00020_sp04_request_ledger.sql (27.54ms)
2026/10/07 13:25:55 OK   00021_sp04_archive_protection.sql (11.94ms)
2026/10/07 13:25:55 OK   00022_sp04_legal_hold_dependencies.sql (13.77ms)
2026/10/07 13:25:55 OK   00023_sp04_archive_query_intent.sql (9.04ms)
2026/10/07 13:25:55 OK   00024_sp05_finding_incident.sql (38.26ms)
2026/10/07 13:25:55 OK   00025_sp05_incident_event_time.sql (8.72ms)
2026/10/07 13:25:55 OK   00026_sp05_source_binding_lock.sql (23.93ms)
2026/10/07 13:25:55 OK   00027_sp05_rca_and_poll.sql (45.45ms)
2026/10/07 13:25:55 OK   00028_sp05_operator_lock.sql (9.01ms)
2026/10/07 13:25:55 OK   00029_sp05_evidence_links.sql (17.04ms)
2026/10/07 13:25:55 OK   00030_sp05_recipe_fence.sql (6.22ms)
2026/10/07 13:25:55 OK   00031_sp05_rca_postcheck.sql (6.74ms)
2026/10/07 13:25:55 OK   00032_sp05_transport_audit.sql (45.4ms)
2026/10/07 13:25:55 OK   00033_sp05_poll_resolution_clock.sql (5.96ms)
2026/10/07 13:25:56 OK   00034_sp06_investigation_ledger.sql (65.16ms)
2026/10/07 13:25:56 OK   00035_sp06_admission_data_classes.sql (5.11ms)
2026/10/07 13:25:56 goose: successfully migrated database to version: 35
2026/10/07 13:25:57 OK   00001_roles_and_schemas.sql (61.62ms)
2026/10/07 13:25:57 goose: successfully migrated database to version: 1
2026/10/07 13:25:58 OK   00002_platform_meta.sql (54.65ms)
2026/10/07 13:25:58 OK   00003_finding.sql (10.61ms)
2026/10/07 13:25:58 OK   00004_incident.sql (21.06ms)
2026/10/07 13:25:58 OK   00005_investigation.sql (21.04ms)
2026/10/07 13:25:58 OK   00006_action_command.sql (13.95ms)
2026/10/07 13:25:58 OK   00007_audit.sql (19.33ms)
2026/10/07 13:25:58 OK   00008_rls.sql (37.45ms)
2026/10/07 13:25:58 OK   00009_idempotency_ledger.sql (20.57ms)
2026/10/07 13:25:58 OK   00010_tenant_provisioning.sql (7.55ms)
2026/10/07 13:25:58 OK   00011_source_registration_history.sql (18.45ms)
2026/10/07 13:25:58 OK   00012_config_registry_lifecycle.sql (31.58ms)
2026/10/07 13:25:58 OK   00013_audit_signed_segments.sql (38.09ms)
2026/10/07 13:25:58 OK   00014_audit_segment_predecessors.sql (8.54ms)
2026/10/07 13:25:58 OK   00015_source_schema_scope.sql (8.25ms)
2026/10/07 13:25:58 OK   00016_cluster_registration_metadata.sql (15.37ms)
2026/10/07 13:25:58 OK   00017_source_data_scope.sql (11.43ms)
2026/10/07 13:25:58 OK   00018_sp04_resources_evidence.sql (39.52ms)
2026/10/07 13:25:58 OK   00019_sp04_archive_ciphertext_bytes.sql (5.86ms)
2026/10/07 13:25:58 OK   00020_sp04_request_ledger.sql (5.61ms)
2026/10/07 13:25:58 OK   00021_sp04_archive_protection.sql (3.39ms)
2026/10/07 13:25:58 OK   00022_sp04_legal_hold_dependencies.sql (3.26ms)
2026/10/07 13:25:58 OK   00023_sp04_archive_query_intent.sql (3.44ms)
2026/10/07 13:25:58 OK   00024_sp05_finding_incident.sql (39.37ms)
2026/10/07 13:25:58 OK   00025_sp05_incident_event_time.sql (5.44ms)
2026/10/07 13:25:58 OK   00026_sp05_source_binding_lock.sql (16.78ms)
2026/10/07 13:25:58 OK   00027_sp05_rca_and_poll.sql (18.33ms)
2026/10/07 13:25:58 OK   00028_sp05_operator_lock.sql (7.67ms)
2026/10/07 13:25:58 OK   00029_sp05_evidence_links.sql (8.47ms)
2026/10/07 13:25:58 OK   00030_sp05_recipe_fence.sql (4.24ms)
2026/10/07 13:25:58 OK   00031_sp05_rca_postcheck.sql (3.76ms)
2026/10/07 13:25:58 OK   00032_sp05_transport_audit.sql (4.47ms)
2026/10/07 13:25:58 OK   00033_sp05_poll_resolution_clock.sql (8.31ms)
2026/10/07 13:25:58 OK   00034_sp06_investigation_ledger.sql (140.32ms)
2026/10/07 13:25:58 OK   00035_sp06_admission_data_classes.sql (6.98ms)
2026/10/07 13:25:58 goose: successfully migrated database to version: 35
2026/10/07 13:26:16 OK   00001_roles_and_schemas.sql (33.67ms)
2026/10/07 13:26:16 goose: successfully migrated database to version: 1
2026/10/07 13:26:16 OK   00002_platform_meta.sql (63ms)
2026/10/07 13:26:16 OK   00003_finding.sql (22.79ms)
2026/10/07 13:26:16 OK   00004_incident.sql (13.39ms)
2026/10/07 13:26:16 OK   00005_investigation.sql (10.96ms)
2026/10/07 13:26:16 OK   00006_action_command.sql (11.01ms)
2026/10/07 13:26:16 OK   00007_audit.sql (17.9ms)
2026/10/07 13:26:16 OK   00008_rls.sql (12.28ms)
2026/10/07 13:26:16 OK   00009_idempotency_ledger.sql (12.96ms)
2026/10/07 13:26:16 OK   00010_tenant_provisioning.sql (28.54ms)
2026/10/07 13:26:16 OK   00011_source_registration_history.sql (50.71ms)
2026/10/07 13:26:16 OK   00012_config_registry_lifecycle.sql (25.22ms)
2026/10/07 13:26:16 OK   00013_audit_signed_segments.sql (60.47ms)
2026/10/07 13:26:16 OK   00014_audit_segment_predecessors.sql (14.35ms)
2026/10/07 13:26:16 OK   00015_source_schema_scope.sql (4.24ms)
2026/10/07 13:26:16 OK   00016_cluster_registration_metadata.sql (7.87ms)
2026/10/07 13:26:16 OK   00017_source_data_scope.sql (48.92ms)
2026/10/07 13:26:16 OK   00018_sp04_resources_evidence.sql (85.17ms)
2026/10/07 13:26:16 OK   00019_sp04_archive_ciphertext_bytes.sql (4.22ms)
2026/10/07 13:26:16 OK   00020_sp04_request_ledger.sql (7.06ms)
2026/10/07 13:26:16 OK   00021_sp04_archive_protection.sql (6.2ms)
2026/10/07 13:26:16 OK   00022_sp04_legal_hold_dependencies.sql (7.76ms)
2026/10/07 13:26:16 OK   00023_sp04_archive_query_intent.sql (21.4ms)
2026/10/07 13:26:16 OK   00024_sp05_finding_incident.sql (47.76ms)
2026/10/07 13:26:16 OK   00025_sp05_incident_event_time.sql (4.78ms)
2026/10/07 13:26:16 OK   00026_sp05_source_binding_lock.sql (8.15ms)
2026/10/07 13:26:16 OK   00027_sp05_rca_and_poll.sql (47.49ms)
2026/10/07 13:26:16 OK   00028_sp05_operator_lock.sql (6.29ms)
2026/10/07 13:26:17 OK   00029_sp05_evidence_links.sql (54.95ms)
2026/10/07 13:26:17 OK   00030_sp05_recipe_fence.sql (12.04ms)
2026/10/07 13:26:17 OK   00031_sp05_rca_postcheck.sql (3.8ms)
2026/10/07 13:26:17 OK   00032_sp05_transport_audit.sql (11.33ms)
2026/10/07 13:26:17 OK   00033_sp05_poll_resolution_clock.sql (49.92ms)
2026/10/07 13:26:17 OK   00034_sp06_investigation_ledger.sql (69.68ms)
2026/10/07 13:26:17 OK   00035_sp06_admission_data_classes.sql (5.24ms)
2026/10/07 13:26:17 goose: successfully migrated database to version: 35
2026/10/07 13:26:22 OK   00001_roles_and_schemas.sql (23.44ms)
2026/10/07 13:26:22 goose: successfully migrated database to version: 1
2026/10/07 13:26:22 OK   00002_platform_meta.sql (48.68ms)
2026/10/07 13:26:22 OK   00003_finding.sql (26.12ms)
2026/10/07 13:26:22 OK   00004_incident.sql (13.45ms)
2026/10/07 13:26:22 OK   00005_investigation.sql (15.12ms)
2026/10/07 13:26:22 OK   00006_action_command.sql (10.63ms)
2026/10/07 13:26:22 OK   00007_audit.sql (41.47ms)
2026/10/07 13:26:22 OK   00008_rls.sql (47.42ms)
2026/10/07 13:26:22 OK   00009_idempotency_ledger.sql (17.78ms)
2026/10/07 13:26:22 OK   00010_tenant_provisioning.sql (32.05ms)
2026/10/07 13:26:22 OK   00011_source_registration_history.sql (8.33ms)
2026/10/07 13:26:23 OK   00012_config_registry_lifecycle.sql (23.72ms)
2026/10/07 13:26:23 OK   00013_audit_signed_segments.sql (37.59ms)
2026/10/07 13:26:23 OK   00014_audit_segment_predecessors.sql (46.18ms)
2026/10/07 13:26:23 OK   00015_source_schema_scope.sql (22.75ms)
2026/10/07 13:26:23 OK   00016_cluster_registration_metadata.sql (17.11ms)
2026/10/07 13:26:23 OK   00017_source_data_scope.sql (57.03ms)
2026/10/07 13:26:23 OK   00018_sp04_resources_evidence.sql (41.66ms)
2026/10/07 13:26:23 OK   00019_sp04_archive_ciphertext_bytes.sql (5.83ms)
2026/10/07 13:26:23 OK   00020_sp04_request_ledger.sql (9.07ms)
2026/10/07 13:26:23 OK   00021_sp04_archive_protection.sql (9.29ms)
2026/10/07 13:26:23 OK   00022_sp04_legal_hold_dependencies.sql (4.13ms)
2026/10/07 13:26:23 OK   00023_sp04_archive_query_intent.sql (3.95ms)
2026/10/07 13:26:23 OK   00024_sp05_finding_incident.sql (38.57ms)
2026/10/07 13:26:23 OK   00025_sp05_incident_event_time.sql (7.43ms)
2026/10/07 13:26:23 OK   00026_sp05_source_binding_lock.sql (10.49ms)
2026/10/07 13:26:23 OK   00027_sp05_rca_and_poll.sql (17.87ms)
2026/10/07 13:26:23 OK   00028_sp05_operator_lock.sql (4.03ms)
2026/10/07 13:26:23 OK   00029_sp05_evidence_links.sql (12.97ms)
2026/10/07 13:26:23 OK   00030_sp05_recipe_fence.sql (9.08ms)
2026/10/07 13:26:23 OK   00031_sp05_rca_postcheck.sql (9.07ms)
2026/10/07 13:26:23 OK   00032_sp05_transport_audit.sql (14.23ms)
2026/10/07 13:26:23 OK   00033_sp05_poll_resolution_clock.sql (20.98ms)
2026/10/07 13:26:23 OK   00034_sp06_investigation_ledger.sql (47.53ms)
2026/10/07 13:26:23 OK   00035_sp06_admission_data_classes.sql (8.77ms)
2026/10/07 13:26:23 goose: successfully migrated database to version: 35
2026/10/07 13:26:24 OK   00001_roles_and_schemas.sql (17.25ms)
2026/10/07 13:26:24 goose: successfully migrated database to version: 1
2026/10/07 13:26:24 OK   00002_platform_meta.sql (49.17ms)
2026/10/07 13:26:24 OK   00003_finding.sql (51.41ms)
2026/10/07 13:26:24 OK   00004_incident.sql (6.73ms)
2026/10/07 13:26:24 OK   00005_investigation.sql (8.01ms)
2026/10/07 13:26:24 OK   00006_action_command.sql (47.93ms)
2026/10/07 13:26:24 OK   00007_audit.sql (13.5ms)
2026/10/07 13:26:24 OK   00008_rls.sql (15.14ms)
2026/10/07 13:26:24 OK   00009_idempotency_ledger.sql (23.41ms)
2026/10/07 13:26:24 OK   00010_tenant_provisioning.sql (9.85ms)
2026/10/07 13:26:24 OK   00011_source_registration_history.sql (14.19ms)
2026/10/07 13:26:24 OK   00012_config_registry_lifecycle.sql (16.86ms)
2026/10/07 13:26:24 OK   00013_audit_signed_segments.sql (31.48ms)
2026/10/07 13:26:24 OK   00014_audit_segment_predecessors.sql (14.7ms)
2026/10/07 13:26:24 OK   00015_source_schema_scope.sql (11.81ms)
2026/10/07 13:26:24 OK   00016_cluster_registration_metadata.sql (5.34ms)
2026/10/07 13:26:24 OK   00017_source_data_scope.sql (4.02ms)
2026/10/07 13:26:24 OK   00018_sp04_resources_evidence.sql (42.07ms)
2026/10/07 13:26:24 OK   00019_sp04_archive_ciphertext_bytes.sql (6.18ms)
2026/10/07 13:26:24 OK   00020_sp04_request_ledger.sql (5.6ms)
2026/10/07 13:26:24 OK   00021_sp04_archive_protection.sql (3.18ms)
2026/10/07 13:26:24 OK   00022_sp04_legal_hold_dependencies.sql (2.86ms)
2026/10/07 13:26:24 OK   00023_sp04_archive_query_intent.sql (7.81ms)
2026/10/07 13:26:24 OK   00024_sp05_finding_incident.sql (41.44ms)
2026/10/07 13:26:24 OK   00025_sp05_incident_event_time.sql (8.39ms)
2026/10/07 13:26:24 OK   00026_sp05_source_binding_lock.sql (15.24ms)
2026/10/07 13:26:24 OK   00027_sp05_rca_and_poll.sql (24.64ms)
2026/10/07 13:26:24 OK   00028_sp05_operator_lock.sql (4.29ms)
2026/10/07 13:26:24 OK   00029_sp05_evidence_links.sql (9.75ms)
2026/10/07 13:26:24 OK   00030_sp05_recipe_fence.sql (5.73ms)
2026/10/07 13:26:24 OK   00031_sp05_rca_postcheck.sql (7.45ms)
2026/10/07 13:26:24 OK   00032_sp05_transport_audit.sql (8.51ms)
2026/10/07 13:26:24 OK   00033_sp05_poll_resolution_clock.sql (11.12ms)
2026/10/07 13:26:24 OK   00034_sp06_investigation_ledger.sql (58.6ms)
2026/10/07 13:26:25 OK   00035_sp06_admission_data_classes.sql (4.64ms)
2026/10/07 13:26:25 goose: successfully migrated database to version: 35
2026/10/07 13:26:25 OK   00001_roles_and_schemas.sql (77.47ms)
2026/10/07 13:26:25 goose: successfully migrated database to version: 1
2026/10/07 13:26:25 OK   00002_platform_meta.sql (60.28ms)
2026/10/07 13:26:25 OK   00003_finding.sql (47.89ms)
2026/10/07 13:26:25 OK   00004_incident.sql (8.59ms)
2026/10/07 13:26:25 OK   00005_investigation.sql (7.26ms)
2026/10/07 13:26:25 OK   00006_action_command.sql (16.06ms)
2026/10/07 13:26:25 OK   00007_audit.sql (34.62ms)
2026/10/07 13:26:25 OK   00008_rls.sql (15.07ms)
2026/10/07 13:26:25 OK   00009_idempotency_ledger.sql (13.09ms)
2026/10/07 13:26:25 OK   00010_tenant_provisioning.sql (10.84ms)
2026/10/07 13:26:25 OK   00011_source_registration_history.sql (21.35ms)
2026/10/07 13:26:25 OK   00012_config_registry_lifecycle.sql (22.56ms)
2026/10/07 13:26:25 OK   00013_audit_signed_segments.sql (12.36ms)
2026/10/07 13:26:25 OK   00014_audit_segment_predecessors.sql (5.86ms)
2026/10/07 13:26:25 OK   00015_source_schema_scope.sql (3.27ms)
2026/10/07 13:26:25 OK   00016_cluster_registration_metadata.sql (17.86ms)
2026/10/07 13:26:25 OK   00017_source_data_scope.sql (37.1ms)
2026/10/07 13:26:25 OK   00018_sp04_resources_evidence.sql (25.33ms)
2026/10/07 13:26:25 OK   00019_sp04_archive_ciphertext_bytes.sql (13.39ms)
2026/10/07 13:26:25 OK   00020_sp04_request_ledger.sql (30.15ms)
2026/10/07 13:26:25 OK   00021_sp04_archive_protection.sql (3.1ms)
2026/10/07 13:26:25 OK   00022_sp04_legal_hold_dependencies.sql (3.01ms)
2026/10/07 13:26:25 OK   00023_sp04_archive_query_intent.sql (3.41ms)
2026/10/07 13:26:26 OK   00024_sp05_finding_incident.sql (30.04ms)
2026/10/07 13:26:26 OK   00025_sp05_incident_event_time.sql (4.81ms)
2026/10/07 13:26:26 OK   00026_sp05_source_binding_lock.sql (6.05ms)
2026/10/07 13:26:26 OK   00027_sp05_rca_and_poll.sql (19.08ms)
2026/10/07 13:26:26 OK   00028_sp05_operator_lock.sql (3.37ms)
2026/10/07 13:26:26 OK   00029_sp05_evidence_links.sql (5.83ms)
2026/10/07 13:26:26 OK   00030_sp05_recipe_fence.sql (2.5ms)
2026/10/07 13:26:26 OK   00031_sp05_rca_postcheck.sql (18.52ms)
2026/10/07 13:26:26 OK   00032_sp05_transport_audit.sql (25.6ms)
2026/10/07 13:26:26 OK   00033_sp05_poll_resolution_clock.sql (4.03ms)
2026/10/07 13:26:26 OK   00034_sp06_investigation_ledger.sql (57.81ms)
2026/10/07 13:26:26 OK   00035_sp06_admission_data_classes.sql (6.86ms)
2026/10/07 13:26:26 goose: successfully migrated database to version: 35
2026/10/07 13:26:46 OK   00001_roles_and_schemas.sql (22.75ms)
2026/10/07 13:26:46 goose: successfully migrated database to version: 1
2026/10/07 13:26:46 OK   00002_platform_meta.sql (37.65ms)
2026/10/07 13:26:46 OK   00003_finding.sql (26.74ms)
2026/10/07 13:26:46 OK   00004_incident.sql (22.08ms)
2026/10/07 13:26:46 OK   00005_investigation.sql (21.32ms)
2026/10/07 13:26:46 OK   00006_action_command.sql (42.81ms)
2026/10/07 13:26:46 OK   00007_audit.sql (13.33ms)
2026/10/07 13:26:46 OK   00008_rls.sql (21.24ms)
2026/10/07 13:26:46 OK   00009_idempotency_ledger.sql (43.37ms)
2026/10/07 13:26:46 OK   00010_tenant_provisioning.sql (5.61ms)
2026/10/07 13:26:46 OK   00011_source_registration_history.sql (12.31ms)
2026/10/07 13:26:46 OK   00012_config_registry_lifecycle.sql (16.9ms)
2026/10/07 13:26:46 OK   00013_audit_signed_segments.sql (39.95ms)
2026/10/07 13:26:46 OK   00014_audit_segment_predecessors.sql (17.57ms)
2026/10/07 13:26:47 OK   00015_source_schema_scope.sql (51.21ms)
2026/10/07 13:26:47 OK   00016_cluster_registration_metadata.sql (7.06ms)
2026/10/07 13:26:47 OK   00017_source_data_scope.sql (3.62ms)
2026/10/07 13:26:47 OK   00018_sp04_resources_evidence.sql (29.46ms)
2026/10/07 13:26:47 OK   00019_sp04_archive_ciphertext_bytes.sql (7.07ms)
2026/10/07 13:26:47 OK   00020_sp04_request_ledger.sql (15.69ms)
2026/10/07 13:26:47 OK   00021_sp04_archive_protection.sql (14.37ms)
2026/10/07 13:26:47 OK   00022_sp04_legal_hold_dependencies.sql (7.76ms)
2026/10/07 13:26:47 OK   00023_sp04_archive_query_intent.sql (3.62ms)
2026/10/07 13:26:47 OK   00024_sp05_finding_incident.sql (48.89ms)
2026/10/07 13:26:47 OK   00025_sp05_incident_event_time.sql (9.66ms)
2026/10/07 13:26:47 OK   00026_sp05_source_binding_lock.sql (10.22ms)
2026/10/07 13:26:47 OK   00027_sp05_rca_and_poll.sql (11.98ms)
2026/10/07 13:26:47 OK   00028_sp05_operator_lock.sql (6.65ms)
2026/10/07 13:26:47 OK   00029_sp05_evidence_links.sql (46.4ms)
2026/10/07 13:26:47 OK   00030_sp05_recipe_fence.sql (4.13ms)
2026/10/07 13:26:47 OK   00031_sp05_rca_postcheck.sql (3.18ms)
2026/10/07 13:26:47 OK   00032_sp05_transport_audit.sql (7.35ms)
2026/10/07 13:26:47 OK   00033_sp05_poll_resolution_clock.sql (6ms)
2026/10/07 13:26:47 OK   00034_sp06_investigation_ledger.sql (48.94ms)
2026/10/07 13:26:47 OK   00035_sp06_admission_data_classes.sql (14.86ms)
2026/10/07 13:26:47 goose: successfully migrated database to version: 35
2026/10/07 13:27:04 OK   00001_roles_and_schemas.sql (24.8ms)
2026/10/07 13:27:04 goose: successfully migrated database to version: 1
2026/10/07 13:27:04 OK   00002_platform_meta.sql (73.95ms)
2026/10/07 13:27:04 OK   00003_finding.sql (27.55ms)
2026/10/07 13:27:04 OK   00004_incident.sql (15.64ms)
2026/10/07 13:27:04 OK   00005_investigation.sql (41.82ms)
2026/10/07 13:27:04 OK   00006_action_command.sql (7.69ms)
2026/10/07 13:27:04 OK   00007_audit.sql (17.71ms)
2026/10/07 13:27:04 OK   00008_rls.sql (47.26ms)
2026/10/07 13:27:04 OK   00009_idempotency_ledger.sql (32.11ms)
2026/10/07 13:27:04 OK   00010_tenant_provisioning.sql (6.86ms)
2026/10/07 13:27:04 OK   00011_source_registration_history.sql (21.42ms)
2026/10/07 13:27:04 OK   00012_config_registry_lifecycle.sql (32.52ms)
2026/10/07 13:27:04 OK   00013_audit_signed_segments.sql (28.26ms)
2026/10/07 13:27:04 OK   00014_audit_segment_predecessors.sql (14.01ms)
2026/10/07 13:27:04 OK   00015_source_schema_scope.sql (12.29ms)
2026/10/07 13:27:04 OK   00016_cluster_registration_metadata.sql (7.42ms)
2026/10/07 13:27:04 OK   00017_source_data_scope.sql (11.09ms)
2026/10/07 13:27:04 OK   00018_sp04_resources_evidence.sql (32.56ms)
2026/10/07 13:27:04 OK   00019_sp04_archive_ciphertext_bytes.sql (3.61ms)
2026/10/07 13:27:04 OK   00020_sp04_request_ledger.sql (14.48ms)
2026/10/07 13:27:04 OK   00021_sp04_archive_protection.sql (9.08ms)
2026/10/07 13:27:04 OK   00022_sp04_legal_hold_dependencies.sql (31.83ms)
2026/10/07 13:27:04 OK   00023_sp04_archive_query_intent.sql (3.88ms)
2026/10/07 13:27:04 OK   00024_sp05_finding_incident.sql (64.12ms)
2026/10/07 13:27:04 OK   00025_sp05_incident_event_time.sql (7.24ms)
2026/10/07 13:27:04 OK   00026_sp05_source_binding_lock.sql (8.46ms)
2026/10/07 13:27:05 OK   00027_sp05_rca_and_poll.sql (55.86ms)
2026/10/07 13:27:05 OK   00028_sp05_operator_lock.sql (8.92ms)
2026/10/07 13:27:05 OK   00029_sp05_evidence_links.sql (13.58ms)
2026/10/07 13:27:05 OK   00030_sp05_recipe_fence.sql (7.58ms)
2026/10/07 13:27:05 OK   00031_sp05_rca_postcheck.sql (13.19ms)
2026/10/07 13:27:05 OK   00032_sp05_transport_audit.sql (15.45ms)
2026/10/07 13:27:05 OK   00033_sp05_poll_resolution_clock.sql (10.66ms)
2026/10/07 13:27:05 OK   00034_sp06_investigation_ledger.sql (56.54ms)
2026/10/07 13:27:05 OK   00035_sp06_admission_data_classes.sql (18.63ms)
2026/10/07 13:27:05 goose: successfully migrated database to version: 35
2026/10/07 13:27:25 OK   00001_roles_and_schemas.sql (33.78ms)
2026/10/07 13:27:25 goose: successfully migrated database to version: 1
2026/10/07 13:27:25 OK   00002_platform_meta.sql (88.37ms)
2026/10/07 13:27:25 OK   00003_finding.sql (55.57ms)
2026/10/07 13:27:25 OK   00004_incident.sql (37.85ms)
2026/10/07 13:27:25 OK   00005_investigation.sql (22.07ms)
2026/10/07 13:27:25 OK   00006_action_command.sql (44.22ms)
2026/10/07 13:27:25 OK   00007_audit.sql (28.83ms)
2026/10/07 13:27:25 OK   00008_rls.sql (29.17ms)
2026/10/07 13:27:25 OK   00009_idempotency_ledger.sql (38.27ms)
2026/10/07 13:27:25 OK   00010_tenant_provisioning.sql (7.58ms)
2026/10/07 13:27:25 OK   00011_source_registration_history.sql (29.12ms)
2026/10/07 13:27:25 OK   00012_config_registry_lifecycle.sql (35.7ms)
2026/10/07 13:27:25 OK   00013_audit_signed_segments.sql (23.27ms)
2026/10/07 13:27:25 OK   00014_audit_segment_predecessors.sql (13.26ms)
2026/10/07 13:27:25 OK   00015_source_schema_scope.sql (7.61ms)
2026/10/07 13:27:25 OK   00016_cluster_registration_metadata.sql (16.57ms)
2026/10/07 13:27:25 OK   00017_source_data_scope.sql (31.75ms)
2026/10/07 13:27:25 OK   00018_sp04_resources_evidence.sql (30.07ms)
2026/10/07 13:27:25 OK   00019_sp04_archive_ciphertext_bytes.sql (5.42ms)
2026/10/07 13:27:25 OK   00020_sp04_request_ledger.sql (13.62ms)
2026/10/07 13:27:25 OK   00021_sp04_archive_protection.sql (62.09ms)
2026/10/07 13:27:25 OK   00022_sp04_legal_hold_dependencies.sql (7.55ms)
2026/10/07 13:27:25 OK   00023_sp04_archive_query_intent.sql (14.06ms)
2026/10/07 13:27:25 OK   00024_sp05_finding_incident.sql (69.07ms)
2026/10/07 13:27:25 OK   00025_sp05_incident_event_time.sql (4.61ms)
2026/10/07 13:27:25 OK   00026_sp05_source_binding_lock.sql (5.59ms)
2026/10/07 13:27:25 OK   00027_sp05_rca_and_poll.sql (29.48ms)
2026/10/07 13:27:25 OK   00028_sp05_operator_lock.sql (6.88ms)
2026/10/07 13:27:25 OK   00029_sp05_evidence_links.sql (25.09ms)
2026/10/07 13:27:25 OK   00030_sp05_recipe_fence.sql (13.8ms)
2026/10/07 13:27:25 OK   00031_sp05_rca_postcheck.sql (4.75ms)
2026/10/07 13:27:25 OK   00032_sp05_transport_audit.sql (3.93ms)
2026/10/07 13:27:25 OK   00033_sp05_poll_resolution_clock.sql (4.89ms)
2026/10/07 13:27:26 OK   00034_sp06_investigation_ledger.sql (139.05ms)
2026/10/07 13:27:26 OK   00035_sp06_admission_data_classes.sql (6.63ms)
2026/10/07 13:27:26 goose: successfully migrated database to version: 35
2026/10/07 13:27:47 OK   00001_roles_and_schemas.sql (14.76ms)
2026/10/07 13:27:47 goose: successfully migrated database to version: 1
2026/10/07 13:27:47 OK   00002_platform_meta.sql (71.36ms)
2026/10/07 13:27:47 OK   00003_finding.sql (23.35ms)
2026/10/07 13:27:47 OK   00004_incident.sql (21.94ms)
2026/10/07 13:27:47 OK   00005_investigation.sql (27.92ms)
2026/10/07 13:27:47 OK   00006_action_command.sql (8.78ms)
2026/10/07 13:27:48 OK   00007_audit.sql (21.5ms)
2026/10/07 13:27:48 OK   00008_rls.sql (21.46ms)
2026/10/07 13:27:48 OK   00009_idempotency_ledger.sql (30.39ms)
2026/10/07 13:27:48 OK   00010_tenant_provisioning.sql (6.64ms)
2026/10/07 13:27:48 OK   00011_source_registration_history.sql (18.34ms)
2026/10/07 13:27:48 OK   00012_config_registry_lifecycle.sql (49.02ms)
2026/10/07 13:27:48 OK   00013_audit_signed_segments.sql (50.12ms)
2026/10/07 13:27:48 OK   00014_audit_segment_predecessors.sql (26.46ms)
2026/10/07 13:27:48 OK   00015_source_schema_scope.sql (5.9ms)
2026/10/07 13:27:48 OK   00016_cluster_registration_metadata.sql (13.29ms)
2026/10/07 13:27:48 OK   00017_source_data_scope.sql (43.79ms)
2026/10/07 13:27:48 OK   00018_sp04_resources_evidence.sql (69.52ms)
2026/10/07 13:27:48 OK   00019_sp04_archive_ciphertext_bytes.sql (8.05ms)
2026/10/07 13:27:48 OK   00020_sp04_request_ledger.sql (45.8ms)
2026/10/07 13:27:48 OK   00021_sp04_archive_protection.sql (21.02ms)
2026/10/07 13:27:48 OK   00022_sp04_legal_hold_dependencies.sql (5.82ms)
2026/10/07 13:27:48 OK   00023_sp04_archive_query_intent.sql (32.61ms)
2026/10/07 13:27:48 OK   00024_sp05_finding_incident.sql (57.82ms)
2026/10/07 13:27:48 OK   00025_sp05_incident_event_time.sql (6.71ms)
2026/10/07 13:27:48 OK   00026_sp05_source_binding_lock.sql (5.94ms)
2026/10/07 13:27:48 OK   00027_sp05_rca_and_poll.sql (42.47ms)
2026/10/07 13:27:48 OK   00028_sp05_operator_lock.sql (7.66ms)
2026/10/07 13:27:48 OK   00029_sp05_evidence_links.sql (8.8ms)
2026/10/07 13:27:48 OK   00030_sp05_recipe_fence.sql (11.04ms)
2026/10/07 13:27:48 OK   00031_sp05_rca_postcheck.sql (37.35ms)
2026/10/07 13:27:48 OK   00032_sp05_transport_audit.sql (12.21ms)
2026/10/07 13:27:48 OK   00033_sp05_poll_resolution_clock.sql (6.48ms)
2026/10/07 13:27:48 OK   00034_sp06_investigation_ledger.sql (69.63ms)
2026/10/07 13:27:48 OK   00035_sp06_admission_data_classes.sql (8.88ms)
2026/10/07 13:27:48 goose: successfully migrated database to version: 35
2026/10/07 13:28:07 OK   00001_roles_and_schemas.sql (71.82ms)
2026/10/07 13:28:07 goose: successfully migrated database to version: 1
2026/10/07 13:28:07 OK   00002_platform_meta.sql (40.71ms)
2026/10/07 13:28:07 OK   00003_finding.sql (18.44ms)
2026/10/07 13:28:08 OK   00004_incident.sql (44.63ms)
2026/10/07 13:28:08 OK   00005_investigation.sql (15.72ms)
2026/10/07 13:28:08 OK   00006_action_command.sql (49.99ms)
2026/10/07 13:28:08 OK   00007_audit.sql (51.88ms)
2026/10/07 13:28:08 OK   00008_rls.sql (56.83ms)
2026/10/07 13:28:08 OK   00009_idempotency_ledger.sql (78.44ms)
2026/10/07 13:28:08 OK   00010_tenant_provisioning.sql (4.95ms)
2026/10/07 13:28:08 OK   00011_source_registration_history.sql (19.33ms)
2026/10/07 13:28:08 OK   00012_config_registry_lifecycle.sql (24.63ms)
2026/10/07 13:28:08 OK   00013_audit_signed_segments.sql (19.37ms)
2026/10/07 13:28:08 OK   00014_audit_segment_predecessors.sql (12.64ms)
2026/10/07 13:28:08 OK   00015_source_schema_scope.sql (5.39ms)
2026/10/07 13:28:08 OK   00016_cluster_registration_metadata.sql (7.34ms)
2026/10/07 13:28:08 OK   00017_source_data_scope.sql (8.19ms)
2026/10/07 13:28:08 OK   00018_sp04_resources_evidence.sql (27.2ms)
2026/10/07 13:28:08 OK   00019_sp04_archive_ciphertext_bytes.sql (3.87ms)
2026/10/07 13:28:08 OK   00020_sp04_request_ledger.sql (11.94ms)
2026/10/07 13:28:08 OK   00021_sp04_archive_protection.sql (4.87ms)
2026/10/07 13:28:08 OK   00022_sp04_legal_hold_dependencies.sql (4.15ms)
2026/10/07 13:28:08 OK   00023_sp04_archive_query_intent.sql (3.64ms)
2026/10/07 13:28:08 OK   00024_sp05_finding_incident.sql (78.2ms)
2026/10/07 13:28:08 OK   00025_sp05_incident_event_time.sql (4.21ms)
2026/10/07 13:28:08 OK   00026_sp05_source_binding_lock.sql (6.1ms)
2026/10/07 13:28:08 OK   00027_sp05_rca_and_poll.sql (19.16ms)
2026/10/07 13:28:08 OK   00028_sp05_operator_lock.sql (5.44ms)
2026/10/07 13:28:08 OK   00029_sp05_evidence_links.sql (13.09ms)
2026/10/07 13:28:08 OK   00030_sp05_recipe_fence.sql (51.25ms)
2026/10/07 13:28:08 OK   00031_sp05_rca_postcheck.sql (5.02ms)
2026/10/07 13:28:08 OK   00032_sp05_transport_audit.sql (8.14ms)
2026/10/07 13:28:08 OK   00033_sp05_poll_resolution_clock.sql (10.59ms)
2026/10/07 13:28:08 OK   00034_sp06_investigation_ledger.sql (50.63ms)
2026/10/07 13:28:08 OK   00035_sp06_admission_data_classes.sql (14.77ms)
2026/10/07 13:28:08 goose: successfully migrated database to version: 35
2026/10/07 13:28:27 OK   00001_roles_and_schemas.sql (17.45ms)
2026/10/07 13:28:27 goose: successfully migrated database to version: 1
2026/10/07 13:28:27 OK   00002_platform_meta.sql (53.18ms)
2026/10/07 13:28:27 OK   00003_finding.sql (26.02ms)
2026/10/07 13:28:27 OK   00004_incident.sql (12.24ms)
2026/10/07 13:28:27 OK   00005_investigation.sql (10.22ms)
2026/10/07 13:28:27 OK   00006_action_command.sql (10.7ms)
2026/10/07 13:28:27 OK   00007_audit.sql (50.77ms)
2026/10/07 13:28:27 OK   00008_rls.sql (17.83ms)
2026/10/07 13:28:27 OK   00009_idempotency_ledger.sql (53.85ms)
2026/10/07 13:28:27 OK   00010_tenant_provisioning.sql (5.25ms)
2026/10/07 13:28:27 OK   00011_source_registration_history.sql (38.04ms)
2026/10/07 13:28:27 OK   00012_config_registry_lifecycle.sql (25.6ms)
2026/10/07 13:28:27 OK   00013_audit_signed_segments.sql (23.49ms)
2026/10/07 13:28:27 OK   00014_audit_segment_predecessors.sql (11.46ms)
2026/10/07 13:28:27 OK   00015_source_schema_scope.sql (9.59ms)
2026/10/07 13:28:27 OK   00016_cluster_registration_metadata.sql (8.92ms)
2026/10/07 13:28:27 OK   00017_source_data_scope.sql (11.77ms)
2026/10/07 13:28:27 OK   00018_sp04_resources_evidence.sql (28.77ms)
2026/10/07 13:28:27 OK   00019_sp04_archive_ciphertext_bytes.sql (45.38ms)
2026/10/07 13:28:27 OK   00020_sp04_request_ledger.sql (9.8ms)
2026/10/07 13:28:27 OK   00021_sp04_archive_protection.sql (4.7ms)
2026/10/07 13:28:27 OK   00022_sp04_legal_hold_dependencies.sql (51.43ms)
2026/10/07 13:28:27 OK   00023_sp04_archive_query_intent.sql (7.45ms)
2026/10/07 13:28:27 OK   00024_sp05_finding_incident.sql (66.95ms)
2026/10/07 13:28:27 OK   00025_sp05_incident_event_time.sql (3.64ms)
2026/10/07 13:28:27 OK   00026_sp05_source_binding_lock.sql (3.98ms)
2026/10/07 13:28:27 OK   00027_sp05_rca_and_poll.sql (13.06ms)
2026/10/07 13:28:27 OK   00028_sp05_operator_lock.sql (43.23ms)
2026/10/07 13:28:27 OK   00029_sp05_evidence_links.sql (8.81ms)
2026/10/07 13:28:27 OK   00030_sp05_recipe_fence.sql (7.25ms)
2026/10/07 13:28:27 OK   00031_sp05_rca_postcheck.sql (61.41ms)
2026/10/07 13:28:27 OK   00032_sp05_transport_audit.sql (3.44ms)
2026/10/07 13:28:27 OK   00033_sp05_poll_resolution_clock.sql (21.61ms)
2026/10/07 13:28:27 OK   00034_sp06_investigation_ledger.sql (48.32ms)
2026/10/07 13:28:27 OK   00035_sp06_admission_data_classes.sql (5.29ms)
2026/10/07 13:28:27 goose: successfully migrated database to version: 35
2026/10/07 13:28:45 OK   00001_roles_and_schemas.sql (21.2ms)
2026/10/07 13:28:45 goose: successfully migrated database to version: 1
2026/10/07 13:28:45 OK   00002_platform_meta.sql (69.8ms)
2026/10/07 13:28:45 OK   00003_finding.sql (29.14ms)
2026/10/07 13:28:45 OK   00004_incident.sql (70.8ms)
2026/10/07 13:28:45 OK   00005_investigation.sql (75.37ms)
2026/10/07 13:28:45 OK   00006_action_command.sql (18.28ms)
2026/10/07 13:28:46 OK   00007_audit.sql (48.39ms)
2026/10/07 13:28:46 OK   00008_rls.sql (18.93ms)
2026/10/07 13:28:46 OK   00009_idempotency_ledger.sql (24.22ms)
2026/10/07 13:28:46 OK   00010_tenant_provisioning.sql (22.54ms)
2026/10/07 13:28:46 OK   00011_source_registration_history.sql (19.35ms)
2026/10/07 13:28:46 OK   00012_config_registry_lifecycle.sql (57.74ms)
2026/10/07 13:28:46 OK   00013_audit_signed_segments.sql (68.44ms)
2026/10/07 13:28:46 OK   00014_audit_segment_predecessors.sql (13.54ms)
2026/10/07 13:28:46 OK   00015_source_schema_scope.sql (14.71ms)
2026/10/07 13:28:46 OK   00016_cluster_registration_metadata.sql (15.4ms)
2026/10/07 13:28:46 OK   00017_source_data_scope.sql (29.76ms)
2026/10/07 13:28:46 OK   00018_sp04_resources_evidence.sql (47.41ms)
2026/10/07 13:28:46 OK   00019_sp04_archive_ciphertext_bytes.sql (14.53ms)
2026/10/07 13:28:46 OK   00020_sp04_request_ledger.sql (9.24ms)
2026/10/07 13:28:46 OK   00021_sp04_archive_protection.sql (7.26ms)
2026/10/07 13:28:46 OK   00022_sp04_legal_hold_dependencies.sql (11.32ms)
2026/10/07 13:28:46 OK   00023_sp04_archive_query_intent.sql (23.95ms)
2026/10/07 13:28:46 OK   00024_sp05_finding_incident.sql (54.4ms)
2026/10/07 13:28:46 OK   00025_sp05_incident_event_time.sql (40.14ms)
2026/10/07 13:28:46 OK   00026_sp05_source_binding_lock.sql (7.02ms)
2026/10/07 13:28:46 OK   00027_sp05_rca_and_poll.sql (62.75ms)
2026/10/07 13:28:46 OK   00028_sp05_operator_lock.sql (4.57ms)
2026/10/07 13:28:46 OK   00029_sp05_evidence_links.sql (8.61ms)
2026/10/07 13:28:46 OK   00030_sp05_recipe_fence.sql (52.53ms)
2026/10/07 13:28:46 OK   00031_sp05_rca_postcheck.sql (4.88ms)
2026/10/07 13:28:46 OK   00032_sp05_transport_audit.sql (5.01ms)
2026/10/07 13:28:46 OK   00033_sp05_poll_resolution_clock.sql (36.12ms)
2026/10/07 13:28:46 OK   00034_sp06_investigation_ledger.sql (36.36ms)
2026/10/07 13:28:46 OK   00035_sp06_admission_data_classes.sql (51.83ms)
2026/10/07 13:28:46 goose: successfully migrated database to version: 35
2026/10/07 13:29:04 OK   00001_roles_and_schemas.sql (21.87ms)
2026/10/07 13:29:04 goose: successfully migrated database to version: 1
2026/10/07 13:29:05 OK   00002_platform_meta.sql (88.08ms)
2026/10/07 13:29:05 OK   00003_finding.sql (48.56ms)
2026/10/07 13:29:05 OK   00004_incident.sql (11.36ms)
2026/10/07 13:29:05 OK   00005_investigation.sql (31.94ms)
2026/10/07 13:29:05 OK   00006_action_command.sql (16.38ms)
2026/10/07 13:29:05 OK   00007_audit.sql (20.99ms)
2026/10/07 13:29:05 OK   00008_rls.sql (18.84ms)
2026/10/07 13:29:05 OK   00009_idempotency_ledger.sql (57.7ms)
2026/10/07 13:29:05 OK   00010_tenant_provisioning.sql (7.55ms)
2026/10/07 13:29:05 OK   00011_source_registration_history.sql (17.71ms)
2026/10/07 13:29:05 OK   00012_config_registry_lifecycle.sql (52.68ms)
2026/10/07 13:29:05 OK   00013_audit_signed_segments.sql (32.65ms)
2026/10/07 13:29:05 OK   00014_audit_segment_predecessors.sql (58.65ms)
2026/10/07 13:29:05 OK   00015_source_schema_scope.sql (16.04ms)
2026/10/07 13:29:05 OK   00016_cluster_registration_metadata.sql (10.18ms)
2026/10/07 13:29:05 OK   00017_source_data_scope.sql (8.49ms)
2026/10/07 13:29:05 OK   00018_sp04_resources_evidence.sql (33.39ms)
2026/10/07 13:29:05 OK   00019_sp04_archive_ciphertext_bytes.sql (4.68ms)
2026/10/07 13:29:05 OK   00020_sp04_request_ledger.sql (12.77ms)
2026/10/07 13:29:05 OK   00021_sp04_archive_protection.sql (54.58ms)
2026/10/07 13:29:05 OK   00022_sp04_legal_hold_dependencies.sql (6.16ms)
2026/10/07 13:29:05 OK   00023_sp04_archive_query_intent.sql (5.53ms)
2026/10/07 13:29:05 OK   00024_sp05_finding_incident.sql (55.23ms)
2026/10/07 13:29:05 OK   00025_sp05_incident_event_time.sql (5.31ms)
2026/10/07 13:29:05 OK   00026_sp05_source_binding_lock.sql (57.55ms)
2026/10/07 13:29:05 OK   00027_sp05_rca_and_poll.sql (27.78ms)
2026/10/07 13:29:05 OK   00028_sp05_operator_lock.sql (8.88ms)
2026/10/07 13:29:05 OK   00029_sp05_evidence_links.sql (15.73ms)
2026/10/07 13:29:05 OK   00030_sp05_recipe_fence.sql (10.43ms)
2026/10/07 13:29:05 OK   00031_sp05_rca_postcheck.sql (5.46ms)
2026/10/07 13:29:05 OK   00032_sp05_transport_audit.sql (4.93ms)
2026/10/07 13:29:05 OK   00033_sp05_poll_resolution_clock.sql (4.86ms)
2026/10/07 13:29:05 OK   00034_sp06_investigation_ledger.sql (46.52ms)
2026/10/07 13:29:05 OK   00035_sp06_admission_data_classes.sql (24.32ms)
2026/10/07 13:29:05 goose: successfully migrated database to version: 35
2026/10/07 13:29:23 OK   00001_roles_and_schemas.sql (55.15ms)
2026/10/07 13:29:23 goose: successfully migrated database to version: 1
2026/10/07 13:29:23 OK   00002_platform_meta.sql (57.87ms)
2026/10/07 13:29:23 OK   00003_finding.sql (12.83ms)
2026/10/07 13:29:23 OK   00004_incident.sql (57.01ms)
2026/10/07 13:29:23 OK   00005_investigation.sql (65.68ms)
2026/10/07 13:29:23 OK   00006_action_command.sql (7.21ms)
2026/10/07 13:29:23 OK   00007_audit.sql (20.38ms)
2026/10/07 13:29:23 OK   00008_rls.sql (42.2ms)
2026/10/07 13:29:23 OK   00009_idempotency_ledger.sql (22.74ms)
2026/10/07 13:29:23 OK   00010_tenant_provisioning.sql (17.79ms)
2026/10/07 13:29:23 OK   00011_source_registration_history.sql (17.73ms)
2026/10/07 13:29:23 OK   00012_config_registry_lifecycle.sql (18.69ms)
2026/10/07 13:29:23 OK   00013_audit_signed_segments.sql (62.65ms)
2026/10/07 13:29:23 OK   00014_audit_segment_predecessors.sql (7.97ms)
2026/10/07 13:29:23 OK   00015_source_schema_scope.sql (3.81ms)
2026/10/07 13:29:23 OK   00016_cluster_registration_metadata.sql (5.34ms)
2026/10/07 13:29:23 OK   00017_source_data_scope.sql (5.95ms)
2026/10/07 13:29:23 OK   00018_sp04_resources_evidence.sql (61.28ms)
2026/10/07 13:29:23 OK   00019_sp04_archive_ciphertext_bytes.sql (6.94ms)
2026/10/07 13:29:23 OK   00020_sp04_request_ledger.sql (7.8ms)
2026/10/07 13:29:23 OK   00021_sp04_archive_protection.sql (7.38ms)
2026/10/07 13:29:23 OK   00022_sp04_legal_hold_dependencies.sql (46.58ms)
2026/10/07 13:29:23 OK   00023_sp04_archive_query_intent.sql (7.49ms)
2026/10/07 13:29:23 OK   00024_sp05_finding_incident.sql (65.93ms)
2026/10/07 13:29:23 OK   00025_sp05_incident_event_time.sql (7ms)
2026/10/07 13:29:23 OK   00026_sp05_source_binding_lock.sql (64.38ms)
2026/10/07 13:29:23 OK   00027_sp05_rca_and_poll.sql (35.06ms)
2026/10/07 13:29:23 OK   00028_sp05_operator_lock.sql (32.07ms)
2026/10/07 13:29:23 OK   00029_sp05_evidence_links.sql (8.83ms)
2026/10/07 13:29:23 OK   00030_sp05_recipe_fence.sql (58.23ms)
2026/10/07 13:29:23 OK   00031_sp05_rca_postcheck.sql (3.27ms)
2026/10/07 13:29:23 OK   00032_sp05_transport_audit.sql (4.27ms)
2026/10/07 13:29:23 OK   00033_sp05_poll_resolution_clock.sql (68.03ms)
2026/10/07 13:29:24 OK   00034_sp06_investigation_ledger.sql (140.13ms)
2026/10/07 13:29:24 OK   00035_sp06_admission_data_classes.sql (77.67ms)
2026/10/07 13:29:24 goose: successfully migrated database to version: 35
2026/10/07 13:29:43 OK   00001_roles_and_schemas.sql (20.54ms)
2026/10/07 13:29:43 goose: successfully migrated database to version: 1
2026/10/07 13:29:44 OK   00002_platform_meta.sql (37.01ms)
2026/10/07 13:29:44 OK   00003_finding.sql (48.14ms)
2026/10/07 13:29:44 OK   00004_incident.sql (20ms)
2026/10/07 13:29:44 OK   00005_investigation.sql (11.72ms)
2026/10/07 13:29:44 OK   00006_action_command.sql (22.56ms)
2026/10/07 13:29:44 OK   00007_audit.sql (23.53ms)
2026/10/07 13:29:44 OK   00008_rls.sql (19.59ms)
2026/10/07 13:29:44 OK   00009_idempotency_ledger.sql (10.11ms)
2026/10/07 13:29:44 OK   00010_tenant_provisioning.sql (4.58ms)
2026/10/07 13:29:44 OK   00011_source_registration_history.sql (41.94ms)
2026/10/07 13:29:44 OK   00012_config_registry_lifecycle.sql (28.09ms)
2026/10/07 13:29:44 OK   00013_audit_signed_segments.sql (38.01ms)
2026/10/07 13:29:44 OK   00014_audit_segment_predecessors.sql (14.27ms)
2026/10/07 13:29:44 OK   00015_source_schema_scope.sql (18.19ms)
2026/10/07 13:29:44 OK   00016_cluster_registration_metadata.sql (6.15ms)
2026/10/07 13:29:44 OK   00017_source_data_scope.sql (5.62ms)
2026/10/07 13:29:44 OK   00018_sp04_resources_evidence.sql (64.59ms)
2026/10/07 13:29:44 OK   00019_sp04_archive_ciphertext_bytes.sql (4.45ms)
2026/10/07 13:29:44 OK   00020_sp04_request_ledger.sql (27.15ms)
2026/10/07 13:29:44 OK   00021_sp04_archive_protection.sql (14.03ms)
2026/10/07 13:29:44 OK   00022_sp04_legal_hold_dependencies.sql (13.81ms)
2026/10/07 13:29:44 OK   00023_sp04_archive_query_intent.sql (4.8ms)
2026/10/07 13:29:44 OK   00024_sp05_finding_incident.sql (69.18ms)
2026/10/07 13:29:44 OK   00025_sp05_incident_event_time.sql (3.65ms)
2026/10/07 13:29:44 OK   00026_sp05_source_binding_lock.sql (34.51ms)
2026/10/07 13:29:44 OK   00027_sp05_rca_and_poll.sql (99.09ms)
2026/10/07 13:29:44 OK   00028_sp05_operator_lock.sql (9.84ms)
2026/10/07 13:29:44 OK   00029_sp05_evidence_links.sql (35.81ms)
2026/10/07 13:29:44 OK   00030_sp05_recipe_fence.sql (12.82ms)
2026/10/07 13:29:44 OK   00031_sp05_rca_postcheck.sql (8.32ms)
2026/10/07 13:29:44 OK   00032_sp05_transport_audit.sql (7.06ms)
2026/10/07 13:29:44 OK   00033_sp05_poll_resolution_clock.sql (4.15ms)
2026/10/07 13:29:44 OK   00034_sp06_investigation_ledger.sql (67.22ms)
2026/10/07 13:29:44 OK   00035_sp06_admission_data_classes.sql (3.35ms)
2026/10/07 13:29:44 goose: successfully migrated database to version: 35
2026/10/07 13:30:05 OK   00001_roles_and_schemas.sql (48.29ms)
2026/10/07 13:30:05 goose: successfully migrated database to version: 1
2026/10/07 13:30:05 OK   00002_platform_meta.sql (69.71ms)
2026/10/07 13:30:05 OK   00003_finding.sql (35.98ms)
2026/10/07 13:30:05 OK   00004_incident.sql (22.03ms)
2026/10/07 13:30:05 OK   00005_investigation.sql (44.05ms)
2026/10/07 13:30:05 OK   00006_action_command.sql (14.2ms)
2026/10/07 13:30:05 OK   00007_audit.sql (40.35ms)
2026/10/07 13:30:06 OK   00008_rls.sql (23.16ms)
2026/10/07 13:30:06 OK   00009_idempotency_ledger.sql (14.71ms)
2026/10/07 13:30:06 OK   00010_tenant_provisioning.sql (8.67ms)
2026/10/07 13:30:06 OK   00011_source_registration_history.sql (16.57ms)
2026/10/07 13:30:06 OK   00012_config_registry_lifecycle.sql (76.91ms)
2026/10/07 13:30:06 OK   00013_audit_signed_segments.sql (60.78ms)
2026/10/07 13:30:06 OK   00014_audit_segment_predecessors.sql (20.12ms)
2026/10/07 13:30:06 OK   00015_source_schema_scope.sql (17.77ms)
2026/10/07 13:30:06 OK   00016_cluster_registration_metadata.sql (10.67ms)
2026/10/07 13:30:06 OK   00017_source_data_scope.sql (8.62ms)
2026/10/07 13:30:06 OK   00018_sp04_resources_evidence.sql (43.42ms)
2026/10/07 13:30:06 OK   00019_sp04_archive_ciphertext_bytes.sql (22.73ms)
2026/10/07 13:30:06 OK   00020_sp04_request_ledger.sql (21.89ms)
2026/10/07 13:30:06 OK   00021_sp04_archive_protection.sql (30.47ms)
2026/10/07 13:30:06 OK   00022_sp04_legal_hold_dependencies.sql (53.18ms)
2026/10/07 13:30:06 OK   00023_sp04_archive_query_intent.sql (9.22ms)
2026/10/07 13:30:06 OK   00024_sp05_finding_incident.sql (165.74ms)
2026/10/07 13:30:06 OK   00025_sp05_incident_event_time.sql (18.52ms)
2026/10/07 13:30:06 OK   00026_sp05_source_binding_lock.sql (16.11ms)
2026/10/07 13:30:06 OK   00027_sp05_rca_and_poll.sql (19.82ms)
2026/10/07 13:30:06 OK   00028_sp05_operator_lock.sql (12.96ms)
2026/10/07 13:30:06 OK   00029_sp05_evidence_links.sql (30.71ms)
2026/10/07 13:30:06 OK   00030_sp05_recipe_fence.sql (27.72ms)
2026/10/07 13:30:06 OK   00031_sp05_rca_postcheck.sql (15.88ms)
2026/10/07 13:30:06 OK   00032_sp05_transport_audit.sql (8.09ms)
2026/10/07 13:30:06 OK   00033_sp05_poll_resolution_clock.sql (12.07ms)
2026/10/07 13:30:06 OK   00034_sp06_investigation_ledger.sql (184.82ms)
2026/10/07 13:30:06 OK   00035_sp06_admission_data_classes.sql (26.75ms)
2026/10/07 13:30:06 goose: successfully migrated database to version: 35
2026/10/07 13:30:30 OK   00001_roles_and_schemas.sql (32.47ms)
2026/10/07 13:30:30 goose: successfully migrated database to version: 1
2026/10/07 13:30:30 OK   00002_platform_meta.sql (54.2ms)
2026/10/07 13:30:30 OK   00003_finding.sql (30.77ms)
2026/10/07 13:30:30 OK   00004_incident.sql (32.54ms)
2026/10/07 13:30:30 OK   00005_investigation.sql (14.68ms)
2026/10/07 13:30:30 OK   00006_action_command.sql (26.41ms)
2026/10/07 13:30:30 OK   00007_audit.sql (60.52ms)
2026/10/07 13:30:30 OK   00008_rls.sql (20.93ms)
2026/10/07 13:30:30 OK   00009_idempotency_ledger.sql (29.69ms)
2026/10/07 13:30:30 OK   00010_tenant_provisioning.sql (49.94ms)
2026/10/07 13:30:30 OK   00011_source_registration_history.sql (30.26ms)
2026/10/07 13:30:30 OK   00012_config_registry_lifecycle.sql (55.98ms)
2026/10/07 13:30:30 OK   00013_audit_signed_segments.sql (62.7ms)
2026/10/07 13:30:30 OK   00014_audit_segment_predecessors.sql (30.66ms)
2026/10/07 13:30:30 OK   00015_source_schema_scope.sql (19.32ms)
2026/10/07 13:30:30 OK   00016_cluster_registration_metadata.sql (28.59ms)
2026/10/07 13:30:30 OK   00017_source_data_scope.sql (37.91ms)
2026/10/07 13:30:30 OK   00018_sp04_resources_evidence.sql (35.24ms)
2026/10/07 13:30:30 OK   00019_sp04_archive_ciphertext_bytes.sql (7.36ms)
2026/10/07 13:30:30 OK   00020_sp04_request_ledger.sql (10.82ms)
2026/10/07 13:30:30 OK   00021_sp04_archive_protection.sql (5.9ms)
2026/10/07 13:30:30 OK   00022_sp04_legal_hold_dependencies.sql (7.22ms)
2026/10/07 13:30:30 OK   00023_sp04_archive_query_intent.sql (14.38ms)
2026/10/07 13:30:31 OK   00024_sp05_finding_incident.sql (52.1ms)
2026/10/07 13:30:31 OK   00025_sp05_incident_event_time.sql (36.67ms)
2026/10/07 13:30:31 OK   00026_sp05_source_binding_lock.sql (13.29ms)
2026/10/07 13:30:31 OK   00027_sp05_rca_and_poll.sql (32.54ms)
2026/10/07 13:30:31 OK   00028_sp05_operator_lock.sql (40.51ms)
2026/10/07 13:30:31 OK   00029_sp05_evidence_links.sql (20.42ms)
2026/10/07 13:30:31 OK   00030_sp05_recipe_fence.sql (15.46ms)
2026/10/07 13:30:31 OK   00031_sp05_rca_postcheck.sql (17.48ms)
2026/10/07 13:30:31 OK   00032_sp05_transport_audit.sql (18.68ms)
2026/10/07 13:30:31 OK   00033_sp05_poll_resolution_clock.sql (7.58ms)
2026/10/07 13:30:31 OK   00034_sp06_investigation_ledger.sql (57.3ms)
2026/10/07 13:30:31 OK   00035_sp06_admission_data_classes.sql (11.41ms)
2026/10/07 13:30:31 goose: successfully migrated database to version: 35
2026/10/07 13:30:54 OK   00001_roles_and_schemas.sql (57.26ms)
2026/10/07 13:30:54 goose: successfully migrated database to version: 1
2026/10/07 13:30:54 OK   00002_platform_meta.sql (67.44ms)
2026/10/07 13:30:54 OK   00003_finding.sql (32.76ms)
2026/10/07 13:30:54 OK   00004_incident.sql (33.81ms)
2026/10/07 13:30:54 OK   00005_investigation.sql (10.8ms)
2026/10/07 13:30:54 OK   00006_action_command.sql (68.91ms)
2026/10/07 13:30:54 OK   00007_audit.sql (39.31ms)
2026/10/07 13:30:54 OK   00008_rls.sql (32.98ms)
2026/10/07 13:30:54 OK   00009_idempotency_ledger.sql (14.8ms)
2026/10/07 13:30:54 OK   00010_tenant_provisioning.sql (50.89ms)
2026/10/07 13:30:54 OK   00011_source_registration_history.sql (27.21ms)
2026/10/07 13:30:54 OK   00012_config_registry_lifecycle.sql (130.95ms)
2026/10/07 13:30:54 OK   00013_audit_signed_segments.sql (44.56ms)
2026/10/07 13:30:54 OK   00014_audit_segment_predecessors.sql (24.42ms)
2026/10/07 13:30:54 OK   00015_source_schema_scope.sql (7.75ms)
2026/10/07 13:30:54 OK   00016_cluster_registration_metadata.sql (11.95ms)
2026/10/07 13:30:54 OK   00017_source_data_scope.sql (7.83ms)
2026/10/07 13:30:55 OK   00018_sp04_resources_evidence.sql (92.18ms)
2026/10/07 13:30:55 OK   00019_sp04_archive_ciphertext_bytes.sql (28.82ms)
2026/10/07 13:30:55 OK   00020_sp04_request_ledger.sql (11.5ms)
2026/10/07 13:30:55 OK   00021_sp04_archive_protection.sql (15.93ms)
2026/10/07 13:30:55 OK   00022_sp04_legal_hold_dependencies.sql (21.72ms)
2026/10/07 13:30:55 OK   00023_sp04_archive_query_intent.sql (24.73ms)
2026/10/07 13:30:55 OK   00024_sp05_finding_incident.sql (87.46ms)
2026/10/07 13:30:55 OK   00025_sp05_incident_event_time.sql (16.1ms)
2026/10/07 13:30:55 OK   00026_sp05_source_binding_lock.sql (6.65ms)
2026/10/07 13:30:55 OK   00027_sp05_rca_and_poll.sql (30.92ms)
2026/10/07 13:30:55 OK   00028_sp05_operator_lock.sql (49.88ms)
2026/10/07 13:30:55 OK   00029_sp05_evidence_links.sql (22.02ms)
2026/10/07 13:30:55 OK   00030_sp05_recipe_fence.sql (11.32ms)
2026/10/07 13:30:55 OK   00031_sp05_rca_postcheck.sql (9.8ms)
2026/10/07 13:30:55 OK   00032_sp05_transport_audit.sql (32.29ms)
2026/10/07 13:30:55 OK   00033_sp05_poll_resolution_clock.sql (53.29ms)
2026/10/07 13:30:55 OK   00034_sp06_investigation_ledger.sql (181ms)
2026/10/07 13:30:55 OK   00035_sp06_admission_data_classes.sql (62.43ms)
2026/10/07 13:30:55 goose: successfully migrated database to version: 35
2026/10/07 13:31:31 OK   00001_roles_and_schemas.sql (62.12ms)
2026/10/07 13:31:31 goose: successfully migrated database to version: 1
2026/10/07 13:31:31 OK   00002_platform_meta.sql (69.32ms)
2026/10/07 13:31:31 OK   00003_finding.sql (22.36ms)
2026/10/07 13:31:31 OK   00004_incident.sql (17.35ms)
2026/10/07 13:31:31 OK   00005_investigation.sql (39.83ms)
2026/10/07 13:31:31 OK   00006_action_command.sql (22.33ms)
2026/10/07 13:31:31 OK   00007_audit.sql (55.46ms)
2026/10/07 13:31:31 OK   00008_rls.sql (25.41ms)
2026/10/07 13:31:31 OK   00009_idempotency_ledger.sql (10.81ms)
2026/10/07 13:31:31 OK   00010_tenant_provisioning.sql (6.7ms)
2026/10/07 13:31:31 OK   00011_source_registration_history.sql (24.7ms)
2026/10/07 13:31:31 OK   00012_config_registry_lifecycle.sql (24.49ms)
2026/10/07 13:31:31 OK   00013_audit_signed_segments.sql (34.02ms)
2026/10/07 13:31:31 OK   00014_audit_segment_predecessors.sql (9.14ms)
2026/10/07 13:31:31 OK   00015_source_schema_scope.sql (6.28ms)
2026/10/07 13:31:31 OK   00016_cluster_registration_metadata.sql (16.79ms)
2026/10/07 13:31:31 OK   00017_source_data_scope.sql (11.33ms)
2026/10/07 13:31:31 OK   00018_sp04_resources_evidence.sql (41.33ms)
2026/10/07 13:31:31 OK   00019_sp04_archive_ciphertext_bytes.sql (6.25ms)
2026/10/07 13:31:31 OK   00020_sp04_request_ledger.sql (10.47ms)
2026/10/07 13:31:31 OK   00021_sp04_archive_protection.sql (4.58ms)
2026/10/07 13:31:31 OK   00022_sp04_legal_hold_dependencies.sql (4.17ms)
2026/10/07 13:31:31 OK   00023_sp04_archive_query_intent.sql (8.43ms)
2026/10/07 13:31:32 OK   00024_sp05_finding_incident.sql (221.85ms)
--- FAIL: TestSP05FrozenNodeHardwareUpstreamVerticalAndReplay (62.20s)
    --- FAIL: TestSP05FrozenNodeHardwareUpstreamVerticalAndReplay/conflict (1.24s)
        sp05_finding_test.go:33: ERROR 00025_sp05_incident_event_time.sql: failed to run SQL migration: failed to begin transaction: FATAL: terminating connection due to administrator command (SQLSTATE 57P01)
        migrations_test.go:436: retained owned integration database=sp03_mig_ddce7101af2d4b758cbfca4f2df117b7 test=TestSP05FrozenNodeHardwareUpstreamVerticalAndReplay/conflict reason=retention-state-unavailable; no automatic protected cleanup
    --- FAIL: TestSP05FrozenNodeHardwareUpstreamVerticalAndReplay/degraded (0.01s)
        sp05_finding_test.go:28: connect to disposable PostgreSQL: failed to connect to `user=ops_bootstrap database=ops`: 127.0.0.1:32771 (127.0.0.1): server error: FATAL: the database system is shutting down (SQLSTATE 57P03)
--- FAIL: TestSP05IncidentConcurrentCorrelationOverrideSplitMergeRecovery (0.01s)
    sp05_finding_test.go:28: connect to disposable PostgreSQL: failed to connect to `user=ops_bootstrap database=ops`: 127.0.0.1:32771 (127.0.0.1): server error: FATAL: the database system is shutting down (SQLSTATE 57P03)
--- FAIL: TestSP05LegacyOutboxIsPreservedAndExplicitlyQuarantined (0.01s)
    sp05_finding_test.go:28: connect to disposable PostgreSQL: failed to connect to `user=ops_bootstrap database=ops`: 127.0.0.1:32771 (127.0.0.1): server error: FATAL: the database system is shutting down (SQLSTATE 57P03)
--- FAIL: TestSP05ActualOrbStackInspectionAPIWorkerArchiveAndRestart (0.12s)
    sp05_live_test.go:47: owned Kubernetes fixture command failed ([create -f -])
--- FAIL: TestSP05ResourceNamespaceCannotBeClaimedAsClusterScoped (0.07s)
    sp05_finding_test.go:28: connect to disposable PostgreSQL: failed to connect to `user=ops_bootstrap database=ops`: 127.0.0.1:32771 (127.0.0.1): server error: FATAL: the database system is shutting down (SQLSTATE 57P03)
--- FAIL: TestSP05ActualLinuxWorkerAuthorizedAnalyzerDurableChain (0.05s)
    sp05_native_worker_test.go:23: owned Kubernetes fixture command failed ([create -f -])
--- FAIL: TestSP05OfficialObservationsActualOrbStackAndControlledProbeFailure (0.05s)
    sp05_official_observations_test.go:55: owned Kubernetes fixture command failed ([create -f -])
--- FAIL: TestSP05EqualSequenceConflictAndTransportAliasAreAudited (0.02s)
    sp05_finding_test.go:28: connect to disposable PostgreSQL: failed to connect to `user=ops_bootstrap database=ops`: 127.0.0.1:32771 (127.0.0.1): server error: FATAL: the database system is shutting down (SQLSTATE 57P03)
--- FAIL: TestSP05PollBirthClockSurvivesPostgreSQLPrecisionAndRestart (0.03s)
    sp05_finding_test.go:28: connect to disposable PostgreSQL: failed to connect to `user=ops_bootstrap database=ops`: 127.0.0.1:32771 (127.0.0.1): server error: FATAL: the database system is shutting down (SQLSTATE 57P03)
--- FAIL: TestSP05PollCrashAfterResolveAndLateReplayCannotCreateOccurrence (0.04s)
    --- FAIL: TestSP05PollCrashAfterResolveAndLateReplayCannotCreateOccurrence/crash-before-close (0.03s)
        sp05_finding_test.go:28: connect to disposable PostgreSQL: failed to connect to `user=ops_bootstrap database=ops`: 127.0.0.1:32771 (127.0.0.1): server error: FATAL: the database system is shutting down (SQLSTATE 57P03)
    --- FAIL: TestSP05PollCrashAfterResolveAndLateReplayCannotCreateOccurrence/late-replay (0.01s)
        sp05_finding_test.go:28: connect to disposable PostgreSQL: failed to connect to `user=ops_bootstrap database=ops`: 127.0.0.1:32771 (127.0.0.1): server error: FATAL: the database system is shutting down (SQLSTATE 57P03)
--- FAIL: TestSP05FirstHealthyPollDurablyFencesLateAndRepeatedFiring (0.01s)
    sp05_finding_test.go:28: connect to disposable PostgreSQL: failed to connect to `user=ops_bootstrap database=ops`: 127.0.0.1:32771 (127.0.0.1): server error: FATAL: the database system is shutting down (SQLSTATE 57P03)
--- FAIL: TestSP05EarlierHealthySampleCannotResolveActiveOccurrence (0.01s)
    sp05_finding_test.go:28: connect to disposable PostgreSQL: failed to connect to `user=ops_bootstrap database=ops`: 127.0.0.1:32771 (127.0.0.1): server error: FATAL: the database system is shutting down (SQLSTATE 57P03)
--- FAIL: TestSP05SIGKILLClaimLeaseRecoverExactlyOnce (0.01s)
    sp05_finding_test.go:28: connect to disposable PostgreSQL: failed to connect to `user=ops_bootstrap database=ops`: 127.0.0.1:32771 (127.0.0.1): server error: FATAL: the database system is shutting down (SQLSTATE 57P03)
--- FAIL: TestSP05RCARegistryImmutableEvidenceAppendOnlyAndReplayRevocation (0.00s)
    sp05_finding_test.go:28: connect to disposable PostgreSQL: failed to connect to `user=ops_bootstrap database=ops`: 127.0.0.1:32771 (127.0.0.1): server error: FATAL: the database system is shutting down (SQLSTATE 57P03)
--- FAIL: TestSP05FindingRejectsMissingEvidenceWithoutPartialCommit (0.00s)
    sp05_finding_test.go:28: connect to disposable PostgreSQL: failed to connect to `user=ops_bootstrap database=ops`: 127.0.0.1:32771 (127.0.0.1): server error: FATAL: the database system is shutting down (SQLSTATE 57P03)
--- FAIL: TestSP05SuppressionRecoveryAndMergeSplitReviewRegression (0.02s)
    sp05_finding_test.go:28: connect to disposable PostgreSQL: failed to connect to `user=ops_bootstrap database=ops`: 127.0.0.1:32771 (127.0.0.1): server error: FATAL: the database system is shutting down (SQLSTATE 57P03)
--- FAIL: TestSP05ExactNumericTransportConflictAndFormalWindowBoundaries (0.00s)
    sp05_finding_test.go:28: connect to disposable PostgreSQL: failed to connect to `user=ops_bootstrap database=ops`: 127.0.0.1:32771 (127.0.0.1): server error: FATAL: the database system is shutting down (SQLSTATE 57P03)
--- FAIL: TestSP05GoldenGraphOnlySourceWithdrawAndFindingRevisionFence (0.01s)
    sp05_finding_test.go:28: connect to disposable PostgreSQL: failed to connect to `user=ops_bootstrap database=ops`: 127.0.0.1:32771 (127.0.0.1): server error: FATAL: the database system is shutting down (SQLSTATE 57P03)
--- FAIL: TestSP05GraphSourceAuthoritySerializesRevocation (0.01s)
    sp05_finding_test.go:28: connect to disposable PostgreSQL: failed to connect to `user=ops_bootstrap database=ops`: 127.0.0.1:32771 (127.0.0.1): server error: FATAL: the database system is shutting down (SQLSTATE 57P03)
--- FAIL: TestSP05KubernetesBindingCannotForgeHardwareDomain (0.00s)
    sp05_finding_test.go:28: connect to disposable PostgreSQL: failed to connect to `user=ops_bootstrap database=ops`: 127.0.0.1:32771 (127.0.0.1): server error: FATAL: the database system is shutting down (SQLSTATE 57P03)
--- FAIL: TestSP06ActualArchiveRetentionHoldAndReferenceRevocation (0.00s)
    sp05_finding_test.go:28: connect to disposable PostgreSQL: failed to connect to `user=ops_bootstrap database=ops`: 127.0.0.1:32771 (127.0.0.1): server error: FATAL: the database system is shutting down (SQLSTATE 57P03)
--- FAIL: TestSP06RealTransitScopedSigningRotationAndTakeoverContext (0.00s)
    sp05_finding_test.go:28: connect to disposable PostgreSQL: failed to connect to `user=ops_bootstrap database=ops`: 127.0.0.1:32771 (127.0.0.1): server error: FATAL: the database system is shutting down (SQLSTATE 57P03)
--- FAIL: TestSP06JobLeaseReplayAndAtomicBudget (0.00s)
    sp05_finding_test.go:28: connect to disposable PostgreSQL: failed to connect to `user=ops_bootstrap database=ops`: 127.0.0.1:32771 (127.0.0.1): server error: FATAL: the database system is shutting down (SQLSTATE 57P03)
--- FAIL: TestSP06StandardMCPToolStateReplayAndDenialMatrix (0.00s)
    sp05_finding_test.go:28: connect to disposable PostgreSQL: failed to connect to `user=ops_bootstrap database=ops`: 127.0.0.1:32771 (127.0.0.1): server error: FATAL: the database system is shutting down (SQLSTATE 57P03)
--- FAIL: TestSP06RealHolmesModelMCPJobAndSSE (0.00s)
    sp05_finding_test.go:28: connect to disposable PostgreSQL: failed to connect to `user=ops_bootstrap database=ops`: 127.0.0.1:32771 (127.0.0.1): server error: FATAL: the database system is shutting down (SQLSTATE 57P03)
--- FAIL: TestSP06RecoveryNonceTransactionAndValidator (0.01s)
    sp05_finding_test.go:28: connect to disposable PostgreSQL: failed to connect to `user=ops_bootstrap database=ops`: 127.0.0.1:32771 (127.0.0.1): server error: FATAL: the database system is shutting down (SQLSTATE 57P03)
--- FAIL: TestSP06CancelExpireAndCurrentRevocation (0.00s)
    sp05_finding_test.go:28: connect to disposable PostgreSQL: failed to connect to `user=ops_bootstrap database=ops`: 127.0.0.1:32771 (127.0.0.1): server error: FATAL: the database system is shutting down (SQLSTATE 57P03)
--- FAIL: TestSP06UnknownModelUsageCannotUndercharge (0.04s)
    sp05_finding_test.go:28: connect to disposable PostgreSQL: failed to connect to `user=ops_bootstrap database=ops`: 127.0.0.1:32771 (127.0.0.1): server error: FATAL: the database system is shutting down (SQLSTATE 57P03)
--- FAIL: TestSP06NarrowedContextCannotReadOrCommitD1 (0.01s)
    sp05_finding_test.go:28: connect to disposable PostgreSQL: failed to connect to `user=ops_bootstrap database=ops`: 127.0.0.1:32771 (127.0.0.1): server error: FATAL: the database system is shutting down (SQLSTATE 57P03)
--- FAIL: TestSP06RecoveryReadsChargeBytesAndExhaust (0.01s)
    sp05_finding_test.go:28: connect to disposable PostgreSQL: failed to connect to `user=ops_bootstrap database=ops`: 127.0.0.1:32771 (127.0.0.1): server error: FATAL: the database system is shutting down (SQLSTATE 57P03)
--- FAIL: TestSP06CachedModelReadChargesOnlyOutputBytes (0.00s)
    sp05_finding_test.go:28: connect to disposable PostgreSQL: failed to connect to `user=ops_bootstrap database=ops`: 127.0.0.1:32771 (127.0.0.1): server error: FATAL: the database system is shutting down (SQLSTATE 57P03)
--- FAIL: TestSP06SSEBatchRechecksExpiryAndWithdrawal (0.03s)
    --- FAIL: TestSP06SSEBatchRechecksExpiryAndWithdrawal/expiry (0.01s)
        sp05_finding_test.go:28: connect to disposable PostgreSQL: failed to connect to `user=ops_bootstrap database=ops`: 127.0.0.1:32771 (127.0.0.1): server error: FATAL: the database system is shutting down (SQLSTATE 57P03)
    --- FAIL: TestSP06SSEBatchRechecksExpiryAndWithdrawal/role (0.00s)
        sp05_finding_test.go:28: connect to disposable PostgreSQL: failed to connect to `user=ops_bootstrap database=ops`: 127.0.0.1:32771 (127.0.0.1): server error: FATAL: the database system is shutting down (SQLSTATE 57P03)
    --- FAIL: TestSP06SSEBatchRechecksExpiryAndWithdrawal/source (0.01s)
        sp05_finding_test.go:28: connect to disposable PostgreSQL: failed to connect to `user=ops_bootstrap database=ops`: 127.0.0.1:32771 (127.0.0.1): server error: FATAL: the database system is shutting down (SQLSTATE 57P03)
--- FAIL: TestSP06CancelIdempotencyBindsRequest (0.01s)
    sp05_finding_test.go:28: connect to disposable PostgreSQL: failed to connect to `user=ops_bootstrap database=ops`: 127.0.0.1:32771 (127.0.0.1): server error: FATAL: the database system is shutting down (SQLSTATE 57P03)
--- FAIL: TestSP06ConcurrentRecoveryReadsAtomicBudget (0.01s)
    sp05_finding_test.go:28: connect to disposable PostgreSQL: failed to connect to `user=ops_bootstrap database=ops`: 127.0.0.1:32771 (127.0.0.1): server error: FATAL: the database system is shutting down (SQLSTATE 57P03)
--- FAIL: TestSP06DurableSSETerminalBatchesCursorAndWithdrawal (0.02s)
    sp05_finding_test.go:28: connect to disposable PostgreSQL: failed to connect to `user=ops_bootstrap database=ops`: 127.0.0.1:32771 (127.0.0.1): server error: FATAL: the database system is shutting down (SQLSTATE 57P03)
--- FAIL: TestSP06ActiveSSEClosesOnCurrentRoleOrSourceWithdrawal (0.05s)
    --- FAIL: TestSP06ActiveSSEClosesOnCurrentRoleOrSourceWithdrawal/role (0.02s)
        sp05_finding_test.go:28: connect to disposable PostgreSQL: failed to connect to `user=ops_bootstrap database=ops`: 127.0.0.1:32771 (127.0.0.1): server error: FATAL: the database system is shutting down (SQLSTATE 57P03)
    --- FAIL: TestSP06ActiveSSEClosesOnCurrentRoleOrSourceWithdrawal/source (0.03s)
        sp05_finding_test.go:28: connect to disposable PostgreSQL: failed to connect to `user=ops_bootstrap database=ops`: 127.0.0.1:32771 (127.0.0.1): server error: FATAL: the database system is shutting down (SQLSTATE 57P03)
--- FAIL: TestSP06SlowSSEClientWriteDeadlineAndDurableRecovery (0.01s)
    sp05_finding_test.go:28: connect to disposable PostgreSQL: failed to connect to `user=ops_bootstrap database=ops`: 127.0.0.1:32771 (127.0.0.1): server error: FATAL: the database system is shutting down (SQLSTATE 57P03)
--- FAIL: TestSP06ActualCurrentRCARecommendationValidator (0.01s)
    sp05_finding_test.go:28: connect to disposable PostgreSQL: failed to connect to `user=ops_bootstrap database=ops`: 127.0.0.1:32771 (127.0.0.1): server error: FATAL: the database system is shutting down (SQLSTATE 57P03)
--- FAIL: TestRevokedStepUpCannotBeRecreatedByReplayingSameJWT (0.01s)
    migrations_test.go:394: connect to disposable PostgreSQL: failed to connect to `user=ops_bootstrap database=ops`: 127.0.0.1:32771 (127.0.0.1): server error: FATAL: the database system is shutting down (SQLSTATE 57P03)
--- FAIL: TestTenantProvisioningAndRoleBindingRevisions (0.01s)
    migrations_test.go:394: connect to disposable PostgreSQL: failed to connect to `user=ops_bootstrap database=ops`: 127.0.0.1:32771 (127.0.0.1): server error: FATAL: the database system is shutting down (SQLSTATE 57P03)
--- FAIL: TestRealOpenBaoWorkloadPKIIssuanceAndRevocation (0.01s)
    workload_identity_test.go:36: configure workload roles in isolated OpenBao: OPENBAO_UNAVAILABLE: Get "https://127.0.0.1:32772/v1/sys/seal-status": EOF
FAIL
FAIL	ops-platform/test/integration	501.006s
ok  	ops-platform/test/security	(cached)
?   	ops-platform/test/tools/sp05-analyzer-check	[no test files]
?   	ops-platform/test/tools/sp05-worker-check	[no test files]
?   	ops-platform/test/tools/sp06-dispatcher-process	[no test files]
FAIL
make: *** [test-unit] Error 1
