python3 scripts/check-generated.py "go" gen web/src/api/generated internal/persistence/dbgen services/investigator/src/investigator/output.schema.json
✓ Lockfile passes supply-chain policies (verified 10d ago)
Lockfile is up to date, resolution step is skipped
Already up to date
Done in 322ms using pnpm v12.7.0
$ orval --config ./orval.config.ts
🍻 orval v8.37.0 - A swagger client generator for typescript
platform - Cleaning output folder
platform - 🎉 Smart Operations Platform API - Your OpenAPI spec has been converted into ready to use orval!
python3 scripts/prepare-runtime-source.py --check
{"modules": 98, "selectedModuleFiles": 2993, "standardLibraryFiles": 1386, "sourceBundleSHA256": "sha256:9628d31da79f4d4fcbffb303796aa805ee0508e732c66f203f2f330fb9bbe903"}
python3 scripts/prepare-migration-source.py --check
{"modules": 10, "selectedModuleFiles": 296, "standardLibraryFiles": 1129, "sourceBundleSHA256": "sha256:7eae032b1b99f0aec4b0ddbc6398e304fabeb68c176cf502c8c0f83bbc8d7639"}
go vet ./...
?   	ops-platform/api	[no test files]
?   	ops-platform/artifacts	[no test files]
?   	ops-platform/artifacts/pre-sp07/business-values-validation-r1	[no test files]
?   	ops-platform/artifacts/pre-sp07/checkpoint-observer-r1	[no test files]
?   	ops-platform/artifacts/task27-materials/sp010203-bao-operator	[no test files]
?   	ops-platform/artifacts/task27-materials/sp010203-cleanup-operator	[no test files]
?   	ops-platform/artifacts/task27-materials/sp010203-live-runtime-probe	[no test files]
?   	ops-platform/artifacts/task27-materials/sp010203-operator-helper	[no test files]
?   	ops-platform/artifacts/task27-materials/sp010203-role-probe	[no test files]
?   	ops-platform/bundle	[no test files]
ok  	ops-platform/cmd/db-migrate	(cached)
ok  	ops-platform/cmd/opsctl	(cached)
?   	ops-platform/cmd/platform-api	[no test files]
?   	ops-platform/cmd/platform-worker	[no test files]
?   	ops-platform/gen/api	[no test files]
?   	ops-platform/gen/internalgraph	[no test files]
ok  	ops-platform/internal/app	1.314s
ok  	ops-platform/internal/archive	(cached)
ok  	ops-platform/internal/audit	(cached)
ok  	ops-platform/internal/auth	(cached)
ok  	ops-platform/internal/bootstrap	(cached)
ok  	ops-platform/internal/bundle	(cached)
ok  	ops-platform/internal/bundle/drivers	(cached)
ok  	ops-platform/internal/configregistry	(cached)
?   	ops-platform/internal/contract	[no test files]
ok  	ops-platform/internal/crypto	(cached)
?   	ops-platform/internal/datascope	[no test files]
ok  	ops-platform/internal/evidence	(cached)
ok  	ops-platform/internal/finding	(cached)
ok  	ops-platform/internal/graph	(cached)
ok  	ops-platform/internal/httpapi	2.168s
ok  	ops-platform/internal/incident	(cached)
ok  	ops-platform/internal/inspection/hardware	(cached)
ok  	ops-platform/internal/inspection/kubernetes	(cached)
ok  	ops-platform/internal/inspection/npd	(cached)
?   	ops-platform/internal/integrations	[no test files]
ok  	ops-platform/internal/integrations/deepflow	(cached)
ok  	ops-platform/internal/integrations/k8sgpt	(cached)
ok  	ops-platform/internal/integrations/keycloak	(cached)
ok  	ops-platform/internal/integrations/kubernetes	(cached)
ok  	ops-platform/internal/integrations/openbao	(cached)
ok  	ops-platform/internal/integrations/redfish	(cached)
ok  	ops-platform/internal/integrations/s3	(cached)
?   	ops-platform/internal/integrations/victorialogs	[no test files]
?   	ops-platform/internal/integrations/victorialogs/adapter	[no test files]
?   	ops-platform/internal/integrations/victoriametrics	[no test files]
?   	ops-platform/internal/integrations/victoriametrics/adapter	[no test files]
?   	ops-platform/internal/integrations/vmalert	[no test files]
ok  	ops-platform/internal/investigation	(cached)
?   	ops-platform/internal/investigation/mcp	[no test files]
ok  	ops-platform/internal/investigation/tools	(cached)
ok  	ops-platform/internal/observability	2.978s
ok  	ops-platform/internal/persistence	(cached)
?   	ops-platform/internal/persistence/dbgen	[no test files]
ok  	ops-platform/internal/policy	(cached)
ok  	ops-platform/internal/profile	(cached)
ok  	ops-platform/internal/rca	(cached)
ok  	ops-platform/internal/resource	(cached)
?   	ops-platform/internal/resourcestore	[no test files]
ok  	ops-platform/internal/source	(cached)
ok  	ops-platform/internal/supplychain	(cached)
?   	ops-platform/internal/tenant	[no test files]
?   	ops-platform/internal/upstream/corootcheck	[no test files]
?   	ops-platform/internal/upstream/keepmodel	[no test files]
?   	ops-platform/internal/upstream/metal3	[no test files]
?   	ops-platform/internal/upstream/ontology/api	[no test files]
?   	ops-platform/internal/upstream/ontology/model	[no test files]
?   	ops-platform/internal/upstream/ontology/service/diagnostic	[no test files]
?   	ops-platform/policies	[no test files]
ok  	ops-platform/test/contract	81.830s
ok  	ops-platform/test/e2e	(cached)
?   	ops-platform/test/fixtures/sp04/profile-detect	[no test files]
?   	ops-platform/test/fixtures/upstream-inspection	[no test files]
2026/10/07 12:05:53 OK   00001_roles_and_schemas.sql (71.51ms)
2026/10/07 12:05:53 goose: successfully migrated database to version: 1
2026/10/07 12:05:53 OK   00002_platform_meta.sql (62.96ms)
2026/10/07 12:05:53 OK   00003_finding.sql (32.87ms)
2026/10/07 12:05:53 OK   00004_incident.sql (65.23ms)
2026/10/07 12:05:53 OK   00005_investigation.sql (26.72ms)
2026/10/07 12:05:53 OK   00006_action_command.sql (24.08ms)
2026/10/07 12:05:53 OK   00007_audit.sql (33.36ms)
2026/10/07 12:05:53 OK   00008_rls.sql (18.54ms)
2026/10/07 12:05:53 OK   00009_idempotency_ledger.sql (16.2ms)
2026/10/07 12:05:53 OK   00010_tenant_provisioning.sql (13.62ms)
2026/10/07 12:05:53 OK   00011_source_registration_history.sql (18.55ms)
2026/10/07 12:05:53 OK   00012_config_registry_lifecycle.sql (48.93ms)
2026/10/07 12:05:53 OK   00013_audit_signed_segments.sql (30.5ms)
2026/10/07 12:05:53 OK   00014_audit_segment_predecessors.sql (32.58ms)
2026/10/07 12:05:53 OK   00015_source_schema_scope.sql (30.3ms)
2026/10/07 12:05:53 OK   00016_cluster_registration_metadata.sql (25.27ms)
2026/10/07 12:05:53 OK   00017_source_data_scope.sql (15.26ms)
2026/10/07 12:05:53 OK   00018_sp04_resources_evidence.sql (43.43ms)
2026/10/07 12:05:53 OK   00019_sp04_archive_ciphertext_bytes.sql (23.59ms)
2026/10/07 12:05:53 OK   00020_sp04_request_ledger.sql (22.56ms)
2026/10/07 12:05:53 OK   00021_sp04_archive_protection.sql (12.69ms)
2026/10/07 12:05:53 OK   00022_sp04_legal_hold_dependencies.sql (5.6ms)
2026/10/07 12:05:53 OK   00023_sp04_archive_query_intent.sql (4.52ms)
2026/10/07 12:05:54 OK   00024_sp05_finding_incident.sql (84.37ms)
2026/10/07 12:05:54 OK   00025_sp05_incident_event_time.sql (16.88ms)
2026/10/07 12:05:54 OK   00026_sp05_source_binding_lock.sql (7.89ms)
2026/10/07 12:05:54 OK   00027_sp05_rca_and_poll.sql (26.04ms)
2026/10/07 12:05:54 OK   00028_sp05_operator_lock.sql (9.27ms)
2026/10/07 12:05:54 OK   00029_sp05_evidence_links.sql (19.65ms)
2026/10/07 12:05:54 OK   00030_sp05_recipe_fence.sql (23.97ms)
2026/10/07 12:05:54 OK   00031_sp05_rca_postcheck.sql (11.77ms)
2026/10/07 12:05:54 OK   00032_sp05_transport_audit.sql (6.91ms)
2026/10/07 12:05:54 OK   00033_sp05_poll_resolution_clock.sql (12.04ms)
2026/10/07 12:05:54 OK   00034_sp06_investigation_ledger.sql (57.27ms)
2026/10/07 12:05:54 OK   00035_sp06_admission_data_classes.sql (10.4ms)
2026/10/07 12:05:54 goose: successfully migrated database to version: 35
2026/10/07 12:05:54 OK   00001_roles_and_schemas.sql (104.58ms)
2026/10/07 12:05:54 goose: successfully migrated database to version: 1
2026/10/07 12:05:55 OK   00002_platform_meta.sql (175.2ms)
2026/10/07 12:05:55 OK   00003_finding.sql (46.38ms)
2026/10/07 12:05:55 OK   00004_incident.sql (27.98ms)
2026/10/07 12:05:55 OK   00005_investigation.sql (33.27ms)
2026/10/07 12:05:55 OK   00006_action_command.sql (20.31ms)
2026/10/07 12:05:55 OK   00007_audit.sql (25.01ms)
2026/10/07 12:05:55 OK   00008_rls.sql (26.31ms)
2026/10/07 12:05:55 OK   00009_idempotency_ledger.sql (20.01ms)
2026/10/07 12:05:55 OK   00010_tenant_provisioning.sql (21.41ms)
2026/10/07 12:05:55 OK   00011_source_registration_history.sql (33.14ms)
2026/10/07 12:05:55 OK   00012_config_registry_lifecycle.sql (44.32ms)
2026/10/07 12:05:55 OK   00013_audit_signed_segments.sql (86.04ms)
2026/10/07 12:05:55 OK   00014_audit_segment_predecessors.sql (17.88ms)
2026/10/07 12:05:55 OK   00015_source_schema_scope.sql (11.38ms)
2026/10/07 12:05:55 OK   00016_cluster_registration_metadata.sql (8.87ms)
2026/10/07 12:05:55 OK   00017_source_data_scope.sql (48.83ms)
2026/10/07 12:05:55 OK   00018_sp04_resources_evidence.sql (47.03ms)
2026/10/07 12:05:55 OK   00019_sp04_archive_ciphertext_bytes.sql (44.68ms)
2026/10/07 12:05:55 OK   00020_sp04_request_ledger.sql (8.48ms)
2026/10/07 12:05:55 OK   00021_sp04_archive_protection.sql (7.6ms)
2026/10/07 12:05:55 OK   00022_sp04_legal_hold_dependencies.sql (5.33ms)
2026/10/07 12:05:55 OK   00023_sp04_archive_query_intent.sql (10.95ms)
2026/10/07 12:05:55 OK   00024_sp05_finding_incident.sql (181.73ms)
2026/10/07 12:05:55 OK   00025_sp05_incident_event_time.sql (9.14ms)
2026/10/07 12:05:55 OK   00026_sp05_source_binding_lock.sql (14.6ms)
2026/10/07 12:05:55 OK   00027_sp05_rca_and_poll.sql (75.75ms)
2026/10/07 12:05:55 OK   00028_sp05_operator_lock.sql (6.94ms)
2026/10/07 12:05:55 OK   00029_sp05_evidence_links.sql (10.79ms)
2026/10/07 12:05:56 OK   00030_sp05_recipe_fence.sql (53.35ms)
2026/10/07 12:05:56 OK   00031_sp05_rca_postcheck.sql (36.1ms)
2026/10/07 12:05:56 OK   00032_sp05_transport_audit.sql (9.41ms)
2026/10/07 12:05:56 OK   00033_sp05_poll_resolution_clock.sql (19.6ms)
2026/10/07 12:05:56 OK   00034_sp06_investigation_ledger.sql (92.75ms)
2026/10/07 12:05:56 OK   00035_sp06_admission_data_classes.sql (7.24ms)
2026/10/07 12:05:56 goose: successfully migrated database to version: 35
2026/10/07 12:06:14 OK   00001_roles_and_schemas.sql (61.09ms)
2026/10/07 12:06:14 goose: successfully migrated database to version: 1
2026/10/07 12:06:14 OK   00002_platform_meta.sql (125.81ms)
2026/10/07 12:06:14 OK   00003_finding.sql (35.04ms)
2026/10/07 12:06:14 OK   00004_incident.sql (52.71ms)
2026/10/07 12:06:14 OK   00005_investigation.sql (18.84ms)
2026/10/07 12:06:14 OK   00006_action_command.sql (8.98ms)
2026/10/07 12:06:14 OK   00007_audit.sql (91.86ms)
2026/10/07 12:06:14 OK   00008_rls.sql (47.43ms)
2026/10/07 12:06:14 OK   00009_idempotency_ledger.sql (15.6ms)
2026/10/07 12:06:14 OK   00010_tenant_provisioning.sql (55.54ms)
2026/10/07 12:06:14 OK   00011_source_registration_history.sql (19.43ms)
2026/10/07 12:06:14 OK   00012_config_registry_lifecycle.sql (51.44ms)
2026/10/07 12:06:14 OK   00013_audit_signed_segments.sql (21.72ms)
2026/10/07 12:06:14 OK   00014_audit_segment_predecessors.sql (9.64ms)
2026/10/07 12:06:14 OK   00015_source_schema_scope.sql (33.2ms)
2026/10/07 12:06:14 OK   00016_cluster_registration_metadata.sql (5.84ms)
2026/10/07 12:06:14 OK   00017_source_data_scope.sql (5.23ms)
2026/10/07 12:06:15 OK   00018_sp04_resources_evidence.sql (58.69ms)
2026/10/07 12:06:15 OK   00019_sp04_archive_ciphertext_bytes.sql (4.29ms)
2026/10/07 12:06:15 OK   00020_sp04_request_ledger.sql (12.14ms)
2026/10/07 12:06:15 OK   00021_sp04_archive_protection.sql (15.26ms)
2026/10/07 12:06:15 OK   00022_sp04_legal_hold_dependencies.sql (9.4ms)
2026/10/07 12:06:15 OK   00023_sp04_archive_query_intent.sql (20.35ms)
2026/10/07 12:06:15 OK   00024_sp05_finding_incident.sql (45.28ms)
2026/10/07 12:06:15 OK   00025_sp05_incident_event_time.sql (6.58ms)
2026/10/07 12:06:15 OK   00026_sp05_source_binding_lock.sql (4.75ms)
2026/10/07 12:06:15 OK   00027_sp05_rca_and_poll.sql (45.81ms)
2026/10/07 12:06:15 OK   00028_sp05_operator_lock.sql (4.32ms)
2026/10/07 12:06:15 OK   00029_sp05_evidence_links.sql (9.31ms)
2026/10/07 12:06:15 OK   00030_sp05_recipe_fence.sql (7.58ms)
2026/10/07 12:06:15 OK   00031_sp05_rca_postcheck.sql (56.63ms)
2026/10/07 12:06:15 OK   00032_sp05_transport_audit.sql (6.74ms)
2026/10/07 12:06:15 OK   00033_sp05_poll_resolution_clock.sql (7.01ms)
2026/10/07 12:06:15 OK   00034_sp06_investigation_ledger.sql (148.05ms)
2026/10/07 12:06:15 OK   00035_sp06_admission_data_classes.sql (8.85ms)
2026/10/07 12:06:15 goose: successfully migrated database to version: 35
2026/10/07 12:06:16 OK   00001_roles_and_schemas.sql (144.17ms)
2026/10/07 12:06:16 goose: successfully migrated database to version: 1
2026/10/07 12:06:16 OK   00002_platform_meta.sql (141.48ms)
2026/10/07 12:06:16 OK   00003_finding.sql (42.41ms)
2026/10/07 12:06:16 OK   00004_incident.sql (19.63ms)
2026/10/07 12:06:16 OK   00005_investigation.sql (85.43ms)
2026/10/07 12:06:16 OK   00006_action_command.sql (52.98ms)
2026/10/07 12:06:16 OK   00007_audit.sql (84.01ms)
2026/10/07 12:06:16 OK   00008_rls.sql (40.21ms)
2026/10/07 12:06:16 OK   00009_idempotency_ledger.sql (55.39ms)
2026/10/07 12:06:17 OK   00010_tenant_provisioning.sql (21.01ms)
2026/10/07 12:06:17 OK   00011_source_registration_history.sql (80.11ms)
2026/10/07 12:06:17 OK   00012_config_registry_lifecycle.sql (99.33ms)
2026/10/07 12:06:17 OK   00013_audit_signed_segments.sql (32.69ms)
2026/10/07 12:06:17 OK   00014_audit_segment_predecessors.sql (33.06ms)
2026/10/07 12:06:17 OK   00015_source_schema_scope.sql (60.69ms)
2026/10/07 12:06:17 OK   00016_cluster_registration_metadata.sql (106ms)
2026/10/07 12:06:17 OK   00017_source_data_scope.sql (35.8ms)
2026/10/07 12:06:17 OK   00018_sp04_resources_evidence.sql (105.29ms)
2026/10/07 12:06:17 OK   00019_sp04_archive_ciphertext_bytes.sql (22.39ms)
2026/10/07 12:06:17 OK   00020_sp04_request_ledger.sql (68.79ms)
2026/10/07 12:06:17 OK   00021_sp04_archive_protection.sql (12.74ms)
2026/10/07 12:06:17 OK   00022_sp04_legal_hold_dependencies.sql (27.22ms)
2026/10/07 12:06:17 OK   00023_sp04_archive_query_intent.sql (39.08ms)
2026/10/07 12:06:17 OK   00024_sp05_finding_incident.sql (93.99ms)
2026/10/07 12:06:17 OK   00025_sp05_incident_event_time.sql (85.65ms)
2026/10/07 12:06:17 OK   00026_sp05_source_binding_lock.sql (56.12ms)
2026/10/07 12:06:18 OK   00027_sp05_rca_and_poll.sql (181.91ms)
2026/10/07 12:06:18 OK   00028_sp05_operator_lock.sql (143.82ms)
2026/10/07 12:06:18 OK   00029_sp05_evidence_links.sql (156.45ms)
2026/10/07 12:06:18 OK   00030_sp05_recipe_fence.sql (152.74ms)
2026/10/07 12:06:18 OK   00031_sp05_rca_postcheck.sql (38.87ms)
2026/10/07 12:06:18 OK   00032_sp05_transport_audit.sql (20.67ms)
2026/10/07 12:06:18 OK   00033_sp05_poll_resolution_clock.sql (14.95ms)
2026/10/07 12:06:18 OK   00034_sp06_investigation_ledger.sql (298.16ms)
2026/10/07 12:06:18 OK   00035_sp06_admission_data_classes.sql (10.79ms)
2026/10/07 12:06:18 goose: successfully migrated database to version: 35
2026/10/07 12:06:21 OK   00001_roles_and_schemas.sql (73.86ms)
2026/10/07 12:06:21 goose: successfully migrated database to version: 1
2026/10/07 12:06:21 OK   00002_platform_meta.sql (145.56ms)
2026/10/07 12:06:21 OK   00003_finding.sql (37.38ms)
2026/10/07 12:06:21 OK   00004_incident.sql (15.72ms)
2026/10/07 12:06:21 OK   00005_investigation.sql (15.18ms)
2026/10/07 12:06:21 OK   00006_action_command.sql (23.97ms)
2026/10/07 12:06:21 OK   00007_audit.sql (56.86ms)
2026/10/07 12:06:21 OK   00008_rls.sql (72.91ms)
2026/10/07 12:06:21 OK   00009_idempotency_ledger.sql (82.34ms)
2026/10/07 12:06:21 OK   00010_tenant_provisioning.sql (72.47ms)
2026/10/07 12:06:21 OK   00011_source_registration_history.sql (51.41ms)
2026/10/07 12:06:21 OK   00012_config_registry_lifecycle.sql (41.88ms)
2026/10/07 12:06:21 OK   00013_audit_signed_segments.sql (75.07ms)
2026/10/07 12:06:21 OK   00014_audit_segment_predecessors.sql (27.87ms)
2026/10/07 12:06:21 OK   00015_source_schema_scope.sql (41.05ms)
2026/10/07 12:06:21 OK   00016_cluster_registration_metadata.sql (8.43ms)
2026/10/07 12:06:21 OK   00017_source_data_scope.sql (9.6ms)
2026/10/07 12:06:21 OK   00018_sp04_resources_evidence.sql (44.12ms)
2026/10/07 12:06:22 OK   00019_sp04_archive_ciphertext_bytes.sql (27.38ms)
2026/10/07 12:06:22 OK   00020_sp04_request_ledger.sql (49.94ms)
2026/10/07 12:06:22 OK   00021_sp04_archive_protection.sql (15.56ms)
2026/10/07 12:06:22 OK   00022_sp04_legal_hold_dependencies.sql (5.73ms)
2026/10/07 12:06:22 OK   00023_sp04_archive_query_intent.sql (32.16ms)
2026/10/07 12:06:22 OK   00024_sp05_finding_incident.sql (76.5ms)
2026/10/07 12:06:22 OK   00025_sp05_incident_event_time.sql (14.96ms)
2026/10/07 12:06:22 OK   00026_sp05_source_binding_lock.sql (23.24ms)
2026/10/07 12:06:22 OK   00027_sp05_rca_and_poll.sql (32.78ms)
2026/10/07 12:06:22 OK   00028_sp05_operator_lock.sql (6.55ms)
2026/10/07 12:06:22 OK   00029_sp05_evidence_links.sql (10.01ms)
2026/10/07 12:06:22 OK   00030_sp05_recipe_fence.sql (13.24ms)
2026/10/07 12:06:22 OK   00031_sp05_rca_postcheck.sql (30.2ms)
2026/10/07 12:06:22 OK   00032_sp05_transport_audit.sql (5.08ms)
2026/10/07 12:06:22 OK   00033_sp05_poll_resolution_clock.sql (6.33ms)
2026/10/07 12:06:22 OK   00034_sp06_investigation_ledger.sql (74.17ms)
2026/10/07 12:06:22 OK   00035_sp06_admission_data_classes.sql (43.8ms)
2026/10/07 12:06:22 goose: successfully migrated database to version: 35
2026/10/07 12:06:27 OK   00001_roles_and_schemas.sql (52.27ms)
2026/10/07 12:06:27 goose: successfully migrated database to version: 1
2026/10/07 12:06:28 OK   00002_platform_meta.sql (80.86ms)
2026/10/07 12:06:28 OK   00003_finding.sql (54.9ms)
2026/10/07 12:06:28 OK   00004_incident.sql (37.27ms)
2026/10/07 12:06:28 OK   00005_investigation.sql (36.07ms)
2026/10/07 12:06:28 OK   00006_action_command.sql (59.11ms)
2026/10/07 12:06:28 OK   00007_audit.sql (84.46ms)
2026/10/07 12:06:28 OK   00008_rls.sql (22.16ms)
2026/10/07 12:06:28 OK   00009_idempotency_ledger.sql (58.93ms)
2026/10/07 12:06:28 OK   00010_tenant_provisioning.sql (29ms)
2026/10/07 12:06:28 OK   00011_source_registration_history.sql (98.43ms)
2026/10/07 12:06:28 OK   00012_config_registry_lifecycle.sql (102.03ms)
2026/10/07 12:06:28 OK   00013_audit_signed_segments.sql (91.4ms)
2026/10/07 12:06:28 OK   00014_audit_segment_predecessors.sql (23.15ms)
2026/10/07 12:06:28 OK   00015_source_schema_scope.sql (29.67ms)
2026/10/07 12:06:28 OK   00016_cluster_registration_metadata.sql (32.1ms)
2026/10/07 12:06:28 OK   00017_source_data_scope.sql (17.49ms)
2026/10/07 12:06:28 OK   00018_sp04_resources_evidence.sql (68.11ms)
2026/10/07 12:06:28 OK   00019_sp04_archive_ciphertext_bytes.sql (8.87ms)
2026/10/07 12:06:28 OK   00020_sp04_request_ledger.sql (64.36ms)
2026/10/07 12:06:28 OK   00021_sp04_archive_protection.sql (19.56ms)
2026/10/07 12:06:28 OK   00022_sp04_legal_hold_dependencies.sql (6.81ms)
2026/10/07 12:06:29 OK   00023_sp04_archive_query_intent.sql (40.98ms)
2026/10/07 12:06:29 OK   00024_sp05_finding_incident.sql (151.04ms)
2026/10/07 12:06:29 OK   00025_sp05_incident_event_time.sql (64.77ms)
2026/10/07 12:06:29 OK   00026_sp05_source_binding_lock.sql (6.55ms)
2026/10/07 12:06:29 OK   00027_sp05_rca_and_poll.sql (50.43ms)
2026/10/07 12:06:29 OK   00028_sp05_operator_lock.sql (37.8ms)
2026/10/07 12:06:29 OK   00029_sp05_evidence_links.sql (45.33ms)
2026/10/07 12:06:29 OK   00030_sp05_recipe_fence.sql (21.7ms)
2026/10/07 12:06:29 OK   00031_sp05_rca_postcheck.sql (9.57ms)
2026/10/07 12:06:29 OK   00032_sp05_transport_audit.sql (13.85ms)
2026/10/07 12:06:29 OK   00033_sp05_poll_resolution_clock.sql (50.64ms)
2026/10/07 12:06:29 OK   00034_sp06_investigation_ledger.sql (82.54ms)
2026/10/07 12:06:29 OK   00035_sp06_admission_data_classes.sql (14.75ms)
2026/10/07 12:06:29 goose: successfully migrated database to version: 35
2026/10/07 12:06:31 OK   00001_roles_and_schemas.sql (10.84ms)
2026/10/07 12:06:31 goose: successfully migrated database to version: 1
2026/10/07 12:06:31 OK   00002_platform_meta.sql (70.85ms)
2026/10/07 12:06:31 OK   00003_finding.sql (19.92ms)
2026/10/07 12:06:31 OK   00004_incident.sql (12.06ms)
2026/10/07 12:06:31 OK   00005_investigation.sql (30.58ms)
2026/10/07 12:06:31 OK   00006_action_command.sql (10.07ms)
2026/10/07 12:06:31 OK   00007_audit.sql (45.99ms)
2026/10/07 12:06:31 OK   00008_rls.sql (15ms)
2026/10/07 12:06:31 OK   00009_idempotency_ledger.sql (24.19ms)
2026/10/07 12:06:31 OK   00010_tenant_provisioning.sql (36.45ms)
2026/10/07 12:06:31 OK   00011_source_registration_history.sql (16.82ms)
2026/10/07 12:06:31 OK   00012_config_registry_lifecycle.sql (57.16ms)
2026/10/07 12:06:31 OK   00013_audit_signed_segments.sql (36.78ms)
2026/10/07 12:06:31 OK   00014_audit_segment_predecessors.sql (15.59ms)
2026/10/07 12:06:31 OK   00015_source_schema_scope.sql (4.98ms)
2026/10/07 12:06:31 OK   00016_cluster_registration_metadata.sql (11.97ms)
2026/10/07 12:06:31 OK   00017_source_data_scope.sql (5.95ms)
2026/10/07 12:06:31 OK   00018_sp04_resources_evidence.sql (45.57ms)
2026/10/07 12:06:31 OK   00019_sp04_archive_ciphertext_bytes.sql (6.33ms)
2026/10/07 12:06:31 OK   00020_sp04_request_ledger.sql (8.15ms)
2026/10/07 12:06:31 OK   00021_sp04_archive_protection.sql (10.65ms)
2026/10/07 12:06:31 OK   00022_sp04_legal_hold_dependencies.sql (57.55ms)
2026/10/07 12:06:31 OK   00023_sp04_archive_query_intent.sql (5.12ms)
2026/10/07 12:06:31 OK   00024_sp05_finding_incident.sql (50.08ms)
2026/10/07 12:06:31 OK   00025_sp05_incident_event_time.sql (11.48ms)
2026/10/07 12:06:31 OK   00026_sp05_source_binding_lock.sql (18.59ms)
2026/10/07 12:06:31 OK   00027_sp05_rca_and_poll.sql (20.82ms)
2026/10/07 12:06:31 OK   00028_sp05_operator_lock.sql (12.06ms)
2026/10/07 12:06:32 OK   00029_sp05_evidence_links.sql (41.26ms)
2026/10/07 12:06:32 OK   00030_sp05_recipe_fence.sql (13.21ms)
2026/10/07 12:06:32 OK   00031_sp05_rca_postcheck.sql (4.62ms)
2026/10/07 12:06:32 OK   00032_sp05_transport_audit.sql (4.7ms)
2026/10/07 12:06:32 OK   00033_sp05_poll_resolution_clock.sql (5.98ms)
2026/10/07 12:06:32 OK   00034_sp06_investigation_ledger.sql (67.89ms)
2026/10/07 12:06:32 OK   00035_sp06_admission_data_classes.sql (13.01ms)
2026/10/07 12:06:32 goose: successfully migrated database to version: 35
2026/10/07 12:07:00 OK   00001_roles_and_schemas.sql (45.95ms)
2026/10/07 12:07:00 goose: successfully migrated database to version: 1
2026/10/07 12:07:00 OK   00002_platform_meta.sql (49.27ms)
2026/10/07 12:07:00 OK   00003_finding.sql (22.87ms)
2026/10/07 12:07:00 OK   00004_incident.sql (17.06ms)
2026/10/07 12:07:00 OK   00005_investigation.sql (12.07ms)
2026/10/07 12:07:00 OK   00006_action_command.sql (42.39ms)
2026/10/07 12:07:00 OK   00007_audit.sql (13ms)
2026/10/07 12:07:00 OK   00008_rls.sql (17.38ms)
2026/10/07 12:07:00 OK   00009_idempotency_ledger.sql (41.56ms)
2026/10/07 12:07:00 OK   00010_tenant_provisioning.sql (33.72ms)
2026/10/07 12:07:00 OK   00011_source_registration_history.sql (19.42ms)
2026/10/07 12:07:00 OK   00012_config_registry_lifecycle.sql (16.64ms)
2026/10/07 12:07:00 OK   00013_audit_signed_segments.sql (30.92ms)
2026/10/07 12:07:00 OK   00014_audit_segment_predecessors.sql (13.7ms)
2026/10/07 12:07:00 OK   00015_source_schema_scope.sql (7.78ms)
2026/10/07 12:07:00 OK   00016_cluster_registration_metadata.sql (5.01ms)
2026/10/07 12:07:00 OK   00017_source_data_scope.sql (5.08ms)
2026/10/07 12:07:00 OK   00018_sp04_resources_evidence.sql (21.93ms)
2026/10/07 12:07:00 OK   00019_sp04_archive_ciphertext_bytes.sql (7.34ms)
2026/10/07 12:07:00 OK   00020_sp04_request_ledger.sql (15.25ms)
2026/10/07 12:07:00 OK   00021_sp04_archive_protection.sql (7.11ms)
2026/10/07 12:07:00 OK   00022_sp04_legal_hold_dependencies.sql (3.8ms)
2026/10/07 12:07:01 OK   00023_sp04_archive_query_intent.sql (3.35ms)
2026/10/07 12:07:01 OK   00024_sp05_finding_incident.sql (48.6ms)
2026/10/07 12:07:01 OK   00025_sp05_incident_event_time.sql (3.09ms)
2026/10/07 12:07:01 OK   00026_sp05_source_binding_lock.sql (3.88ms)
2026/10/07 12:07:01 OK   00027_sp05_rca_and_poll.sql (33.79ms)
2026/10/07 12:07:01 OK   00028_sp05_operator_lock.sql (9.44ms)
2026/10/07 12:07:01 OK   00029_sp05_evidence_links.sql (6.24ms)
2026/10/07 12:07:01 OK   00030_sp05_recipe_fence.sql (4.6ms)
2026/10/07 12:07:01 OK   00031_sp05_rca_postcheck.sql (8.85ms)
2026/10/07 12:07:01 OK   00032_sp05_transport_audit.sql (7.3ms)
2026/10/07 12:07:01 OK   00033_sp05_poll_resolution_clock.sql (9.08ms)
2026/10/07 12:07:01 OK   00034_sp06_investigation_ledger.sql (38.81ms)
2026/10/07 12:07:01 OK   00035_sp06_admission_data_classes.sql (10.33ms)
2026/10/07 12:07:01 goose: successfully migrated database to version: 35
{"time":"2026-10-07T12:07:01.356592+08:00","level":"INFO","msg":"http request complete","request_id":"01a1148b-13d0-7b56-8967-4902ab3b83de","trace_id":"4bf92f3577b34da6a3ce929d0e0e4736","span_id":"29ba43e284f863da","method":"GET","status_code":200,"duration_ms":27}
{"time":"2026-10-07T12:07:01.366997+08:00","level":"INFO","msg":"http request complete","request_id":"01a1148b-13ec-7d0f-a4e0-aff04cb27a43","trace_id":"4bf92f3577b34da6a3ce929d0e0e4736","span_id":"de3b967ad00eee43","method":"GET","status_code":200,"duration_ms":10}
{"time":"2026-10-07T12:07:01.370414+08:00","level":"INFO","msg":"http request complete","request_id":"01a1148b-13f7-7534-8f2f-e0609618adf2","trace_id":"4bf92f3577b34da6a3ce929d0e0e4736","span_id":"367fe729f04d2aab","method":"GET","status_code":200,"duration_ms":2}
{"time":"2026-10-07T12:07:01.374629+08:00","level":"INFO","msg":"http request complete","request_id":"01a1148b-13fa-7b17-adb3-c78c7e632353","trace_id":"4bf92f3577b34da6a3ce929d0e0e4736","span_id":"1d32eea8908ac18c","method":"GET","status_code":200,"duration_ms":3}
{"time":"2026-10-07T12:07:01.378634+08:00","level":"INFO","msg":"http request complete","request_id":"01a1148b-13fe-7d1b-8ae7-83ac7fa79bd7","trace_id":"4bf92f3577b34da6a3ce929d0e0e4736","span_id":"8bda3600d56d24d6","method":"GET","status_code":200,"duration_ms":3}
{"time":"2026-10-07T12:07:01.382206+08:00","level":"INFO","msg":"http request complete","request_id":"01a1148b-1402-7d88-bcec-62fec8f6d403","trace_id":"4bf92f3577b34da6a3ce929d0e0e4736","span_id":"acb181f0646e63ac","method":"GET","status_code":200,"duration_ms":3}
{"time":"2026-10-07T12:07:01.420771+08:00","level":"INFO","msg":"http request complete","request_id":"01a1148b-1406-774f-a9bc-4c1737fb05d5","trace_id":"d3bdfa5693575de86ac4e0a31d11f6c4","span_id":"2c72e0222803e296","method":"POST","status_code":201,"duration_ms":38}
{"time":"2026-10-07T12:07:01.426657+08:00","level":"INFO","msg":"http request complete","request_id":"01a1148b-142d-70e6-a80a-a34d5e3df25b","trace_id":"32f820e91aafe569f8aa47de95859d15","span_id":"9aa8867582d2da82","method":"POST","status_code":201,"duration_ms":5}
{"time":"2026-10-07T12:07:01.427897+08:00","level":"WARN","msg":"trace export failed","signal":"traces"}
{"time":"2026-10-07T12:07:01.430416+08:00","level":"INFO","msg":"http request complete","request_id":"01a1148b-1434-70af-ab0e-f97ea77b6d5f","trace_id":"19fa0bdca0c7a48c930cb56778b24abb","span_id":"4f6cac02468f9014","method":"GET","status_code":200,"duration_ms":2}
2026/10/07 12:07:01 OK   00001_roles_and_schemas.sql (10.13ms)
2026/10/07 12:07:01 goose: successfully migrated database to version: 1
2026/10/07 12:07:01 OK   00002_platform_meta.sql (48.58ms)
2026/10/07 12:07:01 OK   00003_finding.sql (21.4ms)
2026/10/07 12:07:01 OK   00004_incident.sql (6.2ms)
2026/10/07 12:07:01 OK   00005_investigation.sql (9.06ms)
2026/10/07 12:07:01 OK   00006_action_command.sql (17.16ms)
2026/10/07 12:07:01 OK   00007_audit.sql (25.6ms)
2026/10/07 12:07:01 OK   00008_rls.sql (10.52ms)
2026/10/07 12:07:01 OK   00009_idempotency_ledger.sql (30.29ms)
2026/10/07 12:07:01 OK   00010_tenant_provisioning.sql (14.54ms)
2026/10/07 12:07:01 OK   00011_source_registration_history.sql (7.34ms)
2026/10/07 12:07:01 OK   00012_config_registry_lifecycle.sql (16.75ms)
2026/10/07 12:07:01 OK   00013_audit_signed_segments.sql (32.34ms)
2026/10/07 12:07:01 OK   00014_audit_segment_predecessors.sql (7.91ms)
2026/10/07 12:07:01 OK   00015_source_schema_scope.sql (3.27ms)
2026/10/07 12:07:01 OK   00016_cluster_registration_metadata.sql (8.54ms)
2026/10/07 12:07:01 OK   00017_source_data_scope.sql (10.21ms)
2026/10/07 12:07:01 OK   00018_sp04_resources_evidence.sql (33.3ms)
2026/10/07 12:07:01 OK   00019_sp04_archive_ciphertext_bytes.sql (7.83ms)
2026/10/07 12:07:01 OK   00020_sp04_request_ledger.sql (28.16ms)
2026/10/07 12:07:01 OK   00021_sp04_archive_protection.sql (6.12ms)
2026/10/07 12:07:01 OK   00022_sp04_legal_hold_dependencies.sql (2.94ms)
2026/10/07 12:07:01 OK   00023_sp04_archive_query_intent.sql (3.94ms)
2026/10/07 12:07:02 OK   00024_sp05_finding_incident.sql (46.58ms)
2026/10/07 12:07:02 OK   00025_sp05_incident_event_time.sql (4.93ms)
2026/10/07 12:07:02 OK   00026_sp05_source_binding_lock.sql (6.32ms)
2026/10/07 12:07:02 OK   00027_sp05_rca_and_poll.sql (21.24ms)
2026/10/07 12:07:02 OK   00028_sp05_operator_lock.sql (8.74ms)
2026/10/07 12:07:02 OK   00029_sp05_evidence_links.sql (8.24ms)
2026/10/07 12:07:02 OK   00030_sp05_recipe_fence.sql (2.93ms)
2026/10/07 12:07:02 OK   00031_sp05_rca_postcheck.sql (2.7ms)
2026/10/07 12:07:02 OK   00032_sp05_transport_audit.sql (3.41ms)
2026/10/07 12:07:02 OK   00033_sp05_poll_resolution_clock.sql (7.34ms)
2026/10/07 12:07:02 OK   00034_sp06_investigation_ledger.sql (43.09ms)
2026/10/07 12:07:02 OK   00035_sp06_admission_data_classes.sql (7.58ms)
2026/10/07 12:07:02 goose: successfully migrated database to version: 35
2026/10/07 12:07:02 OK   00036_review_failure.sql (17.68ms)
2026/10/07 12:07:02 goose: successfully migrated database to version: 36
2026/10/07 12:07:05 OK   00001_roles_and_schemas.sql (49.73ms)
2026/10/07 12:07:05 goose: successfully migrated database to version: 1
2026/10/07 12:07:05 OK   00002_platform_meta.sql (66.32ms)
2026/10/07 12:07:05 OK   00003_finding.sql (17.27ms)
2026/10/07 12:07:05 OK   00004_incident.sql (16.81ms)
2026/10/07 12:07:05 OK   00005_investigation.sql (23.18ms)
2026/10/07 12:07:05 OK   00006_action_command.sql (20ms)
2026/10/07 12:07:05 OK   00007_audit.sql (54.31ms)
2026/10/07 12:07:05 OK   00008_rls.sql (16.36ms)
2026/10/07 12:07:05 OK   00009_idempotency_ledger.sql (34.87ms)
2026/10/07 12:07:05 OK   00010_tenant_provisioning.sql (13.04ms)
2026/10/07 12:07:05 OK   00011_source_registration_history.sql (10.47ms)
2026/10/07 12:07:05 OK   00012_config_registry_lifecycle.sql (14.6ms)
2026/10/07 12:07:05 OK   00013_audit_signed_segments.sql (32.99ms)
2026/10/07 12:07:05 OK   00014_audit_segment_predecessors.sql (8.68ms)
2026/10/07 12:07:05 OK   00015_source_schema_scope.sql (5.59ms)
2026/10/07 12:07:06 OK   00016_cluster_registration_metadata.sql (10.43ms)
2026/10/07 12:07:06 OK   00017_source_data_scope.sql (4.87ms)
2026/10/07 12:07:06 OK   00018_sp04_resources_evidence.sql (29.06ms)
2026/10/07 12:07:06 OK   00019_sp04_archive_ciphertext_bytes.sql (14.28ms)
2026/10/07 12:07:06 OK   00020_sp04_request_ledger.sql (11.62ms)
2026/10/07 12:07:06 OK   00021_sp04_archive_protection.sql (8.05ms)
2026/10/07 12:07:06 OK   00022_sp04_legal_hold_dependencies.sql (6.87ms)
2026/10/07 12:07:06 OK   00023_sp04_archive_query_intent.sql (9.9ms)
2026/10/07 12:07:06 OK   00024_sp05_finding_incident.sql (56.42ms)
2026/10/07 12:07:06 OK   00025_sp05_incident_event_time.sql (2.83ms)
2026/10/07 12:07:06 OK   00026_sp05_source_binding_lock.sql (4.99ms)
2026/10/07 12:07:06 OK   00027_sp05_rca_and_poll.sql (20.09ms)
2026/10/07 12:07:06 OK   00028_sp05_operator_lock.sql (8.46ms)
2026/10/07 12:07:06 OK   00029_sp05_evidence_links.sql (13.2ms)
2026/10/07 12:07:06 OK   00030_sp05_recipe_fence.sql (8.34ms)
2026/10/07 12:07:06 OK   00031_sp05_rca_postcheck.sql (15.1ms)
2026/10/07 12:07:06 OK   00032_sp05_transport_audit.sql (5.63ms)
2026/10/07 12:07:06 OK   00033_sp05_poll_resolution_clock.sql (5.24ms)
2026/10/07 12:07:06 OK   00034_sp06_investigation_ledger.sql (50.15ms)
2026/10/07 12:07:06 OK   00035_sp06_admission_data_classes.sql (10.38ms)
2026/10/07 12:07:06 goose: successfully migrated database to version: 35
2026/10/07 12:07:06 OK   00001_roles_and_schemas.sql (14.48ms)
2026/10/07 12:07:06 goose: successfully migrated database to version: 1
2026/10/07 12:07:06 OK   00002_platform_meta.sql (50.64ms)
2026/10/07 12:07:06 OK   00003_finding.sql (24.12ms)
2026/10/07 12:07:06 OK   00004_incident.sql (33.09ms)
2026/10/07 12:07:06 OK   00005_investigation.sql (12.81ms)
2026/10/07 12:07:06 OK   00006_action_command.sql (18.91ms)
2026/10/07 12:07:06 OK   00007_audit.sql (49.09ms)
2026/10/07 12:07:07 OK   00008_rls.sql (26.35ms)
2026/10/07 12:07:07 OK   00009_idempotency_ledger.sql (31.35ms)
2026/10/07 12:07:07 OK   00010_tenant_provisioning.sql (19.04ms)
2026/10/07 12:07:07 OK   00011_source_registration_history.sql (19.41ms)
2026/10/07 12:07:07 OK   00012_config_registry_lifecycle.sql (43.96ms)
2026/10/07 12:07:07 OK   00013_audit_signed_segments.sql (36.38ms)
2026/10/07 12:07:07 OK   00014_audit_segment_predecessors.sql (11.71ms)
2026/10/07 12:07:07 OK   00015_source_schema_scope.sql (9.83ms)
2026/10/07 12:07:07 OK   00016_cluster_registration_metadata.sql (19.89ms)
2026/10/07 12:07:07 OK   00017_source_data_scope.sql (19.07ms)
2026/10/07 12:07:07 OK   00018_sp04_resources_evidence.sql (35.48ms)
2026/10/07 12:07:07 OK   00019_sp04_archive_ciphertext_bytes.sql (10.67ms)
2026/10/07 12:07:07 OK   00020_sp04_request_ledger.sql (48.37ms)
2026/10/07 12:07:07 OK   00021_sp04_archive_protection.sql (20.84ms)
2026/10/07 12:07:07 OK   00022_sp04_legal_hold_dependencies.sql (8.7ms)
2026/10/07 12:07:07 OK   00023_sp04_archive_query_intent.sql (4.78ms)
2026/10/07 12:07:07 OK   00024_sp05_finding_incident.sql (47.51ms)
2026/10/07 12:07:07 OK   00025_sp05_incident_event_time.sql (14.5ms)
2026/10/07 12:07:07 OK   00026_sp05_source_binding_lock.sql (19.23ms)
2026/10/07 12:07:07 OK   00027_sp05_rca_and_poll.sql (14.92ms)
2026/10/07 12:07:07 OK   00028_sp05_operator_lock.sql (7.81ms)
2026/10/07 12:07:07 OK   00029_sp05_evidence_links.sql (19.31ms)
2026/10/07 12:07:07 OK   00030_sp05_recipe_fence.sql (19.61ms)
2026/10/07 12:07:07 OK   00031_sp05_rca_postcheck.sql (7.69ms)
2026/10/07 12:07:07 OK   00032_sp05_transport_audit.sql (8.94ms)
2026/10/07 12:07:07 OK   00033_sp05_poll_resolution_clock.sql (5.1ms)
2026/10/07 12:07:07 OK   00034_sp06_investigation_ledger.sql (64.45ms)
2026/10/07 12:07:07 OK   00035_sp06_admission_data_classes.sql (10.49ms)
2026/10/07 12:07:07 goose: successfully migrated database to version: 35
2026/10/07 12:07:08 OK   00001_roles_and_schemas.sql (39.77ms)
2026/10/07 12:07:08 goose: successfully migrated database to version: 1
2026/10/07 12:07:08 OK   00002_platform_meta.sql (61.97ms)
2026/10/07 12:07:08 OK   00003_finding.sql (13.57ms)
2026/10/07 12:07:08 OK   00004_incident.sql (6.25ms)
2026/10/07 12:07:08 OK   00005_investigation.sql (11.28ms)
2026/10/07 12:07:08 OK   00006_action_command.sql (22.31ms)
2026/10/07 12:07:08 OK   00007_audit.sql (21.11ms)
2026/10/07 12:07:08 OK   00008_rls.sql (18.84ms)
2026/10/07 12:07:08 OK   00009_idempotency_ledger.sql (13.09ms)
2026/10/07 12:07:08 OK   00010_tenant_provisioning.sql (6.6ms)
2026/10/07 12:07:08 OK   00011_source_registration_history.sql (13.14ms)
2026/10/07 12:07:08 OK   00012_config_registry_lifecycle.sql (35.32ms)
2026/10/07 12:07:08 OK   00013_audit_signed_segments.sql (30.62ms)
2026/10/07 12:07:08 OK   00014_audit_segment_predecessors.sql (10.26ms)
2026/10/07 12:07:08 OK   00015_source_schema_scope.sql (5.66ms)
2026/10/07 12:07:08 OK   00016_cluster_registration_metadata.sql (5.98ms)
2026/10/07 12:07:08 OK   00017_source_data_scope.sql (6.46ms)
2026/10/07 12:07:08 OK   00018_sp04_resources_evidence.sql (50.28ms)
2026/10/07 12:07:08 OK   00019_sp04_archive_ciphertext_bytes.sql (11.01ms)
2026/10/07 12:07:08 OK   00020_sp04_request_ledger.sql (7.32ms)
2026/10/07 12:07:08 OK   00021_sp04_archive_protection.sql (5.62ms)
2026/10/07 12:07:08 OK   00022_sp04_legal_hold_dependencies.sql (11.15ms)
2026/10/07 12:07:08 OK   00023_sp04_archive_query_intent.sql (17.77ms)
2026/10/07 12:07:08 OK   00024_sp05_finding_incident.sql (34.46ms)
2026/10/07 12:07:08 OK   00025_sp05_incident_event_time.sql (3.48ms)
2026/10/07 12:07:08 OK   00026_sp05_source_binding_lock.sql (4.15ms)
2026/10/07 12:07:08 OK   00027_sp05_rca_and_poll.sql (17.89ms)
2026/10/07 12:07:08 OK   00028_sp05_operator_lock.sql (35.29ms)
2026/10/07 12:07:08 OK   00029_sp05_evidence_links.sql (7.12ms)
2026/10/07 12:07:08 OK   00030_sp05_recipe_fence.sql (12.04ms)
2026/10/07 12:07:08 OK   00031_sp05_rca_postcheck.sql (3.9ms)
2026/10/07 12:07:08 OK   00032_sp05_transport_audit.sql (4.62ms)
2026/10/07 12:07:08 OK   00033_sp05_poll_resolution_clock.sql (7ms)
2026/10/07 12:07:08 OK   00034_sp06_investigation_ledger.sql (35.8ms)
2026/10/07 12:07:08 OK   00035_sp06_admission_data_classes.sql (3.51ms)
2026/10/07 12:07:08 goose: successfully migrated database to version: 35
2026/10/07 12:07:08 OK   00001_roles_and_schemas.sql (17.8ms)
2026/10/07 12:07:08 goose: successfully migrated database to version: 1
2026/10/07 12:07:08 OK   00002_platform_meta.sql (45.75ms)
2026/10/07 12:07:08 OK   00003_finding.sql (38.75ms)
2026/10/07 12:07:08 OK   00004_incident.sql (21.67ms)
2026/10/07 12:07:09 OK   00005_investigation.sql (31.82ms)
2026/10/07 12:07:09 OK   00006_action_command.sql (27.81ms)
2026/10/07 12:07:09 OK   00007_audit.sql (24.31ms)
2026/10/07 12:07:09 OK   00008_rls.sql (9.42ms)
2026/10/07 12:07:09 OK   00009_idempotency_ledger.sql (29.43ms)
2026/10/07 12:07:09 OK   00010_tenant_provisioning.sql (17.46ms)
2026/10/07 12:07:09 OK   00011_source_registration_history.sql (7.96ms)
2026/10/07 12:07:09 OK   00012_config_registry_lifecycle.sql (22.69ms)
2026/10/07 12:07:09 OK   00013_audit_signed_segments.sql (26.01ms)
2026/10/07 12:07:09 OK   00014_audit_segment_predecessors.sql (6.12ms)
2026/10/07 12:07:09 OK   00015_source_schema_scope.sql (5.52ms)
2026/10/07 12:07:09 OK   00016_cluster_registration_metadata.sql (7.65ms)
2026/10/07 12:07:09 OK   00017_source_data_scope.sql (7.09ms)
2026/10/07 12:07:09 OK   00018_sp04_resources_evidence.sql (32.35ms)
2026/10/07 12:07:09 OK   00019_sp04_archive_ciphertext_bytes.sql (2.71ms)
2026/10/07 12:07:09 OK   00020_sp04_request_ledger.sql (5.06ms)
2026/10/07 12:07:09 OK   00021_sp04_archive_protection.sql (4.74ms)
2026/10/07 12:07:09 OK   00022_sp04_legal_hold_dependencies.sql (8.79ms)
2026/10/07 12:07:09 OK   00023_sp04_archive_query_intent.sql (10.05ms)
2026/10/07 12:07:09 OK   00024_sp05_finding_incident.sql (35.11ms)
2026/10/07 12:07:09 OK   00025_sp05_incident_event_time.sql (6.04ms)
2026/10/07 12:07:09 OK   00026_sp05_source_binding_lock.sql (9.24ms)
2026/10/07 12:07:09 OK   00027_sp05_rca_and_poll.sql (18.22ms)
2026/10/07 12:07:09 OK   00028_sp05_operator_lock.sql (6.88ms)
2026/10/07 12:07:09 OK   00029_sp05_evidence_links.sql (11.9ms)
2026/10/07 12:07:09 OK   00030_sp05_recipe_fence.sql (4.13ms)
2026/10/07 12:07:09 OK   00031_sp05_rca_postcheck.sql (2.6ms)
2026/10/07 12:07:09 OK   00032_sp05_transport_audit.sql (3.75ms)
2026/10/07 12:07:09 OK   00033_sp05_poll_resolution_clock.sql (6.36ms)
2026/10/07 12:07:09 OK   00034_sp06_investigation_ledger.sql (43.68ms)
2026/10/07 12:07:09 OK   00035_sp06_admission_data_classes.sql (3.79ms)
2026/10/07 12:07:09 goose: successfully migrated database to version: 35
2026/10/07 12:07:09 OK   00001_roles_and_schemas.sql (22.42ms)
2026/10/07 12:07:09 goose: successfully migrated database to version: 1
2026/10/07 12:07:20 OK   00002_platform_meta.sql (59.5ms)
2026/10/07 12:07:20 OK   00003_finding.sql (22.51ms)
2026/10/07 12:07:20 OK   00004_incident.sql (11.25ms)
2026/10/07 12:07:20 OK   00005_investigation.sql (12.93ms)
2026/10/07 12:07:20 OK   00006_action_command.sql (14.16ms)
2026/10/07 12:07:20 OK   00007_audit.sql (29.37ms)
2026/10/07 12:07:20 OK   00008_rls.sql (27.53ms)
2026/10/07 12:07:20 OK   00009_idempotency_ledger.sql (17.9ms)
2026/10/07 12:07:20 OK   00010_tenant_provisioning.sql (6.72ms)
2026/10/07 12:07:20 OK   00011_source_registration_history.sql (28.83ms)
2026/10/07 12:07:20 OK   00012_config_registry_lifecycle.sql (24.17ms)
2026/10/07 12:07:20 OK   00013_audit_signed_segments.sql (27.99ms)
2026/10/07 12:07:20 OK   00014_audit_segment_predecessors.sql (10.93ms)
2026/10/07 12:07:20 OK   00015_source_schema_scope.sql (5.97ms)
2026/10/07 12:07:21 OK   00016_cluster_registration_metadata.sql (11.44ms)
2026/10/07 12:07:21 OK   00017_source_data_scope.sql (9.82ms)
2026/10/07 12:07:21 OK   00018_sp04_resources_evidence.sql (38.36ms)
2026/10/07 12:07:21 OK   00019_sp04_archive_ciphertext_bytes.sql (5.75ms)
2026/10/07 12:07:21 OK   00020_sp04_request_ledger.sql (6.95ms)
2026/10/07 12:07:21 OK   00021_sp04_archive_protection.sql (5.9ms)
2026/10/07 12:07:21 OK   00022_sp04_legal_hold_dependencies.sql (4.09ms)
2026/10/07 12:07:21 OK   00023_sp04_archive_query_intent.sql (6.59ms)
2026/10/07 12:07:21 OK   00024_sp05_finding_incident.sql (49.71ms)
2026/10/07 12:07:21 OK   00025_sp05_incident_event_time.sql (4.39ms)
2026/10/07 12:07:21 OK   00026_sp05_source_binding_lock.sql (6.12ms)
2026/10/07 12:07:21 OK   00027_sp05_rca_and_poll.sql (20.22ms)
2026/10/07 12:07:21 OK   00028_sp05_operator_lock.sql (9.82ms)
2026/10/07 12:07:21 OK   00029_sp05_evidence_links.sql (15.79ms)
2026/10/07 12:07:21 OK   00030_sp05_recipe_fence.sql (11.25ms)
2026/10/07 12:07:21 OK   00031_sp05_rca_postcheck.sql (8.22ms)
2026/10/07 12:07:21 OK   00032_sp05_transport_audit.sql (7.79ms)
2026/10/07 12:07:21 OK   00033_sp05_poll_resolution_clock.sql (7.18ms)
2026/10/07 12:07:21 OK   00034_sp06_investigation_ledger.sql (52.33ms)
2026/10/07 12:07:21 OK   00035_sp06_admission_data_classes.sql (4.97ms)
2026/10/07 12:07:21 goose: successfully migrated database to version: 35
2026/10/07 12:08:13 OK   00001_roles_and_schemas.sql (27.85ms)
2026/10/07 12:08:13 OK   00002_platform_meta.sql (48.16ms)
2026/10/07 12:08:13 OK   00003_finding.sql (30.71ms)
2026/10/07 12:08:13 OK   00004_incident.sql (15.51ms)
2026/10/07 12:08:13 OK   00005_investigation.sql (11.19ms)
2026/10/07 12:08:13 OK   00006_action_command.sql (10.91ms)
2026/10/07 12:08:13 OK   00007_audit.sql (26.93ms)
2026/10/07 12:08:13 OK   00008_rls.sql (17.22ms)
2026/10/07 12:08:13 OK   00009_idempotency_ledger.sql (8.46ms)
2026/10/07 12:08:13 OK   00010_tenant_provisioning.sql (7.28ms)
2026/10/07 12:08:13 OK   00011_source_registration_history.sql (22.8ms)
2026/10/07 12:08:13 OK   00012_config_registry_lifecycle.sql (29.15ms)
2026/10/07 12:08:13 OK   00013_audit_signed_segments.sql (20.62ms)
2026/10/07 12:08:13 OK   00014_audit_segment_predecessors.sql (20.65ms)
2026/10/07 12:08:13 OK   00015_source_schema_scope.sql (8.13ms)
2026/10/07 12:08:13 OK   00016_cluster_registration_metadata.sql (12.02ms)
2026/10/07 12:08:13 OK   00017_source_data_scope.sql (5.55ms)
2026/10/07 12:08:13 OK   00018_sp04_resources_evidence.sql (22.68ms)
2026/10/07 12:08:13 OK   00019_sp04_archive_ciphertext_bytes.sql (5.94ms)
2026/10/07 12:08:13 OK   00020_sp04_request_ledger.sql (19.18ms)
2026/10/07 12:08:13 OK   00021_sp04_archive_protection.sql (7.1ms)
2026/10/07 12:08:13 OK   00022_sp04_legal_hold_dependencies.sql (9.21ms)
2026/10/07 12:08:13 OK   00023_sp04_archive_query_intent.sql (6.75ms)
2026/10/07 12:08:13 OK   00024_sp05_finding_incident.sql (33.14ms)
2026/10/07 12:08:13 OK   00025_sp05_incident_event_time.sql (6.38ms)
2026/10/07 12:08:13 OK   00026_sp05_source_binding_lock.sql (9.48ms)
2026/10/07 12:08:13 OK   00027_sp05_rca_and_poll.sql (43.45ms)
2026/10/07 12:08:13 OK   00028_sp05_operator_lock.sql (4.09ms)
2026/10/07 12:08:13 OK   00029_sp05_evidence_links.sql (16.09ms)
2026/10/07 12:08:13 OK   00030_sp05_recipe_fence.sql (21.12ms)
2026/10/07 12:08:13 OK   00031_sp05_rca_postcheck.sql (16.02ms)
2026/10/07 12:08:13 OK   00032_sp05_transport_audit.sql (17.76ms)
2026/10/07 12:08:13 OK   00033_sp05_poll_resolution_clock.sql (6.66ms)
2026/10/07 12:08:13 OK   00034_sp06_investigation_ledger.sql (59.24ms)
2026/10/07 12:08:13 OK   00035_sp06_admission_data_classes.sql (5.53ms)
2026/10/07 12:08:13 goose: successfully migrated database to version: 35
2026/10/07 12:08:15 OK   00001_roles_and_schemas.sql (13.28ms)
2026/10/07 12:08:15 goose: successfully migrated database to version: 1
2026/10/07 12:08:15 OK   00002_platform_meta.sql (71.81ms)
2026/10/07 12:08:15 OK   00003_finding.sql (29.29ms)
2026/10/07 12:08:15 OK   00004_incident.sql (10.82ms)
2026/10/07 12:08:15 OK   00005_investigation.sql (15.72ms)
2026/10/07 12:08:15 OK   00006_action_command.sql (9.22ms)
2026/10/07 12:08:16 OK   00007_audit.sql (44.19ms)
2026/10/07 12:08:16 OK   00008_rls.sql (23.16ms)
2026/10/07 12:08:16 OK   00009_idempotency_ledger.sql (12.31ms)
2026/10/07 12:08:16 OK   00010_tenant_provisioning.sql (8.53ms)
2026/10/07 12:08:16 OK   00011_source_registration_history.sql (15.3ms)
2026/10/07 12:08:16 OK   00012_config_registry_lifecycle.sql (19.23ms)
2026/10/07 12:08:16 OK   00013_audit_signed_segments.sql (42.45ms)
2026/10/07 12:08:16 OK   00014_audit_segment_predecessors.sql (8.14ms)
2026/10/07 12:08:16 OK   00015_source_schema_scope.sql (5.57ms)
2026/10/07 12:08:16 OK   00016_cluster_registration_metadata.sql (12.58ms)
2026/10/07 12:08:16 goose: successfully migrated database to version: 16
2026/10/07 12:08:16 OK   00017_source_data_scope.sql (14.71ms)
2026/10/07 12:08:16 OK   00018_sp04_resources_evidence.sql (41.26ms)
2026/10/07 12:08:16 OK   00019_sp04_archive_ciphertext_bytes.sql (8.39ms)
2026/10/07 12:08:16 OK   00020_sp04_request_ledger.sql (9.88ms)
2026/10/07 12:08:16 OK   00021_sp04_archive_protection.sql (9.74ms)
2026/10/07 12:08:16 OK   00022_sp04_legal_hold_dependencies.sql (10.1ms)
2026/10/07 12:08:16 OK   00023_sp04_archive_query_intent.sql (7.96ms)
2026/10/07 12:08:16 OK   00024_sp05_finding_incident.sql (50.34ms)
2026/10/07 12:08:16 OK   00025_sp05_incident_event_time.sql (3.08ms)
2026/10/07 12:08:16 OK   00026_sp05_source_binding_lock.sql (3.53ms)
2026/10/07 12:08:16 OK   00027_sp05_rca_and_poll.sql (15.55ms)
2026/10/07 12:08:16 OK   00028_sp05_operator_lock.sql (8.53ms)
2026/10/07 12:08:16 OK   00029_sp05_evidence_links.sql (14.39ms)
2026/10/07 12:08:16 OK   00030_sp05_recipe_fence.sql (11.63ms)
2026/10/07 12:08:16 OK   00031_sp05_rca_postcheck.sql (14.03ms)
2026/10/07 12:08:16 OK   00032_sp05_transport_audit.sql (4.61ms)
2026/10/07 12:08:16 OK   00033_sp05_poll_resolution_clock.sql (5.87ms)
2026/10/07 12:08:16 OK   00034_sp06_investigation_ledger.sql (55.64ms)
2026/10/07 12:08:16 OK   00035_sp06_admission_data_classes.sql (4.25ms)
2026/10/07 12:08:16 goose: successfully migrated database to version: 35
2026/10/07 12:08:16 OK   00001_roles_and_schemas.sql (68.51ms)
2026/10/07 12:08:16 goose: successfully migrated database to version: 1
2026/10/07 12:08:16 OK   00002_platform_meta.sql (55.55ms)
2026/10/07 12:08:16 OK   00003_finding.sql (13.31ms)
2026/10/07 12:08:16 OK   00004_incident.sql (13.16ms)
2026/10/07 12:08:16 OK   00005_investigation.sql (25.24ms)
2026/10/07 12:08:16 OK   00006_action_command.sql (16.98ms)
2026/10/07 12:08:17 OK   00007_audit.sql (15.81ms)
2026/10/07 12:08:17 OK   00008_rls.sql (20.92ms)
2026/10/07 12:08:17 OK   00009_idempotency_ledger.sql (22.61ms)
2026/10/07 12:08:17 OK   00010_tenant_provisioning.sql (13.96ms)
2026/10/07 12:08:17 OK   00011_source_registration_history.sql (21.02ms)
2026/10/07 12:08:17 OK   00012_config_registry_lifecycle.sql (40.44ms)
2026/10/07 12:08:17 OK   00013_audit_signed_segments.sql (63.04ms)
2026/10/07 12:08:17 OK   00014_audit_segment_predecessors.sql (27.25ms)
2026/10/07 12:08:17 OK   00015_source_schema_scope.sql (23.66ms)
2026/10/07 12:08:17 OK   00016_cluster_registration_metadata.sql (10.52ms)
2026/10/07 12:08:17 OK   00017_source_data_scope.sql (12.8ms)
2026/10/07 12:08:17 OK   00018_sp04_resources_evidence.sql (32.33ms)
2026/10/07 12:08:17 OK   00019_sp04_archive_ciphertext_bytes.sql (18.48ms)
2026/10/07 12:08:17 OK   00020_sp04_request_ledger.sql (9.75ms)
2026/10/07 12:08:17 OK   00021_sp04_archive_protection.sql (9.24ms)
2026/10/07 12:08:17 OK   00022_sp04_legal_hold_dependencies.sql (6.41ms)
2026/10/07 12:08:17 OK   00023_sp04_archive_query_intent.sql (19.02ms)
2026/10/07 12:08:17 OK   00024_sp05_finding_incident.sql (34.1ms)
2026/10/07 12:08:17 OK   00025_sp05_incident_event_time.sql (6.73ms)
2026/10/07 12:08:17 OK   00026_sp05_source_binding_lock.sql (7.26ms)
2026/10/07 12:08:17 OK   00027_sp05_rca_and_poll.sql (26.55ms)
2026/10/07 12:08:17 OK   00028_sp05_operator_lock.sql (20.87ms)
2026/10/07 12:08:17 OK   00029_sp05_evidence_links.sql (13.72ms)
2026/10/07 12:08:17 OK   00030_sp05_recipe_fence.sql (5.31ms)
2026/10/07 12:08:17 OK   00031_sp05_rca_postcheck.sql (4.94ms)
2026/10/07 12:08:17 OK   00032_sp05_transport_audit.sql (5.01ms)
2026/10/07 12:08:17 OK   00033_sp05_poll_resolution_clock.sql (7.55ms)
2026/10/07 12:08:17 OK   00034_sp06_investigation_ledger.sql (63.7ms)
2026/10/07 12:08:17 OK   00035_sp06_admission_data_classes.sql (5.95ms)
2026/10/07 12:08:17 goose: successfully migrated database to version: 35
2026/10/07 12:08:18 OK   00001_roles_and_schemas.sql (39.58ms)
2026/10/07 12:08:18 goose: successfully migrated database to version: 1
2026/10/07 12:08:18 OK   00002_platform_meta.sql (52.91ms)
2026/10/07 12:08:18 OK   00003_finding.sql (25.97ms)
2026/10/07 12:08:18 OK   00004_incident.sql (8.76ms)
2026/10/07 12:08:18 OK   00005_investigation.sql (13.52ms)
2026/10/07 12:08:18 OK   00006_action_command.sql (21.32ms)
2026/10/07 12:08:18 OK   00007_audit.sql (21.31ms)
2026/10/07 12:08:18 OK   00008_rls.sql (27.41ms)
2026/10/07 12:08:18 OK   00009_idempotency_ledger.sql (24.17ms)
2026/10/07 12:08:18 OK   00010_tenant_provisioning.sql (10.11ms)
2026/10/07 12:08:18 OK   00011_source_registration_history.sql (9.91ms)
2026/10/07 12:08:18 OK   00012_config_registry_lifecycle.sql (25.74ms)
2026/10/07 12:08:18 OK   00013_audit_signed_segments.sql (34ms)
2026/10/07 12:08:18 OK   00014_audit_segment_predecessors.sql (8.6ms)
2026/10/07 12:08:18 OK   00015_source_schema_scope.sql (6.31ms)
2026/10/07 12:08:18 OK   00016_cluster_registration_metadata.sql (16.04ms)
2026/10/07 12:08:18 OK   00017_source_data_scope.sql (19.01ms)
2026/10/07 12:08:18 OK   00018_sp04_resources_evidence.sql (29.48ms)
2026/10/07 12:08:18 OK   00019_sp04_archive_ciphertext_bytes.sql (4.59ms)
2026/10/07 12:08:18 OK   00020_sp04_request_ledger.sql (10.11ms)
2026/10/07 12:08:18 OK   00021_sp04_archive_protection.sql (5.97ms)
2026/10/07 12:08:18 OK   00022_sp04_legal_hold_dependencies.sql (11.88ms)
2026/10/07 12:08:18 OK   00023_sp04_archive_query_intent.sql (15.37ms)
2026/10/07 12:08:18 OK   00024_sp05_finding_incident.sql (40.73ms)
2026/10/07 12:08:18 OK   00025_sp05_incident_event_time.sql (11.76ms)
2026/10/07 12:08:18 OK   00026_sp05_source_binding_lock.sql (15.02ms)
2026/10/07 12:08:18 OK   00027_sp05_rca_and_poll.sql (10.99ms)
2026/10/07 12:08:18 OK   00028_sp05_operator_lock.sql (7.26ms)
2026/10/07 12:08:19 OK   00029_sp05_evidence_links.sql (16.48ms)
2026/10/07 12:08:19 OK   00030_sp05_recipe_fence.sql (8.29ms)
2026/10/07 12:08:19 OK   00031_sp05_rca_postcheck.sql (7.07ms)
2026/10/07 12:08:19 OK   00032_sp05_transport_audit.sql (10.31ms)
2026/10/07 12:08:19 OK   00033_sp05_poll_resolution_clock.sql (9.03ms)
2026/10/07 12:08:19 OK   00034_sp06_investigation_ledger.sql (27.45ms)
2026/10/07 12:08:19 OK   00035_sp06_admission_data_classes.sql (8.73ms)
2026/10/07 12:08:19 goose: successfully migrated database to version: 35
2026/10/07 12:08:35 OK   00001_roles_and_schemas.sql (21.34ms)
2026/10/07 12:08:35 goose: successfully migrated database to version: 1
2026/10/07 12:08:35 OK   00002_platform_meta.sql (101.24ms)
2026/10/07 12:08:35 OK   00003_finding.sql (43.1ms)
2026/10/07 12:08:35 OK   00004_incident.sql (17.24ms)
2026/10/07 12:08:35 OK   00005_investigation.sql (10.94ms)
2026/10/07 12:08:35 OK   00006_action_command.sql (10.08ms)
2026/10/07 12:08:35 OK   00007_audit.sql (41ms)
2026/10/07 12:08:35 OK   00008_rls.sql (25.06ms)
2026/10/07 12:08:35 OK   00009_idempotency_ledger.sql (10.38ms)
2026/10/07 12:08:35 OK   00010_tenant_provisioning.sql (7.79ms)
2026/10/07 12:08:35 OK   00011_source_registration_history.sql (44.55ms)
2026/10/07 12:08:35 OK   00012_config_registry_lifecycle.sql (22.97ms)
2026/10/07 12:08:35 OK   00013_audit_signed_segments.sql (22.96ms)
2026/10/07 12:08:35 OK   00014_audit_segment_predecessors.sql (11.74ms)
2026/10/07 12:08:35 OK   00015_source_schema_scope.sql (6.53ms)
2026/10/07 12:08:35 OK   00016_cluster_registration_metadata.sql (10.86ms)
2026/10/07 12:08:35 OK   00017_source_data_scope.sql (10.7ms)
2026/10/07 12:08:35 OK   00018_sp04_resources_evidence.sql (27.93ms)
2026/10/07 12:08:35 OK   00019_sp04_archive_ciphertext_bytes.sql (5.76ms)
2026/10/07 12:08:35 OK   00020_sp04_request_ledger.sql (10.65ms)
2026/10/07 12:08:35 OK   00021_sp04_archive_protection.sql (7.8ms)
2026/10/07 12:08:35 OK   00022_sp04_legal_hold_dependencies.sql (7.42ms)
2026/10/07 12:08:35 OK   00023_sp04_archive_query_intent.sql (5.8ms)
2026/10/07 12:08:35 OK   00024_sp05_finding_incident.sql (40.69ms)
2026/10/07 12:08:35 OK   00025_sp05_incident_event_time.sql (5.21ms)
2026/10/07 12:08:35 OK   00026_sp05_source_binding_lock.sql (7.83ms)
2026/10/07 12:08:35 OK   00027_sp05_rca_and_poll.sql (21.07ms)
2026/10/07 12:08:35 OK   00028_sp05_operator_lock.sql (10.2ms)
2026/10/07 12:08:35 OK   00029_sp05_evidence_links.sql (8.32ms)
2026/10/07 12:08:35 OK   00030_sp05_recipe_fence.sql (4.19ms)
2026/10/07 12:08:35 OK   00031_sp05_rca_postcheck.sql (5.5ms)
2026/10/07 12:08:35 OK   00032_sp05_transport_audit.sql (10.79ms)
2026/10/07 12:08:35 OK   00033_sp05_poll_resolution_clock.sql (10.75ms)
2026/10/07 12:08:35 OK   00034_sp06_investigation_ledger.sql (51.99ms)
2026/10/07 12:08:35 OK   00035_sp06_admission_data_classes.sql (13.46ms)
2026/10/07 12:08:35 goose: successfully migrated database to version: 35
2026/10/07 12:08:38 OK   00001_roles_and_schemas.sql (32.99ms)
2026/10/07 12:08:38 goose: successfully migrated database to version: 1
2026/10/07 12:08:38 OK   00002_platform_meta.sql (57.67ms)
2026/10/07 12:08:38 OK   00003_finding.sql (23.57ms)
2026/10/07 12:08:38 OK   00004_incident.sql (41.4ms)
2026/10/07 12:08:38 OK   00005_investigation.sql (33.76ms)
2026/10/07 12:08:38 OK   00006_action_command.sql (45.73ms)
2026/10/07 12:08:38 OK   00007_audit.sql (28.16ms)
2026/10/07 12:08:38 OK   00008_rls.sql (67.19ms)
2026/10/07 12:08:38 OK   00009_idempotency_ledger.sql (18.98ms)
2026/10/07 12:08:38 OK   00010_tenant_provisioning.sql (19.03ms)
2026/10/07 12:08:38 OK   00011_source_registration_history.sql (17.58ms)
2026/10/07 12:08:38 OK   00012_config_registry_lifecycle.sql (28.3ms)
2026/10/07 12:08:38 OK   00013_audit_signed_segments.sql (35.98ms)
2026/10/07 12:08:38 OK   00014_audit_segment_predecessors.sql (12.83ms)
2026/10/07 12:08:38 OK   00015_source_schema_scope.sql (6.62ms)
2026/10/07 12:08:38 OK   00016_cluster_registration_metadata.sql (15ms)
2026/10/07 12:08:38 OK   00017_source_data_scope.sql (11.71ms)
2026/10/07 12:08:38 OK   00018_sp04_resources_evidence.sql (43.44ms)
2026/10/07 12:08:38 OK   00019_sp04_archive_ciphertext_bytes.sql (18.1ms)
2026/10/07 12:08:38 OK   00020_sp04_request_ledger.sql (10.55ms)
2026/10/07 12:08:38 OK   00021_sp04_archive_protection.sql (10.18ms)
2026/10/07 12:08:38 OK   00022_sp04_legal_hold_dependencies.sql (9.5ms)
2026/10/07 12:08:38 OK   00023_sp04_archive_query_intent.sql (17.97ms)
2026/10/07 12:08:38 OK   00024_sp05_finding_incident.sql (44.29ms)
2026/10/07 12:08:38 OK   00025_sp05_incident_event_time.sql (6.33ms)
2026/10/07 12:08:38 OK   00026_sp05_source_binding_lock.sql (8.84ms)
2026/10/07 12:08:38 OK   00027_sp05_rca_and_poll.sql (21.45ms)
2026/10/07 12:08:38 OK   00028_sp05_operator_lock.sql (9.22ms)
2026/10/07 12:08:38 OK   00029_sp05_evidence_links.sql (11.52ms)
2026/10/07 12:08:38 OK   00030_sp05_recipe_fence.sql (6.81ms)
2026/10/07 12:08:38 OK   00031_sp05_rca_postcheck.sql (6.46ms)
2026/10/07 12:08:38 OK   00032_sp05_transport_audit.sql (3.85ms)
2026/10/07 12:08:38 OK   00033_sp05_poll_resolution_clock.sql (4.59ms)
2026/10/07 12:08:38 OK   00034_sp06_investigation_ledger.sql (83.26ms)
2026/10/07 12:08:38 OK   00035_sp06_admission_data_classes.sql (11.47ms)
2026/10/07 12:08:38 goose: successfully migrated database to version: 35
2026/10/07 12:09:04 OK   00001_roles_and_schemas.sql (17.28ms)
2026/10/07 12:09:04 goose: successfully migrated database to version: 1
2026/10/07 12:09:04 OK   00002_platform_meta.sql (43.42ms)
2026/10/07 12:09:04 OK   00003_finding.sql (12.86ms)
2026/10/07 12:09:04 OK   00004_incident.sql (9.06ms)
2026/10/07 12:09:04 OK   00005_investigation.sql (11.16ms)
2026/10/07 12:09:04 OK   00006_action_command.sql (25.69ms)
2026/10/07 12:09:04 OK   00007_audit.sql (23.91ms)
2026/10/07 12:09:04 OK   00008_rls.sql (25.51ms)
2026/10/07 12:09:04 OK   00009_idempotency_ledger.sql (15.25ms)
2026/10/07 12:09:04 OK   00010_tenant_provisioning.sql (9.63ms)
2026/10/07 12:09:04 OK   00011_source_registration_history.sql (24.19ms)
2026/10/07 12:09:04 OK   00012_config_registry_lifecycle.sql (26.6ms)
2026/10/07 12:09:04 OK   00013_audit_signed_segments.sql (34.73ms)
2026/10/07 12:09:04 OK   00014_audit_segment_predecessors.sql (16.01ms)
2026/10/07 12:09:04 OK   00015_source_schema_scope.sql (12.2ms)
2026/10/07 12:09:04 OK   00016_cluster_registration_metadata.sql (9.63ms)
2026/10/07 12:09:04 OK   00017_source_data_scope.sql (60.03ms)
2026/10/07 12:09:04 OK   00018_sp04_resources_evidence.sql (82.73ms)
2026/10/07 12:09:04 OK   00019_sp04_archive_ciphertext_bytes.sql (4.59ms)
2026/10/07 12:09:04 OK   00020_sp04_request_ledger.sql (7.11ms)
2026/10/07 12:09:04 OK   00021_sp04_archive_protection.sql (5.61ms)
2026/10/07 12:09:04 OK   00022_sp04_legal_hold_dependencies.sql (10.97ms)
2026/10/07 12:09:04 OK   00023_sp04_archive_query_intent.sql (8.19ms)
2026/10/07 12:09:04 OK   00024_sp05_finding_incident.sql (43.02ms)
2026/10/07 12:09:04 OK   00025_sp05_incident_event_time.sql (6.84ms)
2026/10/07 12:09:04 OK   00026_sp05_source_binding_lock.sql (7.06ms)
2026/10/07 12:09:05 OK   00027_sp05_rca_and_poll.sql (34.16ms)
2026/10/07 12:09:05 OK   00028_sp05_operator_lock.sql (4.63ms)
2026/10/07 12:09:05 OK   00029_sp05_evidence_links.sql (9.87ms)
2026/10/07 12:09:05 OK   00030_sp05_recipe_fence.sql (12.28ms)
2026/10/07 12:09:05 OK   00031_sp05_rca_postcheck.sql (9.99ms)
2026/10/07 12:09:05 OK   00032_sp05_transport_audit.sql (8.81ms)
2026/10/07 12:09:05 OK   00033_sp05_poll_resolution_clock.sql (8.97ms)
2026/10/07 12:09:05 OK   00034_sp06_investigation_ledger.sql (61.19ms)
2026/10/07 12:09:05 OK   00035_sp06_admission_data_classes.sql (6.4ms)
2026/10/07 12:09:05 goose: successfully migrated database to version: 35
2026/10/07 12:09:10 OK   00001_roles_and_schemas.sql (23.79ms)
2026/10/07 12:09:10 goose: successfully migrated database to version: 1
2026/10/07 12:09:10 OK   00002_platform_meta.sql (46.86ms)
2026/10/07 12:09:10 OK   00003_finding.sql (32.22ms)
2026/10/07 12:09:10 OK   00004_incident.sql (20.2ms)
2026/10/07 12:09:10 OK   00005_investigation.sql (20.79ms)
2026/10/07 12:09:10 OK   00006_action_command.sql (28.41ms)
2026/10/07 12:09:10 OK   00007_audit.sql (24.83ms)
2026/10/07 12:09:10 OK   00008_rls.sql (26.68ms)
2026/10/07 12:09:10 OK   00009_idempotency_ledger.sql (31.96ms)
2026/10/07 12:09:10 OK   00010_tenant_provisioning.sql (8.34ms)
2026/10/07 12:09:10 OK   00011_source_registration_history.sql (47.9ms)
2026/10/07 12:09:11 OK   00012_config_registry_lifecycle.sql (26ms)
2026/10/07 12:09:11 OK   00013_audit_signed_segments.sql (39.65ms)
2026/10/07 12:09:11 OK   00014_audit_segment_predecessors.sql (22.2ms)
2026/10/07 12:09:11 OK   00015_source_schema_scope.sql (27.44ms)
2026/10/07 12:09:11 OK   00016_cluster_registration_metadata.sql (8.19ms)
2026/10/07 12:09:11 OK   00017_source_data_scope.sql (13.41ms)
2026/10/07 12:09:11 OK   00018_sp04_resources_evidence.sql (29.06ms)
2026/10/07 12:09:11 OK   00019_sp04_archive_ciphertext_bytes.sql (20.33ms)
2026/10/07 12:09:11 OK   00020_sp04_request_ledger.sql (9.35ms)
2026/10/07 12:09:11 OK   00021_sp04_archive_protection.sql (9.99ms)
2026/10/07 12:09:11 OK   00022_sp04_legal_hold_dependencies.sql (5.91ms)
2026/10/07 12:09:11 OK   00023_sp04_archive_query_intent.sql (8.24ms)
2026/10/07 12:09:11 OK   00024_sp05_finding_incident.sql (63.2ms)
2026/10/07 12:09:11 OK   00025_sp05_incident_event_time.sql (8.32ms)
2026/10/07 12:09:11 OK   00026_sp05_source_binding_lock.sql (11.32ms)
2026/10/07 12:09:11 OK   00027_sp05_rca_and_poll.sql (41.06ms)
2026/10/07 12:09:11 OK   00028_sp05_operator_lock.sql (22.07ms)
2026/10/07 12:09:11 OK   00029_sp05_evidence_links.sql (17.29ms)
2026/10/07 12:09:11 OK   00030_sp05_recipe_fence.sql (12.5ms)
2026/10/07 12:09:11 OK   00031_sp05_rca_postcheck.sql (11.93ms)
2026/10/07 12:09:11 OK   00032_sp05_transport_audit.sql (37.49ms)
2026/10/07 12:09:11 OK   00033_sp05_poll_resolution_clock.sql (7.66ms)
2026/10/07 12:09:11 OK   00034_sp06_investigation_ledger.sql (65.72ms)
2026/10/07 12:09:11 OK   00035_sp06_admission_data_classes.sql (12.35ms)
2026/10/07 12:09:11 goose: successfully migrated database to version: 35
2026/10/07 12:09:12 OK   00001_roles_and_schemas.sql (20.21ms)
2026/10/07 12:09:12 goose: successfully migrated database to version: 1
2026/10/07 12:09:12 OK   00002_platform_meta.sql (31.65ms)
2026/10/07 12:09:12 OK   00003_finding.sql (22.73ms)
2026/10/07 12:09:12 OK   00004_incident.sql (13.41ms)
2026/10/07 12:09:12 OK   00005_investigation.sql (12.5ms)
2026/10/07 12:09:12 OK   00006_action_command.sql (13.41ms)
2026/10/07 12:09:12 OK   00007_audit.sql (26.35ms)
2026/10/07 12:09:12 OK   00008_rls.sql (13.67ms)
2026/10/07 12:09:12 OK   00009_idempotency_ledger.sql (15.43ms)
2026/10/07 12:09:12 OK   00010_tenant_provisioning.sql (10.84ms)
2026/10/07 12:09:12 OK   00011_source_registration_history.sql (23.35ms)
2026/10/07 12:09:12 OK   00012_config_registry_lifecycle.sql (17.99ms)
2026/10/07 12:09:12 OK   00013_audit_signed_segments.sql (31.97ms)
2026/10/07 12:09:12 OK   00014_audit_segment_predecessors.sql (26ms)
2026/10/07 12:09:12 OK   00015_source_schema_scope.sql (4.84ms)
2026/10/07 12:09:12 OK   00016_cluster_registration_metadata.sql (9.8ms)
2026/10/07 12:09:12 OK   00017_source_data_scope.sql (4.14ms)
2026/10/07 12:09:12 OK   00018_sp04_resources_evidence.sql (18.54ms)
2026/10/07 12:09:12 OK   00019_sp04_archive_ciphertext_bytes.sql (10.33ms)
2026/10/07 12:09:12 OK   00020_sp04_request_ledger.sql (27.37ms)
2026/10/07 12:09:12 OK   00021_sp04_archive_protection.sql (6.67ms)
2026/10/07 12:09:12 OK   00022_sp04_legal_hold_dependencies.sql (4.1ms)
2026/10/07 12:09:12 OK   00023_sp04_archive_query_intent.sql (3.14ms)
2026/10/07 12:09:12 OK   00024_sp05_finding_incident.sql (52.84ms)
2026/10/07 12:09:12 OK   00025_sp05_incident_event_time.sql (2.73ms)
2026/10/07 12:09:12 OK   00026_sp05_source_binding_lock.sql (3.16ms)
2026/10/07 12:09:12 OK   00027_sp05_rca_and_poll.sql (7.79ms)
2026/10/07 12:09:12 OK   00028_sp05_operator_lock.sql (3.19ms)
2026/10/07 12:09:13 OK   00029_sp05_evidence_links.sql (10.88ms)
2026/10/07 12:09:13 OK   00030_sp05_recipe_fence.sql (8.93ms)
2026/10/07 12:09:13 OK   00031_sp05_rca_postcheck.sql (13ms)
2026/10/07 12:09:13 OK   00032_sp05_transport_audit.sql (8.9ms)
2026/10/07 12:09:13 OK   00033_sp05_poll_resolution_clock.sql (3.64ms)
2026/10/07 12:09:13 OK   00034_sp06_investigation_ledger.sql (44.6ms)
2026/10/07 12:09:13 OK   00035_sp06_admission_data_classes.sql (4.02ms)
2026/10/07 12:09:13 goose: successfully migrated database to version: 35
2026/10/07 12:09:13 OK   00001_roles_and_schemas.sql (33.91ms)
2026/10/07 12:09:13 goose: successfully migrated database to version: 1
2026/10/07 12:09:13 OK   00002_platform_meta.sql (35.97ms)
2026/10/07 12:09:13 OK   00003_finding.sql (48.97ms)
2026/10/07 12:09:13 OK   00004_incident.sql (6.89ms)
2026/10/07 12:09:13 OK   00005_investigation.sql (20.94ms)
2026/10/07 12:09:13 OK   00006_action_command.sql (15.61ms)
2026/10/07 12:09:13 OK   00007_audit.sql (27.28ms)
2026/10/07 12:09:13 OK   00008_rls.sql (16.48ms)
2026/10/07 12:09:14 OK   00009_idempotency_ledger.sql (32.98ms)
2026/10/07 12:09:14 OK   00010_tenant_provisioning.sql (13.21ms)
2026/10/07 12:09:14 OK   00011_source_registration_history.sql (26.89ms)
2026/10/07 12:09:14 OK   00012_config_registry_lifecycle.sql (38.91ms)
2026/10/07 12:09:14 OK   00013_audit_signed_segments.sql (39.88ms)
2026/10/07 12:09:14 OK   00014_audit_segment_predecessors.sql (20.45ms)
2026/10/07 12:09:14 OK   00015_source_schema_scope.sql (14.16ms)
2026/10/07 12:09:14 OK   00016_cluster_registration_metadata.sql (14.09ms)
2026/10/07 12:09:14 OK   00017_source_data_scope.sql (8.06ms)
2026/10/07 12:09:14 OK   00018_sp04_resources_evidence.sql (39.38ms)
2026/10/07 12:09:14 OK   00019_sp04_archive_ciphertext_bytes.sql (5.06ms)
2026/10/07 12:09:14 OK   00020_sp04_request_ledger.sql (18.62ms)
2026/10/07 12:09:14 OK   00021_sp04_archive_protection.sql (15.11ms)
2026/10/07 12:09:14 OK   00022_sp04_legal_hold_dependencies.sql (15.74ms)
2026/10/07 12:09:14 OK   00023_sp04_archive_query_intent.sql (15.17ms)
2026/10/07 12:09:14 OK   00024_sp05_finding_incident.sql (59.89ms)
2026/10/07 12:09:14 OK   00025_sp05_incident_event_time.sql (3.87ms)
2026/10/07 12:09:14 OK   00026_sp05_source_binding_lock.sql (10.24ms)
2026/10/07 12:09:14 OK   00027_sp05_rca_and_poll.sql (25.39ms)
2026/10/07 12:09:14 OK   00028_sp05_operator_lock.sql (10.66ms)
2026/10/07 12:09:14 OK   00029_sp05_evidence_links.sql (13.8ms)
2026/10/07 12:09:14 OK   00030_sp05_recipe_fence.sql (9.63ms)
2026/10/07 12:09:14 OK   00031_sp05_rca_postcheck.sql (10.05ms)
2026/10/07 12:09:14 OK   00032_sp05_transport_audit.sql (7.22ms)
2026/10/07 12:09:14 OK   00033_sp05_poll_resolution_clock.sql (15.46ms)
2026/10/07 12:09:14 OK   00034_sp06_investigation_ledger.sql (46.98ms)
2026/10/07 12:09:14 OK   00035_sp06_admission_data_classes.sql (10.87ms)
2026/10/07 12:09:14 goose: successfully migrated database to version: 35
2026/10/07 12:09:32 OK   00001_roles_and_schemas.sql (33.66ms)
2026/10/07 12:09:32 goose: successfully migrated database to version: 1
2026/10/07 12:09:32 OK   00002_platform_meta.sql (64.34ms)
2026/10/07 12:09:32 OK   00003_finding.sql (33.51ms)
2026/10/07 12:09:32 OK   00004_incident.sql (28.46ms)
2026/10/07 12:09:32 OK   00005_investigation.sql (13.54ms)
2026/10/07 12:09:32 OK   00006_action_command.sql (43.74ms)
2026/10/07 12:09:32 OK   00007_audit.sql (19.22ms)
2026/10/07 12:09:32 OK   00008_rls.sql (18.2ms)
2026/10/07 12:09:32 OK   00009_idempotency_ledger.sql (14.79ms)
2026/10/07 12:09:32 OK   00010_tenant_provisioning.sql (9ms)
2026/10/07 12:09:32 OK   00011_source_registration_history.sql (25.32ms)
2026/10/07 12:09:32 OK   00012_config_registry_lifecycle.sql (18.75ms)
2026/10/07 12:09:32 OK   00013_audit_signed_segments.sql (50.89ms)
2026/10/07 12:09:32 OK   00014_audit_segment_predecessors.sql (9.83ms)
2026/10/07 12:09:32 OK   00015_source_schema_scope.sql (37.88ms)
2026/10/07 12:09:32 OK   00016_cluster_registration_metadata.sql (14.51ms)
2026/10/07 12:09:32 OK   00017_source_data_scope.sql (5.91ms)
2026/10/07 12:09:32 OK   00018_sp04_resources_evidence.sql (29.47ms)
2026/10/07 12:09:32 OK   00019_sp04_archive_ciphertext_bytes.sql (8.75ms)
2026/10/07 12:09:32 OK   00020_sp04_request_ledger.sql (14.02ms)
2026/10/07 12:09:32 OK   00021_sp04_archive_protection.sql (11.66ms)
2026/10/07 12:09:32 OK   00022_sp04_legal_hold_dependencies.sql (4.6ms)
2026/10/07 12:09:32 OK   00023_sp04_archive_query_intent.sql (3.57ms)
2026/10/07 12:09:32 OK   00024_sp05_finding_incident.sql (47.52ms)
2026/10/07 12:09:32 OK   00025_sp05_incident_event_time.sql (17.93ms)
2026/10/07 12:09:32 OK   00026_sp05_source_binding_lock.sql (5.67ms)
2026/10/07 12:09:32 OK   00027_sp05_rca_and_poll.sql (15.74ms)
2026/10/07 12:09:32 OK   00028_sp05_operator_lock.sql (8.96ms)
2026/10/07 12:09:32 OK   00029_sp05_evidence_links.sql (19.43ms)
2026/10/07 12:09:32 OK   00030_sp05_recipe_fence.sql (8.52ms)
2026/10/07 12:09:32 OK   00031_sp05_rca_postcheck.sql (7.15ms)
2026/10/07 12:09:32 OK   00032_sp05_transport_audit.sql (18ms)
2026/10/07 12:09:32 OK   00033_sp05_poll_resolution_clock.sql (9.33ms)
2026/10/07 12:09:32 OK   00034_sp06_investigation_ledger.sql (62.87ms)
2026/10/07 12:09:32 OK   00035_sp06_admission_data_classes.sql (11.08ms)
2026/10/07 12:09:32 goose: successfully migrated database to version: 35
2026/10/07 12:09:50 OK   00001_roles_and_schemas.sql (44.03ms)
2026/10/07 12:09:50 goose: successfully migrated database to version: 1
2026/10/07 12:09:50 OK   00002_platform_meta.sql (60.12ms)
2026/10/07 12:09:50 OK   00003_finding.sql (18.17ms)
2026/10/07 12:09:50 OK   00004_incident.sql (21.48ms)
2026/10/07 12:09:50 OK   00005_investigation.sql (25.26ms)
2026/10/07 12:09:50 OK   00006_action_command.sql (21.47ms)
2026/10/07 12:09:50 OK   00007_audit.sql (11.36ms)
2026/10/07 12:09:50 OK   00008_rls.sql (9.96ms)
2026/10/07 12:09:50 OK   00009_idempotency_ledger.sql (17.52ms)
2026/10/07 12:09:50 OK   00010_tenant_provisioning.sql (8.24ms)
2026/10/07 12:09:50 OK   00011_source_registration_history.sql (13.12ms)
2026/10/07 12:09:50 OK   00012_config_registry_lifecycle.sql (20.79ms)
2026/10/07 12:09:50 OK   00013_audit_signed_segments.sql (14.92ms)
2026/10/07 12:09:50 OK   00014_audit_segment_predecessors.sql (7.08ms)
2026/10/07 12:09:50 OK   00015_source_schema_scope.sql (3.94ms)
2026/10/07 12:09:50 OK   00016_cluster_registration_metadata.sql (5.56ms)
2026/10/07 12:09:50 OK   00017_source_data_scope.sql (11.49ms)
2026/10/07 12:09:50 OK   00018_sp04_resources_evidence.sql (40.6ms)
2026/10/07 12:09:50 OK   00019_sp04_archive_ciphertext_bytes.sql (4.04ms)
2026/10/07 12:09:50 OK   00020_sp04_request_ledger.sql (12.97ms)
2026/10/07 12:09:50 OK   00021_sp04_archive_protection.sql (21.07ms)
2026/10/07 12:09:50 OK   00022_sp04_legal_hold_dependencies.sql (15.08ms)
2026/10/07 12:09:50 OK   00023_sp04_archive_query_intent.sql (5.92ms)
2026/10/07 12:09:50 OK   00024_sp05_finding_incident.sql (68.05ms)
2026/10/07 12:09:50 OK   00025_sp05_incident_event_time.sql (4.05ms)
2026/10/07 12:09:50 OK   00026_sp05_source_binding_lock.sql (4.44ms)
2026/10/07 12:09:50 OK   00027_sp05_rca_and_poll.sql (17.15ms)
2026/10/07 12:09:50 OK   00028_sp05_operator_lock.sql (20.6ms)
2026/10/07 12:09:50 OK   00029_sp05_evidence_links.sql (14.49ms)
2026/10/07 12:09:50 OK   00030_sp05_recipe_fence.sql (7.59ms)
2026/10/07 12:09:50 OK   00031_sp05_rca_postcheck.sql (5.3ms)
2026/10/07 12:09:50 OK   00032_sp05_transport_audit.sql (4.19ms)
2026/10/07 12:09:50 OK   00033_sp05_poll_resolution_clock.sql (4.82ms)
2026/10/07 12:09:51 OK   00034_sp06_investigation_ledger.sql (59.24ms)
2026/10/07 12:09:51 OK   00035_sp06_admission_data_classes.sql (5.1ms)
2026/10/07 12:09:51 goose: successfully migrated database to version: 35
2026/10/07 12:10:13 OK   00001_roles_and_schemas.sql (32.75ms)
2026/10/07 12:10:13 goose: successfully migrated database to version: 1
2026/10/07 12:10:13 OK   00002_platform_meta.sql (87.72ms)
2026/10/07 12:10:13 OK   00003_finding.sql (21.52ms)
2026/10/07 12:10:13 OK   00004_incident.sql (49.68ms)
2026/10/07 12:10:13 OK   00005_investigation.sql (13.19ms)
2026/10/07 12:10:13 OK   00006_action_command.sql (8.21ms)
2026/10/07 12:10:13 OK   00007_audit.sql (23.57ms)
2026/10/07 12:10:13 OK   00008_rls.sql (18.99ms)
2026/10/07 12:10:13 OK   00009_idempotency_ledger.sql (19.55ms)
2026/10/07 12:10:13 OK   00010_tenant_provisioning.sql (8.69ms)
2026/10/07 12:10:13 OK   00011_source_registration_history.sql (22.93ms)
2026/10/07 12:10:13 OK   00012_config_registry_lifecycle.sql (67.82ms)
2026/10/07 12:10:13 OK   00013_audit_signed_segments.sql (17.77ms)
2026/10/07 12:10:13 OK   00014_audit_segment_predecessors.sql (23.1ms)
2026/10/07 12:10:13 OK   00015_source_schema_scope.sql (42.99ms)
2026/10/07 12:10:13 OK   00016_cluster_registration_metadata.sql (26.59ms)
2026/10/07 12:10:13 OK   00017_source_data_scope.sql (33.73ms)
2026/10/07 12:10:13 OK   00018_sp04_resources_evidence.sql (120.93ms)
2026/10/07 12:10:13 OK   00019_sp04_archive_ciphertext_bytes.sql (13.57ms)
2026/10/07 12:10:13 OK   00020_sp04_request_ledger.sql (43.43ms)
2026/10/07 12:10:13 OK   00021_sp04_archive_protection.sql (7.73ms)
2026/10/07 12:10:13 OK   00022_sp04_legal_hold_dependencies.sql (5.68ms)
2026/10/07 12:10:13 OK   00023_sp04_archive_query_intent.sql (58.91ms)
2026/10/07 12:10:13 OK   00024_sp05_finding_incident.sql (81.85ms)
2026/10/07 12:10:13 OK   00025_sp05_incident_event_time.sql (23.58ms)
2026/10/07 12:10:13 OK   00026_sp05_source_binding_lock.sql (25.39ms)
2026/10/07 12:10:13 OK   00027_sp05_rca_and_poll.sql (27.73ms)
2026/10/07 12:10:14 OK   00028_sp05_operator_lock.sql (35ms)
2026/10/07 12:10:14 OK   00029_sp05_evidence_links.sql (15.78ms)
2026/10/07 12:10:14 OK   00030_sp05_recipe_fence.sql (5.43ms)
2026/10/07 12:10:14 OK   00031_sp05_rca_postcheck.sql (17.27ms)
2026/10/07 12:10:14 OK   00032_sp05_transport_audit.sql (22.98ms)
2026/10/07 12:10:14 OK   00033_sp05_poll_resolution_clock.sql (15.79ms)
2026/10/07 12:10:14 OK   00034_sp06_investigation_ledger.sql (51.64ms)
2026/10/07 12:10:14 OK   00035_sp06_admission_data_classes.sql (9.52ms)
2026/10/07 12:10:14 goose: successfully migrated database to version: 35
2026/10/07 12:10:34 OK   00001_roles_and_schemas.sql (69.56ms)
2026/10/07 12:10:34 goose: successfully migrated database to version: 1
2026/10/07 12:10:34 OK   00002_platform_meta.sql (87.63ms)
2026/10/07 12:10:34 OK   00003_finding.sql (36.01ms)
2026/10/07 12:10:34 OK   00004_incident.sql (88.86ms)
2026/10/07 12:10:34 OK   00005_investigation.sql (39.35ms)
2026/10/07 12:10:34 OK   00006_action_command.sql (15.99ms)
2026/10/07 12:10:34 OK   00007_audit.sql (111.4ms)
2026/10/07 12:10:35 OK   00008_rls.sql (114.62ms)
2026/10/07 12:10:35 OK   00009_idempotency_ledger.sql (172.25ms)
2026/10/07 12:10:35 OK   00010_tenant_provisioning.sql (129.56ms)
2026/10/07 12:10:35 OK   00011_source_registration_history.sql (164.96ms)
2026/10/07 12:10:35 OK   00012_config_registry_lifecycle.sql (48.09ms)
2026/10/07 12:10:35 OK   00013_audit_signed_segments.sql (29.98ms)
2026/10/07 12:10:35 OK   00014_audit_segment_predecessors.sql (28.98ms)
2026/10/07 12:10:35 OK   00015_source_schema_scope.sql (6.81ms)
2026/10/07 12:10:35 OK   00016_cluster_registration_metadata.sql (14.31ms)
2026/10/07 12:10:35 OK   00017_source_data_scope.sql (25.69ms)
2026/10/07 12:10:35 OK   00018_sp04_resources_evidence.sql (83.01ms)
2026/10/07 12:10:35 OK   00019_sp04_archive_ciphertext_bytes.sql (15.26ms)
2026/10/07 12:10:35 OK   00020_sp04_request_ledger.sql (34.83ms)
2026/10/07 12:10:35 OK   00021_sp04_archive_protection.sql (7.76ms)
2026/10/07 12:10:35 OK   00022_sp04_legal_hold_dependencies.sql (5.75ms)
2026/10/07 12:10:35 OK   00023_sp04_archive_query_intent.sql (8.27ms)
2026/10/07 12:10:36 OK   00024_sp05_finding_incident.sql (135.45ms)
2026/10/07 12:10:36 OK   00025_sp05_incident_event_time.sql (48.55ms)
2026/10/07 12:10:36 OK   00026_sp05_source_binding_lock.sql (20.43ms)
2026/10/07 12:10:36 OK   00027_sp05_rca_and_poll.sql (137.73ms)
2026/10/07 12:10:36 OK   00028_sp05_operator_lock.sql (126.72ms)
2026/10/07 12:10:36 OK   00029_sp05_evidence_links.sql (178.49ms)
2026/10/07 12:10:36 OK   00030_sp05_recipe_fence.sql (214.26ms)
2026/10/07 12:10:36 OK   00031_sp05_rca_postcheck.sql (52.94ms)
2026/10/07 12:10:36 OK   00032_sp05_transport_audit.sql (43.32ms)
2026/10/07 12:10:36 OK   00033_sp05_poll_resolution_clock.sql (10.89ms)
2026/10/07 12:10:36 OK   00034_sp06_investigation_ledger.sql (102.08ms)
2026/10/07 12:10:36 OK   00035_sp06_admission_data_classes.sql (11.34ms)
2026/10/07 12:10:36 goose: successfully migrated database to version: 35
2026/10/07 12:11:00 OK   00001_roles_and_schemas.sql (31.28ms)
2026/10/07 12:11:00 goose: successfully migrated database to version: 1
2026/10/07 12:11:00 OK   00002_platform_meta.sql (88.04ms)
2026/10/07 12:11:00 OK   00003_finding.sql (39.05ms)
2026/10/07 12:11:00 OK   00004_incident.sql (22.43ms)
2026/10/07 12:11:00 OK   00005_investigation.sql (10.11ms)
2026/10/07 12:11:00 OK   00006_action_command.sql (16.86ms)
2026/10/07 12:11:00 OK   00007_audit.sql (112.05ms)
2026/10/07 12:11:00 OK   00008_rls.sql (86.57ms)
2026/10/07 12:11:00 OK   00009_idempotency_ledger.sql (27.6ms)
2026/10/07 12:11:00 OK   00010_tenant_provisioning.sql (14.69ms)
2026/10/07 12:11:00 OK   00011_source_registration_history.sql (29.67ms)
2026/10/07 12:11:00 OK   00012_config_registry_lifecycle.sql (24.42ms)
2026/10/07 12:11:00 OK   00013_audit_signed_segments.sql (30.63ms)
2026/10/07 12:11:00 OK   00014_audit_segment_predecessors.sql (14.13ms)
2026/10/07 12:11:00 OK   00015_source_schema_scope.sql (10.67ms)
2026/10/07 12:11:00 OK   00016_cluster_registration_metadata.sql (16.29ms)
2026/10/07 12:11:00 OK   00017_source_data_scope.sql (9.32ms)
2026/10/07 12:11:00 OK   00018_sp04_resources_evidence.sql (53.1ms)
2026/10/07 12:11:00 OK   00019_sp04_archive_ciphertext_bytes.sql (36.99ms)
2026/10/07 12:11:00 OK   00020_sp04_request_ledger.sql (16.36ms)
2026/10/07 12:11:00 OK   00021_sp04_archive_protection.sql (18.34ms)
2026/10/07 12:11:00 OK   00022_sp04_legal_hold_dependencies.sql (41.97ms)
2026/10/07 12:11:00 OK   00023_sp04_archive_query_intent.sql (6.94ms)
2026/10/07 12:11:00 OK   00024_sp05_finding_incident.sql (61.24ms)
2026/10/07 12:11:01 OK   00025_sp05_incident_event_time.sql (13.31ms)
2026/10/07 12:11:01 OK   00026_sp05_source_binding_lock.sql (7.33ms)
2026/10/07 12:11:01 OK   00027_sp05_rca_and_poll.sql (16.35ms)
2026/10/07 12:11:01 OK   00028_sp05_operator_lock.sql (5.51ms)
2026/10/07 12:11:01 OK   00029_sp05_evidence_links.sql (14.47ms)
2026/10/07 12:11:01 OK   00030_sp05_recipe_fence.sql (6.28ms)
2026/10/07 12:11:01 OK   00031_sp05_rca_postcheck.sql (4.26ms)
2026/10/07 12:11:01 OK   00032_sp05_transport_audit.sql (4.88ms)
2026/10/07 12:11:01 OK   00033_sp05_poll_resolution_clock.sql (6.45ms)
2026/10/07 12:11:01 OK   00034_sp06_investigation_ledger.sql (53.66ms)
2026/10/07 12:11:01 OK   00035_sp06_admission_data_classes.sql (24.98ms)
2026/10/07 12:11:01 goose: successfully migrated database to version: 35
2026/10/07 12:11:19 OK   00001_roles_and_schemas.sql (60.49ms)
2026/10/07 12:11:19 goose: successfully migrated database to version: 1
2026/10/07 12:11:19 OK   00002_platform_meta.sql (99.11ms)
2026/10/07 12:11:19 OK   00003_finding.sql (23.45ms)
2026/10/07 12:11:19 OK   00004_incident.sql (20.61ms)
2026/10/07 12:11:19 OK   00005_investigation.sql (13.08ms)
2026/10/07 12:11:19 OK   00006_action_command.sql (11.4ms)
2026/10/07 12:11:19 OK   00007_audit.sql (24.15ms)
2026/10/07 12:11:19 OK   00008_rls.sql (27.46ms)
2026/10/07 12:11:20 OK   00009_idempotency_ledger.sql (43.87ms)
2026/10/07 12:11:20 OK   00010_tenant_provisioning.sql (21.17ms)
2026/10/07 12:11:20 OK   00011_source_registration_history.sql (25.12ms)
2026/10/07 12:11:20 OK   00012_config_registry_lifecycle.sql (30.44ms)
2026/10/07 12:11:20 OK   00013_audit_signed_segments.sql (27.1ms)
2026/10/07 12:11:20 OK   00014_audit_segment_predecessors.sql (13.39ms)
2026/10/07 12:11:20 OK   00015_source_schema_scope.sql (6.59ms)
2026/10/07 12:11:20 OK   00016_cluster_registration_metadata.sql (21.12ms)
2026/10/07 12:11:20 OK   00017_source_data_scope.sql (7.01ms)
2026/10/07 12:11:20 OK   00018_sp04_resources_evidence.sql (53.64ms)
2026/10/07 12:11:20 OK   00019_sp04_archive_ciphertext_bytes.sql (13.69ms)
2026/10/07 12:11:20 OK   00020_sp04_request_ledger.sql (20.66ms)
2026/10/07 12:11:20 OK   00021_sp04_archive_protection.sql (5.86ms)
2026/10/07 12:11:20 OK   00022_sp04_legal_hold_dependencies.sql (5.68ms)
2026/10/07 12:11:20 OK   00023_sp04_archive_query_intent.sql (57.95ms)
2026/10/07 12:11:20 OK   00024_sp05_finding_incident.sql (151.02ms)
2026/10/07 12:11:20 OK   00025_sp05_incident_event_time.sql (32.98ms)
2026/10/07 12:11:20 OK   00026_sp05_source_binding_lock.sql (12.25ms)
2026/10/07 12:11:20 OK   00027_sp05_rca_and_poll.sql (14.1ms)
2026/10/07 12:11:20 OK   00028_sp05_operator_lock.sql (18.32ms)
2026/10/07 12:11:20 OK   00029_sp05_evidence_links.sql (17.78ms)
2026/10/07 12:11:20 OK   00030_sp05_recipe_fence.sql (7.21ms)
2026/10/07 12:11:20 OK   00031_sp05_rca_postcheck.sql (4.99ms)
2026/10/07 12:11:20 OK   00032_sp05_transport_audit.sql (5.51ms)
2026/10/07 12:11:20 OK   00033_sp05_poll_resolution_clock.sql (8.3ms)
2026/10/07 12:11:20 OK   00034_sp06_investigation_ledger.sql (83.12ms)
2026/10/07 12:11:20 OK   00035_sp06_admission_data_classes.sql (86.13ms)
2026/10/07 12:11:20 goose: successfully migrated database to version: 35
2026/10/07 12:11:39 OK   00001_roles_and_schemas.sql (29.58ms)
2026/10/07 12:11:39 goose: successfully migrated database to version: 1
2026/10/07 12:11:40 OK   00002_platform_meta.sql (75.67ms)
2026/10/07 12:11:40 OK   00003_finding.sql (40.81ms)
2026/10/07 12:11:40 OK   00004_incident.sql (22.92ms)
2026/10/07 12:11:40 OK   00005_investigation.sql (27.81ms)
2026/10/07 12:11:40 OK   00006_action_command.sql (13.34ms)
2026/10/07 12:11:40 OK   00007_audit.sql (44.73ms)
2026/10/07 12:11:40 OK   00008_rls.sql (32.86ms)
2026/10/07 12:11:40 OK   00009_idempotency_ledger.sql (50.81ms)
2026/10/07 12:11:40 OK   00010_tenant_provisioning.sql (16.43ms)
2026/10/07 12:11:40 OK   00011_source_registration_history.sql (22.23ms)
2026/10/07 12:11:40 OK   00012_config_registry_lifecycle.sql (128.01ms)
2026/10/07 12:11:40 OK   00013_audit_signed_segments.sql (140.9ms)
2026/10/07 12:11:40 OK   00014_audit_segment_predecessors.sql (12.86ms)
2026/10/07 12:11:40 OK   00015_source_schema_scope.sql (15.27ms)
2026/10/07 12:11:40 OK   00016_cluster_registration_metadata.sql (76.86ms)
2026/10/07 12:11:40 OK   00017_source_data_scope.sql (15.29ms)
2026/10/07 12:11:40 OK   00018_sp04_resources_evidence.sql (81.4ms)
2026/10/07 12:11:40 OK   00019_sp04_archive_ciphertext_bytes.sql (20.03ms)
2026/10/07 12:11:40 OK   00020_sp04_request_ledger.sql (29.17ms)
2026/10/07 12:11:40 OK   00021_sp04_archive_protection.sql (4.7ms)
2026/10/07 12:11:40 OK   00022_sp04_legal_hold_dependencies.sql (5.62ms)
2026/10/07 12:11:40 OK   00023_sp04_archive_query_intent.sql (20.21ms)
2026/10/07 12:11:40 OK   00024_sp05_finding_incident.sql (69.83ms)
2026/10/07 12:11:40 OK   00025_sp05_incident_event_time.sql (11.88ms)
2026/10/07 12:11:40 OK   00026_sp05_source_binding_lock.sql (7.13ms)
2026/10/07 12:11:40 OK   00027_sp05_rca_and_poll.sql (24.94ms)
2026/10/07 12:11:40 OK   00028_sp05_operator_lock.sql (4.88ms)
2026/10/07 12:11:40 OK   00029_sp05_evidence_links.sql (11.71ms)
2026/10/07 12:11:41 OK   00030_sp05_recipe_fence.sql (16.27ms)
2026/10/07 12:11:41 OK   00031_sp05_rca_postcheck.sql (16.41ms)
2026/10/07 12:11:41 OK   00032_sp05_transport_audit.sql (19.05ms)
2026/10/07 12:11:41 OK   00033_sp05_poll_resolution_clock.sql (8.96ms)
2026/10/07 12:11:41 OK   00034_sp06_investigation_ledger.sql (75.85ms)
2026/10/07 12:11:41 OK   00035_sp06_admission_data_classes.sql (6.48ms)
2026/10/07 12:11:41 goose: successfully migrated database to version: 35
2026/10/07 12:12:01 OK   00001_roles_and_schemas.sql (48.28ms)
2026/10/07 12:12:01 goose: successfully migrated database to version: 1
2026/10/07 12:12:01 OK   00002_platform_meta.sql (172.01ms)
2026/10/07 12:12:01 OK   00003_finding.sql (38.45ms)
2026/10/07 12:12:01 OK   00004_incident.sql (18.11ms)
2026/10/07 12:12:01 OK   00005_investigation.sql (26.81ms)
2026/10/07 12:12:01 OK   00006_action_command.sql (47.11ms)
2026/10/07 12:12:01 OK   00007_audit.sql (49.2ms)
2026/10/07 12:12:01 OK   00008_rls.sql (37.54ms)
2026/10/07 12:12:01 OK   00009_idempotency_ledger.sql (18.85ms)
2026/10/07 12:12:01 OK   00010_tenant_provisioning.sql (15.75ms)
2026/10/07 12:12:01 OK   00011_source_registration_history.sql (32.61ms)
2026/10/07 12:12:01 OK   00012_config_registry_lifecycle.sql (35.64ms)
2026/10/07 12:12:01 OK   00013_audit_signed_segments.sql (47.14ms)
2026/10/07 12:12:01 OK   00014_audit_segment_predecessors.sql (31.21ms)
2026/10/07 12:12:01 OK   00015_source_schema_scope.sql (13ms)
2026/10/07 12:12:01 OK   00016_cluster_registration_metadata.sql (21.89ms)
2026/10/07 12:12:01 OK   00017_source_data_scope.sql (21.67ms)
2026/10/07 12:12:01 OK   00018_sp04_resources_evidence.sql (35.08ms)
2026/10/07 12:12:01 OK   00019_sp04_archive_ciphertext_bytes.sql (7.47ms)
2026/10/07 12:12:01 OK   00020_sp04_request_ledger.sql (18.59ms)
2026/10/07 12:12:01 OK   00021_sp04_archive_protection.sql (8.11ms)
2026/10/07 12:12:01 OK   00022_sp04_legal_hold_dependencies.sql (6.2ms)
2026/10/07 12:12:01 OK   00023_sp04_archive_query_intent.sql (14.35ms)
2026/10/07 12:12:01 OK   00024_sp05_finding_incident.sql (51.83ms)
2026/10/07 12:12:02 OK   00025_sp05_incident_event_time.sql (45.75ms)
2026/10/07 12:12:02 OK   00026_sp05_source_binding_lock.sql (7.98ms)
2026/10/07 12:12:02 OK   00027_sp05_rca_and_poll.sql (51.42ms)
2026/10/07 12:12:02 OK   00028_sp05_operator_lock.sql (12ms)
2026/10/07 12:12:02 OK   00029_sp05_evidence_links.sql (9.66ms)
2026/10/07 12:12:02 OK   00030_sp05_recipe_fence.sql (6.67ms)
2026/10/07 12:12:02 OK   00031_sp05_rca_postcheck.sql (7.66ms)
2026/10/07 12:12:02 OK   00032_sp05_transport_audit.sql (9.93ms)
2026/10/07 12:12:02 OK   00033_sp05_poll_resolution_clock.sql (8.45ms)
2026/10/07 12:12:02 OK   00034_sp06_investigation_ledger.sql (49.62ms)
2026/10/07 12:12:02 OK   00035_sp06_admission_data_classes.sql (13.44ms)
2026/10/07 12:12:02 goose: successfully migrated database to version: 35
2026/10/07 12:12:23 OK   00001_roles_and_schemas.sql (47.71ms)
2026/10/07 12:12:23 goose: successfully migrated database to version: 1
2026/10/07 12:12:23 OK   00002_platform_meta.sql (112.8ms)
2026/10/07 12:12:23 OK   00003_finding.sql (66.87ms)
2026/10/07 12:12:23 OK   00004_incident.sql (23.5ms)
2026/10/07 12:12:23 OK   00005_investigation.sql (21.62ms)
2026/10/07 12:12:23 OK   00006_action_command.sql (20.33ms)
2026/10/07 12:12:23 OK   00007_audit.sql (28.01ms)
2026/10/07 12:12:23 OK   00008_rls.sql (23.33ms)
2026/10/07 12:12:23 OK   00009_idempotency_ledger.sql (29.56ms)
2026/10/07 12:12:23 OK   00010_tenant_provisioning.sql (27.24ms)
2026/10/07 12:12:23 OK   00011_source_registration_history.sql (28.74ms)
2026/10/07 12:12:23 OK   00012_config_registry_lifecycle.sql (47.7ms)
2026/10/07 12:12:23 OK   00013_audit_signed_segments.sql (35.03ms)
2026/10/07 12:12:23 OK   00014_audit_segment_predecessors.sql (16.94ms)
2026/10/07 12:12:23 OK   00015_source_schema_scope.sql (10.74ms)
2026/10/07 12:12:23 OK   00016_cluster_registration_metadata.sql (14.67ms)
2026/10/07 12:12:23 OK   00017_source_data_scope.sql (20.94ms)
2026/10/07 12:12:23 OK   00018_sp04_resources_evidence.sql (64.57ms)
2026/10/07 12:12:24 OK   00019_sp04_archive_ciphertext_bytes.sql (64.53ms)
2026/10/07 12:12:24 OK   00020_sp04_request_ledger.sql (76.59ms)
2026/10/07 12:12:24 OK   00021_sp04_archive_protection.sql (19.15ms)
2026/10/07 12:12:24 OK   00022_sp04_legal_hold_dependencies.sql (19.9ms)
2026/10/07 12:12:24 OK   00023_sp04_archive_query_intent.sql (37.22ms)
2026/10/07 12:12:24 OK   00024_sp05_finding_incident.sql (69.15ms)
2026/10/07 12:12:24 OK   00025_sp05_incident_event_time.sql (8.96ms)
2026/10/07 12:12:24 OK   00026_sp05_source_binding_lock.sql (13.12ms)
2026/10/07 12:12:24 OK   00027_sp05_rca_and_poll.sql (17.04ms)
2026/10/07 12:12:24 OK   00028_sp05_operator_lock.sql (14.13ms)
2026/10/07 12:12:24 OK   00029_sp05_evidence_links.sql (33.72ms)
2026/10/07 12:12:24 OK   00030_sp05_recipe_fence.sql (9.2ms)
2026/10/07 12:12:24 OK   00031_sp05_rca_postcheck.sql (25.31ms)
2026/10/07 12:12:24 OK   00032_sp05_transport_audit.sql (34.62ms)
2026/10/07 12:12:24 OK   00033_sp05_poll_resolution_clock.sql (8.26ms)
2026/10/07 12:12:24 OK   00034_sp06_investigation_ledger.sql (76.02ms)
2026/10/07 12:12:24 OK   00035_sp06_admission_data_classes.sql (10.09ms)
2026/10/07 12:12:24 goose: successfully migrated database to version: 35
2026/10/07 12:12:47 OK   00001_roles_and_schemas.sql (15.33ms)
2026/10/07 12:12:47 goose: successfully migrated database to version: 1
2026/10/07 12:12:47 OK   00002_platform_meta.sql (86.85ms)
2026/10/07 12:12:47 OK   00003_finding.sql (21.14ms)
2026/10/07 12:12:47 OK   00004_incident.sql (29.56ms)
2026/10/07 12:12:47 OK   00005_investigation.sql (19.73ms)
2026/10/07 12:12:47 OK   00006_action_command.sql (24.42ms)
2026/10/07 12:12:47 OK   00007_audit.sql (39.01ms)
2026/10/07 12:12:47 OK   00008_rls.sql (48.21ms)
2026/10/07 12:12:47 OK   00009_idempotency_ledger.sql (17.2ms)
2026/10/07 12:12:47 OK   00010_tenant_provisioning.sql (21.26ms)
2026/10/07 12:12:47 OK   00011_source_registration_history.sql (30.28ms)
2026/10/07 12:12:47 OK   00012_config_registry_lifecycle.sql (45.07ms)
2026/10/07 12:12:47 OK   00013_audit_signed_segments.sql (38.71ms)
2026/10/07 12:12:47 OK   00014_audit_segment_predecessors.sql (18.76ms)
2026/10/07 12:12:47 OK   00015_source_schema_scope.sql (9.32ms)
2026/10/07 12:12:47 OK   00016_cluster_registration_metadata.sql (11.51ms)
2026/10/07 12:12:47 OK   00017_source_data_scope.sql (15.19ms)
2026/10/07 12:12:47 OK   00018_sp04_resources_evidence.sql (36.76ms)
2026/10/07 12:12:47 OK   00019_sp04_archive_ciphertext_bytes.sql (7.37ms)
2026/10/07 12:12:47 OK   00020_sp04_request_ledger.sql (18.58ms)
2026/10/07 12:12:47 OK   00021_sp04_archive_protection.sql (18.35ms)
2026/10/07 12:12:47 OK   00022_sp04_legal_hold_dependencies.sql (7.23ms)
2026/10/07 12:12:47 OK   00023_sp04_archive_query_intent.sql (6.52ms)
2026/10/07 12:12:47 OK   00024_sp05_finding_incident.sql (44.8ms)
2026/10/07 12:12:47 OK   00025_sp05_incident_event_time.sql (6.9ms)
2026/10/07 12:12:47 OK   00026_sp05_source_binding_lock.sql (7.76ms)
2026/10/07 12:12:47 OK   00027_sp05_rca_and_poll.sql (21.54ms)
2026/10/07 12:12:47 OK   00028_sp05_operator_lock.sql (11.87ms)
2026/10/07 12:12:47 OK   00029_sp05_evidence_links.sql (11.46ms)
2026/10/07 12:12:48 OK   00030_sp05_recipe_fence.sql (4.21ms)
2026/10/07 12:12:48 OK   00031_sp05_rca_postcheck.sql (5.1ms)
2026/10/07 12:12:48 OK   00032_sp05_transport_audit.sql (5.86ms)
2026/10/07 12:12:48 OK   00033_sp05_poll_resolution_clock.sql (7.66ms)
2026/10/07 12:12:48 OK   00034_sp06_investigation_ledger.sql (53.86ms)
2026/10/07 12:12:48 OK   00035_sp06_admission_data_classes.sql (6.16ms)
2026/10/07 12:12:48 goose: successfully migrated database to version: 35
2026/10/07 12:13:05 OK   00001_roles_and_schemas.sql (68.38ms)
2026/10/07 12:13:05 goose: successfully migrated database to version: 1
2026/10/07 12:13:06 OK   00002_platform_meta.sql (76.29ms)
2026/10/07 12:13:06 OK   00003_finding.sql (44.98ms)
2026/10/07 12:13:06 OK   00004_incident.sql (21.91ms)
2026/10/07 12:13:06 OK   00005_investigation.sql (15.65ms)
2026/10/07 12:13:06 OK   00006_action_command.sql (12.53ms)
2026/10/07 12:13:06 OK   00007_audit.sql (31.77ms)
2026/10/07 12:13:06 OK   00008_rls.sql (23.59ms)
2026/10/07 12:13:06 OK   00009_idempotency_ledger.sql (52.4ms)
2026/10/07 12:13:06 OK   00010_tenant_provisioning.sql (11.42ms)
2026/10/07 12:13:06 OK   00011_source_registration_history.sql (65.99ms)
2026/10/07 12:13:06 OK   00012_config_registry_lifecycle.sql (51.78ms)
2026/10/07 12:13:06 OK   00013_audit_signed_segments.sql (83.25ms)
2026/10/07 12:13:06 OK   00014_audit_segment_predecessors.sql (51.68ms)
2026/10/07 12:13:06 OK   00015_source_schema_scope.sql (9.82ms)
2026/10/07 12:13:06 OK   00016_cluster_registration_metadata.sql (17.63ms)
2026/10/07 12:13:06 OK   00017_source_data_scope.sql (34.8ms)
2026/10/07 12:13:06 OK   00018_sp04_resources_evidence.sql (68.28ms)
2026/10/07 12:13:06 OK   00019_sp04_archive_ciphertext_bytes.sql (20.24ms)
2026/10/07 12:13:06 OK   00020_sp04_request_ledger.sql (13.69ms)
2026/10/07 12:13:06 OK   00021_sp04_archive_protection.sql (11.04ms)
2026/10/07 12:13:06 OK   00022_sp04_legal_hold_dependencies.sql (7.55ms)
2026/10/07 12:13:06 OK   00023_sp04_archive_query_intent.sql (17.45ms)
2026/10/07 12:13:06 OK   00024_sp05_finding_incident.sql (119.48ms)
2026/10/07 12:13:06 OK   00025_sp05_incident_event_time.sql (8.78ms)
2026/10/07 12:13:06 OK   00026_sp05_source_binding_lock.sql (10.05ms)
2026/10/07 12:13:06 OK   00027_sp05_rca_and_poll.sql (19.77ms)
2026/10/07 12:13:06 OK   00028_sp05_operator_lock.sql (5.86ms)
2026/10/07 12:13:06 OK   00029_sp05_evidence_links.sql (20.84ms)
2026/10/07 12:13:06 OK   00030_sp05_recipe_fence.sql (12.56ms)
2026/10/07 12:13:06 OK   00031_sp05_rca_postcheck.sql (10.44ms)
2026/10/07 12:13:06 OK   00032_sp05_transport_audit.sql (6.27ms)
2026/10/07 12:13:06 OK   00033_sp05_poll_resolution_clock.sql (6.7ms)
2026/10/07 12:13:07 OK   00034_sp06_investigation_ledger.sql (142.45ms)
2026/10/07 12:13:07 OK   00035_sp06_admission_data_classes.sql (13.43ms)
2026/10/07 12:13:07 goose: successfully migrated database to version: 35
2026/10/07 12:13:28 OK   00001_roles_and_schemas.sql (42.78ms)
2026/10/07 12:13:28 goose: successfully migrated database to version: 1
2026/10/07 12:13:28 OK   00002_platform_meta.sql (134.84ms)
2026/10/07 12:13:28 OK   00003_finding.sql (20.24ms)
2026/10/07 12:13:28 OK   00004_incident.sql (36.31ms)
2026/10/07 12:13:28 OK   00005_investigation.sql (27.14ms)
2026/10/07 12:13:28 OK   00006_action_command.sql (18.6ms)
2026/10/07 12:13:28 OK   00007_audit.sql (41.16ms)
2026/10/07 12:13:28 OK   00008_rls.sql (20.37ms)
2026/10/07 12:13:28 OK   00009_idempotency_ledger.sql (25.1ms)
2026/10/07 12:13:28 OK   00010_tenant_provisioning.sql (9.45ms)
2026/10/07 12:13:28 OK   00011_source_registration_history.sql (23.14ms)
2026/10/07 12:13:28 OK   00012_config_registry_lifecycle.sql (28.24ms)
2026/10/07 12:13:28 OK   00013_audit_signed_segments.sql (72.19ms)
2026/10/07 12:13:28 OK   00014_audit_segment_predecessors.sql (29.63ms)
2026/10/07 12:13:28 OK   00015_source_schema_scope.sql (14.48ms)
2026/10/07 12:13:28 OK   00016_cluster_registration_metadata.sql (35.9ms)
2026/10/07 12:13:28 OK   00017_source_data_scope.sql (9.87ms)
2026/10/07 12:13:28 OK   00018_sp04_resources_evidence.sql (62.82ms)
2026/10/07 12:13:28 OK   00019_sp04_archive_ciphertext_bytes.sql (5.75ms)
2026/10/07 12:13:28 OK   00020_sp04_request_ledger.sql (51.45ms)
2026/10/07 12:13:28 OK   00021_sp04_archive_protection.sql (6.87ms)
2026/10/07 12:13:28 OK   00022_sp04_legal_hold_dependencies.sql (4.53ms)
2026/10/07 12:13:28 OK   00023_sp04_archive_query_intent.sql (3.88ms)
2026/10/07 12:13:29 OK   00024_sp05_finding_incident.sql (67.13ms)
2026/10/07 12:13:29 OK   00025_sp05_incident_event_time.sql (4.96ms)
2026/10/07 12:13:29 OK   00026_sp05_source_binding_lock.sql (17.71ms)
2026/10/07 12:13:29 OK   00027_sp05_rca_and_poll.sql (30.44ms)
2026/10/07 12:13:29 OK   00028_sp05_operator_lock.sql (15.97ms)
2026/10/07 12:13:29 OK   00029_sp05_evidence_links.sql (12.44ms)
2026/10/07 12:13:29 OK   00030_sp05_recipe_fence.sql (9.24ms)
2026/10/07 12:13:29 OK   00031_sp05_rca_postcheck.sql (5.89ms)
2026/10/07 12:13:29 OK   00032_sp05_transport_audit.sql (4.62ms)
2026/10/07 12:13:29 OK   00033_sp05_poll_resolution_clock.sql (8.03ms)
2026/10/07 12:13:29 OK   00034_sp06_investigation_ledger.sql (57.98ms)
2026/10/07 12:13:29 OK   00035_sp06_admission_data_classes.sql (7.99ms)
2026/10/07 12:13:29 goose: successfully migrated database to version: 35
2026/10/07 12:13:50 OK   00001_roles_and_schemas.sql (19.27ms)
2026/10/07 12:13:50 goose: successfully migrated database to version: 1
2026/10/07 12:13:50 OK   00002_platform_meta.sql (42.56ms)
2026/10/07 12:13:50 OK   00003_finding.sql (16.9ms)
2026/10/07 12:13:50 OK   00004_incident.sql (18.7ms)
2026/10/07 12:13:50 OK   00005_investigation.sql (24.31ms)
2026/10/07 12:13:50 OK   00006_action_command.sql (15.83ms)
2026/10/07 12:13:50 OK   00007_audit.sql (17.42ms)
2026/10/07 12:13:50 OK   00008_rls.sql (24.19ms)
2026/10/07 12:13:50 OK   00009_idempotency_ledger.sql (29.4ms)
2026/10/07 12:13:50 OK   00010_tenant_provisioning.sql (13.04ms)
2026/10/07 12:13:50 OK   00011_source_registration_history.sql (13.9ms)
2026/10/07 12:13:51 OK   00012_config_registry_lifecycle.sql (55.89ms)
2026/10/07 12:13:51 OK   00013_audit_signed_segments.sql (42.96ms)
2026/10/07 12:13:51 OK   00014_audit_segment_predecessors.sql (16.01ms)
2026/10/07 12:13:51 OK   00015_source_schema_scope.sql (15.65ms)
2026/10/07 12:13:51 OK   00016_cluster_registration_metadata.sql (8.22ms)
2026/10/07 12:13:51 OK   00017_source_data_scope.sql (50.94ms)
2026/10/07 12:13:51 OK   00018_sp04_resources_evidence.sql (57ms)
2026/10/07 12:13:51 OK   00019_sp04_archive_ciphertext_bytes.sql (26.28ms)
2026/10/07 12:13:51 OK   00020_sp04_request_ledger.sql (9.35ms)
2026/10/07 12:13:51 OK   00021_sp04_archive_protection.sql (26.37ms)
2026/10/07 12:13:51 OK   00022_sp04_legal_hold_dependencies.sql (17.16ms)
2026/10/07 12:13:51 OK   00023_sp04_archive_query_intent.sql (9ms)
2026/10/07 12:13:51 OK   00024_sp05_finding_incident.sql (59.55ms)
2026/10/07 12:13:51 OK   00025_sp05_incident_event_time.sql (14.43ms)
2026/10/07 12:13:51 OK   00026_sp05_source_binding_lock.sql (4.58ms)
2026/10/07 12:13:51 OK   00027_sp05_rca_and_poll.sql (10.81ms)
2026/10/07 12:13:51 OK   00028_sp05_operator_lock.sql (12.58ms)
2026/10/07 12:13:51 OK   00029_sp05_evidence_links.sql (22.31ms)
2026/10/07 12:13:51 OK   00030_sp05_recipe_fence.sql (26.5ms)
2026/10/07 12:13:51 OK   00031_sp05_rca_postcheck.sql (3.88ms)
2026/10/07 12:13:51 OK   00032_sp05_transport_audit.sql (4.84ms)
2026/10/07 12:13:51 OK   00033_sp05_poll_resolution_clock.sql (7.18ms)
2026/10/07 12:13:51 OK   00034_sp06_investigation_ledger.sql (74.13ms)
2026/10/07 12:13:51 OK   00035_sp06_admission_data_classes.sql (6.29ms)
2026/10/07 12:13:51 goose: successfully migrated database to version: 35
2026/10/07 12:14:12 OK   00001_roles_and_schemas.sql (37.12ms)
2026/10/07 12:14:12 goose: successfully migrated database to version: 1
2026/10/07 12:14:12 OK   00002_platform_meta.sql (59.61ms)
2026/10/07 12:14:12 OK   00003_finding.sql (49.85ms)
2026/10/07 12:14:12 OK   00004_incident.sql (33.63ms)
2026/10/07 12:14:12 OK   00005_investigation.sql (33.28ms)
2026/10/07 12:14:12 OK   00006_action_command.sql (11.8ms)
2026/10/07 12:14:12 OK   00007_audit.sql (32.6ms)
2026/10/07 12:14:12 OK   00008_rls.sql (18.75ms)
2026/10/07 12:14:12 OK   00009_idempotency_ledger.sql (12.82ms)
2026/10/07 12:14:12 OK   00010_tenant_provisioning.sql (5.93ms)
2026/10/07 12:14:12 OK   00011_source_registration_history.sql (28.48ms)
2026/10/07 12:14:12 OK   00012_config_registry_lifecycle.sql (43.02ms)
2026/10/07 12:14:12 OK   00013_audit_signed_segments.sql (56.53ms)
2026/10/07 12:14:12 OK   00014_audit_segment_predecessors.sql (13.33ms)
2026/10/07 12:14:12 OK   00015_source_schema_scope.sql (6.42ms)
2026/10/07 12:14:12 OK   00016_cluster_registration_metadata.sql (24.02ms)
2026/10/07 12:14:12 OK   00017_source_data_scope.sql (13.66ms)
2026/10/07 12:14:12 OK   00018_sp04_resources_evidence.sql (41.85ms)
2026/10/07 12:14:13 OK   00019_sp04_archive_ciphertext_bytes.sql (13.35ms)
2026/10/07 12:14:13 OK   00020_sp04_request_ledger.sql (30.78ms)
2026/10/07 12:14:13 OK   00021_sp04_archive_protection.sql (4.32ms)
2026/10/07 12:14:13 OK   00022_sp04_legal_hold_dependencies.sql (13.49ms)
2026/10/07 12:14:13 OK   00023_sp04_archive_query_intent.sql (20.73ms)
2026/10/07 12:14:13 OK   00024_sp05_finding_incident.sql (62.17ms)
2026/10/07 12:14:13 OK   00025_sp05_incident_event_time.sql (45.72ms)
2026/10/07 12:14:13 OK   00026_sp05_source_binding_lock.sql (8.02ms)
2026/10/07 12:14:13 OK   00027_sp05_rca_and_poll.sql (22.24ms)
2026/10/07 12:14:13 OK   00028_sp05_operator_lock.sql (54.29ms)
2026/10/07 12:14:13 OK   00029_sp05_evidence_links.sql (11.3ms)
2026/10/07 12:14:13 OK   00030_sp05_recipe_fence.sql (27.92ms)
2026/10/07 12:14:13 OK   00031_sp05_rca_postcheck.sql (27.37ms)
2026/10/07 12:14:13 OK   00032_sp05_transport_audit.sql (5.51ms)
2026/10/07 12:14:13 OK   00033_sp05_poll_resolution_clock.sql (9.69ms)
2026/10/07 12:14:13 OK   00034_sp06_investigation_ledger.sql (93.07ms)
2026/10/07 12:14:13 OK   00035_sp06_admission_data_classes.sql (15.58ms)
2026/10/07 12:14:13 goose: successfully migrated database to version: 35
2026/10/07 12:14:34 OK   00001_roles_and_schemas.sql (26.14ms)
2026/10/07 12:14:34 goose: successfully migrated database to version: 1
2026/10/07 12:14:34 OK   00002_platform_meta.sql (102.88ms)
2026/10/07 12:14:34 OK   00003_finding.sql (105.29ms)
2026/10/07 12:14:34 OK   00004_incident.sql (47.17ms)
2026/10/07 12:14:34 OK   00005_investigation.sql (70.74ms)
2026/10/07 12:14:34 OK   00006_action_command.sql (68.6ms)
2026/10/07 12:14:34 OK   00007_audit.sql (53.19ms)
2026/10/07 12:14:34 OK   00008_rls.sql (89.06ms)
2026/10/07 12:14:34 OK   00009_idempotency_ledger.sql (38.49ms)
2026/10/07 12:14:34 OK   00010_tenant_provisioning.sql (40.33ms)
2026/10/07 12:14:34 OK   00011_source_registration_history.sql (11.05ms)
2026/10/07 12:14:34 OK   00012_config_registry_lifecycle.sql (30.65ms)
2026/10/07 12:14:35 OK   00013_audit_signed_segments.sql (166.59ms)
2026/10/07 12:14:35 OK   00014_audit_segment_predecessors.sql (18.95ms)
2026/10/07 12:14:35 OK   00015_source_schema_scope.sql (23.64ms)
2026/10/07 12:14:35 OK   00016_cluster_registration_metadata.sql (68.43ms)
2026/10/07 12:14:35 OK   00017_source_data_scope.sql (31.75ms)
2026/10/07 12:14:35 OK   00018_sp04_resources_evidence.sql (51.57ms)
2026/10/07 12:14:35 OK   00019_sp04_archive_ciphertext_bytes.sql (4.68ms)
2026/10/07 12:14:35 OK   00020_sp04_request_ledger.sql (26.87ms)
2026/10/07 12:14:35 OK   00021_sp04_archive_protection.sql (69.11ms)
2026/10/07 12:14:35 OK   00022_sp04_legal_hold_dependencies.sql (104.71ms)
2026/10/07 12:14:35 OK   00023_sp04_archive_query_intent.sql (61.67ms)
2026/10/07 12:14:35 OK   00024_sp05_finding_incident.sql (142.91ms)
2026/10/07 12:14:35 OK   00025_sp05_incident_event_time.sql (38.21ms)
2026/10/07 12:14:35 OK   00026_sp05_source_binding_lock.sql (8.08ms)
2026/10/07 12:14:35 OK   00027_sp05_rca_and_poll.sql (20.96ms)
2026/10/07 12:14:35 OK   00028_sp05_operator_lock.sql (28.98ms)
2026/10/07 12:14:35 OK   00029_sp05_evidence_links.sql (37.84ms)
2026/10/07 12:14:35 OK   00030_sp05_recipe_fence.sql (11.48ms)
2026/10/07 12:14:35 OK   00031_sp05_rca_postcheck.sql (6.18ms)
2026/10/07 12:14:35 OK   00032_sp05_transport_audit.sql (22.4ms)
2026/10/07 12:14:35 OK   00033_sp05_poll_resolution_clock.sql (41.38ms)
2026/10/07 12:14:35 OK   00034_sp06_investigation_ledger.sql (72.74ms)
2026/10/07 12:14:35 OK   00035_sp06_admission_data_classes.sql (20.07ms)
2026/10/07 12:14:35 goose: successfully migrated database to version: 35
2026/10/07 12:15:00 OK   00001_roles_and_schemas.sql (70.32ms)
2026/10/07 12:15:00 goose: successfully migrated database to version: 1
2026/10/07 12:15:00 OK   00002_platform_meta.sql (51.84ms)
2026/10/07 12:15:00 OK   00003_finding.sql (20.88ms)
2026/10/07 12:15:00 OK   00004_incident.sql (10.74ms)
2026/10/07 12:15:00 OK   00005_investigation.sql (17.6ms)
2026/10/07 12:15:00 OK   00006_action_command.sql (14.08ms)
2026/10/07 12:15:00 OK   00007_audit.sql (17.87ms)
2026/10/07 12:15:01 OK   00008_rls.sql (42.72ms)
2026/10/07 12:15:01 OK   00009_idempotency_ledger.sql (37.93ms)
2026/10/07 12:15:01 OK   00010_tenant_provisioning.sql (9.32ms)
2026/10/07 12:15:01 OK   00011_source_registration_history.sql (68.4ms)
2026/10/07 12:15:01 OK   00012_config_registry_lifecycle.sql (61.15ms)
2026/10/07 12:15:01 OK   00013_audit_signed_segments.sql (36.27ms)
2026/10/07 12:15:01 OK   00014_audit_segment_predecessors.sql (14.47ms)
2026/10/07 12:15:01 OK   00015_source_schema_scope.sql (7.72ms)
2026/10/07 12:15:01 OK   00016_cluster_registration_metadata.sql (13.14ms)
2026/10/07 12:15:01 OK   00017_source_data_scope.sql (8.07ms)
2026/10/07 12:15:01 OK   00018_sp04_resources_evidence.sql (45.93ms)
2026/10/07 12:15:01 OK   00019_sp04_archive_ciphertext_bytes.sql (8.3ms)
2026/10/07 12:15:01 OK   00020_sp04_request_ledger.sql (11.78ms)
2026/10/07 12:15:01 OK   00021_sp04_archive_protection.sql (8.49ms)
2026/10/07 12:15:01 OK   00022_sp04_legal_hold_dependencies.sql (7.94ms)
2026/10/07 12:15:01 OK   00023_sp04_archive_query_intent.sql (12.64ms)
2026/10/07 12:15:01 OK   00024_sp05_finding_incident.sql (78.72ms)
2026/10/07 12:15:01 OK   00025_sp05_incident_event_time.sql (6.43ms)
2026/10/07 12:15:01 OK   00026_sp05_source_binding_lock.sql (6.99ms)
2026/10/07 12:15:01 OK   00027_sp05_rca_and_poll.sql (18.65ms)
2026/10/07 12:15:01 OK   00028_sp05_operator_lock.sql (8.72ms)
2026/10/07 12:15:01 OK   00029_sp05_evidence_links.sql (32.41ms)
2026/10/07 12:15:01 OK   00030_sp05_recipe_fence.sql (12.44ms)
2026/10/07 12:15:01 OK   00031_sp05_rca_postcheck.sql (8.29ms)
2026/10/07 12:15:01 OK   00032_sp05_transport_audit.sql (6.06ms)
2026/10/07 12:15:01 OK   00033_sp05_poll_resolution_clock.sql (6.69ms)
2026/10/07 12:15:01 OK   00034_sp06_investigation_ledger.sql (44.96ms)
2026/10/07 12:15:01 OK   00035_sp06_admission_data_classes.sql (47.8ms)
2026/10/07 12:15:01 goose: successfully migrated database to version: 35
2026/10/07 12:15:03 OK   00001_roles_and_schemas.sql (17.89ms)
2026/10/07 12:15:03 goose: successfully migrated database to version: 1
2026/10/07 12:15:03 OK   00002_platform_meta.sql (148.5ms)
2026/10/07 12:15:03 OK   00003_finding.sql (99.18ms)
2026/10/07 12:15:03 OK   00004_incident.sql (56.22ms)
2026/10/07 12:15:03 OK   00005_investigation.sql (80.06ms)
2026/10/07 12:15:03 OK   00006_action_command.sql (63.47ms)
2026/10/07 12:15:03 OK   00007_audit.sql (23.38ms)
2026/10/07 12:15:03 OK   00008_rls.sql (35.11ms)
2026/10/07 12:15:03 OK   00009_idempotency_ledger.sql (82.45ms)
2026/10/07 12:15:03 OK   00010_tenant_provisioning.sql (10.34ms)
2026/10/07 12:15:03 OK   00011_source_registration_history.sql (21.92ms)
2026/10/07 12:15:03 OK   00012_config_registry_lifecycle.sql (68.47ms)
2026/10/07 12:15:04 OK   00013_audit_signed_segments.sql (78.09ms)
2026/10/07 12:15:04 OK   00014_audit_segment_predecessors.sql (22.71ms)
2026/10/07 12:15:04 OK   00015_source_schema_scope.sql (45.96ms)
2026/10/07 12:15:04 OK   00016_cluster_registration_metadata.sql (8.97ms)
2026/10/07 12:15:04 OK   00017_source_data_scope.sql (4.25ms)
2026/10/07 12:15:04 OK   00018_sp04_resources_evidence.sql (68.18ms)
2026/10/07 12:15:04 OK   00019_sp04_archive_ciphertext_bytes.sql (7.1ms)
2026/10/07 12:15:04 OK   00020_sp04_request_ledger.sql (13.9ms)
2026/10/07 12:15:04 OK   00021_sp04_archive_protection.sql (27.23ms)
2026/10/07 12:15:04 OK   00022_sp04_legal_hold_dependencies.sql (11.44ms)
2026/10/07 12:15:04 OK   00023_sp04_archive_query_intent.sql (18.2ms)
2026/10/07 12:15:04 OK   00024_sp05_finding_incident.sql (69.38ms)
2026/10/07 12:15:04 OK   00025_sp05_incident_event_time.sql (8.31ms)
2026/10/07 12:15:04 OK   00026_sp05_source_binding_lock.sql (11.16ms)
2026/10/07 12:15:04 OK   00027_sp05_rca_and_poll.sql (29.87ms)
2026/10/07 12:15:04 OK   00028_sp05_operator_lock.sql (7.54ms)
2026/10/07 12:15:04 OK   00029_sp05_evidence_links.sql (9.99ms)
2026/10/07 12:15:04 OK   00030_sp05_recipe_fence.sql (8.33ms)
2026/10/07 12:15:04 OK   00031_sp05_rca_postcheck.sql (7.55ms)
2026/10/07 12:15:04 OK   00032_sp05_transport_audit.sql (8.08ms)
2026/10/07 12:15:04 OK   00033_sp05_poll_resolution_clock.sql (16.69ms)
2026/10/07 12:15:04 OK   00034_sp06_investigation_ledger.sql (75.3ms)
2026/10/07 12:15:04 OK   00035_sp06_admission_data_classes.sql (16.04ms)
2026/10/07 12:15:04 goose: successfully migrated database to version: 35
2026/10/07 12:15:11 OK   00001_roles_and_schemas.sql (32.38ms)
2026/10/07 12:15:11 goose: successfully migrated database to version: 1
2026/10/07 12:15:11 OK   00002_platform_meta.sql (66.53ms)
2026/10/07 12:15:11 OK   00003_finding.sql (44.13ms)
2026/10/07 12:15:11 OK   00004_incident.sql (34.05ms)
2026/10/07 12:15:11 OK   00005_investigation.sql (36.63ms)
2026/10/07 12:15:11 OK   00006_action_command.sql (34.91ms)
2026/10/07 12:15:11 OK   00007_audit.sql (27.65ms)
2026/10/07 12:15:11 OK   00008_rls.sql (30.01ms)
2026/10/07 12:15:11 OK   00009_idempotency_ledger.sql (20.29ms)
2026/10/07 12:15:11 OK   00010_tenant_provisioning.sql (11.43ms)
2026/10/07 12:15:11 OK   00011_source_registration_history.sql (21.28ms)
2026/10/07 12:15:11 OK   00012_config_registry_lifecycle.sql (35.7ms)
2026/10/07 12:15:11 OK   00013_audit_signed_segments.sql (33.89ms)
2026/10/07 12:15:11 OK   00014_audit_segment_predecessors.sql (10.04ms)
2026/10/07 12:15:12 OK   00015_source_schema_scope.sql (12.58ms)
2026/10/07 12:15:12 OK   00016_cluster_registration_metadata.sql (13.11ms)
2026/10/07 12:15:12 OK   00017_source_data_scope.sql (28.75ms)
2026/10/07 12:15:12 OK   00018_sp04_resources_evidence.sql (57.06ms)
2026/10/07 12:15:12 OK   00019_sp04_archive_ciphertext_bytes.sql (4.87ms)
2026/10/07 12:15:12 OK   00020_sp04_request_ledger.sql (12.67ms)
2026/10/07 12:15:12 OK   00021_sp04_archive_protection.sql (16.1ms)
2026/10/07 12:15:12 OK   00022_sp04_legal_hold_dependencies.sql (38.48ms)
2026/10/07 12:15:12 OK   00023_sp04_archive_query_intent.sql (4.55ms)
2026/10/07 12:15:12 OK   00024_sp05_finding_incident.sql (44.02ms)
2026/10/07 12:15:12 OK   00025_sp05_incident_event_time.sql (6.13ms)
2026/10/07 12:15:12 OK   00026_sp05_source_binding_lock.sql (4.21ms)
2026/10/07 12:15:12 OK   00027_sp05_rca_and_poll.sql (22.33ms)
2026/10/07 12:15:12 OK   00028_sp05_operator_lock.sql (25.63ms)
2026/10/07 12:15:12 OK   00029_sp05_evidence_links.sql (8.9ms)
2026/10/07 12:15:12 OK   00030_sp05_recipe_fence.sql (16.13ms)
2026/10/07 12:15:12 OK   00031_sp05_rca_postcheck.sql (25.38ms)
2026/10/07 12:15:12 OK   00032_sp05_transport_audit.sql (4.32ms)
2026/10/07 12:15:12 OK   00033_sp05_poll_resolution_clock.sql (9.18ms)
2026/10/07 12:15:12 OK   00034_sp06_investigation_ledger.sql (57.04ms)
2026/10/07 12:15:12 OK   00035_sp06_admission_data_classes.sql (3.09ms)
2026/10/07 12:15:12 goose: successfully migrated database to version: 35
{"time":"2026-10-07T12:15:22.152687+08:00","level":"WARN","msg":"Graph ownership not ready","qualification":{"/v1/configmaps":"list_missing","/v1/events":"list_missing","/v1/nodes":"list_missing","/v1/persistentvolumeclaims":"list_missing","/v1/persistentvolumes":"list_missing","/v1/pods":"list_missing","/v1/services":"list_missing","apps/v1/daemonsets":"list_missing","apps/v1/deployments":"list_missing","apps/v1/replicasets":"list_missing","apps/v1/statefulsets":"list_missing","batch/v1/jobs":"list_missing","discovery.k8s.io/v1/endpointslices":"list_missing","storage.k8s.io/v1/csidrivers":"list_missing","storage.k8s.io/v1/csinodes":"list_missing","storage.k8s.io/v1/storageclasses":"list_missing","storage.k8s.io/v1/volumeattachments":"list_missing"}}
{"time":"2026-10-07T12:15:24.059754+08:00","level":"WARN","msg":"Graph ownership not ready","qualification":{"/v1/configmaps":"list_missing","/v1/events":"list_missing","/v1/nodes":"list_missing","/v1/persistentvolumeclaims":"list_missing","/v1/persistentvolumes":"list_missing","/v1/pods":"list_missing","apps/v1/daemonsets":"list_missing","apps/v1/deployments":"list_missing","apps/v1/replicasets":"list_missing","apps/v1/statefulsets":"list_missing","batch/v1/jobs":"list_missing","discovery.k8s.io/v1/endpointslices":"list_missing","storage.k8s.io/v1/csidrivers":"list_missing","storage.k8s.io/v1/csinodes":"list_missing","storage.k8s.io/v1/storageclasses":"list_missing","storage.k8s.io/v1/volumeattachments":"list_missing"}}
{"time":"2026-10-07T12:15:33.82152+08:00","level":"INFO","msg":"http request complete","request_id":"01a11492-e4d7-70f6-a444-d8d5615c70c3","method":"GET","status_code":200,"duration_ms":230}
{"time":"2026-10-07T12:15:33.940225+08:00","level":"INFO","msg":"http request complete","request_id":"01a11492-e5e6-787f-b3af-d17160304548","method":"GET","status_code":200,"duration_ms":77}
{"time":"2026-10-07T12:15:33.957592+08:00","level":"INFO","msg":"http request complete","request_id":"01a11492-e635-7a9e-9e5a-68573d50e46a","method":"GET","status_code":200,"duration_ms":15}
{"time":"2026-10-07T12:15:34.020818+08:00","level":"INFO","msg":"http request complete","request_id":"01a11492-e648-7aaa-97dd-c76590a687be","method":"GET","status_code":200,"duration_ms":60}
{"time":"2026-10-07T12:15:34.575197+08:00","level":"INFO","msg":"http request complete","request_id":"01a11492-e685-7728-9fd7-08904e387381","method":"GET","status_code":200,"duration_ms":553}
{"time":"2026-10-07T12:15:34.756857+08:00","level":"INFO","msg":"http request complete","request_id":"01a11492-e8ba-703a-8f98-ce32bbdd02e9","method":"GET","status_code":200,"duration_ms":170}
{"time":"2026-10-07T12:15:34.791376+08:00","level":"INFO","msg":"http request complete","request_id":"01a11492-e966-7098-93a1-7c4c7b2a2672","method":"GET","status_code":200,"duration_ms":33}
{"time":"2026-10-07T12:15:35.037243+08:00","level":"WARN","msg":"Graph request unavailable","stage":"lease_before_query"}
{"time":"2026-10-07T12:15:35.037182+08:00","level":"WARN","msg":"Graph ownership not ready","qualification":{"/v1/configmaps":"list_missing","/v1/events":"list_missing","/v1/nodes":"list_missing","/v1/persistentvolumeclaims":"list_missing","/v1/persistentvolumes":"list_missing","/v1/pods":"list_missing","/v1/services":"list_missing","apps/v1/daemonsets":"list_missing","apps/v1/deployments":"list_missing","apps/v1/replicasets":"list_missing","apps/v1/statefulsets":"list_missing","batch/v1/jobs":"list_missing","discovery.k8s.io/v1/endpointslices":"list_missing","storage.k8s.io/v1/csidrivers":"list_missing","storage.k8s.io/v1/csinodes":"list_missing","storage.k8s.io/v1/storageclasses":"list_missing","storage.k8s.io/v1/volumeattachments":"list_missing"}}
{"time":"2026-10-07T12:15:35.081303+08:00","level":"INFO","msg":"http request complete","request_id":"01a11492-e9a0-7c73-acaa-6a5286ce55fa","method":"GET","status_code":200,"duration_ms":264}
{"time":"2026-10-07T12:15:35.399225+08:00","level":"WARN","msg":"Graph request unavailable","stage":"lease_before_query"}
{"time":"2026-10-07T12:15:35.421412+08:00","level":"INFO","msg":"http request complete","request_id":"01a11492-eb73-746c-9c1c-168bf9420201","method":"GET","status_code":200,"duration_ms":138}
{"time":"2026-10-07T12:15:35.676864+08:00","level":"WARN","msg":"Graph request unavailable","stage":"lease_before_query"}
{"time":"2026-10-07T12:15:35.694018+08:00","level":"INFO","msg":"http request complete","request_id":"01a11492-ecc6-7eb9-9d01-313a93ddf3af","method":"GET","status_code":200,"duration_ms":71}
{"time":"2026-10-07T12:15:36.005768+08:00","level":"WARN","msg":"Graph request unavailable","stage":"lease_before_query"}
{"time":"2026-10-07T12:15:36.063498+08:00","level":"INFO","msg":"http request complete","request_id":"01a11492-edd7-7825-8642-f1a2d39c8007","method":"GET","status_code":200,"duration_ms":167}
{"time":"2026-10-07T12:15:36.49278+08:00","level":"INFO","msg":"http request complete","request_id":"01a11492-ef48-7a68-b3f2-9c0b7a9c50ce","method":"GET","status_code":200,"duration_ms":228}
{"time":"2026-10-07T12:15:36.828384+08:00","level":"INFO","msg":"http request complete","request_id":"01a11492-f0f7-7271-b500-ff0a7ed70862","method":"GET","status_code":200,"duration_ms":133}
{"time":"2026-10-07T12:15:36.967019+08:00","level":"WARN","msg":"Graph ownership not ready","qualification":{"/v1/configmaps":"list_missing","/v1/nodes":"list_missing","/v1/persistentvolumeclaims":"list_missing","/v1/persistentvolumes":"list_missing","/v1/pods":"list_missing","/v1/services":"list_missing","apps/v1/daemonsets":"list_missing","apps/v1/replicasets":"list_missing","apps/v1/statefulsets":"list_missing","batch/v1/jobs":"list_missing","discovery.k8s.io/v1/endpointslices":"list_missing","storage.k8s.io/v1/csidrivers":"list_missing","storage.k8s.io/v1/csinodes":"list_missing","storage.k8s.io/v1/storageclasses":"list_missing","storage.k8s.io/v1/volumeattachments":"list_missing"}}
{"time":"2026-10-07T12:15:37.246425+08:00","level":"INFO","msg":"http request complete","request_id":"01a11492-f246-7eff-9020-518e9f36fbee","method":"GET","status_code":200,"duration_ms":215}
{"time":"2026-10-07T12:15:37.603444+08:00","level":"WARN","msg":"Graph request unavailable","stage":"lease_before_query"}
{"time":"2026-10-07T12:15:37.62888+08:00","level":"INFO","msg":"http request complete","request_id":"01a11492-f3e9-7376-a409-ff70868f05bd","method":"GET","status_code":200,"duration_ms":179}
{"time":"2026-10-07T12:15:37.977233+08:00","level":"WARN","msg":"Graph request unavailable","stage":"lease_before_query"}
{"time":"2026-10-07T12:15:38.005339+08:00","level":"INFO","msg":"http request complete","request_id":"01a11492-f566-73c4-b298-6d2a4a4a2a3a","method":"GET","status_code":200,"duration_ms":175}
{"time":"2026-10-07T12:15:38.25649+08:00","level":"WARN","msg":"Graph request unavailable","stage":"lease_before_query"}
{"time":"2026-10-07T12:15:38.266087+08:00","level":"INFO","msg":"http request complete","request_id":"01a11492-f6de-779d-967b-5f9721c1ab66","method":"GET","status_code":200,"duration_ms":59}
{"time":"2026-10-07T12:15:38.609833+08:00","level":"WARN","msg":"Graph request unavailable","stage":"lease_before_query"}
{"time":"2026-10-07T12:15:38.628567+08:00","level":"INFO","msg":"http request complete","request_id":"01a11492-f7e3-77a8-9735-8fae1c304bf0","method":"GET","status_code":200,"duration_ms":161}
{"time":"2026-10-07T12:15:38.86918+08:00","level":"WARN","msg":"Graph ownership not ready","qualification":{"/v1/persistentvolumes":"watch_initializing"}}
{"time":"2026-10-07T12:15:38.955019+08:00","level":"WARN","msg":"Graph request unavailable","stage":"lease_before_query"}
{"time":"2026-10-07T12:15:38.965961+08:00","level":"INFO","msg":"http request complete","request_id":"01a11492-f94e-78f4-95d2-b1afba6313d3","method":"GET","status_code":200,"duration_ms":135}
{"time":"2026-10-07T12:15:39.20022+08:00","level":"WARN","msg":"Graph request unavailable","stage":"lease_before_query"}
{"time":"2026-10-07T12:15:39.216742+08:00","level":"INFO","msg":"http request complete","request_id":"01a11492-fa9e-7ed0-87ef-7310eef2e7df","method":"GET","status_code":200,"duration_ms":49}
{"time":"2026-10-07T12:15:39.497758+08:00","level":"WARN","msg":"Graph request unavailable","stage":"lease_before_query"}
{"time":"2026-10-07T12:15:39.511911+08:00","level":"INFO","msg":"http request complete","request_id":"01a11492-fb9a-7d56-a4a9-bd8973081428","method":"GET","status_code":200,"duration_ms":92}
{"time":"2026-10-07T12:15:39.759289+08:00","level":"WARN","msg":"Graph request unavailable","stage":"lease_before_query"}
{"time":"2026-10-07T12:15:39.767689+08:00","level":"INFO","msg":"http request complete","request_id":"01a11492-fcc2-71c5-8aa6-7cd1f208f8ea","method":"GET","status_code":200,"duration_ms":53}
{"time":"2026-10-07T12:15:40.007504+08:00","level":"INFO","msg":"http request complete","request_id":"01a11492-fdc2-701b-b3d0-e248efc819be","method":"GET","status_code":200,"duration_ms":37}
{"time":"2026-10-07T12:15:40.251207+08:00","level":"INFO","msg":"http request complete","request_id":"01a11492-feb1-7877-974d-9fce71e9b3e5","method":"GET","status_code":200,"duration_ms":41}
{"time":"2026-10-07T12:15:40.499896+08:00","level":"INFO","msg":"http request complete","request_id":"01a11492-ffa5-7a6f-9db8-c8407b031b92","method":"GET","status_code":200,"duration_ms":46}
{"time":"2026-10-07T12:15:40.797074+08:00","level":"INFO","msg":"http request complete","request_id":"01a11493-009e-7927-9d03-3786e3cefbab","method":"GET","status_code":200,"duration_ms":94}
{"time":"2026-10-07T12:15:41.097775+08:00","level":"INFO","msg":"http request complete","request_id":"01a11493-01c9-76be-a393-18fdd3cd24c0","method":"GET","status_code":200,"duration_ms":96}
{"time":"2026-10-07T12:15:41.351631+08:00","level":"INFO","msg":"http request complete","request_id":"01a11493-02f4-7631-991f-c5b19daa17e8","method":"GET","status_code":200,"duration_ms":51}
{"time":"2026-10-07T12:15:41.745137+08:00","level":"INFO","msg":"http request complete","request_id":"01a11493-03f2-731c-9d2f-ab8710ee22b8","method":"GET","status_code":200,"duration_ms":190}
{"time":"2026-10-07T12:15:42.038668+08:00","level":"INFO","msg":"http request complete","request_id":"01a11493-057b-7aa6-b610-69dbf7eb19b6","method":"GET","status_code":200,"duration_ms":90}
{"time":"2026-10-07T12:15:42.372207+08:00","level":"INFO","msg":"http request complete","request_id":"01a11493-06a0-7841-bb4f-d3b661290978","method":"GET","status_code":200,"duration_ms":131}
{"time":"2026-10-07T12:15:42.683152+08:00","level":"INFO","msg":"http request complete","request_id":"01a11493-07ee-7b00-82b7-846506272666","method":"GET","status_code":200,"duration_ms":108}
{"time":"2026-10-07T12:15:42.95471+08:00","level":"INFO","msg":"http request complete","request_id":"01a11493-0925-7cb2-b58d-c0f604f2ce98","method":"GET","status_code":200,"duration_ms":68}
{"time":"2026-10-07T12:15:43.190808+08:00","level":"INFO","msg":"http request complete","request_id":"01a11493-0a34-7612-8cd6-e249bc44ccd7","method":"GET","status_code":200,"duration_ms":34}
{"time":"2026-10-07T12:15:43.461423+08:00","level":"INFO","msg":"http request complete","request_id":"01a11493-0b24-71ec-a227-01623de84fe0","method":"GET","status_code":200,"duration_ms":65}
{"time":"2026-10-07T12:15:43.731781+08:00","level":"INFO","msg":"http request complete","request_id":"01a11493-0c30-7207-999b-898dd36de7f3","method":"GET","status_code":200,"duration_ms":67}
{"time":"2026-10-07T12:15:43.993283+08:00","level":"INFO","msg":"http request complete","request_id":"01a11493-0d3e-75a9-a6c7-0c28404d97fe","method":"GET","status_code":200,"duration_ms":58}
{"time":"2026-10-07T12:15:44.304841+08:00","level":"INFO","msg":"http request complete","request_id":"01a11493-0e43-7226-8dc9-fa511f0460ca","method":"GET","status_code":200,"duration_ms":109}
{"time":"2026-10-07T12:15:44.595012+08:00","level":"INFO","msg":"http request complete","request_id":"01a11493-0f7b-70f2-9c75-f3ed7d71de11","method":"GET","status_code":200,"duration_ms":87}
{"time":"2026-10-07T12:15:44.917522+08:00","level":"INFO","msg":"http request complete","request_id":"01a11493-109d-7a4c-a7d7-05109a3fa74c","method":"GET","status_code":200,"duration_ms":119}
{"time":"2026-10-07T12:15:45.187821+08:00","level":"INFO","msg":"http request complete","request_id":"01a11493-11de-7bac-8e46-4446e5b13acc","method":"GET","status_code":200,"duration_ms":69}
{"time":"2026-10-07T12:15:45.558836+08:00","level":"INFO","msg":"http request complete","request_id":"01a11493-12ed-7a60-96a7-663e8c2d1412","method":"GET","status_code":200,"duration_ms":169}
{"time":"2026-10-07T12:15:45.870017+08:00","level":"INFO","msg":"http request complete","request_id":"01a11493-1461-77ac-a7f7-dde617aa93ba","method":"GET","status_code":200,"duration_ms":108}
{"time":"2026-10-07T12:15:46.17439+08:00","level":"INFO","msg":"http request complete","request_id":"01a11493-1598-7c6b-a8b3-ee30e26d5478","method":"GET","status_code":200,"duration_ms":101}
{"time":"2026-10-07T12:15:46.469326+08:00","level":"INFO","msg":"http request complete","request_id":"01a11493-16c9-7274-b2bf-c955a0f7d818","method":"GET","status_code":200,"duration_ms":92}
{"time":"2026-10-07T12:15:46.752003+08:00","level":"INFO","msg":"http request complete","request_id":"01a11493-17f1-7071-8bab-414ffede4776","method":"GET","status_code":200,"duration_ms":78}
{"time":"2026-10-07T12:15:46.9775+08:00","level":"INFO","msg":"http request complete","request_id":"01a11493-190a-70d2-abb1-534210c64f7d","method":"GET","status_code":200,"duration_ms":23}
{"time":"2026-10-07T12:15:47.277983+08:00","level":"INFO","msg":"http request complete","request_id":"01a11493-19ec-75e3-8684-fdb70ff779b4","method":"GET","status_code":200,"duration_ms":97}
{"time":"2026-10-07T12:15:47.627312+08:00","level":"INFO","msg":"http request complete","request_id":"01a11493-1b17-7dd6-aae8-227427d3ff18","method":"GET","status_code":200,"duration_ms":147}
{"time":"2026-10-07T12:15:47.891685+08:00","level":"INFO","msg":"http request complete","request_id":"01a11493-1c75-7766-a359-c3deadfd2b91","method":"GET","status_code":200,"duration_ms":62}
{"time":"2026-10-07T12:15:48.214549+08:00","level":"INFO","msg":"http request complete","request_id":"01a11493-1d7d-7cc1-b21e-d6a1ac063236","method":"GET","status_code":200,"duration_ms":120}
{"time":"2026-10-07T12:15:48.461156+08:00","level":"INFO","msg":"http request complete","request_id":"01a11493-1ec1-70bb-bda3-f64fe01d8ede","method":"GET","status_code":200,"duration_ms":44}
{"time":"2026-10-07T12:15:48.743895+08:00","level":"INFO","msg":"http request complete","request_id":"01a11493-1fb7-7660-b6db-a70db39244c0","method":"GET","status_code":200,"duration_ms":80}
{"time":"2026-10-07T12:15:48.999386+08:00","level":"INFO","msg":"http request complete","request_id":"01a11493-20d3-793b-8c1d-47c5a70c17af","method":"GET","status_code":200,"duration_ms":51}
{"time":"2026-10-07T12:15:49.252226+08:00","level":"INFO","msg":"http request complete","request_id":"01a11493-21d2-7138-9d0c-c2ede2ede094","method":"GET","status_code":200,"duration_ms":50}
{"time":"2026-10-07T12:15:49.504837+08:00","level":"INFO","msg":"http request complete","request_id":"01a11493-22ce-763d-9aa0-5095013c2b2b","method":"GET","status_code":200,"duration_ms":50}
{"time":"2026-10-07T12:15:49.832691+08:00","level":"INFO","msg":"http request complete","request_id":"01a11493-23cc-7465-ae8c-1f3ca98242e7","method":"GET","status_code":200,"duration_ms":124}
{"time":"2026-10-07T12:15:50.095127+08:00","level":"INFO","msg":"http request complete","request_id":"01a11493-2513-79e3-b118-195689c8e8ab","method":"GET","status_code":200,"duration_ms":59}
{"time":"2026-10-07T12:15:50.391152+08:00","level":"INFO","msg":"http request complete","request_id":"01a11493-261a-75fb-b4a1-626e015bdf78","method":"GET","status_code":200,"duration_ms":92}
{"time":"2026-10-07T12:15:50.667492+08:00","level":"INFO","msg":"http request complete","request_id":"01a11493-2742-7392-ac2c-3b8e4e690c4b","method":"GET","status_code":200,"duration_ms":73}
{"time":"2026-10-07T12:15:50.909585+08:00","level":"INFO","msg":"http request complete","request_id":"01a11493-2854-7e4c-a654-179795e586b3","method":"GET","status_code":200,"duration_ms":40}
{"time":"2026-10-07T12:15:51.348067+08:00","level":"INFO","msg":"http request complete","request_id":"01a11493-2948-7887-b709-ed6f68917e65","method":"GET","status_code":200,"duration_ms":235}
{"time":"2026-10-07T12:15:51.774486+08:00","level":"INFO","msg":"http request complete","request_id":"01a11493-2afe-76dd-9a19-acd84769c6bf","method":"GET","status_code":200,"duration_ms":223}
{"time":"2026-10-07T12:15:52.252635+08:00","level":"INFO","msg":"http request complete","request_id":"01a11493-2ca8-7441-8109-50d0e0b1aafe","method":"GET","status_code":200,"duration_ms":276}
{"time":"2026-10-07T12:15:52.713799+08:00","level":"INFO","msg":"http request complete","request_id":"01a11493-2e8b-74a7-ad42-abe64b367fbd","method":"GET","status_code":200,"duration_ms":254}
{"time":"2026-10-07T12:15:53.185607+08:00","level":"INFO","msg":"http request complete","request_id":"01a11493-3054-7693-ba94-12fefea36c73","method":"GET","status_code":200,"duration_ms":269}
{"time":"2026-10-07T12:15:53.571831+08:00","level":"INFO","msg":"http request complete","request_id":"01a11493-322b-7340-b446-756dfabdac9c","method":"GET","status_code":200,"duration_ms":184}
{"time":"2026-10-07T12:15:53.946291+08:00","level":"INFO","msg":"http request complete","request_id":"01a11493-33ad-7eb9-a265-bb75ceff819f","method":"GET","status_code":200,"duration_ms":172}
{"time":"2026-10-07T12:15:54.555593+08:00","level":"INFO","msg":"http request complete","request_id":"01a11493-3524-7728-bf4c-60737d092d26","method":"GET","status_code":200,"duration_ms":407}
{"time":"2026-10-07T12:15:55.150427+08:00","level":"INFO","msg":"http request complete","request_id":"01a11493-3785-75ef-bbb3-2ba6c49f3e6b","method":"GET","status_code":200,"duration_ms":388}
{"time":"2026-10-07T12:15:55.689644+08:00","level":"INFO","msg":"http request complete","request_id":"01a11493-39d8-7c6f-a549-9130a1e4e6ef","method":"GET","status_code":200,"duration_ms":336}
{"time":"2026-10-07T12:15:56.204844+08:00","level":"INFO","msg":"http request complete","request_id":"01a11493-3bf4-71e8-9a6c-673dc373454b","method":"GET","status_code":200,"duration_ms":312}
{"time":"2026-10-07T12:15:56.704156+08:00","level":"INFO","msg":"http request complete","request_id":"01a11493-3df7-78d1-baac-9fd1eacb3eff","method":"GET","status_code":200,"duration_ms":296}
{"time":"2026-10-07T12:15:57.350707+08:00","level":"INFO","msg":"http request complete","request_id":"01a11493-3feb-75d8-b5e3-0ccab303fc9f","method":"GET","status_code":200,"duration_ms":443}
{"time":"2026-10-07T12:15:58.065597+08:00","level":"INFO","msg":"http request complete","request_id":"01a11493-4271-72b7-8de8-571b7613a7d5","method":"GET","status_code":200,"duration_ms":512}
{"time":"2026-10-07T12:15:58.825121+08:00","level":"INFO","msg":"http request complete","request_id":"01a11493-453c-7324-9e43-11a2a4d66771","method":"GET","status_code":200,"duration_ms":556}
{"time":"2026-10-07T12:15:59.468846+08:00","level":"INFO","msg":"http request complete","request_id":"01a11493-4833-7bd3-8587-498cf1270264","method":"GET","status_code":200,"duration_ms":441}
{"time":"2026-10-07T12:15:59.834298+08:00","level":"INFO","msg":"http request complete","request_id":"01a11493-4ab7-74e5-a1c0-015210668cd8","method":"GET","status_code":200,"duration_ms":162}
{"time":"2026-10-07T12:16:00.197144+08:00","level":"INFO","msg":"http request complete","request_id":"01a11493-4c24-75e3-b8de-7774cd49cc43","method":"GET","status_code":200,"duration_ms":160}
{"time":"2026-10-07T12:16:00.635897+08:00","level":"INFO","msg":"http request complete","request_id":"01a11493-4d8f-746c-bdf6-4db3b255e6da","method":"GET","status_code":200,"duration_ms":236}
{"time":"2026-10-07T12:16:01.148087+08:00","level":"INFO","msg":"http request complete","request_id":"01a11493-4f45-780e-886a-f43c1af7b8ba","method":"GET","status_code":200,"duration_ms":310}
{"time":"2026-10-07T12:16:01.499509+08:00","level":"INFO","msg":"http request complete","request_id":"01a11493-5146-7704-ae24-6fb3d332ac7b","method":"GET","status_code":200,"duration_ms":149}
{"time":"2026-10-07T12:16:01.869297+08:00","level":"INFO","msg":"http request complete","request_id":"01a11493-52a5-7ad5-9143-4e56a400ef3d","method":"GET","status_code":200,"duration_ms":167}
{"time":"2026-10-07T12:16:02.24788+08:00","level":"INFO","msg":"http request complete","request_id":"01a11493-5417-78d5-984c-6dc8653262ae","method":"GET","status_code":200,"duration_ms":176}
{"time":"2026-10-07T12:16:02.606494+08:00","level":"INFO","msg":"http request complete","request_id":"01a11493-5592-76ca-97ab-22141b9568a4","method":"GET","status_code":200,"duration_ms":155}
{"time":"2026-10-07T12:16:03.150036+08:00","level":"INFO","msg":"http request complete","request_id":"01a11493-56f8-7d81-847e-18eed766d814","method":"GET","status_code":200,"duration_ms":341}
{"time":"2026-10-07T12:16:03.52324+08:00","level":"INFO","msg":"http request complete","request_id":"01a11493-5918-7756-bbf3-a496c58f967a","method":"GET","status_code":200,"duration_ms":170}
{"time":"2026-10-07T12:16:03.888142+08:00","level":"INFO","msg":"http request complete","request_id":"01a11493-5a8d-789b-8bd9-a673436b619c","method":"GET","status_code":200,"duration_ms":162}
{"time":"2026-10-07T12:16:04.334273+08:00","level":"INFO","msg":"http request complete","request_id":"01a11493-5bfa-7971-93ab-27487b983377","method":"GET","status_code":200,"duration_ms":243}
{"time":"2026-10-07T12:16:04.700851+08:00","level":"INFO","msg":"http request complete","request_id":"01a11493-5db8-7b85-bce4-1e36f313c383","method":"GET","status_code":200,"duration_ms":164}
{"time":"2026-10-07T12:16:05.178516+08:00","level":"INFO","msg":"http request complete","request_id":"01a11493-5f27-734b-abf1-942984c7a152","method":"GET","status_code":200,"duration_ms":275}
{"time":"2026-10-07T12:16:05.610507+08:00","level":"INFO","msg":"http request complete","request_id":"01a11493-6104-79b0-916c-d55ffca633b3","method":"GET","status_code":200,"duration_ms":229}
{"time":"2026-10-07T12:16:05.991647+08:00","level":"INFO","msg":"http request complete","request_id":"01a11493-62b4-7d36-baa6-7085b6022539","method":"GET","status_code":200,"duration_ms":178}
{"time":"2026-10-07T12:16:06.390684+08:00","level":"INFO","msg":"http request complete","request_id":"01a11493-6431-766c-9f17-eae0efb17329","method":"GET","status_code":200,"duration_ms":197}
{"time":"2026-10-07T12:16:06.775735+08:00","level":"INFO","msg":"http request complete","request_id":"01a11493-65c1-73a9-98c3-ddd6ac5d9e5b","method":"GET","status_code":200,"duration_ms":182}
{"time":"2026-10-07T12:16:07.492371+08:00","level":"INFO","msg":"http request complete","request_id":"01a11493-6741-7340-b922-9a113a476174","method":"GET","status_code":200,"duration_ms":515}
{"time":"2026-10-07T12:16:08.0839+08:00","level":"INFO","msg":"http request complete","request_id":"01a11493-6a0e-74f9-8a67-9a320ac7ed78","method":"GET","status_code":200,"duration_ms":389}
{"time":"2026-10-07T12:16:08.787763+08:00","level":"INFO","msg":"http request complete","request_id":"01a11493-6c5e-7236-83ac-7890a535e074","method":"GET","status_code":200,"duration_ms":501}
{"time":"2026-10-07T12:16:09.594628+08:00","level":"INFO","msg":"http request complete","request_id":"01a11493-6f1d-72f9-ac02-e20fd96424cf","method":"GET","status_code":200,"duration_ms":605}
{"time":"2026-10-07T12:16:10.204491+08:00","level":"INFO","msg":"http request complete","request_id":"01a11493-7244-77fe-9a39-5551b3150cf4","method":"GET","status_code":200,"duration_ms":407}
{"time":"2026-10-07T12:16:10.829504+08:00","level":"INFO","msg":"http request complete","request_id":"01a11493-74a7-70cb-99a3-e06abb052cfe","method":"GET","status_code":200,"duration_ms":422}
{"time":"2026-10-07T12:16:10.833837+08:00","level":"INFO","msg":"http request complete","request_id":"01a11493-764f-7697-9a20-d16e76778074","method":"POST","status_code":409,"duration_ms":2}
{"time":"2026-10-07T12:16:10.888129+08:00","level":"INFO","msg":"http request complete","request_id":"01a11493-7652-729b-90d2-84edcb3d12f3","method":"POST","status_code":200,"duration_ms":53}
{"time":"2026-10-07T12:16:10.924843+08:00","level":"INFO","msg":"http request complete","request_id":"01a11493-7689-7b98-93e3-afb4c544c513","method":"POST","status_code":200,"duration_ms":35}
{"time":"2026-10-07T12:16:10.925333+08:00","level":"WARN","msg":"Graph Lease renewal unavailable","stage":"lease_cas"}
{"time":"2026-10-07T12:16:10.925458+08:00","level":"WARN","msg":"SP05 durable reducer pass unavailable","errorClass":"canceled"}
{"time":"2026-10-07T12:16:10.925457+08:00","level":"WARN","msg":"Graph ownership not ready","qualification":{"/v1/configmaps":"watch_disconnected","/v1/events":"watch_disconnected","/v1/nodes":"watch_disconnected","/v1/persistentvolumeclaims":"watch_disconnected","/v1/persistentvolumes":"watch_disconnected","/v1/pods":"watch_disconnected","/v1/services":"watch_disconnected","apps/v1/daemonsets":"watch_disconnected","apps/v1/deployments":"watch_disconnected","apps/v1/replicasets":"watch_disconnected","apps/v1/statefulsets":"watch_disconnected","batch/v1/jobs":"watch_disconnected","discovery.k8s.io/v1/endpointslices":"watch_disconnected","storage.k8s.io/v1/csidrivers":"watch_disconnected","storage.k8s.io/v1/csinodes":"watch_disconnected","storage.k8s.io/v1/storageclasses":"watch_disconnected","storage.k8s.io/v1/volumeattachments":"watch_disconnected"}}
{"time":"2026-10-07T12:16:11.152809+08:00","level":"WARN","msg":"Graph ownership not ready","qualification":{"/v1/configmaps":"list_missing","/v1/events":"list_missing","/v1/nodes":"list_missing","/v1/persistentvolumeclaims":"list_missing","/v1/persistentvolumes":"list_missing","/v1/pods":"list_missing","/v1/services":"list_missing","apps/v1/daemonsets":"list_missing","apps/v1/deployments":"list_missing","apps/v1/replicasets":"list_missing","apps/v1/statefulsets":"list_missing","batch/v1/jobs":"list_missing","discovery.k8s.io/v1/endpointslices":"list_missing","storage.k8s.io/v1/csidrivers":"list_missing","storage.k8s.io/v1/csinodes":"list_missing","storage.k8s.io/v1/storageclasses":"list_missing","storage.k8s.io/v1/volumeattachments":"list_missing"}}
{"time":"2026-10-07T12:16:11.155453+08:00","level":"WARN","msg":"SP05 official observation unavailable","errorClass":"canceled"}
{"time":"2026-10-07T12:16:11.171726+08:00","level":"INFO","msg":"http request complete","request_id":"01a11493-7793-7a8b-aecd-1acf99f4fdfb","method":"POST","status_code":200,"duration_ms":15}
{"time":"2026-10-07T12:16:11.208467+08:00","level":"INFO","msg":"http request complete","request_id":"01a11493-77a4-7f23-87cb-1cf39e5fc032","method":"POST","status_code":200,"duration_ms":35}
{"time":"2026-10-07T12:16:11.272218+08:00","level":"INFO","msg":"http request complete","request_id":"01a11493-77ed-7576-8747-2bbf07c7387b","method":"POST","status_code":200,"duration_ms":26}
{"time":"2026-10-07T12:16:11.361731+08:00","level":"INFO","msg":"http request complete","request_id":"01a11493-781e-71c9-bdf5-73dc5b55e24f","method":"POST","status_code":200,"duration_ms":67}
{"time":"2026-10-07T12:16:11.385092+08:00","level":"INFO","msg":"http request complete","request_id":"01a11493-7862-72ca-8d85-efb65c401f96","method":"POST","status_code":200,"duration_ms":22}
{"time":"2026-10-07T12:16:11.417131+08:00","level":"INFO","msg":"http request complete","request_id":"01a11493-7879-7999-9cc8-e6baa06eca30","method":"POST","status_code":409,"duration_ms":31}
{"time":"2026-10-07T12:16:11.430229+08:00","level":"INFO","msg":"http request complete","request_id":"01a11493-789f-7518-b35a-075e07e38216","method":"POST","status_code":403,"duration_ms":6}
{"time":"2026-10-07T12:16:11.515568+08:00","level":"INFO","msg":"http request complete","request_id":"01a11493-78bc-7a60-9e67-4f9ba5930d8e","method":"POST","status_code":200,"duration_ms":62}
{"time":"2026-10-07T12:16:11.542039+08:00","level":"INFO","msg":"http request complete","request_id":"01a11493-78fc-70e6-8958-bac59771fe0c","method":"POST","status_code":200,"duration_ms":25}
{"time":"2026-10-07T12:16:11.598499+08:00","level":"INFO","msg":"http request complete","request_id":"01a11493-7917-74f9-b5a1-23820d2e3656","method":"POST","status_code":409,"duration_ms":55}
{"time":"2026-10-07T12:16:11.628197+08:00","level":"INFO","msg":"http request complete","request_id":"01a11493-794f-769f-88e3-3befc00576f0","method":"POST","status_code":200,"duration_ms":28}
{"time":"2026-10-07T12:16:11.652687+08:00","level":"INFO","msg":"http request complete","request_id":"01a11493-796c-7a5c-9246-45b96ff84677","method":"POST","status_code":200,"duration_ms":23}
{"time":"2026-10-07T12:16:11.67312+08:00","level":"INFO","msg":"http request complete","request_id":"01a11493-7985-7816-9ed4-1453de943d99","method":"POST","status_code":409,"duration_ms":19}
{"time":"2026-10-07T12:16:11.691038+08:00","level":"INFO","msg":"http request complete","request_id":"01a11493-799d-7664-8bf2-9e64bb321c3b","method":"POST","status_code":403,"duration_ms":13}
{"time":"2026-10-07T12:16:11.712569+08:00","level":"INFO","msg":"http request complete","request_id":"01a11493-79bf-7547-8b81-b8232ba2643b","method":"POST","status_code":403,"duration_ms":1}
{"time":"2026-10-07T12:16:11.71374+08:00","level":"INFO","msg":"http request complete","request_id":"01a11493-79c0-7d04-a450-cd409e041a01","method":"POST","status_code":403,"duration_ms":0}
{"time":"2026-10-07T12:16:11.714795+08:00","level":"INFO","msg":"http request complete","request_id":"01a11493-79c1-7ea9-829a-4b2df0ec2326","method":"POST","status_code":403,"duration_ms":0}
{"time":"2026-10-07T12:16:11.725523+08:00","level":"INFO","msg":"http request complete","request_id":"01a11493-79cc-7789-9deb-32f70ab8b2af","method":"POST","status_code":403,"duration_ms":0}
2026/10/07 12:16:23 OK   00001_roles_and_schemas.sql (83.01ms)
2026/10/07 12:16:23 goose: successfully migrated database to version: 1
2026/10/07 12:16:23 OK   00002_platform_meta.sql (97.07ms)
2026/10/07 12:16:23 OK   00003_finding.sql (22.99ms)
2026/10/07 12:16:23 OK   00004_incident.sql (61.72ms)
2026/10/07 12:16:23 OK   00005_investigation.sql (34.59ms)
2026/10/07 12:16:23 OK   00006_action_command.sql (38.22ms)
2026/10/07 12:16:23 OK   00007_audit.sql (54.1ms)
2026/10/07 12:16:23 OK   00008_rls.sql (38ms)
2026/10/07 12:16:23 OK   00009_idempotency_ledger.sql (70.15ms)
2026/10/07 12:16:23 OK   00010_tenant_provisioning.sql (14.05ms)
2026/10/07 12:16:23 OK   00011_source_registration_history.sql (83.02ms)
2026/10/07 12:16:23 OK   00012_config_registry_lifecycle.sql (81.77ms)
2026/10/07 12:16:23 OK   00013_audit_signed_segments.sql (38.08ms)
2026/10/07 12:16:24 OK   00014_audit_segment_predecessors.sql (35.23ms)
2026/10/07 12:16:24 OK   00015_source_schema_scope.sql (21.43ms)
2026/10/07 12:16:24 OK   00016_cluster_registration_metadata.sql (8.93ms)
2026/10/07 12:16:24 OK   00017_source_data_scope.sql (75.84ms)
2026/10/07 12:16:24 OK   00018_sp04_resources_evidence.sql (94.06ms)
2026/10/07 12:16:24 OK   00019_sp04_archive_ciphertext_bytes.sql (30.19ms)
2026/10/07 12:16:24 OK   00020_sp04_request_ledger.sql (57.13ms)
2026/10/07 12:16:24 OK   00021_sp04_archive_protection.sql (29.91ms)
2026/10/07 12:16:24 OK   00022_sp04_legal_hold_dependencies.sql (18.65ms)
2026/10/07 12:16:24 OK   00023_sp04_archive_query_intent.sql (27.91ms)
2026/10/07 12:16:24 OK   00024_sp05_finding_incident.sql (104.53ms)
2026/10/07 12:16:24 OK   00025_sp05_incident_event_time.sql (4.83ms)
2026/10/07 12:16:24 OK   00026_sp05_source_binding_lock.sql (11.27ms)
2026/10/07 12:16:24 OK   00027_sp05_rca_and_poll.sql (48.92ms)
2026/10/07 12:16:24 OK   00028_sp05_operator_lock.sql (10.35ms)
2026/10/07 12:16:24 OK   00029_sp05_evidence_links.sql (23.62ms)
2026/10/07 12:16:24 OK   00030_sp05_recipe_fence.sql (27.53ms)
2026/10/07 12:16:24 OK   00031_sp05_rca_postcheck.sql (20.87ms)
2026/10/07 12:16:24 OK   00032_sp05_transport_audit.sql (31.5ms)
2026/10/07 12:16:24 OK   00033_sp05_poll_resolution_clock.sql (11.82ms)
2026/10/07 12:16:24 OK   00034_sp06_investigation_ledger.sql (81.33ms)
2026/10/07 12:16:24 OK   00035_sp06_admission_data_classes.sql (21.83ms)
2026/10/07 12:16:24 goose: successfully migrated database to version: 35
2026/10/07 12:16:26 OK   00001_roles_and_schemas.sql (64.67ms)
2026/10/07 12:16:26 goose: successfully migrated database to version: 1
2026/10/07 12:16:26 OK   00002_platform_meta.sql (60.09ms)
2026/10/07 12:16:26 OK   00003_finding.sql (14.02ms)
2026/10/07 12:16:26 OK   00004_incident.sql (23.01ms)
2026/10/07 12:16:26 OK   00005_investigation.sql (20.16ms)
2026/10/07 12:16:26 OK   00006_action_command.sql (18.13ms)
2026/10/07 12:16:26 OK   00007_audit.sql (13.16ms)
2026/10/07 12:16:26 OK   00008_rls.sql (31.66ms)
2026/10/07 12:16:26 OK   00009_idempotency_ledger.sql (14.57ms)
2026/10/07 12:16:26 OK   00010_tenant_provisioning.sql (10ms)
2026/10/07 12:16:26 OK   00011_source_registration_history.sql (10.68ms)
2026/10/07 12:16:26 OK   00012_config_registry_lifecycle.sql (23.2ms)
2026/10/07 12:16:26 OK   00013_audit_signed_segments.sql (40.02ms)
2026/10/07 12:16:26 OK   00014_audit_segment_predecessors.sql (13.14ms)
2026/10/07 12:16:26 OK   00015_source_schema_scope.sql (5.63ms)
2026/10/07 12:16:26 OK   00016_cluster_registration_metadata.sql (13.57ms)
2026/10/07 12:16:26 OK   00017_source_data_scope.sql (11.01ms)
2026/10/07 12:16:26 OK   00018_sp04_resources_evidence.sql (40.96ms)
2026/10/07 12:16:26 OK   00019_sp04_archive_ciphertext_bytes.sql (4.74ms)
2026/10/07 12:16:26 OK   00020_sp04_request_ledger.sql (11.51ms)
2026/10/07 12:16:26 OK   00021_sp04_archive_protection.sql (16.55ms)
2026/10/07 12:16:26 OK   00022_sp04_legal_hold_dependencies.sql (11.74ms)
2026/10/07 12:16:26 OK   00023_sp04_archive_query_intent.sql (8.24ms)
2026/10/07 12:16:26 OK   00024_sp05_finding_incident.sql (37.57ms)
2026/10/07 12:16:26 OK   00025_sp05_incident_event_time.sql (6.95ms)
2026/10/07 12:16:26 OK   00026_sp05_source_binding_lock.sql (6.39ms)
2026/10/07 12:16:26 OK   00027_sp05_rca_and_poll.sql (23.55ms)
2026/10/07 12:16:26 OK   00028_sp05_operator_lock.sql (13.46ms)
2026/10/07 12:16:26 OK   00029_sp05_evidence_links.sql (21.04ms)
2026/10/07 12:16:26 OK   00030_sp05_recipe_fence.sql (4.1ms)
2026/10/07 12:16:26 OK   00031_sp05_rca_postcheck.sql (2.97ms)
2026/10/07 12:16:26 OK   00032_sp05_transport_audit.sql (7.1ms)
2026/10/07 12:16:26 OK   00033_sp05_poll_resolution_clock.sql (6.99ms)
2026/10/07 12:16:26 OK   00034_sp06_investigation_ledger.sql (52.57ms)
2026/10/07 12:16:26 OK   00035_sp06_admission_data_classes.sql (3.23ms)
2026/10/07 12:16:26 goose: successfully migrated database to version: 35
2026/10/07 12:18:08 OK   00001_roles_and_schemas.sql (148.56ms)
2026/10/07 12:18:08 goose: successfully migrated database to version: 1
2026/10/07 12:18:08 OK   00002_platform_meta.sql (100.5ms)
2026/10/07 12:18:09 OK   00003_finding.sql (97.95ms)
2026/10/07 12:18:09 OK   00004_incident.sql (54.99ms)
2026/10/07 12:18:09 OK   00005_investigation.sql (40.72ms)
2026/10/07 12:18:09 OK   00006_action_command.sql (16.35ms)
2026/10/07 12:18:09 OK   00007_audit.sql (18.41ms)
2026/10/07 12:18:09 OK   00008_rls.sql (16.74ms)
2026/10/07 12:18:09 OK   00009_idempotency_ledger.sql (32.54ms)
2026/10/07 12:18:09 OK   00010_tenant_provisioning.sql (13.34ms)
2026/10/07 12:18:09 OK   00011_source_registration_history.sql (15.35ms)
2026/10/07 12:18:09 OK   00012_config_registry_lifecycle.sql (27.34ms)
2026/10/07 12:18:09 OK   00013_audit_signed_segments.sql (88.25ms)
2026/10/07 12:18:09 OK   00014_audit_segment_predecessors.sql (34.94ms)
2026/10/07 12:18:09 OK   00015_source_schema_scope.sql (20.89ms)
2026/10/07 12:18:09 OK   00016_cluster_registration_metadata.sql (39.02ms)
2026/10/07 12:18:09 OK   00017_source_data_scope.sql (8.71ms)
2026/10/07 12:18:09 OK   00018_sp04_resources_evidence.sql (100.89ms)
2026/10/07 12:18:09 OK   00019_sp04_archive_ciphertext_bytes.sql (11.23ms)
2026/10/07 12:18:09 OK   00020_sp04_request_ledger.sql (46.11ms)
2026/10/07 12:18:09 OK   00021_sp04_archive_protection.sql (33.61ms)
2026/10/07 12:18:09 OK   00022_sp04_legal_hold_dependencies.sql (34.24ms)
2026/10/07 12:18:09 OK   00023_sp04_archive_query_intent.sql (15.33ms)
2026/10/07 12:18:09 OK   00024_sp05_finding_incident.sql (73ms)
2026/10/07 12:18:09 OK   00025_sp05_incident_event_time.sql (8.72ms)
2026/10/07 12:18:09 OK   00026_sp05_source_binding_lock.sql (15.73ms)
2026/10/07 12:18:09 OK   00027_sp05_rca_and_poll.sql (14.08ms)
2026/10/07 12:18:09 OK   00028_sp05_operator_lock.sql (7.87ms)
2026/10/07 12:18:09 OK   00029_sp05_evidence_links.sql (23.81ms)
2026/10/07 12:18:09 OK   00030_sp05_recipe_fence.sql (20.38ms)
2026/10/07 12:18:09 OK   00031_sp05_rca_postcheck.sql (13.01ms)
2026/10/07 12:18:09 OK   00032_sp05_transport_audit.sql (3.78ms)
2026/10/07 12:18:09 OK   00033_sp05_poll_resolution_clock.sql (3.88ms)
2026/10/07 12:18:10 OK   00034_sp06_investigation_ledger.sql (115.33ms)
2026/10/07 12:18:10 OK   00035_sp06_admission_data_classes.sql (9.21ms)
2026/10/07 12:18:10 goose: successfully migrated database to version: 35
2026/10/07 12:18:57 OK   00001_roles_and_schemas.sql (63.19ms)
2026/10/07 12:18:57 goose: successfully migrated database to version: 1
2026/10/07 12:18:57 OK   00002_platform_meta.sql (63.18ms)
2026/10/07 12:18:57 OK   00003_finding.sql (46.69ms)
2026/10/07 12:18:57 OK   00004_incident.sql (14.76ms)
2026/10/07 12:18:57 OK   00005_investigation.sql (7.8ms)
2026/10/07 12:18:57 OK   00006_action_command.sql (16.83ms)
2026/10/07 12:18:57 OK   00007_audit.sql (33.83ms)
2026/10/07 12:18:57 OK   00008_rls.sql (22.13ms)
2026/10/07 12:18:57 OK   00009_idempotency_ledger.sql (18.53ms)
2026/10/07 12:18:57 OK   00010_tenant_provisioning.sql (12.19ms)
2026/10/07 12:18:57 OK   00011_source_registration_history.sql (57.01ms)
2026/10/07 12:18:57 OK   00012_config_registry_lifecycle.sql (27.62ms)
2026/10/07 12:18:57 OK   00013_audit_signed_segments.sql (33.74ms)
2026/10/07 12:18:57 OK   00014_audit_segment_predecessors.sql (36.33ms)
2026/10/07 12:18:57 OK   00015_source_schema_scope.sql (19.77ms)
2026/10/07 12:18:57 OK   00016_cluster_registration_metadata.sql (27.21ms)
2026/10/07 12:18:57 OK   00017_source_data_scope.sql (8.64ms)
2026/10/07 12:18:57 OK   00018_sp04_resources_evidence.sql (34.62ms)
2026/10/07 12:18:57 OK   00019_sp04_archive_ciphertext_bytes.sql (13.21ms)
2026/10/07 12:18:57 OK   00020_sp04_request_ledger.sql (60.23ms)
2026/10/07 12:18:57 OK   00021_sp04_archive_protection.sql (7.34ms)
2026/10/07 12:18:57 OK   00022_sp04_legal_hold_dependencies.sql (17.04ms)
2026/10/07 12:18:57 OK   00023_sp04_archive_query_intent.sql (45.49ms)
2026/10/07 12:18:57 OK   00024_sp05_finding_incident.sql (53.59ms)
2026/10/07 12:18:57 OK   00025_sp05_incident_event_time.sql (7.99ms)
2026/10/07 12:18:57 OK   00026_sp05_source_binding_lock.sql (11.31ms)
2026/10/07 12:18:57 OK   00027_sp05_rca_and_poll.sql (22.81ms)
2026/10/07 12:18:57 OK   00028_sp05_operator_lock.sql (8.8ms)
2026/10/07 12:18:57 OK   00029_sp05_evidence_links.sql (11.09ms)
2026/10/07 12:18:57 OK   00030_sp05_recipe_fence.sql (8.86ms)
2026/10/07 12:18:57 OK   00031_sp05_rca_postcheck.sql (4.56ms)
2026/10/07 12:18:57 OK   00032_sp05_transport_audit.sql (3.61ms)
2026/10/07 12:18:57 OK   00033_sp05_poll_resolution_clock.sql (4.67ms)
2026/10/07 12:18:57 OK   00034_sp06_investigation_ledger.sql (60.85ms)
2026/10/07 12:18:57 OK   00035_sp06_admission_data_classes.sql (3.69ms)
2026/10/07 12:18:57 goose: successfully migrated database to version: 35
2026/10/07 12:19:01 OK   00001_roles_and_schemas.sql (47.02ms)
2026/10/07 12:19:01 goose: successfully migrated database to version: 1
2026/10/07 12:19:01 OK   00002_platform_meta.sql (49.07ms)
2026/10/07 12:19:01 OK   00003_finding.sql (21.12ms)
2026/10/07 12:19:01 OK   00004_incident.sql (15.82ms)
2026/10/07 12:19:01 OK   00005_investigation.sql (16.61ms)
2026/10/07 12:19:01 OK   00006_action_command.sql (10.37ms)
2026/10/07 12:19:01 OK   00007_audit.sql (23.3ms)
2026/10/07 12:19:01 OK   00008_rls.sql (23.5ms)
2026/10/07 12:19:01 OK   00009_idempotency_ledger.sql (12.89ms)
2026/10/07 12:19:01 OK   00010_tenant_provisioning.sql (9.23ms)
2026/10/07 12:19:01 OK   00011_source_registration_history.sql (9.67ms)
2026/10/07 12:19:01 OK   00012_config_registry_lifecycle.sql (19.16ms)
2026/10/07 12:19:01 OK   00013_audit_signed_segments.sql (25.85ms)
2026/10/07 12:19:01 OK   00014_audit_segment_predecessors.sql (17.29ms)
2026/10/07 12:19:01 OK   00015_source_schema_scope.sql (5.98ms)
2026/10/07 12:19:01 OK   00016_cluster_registration_metadata.sql (8.56ms)
2026/10/07 12:19:01 OK   00017_source_data_scope.sql (10.26ms)
2026/10/07 12:19:01 OK   00018_sp04_resources_evidence.sql (63.84ms)
2026/10/07 12:19:01 OK   00019_sp04_archive_ciphertext_bytes.sql (10.31ms)
2026/10/07 12:19:01 OK   00020_sp04_request_ledger.sql (20.76ms)
2026/10/07 12:19:01 OK   00021_sp04_archive_protection.sql (6.99ms)
2026/10/07 12:19:01 OK   00022_sp04_legal_hold_dependencies.sql (32.58ms)
2026/10/07 12:19:01 OK   00023_sp04_archive_query_intent.sql (6.51ms)
2026/10/07 12:19:01 OK   00024_sp05_finding_incident.sql (46ms)
2026/10/07 12:19:01 OK   00025_sp05_incident_event_time.sql (5.83ms)
2026/10/07 12:19:01 OK   00026_sp05_source_binding_lock.sql (4.04ms)
2026/10/07 12:19:01 OK   00027_sp05_rca_and_poll.sql (16.18ms)
2026/10/07 12:19:01 OK   00028_sp05_operator_lock.sql (10.63ms)
2026/10/07 12:19:01 OK   00029_sp05_evidence_links.sql (23.8ms)
2026/10/07 12:19:01 OK   00030_sp05_recipe_fence.sql (7.5ms)
2026/10/07 12:19:01 OK   00031_sp05_rca_postcheck.sql (3.84ms)
2026/10/07 12:19:01 OK   00032_sp05_transport_audit.sql (3.16ms)
2026/10/07 12:19:01 OK   00033_sp05_poll_resolution_clock.sql (8.38ms)
2026/10/07 12:19:01 OK   00034_sp06_investigation_ledger.sql (57.7ms)
2026/10/07 12:19:01 OK   00035_sp06_admission_data_classes.sql (9.21ms)
2026/10/07 12:19:01 goose: successfully migrated database to version: 35
2026/10/07 12:19:02 OK   00001_roles_and_schemas.sql (27.66ms)
2026/10/07 12:19:02 goose: successfully migrated database to version: 1
2026/10/07 12:19:02 OK   00002_platform_meta.sql (106.74ms)
2026/10/07 12:19:02 OK   00003_finding.sql (22.58ms)
2026/10/07 12:19:02 OK   00004_incident.sql (5.93ms)
2026/10/07 12:19:02 OK   00005_investigation.sql (8.57ms)
2026/10/07 12:19:02 OK   00006_action_command.sql (23.03ms)
2026/10/07 12:19:02 OK   00007_audit.sql (25.83ms)
2026/10/07 12:19:02 OK   00008_rls.sql (18.69ms)
2026/10/07 12:19:02 OK   00009_idempotency_ledger.sql (22.04ms)
2026/10/07 12:19:02 OK   00010_tenant_provisioning.sql (8.37ms)
2026/10/07 12:19:02 OK   00011_source_registration_history.sql (6.87ms)
2026/10/07 12:19:02 OK   00012_config_registry_lifecycle.sql (24.27ms)
2026/10/07 12:19:02 OK   00013_audit_signed_segments.sql (25.37ms)
2026/10/07 12:19:02 OK   00014_audit_segment_predecessors.sql (15.77ms)
2026/10/07 12:19:02 OK   00015_source_schema_scope.sql (10.15ms)
2026/10/07 12:19:02 OK   00016_cluster_registration_metadata.sql (10.39ms)
2026/10/07 12:19:02 OK   00017_source_data_scope.sql (10.11ms)
2026/10/07 12:19:02 OK   00018_sp04_resources_evidence.sql (30.73ms)
2026/10/07 12:19:02 OK   00019_sp04_archive_ciphertext_bytes.sql (3.8ms)
2026/10/07 12:19:02 OK   00020_sp04_request_ledger.sql (6.69ms)
2026/10/07 12:19:02 OK   00021_sp04_archive_protection.sql (6.23ms)
2026/10/07 12:19:02 OK   00022_sp04_legal_hold_dependencies.sql (14.4ms)
2026/10/07 12:19:02 OK   00023_sp04_archive_query_intent.sql (10.89ms)
2026/10/07 12:19:02 OK   00024_sp05_finding_incident.sql (23.28ms)
2026/10/07 12:19:02 OK   00025_sp05_incident_event_time.sql (3.17ms)
2026/10/07 12:19:02 OK   00026_sp05_source_binding_lock.sql (3.7ms)
2026/10/07 12:19:02 OK   00027_sp05_rca_and_poll.sql (21.6ms)
2026/10/07 12:19:02 OK   00028_sp05_operator_lock.sql (9.63ms)
2026/10/07 12:19:02 OK   00029_sp05_evidence_links.sql (20.57ms)
2026/10/07 12:19:02 OK   00030_sp05_recipe_fence.sql (8.19ms)
2026/10/07 12:19:02 OK   00031_sp05_rca_postcheck.sql (3.32ms)
2026/10/07 12:19:02 OK   00032_sp05_transport_audit.sql (2.88ms)
2026/10/07 12:19:02 OK   00033_sp05_poll_resolution_clock.sql (3.28ms)
2026/10/07 12:19:02 OK   00034_sp06_investigation_ledger.sql (53.97ms)
2026/10/07 12:19:02 OK   00035_sp06_admission_data_classes.sql (8.22ms)
2026/10/07 12:19:02 goose: successfully migrated database to version: 35
2026/10/07 12:19:03 OK   00001_roles_and_schemas.sql (14.06ms)
2026/10/07 12:19:03 goose: successfully migrated database to version: 1
2026/10/07 12:19:03 OK   00002_platform_meta.sql (109.51ms)
2026/10/07 12:19:03 OK   00003_finding.sql (21.98ms)
2026/10/07 12:19:03 OK   00004_incident.sql (14.99ms)
2026/10/07 12:19:03 OK   00005_investigation.sql (16.49ms)
2026/10/07 12:19:03 OK   00006_action_command.sql (18.04ms)
2026/10/07 12:19:03 OK   00007_audit.sql (23.64ms)
2026/10/07 12:19:03 OK   00008_rls.sql (16.79ms)
2026/10/07 12:19:03 OK   00009_idempotency_ledger.sql (17.41ms)
2026/10/07 12:19:03 OK   00010_tenant_provisioning.sql (14.95ms)
2026/10/07 12:19:03 OK   00011_source_registration_history.sql (19.78ms)
2026/10/07 12:19:03 OK   00012_config_registry_lifecycle.sql (17.11ms)
2026/10/07 12:19:03 OK   00013_audit_signed_segments.sql (31.24ms)
2026/10/07 12:19:03 OK   00014_audit_segment_predecessors.sql (14.21ms)
2026/10/07 12:19:03 OK   00015_source_schema_scope.sql (4.93ms)
2026/10/07 12:19:03 OK   00016_cluster_registration_metadata.sql (11.89ms)
2026/10/07 12:19:03 OK   00017_source_data_scope.sql (9.46ms)
2026/10/07 12:19:03 OK   00018_sp04_resources_evidence.sql (32.38ms)
2026/10/07 12:19:03 OK   00019_sp04_archive_ciphertext_bytes.sql (16.37ms)
2026/10/07 12:19:03 OK   00020_sp04_request_ledger.sql (11.25ms)
2026/10/07 12:19:03 OK   00021_sp04_archive_protection.sql (14.63ms)
2026/10/07 12:19:03 OK   00022_sp04_legal_hold_dependencies.sql (3.74ms)
2026/10/07 12:19:03 OK   00023_sp04_archive_query_intent.sql (3.36ms)
2026/10/07 12:19:03 OK   00024_sp05_finding_incident.sql (47.48ms)
2026/10/07 12:19:03 OK   00025_sp05_incident_event_time.sql (6.1ms)
2026/10/07 12:19:03 OK   00026_sp05_source_binding_lock.sql (3.75ms)
2026/10/07 12:19:03 OK   00027_sp05_rca_and_poll.sql (21.06ms)
2026/10/07 12:19:03 OK   00028_sp05_operator_lock.sql (12.17ms)
2026/10/07 12:19:03 OK   00029_sp05_evidence_links.sql (13.57ms)
2026/10/07 12:19:03 OK   00030_sp05_recipe_fence.sql (48.88ms)
2026/10/07 12:19:03 OK   00031_sp05_rca_postcheck.sql (2.84ms)
2026/10/07 12:19:03 OK   00032_sp05_transport_audit.sql (41.59ms)
2026/10/07 12:19:03 OK   00033_sp05_poll_resolution_clock.sql (3.85ms)
2026/10/07 12:19:04 OK   00034_sp06_investigation_ledger.sql (46.59ms)
2026/10/07 12:19:04 OK   00035_sp06_admission_data_classes.sql (10.55ms)
2026/10/07 12:19:04 goose: successfully migrated database to version: 35
2026/10/07 12:19:04 OK   00001_roles_and_schemas.sql (21.2ms)
2026/10/07 12:19:04 goose: successfully migrated database to version: 1
2026/10/07 12:19:04 OK   00002_platform_meta.sql (61.45ms)
2026/10/07 12:19:04 OK   00003_finding.sql (18.87ms)
2026/10/07 12:19:04 OK   00004_incident.sql (15.62ms)
2026/10/07 12:19:04 OK   00005_investigation.sql (21.34ms)
2026/10/07 12:19:04 OK   00006_action_command.sql (15.67ms)
2026/10/07 12:19:04 OK   00007_audit.sql (16.08ms)
2026/10/07 12:19:04 OK   00008_rls.sql (16.81ms)
2026/10/07 12:19:04 OK   00009_idempotency_ledger.sql (13.58ms)
2026/10/07 12:19:04 OK   00010_tenant_provisioning.sql (5.3ms)
2026/10/07 12:19:04 OK   00011_source_registration_history.sql (12.48ms)
2026/10/07 12:19:04 OK   00012_config_registry_lifecycle.sql (21.35ms)
2026/10/07 12:19:04 OK   00013_audit_signed_segments.sql (48.32ms)
2026/10/07 12:19:04 OK   00014_audit_segment_predecessors.sql (13.6ms)
2026/10/07 12:19:04 OK   00015_source_schema_scope.sql (9.69ms)
2026/10/07 12:19:04 OK   00016_cluster_registration_metadata.sql (39.73ms)
2026/10/07 12:19:04 OK   00017_source_data_scope.sql (7.27ms)
2026/10/07 12:19:04 OK   00018_sp04_resources_evidence.sql (35.92ms)
2026/10/07 12:19:04 OK   00019_sp04_archive_ciphertext_bytes.sql (22.47ms)
2026/10/07 12:19:04 OK   00020_sp04_request_ledger.sql (6.15ms)
2026/10/07 12:19:04 OK   00021_sp04_archive_protection.sql (4.71ms)
2026/10/07 12:19:04 OK   00022_sp04_legal_hold_dependencies.sql (8.75ms)
2026/10/07 12:19:04 OK   00023_sp04_archive_query_intent.sql (31.02ms)
2026/10/07 12:19:05 OK   00024_sp05_finding_incident.sql (49.56ms)
2026/10/07 12:19:05 OK   00025_sp05_incident_event_time.sql (14.72ms)
2026/10/07 12:19:05 OK   00026_sp05_source_binding_lock.sql (9.03ms)
2026/10/07 12:19:05 OK   00027_sp05_rca_and_poll.sql (11.73ms)
2026/10/07 12:19:05 OK   00028_sp05_operator_lock.sql (5.83ms)
2026/10/07 12:19:05 OK   00029_sp05_evidence_links.sql (23.61ms)
2026/10/07 12:19:05 OK   00030_sp05_recipe_fence.sql (14.31ms)
2026/10/07 12:19:05 OK   00031_sp05_rca_postcheck.sql (6.07ms)
2026/10/07 12:19:05 OK   00032_sp05_transport_audit.sql (4.37ms)
2026/10/07 12:19:05 OK   00033_sp05_poll_resolution_clock.sql (4.84ms)
2026/10/07 12:19:05 OK   00034_sp06_investigation_ledger.sql (56.41ms)
2026/10/07 12:19:05 OK   00035_sp06_admission_data_classes.sql (3.97ms)
2026/10/07 12:19:05 goose: successfully migrated database to version: 35
2026/10/07 12:19:05 OK   00001_roles_and_schemas.sql (28.17ms)
2026/10/07 12:19:05 goose: successfully migrated database to version: 1
2026/10/07 12:19:05 OK   00002_platform_meta.sql (27.33ms)
2026/10/07 12:19:05 OK   00003_finding.sql (38.63ms)
2026/10/07 12:19:05 OK   00004_incident.sql (18.21ms)
2026/10/07 12:19:05 OK   00005_investigation.sql (20.59ms)
2026/10/07 12:19:05 OK   00006_action_command.sql (16.23ms)
2026/10/07 12:19:05 OK   00007_audit.sql (25.69ms)
2026/10/07 12:19:05 OK   00008_rls.sql (19.21ms)
2026/10/07 12:19:05 OK   00009_idempotency_ledger.sql (22.16ms)
2026/10/07 12:19:05 OK   00010_tenant_provisioning.sql (8.31ms)
2026/10/07 12:19:05 OK   00011_source_registration_history.sql (14.5ms)
2026/10/07 12:19:05 OK   00012_config_registry_lifecycle.sql (18.92ms)
2026/10/07 12:19:05 OK   00013_audit_signed_segments.sql (26.99ms)
2026/10/07 12:19:05 OK   00014_audit_segment_predecessors.sql (16.99ms)
2026/10/07 12:19:05 OK   00015_source_schema_scope.sql (7.05ms)
2026/10/07 12:19:05 OK   00016_cluster_registration_metadata.sql (12.77ms)
2026/10/07 12:19:05 OK   00017_source_data_scope.sql (15.8ms)
2026/10/07 12:19:06 OK   00018_sp04_resources_evidence.sql (21.91ms)
2026/10/07 12:19:06 OK   00019_sp04_archive_ciphertext_bytes.sql (8.45ms)
2026/10/07 12:19:06 OK   00020_sp04_request_ledger.sql (11.46ms)
2026/10/07 12:19:06 OK   00021_sp04_archive_protection.sql (10.81ms)
2026/10/07 12:19:06 OK   00022_sp04_legal_hold_dependencies.sql (11.41ms)
2026/10/07 12:19:06 OK   00023_sp04_archive_query_intent.sql (11.7ms)
2026/10/07 12:19:06 OK   00024_sp05_finding_incident.sql (39.06ms)
2026/10/07 12:19:06 OK   00025_sp05_incident_event_time.sql (17ms)
2026/10/07 12:19:06 OK   00026_sp05_source_binding_lock.sql (6.18ms)
2026/10/07 12:19:06 OK   00027_sp05_rca_and_poll.sql (9.35ms)
2026/10/07 12:19:06 OK   00028_sp05_operator_lock.sql (5.81ms)
2026/10/07 12:19:06 OK   00029_sp05_evidence_links.sql (13.33ms)
2026/10/07 12:19:06 OK   00030_sp05_recipe_fence.sql (9.23ms)
2026/10/07 12:19:06 OK   00031_sp05_rca_postcheck.sql (17.77ms)
2026/10/07 12:19:06 OK   00032_sp05_transport_audit.sql (4.38ms)
2026/10/07 12:19:06 OK   00033_sp05_poll_resolution_clock.sql (3.54ms)
2026/10/07 12:19:06 OK   00034_sp06_investigation_ledger.sql (57ms)
2026/10/07 12:19:06 OK   00035_sp06_admission_data_classes.sql (5.3ms)
2026/10/07 12:19:06 goose: successfully migrated database to version: 35
2026/10/07 12:19:06 OK   00001_roles_and_schemas.sql (16.97ms)
2026/10/07 12:19:06 goose: successfully migrated database to version: 1
2026/10/07 12:19:06 OK   00002_platform_meta.sql (71.69ms)
2026/10/07 12:19:06 OK   00003_finding.sql (43.15ms)
2026/10/07 12:19:06 OK   00004_incident.sql (16.72ms)
2026/10/07 12:19:06 OK   00005_investigation.sql (25.89ms)
2026/10/07 12:19:06 OK   00006_action_command.sql (19.26ms)
2026/10/07 12:19:07 OK   00007_audit.sql (20.17ms)
2026/10/07 12:19:07 OK   00008_rls.sql (23.36ms)
2026/10/07 12:19:07 OK   00009_idempotency_ledger.sql (20.2ms)
2026/10/07 12:19:07 OK   00010_tenant_provisioning.sql (5.03ms)
2026/10/07 12:19:07 OK   00011_source_registration_history.sql (8.25ms)
2026/10/07 12:19:07 OK   00012_config_registry_lifecycle.sql (16.96ms)
2026/10/07 12:19:07 OK   00013_audit_signed_segments.sql (41.79ms)
2026/10/07 12:19:07 OK   00014_audit_segment_predecessors.sql (8.24ms)
2026/10/07 12:19:07 OK   00015_source_schema_scope.sql (8.66ms)
2026/10/07 12:19:07 OK   00016_cluster_registration_metadata.sql (25.28ms)
2026/10/07 12:19:07 OK   00017_source_data_scope.sql (22.51ms)
2026/10/07 12:19:07 OK   00018_sp04_resources_evidence.sql (18.76ms)
2026/10/07 12:19:07 OK   00019_sp04_archive_ciphertext_bytes.sql (8.97ms)
2026/10/07 12:19:07 OK   00020_sp04_request_ledger.sql (11.83ms)
2026/10/07 12:19:07 OK   00021_sp04_archive_protection.sql (10.23ms)
2026/10/07 12:19:07 OK   00022_sp04_legal_hold_dependencies.sql (8.47ms)
2026/10/07 12:19:07 OK   00023_sp04_archive_query_intent.sql (7.81ms)
2026/10/07 12:19:07 OK   00024_sp05_finding_incident.sql (34.97ms)
2026/10/07 12:19:07 OK   00025_sp05_incident_event_time.sql (6.88ms)
2026/10/07 12:19:07 OK   00026_sp05_source_binding_lock.sql (18.23ms)
2026/10/07 12:19:07 OK   00027_sp05_rca_and_poll.sql (18.76ms)
2026/10/07 12:19:07 OK   00028_sp05_operator_lock.sql (7.74ms)
2026/10/07 12:19:07 OK   00029_sp05_evidence_links.sql (6.73ms)
2026/10/07 12:19:07 OK   00030_sp05_recipe_fence.sql (5.55ms)
2026/10/07 12:19:07 OK   00031_sp05_rca_postcheck.sql (7.5ms)
2026/10/07 12:19:07 OK   00032_sp05_transport_audit.sql (8.22ms)
2026/10/07 12:19:07 OK   00033_sp05_poll_resolution_clock.sql (6.71ms)
2026/10/07 12:19:07 OK   00034_sp06_investigation_ledger.sql (38.22ms)
2026/10/07 12:19:07 OK   00035_sp06_admission_data_classes.sql (3.2ms)
2026/10/07 12:19:07 goose: successfully migrated database to version: 35
2026/10/07 12:19:38 OK   00001_roles_and_schemas.sql (10.81ms)
2026/10/07 12:19:38 goose: successfully migrated database to version: 1
2026/10/07 12:19:38 OK   00002_platform_meta.sql (48.23ms)
2026/10/07 12:19:38 OK   00003_finding.sql (14.83ms)
2026/10/07 12:19:38 OK   00004_incident.sql (17.06ms)
2026/10/07 12:19:39 OK   00005_investigation.sql (15.96ms)
2026/10/07 12:19:39 OK   00006_action_command.sql (6.31ms)
2026/10/07 12:19:39 OK   00007_audit.sql (8.48ms)
2026/10/07 12:19:39 OK   00008_rls.sql (15.74ms)
2026/10/07 12:19:39 OK   00009_idempotency_ledger.sql (17.86ms)
2026/10/07 12:19:39 OK   00010_tenant_provisioning.sql (10.26ms)
2026/10/07 12:19:39 OK   00011_source_registration_history.sql (7.53ms)
2026/10/07 12:19:39 OK   00012_config_registry_lifecycle.sql (9.24ms)
2026/10/07 12:19:39 OK   00013_audit_signed_segments.sql (30.51ms)
2026/10/07 12:19:39 OK   00014_audit_segment_predecessors.sql (15.76ms)
2026/10/07 12:19:39 OK   00015_source_schema_scope.sql (7.72ms)
2026/10/07 12:19:39 OK   00016_cluster_registration_metadata.sql (4.98ms)
2026/10/07 12:19:39 OK   00017_source_data_scope.sql (4.27ms)
2026/10/07 12:19:39 OK   00018_sp04_resources_evidence.sql (20.46ms)
2026/10/07 12:19:39 OK   00019_sp04_archive_ciphertext_bytes.sql (7.9ms)
2026/10/07 12:19:39 OK   00020_sp04_request_ledger.sql (14.57ms)
2026/10/07 12:19:39 OK   00021_sp04_archive_protection.sql (9.08ms)
2026/10/07 12:19:39 OK   00022_sp04_legal_hold_dependencies.sql (8.05ms)
2026/10/07 12:19:39 OK   00023_sp04_archive_query_intent.sql (6.14ms)
2026/10/07 12:19:39 OK   00024_sp05_finding_incident.sql (35.26ms)
2026/10/07 12:19:39 OK   00025_sp05_incident_event_time.sql (8.65ms)
2026/10/07 12:19:39 OK   00026_sp05_source_binding_lock.sql (8.85ms)
2026/10/07 12:19:39 OK   00027_sp05_rca_and_poll.sql (10.86ms)
2026/10/07 12:19:39 OK   00028_sp05_operator_lock.sql (4.4ms)
2026/10/07 12:19:39 OK   00029_sp05_evidence_links.sql (10.33ms)
2026/10/07 12:19:39 OK   00030_sp05_recipe_fence.sql (5.37ms)
2026/10/07 12:19:39 OK   00031_sp05_rca_postcheck.sql (6.22ms)
2026/10/07 12:19:39 OK   00032_sp05_transport_audit.sql (5.61ms)
2026/10/07 12:19:39 OK   00033_sp05_poll_resolution_clock.sql (7.28ms)
2026/10/07 12:19:39 OK   00034_sp06_investigation_ledger.sql (37.69ms)
2026/10/07 12:19:39 OK   00035_sp06_admission_data_classes.sql (3.87ms)
2026/10/07 12:19:39 goose: successfully migrated database to version: 35
2026/10/07 12:19:39 OK   00001_roles_and_schemas.sql (35.49ms)
2026/10/07 12:19:39 goose: successfully migrated database to version: 1
2026/10/07 12:19:39 OK   00002_platform_meta.sql (56.65ms)
2026/10/07 12:19:39 OK   00003_finding.sql (10.26ms)
2026/10/07 12:19:39 OK   00004_incident.sql (11.81ms)
2026/10/07 12:19:39 OK   00005_investigation.sql (16.26ms)
2026/10/07 12:19:39 OK   00006_action_command.sql (14.16ms)
2026/10/07 12:19:39 OK   00007_audit.sql (14.6ms)
2026/10/07 12:19:39 OK   00008_rls.sql (8.42ms)
2026/10/07 12:19:39 OK   00009_idempotency_ledger.sql (6.02ms)
2026/10/07 12:19:39 OK   00010_tenant_provisioning.sql (9.54ms)
2026/10/07 12:19:39 OK   00011_source_registration_history.sql (8.23ms)
2026/10/07 12:19:39 OK   00012_config_registry_lifecycle.sql (14.14ms)
2026/10/07 12:19:40 OK   00013_audit_signed_segments.sql (19.87ms)
2026/10/07 12:19:40 OK   00014_audit_segment_predecessors.sql (5.84ms)
2026/10/07 12:19:40 OK   00015_source_schema_scope.sql (2.47ms)
2026/10/07 12:19:40 OK   00016_cluster_registration_metadata.sql (4.25ms)
2026/10/07 12:19:40 OK   00017_source_data_scope.sql (7.44ms)
2026/10/07 12:19:40 OK   00018_sp04_resources_evidence.sql (31.54ms)
2026/10/07 12:19:40 OK   00019_sp04_archive_ciphertext_bytes.sql (5.85ms)
2026/10/07 12:19:40 OK   00020_sp04_request_ledger.sql (5.67ms)
2026/10/07 12:19:40 OK   00021_sp04_archive_protection.sql (6ms)
2026/10/07 12:19:40 OK   00022_sp04_legal_hold_dependencies.sql (5.64ms)
2026/10/07 12:19:40 OK   00023_sp04_archive_query_intent.sql (5.09ms)
2026/10/07 12:19:40 OK   00024_sp05_finding_incident.sql (46.33ms)
2026/10/07 12:19:40 OK   00025_sp05_incident_event_time.sql (3.58ms)
2026/10/07 12:19:40 OK   00026_sp05_source_binding_lock.sql (6.98ms)
2026/10/07 12:19:40 OK   00027_sp05_rca_and_poll.sql (23.86ms)
2026/10/07 12:19:40 OK   00028_sp05_operator_lock.sql (10.28ms)
2026/10/07 12:19:40 OK   00029_sp05_evidence_links.sql (11.68ms)
2026/10/07 12:19:40 OK   00030_sp05_recipe_fence.sql (7.96ms)
2026/10/07 12:19:40 OK   00031_sp05_rca_postcheck.sql (8.5ms)
2026/10/07 12:19:40 OK   00032_sp05_transport_audit.sql (8.85ms)
2026/10/07 12:19:40 OK   00033_sp05_poll_resolution_clock.sql (8.79ms)
2026/10/07 12:19:40 OK   00034_sp06_investigation_ledger.sql (50.81ms)
2026/10/07 12:19:40 OK   00035_sp06_admission_data_classes.sql (3.73ms)
2026/10/07 12:19:40 goose: successfully migrated database to version: 35
2026/10/07 12:19:43 OK   00001_roles_and_schemas.sql (29.17ms)
2026/10/07 12:19:43 goose: successfully migrated database to version: 1
2026/10/07 12:19:43 OK   00002_platform_meta.sql (52.07ms)
2026/10/07 12:19:43 OK   00003_finding.sql (18.08ms)
2026/10/07 12:19:43 OK   00004_incident.sql (12.77ms)
2026/10/07 12:19:43 OK   00005_investigation.sql (24.86ms)
2026/10/07 12:19:43 OK   00006_action_command.sql (17.28ms)
2026/10/07 12:19:43 OK   00007_audit.sql (21.85ms)
2026/10/07 12:19:43 OK   00008_rls.sql (40.7ms)
2026/10/07 12:19:43 OK   00009_idempotency_ledger.sql (14.07ms)
2026/10/07 12:19:43 OK   00010_tenant_provisioning.sql (7.02ms)
2026/10/07 12:19:43 OK   00011_source_registration_history.sql (17.95ms)
2026/10/07 12:19:43 OK   00012_config_registry_lifecycle.sql (46.56ms)
2026/10/07 12:19:43 OK   00013_audit_signed_segments.sql (34.93ms)
2026/10/07 12:19:43 OK   00014_audit_segment_predecessors.sql (22.85ms)
2026/10/07 12:19:43 OK   00015_source_schema_scope.sql (8.02ms)
2026/10/07 12:19:43 OK   00016_cluster_registration_metadata.sql (8.31ms)
2026/10/07 12:19:43 OK   00017_source_data_scope.sql (6.12ms)
2026/10/07 12:19:43 OK   00018_sp04_resources_evidence.sql (24.3ms)
2026/10/07 12:19:43 OK   00019_sp04_archive_ciphertext_bytes.sql (10.95ms)
2026/10/07 12:19:43 OK   00020_sp04_request_ledger.sql (18.01ms)
2026/10/07 12:19:43 OK   00021_sp04_archive_protection.sql (6.34ms)
2026/10/07 12:19:43 OK   00022_sp04_legal_hold_dependencies.sql (4.53ms)
2026/10/07 12:19:43 OK   00023_sp04_archive_query_intent.sql (4.08ms)
2026/10/07 12:19:43 OK   00024_sp05_finding_incident.sql (40.79ms)
2026/10/07 12:19:43 OK   00025_sp05_incident_event_time.sql (8.99ms)
2026/10/07 12:19:43 OK   00026_sp05_source_binding_lock.sql (13.29ms)
2026/10/07 12:19:43 OK   00027_sp05_rca_and_poll.sql (10.87ms)
2026/10/07 12:19:43 OK   00028_sp05_operator_lock.sql (7.15ms)
2026/10/07 12:19:43 OK   00029_sp05_evidence_links.sql (78.13ms)
2026/10/07 12:19:43 OK   00030_sp05_recipe_fence.sql (3.16ms)
2026/10/07 12:19:43 OK   00031_sp05_rca_postcheck.sql (3.19ms)
2026/10/07 12:19:43 OK   00032_sp05_transport_audit.sql (3.55ms)
2026/10/07 12:19:43 OK   00033_sp05_poll_resolution_clock.sql (4.87ms)
2026/10/07 12:19:43 OK   00034_sp06_investigation_ledger.sql (122.75ms)
2026/10/07 12:19:43 OK   00035_sp06_admission_data_classes.sql (4.32ms)
2026/10/07 12:19:43 goose: successfully migrated database to version: 35
2026/10/07 12:19:44 OK   00001_roles_and_schemas.sql (13.48ms)
2026/10/07 12:19:44 goose: successfully migrated database to version: 1
2026/10/07 12:19:44 OK   00002_platform_meta.sql (29.77ms)
2026/10/07 12:19:45 OK   00003_finding.sql (31.87ms)
2026/10/07 12:19:45 OK   00004_incident.sql (7.6ms)
2026/10/07 12:19:45 OK   00005_investigation.sql (21.01ms)
2026/10/07 12:19:45 OK   00006_action_command.sql (14.49ms)
2026/10/07 12:19:45 OK   00007_audit.sql (14.76ms)
2026/10/07 12:19:45 OK   00008_rls.sql (11.51ms)
2026/10/07 12:19:45 OK   00009_idempotency_ledger.sql (31.86ms)
2026/10/07 12:19:45 OK   00010_tenant_provisioning.sql (9.59ms)
2026/10/07 12:19:45 OK   00011_source_registration_history.sql (7.06ms)
2026/10/07 12:19:45 OK   00012_config_registry_lifecycle.sql (43.2ms)
2026/10/07 12:19:45 OK   00013_audit_signed_segments.sql (21.52ms)
2026/10/07 12:19:45 OK   00014_audit_segment_predecessors.sql (13.9ms)
2026/10/07 12:19:45 OK   00015_source_schema_scope.sql (4.49ms)
2026/10/07 12:19:45 OK   00016_cluster_registration_metadata.sql (10.06ms)
2026/10/07 12:19:45 OK   00017_source_data_scope.sql (3.79ms)
2026/10/07 12:19:45 OK   00018_sp04_resources_evidence.sql (16.06ms)
2026/10/07 12:19:45 OK   00019_sp04_archive_ciphertext_bytes.sql (5.91ms)
2026/10/07 12:19:45 OK   00020_sp04_request_ledger.sql (10.53ms)
2026/10/07 12:19:45 OK   00021_sp04_archive_protection.sql (6.42ms)
2026/10/07 12:19:45 OK   00022_sp04_legal_hold_dependencies.sql (5.17ms)
2026/10/07 12:19:45 OK   00023_sp04_archive_query_intent.sql (5.36ms)
2026/10/07 12:19:45 OK   00024_sp05_finding_incident.sql (35.02ms)
2026/10/07 12:19:45 OK   00025_sp05_incident_event_time.sql (6.75ms)
2026/10/07 12:19:45 OK   00026_sp05_source_binding_lock.sql (11.08ms)
2026/10/07 12:19:45 OK   00027_sp05_rca_and_poll.sql (22.4ms)
2026/10/07 12:19:45 OK   00028_sp05_operator_lock.sql (25.76ms)
2026/10/07 12:19:45 OK   00029_sp05_evidence_links.sql (20.45ms)
2026/10/07 12:19:45 OK   00030_sp05_recipe_fence.sql (21.25ms)
2026/10/07 12:19:45 OK   00031_sp05_rca_postcheck.sql (7.54ms)
2026/10/07 12:19:45 OK   00032_sp05_transport_audit.sql (4.53ms)
2026/10/07 12:19:45 OK   00033_sp05_poll_resolution_clock.sql (3.77ms)
2026/10/07 12:19:45 OK   00034_sp06_investigation_ledger.sql (51.61ms)
2026/10/07 12:19:45 OK   00035_sp06_admission_data_classes.sql (3.12ms)
2026/10/07 12:19:45 goose: successfully migrated database to version: 35
2026/10/07 12:19:48 OK   00001_roles_and_schemas.sql (29.18ms)
2026/10/07 12:19:48 goose: successfully migrated database to version: 1
2026/10/07 12:19:48 OK   00002_platform_meta.sql (58.22ms)
2026/10/07 12:19:48 OK   00003_finding.sql (18.53ms)
2026/10/07 12:19:48 OK   00004_incident.sql (27.54ms)
2026/10/07 12:19:48 OK   00005_investigation.sql (16.09ms)
2026/10/07 12:19:48 OK   00006_action_command.sql (26.45ms)
2026/10/07 12:19:49 OK   00007_audit.sql (24.6ms)
2026/10/07 12:19:49 OK   00008_rls.sql (28.67ms)
2026/10/07 12:19:49 OK   00009_idempotency_ledger.sql (10.48ms)
2026/10/07 12:19:49 OK   00010_tenant_provisioning.sql (20.66ms)
2026/10/07 12:19:49 OK   00011_source_registration_history.sql (20.66ms)
2026/10/07 12:19:49 OK   00012_config_registry_lifecycle.sql (10.16ms)
2026/10/07 12:19:49 OK   00013_audit_signed_segments.sql (17.6ms)
2026/10/07 12:19:49 OK   00014_audit_segment_predecessors.sql (13.09ms)
2026/10/07 12:19:49 OK   00015_source_schema_scope.sql (8.05ms)
2026/10/07 12:19:49 OK   00016_cluster_registration_metadata.sql (7.92ms)
2026/10/07 12:19:49 OK   00017_source_data_scope.sql (3.17ms)
2026/10/07 12:19:49 OK   00018_sp04_resources_evidence.sql (24.26ms)
2026/10/07 12:19:49 OK   00019_sp04_archive_ciphertext_bytes.sql (5.75ms)
2026/10/07 12:19:49 OK   00020_sp04_request_ledger.sql (8.5ms)
2026/10/07 12:19:49 OK   00021_sp04_archive_protection.sql (6.03ms)
2026/10/07 12:19:49 OK   00022_sp04_legal_hold_dependencies.sql (6.4ms)
2026/10/07 12:19:49 OK   00023_sp04_archive_query_intent.sql (3.45ms)
2026/10/07 12:19:49 OK   00024_sp05_finding_incident.sql (30.65ms)
2026/10/07 12:19:49 OK   00025_sp05_incident_event_time.sql (7.11ms)
2026/10/07 12:19:49 OK   00026_sp05_source_binding_lock.sql (9.19ms)
2026/10/07 12:19:49 OK   00027_sp05_rca_and_poll.sql (9.95ms)
2026/10/07 12:19:49 OK   00028_sp05_operator_lock.sql (9.34ms)
2026/10/07 12:19:49 OK   00029_sp05_evidence_links.sql (24.04ms)
2026/10/07 12:19:49 OK   00030_sp05_recipe_fence.sql (7.76ms)
2026/10/07 12:19:49 OK   00031_sp05_rca_postcheck.sql (2.97ms)
2026/10/07 12:19:49 OK   00032_sp05_transport_audit.sql (8.03ms)
2026/10/07 12:19:49 OK   00033_sp05_poll_resolution_clock.sql (7.19ms)
2026/10/07 12:19:49 OK   00034_sp06_investigation_ledger.sql (39.05ms)
2026/10/07 12:19:49 OK   00035_sp06_admission_data_classes.sql (3.91ms)
2026/10/07 12:19:49 goose: successfully migrated database to version: 35
2026/10/07 12:20:11 OK   00001_roles_and_schemas.sql (27.56ms)
2026/10/07 12:20:11 goose: successfully migrated database to version: 1
2026/10/07 12:20:11 OK   00002_platform_meta.sql (75.12ms)
2026/10/07 12:20:11 OK   00003_finding.sql (14.68ms)
2026/10/07 12:20:11 OK   00004_incident.sql (7.38ms)
2026/10/07 12:20:11 OK   00005_investigation.sql (15.18ms)
2026/10/07 12:20:11 OK   00006_action_command.sql (13.41ms)
2026/10/07 12:20:11 OK   00007_audit.sql (26.59ms)
2026/10/07 12:20:11 OK   00008_rls.sql (15.58ms)
2026/10/07 12:20:11 OK   00009_idempotency_ledger.sql (19.77ms)
2026/10/07 12:20:11 OK   00010_tenant_provisioning.sql (11.45ms)
2026/10/07 12:20:11 OK   00011_source_registration_history.sql (35.86ms)
2026/10/07 12:20:11 OK   00012_config_registry_lifecycle.sql (23.22ms)
2026/10/07 12:20:11 OK   00013_audit_signed_segments.sql (52.37ms)
2026/10/07 12:20:11 OK   00014_audit_segment_predecessors.sql (17.65ms)
2026/10/07 12:20:11 OK   00015_source_schema_scope.sql (8.06ms)
2026/10/07 12:20:11 OK   00016_cluster_registration_metadata.sql (26.53ms)
2026/10/07 12:20:11 OK   00017_source_data_scope.sql (16.78ms)
2026/10/07 12:20:11 OK   00018_sp04_resources_evidence.sql (57.81ms)
2026/10/07 12:20:11 OK   00019_sp04_archive_ciphertext_bytes.sql (9.13ms)
2026/10/07 12:20:11 OK   00020_sp04_request_ledger.sql (12.85ms)
2026/10/07 12:20:11 OK   00021_sp04_archive_protection.sql (24.88ms)
2026/10/07 12:20:11 OK   00022_sp04_legal_hold_dependencies.sql (7.2ms)
2026/10/07 12:20:11 OK   00023_sp04_archive_query_intent.sql (24.82ms)
2026/10/07 12:20:11 OK   00024_sp05_finding_incident.sql (41.15ms)
2026/10/07 12:20:11 OK   00025_sp05_incident_event_time.sql (11.27ms)
2026/10/07 12:20:11 OK   00026_sp05_source_binding_lock.sql (8.48ms)
2026/10/07 12:20:11 OK   00027_sp05_rca_and_poll.sql (14.93ms)
2026/10/07 12:20:11 OK   00028_sp05_operator_lock.sql (9.72ms)
2026/10/07 12:20:12 OK   00029_sp05_evidence_links.sql (27.04ms)
2026/10/07 12:20:12 OK   00030_sp05_recipe_fence.sql (18.49ms)
2026/10/07 12:20:12 OK   00031_sp05_rca_postcheck.sql (3.47ms)
2026/10/07 12:20:12 OK   00032_sp05_transport_audit.sql (5.76ms)
2026/10/07 12:20:12 OK   00033_sp05_poll_resolution_clock.sql (20.57ms)
2026/10/07 12:20:12 OK   00034_sp06_investigation_ledger.sql (68.2ms)
2026/10/07 12:20:12 OK   00035_sp06_admission_data_classes.sql (32.96ms)
2026/10/07 12:20:12 goose: successfully migrated database to version: 35
2026/10/07 12:20:15 OK   00001_roles_and_schemas.sql (42.38ms)
2026/10/07 12:20:15 goose: successfully migrated database to version: 1
2026/10/07 12:20:15 OK   00002_platform_meta.sql (80.63ms)
2026/10/07 12:20:15 OK   00003_finding.sql (81.48ms)
2026/10/07 12:20:15 OK   00004_incident.sql (18.17ms)
2026/10/07 12:20:15 OK   00005_investigation.sql (37.91ms)
2026/10/07 12:20:15 OK   00006_action_command.sql (18.21ms)
2026/10/07 12:20:15 OK   00007_audit.sql (23.35ms)
2026/10/07 12:20:16 OK   00008_rls.sql (115.27ms)
2026/10/07 12:20:16 OK   00009_idempotency_ledger.sql (38.93ms)
2026/10/07 12:20:16 OK   00010_tenant_provisioning.sql (31.67ms)
2026/10/07 12:20:16 OK   00011_source_registration_history.sql (37.94ms)
2026/10/07 12:20:16 OK   00012_config_registry_lifecycle.sql (38.75ms)
2026/10/07 12:20:16 OK   00013_audit_signed_segments.sql (28.23ms)
2026/10/07 12:20:16 OK   00014_audit_segment_predecessors.sql (14.62ms)
2026/10/07 12:20:16 OK   00015_source_schema_scope.sql (7.86ms)
2026/10/07 12:20:16 OK   00016_cluster_registration_metadata.sql (7.92ms)
2026/10/07 12:20:16 OK   00017_source_data_scope.sql (6.96ms)
2026/10/07 12:20:16 OK   00018_sp04_resources_evidence.sql (33.84ms)
2026/10/07 12:20:16 OK   00019_sp04_archive_ciphertext_bytes.sql (8.54ms)
2026/10/07 12:20:16 OK   00020_sp04_request_ledger.sql (13.43ms)
2026/10/07 12:20:16 OK   00021_sp04_archive_protection.sql (15.29ms)
2026/10/07 12:20:16 OK   00022_sp04_legal_hold_dependencies.sql (7.38ms)
2026/10/07 12:20:16 OK   00023_sp04_archive_query_intent.sql (5.57ms)
2026/10/07 12:20:16 OK   00024_sp05_finding_incident.sql (58.5ms)
2026/10/07 12:20:16 OK   00025_sp05_incident_event_time.sql (9.52ms)
2026/10/07 12:20:16 OK   00026_sp05_source_binding_lock.sql (14ms)
2026/10/07 12:20:16 OK   00027_sp05_rca_and_poll.sql (33.71ms)
2026/10/07 12:20:16 OK   00028_sp05_operator_lock.sql (23.25ms)
2026/10/07 12:20:16 OK   00029_sp05_evidence_links.sql (29.9ms)
2026/10/07 12:20:16 OK   00030_sp05_recipe_fence.sql (17.2ms)
2026/10/07 12:20:16 OK   00031_sp05_rca_postcheck.sql (6.14ms)
2026/10/07 12:20:16 OK   00032_sp05_transport_audit.sql (5.18ms)
2026/10/07 12:20:16 OK   00033_sp05_poll_resolution_clock.sql (6.64ms)
2026/10/07 12:20:16 OK   00034_sp06_investigation_ledger.sql (72.39ms)
2026/10/07 12:20:16 OK   00035_sp06_admission_data_classes.sql (29.6ms)
2026/10/07 12:20:16 goose: successfully migrated database to version: 35
2026/10/07 12:20:17 OK   00001_roles_and_schemas.sql (25.62ms)
2026/10/07 12:20:17 goose: successfully migrated database to version: 1
2026/10/07 12:20:17 OK   00002_platform_meta.sql (47.01ms)
2026/10/07 12:20:17 OK   00003_finding.sql (20.45ms)
2026/10/07 12:20:17 OK   00004_incident.sql (33.69ms)
2026/10/07 12:20:17 OK   00005_investigation.sql (20.01ms)
2026/10/07 12:20:17 OK   00006_action_command.sql (12.5ms)
2026/10/07 12:20:17 OK   00007_audit.sql (11.46ms)
2026/10/07 12:20:17 OK   00008_rls.sql (20.33ms)
2026/10/07 12:20:17 OK   00009_idempotency_ledger.sql (88.23ms)
2026/10/07 12:20:17 OK   00010_tenant_provisioning.sql (13.8ms)
2026/10/07 12:20:17 OK   00011_source_registration_history.sql (18.35ms)
2026/10/07 12:20:17 OK   00012_config_registry_lifecycle.sql (30.53ms)
2026/10/07 12:20:17 OK   00013_audit_signed_segments.sql (47.51ms)
2026/10/07 12:20:17 OK   00014_audit_segment_predecessors.sql (11.09ms)
2026/10/07 12:20:17 OK   00015_source_schema_scope.sql (5.72ms)
2026/10/07 12:20:17 OK   00016_cluster_registration_metadata.sql (14.22ms)
2026/10/07 12:20:17 OK   00017_source_data_scope.sql (25.74ms)
2026/10/07 12:20:17 OK   00018_sp04_resources_evidence.sql (69.6ms)
2026/10/07 12:20:17 OK   00019_sp04_archive_ciphertext_bytes.sql (8.02ms)
2026/10/07 12:20:17 OK   00020_sp04_request_ledger.sql (16.82ms)
2026/10/07 12:20:17 OK   00021_sp04_archive_protection.sql (15.58ms)
2026/10/07 12:20:17 OK   00022_sp04_legal_hold_dependencies.sql (8.57ms)
2026/10/07 12:20:17 OK   00023_sp04_archive_query_intent.sql (7.88ms)
2026/10/07 12:20:17 OK   00024_sp05_finding_incident.sql (21.4ms)
2026/10/07 12:20:17 OK   00025_sp05_incident_event_time.sql (4ms)
2026/10/07 12:20:17 OK   00026_sp05_source_binding_lock.sql (3.83ms)
2026/10/07 12:20:17 OK   00027_sp05_rca_and_poll.sql (8.08ms)
2026/10/07 12:20:17 OK   00028_sp05_operator_lock.sql (3.08ms)
2026/10/07 12:20:17 OK   00029_sp05_evidence_links.sql (5.41ms)
2026/10/07 12:20:17 OK   00030_sp05_recipe_fence.sql (2.82ms)
2026/10/07 12:20:17 OK   00031_sp05_rca_postcheck.sql (2.58ms)
2026/10/07 12:20:17 OK   00032_sp05_transport_audit.sql (4.61ms)
2026/10/07 12:20:17 OK   00033_sp05_poll_resolution_clock.sql (8.87ms)
2026/10/07 12:20:17 OK   00034_sp06_investigation_ledger.sql (54.06ms)
2026/10/07 12:20:17 OK   00035_sp06_admission_data_classes.sql (4.73ms)
2026/10/07 12:20:17 goose: successfully migrated database to version: 35
2026/10/07 12:20:35 OK   00001_roles_and_schemas.sql (71.15ms)
2026/10/07 12:20:35 goose: successfully migrated database to version: 1
2026/10/07 12:20:35 OK   00002_platform_meta.sql (45.69ms)
2026/10/07 12:20:35 OK   00003_finding.sql (17.93ms)
2026/10/07 12:20:35 OK   00004_incident.sql (9.69ms)
2026/10/07 12:20:35 OK   00005_investigation.sql (8.75ms)
2026/10/07 12:20:35 OK   00006_action_command.sql (31ms)
2026/10/07 12:20:35 OK   00007_audit.sql (40.7ms)
2026/10/07 12:20:35 OK   00008_rls.sql (19.12ms)
2026/10/07 12:20:35 OK   00009_idempotency_ledger.sql (24.15ms)
2026/10/07 12:20:35 OK   00010_tenant_provisioning.sql (8.18ms)
2026/10/07 12:20:35 OK   00011_source_registration_history.sql (14.12ms)
2026/10/07 12:20:35 OK   00012_config_registry_lifecycle.sql (19.56ms)
2026/10/07 12:20:35 OK   00013_audit_signed_segments.sql (34.1ms)
2026/10/07 12:20:35 OK   00014_audit_segment_predecessors.sql (9.38ms)
2026/10/07 12:20:35 OK   00015_source_schema_scope.sql (8.01ms)
2026/10/07 12:20:35 OK   00016_cluster_registration_metadata.sql (7.54ms)
2026/10/07 12:20:35 OK   00017_source_data_scope.sql (8.1ms)
2026/10/07 12:20:35 OK   00018_sp04_resources_evidence.sql (35.59ms)
2026/10/07 12:20:35 OK   00019_sp04_archive_ciphertext_bytes.sql (6.52ms)
2026/10/07 12:20:35 OK   00020_sp04_request_ledger.sql (13.39ms)
2026/10/07 12:20:35 OK   00021_sp04_archive_protection.sql (12.28ms)
2026/10/07 12:20:35 OK   00022_sp04_legal_hold_dependencies.sql (14.14ms)
2026/10/07 12:20:35 OK   00023_sp04_archive_query_intent.sql (12.48ms)
2026/10/07 12:20:36 OK   00024_sp05_finding_incident.sql (55.12ms)
2026/10/07 12:20:36 OK   00025_sp05_incident_event_time.sql (12.99ms)
2026/10/07 12:20:36 OK   00026_sp05_source_binding_lock.sql (9.36ms)
2026/10/07 12:20:36 OK   00027_sp05_rca_and_poll.sql (28.98ms)
2026/10/07 12:20:36 OK   00028_sp05_operator_lock.sql (7.88ms)
2026/10/07 12:20:36 OK   00029_sp05_evidence_links.sql (13.55ms)
2026/10/07 12:20:36 OK   00030_sp05_recipe_fence.sql (7ms)
2026/10/07 12:20:36 OK   00031_sp05_rca_postcheck.sql (6.12ms)
2026/10/07 12:20:36 OK   00032_sp05_transport_audit.sql (7.49ms)
2026/10/07 12:20:36 OK   00033_sp05_poll_resolution_clock.sql (9.98ms)
2026/10/07 12:20:36 OK   00034_sp06_investigation_ledger.sql (87.7ms)
2026/10/07 12:20:36 OK   00035_sp06_admission_data_classes.sql (14.54ms)
2026/10/07 12:20:36 goose: successfully migrated database to version: 35
2026/10/07 12:20:37 OK   00001_roles_and_schemas.sql (32.07ms)
2026/10/07 12:20:37 goose: successfully migrated database to version: 1
2026/10/07 12:20:37 OK   00002_platform_meta.sql (62.01ms)
2026/10/07 12:20:37 OK   00003_finding.sql (18.04ms)
2026/10/07 12:20:37 OK   00004_incident.sql (42.56ms)
2026/10/07 12:20:37 OK   00005_investigation.sql (10.62ms)
2026/10/07 12:20:37 OK   00006_action_command.sql (15.43ms)
2026/10/07 12:20:37 OK   00007_audit.sql (33.96ms)
2026/10/07 12:20:37 OK   00008_rls.sql (14.8ms)
2026/10/07 12:20:37 OK   00009_idempotency_ledger.sql (8.09ms)
2026/10/07 12:20:37 OK   00010_tenant_provisioning.sql (3.62ms)
2026/10/07 12:20:37 OK   00011_source_registration_history.sql (11.24ms)
2026/10/07 12:20:37 OK   00012_config_registry_lifecycle.sql (36.76ms)
2026/10/07 12:20:37 OK   00013_audit_signed_segments.sql (47.86ms)
2026/10/07 12:20:37 OK   00014_audit_segment_predecessors.sql (6.98ms)
2026/10/07 12:20:37 OK   00015_source_schema_scope.sql (3.04ms)
2026/10/07 12:20:37 OK   00016_cluster_registration_metadata.sql (4.33ms)
2026/10/07 12:20:37 OK   00017_source_data_scope.sql (3.86ms)
2026/10/07 12:20:37 OK   00018_sp04_resources_evidence.sql (19.34ms)
2026/10/07 12:20:37 OK   00019_sp04_archive_ciphertext_bytes.sql (9.34ms)
2026/10/07 12:20:37 OK   00020_sp04_request_ledger.sql (16.32ms)
2026/10/07 12:20:37 OK   00021_sp04_archive_protection.sql (8.86ms)
2026/10/07 12:20:37 OK   00022_sp04_legal_hold_dependencies.sql (4.52ms)
2026/10/07 12:20:37 OK   00023_sp04_archive_query_intent.sql (3.63ms)
2026/10/07 12:20:38 OK   00024_sp05_finding_incident.sql (35.49ms)
2026/10/07 12:20:38 OK   00025_sp05_incident_event_time.sql (13.47ms)
2026/10/07 12:20:38 OK   00026_sp05_source_binding_lock.sql (4.04ms)
2026/10/07 12:20:38 OK   00027_sp05_rca_and_poll.sql (8.67ms)
2026/10/07 12:20:38 OK   00028_sp05_operator_lock.sql (9.2ms)
2026/10/07 12:20:38 OK   00029_sp05_evidence_links.sql (30.58ms)
2026/10/07 12:20:38 OK   00030_sp05_recipe_fence.sql (3.63ms)
2026/10/07 12:20:38 OK   00031_sp05_rca_postcheck.sql (3.05ms)
2026/10/07 12:20:38 OK   00032_sp05_transport_audit.sql (4.59ms)
2026/10/07 12:20:38 OK   00033_sp05_poll_resolution_clock.sql (10.26ms)
2026/10/07 12:20:38 OK   00034_sp06_investigation_ledger.sql (43.83ms)
2026/10/07 12:20:38 OK   00035_sp06_admission_data_classes.sql (6.31ms)
2026/10/07 12:20:38 goose: successfully migrated database to version: 35
2026/10/07 12:20:39 OK   00001_roles_and_schemas.sql (12.11ms)
2026/10/07 12:20:39 goose: successfully migrated database to version: 1
2026/10/07 12:20:39 OK   00002_platform_meta.sql (81ms)
2026/10/07 12:20:39 OK   00003_finding.sql (19.7ms)
2026/10/07 12:20:39 OK   00004_incident.sql (12.22ms)
2026/10/07 12:20:39 OK   00005_investigation.sql (14.04ms)
2026/10/07 12:20:39 OK   00006_action_command.sql (14.47ms)
2026/10/07 12:20:39 OK   00007_audit.sql (13.61ms)
2026/10/07 12:20:39 OK   00008_rls.sql (21.78ms)
2026/10/07 12:20:39 OK   00009_idempotency_ledger.sql (9.68ms)
2026/10/07 12:20:39 OK   00010_tenant_provisioning.sql (9.17ms)
2026/10/07 12:20:39 OK   00011_source_registration_history.sql (11.42ms)
2026/10/07 12:20:39 OK   00012_config_registry_lifecycle.sql (15.74ms)
2026/10/07 12:20:39 OK   00013_audit_signed_segments.sql (47.48ms)
2026/10/07 12:20:39 OK   00014_audit_segment_predecessors.sql (52.13ms)
2026/10/07 12:20:39 OK   00015_source_schema_scope.sql (6.09ms)
2026/10/07 12:20:39 OK   00016_cluster_registration_metadata.sql (5.2ms)
2026/10/07 12:20:39 OK   00017_source_data_scope.sql (8.1ms)
2026/10/07 12:20:39 OK   00018_sp04_resources_evidence.sql (34.32ms)
2026/10/07 12:20:39 OK   00019_sp04_archive_ciphertext_bytes.sql (9.47ms)
2026/10/07 12:20:39 OK   00020_sp04_request_ledger.sql (7.12ms)
2026/10/07 12:20:39 OK   00021_sp04_archive_protection.sql (3.1ms)
2026/10/07 12:20:39 OK   00022_sp04_legal_hold_dependencies.sql (2.58ms)
2026/10/07 12:20:39 OK   00023_sp04_archive_query_intent.sql (3.12ms)
2026/10/07 12:20:39 OK   00024_sp05_finding_incident.sql (43.77ms)
2026/10/07 12:20:39 OK   00025_sp05_incident_event_time.sql (5.67ms)
2026/10/07 12:20:39 OK   00026_sp05_source_binding_lock.sql (4.66ms)
2026/10/07 12:20:39 OK   00027_sp05_rca_and_poll.sql (12.2ms)
2026/10/07 12:20:39 OK   00028_sp05_operator_lock.sql (30.41ms)
2026/10/07 12:20:39 OK   00029_sp05_evidence_links.sql (14.52ms)
2026/10/07 12:20:39 OK   00030_sp05_recipe_fence.sql (4.26ms)
2026/10/07 12:20:39 OK   00031_sp05_rca_postcheck.sql (4.92ms)
2026/10/07 12:20:39 OK   00032_sp05_transport_audit.sql (6.53ms)
2026/10/07 12:20:39 OK   00033_sp05_poll_resolution_clock.sql (35.2ms)
2026/10/07 12:20:39 OK   00034_sp06_investigation_ledger.sql (70.11ms)
2026/10/07 12:20:39 OK   00035_sp06_admission_data_classes.sql (3.85ms)
2026/10/07 12:20:39 goose: successfully migrated database to version: 35
2026/10/07 12:21:00 OK   00001_roles_and_schemas.sql (64.74ms)
2026/10/07 12:21:00 goose: successfully migrated database to version: 1
2026/10/07 12:21:00 OK   00002_platform_meta.sql (71.04ms)
2026/10/07 12:21:00 OK   00003_finding.sql (21.46ms)
2026/10/07 12:21:00 OK   00004_incident.sql (42.92ms)
2026/10/07 12:21:00 OK   00005_investigation.sql (24.16ms)
2026/10/07 12:21:00 OK   00006_action_command.sql (8.69ms)
2026/10/07 12:21:00 OK   00007_audit.sql (15.31ms)
2026/10/07 12:21:00 OK   00008_rls.sql (21.79ms)
2026/10/07 12:21:00 OK   00009_idempotency_ledger.sql (23.17ms)
2026/10/07 12:21:00 OK   00010_tenant_provisioning.sql (7.94ms)
2026/10/07 12:21:00 OK   00011_source_registration_history.sql (8.13ms)
2026/10/07 12:21:00 OK   00012_config_registry_lifecycle.sql (49.16ms)
2026/10/07 12:21:00 OK   00013_audit_signed_segments.sql (67.52ms)
2026/10/07 12:21:00 OK   00014_audit_segment_predecessors.sql (7.86ms)
2026/10/07 12:21:00 OK   00015_source_schema_scope.sql (18.08ms)
2026/10/07 12:21:00 OK   00016_cluster_registration_metadata.sql (20.02ms)
2026/10/07 12:21:00 OK   00017_source_data_scope.sql (6.39ms)
2026/10/07 12:21:00 OK   00018_sp04_resources_evidence.sql (48.76ms)
2026/10/07 12:21:01 OK   00019_sp04_archive_ciphertext_bytes.sql (12.93ms)
2026/10/07 12:21:01 OK   00020_sp04_request_ledger.sql (31.41ms)
2026/10/07 12:21:01 OK   00021_sp04_archive_protection.sql (26.93ms)
2026/10/07 12:21:01 OK   00022_sp04_legal_hold_dependencies.sql (4.1ms)
2026/10/07 12:21:01 OK   00023_sp04_archive_query_intent.sql (4.93ms)
2026/10/07 12:21:01 OK   00024_sp05_finding_incident.sql (109.18ms)
2026/10/07 12:21:01 OK   00025_sp05_incident_event_time.sql (19.36ms)
2026/10/07 12:21:01 OK   00026_sp05_source_binding_lock.sql (9.11ms)
2026/10/07 12:21:01 OK   00027_sp05_rca_and_poll.sql (20.74ms)
2026/10/07 12:21:01 OK   00028_sp05_operator_lock.sql (36.64ms)
2026/10/07 12:21:01 OK   00029_sp05_evidence_links.sql (11.74ms)
2026/10/07 12:21:01 OK   00030_sp05_recipe_fence.sql (4.56ms)
2026/10/07 12:21:01 OK   00031_sp05_rca_postcheck.sql (8.88ms)
2026/10/07 12:21:01 OK   00032_sp05_transport_audit.sql (7.73ms)
2026/10/07 12:21:01 OK   00033_sp05_poll_resolution_clock.sql (25.47ms)
2026/10/07 12:21:01 OK   00034_sp06_investigation_ledger.sql (55.6ms)
2026/10/07 12:21:01 OK   00035_sp06_admission_data_classes.sql (13.52ms)
2026/10/07 12:21:01 goose: successfully migrated database to version: 35
2026/10/07 12:22:05 ERROR investigator dispatch failed reason=INVESTIGATOR_UNAVAILABLE
--- FAIL: TestSP06RealHolmesModelMCPJobAndSSE (66.53s)
    sp06_real_chain_test.go:497: real chain state=failed errorCode=INVESTIGATOR_FAILURE
    sp06_real_chain_test.go:226: investigator diagnostic ERROR:root:LLM call failed on model=openai/llama3.1:8b-16k (streaming iteration 1): ModelCallError: MODEL_FAILURE_SETTLEMENT_REJECTED
        Traceback (most recent call last):
          File "/Users/mssc/Documents/Code/ops/platform/services/investigator/.venv/lib/python3.12/site-packages/holmes/core/tool_calling_llm.py", line 1216, in call_stream
            full_response = self.llm.completion(
                            ^^^^^^^^^^^^^^^^^^^^
          File "/Users/mssc/Documents/Code/ops/platform/services/investigator/src/investigator/budget.py", line 68, in completion
            raise ModelCallError("MODEL_FAILURE_SETTLEMENT_REJECTED", kind) from None
        investigator.budget.ModelCallError: MODEL_FAILURE_SETTLEMENT_REJECTED
        investigator-model-failure MODEL_FAILURE_SETTLEMENT_REJECTED MODEL_TIMEOUT
        investigator-failure ModelCallError /Users/mssc/Documents/Code/ops/platform/services/investigator/src/investigator/worker.py 76
        investigator-failure ModelCallError /Users/mssc/Documents/Code/ops/platform/services/investigator/src/investigator/holmes_adapter.py 79
        investigator-failure ModelCallError /Users/mssc/Documents/Code/ops/platform/services/investigator/.venv/lib/python3.12/site-packages/sentry_sdk/tracing_utils.py 1154
        investigator-failure ModelCallError /Users/mssc/Documents/Code/ops/platform/services/investigator/.venv/lib/python3.12/site-packages/holmes/core/tool_calling_llm.py 657
        investigator-failure ModelCallError /Users/mssc/Documents/Code/ops/platform/services/investigator/.venv/lib/python3.12/site-packages/holmes/core/tool_calling_llm.py 1216
        investigator-failure ModelCallError /Users/mssc/Documents/Code/ops/platform/services/investigator/src/investigator/budget.py 68
        
    migrations_test.go:436: retained owned integration database=sp03_mig_b1c5ce867d05477dbd9166127a1e92f6 test=TestSP06RealHolmesModelMCPJobAndSSE reason=audit.records; no automatic protected cleanup
2026/10/07 12:22:09 OK   00001_roles_and_schemas.sql (409.16ms)
2026/10/07 12:22:09 goose: successfully migrated database to version: 1
2026/10/07 12:22:11 OK   00002_platform_meta.sql (1.24s)
2026/10/07 12:22:11 OK   00003_finding.sql (293.79ms)
2026/10/07 12:22:11 OK   00004_incident.sql (316.94ms)
2026/10/07 12:22:11 OK   00005_investigation.sql (101.72ms)
2026/10/07 12:22:11 OK   00006_action_command.sql (72.61ms)
2026/10/07 12:22:12 OK   00007_audit.sql (280.41ms)
2026/10/07 12:22:12 OK   00008_rls.sql (140.37ms)
2026/10/07 12:22:12 OK   00009_idempotency_ledger.sql (277.16ms)
2026/10/07 12:22:12 OK   00010_tenant_provisioning.sql (66.06ms)
2026/10/07 12:22:12 OK   00011_source_registration_history.sql (58.55ms)
2026/10/07 12:22:12 OK   00012_config_registry_lifecycle.sql (204.33ms)
2026/10/07 12:22:13 OK   00013_audit_signed_segments.sql (185.5ms)
2026/10/07 12:22:13 OK   00014_audit_segment_predecessors.sql (128.47ms)
2026/10/07 12:22:13 OK   00015_source_schema_scope.sql (112.13ms)
2026/10/07 12:22:13 OK   00016_cluster_registration_metadata.sql (93.33ms)
2026/10/07 12:22:14 OK   00017_source_data_scope.sql (1.15s)
2026/10/07 12:22:14 OK   00018_sp04_resources_evidence.sql (465.97ms)
2026/10/07 12:22:15 OK   00019_sp04_archive_ciphertext_bytes.sql (878.29ms)
2026/10/07 12:22:16 OK   00020_sp04_request_ledger.sql (869.35ms)
2026/10/07 12:22:17 OK   00021_sp04_archive_protection.sql (1.04s)
2026/10/07 12:22:18 OK   00022_sp04_legal_hold_dependencies.sql (226.36ms)
2026/10/07 12:22:18 OK   00023_sp04_archive_query_intent.sql (166.8ms)
2026/10/07 12:22:18 OK   00024_sp05_finding_incident.sql (487.39ms)
2026/10/07 12:22:18 OK   00025_sp05_incident_event_time.sql (55.02ms)
2026/10/07 12:22:18 OK   00026_sp05_source_binding_lock.sql (21.43ms)
2026/10/07 12:22:18 OK   00027_sp05_rca_and_poll.sql (57.17ms)
2026/10/07 12:22:18 OK   00028_sp05_operator_lock.sql (97.92ms)
2026/10/07 12:22:19 OK   00029_sp05_evidence_links.sql (141.08ms)
2026/10/07 12:22:19 OK   00030_sp05_recipe_fence.sql (47.07ms)
2026/10/07 12:22:19 OK   00031_sp05_rca_postcheck.sql (105.91ms)
2026/10/07 12:22:19 OK   00032_sp05_transport_audit.sql (51.9ms)
2026/10/07 12:22:19 OK   00033_sp05_poll_resolution_clock.sql (61.87ms)
2026/10/07 12:22:19 OK   00034_sp06_investigation_ledger.sql (234.3ms)
2026/10/07 12:22:19 OK   00035_sp06_admission_data_classes.sql (90.93ms)
2026/10/07 12:22:19 goose: successfully migrated database to version: 35
2026/10/07 12:22:21 OK   00001_roles_and_schemas.sql (22.24ms)
2026/10/07 12:22:21 goose: successfully migrated database to version: 1
2026/10/07 12:22:22 OK   00002_platform_meta.sql (143.53ms)
2026/10/07 12:22:22 OK   00003_finding.sql (105.31ms)
2026/10/07 12:22:22 OK   00004_incident.sql (17.2ms)
2026/10/07 12:22:22 OK   00005_investigation.sql (99.57ms)
2026/10/07 12:22:22 OK   00006_action_command.sql (37.59ms)
2026/10/07 12:22:22 OK   00007_audit.sql (49.69ms)
2026/10/07 12:22:22 OK   00008_rls.sql (71.39ms)
2026/10/07 12:22:22 OK   00009_idempotency_ledger.sql (18.54ms)
2026/10/07 12:22:22 OK   00010_tenant_provisioning.sql (17.54ms)
2026/10/07 12:22:22 OK   00011_source_registration_history.sql (32.44ms)
2026/10/07 12:22:22 OK   00012_config_registry_lifecycle.sql (66.19ms)
2026/10/07 12:22:22 OK   00013_audit_signed_segments.sql (108.61ms)
2026/10/07 12:22:22 OK   00014_audit_segment_predecessors.sql (12.18ms)
2026/10/07 12:22:22 OK   00015_source_schema_scope.sql (4.8ms)
2026/10/07 12:22:22 OK   00016_cluster_registration_metadata.sql (28.87ms)
2026/10/07 12:22:22 OK   00017_source_data_scope.sql (16.26ms)
2026/10/07 12:22:22 OK   00018_sp04_resources_evidence.sql (56.35ms)
2026/10/07 12:22:22 OK   00019_sp04_archive_ciphertext_bytes.sql (18.86ms)
2026/10/07 12:22:22 OK   00020_sp04_request_ledger.sql (54.42ms)
2026/10/07 12:22:22 OK   00021_sp04_archive_protection.sql (25.28ms)
2026/10/07 12:22:22 OK   00022_sp04_legal_hold_dependencies.sql (7.16ms)
2026/10/07 12:22:22 OK   00023_sp04_archive_query_intent.sql (11.29ms)
2026/10/07 12:22:23 OK   00024_sp05_finding_incident.sql (121.58ms)
2026/10/07 12:22:23 OK   00025_sp05_incident_event_time.sql (23.5ms)
2026/10/07 12:22:23 OK   00026_sp05_source_binding_lock.sql (19.37ms)
2026/10/07 12:22:23 OK   00027_sp05_rca_and_poll.sql (63.59ms)
2026/10/07 12:22:23 OK   00028_sp05_operator_lock.sql (18.88ms)
2026/10/07 12:22:23 OK   00029_sp05_evidence_links.sql (38.39ms)
2026/10/07 12:22:23 OK   00030_sp05_recipe_fence.sql (16.52ms)
2026/10/07 12:22:23 OK   00031_sp05_rca_postcheck.sql (17.5ms)
2026/10/07 12:22:23 OK   00032_sp05_transport_audit.sql (39.35ms)
2026/10/07 12:22:23 OK   00033_sp05_poll_resolution_clock.sql (12.32ms)
2026/10/07 12:22:23 OK   00034_sp06_investigation_ledger.sql (61.77ms)
2026/10/07 12:22:23 OK   00035_sp06_admission_data_classes.sql (47.23ms)
2026/10/07 12:22:23 goose: successfully migrated database to version: 35
2026/10/07 12:22:24 OK   00001_roles_and_schemas.sql (29.39ms)
2026/10/07 12:22:24 goose: successfully migrated database to version: 1
2026/10/07 12:22:24 OK   00002_platform_meta.sql (56.06ms)
2026/10/07 12:22:24 OK   00003_finding.sql (28.15ms)
2026/10/07 12:22:24 OK   00004_incident.sql (25.44ms)
2026/10/07 12:22:24 OK   00005_investigation.sql (33.68ms)
2026/10/07 12:22:24 OK   00006_action_command.sql (18.99ms)
2026/10/07 12:22:24 OK   00007_audit.sql (30.81ms)
2026/10/07 12:22:24 OK   00008_rls.sql (23.35ms)
2026/10/07 12:22:24 OK   00009_idempotency_ledger.sql (21.57ms)
2026/10/07 12:22:24 OK   00010_tenant_provisioning.sql (10.57ms)
2026/10/07 12:22:24 OK   00011_source_registration_history.sql (17.79ms)
2026/10/07 12:22:24 OK   00012_config_registry_lifecycle.sql (31.79ms)
2026/10/07 12:22:24 OK   00013_audit_signed_segments.sql (34.61ms)
2026/10/07 12:22:24 OK   00014_audit_segment_predecessors.sql (18.64ms)
2026/10/07 12:22:24 OK   00015_source_schema_scope.sql (6.18ms)
2026/10/07 12:22:24 OK   00016_cluster_registration_metadata.sql (19.5ms)
2026/10/07 12:22:24 OK   00017_source_data_scope.sql (11.03ms)
2026/10/07 12:22:25 OK   00018_sp04_resources_evidence.sql (61.38ms)
2026/10/07 12:22:25 OK   00019_sp04_archive_ciphertext_bytes.sql (7.05ms)
2026/10/07 12:22:25 OK   00020_sp04_request_ledger.sql (16.18ms)
2026/10/07 12:22:25 OK   00021_sp04_archive_protection.sql (8.18ms)
2026/10/07 12:22:25 OK   00022_sp04_legal_hold_dependencies.sql (6.5ms)
2026/10/07 12:22:25 OK   00023_sp04_archive_query_intent.sql (7.03ms)
2026/10/07 12:22:25 OK   00024_sp05_finding_incident.sql (49.63ms)
2026/10/07 12:22:25 OK   00025_sp05_incident_event_time.sql (8ms)
2026/10/07 12:22:25 OK   00026_sp05_source_binding_lock.sql (13.76ms)
2026/10/07 12:22:25 OK   00027_sp05_rca_and_poll.sql (20.14ms)
2026/10/07 12:22:25 OK   00028_sp05_operator_lock.sql (13.48ms)
2026/10/07 12:22:25 OK   00029_sp05_evidence_links.sql (14.96ms)
2026/10/07 12:22:25 OK   00030_sp05_recipe_fence.sql (9.06ms)
2026/10/07 12:22:25 OK   00031_sp05_rca_postcheck.sql (7.64ms)
2026/10/07 12:22:25 OK   00032_sp05_transport_audit.sql (16.7ms)
2026/10/07 12:22:25 OK   00033_sp05_poll_resolution_clock.sql (8.89ms)
2026/10/07 12:22:25 OK   00034_sp06_investigation_ledger.sql (55.5ms)
2026/10/07 12:22:25 OK   00035_sp06_admission_data_classes.sql (7.37ms)
2026/10/07 12:22:25 goose: successfully migrated database to version: 35
2026/10/07 12:22:26 OK   00001_roles_and_schemas.sql (35.97ms)
2026/10/07 12:22:26 goose: successfully migrated database to version: 1
2026/10/07 12:22:26 OK   00002_platform_meta.sql (84.39ms)
2026/10/07 12:22:26 OK   00003_finding.sql (34.5ms)
2026/10/07 12:22:26 OK   00004_incident.sql (25.14ms)
2026/10/07 12:22:26 OK   00005_investigation.sql (28.21ms)
2026/10/07 12:22:26 OK   00006_action_command.sql (20.43ms)
2026/10/07 12:22:26 OK   00007_audit.sql (31.85ms)
2026/10/07 12:22:26 OK   00008_rls.sql (29.96ms)
2026/10/07 12:22:26 OK   00009_idempotency_ledger.sql (29.36ms)
2026/10/07 12:22:26 OK   00010_tenant_provisioning.sql (12.87ms)
2026/10/07 12:22:26 OK   00011_source_registration_history.sql (22.71ms)
2026/10/07 12:22:26 OK   00012_config_registry_lifecycle.sql (31.38ms)
2026/10/07 12:22:26 OK   00013_audit_signed_segments.sql (76.69ms)
2026/10/07 12:22:26 OK   00014_audit_segment_predecessors.sql (22.35ms)
2026/10/07 12:22:26 OK   00015_source_schema_scope.sql (24.64ms)
2026/10/07 12:22:26 OK   00016_cluster_registration_metadata.sql (25.3ms)
2026/10/07 12:22:26 OK   00017_source_data_scope.sql (48.62ms)
2026/10/07 12:22:27 OK   00018_sp04_resources_evidence.sql (113.8ms)
2026/10/07 12:22:27 OK   00019_sp04_archive_ciphertext_bytes.sql (31.58ms)
2026/10/07 12:22:27 OK   00020_sp04_request_ledger.sql (135.67ms)
2026/10/07 12:22:27 OK   00021_sp04_archive_protection.sql (7.1ms)
2026/10/07 12:22:27 OK   00022_sp04_legal_hold_dependencies.sql (4.98ms)
2026/10/07 12:22:27 OK   00023_sp04_archive_query_intent.sql (29.89ms)
2026/10/07 12:22:27 OK   00024_sp05_finding_incident.sql (125.52ms)
2026/10/07 12:22:27 OK   00025_sp05_incident_event_time.sql (11.58ms)
2026/10/07 12:22:27 OK   00026_sp05_source_binding_lock.sql (6.63ms)
2026/10/07 12:22:27 OK   00027_sp05_rca_and_poll.sql (32.9ms)
2026/10/07 12:22:27 OK   00028_sp05_operator_lock.sql (7.75ms)
2026/10/07 12:22:27 OK   00029_sp05_evidence_links.sql (21.91ms)
2026/10/07 12:22:27 OK   00030_sp05_recipe_fence.sql (15.24ms)
2026/10/07 12:22:27 OK   00031_sp05_rca_postcheck.sql (13.57ms)
2026/10/07 12:22:27 OK   00032_sp05_transport_audit.sql (14.94ms)
2026/10/07 12:22:27 OK   00033_sp05_poll_resolution_clock.sql (28.32ms)
2026/10/07 12:22:27 OK   00034_sp06_investigation_ledger.sql (75.45ms)
2026/10/07 12:22:27 OK   00035_sp06_admission_data_classes.sql (29.94ms)
2026/10/07 12:22:27 goose: successfully migrated database to version: 35
2026/10/07 12:22:50 OK   00001_roles_and_schemas.sql (31.79ms)
2026/10/07 12:22:50 goose: successfully migrated database to version: 1
2026/10/07 12:22:50 OK   00002_platform_meta.sql (46.64ms)
2026/10/07 12:22:50 OK   00003_finding.sql (21.38ms)
2026/10/07 12:22:50 OK   00004_incident.sql (30.95ms)
2026/10/07 12:22:50 OK   00005_investigation.sql (15.82ms)
2026/10/07 12:22:50 OK   00006_action_command.sql (15.86ms)
2026/10/07 12:22:50 OK   00007_audit.sql (32.07ms)
2026/10/07 12:22:50 OK   00008_rls.sql (62.43ms)
2026/10/07 12:22:50 OK   00009_idempotency_ledger.sql (36.38ms)
2026/10/07 12:22:50 OK   00010_tenant_provisioning.sql (19.55ms)
2026/10/07 12:22:50 OK   00011_source_registration_history.sql (30.61ms)
2026/10/07 12:22:50 OK   00012_config_registry_lifecycle.sql (28ms)
2026/10/07 12:22:50 OK   00013_audit_signed_segments.sql (53.52ms)
2026/10/07 12:22:50 OK   00014_audit_segment_predecessors.sql (33.96ms)
2026/10/07 12:22:50 OK   00015_source_schema_scope.sql (12.48ms)
2026/10/07 12:22:50 OK   00016_cluster_registration_metadata.sql (8.65ms)
2026/10/07 12:22:50 OK   00017_source_data_scope.sql (9.15ms)
2026/10/07 12:22:50 OK   00018_sp04_resources_evidence.sql (52.24ms)
2026/10/07 12:22:50 OK   00019_sp04_archive_ciphertext_bytes.sql (5.3ms)
2026/10/07 12:22:50 OK   00020_sp04_request_ledger.sql (7.68ms)
2026/10/07 12:22:50 OK   00021_sp04_archive_protection.sql (5.78ms)
2026/10/07 12:22:50 OK   00022_sp04_legal_hold_dependencies.sql (4.58ms)
2026/10/07 12:22:50 OK   00023_sp04_archive_query_intent.sql (4.97ms)
2026/10/07 12:22:50 OK   00024_sp05_finding_incident.sql (43.06ms)
2026/10/07 12:22:50 OK   00025_sp05_incident_event_time.sql (4.52ms)
2026/10/07 12:22:50 OK   00026_sp05_source_binding_lock.sql (6.31ms)
2026/10/07 12:22:50 OK   00027_sp05_rca_and_poll.sql (22.47ms)
2026/10/07 12:22:50 OK   00028_sp05_operator_lock.sql (5.98ms)
2026/10/07 12:22:50 OK   00029_sp05_evidence_links.sql (13.42ms)
2026/10/07 12:22:50 OK   00030_sp05_recipe_fence.sql (7.98ms)
2026/10/07 12:22:50 OK   00031_sp05_rca_postcheck.sql (5.59ms)
2026/10/07 12:22:50 OK   00032_sp05_transport_audit.sql (14.28ms)
2026/10/07 12:22:50 OK   00033_sp05_poll_resolution_clock.sql (8.13ms)
2026/10/07 12:22:51 OK   00034_sp06_investigation_ledger.sql (49.78ms)
2026/10/07 12:22:51 OK   00035_sp06_admission_data_classes.sql (4.4ms)
2026/10/07 12:22:51 goose: successfully migrated database to version: 35
2026/10/07 12:22:52 OK   00001_roles_and_schemas.sql (26.19ms)
2026/10/07 12:22:52 goose: successfully migrated database to version: 1
2026/10/07 12:22:52 OK   00002_platform_meta.sql (71.18ms)
2026/10/07 12:22:52 OK   00003_finding.sql (35.82ms)
2026/10/07 12:22:52 OK   00004_incident.sql (31.41ms)
2026/10/07 12:22:52 OK   00005_investigation.sql (20.95ms)
2026/10/07 12:22:52 OK   00006_action_command.sql (15.74ms)
2026/10/07 12:22:52 OK   00007_audit.sql (46.12ms)
2026/10/07 12:22:52 OK   00008_rls.sql (40.96ms)
2026/10/07 12:22:52 OK   00009_idempotency_ledger.sql (21.55ms)
2026/10/07 12:22:52 OK   00010_tenant_provisioning.sql (13.22ms)
2026/10/07 12:22:52 OK   00011_source_registration_history.sql (31.42ms)
2026/10/07 12:22:52 OK   00012_config_registry_lifecycle.sql (30.19ms)
2026/10/07 12:22:52 OK   00013_audit_signed_segments.sql (28.27ms)
2026/10/07 12:22:52 OK   00014_audit_segment_predecessors.sql (13.85ms)
2026/10/07 12:22:52 OK   00015_source_schema_scope.sql (6.71ms)
2026/10/07 12:22:52 OK   00016_cluster_registration_metadata.sql (9.67ms)
2026/10/07 12:22:52 OK   00017_source_data_scope.sql (9.9ms)
2026/10/07 12:22:52 OK   00018_sp04_resources_evidence.sql (22.47ms)
2026/10/07 12:22:52 OK   00019_sp04_archive_ciphertext_bytes.sql (6.43ms)
2026/10/07 12:22:52 OK   00020_sp04_request_ledger.sql (7.72ms)
2026/10/07 12:22:52 OK   00021_sp04_archive_protection.sql (7.5ms)
2026/10/07 12:22:52 OK   00022_sp04_legal_hold_dependencies.sql (4.54ms)
2026/10/07 12:22:52 OK   00023_sp04_archive_query_intent.sql (4.55ms)
2026/10/07 12:22:52 OK   00024_sp05_finding_incident.sql (44.28ms)
2026/10/07 12:22:52 OK   00025_sp05_incident_event_time.sql (4.65ms)
2026/10/07 12:22:52 OK   00026_sp05_source_binding_lock.sql (4.46ms)
2026/10/07 12:22:53 OK   00027_sp05_rca_and_poll.sql (54.99ms)
2026/10/07 12:22:53 OK   00028_sp05_operator_lock.sql (8.02ms)
2026/10/07 12:22:53 OK   00029_sp05_evidence_links.sql (10.19ms)
2026/10/07 12:22:53 OK   00030_sp05_recipe_fence.sql (12.85ms)
2026/10/07 12:22:53 OK   00031_sp05_rca_postcheck.sql (6ms)
2026/10/07 12:22:53 OK   00032_sp05_transport_audit.sql (10.6ms)
2026/10/07 12:22:53 OK   00033_sp05_poll_resolution_clock.sql (6.73ms)
2026/10/07 12:22:53 OK   00034_sp06_investigation_ledger.sql (59.16ms)
2026/10/07 12:22:53 OK   00035_sp06_admission_data_classes.sql (16.55ms)
2026/10/07 12:22:53 goose: successfully migrated database to version: 35
2026/10/07 12:22:54 OK   00001_roles_and_schemas.sql (87.92ms)
2026/10/07 12:22:54 goose: successfully migrated database to version: 1
2026/10/07 12:22:54 OK   00002_platform_meta.sql (65.23ms)
2026/10/07 12:22:54 OK   00003_finding.sql (26.42ms)
2026/10/07 12:22:54 OK   00004_incident.sql (21.52ms)
2026/10/07 12:22:54 OK   00005_investigation.sql (27.2ms)
2026/10/07 12:22:54 OK   00006_action_command.sql (21.23ms)
2026/10/07 12:22:54 OK   00007_audit.sql (41.75ms)
2026/10/07 12:22:54 OK   00008_rls.sql (24.37ms)
2026/10/07 12:22:54 OK   00009_idempotency_ledger.sql (28.85ms)
2026/10/07 12:22:54 OK   00010_tenant_provisioning.sql (20.2ms)
2026/10/07 12:22:54 OK   00011_source_registration_history.sql (12.94ms)
2026/10/07 12:22:54 OK   00012_config_registry_lifecycle.sql (57.3ms)
2026/10/07 12:22:54 OK   00013_audit_signed_segments.sql (60.9ms)
2026/10/07 12:22:54 OK   00014_audit_segment_predecessors.sql (6.7ms)
2026/10/07 12:22:54 OK   00015_source_schema_scope.sql (4.16ms)
2026/10/07 12:22:54 OK   00016_cluster_registration_metadata.sql (8.37ms)
2026/10/07 12:22:54 OK   00017_source_data_scope.sql (19.34ms)
2026/10/07 12:22:54 OK   00018_sp04_resources_evidence.sql (50.5ms)
2026/10/07 12:22:54 OK   00019_sp04_archive_ciphertext_bytes.sql (8.03ms)
2026/10/07 12:22:54 OK   00020_sp04_request_ledger.sql (18.76ms)
2026/10/07 12:22:54 OK   00021_sp04_archive_protection.sql (11.49ms)
2026/10/07 12:22:54 OK   00022_sp04_legal_hold_dependencies.sql (5.27ms)
2026/10/07 12:22:54 OK   00023_sp04_archive_query_intent.sql (2.73ms)
2026/10/07 12:22:54 OK   00024_sp05_finding_incident.sql (43.45ms)
2026/10/07 12:22:54 OK   00025_sp05_incident_event_time.sql (17.65ms)
2026/10/07 12:22:54 OK   00026_sp05_source_binding_lock.sql (7.04ms)
2026/10/07 12:22:54 OK   00027_sp05_rca_and_poll.sql (13.78ms)
2026/10/07 12:22:54 OK   00028_sp05_operator_lock.sql (6.83ms)
2026/10/07 12:22:54 OK   00029_sp05_evidence_links.sql (16.42ms)
2026/10/07 12:22:54 OK   00030_sp05_recipe_fence.sql (23.68ms)
2026/10/07 12:22:54 OK   00031_sp05_rca_postcheck.sql (4.39ms)
2026/10/07 12:22:54 OK   00032_sp05_transport_audit.sql (4.2ms)
2026/10/07 12:22:54 OK   00033_sp05_poll_resolution_clock.sql (5.71ms)
2026/10/07 12:22:55 OK   00034_sp06_investigation_ledger.sql (47.49ms)
2026/10/07 12:22:55 OK   00035_sp06_admission_data_classes.sql (9.19ms)
2026/10/07 12:22:55 goose: successfully migrated database to version: 35
2026/10/07 12:22:55 OK   00001_roles_and_schemas.sql (42.74ms)
2026/10/07 12:22:55 goose: successfully migrated database to version: 1
2026/10/07 12:22:55 OK   00002_platform_meta.sql (86.27ms)
2026/10/07 12:22:56 OK   00003_finding.sql (72.44ms)
2026/10/07 12:22:56 OK   00004_incident.sql (18.28ms)
2026/10/07 12:22:56 OK   00005_investigation.sql (13.25ms)
2026/10/07 12:22:56 OK   00006_action_command.sql (17.08ms)
2026/10/07 12:22:56 OK   00007_audit.sql (42.01ms)
2026/10/07 12:22:56 OK   00008_rls.sql (12.64ms)
2026/10/07 12:22:56 OK   00009_idempotency_ledger.sql (9.85ms)
2026/10/07 12:22:56 OK   00010_tenant_provisioning.sql (5.58ms)
2026/10/07 12:22:56 OK   00011_source_registration_history.sql (16.57ms)
2026/10/07 12:22:56 OK   00012_config_registry_lifecycle.sql (35.88ms)
2026/10/07 12:22:56 OK   00013_audit_signed_segments.sql (34.05ms)
2026/10/07 12:22:56 OK   00014_audit_segment_predecessors.sql (26.94ms)
2026/10/07 12:22:56 OK   00015_source_schema_scope.sql (40.6ms)
2026/10/07 12:22:56 OK   00016_cluster_registration_metadata.sql (7.81ms)
2026/10/07 12:22:56 OK   00017_source_data_scope.sql (4.62ms)
2026/10/07 12:22:56 OK   00018_sp04_resources_evidence.sql (42.58ms)
2026/10/07 12:22:56 OK   00019_sp04_archive_ciphertext_bytes.sql (29.46ms)
2026/10/07 12:22:56 OK   00020_sp04_request_ledger.sql (5.83ms)
2026/10/07 12:22:56 OK   00021_sp04_archive_protection.sql (7.41ms)
2026/10/07 12:22:56 OK   00022_sp04_legal_hold_dependencies.sql (8.59ms)
2026/10/07 12:22:56 OK   00023_sp04_archive_query_intent.sql (9.16ms)
2026/10/07 12:22:56 OK   00024_sp05_finding_incident.sql (91.6ms)
2026/10/07 12:22:56 OK   00025_sp05_incident_event_time.sql (7.25ms)
2026/10/07 12:22:56 OK   00026_sp05_source_binding_lock.sql (6.94ms)
2026/10/07 12:22:56 OK   00027_sp05_rca_and_poll.sql (24.51ms)
2026/10/07 12:22:56 OK   00028_sp05_operator_lock.sql (30.55ms)
2026/10/07 12:22:56 OK   00029_sp05_evidence_links.sql (55.53ms)
2026/10/07 12:22:56 OK   00030_sp05_recipe_fence.sql (20.09ms)
2026/10/07 12:22:56 OK   00031_sp05_rca_postcheck.sql (26.51ms)
2026/10/07 12:22:56 OK   00032_sp05_transport_audit.sql (7.15ms)
2026/10/07 12:22:56 OK   00033_sp05_poll_resolution_clock.sql (6.07ms)
2026/10/07 12:22:56 OK   00034_sp06_investigation_ledger.sql (82.3ms)
2026/10/07 12:22:56 OK   00035_sp06_admission_data_classes.sql (15.62ms)
2026/10/07 12:22:56 goose: successfully migrated database to version: 35
2026/10/07 12:22:57 OK   00001_roles_and_schemas.sql (78.97ms)
2026/10/07 12:22:57 goose: successfully migrated database to version: 1
2026/10/07 12:22:57 OK   00002_platform_meta.sql (64.56ms)
2026/10/07 12:22:57 OK   00003_finding.sql (21.78ms)
2026/10/07 12:22:57 OK   00004_incident.sql (17.47ms)
2026/10/07 12:22:57 OK   00005_investigation.sql (47.04ms)
2026/10/07 12:22:57 OK   00006_action_command.sql (8.55ms)
2026/10/07 12:22:57 OK   00007_audit.sql (11.35ms)
2026/10/07 12:22:58 OK   00008_rls.sql (10.18ms)
2026/10/07 12:22:58 OK   00009_idempotency_ledger.sql (8.89ms)
2026/10/07 12:22:58 OK   00010_tenant_provisioning.sql (21.32ms)
2026/10/07 12:22:58 OK   00011_source_registration_history.sql (52.24ms)
2026/10/07 12:22:58 OK   00012_config_registry_lifecycle.sql (15.82ms)
2026/10/07 12:22:58 OK   00013_audit_signed_segments.sql (59.01ms)
2026/10/07 12:22:58 OK   00014_audit_segment_predecessors.sql (10.48ms)
2026/10/07 12:22:58 OK   00015_source_schema_scope.sql (56.35ms)
2026/10/07 12:22:58 OK   00016_cluster_registration_metadata.sql (8.31ms)
2026/10/07 12:22:58 OK   00017_source_data_scope.sql (7.56ms)
2026/10/07 12:22:58 OK   00018_sp04_resources_evidence.sql (42.49ms)
2026/10/07 12:22:58 OK   00019_sp04_archive_ciphertext_bytes.sql (15.23ms)
2026/10/07 12:22:58 OK   00020_sp04_request_ledger.sql (13.51ms)
2026/10/07 12:22:58 OK   00021_sp04_archive_protection.sql (4.72ms)
2026/10/07 12:22:58 OK   00022_sp04_legal_hold_dependencies.sql (3.05ms)
2026/10/07 12:22:58 OK   00023_sp04_archive_query_intent.sql (3.22ms)
2026/10/07 12:22:58 OK   00024_sp05_finding_incident.sql (88.02ms)
2026/10/07 12:22:58 OK   00025_sp05_incident_event_time.sql (6.42ms)
2026/10/07 12:22:58 OK   00026_sp05_source_binding_lock.sql (10.74ms)
2026/10/07 12:22:58 OK   00027_sp05_rca_and_poll.sql (18.86ms)
2026/10/07 12:22:58 OK   00028_sp05_operator_lock.sql (23.59ms)
2026/10/07 12:22:58 OK   00029_sp05_evidence_links.sql (11.98ms)
2026/10/07 12:22:58 OK   00030_sp05_recipe_fence.sql (10.05ms)
2026/10/07 12:22:58 OK   00031_sp05_rca_postcheck.sql (4.76ms)
2026/10/07 12:22:58 OK   00032_sp05_transport_audit.sql (3.99ms)
2026/10/07 12:22:58 OK   00033_sp05_poll_resolution_clock.sql (5.19ms)
2026/10/07 12:22:58 OK   00034_sp06_investigation_ledger.sql (81.47ms)
2026/10/07 12:22:58 OK   00035_sp06_admission_data_classes.sql (7.2ms)
2026/10/07 12:22:58 goose: successfully migrated database to version: 35
2026/10/07 12:22:59 OK   00001_roles_and_schemas.sql (25.81ms)
2026/10/07 12:22:59 goose: successfully migrated database to version: 1
2026/10/07 12:22:59 OK   00002_platform_meta.sql (86.68ms)
2026/10/07 12:22:59 OK   00003_finding.sql (56.4ms)
2026/10/07 12:22:59 OK   00004_incident.sql (45.61ms)
2026/10/07 12:22:59 OK   00005_investigation.sql (21.89ms)
2026/10/07 12:22:59 OK   00006_action_command.sql (7.49ms)
2026/10/07 12:22:59 OK   00007_audit.sql (51.83ms)
2026/10/07 12:22:59 OK   00008_rls.sql (51.07ms)
2026/10/07 12:22:59 OK   00009_idempotency_ledger.sql (51.28ms)
2026/10/07 12:22:59 OK   00010_tenant_provisioning.sql (7.42ms)
2026/10/07 12:22:59 OK   00011_source_registration_history.sql (56.62ms)
2026/10/07 12:22:59 OK   00012_config_registry_lifecycle.sql (13.7ms)
2026/10/07 12:23:00 OK   00013_audit_signed_segments.sql (57.95ms)
2026/10/07 12:23:00 OK   00014_audit_segment_predecessors.sql (6.85ms)
2026/10/07 12:23:00 OK   00015_source_schema_scope.sql (3.59ms)
2026/10/07 12:23:00 OK   00016_cluster_registration_metadata.sql (5.35ms)
2026/10/07 12:23:00 OK   00017_source_data_scope.sql (44.67ms)
2026/10/07 12:23:00 OK   00018_sp04_resources_evidence.sql (35.28ms)
2026/10/07 12:23:00 OK   00019_sp04_archive_ciphertext_bytes.sql (10.62ms)
2026/10/07 12:23:00 OK   00020_sp04_request_ledger.sql (38.32ms)
2026/10/07 12:23:00 OK   00021_sp04_archive_protection.sql (5.15ms)
2026/10/07 12:23:00 OK   00022_sp04_legal_hold_dependencies.sql (4.76ms)
2026/10/07 12:23:00 OK   00023_sp04_archive_query_intent.sql (15.49ms)
2026/10/07 12:23:00 OK   00024_sp05_finding_incident.sql (61.91ms)
2026/10/07 12:23:00 OK   00025_sp05_incident_event_time.sql (6.02ms)
2026/10/07 12:23:00 OK   00026_sp05_source_binding_lock.sql (4.62ms)
2026/10/07 12:23:00 OK   00027_sp05_rca_and_poll.sql (62.88ms)
2026/10/07 12:23:00 OK   00028_sp05_operator_lock.sql (20.56ms)
2026/10/07 12:23:00 OK   00029_sp05_evidence_links.sql (10.14ms)
2026/10/07 12:23:00 OK   00030_sp05_recipe_fence.sql (4.88ms)
2026/10/07 12:23:00 OK   00031_sp05_rca_postcheck.sql (3.86ms)
2026/10/07 12:23:00 OK   00032_sp05_transport_audit.sql (4.48ms)
2026/10/07 12:23:00 OK   00033_sp05_poll_resolution_clock.sql (59ms)
2026/10/07 12:23:00 OK   00034_sp06_investigation_ledger.sql (68.63ms)
2026/10/07 12:23:00 OK   00035_sp06_admission_data_classes.sql (7.61ms)
2026/10/07 12:23:00 goose: successfully migrated database to version: 35
2026/10/07 12:23:01 OK   00001_roles_and_schemas.sql (34.6ms)
2026/10/07 12:23:01 goose: successfully migrated database to version: 1
2026/10/07 12:23:01 OK   00002_platform_meta.sql (54.2ms)
2026/10/07 12:23:01 OK   00003_finding.sql (54.59ms)
2026/10/07 12:23:01 OK   00004_incident.sql (15.53ms)
2026/10/07 12:23:01 OK   00005_investigation.sql (55.99ms)
2026/10/07 12:23:01 OK   00006_action_command.sql (12.28ms)
2026/10/07 12:23:01 OK   00007_audit.sql (61.74ms)
2026/10/07 12:23:01 OK   00008_rls.sql (59.31ms)
2026/10/07 12:23:01 OK   00009_idempotency_ledger.sql (87.97ms)
2026/10/07 12:23:01 OK   00010_tenant_provisioning.sql (113.29ms)
2026/10/07 12:23:01 OK   00011_source_registration_history.sql (46.52ms)
2026/10/07 12:23:01 OK   00012_config_registry_lifecycle.sql (64.55ms)
2026/10/07 12:23:01 OK   00013_audit_signed_segments.sql (48.97ms)
2026/10/07 12:23:01 OK   00014_audit_segment_predecessors.sql (8.36ms)
2026/10/07 12:23:01 OK   00015_source_schema_scope.sql (4.26ms)
2026/10/07 12:23:01 OK   00016_cluster_registration_metadata.sql (5.83ms)
2026/10/07 12:23:01 OK   00017_source_data_scope.sql (3.94ms)
2026/10/07 12:23:02 OK   00018_sp04_resources_evidence.sql (58.8ms)
2026/10/07 12:23:02 OK   00019_sp04_archive_ciphertext_bytes.sql (22.82ms)
2026/10/07 12:23:02 OK   00020_sp04_request_ledger.sql (16.85ms)
2026/10/07 12:23:02 OK   00021_sp04_archive_protection.sql (6.07ms)
2026/10/07 12:23:02 OK   00022_sp04_legal_hold_dependencies.sql (10.55ms)
2026/10/07 12:23:02 OK   00023_sp04_archive_query_intent.sql (9.36ms)
2026/10/07 12:23:02 OK   00024_sp05_finding_incident.sql (43.79ms)
2026/10/07 12:23:02 OK   00025_sp05_incident_event_time.sql (2.77ms)
2026/10/07 12:23:02 OK   00026_sp05_source_binding_lock.sql (3.4ms)
2026/10/07 12:23:02 OK   00027_sp05_rca_and_poll.sql (49.59ms)
2026/10/07 12:23:02 OK   00028_sp05_operator_lock.sql (6.13ms)
2026/10/07 12:23:02 OK   00029_sp05_evidence_links.sql (24.07ms)
2026/10/07 12:23:02 OK   00030_sp05_recipe_fence.sql (7.43ms)
2026/10/07 12:23:02 OK   00031_sp05_rca_postcheck.sql (3.82ms)
2026/10/07 12:23:02 OK   00032_sp05_transport_audit.sql (8.79ms)
2026/10/07 12:23:02 OK   00033_sp05_poll_resolution_clock.sql (5.47ms)
2026/10/07 12:23:02 OK   00034_sp06_investigation_ledger.sql (50.02ms)
2026/10/07 12:23:02 OK   00035_sp06_admission_data_classes.sql (12.27ms)
2026/10/07 12:23:02 goose: successfully migrated database to version: 35
2026/10/07 12:23:03 OK   00001_roles_and_schemas.sql (34.94ms)
2026/10/07 12:23:03 goose: successfully migrated database to version: 1
2026/10/07 12:23:03 OK   00002_platform_meta.sql (59.71ms)
2026/10/07 12:23:03 OK   00003_finding.sql (36.84ms)
2026/10/07 12:23:03 OK   00004_incident.sql (54.92ms)
2026/10/07 12:23:03 OK   00005_investigation.sql (94.98ms)
2026/10/07 12:23:03 OK   00006_action_command.sql (16.58ms)
2026/10/07 12:23:03 OK   00007_audit.sql (89.35ms)
2026/10/07 12:23:03 OK   00008_rls.sql (17.33ms)
2026/10/07 12:23:03 OK   00009_idempotency_ledger.sql (58.8ms)
2026/10/07 12:23:03 OK   00010_tenant_provisioning.sql (13.37ms)
2026/10/07 12:23:03 OK   00011_source_registration_history.sql (11.86ms)
2026/10/07 12:23:03 OK   00012_config_registry_lifecycle.sql (34.51ms)
2026/10/07 12:23:04 OK   00013_audit_signed_segments.sql (63.07ms)
2026/10/07 12:23:04 OK   00014_audit_segment_predecessors.sql (22.18ms)
2026/10/07 12:23:04 OK   00015_source_schema_scope.sql (17.37ms)
2026/10/07 12:23:04 OK   00016_cluster_registration_metadata.sql (24.38ms)
2026/10/07 12:23:04 OK   00017_source_data_scope.sql (13.69ms)
2026/10/07 12:23:04 OK   00018_sp04_resources_evidence.sql (66.5ms)
2026/10/07 12:23:04 OK   00019_sp04_archive_ciphertext_bytes.sql (30.65ms)
2026/10/07 12:23:04 OK   00020_sp04_request_ledger.sql (19.32ms)
2026/10/07 12:23:04 OK   00021_sp04_archive_protection.sql (59.88ms)
2026/10/07 12:23:04 OK   00022_sp04_legal_hold_dependencies.sql (27.04ms)
2026/10/07 12:23:04 OK   00023_sp04_archive_query_intent.sql (12.27ms)
2026/10/07 12:23:04 OK   00024_sp05_finding_incident.sql (68.3ms)
2026/10/07 12:23:04 OK   00025_sp05_incident_event_time.sql (18.78ms)
2026/10/07 12:23:04 OK   00026_sp05_source_binding_lock.sql (41.25ms)
2026/10/07 12:23:04 OK   00027_sp05_rca_and_poll.sql (55.93ms)
2026/10/07 12:23:04 OK   00028_sp05_operator_lock.sql (7.79ms)
2026/10/07 12:23:04 OK   00029_sp05_evidence_links.sql (64.71ms)
2026/10/07 12:23:04 OK   00030_sp05_recipe_fence.sql (5.14ms)
2026/10/07 12:23:04 OK   00031_sp05_rca_postcheck.sql (5.62ms)
2026/10/07 12:23:04 OK   00032_sp05_transport_audit.sql (55.91ms)
2026/10/07 12:23:04 OK   00033_sp05_poll_resolution_clock.sql (5.22ms)
2026/10/07 12:23:04 OK   00034_sp06_investigation_ledger.sql (68.01ms)
2026/10/07 12:23:04 OK   00035_sp06_admission_data_classes.sql (4.18ms)
2026/10/07 12:23:04 goose: successfully migrated database to version: 35
2026/10/07 12:23:10 OK   00001_roles_and_schemas.sql (31.61ms)
2026/10/07 12:23:10 goose: successfully migrated database to version: 1
2026/10/07 12:23:10 OK   00002_platform_meta.sql (41.24ms)
2026/10/07 12:23:10 OK   00003_finding.sql (19.94ms)
2026/10/07 12:23:10 OK   00004_incident.sql (6.96ms)
2026/10/07 12:23:10 OK   00005_investigation.sql (40.39ms)
2026/10/07 12:23:10 OK   00006_action_command.sql (7.55ms)
2026/10/07 12:23:10 OK   00007_audit.sql (14.26ms)
2026/10/07 12:23:10 OK   00008_rls.sql (18.72ms)
2026/10/07 12:23:10 OK   00009_idempotency_ledger.sql (22.02ms)
2026/10/07 12:23:10 OK   00010_tenant_provisioning.sql (7.45ms)
2026/10/07 12:23:10 OK   00011_source_registration_history.sql (9.06ms)
2026/10/07 12:23:10 OK   00012_config_registry_lifecycle.sql (19.7ms)
2026/10/07 12:23:10 OK   00013_audit_signed_segments.sql (17.82ms)
2026/10/07 12:23:10 OK   00014_audit_segment_predecessors.sql (12.6ms)
2026/10/07 12:23:10 OK   00015_source_schema_scope.sql (7.21ms)
2026/10/07 12:23:10 OK   00016_cluster_registration_metadata.sql (8.14ms)
2026/10/07 12:23:10 OK   00017_source_data_scope.sql (6.22ms)
2026/10/07 12:23:10 OK   00018_sp04_resources_evidence.sql (29.56ms)
2026/10/07 12:23:10 OK   00019_sp04_archive_ciphertext_bytes.sql (4.23ms)
2026/10/07 12:23:10 OK   00020_sp04_request_ledger.sql (12.15ms)
2026/10/07 12:23:10 OK   00021_sp04_archive_protection.sql (13.73ms)
2026/10/07 12:23:10 OK   00022_sp04_legal_hold_dependencies.sql (20.04ms)
2026/10/07 12:23:10 OK   00023_sp04_archive_query_intent.sql (4.64ms)
2026/10/07 12:23:10 OK   00024_sp05_finding_incident.sql (62.79ms)
2026/10/07 12:23:10 OK   00025_sp05_incident_event_time.sql (6.71ms)
2026/10/07 12:23:10 OK   00026_sp05_source_binding_lock.sql (4.25ms)
2026/10/07 12:23:10 OK   00027_sp05_rca_and_poll.sql (55.24ms)
2026/10/07 12:23:10 OK   00028_sp05_operator_lock.sql (4.34ms)
2026/10/07 12:23:10 OK   00029_sp05_evidence_links.sql (6.53ms)
2026/10/07 12:23:10 OK   00030_sp05_recipe_fence.sql (41.07ms)
2026/10/07 12:23:10 OK   00031_sp05_rca_postcheck.sql (7.36ms)
2026/10/07 12:23:10 OK   00032_sp05_transport_audit.sql (5.46ms)
2026/10/07 12:23:10 OK   00033_sp05_poll_resolution_clock.sql (3.95ms)
2026/10/07 12:23:10 OK   00034_sp06_investigation_ledger.sql (52.44ms)
2026/10/07 12:23:10 OK   00035_sp06_admission_data_classes.sql (5.13ms)
2026/10/07 12:23:10 goose: successfully migrated database to version: 35
2026/10/07 12:23:11 OK   00001_roles_and_schemas.sql (21.07ms)
2026/10/07 12:23:11 goose: successfully migrated database to version: 1
2026/10/07 12:23:11 OK   00002_platform_meta.sql (46.36ms)
2026/10/07 12:23:11 OK   00003_finding.sql (11.53ms)
2026/10/07 12:23:11 OK   00004_incident.sql (14.85ms)
2026/10/07 12:23:11 OK   00005_investigation.sql (22.54ms)
2026/10/07 12:23:11 OK   00006_action_command.sql (17.33ms)
2026/10/07 12:23:11 OK   00007_audit.sql (31.23ms)
2026/10/07 12:23:11 OK   00008_rls.sql (23.97ms)
2026/10/07 12:23:11 OK   00009_idempotency_ledger.sql (8.97ms)
2026/10/07 12:23:11 OK   00010_tenant_provisioning.sql (5.68ms)
2026/10/07 12:23:11 OK   00011_source_registration_history.sql (10.12ms)
2026/10/07 12:23:11 OK   00012_config_registry_lifecycle.sql (14.82ms)
2026/10/07 12:23:11 OK   00013_audit_signed_segments.sql (30.41ms)
2026/10/07 12:23:11 OK   00014_audit_segment_predecessors.sql (12.06ms)
2026/10/07 12:23:11 OK   00015_source_schema_scope.sql (3.8ms)
2026/10/07 12:23:11 OK   00016_cluster_registration_metadata.sql (4.61ms)
2026/10/07 12:23:11 OK   00017_source_data_scope.sql (14.79ms)
2026/10/07 12:23:11 OK   00018_sp04_resources_evidence.sql (49.04ms)
2026/10/07 12:23:11 OK   00019_sp04_archive_ciphertext_bytes.sql (3.91ms)
2026/10/07 12:23:11 OK   00020_sp04_request_ledger.sql (5.45ms)
2026/10/07 12:23:11 OK   00021_sp04_archive_protection.sql (5.07ms)
2026/10/07 12:23:11 OK   00022_sp04_legal_hold_dependencies.sql (5.09ms)
2026/10/07 12:23:11 OK   00023_sp04_archive_query_intent.sql (4.12ms)
2026/10/07 12:23:11 OK   00024_sp05_finding_incident.sql (52.71ms)
2026/10/07 12:23:11 OK   00025_sp05_incident_event_time.sql (6.96ms)
2026/10/07 12:23:11 OK   00026_sp05_source_binding_lock.sql (11.4ms)
2026/10/07 12:23:11 OK   00027_sp05_rca_and_poll.sql (17.97ms)
2026/10/07 12:23:11 OK   00028_sp05_operator_lock.sql (8.58ms)
2026/10/07 12:23:11 OK   00029_sp05_evidence_links.sql (9.42ms)
2026/10/07 12:23:11 OK   00030_sp05_recipe_fence.sql (8.68ms)
2026/10/07 12:23:11 OK   00031_sp05_rca_postcheck.sql (7.7ms)
2026/10/07 12:23:11 OK   00032_sp05_transport_audit.sql (4.96ms)
2026/10/07 12:23:11 OK   00033_sp05_poll_resolution_clock.sql (5.8ms)
2026/10/07 12:23:11 OK   00034_sp06_investigation_ledger.sql (76.78ms)
2026/10/07 12:23:11 OK   00035_sp06_admission_data_classes.sql (4.52ms)
2026/10/07 12:23:11 goose: successfully migrated database to version: 35
2026/10/07 12:23:12 OK   00001_roles_and_schemas.sql (56.2ms)
2026/10/07 12:23:12 goose: successfully migrated database to version: 1
2026/10/07 12:23:12 OK   00002_platform_meta.sql (69.39ms)
2026/10/07 12:23:12 OK   00003_finding.sql (27.24ms)
2026/10/07 12:23:12 OK   00004_incident.sql (17.5ms)
2026/10/07 12:23:12 OK   00005_investigation.sql (22.93ms)
2026/10/07 12:23:12 OK   00006_action_command.sql (8.56ms)
2026/10/07 12:23:12 OK   00007_audit.sql (27.13ms)
2026/10/07 12:23:12 OK   00008_rls.sql (29.89ms)
2026/10/07 12:23:12 OK   00009_idempotency_ledger.sql (8.63ms)
2026/10/07 12:23:12 OK   00010_tenant_provisioning.sql (9.48ms)
2026/10/07 12:23:12 OK   00011_source_registration_history.sql (23.23ms)
2026/10/07 12:23:12 OK   00012_config_registry_lifecycle.sql (32.38ms)
2026/10/07 12:23:12 OK   00013_audit_signed_segments.sql (22.42ms)
2026/10/07 12:23:12 OK   00014_audit_segment_predecessors.sql (11.1ms)
2026/10/07 12:23:13 OK   00015_source_schema_scope.sql (5.45ms)
2026/10/07 12:23:13 OK   00016_cluster_registration_metadata.sql (7.59ms)
2026/10/07 12:23:13 OK   00017_source_data_scope.sql (15.77ms)
2026/10/07 12:23:13 OK   00018_sp04_resources_evidence.sql (28.97ms)
2026/10/07 12:23:13 OK   00019_sp04_archive_ciphertext_bytes.sql (3.17ms)
2026/10/07 12:23:13 OK   00020_sp04_request_ledger.sql (5.07ms)
2026/10/07 12:23:13 OK   00021_sp04_archive_protection.sql (3.99ms)
2026/10/07 12:23:13 OK   00022_sp04_legal_hold_dependencies.sql (2.97ms)
2026/10/07 12:23:13 OK   00023_sp04_archive_query_intent.sql (3.68ms)
2026/10/07 12:23:13 OK   00024_sp05_finding_incident.sql (30.77ms)
2026/10/07 12:23:13 OK   00025_sp05_incident_event_time.sql (8.62ms)
2026/10/07 12:23:13 OK   00026_sp05_source_binding_lock.sql (14.45ms)
2026/10/07 12:23:13 OK   00027_sp05_rca_and_poll.sql (9.38ms)
2026/10/07 12:23:13 OK   00028_sp05_operator_lock.sql (8.52ms)
2026/10/07 12:23:13 OK   00029_sp05_evidence_links.sql (12.97ms)
2026/10/07 12:23:13 OK   00030_sp05_recipe_fence.sql (5.53ms)
2026/10/07 12:23:13 OK   00031_sp05_rca_postcheck.sql (5.67ms)
2026/10/07 12:23:13 OK   00032_sp05_transport_audit.sql (9.46ms)
2026/10/07 12:23:13 OK   00033_sp05_poll_resolution_clock.sql (13.76ms)
2026/10/07 12:23:13 OK   00034_sp06_investigation_ledger.sql (44.22ms)
2026/10/07 12:23:13 OK   00035_sp06_admission_data_classes.sql (19.2ms)
2026/10/07 12:23:13 goose: successfully migrated database to version: 35
2026/10/07 12:23:18 OK   00001_roles_and_schemas.sql (13.79ms)
2026/10/07 12:23:18 goose: successfully migrated database to version: 1
2026/10/07 12:23:18 OK   00002_platform_meta.sql (47.42ms)
2026/10/07 12:23:18 OK   00003_finding.sql (26.56ms)
2026/10/07 12:23:18 OK   00004_incident.sql (21.91ms)
2026/10/07 12:23:18 OK   00005_investigation.sql (20.51ms)
2026/10/07 12:23:18 OK   00006_action_command.sql (13.65ms)
2026/10/07 12:23:18 OK   00007_audit.sql (30.02ms)
2026/10/07 12:23:18 OK   00008_rls.sql (26.06ms)
2026/10/07 12:23:18 OK   00009_idempotency_ledger.sql (14.23ms)
2026/10/07 12:23:18 OK   00010_tenant_provisioning.sql (8.44ms)
2026/10/07 12:23:18 OK   00011_source_registration_history.sql (16.43ms)
2026/10/07 12:23:18 OK   00012_config_registry_lifecycle.sql (27.55ms)
2026/10/07 12:23:19 OK   00013_audit_signed_segments.sql (22.98ms)
2026/10/07 12:23:19 OK   00014_audit_segment_predecessors.sql (19.13ms)
2026/10/07 12:23:19 OK   00015_source_schema_scope.sql (20.44ms)
2026/10/07 12:23:19 OK   00016_cluster_registration_metadata.sql (10.27ms)
2026/10/07 12:23:19 OK   00017_source_data_scope.sql (4.69ms)
2026/10/07 12:23:19 OK   00018_sp04_resources_evidence.sql (41.8ms)
2026/10/07 12:23:19 OK   00019_sp04_archive_ciphertext_bytes.sql (4.39ms)
2026/10/07 12:23:19 OK   00020_sp04_request_ledger.sql (5.8ms)
2026/10/07 12:23:19 OK   00021_sp04_archive_protection.sql (9.01ms)
2026/10/07 12:23:19 OK   00022_sp04_legal_hold_dependencies.sql (15.73ms)
2026/10/07 12:23:19 OK   00023_sp04_archive_query_intent.sql (18.97ms)
2026/10/07 12:23:19 OK   00024_sp05_finding_incident.sql (44.81ms)
2026/10/07 12:23:19 OK   00025_sp05_incident_event_time.sql (16.17ms)
2026/10/07 12:23:19 OK   00026_sp05_source_binding_lock.sql (5.08ms)
2026/10/07 12:23:19 OK   00027_sp05_rca_and_poll.sql (21.45ms)
2026/10/07 12:23:19 OK   00028_sp05_operator_lock.sql (24.45ms)
2026/10/07 12:23:19 OK   00029_sp05_evidence_links.sql (11.66ms)
2026/10/07 12:23:19 OK   00030_sp05_recipe_fence.sql (18.7ms)
2026/10/07 12:23:19 OK   00031_sp05_rca_postcheck.sql (14.4ms)
2026/10/07 12:23:19 OK   00032_sp05_transport_audit.sql (10.41ms)
2026/10/07 12:23:19 OK   00033_sp05_poll_resolution_clock.sql (6.56ms)
2026/10/07 12:23:19 OK   00034_sp06_investigation_ledger.sql (57.64ms)
2026/10/07 12:23:19 OK   00035_sp06_admission_data_classes.sql (4.93ms)
2026/10/07 12:23:19 goose: successfully migrated database to version: 35
2026/10/07 12:23:47 OK   00001_roles_and_schemas.sql (25.34ms)
2026/10/07 12:23:47 OK   00002_platform_meta.sql (51.22ms)
2026/10/07 12:23:47 OK   00003_finding.sql (27.51ms)
2026/10/07 12:23:47 OK   00004_incident.sql (17.55ms)
2026/10/07 12:23:47 OK   00005_investigation.sql (42.6ms)
2026/10/07 12:23:47 OK   00006_action_command.sql (18.41ms)
2026/10/07 12:23:47 OK   00007_audit.sql (22.57ms)
2026/10/07 12:23:47 OK   00008_rls.sql (21.84ms)
2026/10/07 12:23:47 OK   00009_idempotency_ledger.sql (18.07ms)
2026/10/07 12:23:47 OK   00010_tenant_provisioning.sql (11.4ms)
2026/10/07 12:23:47 OK   00011_source_registration_history.sql (11.55ms)
2026/10/07 12:23:47 OK   00012_config_registry_lifecycle.sql (15.22ms)
2026/10/07 12:23:47 OK   00013_audit_signed_segments.sql (32.32ms)
2026/10/07 12:23:47 OK   00014_audit_segment_predecessors.sql (10ms)
2026/10/07 12:23:47 OK   00015_source_schema_scope.sql (7.65ms)
2026/10/07 12:23:47 OK   00016_cluster_registration_metadata.sql (4.97ms)
2026/10/07 12:23:47 OK   00017_source_data_scope.sql (6.61ms)
2026/10/07 12:23:47 OK   00018_sp04_resources_evidence.sql (45.92ms)
2026/10/07 12:23:47 OK   00019_sp04_archive_ciphertext_bytes.sql (7.89ms)
2026/10/07 12:23:47 OK   00020_sp04_request_ledger.sql (6.04ms)
2026/10/07 12:23:47 OK   00021_sp04_archive_protection.sql (18.37ms)
2026/10/07 12:23:47 OK   00022_sp04_legal_hold_dependencies.sql (23.61ms)
2026/10/07 12:23:47 OK   00023_sp04_archive_query_intent.sql (9.09ms)
2026/10/07 12:23:47 OK   00024_sp05_finding_incident.sql (67.62ms)
2026/10/07 12:23:47 OK   00025_sp05_incident_event_time.sql (3.35ms)
2026/10/07 12:23:47 OK   00026_sp05_source_binding_lock.sql (5.86ms)
2026/10/07 12:23:47 OK   00027_sp05_rca_and_poll.sql (24.65ms)
2026/10/07 12:23:47 OK   00028_sp05_operator_lock.sql (12.85ms)
2026/10/07 12:23:47 OK   00029_sp05_evidence_links.sql (23.16ms)
2026/10/07 12:23:47 OK   00030_sp05_recipe_fence.sql (7.08ms)
2026/10/07 12:23:47 OK   00031_sp05_rca_postcheck.sql (6.51ms)
2026/10/07 12:23:47 OK   00032_sp05_transport_audit.sql (6.72ms)
2026/10/07 12:23:47 OK   00033_sp05_poll_resolution_clock.sql (3.31ms)
2026/10/07 12:23:47 OK   00034_sp06_investigation_ledger.sql (32.44ms)
2026/10/07 12:23:47 OK   00035_sp06_admission_data_classes.sql (8.96ms)
2026/10/07 12:23:47 goose: successfully migrated database to version: 35
2026/10/07 12:23:47 OK   00001_roles_and_schemas.sql (58.48ms)
2026/10/07 12:23:47 goose: successfully migrated database to version: 1
2026/10/07 12:23:48 OK   00002_platform_meta.sql (126.98ms)
2026/10/07 12:23:48 OK   00003_finding.sql (50.81ms)
2026/10/07 12:23:48 OK   00004_incident.sql (44.46ms)
2026/10/07 12:23:48 OK   00005_investigation.sql (27.12ms)
2026/10/07 12:23:48 OK   00006_action_command.sql (52.24ms)
2026/10/07 12:23:48 OK   00007_audit.sql (38.24ms)
2026/10/07 12:23:48 OK   00008_rls.sql (30.9ms)
2026/10/07 12:23:48 OK   00009_idempotency_ledger.sql (23.88ms)
2026/10/07 12:23:48 OK   00010_tenant_provisioning.sql (5.76ms)
2026/10/07 12:23:48 OK   00011_source_registration_history.sql (10.37ms)
2026/10/07 12:23:48 OK   00012_config_registry_lifecycle.sql (13.79ms)
2026/10/07 12:23:48 OK   00013_audit_signed_segments.sql (41.1ms)
2026/10/07 12:23:48 OK   00014_audit_segment_predecessors.sql (10.38ms)
2026/10/07 12:23:48 OK   00015_source_schema_scope.sql (8.28ms)
2026/10/07 12:23:48 OK   00016_cluster_registration_metadata.sql (28.69ms)
2026/10/07 12:23:48 OK   00017_source_data_scope.sql (6.41ms)
2026/10/07 12:23:48 OK   00018_sp04_resources_evidence.sql (30.2ms)
2026/10/07 12:23:48 OK   00019_sp04_archive_ciphertext_bytes.sql (9.65ms)
2026/10/07 12:23:48 OK   00020_sp04_request_ledger.sql (9.85ms)
2026/10/07 12:23:48 OK   00021_sp04_archive_protection.sql (4.13ms)
2026/10/07 12:23:48 OK   00022_sp04_legal_hold_dependencies.sql (3.24ms)
2026/10/07 12:23:48 OK   00023_sp04_archive_query_intent.sql (3.65ms)
2026/10/07 12:23:48 OK   00024_sp05_finding_incident.sql (50.59ms)
2026/10/07 12:23:48 OK   00025_sp05_incident_event_time.sql (4.39ms)
2026/10/07 12:23:48 OK   00026_sp05_source_binding_lock.sql (8.63ms)
2026/10/07 12:23:48 OK   00027_sp05_rca_and_poll.sql (26.23ms)
2026/10/07 12:23:48 OK   00028_sp05_operator_lock.sql (13.71ms)
2026/10/07 12:23:48 OK   00029_sp05_evidence_links.sql (7.57ms)
2026/10/07 12:23:48 OK   00030_sp05_recipe_fence.sql (7.91ms)
2026/10/07 12:23:48 OK   00031_sp05_rca_postcheck.sql (7.12ms)
2026/10/07 12:23:48 OK   00032_sp05_transport_audit.sql (7.51ms)
2026/10/07 12:23:48 OK   00033_sp05_poll_resolution_clock.sql (9.15ms)
2026/10/07 12:23:48 OK   00034_sp06_investigation_ledger.sql (55.1ms)
2026/10/07 12:23:48 OK   00035_sp06_admission_data_classes.sql (7.67ms)
2026/10/07 12:23:48 goose: successfully migrated database to version: 35
FAIL
FAIL	ops-platform/test/integration	1098.149s
ok  	ops-platform/test/security	(cached)
?   	ops-platform/test/tools/sp05-analyzer-check	[no test files]
?   	ops-platform/test/tools/sp05-worker-check	[no test files]
?   	ops-platform/test/tools/sp06-dispatcher-process	[no test files]
FAIL
make: *** [test-unit] Error 1
