python3 scripts/check-generated.py "go" gen web/src/api/generated internal/persistence/dbgen services/investigator/src/investigator/output.schema.json
✓ Lockfile passes supply-chain policies (verified 10d ago)
Lockfile is up to date, resolution step is skipped
Already up to date
Done in 195ms using pnpm v12.7.0
$ orval --config ./orval.config.ts
🍻 orval v8.37.0 - A swagger client generator for typescript
platform - Cleaning output folder
platform - 🎉 Smart Operations Platform API - Your OpenAPI spec has been converted into ready to use orval!
python3 scripts/prepare-runtime-source.py --check
{"modules": 98, "selectedModuleFiles": 2993, "standardLibraryFiles": 1386, "sourceBundleSHA256": "sha256:9628d31da79f4d4fcbffb303796aa805ee0508e732c66f203f2f330fb9bbe903"}
python3 scripts/prepare-migration-source.py --check
{"modules": 10, "selectedModuleFiles": 296, "standardLibraryFiles": 1129, "sourceBundleSHA256": "sha256:7eae032b1b99f0aec4b0ddbc6398e304fabeb68c176cf502c8c0f83bbc8d7639"}
go vet ./...
?   	ops-platform/api	[no test files]
?   	ops-platform/artifacts	[no test files]
?   	ops-platform/artifacts/pre-sp07/business-values-validation-r1	[no test files]
?   	ops-platform/artifacts/pre-sp07/checkpoint-observer-r1	[no test files]
?   	ops-platform/artifacts/task27-materials/sp010203-bao-operator	[no test files]
?   	ops-platform/artifacts/task27-materials/sp010203-cleanup-operator	[no test files]
?   	ops-platform/artifacts/task27-materials/sp010203-live-runtime-probe	[no test files]
?   	ops-platform/artifacts/task27-materials/sp010203-operator-helper	[no test files]
?   	ops-platform/artifacts/task27-materials/sp010203-role-probe	[no test files]
?   	ops-platform/bundle	[no test files]
ok  	ops-platform/cmd/db-migrate	(cached)
ok  	ops-platform/cmd/opsctl	35.984s
?   	ops-platform/cmd/platform-api	[no test files]
?   	ops-platform/cmd/platform-worker	[no test files]
?   	ops-platform/gen/api	[no test files]
?   	ops-platform/gen/internalgraph	[no test files]
ok  	ops-platform/internal/app	(cached)
ok  	ops-platform/internal/archive	(cached)
ok  	ops-platform/internal/audit	(cached)
ok  	ops-platform/internal/auth	(cached)
ok  	ops-platform/internal/bootstrap	(cached)
ok  	ops-platform/internal/bundle	43.709s
ok  	ops-platform/internal/bundle/drivers	(cached)
ok  	ops-platform/internal/configregistry	(cached)
?   	ops-platform/internal/contract	[no test files]
ok  	ops-platform/internal/crypto	(cached)
?   	ops-platform/internal/datascope	[no test files]
ok  	ops-platform/internal/evidence	(cached)
ok  	ops-platform/internal/finding	(cached)
ok  	ops-platform/internal/graph	(cached)
ok  	ops-platform/internal/httpapi	(cached)
ok  	ops-platform/internal/incident	(cached)
ok  	ops-platform/internal/inspection/hardware	(cached)
ok  	ops-platform/internal/inspection/kubernetes	(cached)
ok  	ops-platform/internal/inspection/npd	(cached)
?   	ops-platform/internal/integrations	[no test files]
ok  	ops-platform/internal/integrations/deepflow	(cached)
ok  	ops-platform/internal/integrations/k8sgpt	(cached)
ok  	ops-platform/internal/integrations/keycloak	(cached)
ok  	ops-platform/internal/integrations/kubernetes	(cached)
ok  	ops-platform/internal/integrations/openbao	(cached)
ok  	ops-platform/internal/integrations/redfish	(cached)
ok  	ops-platform/internal/integrations/s3	(cached)
?   	ops-platform/internal/integrations/victorialogs	[no test files]
?   	ops-platform/internal/integrations/victorialogs/adapter	[no test files]
?   	ops-platform/internal/integrations/victoriametrics	[no test files]
?   	ops-platform/internal/integrations/victoriametrics/adapter	[no test files]
?   	ops-platform/internal/integrations/vmalert	[no test files]
ok  	ops-platform/internal/investigation	(cached)
?   	ops-platform/internal/investigation/mcp	[no test files]
ok  	ops-platform/internal/investigation/tools	(cached)
ok  	ops-platform/internal/observability	(cached)
ok  	ops-platform/internal/persistence	(cached)
?   	ops-platform/internal/persistence/dbgen	[no test files]
ok  	ops-platform/internal/policy	(cached)
ok  	ops-platform/internal/profile	(cached)
ok  	ops-platform/internal/rca	(cached)
ok  	ops-platform/internal/resource	(cached)
?   	ops-platform/internal/resourcestore	[no test files]
ok  	ops-platform/internal/source	(cached)
ok  	ops-platform/internal/supplychain	(cached)
?   	ops-platform/internal/tenant	[no test files]
?   	ops-platform/internal/upstream/corootcheck	[no test files]
?   	ops-platform/internal/upstream/keepmodel	[no test files]
?   	ops-platform/internal/upstream/metal3	[no test files]
?   	ops-platform/internal/upstream/ontology/api	[no test files]
?   	ops-platform/internal/upstream/ontology/model	[no test files]
?   	ops-platform/internal/upstream/ontology/service/diagnostic	[no test files]
?   	ops-platform/policies	[no test files]
ok  	ops-platform/test/contract	87.695s
ok  	ops-platform/test/e2e	(cached)
?   	ops-platform/test/fixtures/sp04/profile-detect	[no test files]
?   	ops-platform/test/fixtures/upstream-inspection	[no test files]
2026/10/07 15:36:13 OK   00001_roles_and_schemas.sql (155.18ms)
2026/10/07 15:36:13 goose: successfully migrated database to version: 1
2026/10/07 15:36:13 OK   00002_platform_meta.sql (82.56ms)
2026/10/07 15:36:13 OK   00003_finding.sql (56.94ms)
2026/10/07 15:36:13 OK   00004_incident.sql (36.42ms)
2026/10/07 15:36:13 OK   00005_investigation.sql (47.17ms)
2026/10/07 15:36:13 OK   00006_action_command.sql (39.22ms)
2026/10/07 15:36:14 OK   00007_audit.sql (95.5ms)
2026/10/07 15:36:14 OK   00008_rls.sql (32.04ms)
2026/10/07 15:36:14 OK   00009_idempotency_ledger.sql (52.4ms)
2026/10/07 15:36:14 OK   00010_tenant_provisioning.sql (8.88ms)
2026/10/07 15:36:14 OK   00011_source_registration_history.sql (66.17ms)
2026/10/07 15:36:14 OK   00012_config_registry_lifecycle.sql (72.74ms)
2026/10/07 15:36:14 OK   00013_audit_signed_segments.sql (49.9ms)
2026/10/07 15:36:14 OK   00014_audit_segment_predecessors.sql (8.64ms)
2026/10/07 15:36:14 OK   00015_source_schema_scope.sql (69.97ms)
2026/10/07 15:36:14 OK   00016_cluster_registration_metadata.sql (54.49ms)
2026/10/07 15:36:14 OK   00017_source_data_scope.sql (55.29ms)
2026/10/07 15:36:14 OK   00018_sp04_resources_evidence.sql (40.44ms)
2026/10/07 15:36:14 OK   00019_sp04_archive_ciphertext_bytes.sql (47.7ms)
2026/10/07 15:36:15 OK   00020_sp04_request_ledger.sql (518.61ms)
2026/10/07 15:36:15 OK   00021_sp04_archive_protection.sql (277.62ms)
2026/10/07 15:36:15 OK   00022_sp04_legal_hold_dependencies.sql (82.25ms)
2026/10/07 15:36:15 OK   00023_sp04_archive_query_intent.sql (38.08ms)
2026/10/07 15:36:15 OK   00024_sp05_finding_incident.sql (126.64ms)
2026/10/07 15:36:15 OK   00025_sp05_incident_event_time.sql (12.19ms)
2026/10/07 15:36:15 OK   00026_sp05_source_binding_lock.sql (19.86ms)
2026/10/07 15:36:15 OK   00027_sp05_rca_and_poll.sql (26.82ms)
2026/10/07 15:36:15 OK   00028_sp05_operator_lock.sql (31.7ms)
2026/10/07 15:36:15 OK   00029_sp05_evidence_links.sql (68.6ms)
2026/10/07 15:36:15 OK   00030_sp05_recipe_fence.sql (31.39ms)
2026/10/07 15:36:15 OK   00031_sp05_rca_postcheck.sql (53.28ms)
2026/10/07 15:36:15 OK   00032_sp05_transport_audit.sql (12.87ms)
2026/10/07 15:36:15 OK   00033_sp05_poll_resolution_clock.sql (62.37ms)
2026/10/07 15:36:16 OK   00034_sp06_investigation_ledger.sql (85.27ms)
2026/10/07 15:36:16 OK   00035_sp06_admission_data_classes.sql (9.37ms)
2026/10/07 15:36:16 goose: successfully migrated database to version: 35
2026/10/07 15:36:17 OK   00001_roles_and_schemas.sql (89.49ms)
2026/10/07 15:36:17 goose: successfully migrated database to version: 1
2026/10/07 15:36:17 OK   00002_platform_meta.sql (167.86ms)
2026/10/07 15:36:17 OK   00003_finding.sql (33.58ms)
2026/10/07 15:36:17 OK   00004_incident.sql (37.29ms)
2026/10/07 15:36:17 OK   00005_investigation.sql (57.59ms)
2026/10/07 15:36:17 OK   00006_action_command.sql (33.58ms)
2026/10/07 15:36:17 OK   00007_audit.sql (84.95ms)
2026/10/07 15:36:17 OK   00008_rls.sql (45.83ms)
2026/10/07 15:36:17 OK   00009_idempotency_ledger.sql (16.93ms)
2026/10/07 15:36:17 OK   00010_tenant_provisioning.sql (15.31ms)
2026/10/07 15:36:17 OK   00011_source_registration_history.sql (21.69ms)
2026/10/07 15:36:17 OK   00012_config_registry_lifecycle.sql (32.89ms)
2026/10/07 15:36:17 OK   00013_audit_signed_segments.sql (56.98ms)
2026/10/07 15:36:17 OK   00014_audit_segment_predecessors.sql (26.76ms)
2026/10/07 15:36:17 OK   00015_source_schema_scope.sql (28.87ms)
2026/10/07 15:36:17 OK   00016_cluster_registration_metadata.sql (14.7ms)
2026/10/07 15:36:17 OK   00017_source_data_scope.sql (53.73ms)
2026/10/07 15:36:18 OK   00018_sp04_resources_evidence.sql (123.67ms)
2026/10/07 15:36:18 OK   00019_sp04_archive_ciphertext_bytes.sql (55.75ms)
2026/10/07 15:36:18 OK   00020_sp04_request_ledger.sql (45.7ms)
2026/10/07 15:36:18 OK   00021_sp04_archive_protection.sql (9.14ms)
2026/10/07 15:36:18 OK   00022_sp04_legal_hold_dependencies.sql (13.68ms)
2026/10/07 15:36:18 OK   00023_sp04_archive_query_intent.sql (10.3ms)
2026/10/07 15:36:18 OK   00024_sp05_finding_incident.sql (73.7ms)
2026/10/07 15:36:18 OK   00025_sp05_incident_event_time.sql (14.54ms)
2026/10/07 15:36:18 OK   00026_sp05_source_binding_lock.sql (18.82ms)
2026/10/07 15:36:18 OK   00027_sp05_rca_and_poll.sql (47.6ms)
2026/10/07 15:36:18 OK   00028_sp05_operator_lock.sql (5.03ms)
2026/10/07 15:36:18 OK   00029_sp05_evidence_links.sql (45ms)
2026/10/07 15:36:18 OK   00030_sp05_recipe_fence.sql (18.38ms)
2026/10/07 15:36:18 OK   00031_sp05_rca_postcheck.sql (4.5ms)
2026/10/07 15:36:18 OK   00032_sp05_transport_audit.sql (48.97ms)
2026/10/07 15:36:18 OK   00033_sp05_poll_resolution_clock.sql (4.96ms)
2026/10/07 15:36:18 OK   00034_sp06_investigation_ledger.sql (75.19ms)
2026/10/07 15:36:18 OK   00035_sp06_admission_data_classes.sql (9.54ms)
2026/10/07 15:36:18 goose: successfully migrated database to version: 35
2026/10/07 15:36:29 OK   00001_roles_and_schemas.sql (20.27ms)
2026/10/07 15:36:29 goose: successfully migrated database to version: 1
2026/10/07 15:36:29 OK   00002_platform_meta.sql (59.27ms)
2026/10/07 15:36:29 OK   00003_finding.sql (38.13ms)
2026/10/07 15:36:29 OK   00004_incident.sql (8.82ms)
2026/10/07 15:36:29 OK   00005_investigation.sql (31.41ms)
2026/10/07 15:36:29 OK   00006_action_command.sql (15.1ms)
2026/10/07 15:36:29 OK   00007_audit.sql (56.05ms)
2026/10/07 15:36:29 OK   00008_rls.sql (38.3ms)
2026/10/07 15:36:29 OK   00009_idempotency_ledger.sql (19.09ms)
2026/10/07 15:36:29 OK   00010_tenant_provisioning.sql (8.32ms)
2026/10/07 15:36:29 OK   00011_source_registration_history.sql (27.99ms)
2026/10/07 15:36:29 OK   00012_config_registry_lifecycle.sql (34.3ms)
2026/10/07 15:36:29 OK   00013_audit_signed_segments.sql (73.02ms)
2026/10/07 15:36:29 OK   00014_audit_segment_predecessors.sql (32.75ms)
2026/10/07 15:36:29 OK   00015_source_schema_scope.sql (4.47ms)
2026/10/07 15:36:29 OK   00016_cluster_registration_metadata.sql (35.44ms)
2026/10/07 15:36:29 OK   00017_source_data_scope.sql (8.82ms)
2026/10/07 15:36:30 OK   00018_sp04_resources_evidence.sql (46ms)
2026/10/07 15:36:30 OK   00019_sp04_archive_ciphertext_bytes.sql (3.52ms)
2026/10/07 15:36:30 OK   00020_sp04_request_ledger.sql (5.67ms)
2026/10/07 15:36:30 OK   00021_sp04_archive_protection.sql (6.43ms)
2026/10/07 15:36:30 OK   00022_sp04_legal_hold_dependencies.sql (13.68ms)
2026/10/07 15:36:30 OK   00023_sp04_archive_query_intent.sql (16.16ms)
2026/10/07 15:36:30 OK   00024_sp05_finding_incident.sql (46.8ms)
2026/10/07 15:36:30 OK   00025_sp05_incident_event_time.sql (3.47ms)
2026/10/07 15:36:30 OK   00026_sp05_source_binding_lock.sql (5.24ms)
2026/10/07 15:36:30 OK   00027_sp05_rca_and_poll.sql (22.78ms)
2026/10/07 15:36:30 OK   00028_sp05_operator_lock.sql (8.98ms)
2026/10/07 15:36:30 OK   00029_sp05_evidence_links.sql (7.9ms)
2026/10/07 15:36:30 OK   00030_sp05_recipe_fence.sql (3.99ms)
2026/10/07 15:36:30 OK   00031_sp05_rca_postcheck.sql (2.91ms)
2026/10/07 15:36:30 OK   00032_sp05_transport_audit.sql (3.48ms)
2026/10/07 15:36:30 OK   00033_sp05_poll_resolution_clock.sql (18.43ms)
2026/10/07 15:36:30 OK   00034_sp06_investigation_ledger.sql (48.6ms)
2026/10/07 15:36:30 OK   00035_sp06_admission_data_classes.sql (13.03ms)
2026/10/07 15:36:30 goose: successfully migrated database to version: 35
2026/10/07 15:36:30 OK   00001_roles_and_schemas.sql (43.75ms)
2026/10/07 15:36:30 goose: successfully migrated database to version: 1
2026/10/07 15:36:30 OK   00002_platform_meta.sql (43.83ms)
2026/10/07 15:36:30 OK   00003_finding.sql (8.57ms)
2026/10/07 15:36:30 OK   00004_incident.sql (6.8ms)
2026/10/07 15:36:30 OK   00005_investigation.sql (12.93ms)
2026/10/07 15:36:30 OK   00006_action_command.sql (38.27ms)
2026/10/07 15:36:30 OK   00007_audit.sql (30.59ms)
2026/10/07 15:36:30 OK   00008_rls.sql (26.63ms)
2026/10/07 15:36:30 OK   00009_idempotency_ledger.sql (22.45ms)
2026/10/07 15:36:30 OK   00010_tenant_provisioning.sql (19ms)
2026/10/07 15:36:30 OK   00011_source_registration_history.sql (20.03ms)
2026/10/07 15:36:30 OK   00012_config_registry_lifecycle.sql (33.51ms)
2026/10/07 15:36:30 OK   00013_audit_signed_segments.sql (37.75ms)
2026/10/07 15:36:30 OK   00014_audit_segment_predecessors.sql (10.94ms)
2026/10/07 15:36:30 OK   00015_source_schema_scope.sql (3.71ms)
2026/10/07 15:36:30 OK   00016_cluster_registration_metadata.sql (16.07ms)
2026/10/07 15:36:30 OK   00017_source_data_scope.sql (9.37ms)
2026/10/07 15:36:30 OK   00018_sp04_resources_evidence.sql (26.31ms)
2026/10/07 15:36:30 OK   00019_sp04_archive_ciphertext_bytes.sql (5.35ms)
2026/10/07 15:36:30 OK   00020_sp04_request_ledger.sql (32.26ms)
2026/10/07 15:36:30 OK   00021_sp04_archive_protection.sql (11.82ms)
2026/10/07 15:36:30 OK   00022_sp04_legal_hold_dependencies.sql (4.52ms)
2026/10/07 15:36:30 OK   00023_sp04_archive_query_intent.sql (3.29ms)
2026/10/07 15:36:31 OK   00024_sp05_finding_incident.sql (46.8ms)
2026/10/07 15:36:31 OK   00025_sp05_incident_event_time.sql (8.17ms)
2026/10/07 15:36:31 OK   00026_sp05_source_binding_lock.sql (3.85ms)
2026/10/07 15:36:31 OK   00027_sp05_rca_and_poll.sql (9.59ms)
2026/10/07 15:36:31 OK   00028_sp05_operator_lock.sql (3.28ms)
2026/10/07 15:36:31 OK   00029_sp05_evidence_links.sql (10.7ms)
2026/10/07 15:36:31 OK   00030_sp05_recipe_fence.sql (10.26ms)
2026/10/07 15:36:31 OK   00031_sp05_rca_postcheck.sql (5.59ms)
2026/10/07 15:36:31 OK   00032_sp05_transport_audit.sql (10.32ms)
2026/10/07 15:36:31 OK   00033_sp05_poll_resolution_clock.sql (8.15ms)
2026/10/07 15:36:31 OK   00034_sp06_investigation_ledger.sql (43.03ms)
2026/10/07 15:36:31 OK   00035_sp06_admission_data_classes.sql (9.14ms)
2026/10/07 15:36:31 goose: successfully migrated database to version: 35
2026/10/07 15:36:31 OK   00001_roles_and_schemas.sql (29.47ms)
2026/10/07 15:36:31 goose: successfully migrated database to version: 1
2026/10/07 15:36:31 OK   00002_platform_meta.sql (60.83ms)
2026/10/07 15:36:31 OK   00003_finding.sql (35.02ms)
2026/10/07 15:36:31 OK   00004_incident.sql (13.08ms)
2026/10/07 15:36:32 OK   00005_investigation.sql (37.33ms)
2026/10/07 15:36:32 OK   00006_action_command.sql (25.89ms)
2026/10/07 15:36:32 OK   00007_audit.sql (28.83ms)
2026/10/07 15:36:32 OK   00008_rls.sql (32.58ms)
2026/10/07 15:36:32 OK   00009_idempotency_ledger.sql (14.31ms)
2026/10/07 15:36:32 OK   00010_tenant_provisioning.sql (37.98ms)
2026/10/07 15:36:32 OK   00011_source_registration_history.sql (8.25ms)
2026/10/07 15:36:32 OK   00012_config_registry_lifecycle.sql (14.05ms)
2026/10/07 15:36:32 OK   00013_audit_signed_segments.sql (45.55ms)
2026/10/07 15:36:32 OK   00014_audit_segment_predecessors.sql (26.95ms)
2026/10/07 15:36:32 OK   00015_source_schema_scope.sql (13.16ms)
2026/10/07 15:36:32 OK   00016_cluster_registration_metadata.sql (16.27ms)
2026/10/07 15:36:32 OK   00017_source_data_scope.sql (9.59ms)
2026/10/07 15:36:32 OK   00018_sp04_resources_evidence.sql (27.15ms)
2026/10/07 15:36:32 OK   00019_sp04_archive_ciphertext_bytes.sql (3.62ms)
2026/10/07 15:36:32 OK   00020_sp04_request_ledger.sql (6.47ms)
2026/10/07 15:36:32 OK   00021_sp04_archive_protection.sql (4.23ms)
2026/10/07 15:36:32 OK   00022_sp04_legal_hold_dependencies.sql (3.71ms)
2026/10/07 15:36:32 OK   00023_sp04_archive_query_intent.sql (5.76ms)
2026/10/07 15:36:32 OK   00024_sp05_finding_incident.sql (32.95ms)
2026/10/07 15:36:32 OK   00025_sp05_incident_event_time.sql (4.73ms)
2026/10/07 15:36:32 OK   00026_sp05_source_binding_lock.sql (13.27ms)
2026/10/07 15:36:32 OK   00027_sp05_rca_and_poll.sql (32.59ms)
2026/10/07 15:36:32 OK   00028_sp05_operator_lock.sql (5.74ms)
2026/10/07 15:36:32 OK   00029_sp05_evidence_links.sql (11.05ms)
2026/10/07 15:36:32 OK   00030_sp05_recipe_fence.sql (5.07ms)
2026/10/07 15:36:32 OK   00031_sp05_rca_postcheck.sql (4.61ms)
2026/10/07 15:36:32 OK   00032_sp05_transport_audit.sql (5.63ms)
2026/10/07 15:36:32 OK   00033_sp05_poll_resolution_clock.sql (6.26ms)
2026/10/07 15:36:32 OK   00034_sp06_investigation_ledger.sql (47.31ms)
2026/10/07 15:36:32 OK   00035_sp06_admission_data_classes.sql (11.94ms)
2026/10/07 15:36:32 goose: successfully migrated database to version: 35
2026/10/07 15:36:37 OK   00001_roles_and_schemas.sql (45.5ms)
2026/10/07 15:36:37 goose: successfully migrated database to version: 1
2026/10/07 15:36:37 OK   00002_platform_meta.sql (58.37ms)
2026/10/07 15:36:37 OK   00003_finding.sql (18.43ms)
2026/10/07 15:36:37 OK   00004_incident.sql (36.9ms)
2026/10/07 15:36:37 OK   00005_investigation.sql (11.64ms)
2026/10/07 15:36:37 OK   00006_action_command.sql (20.35ms)
2026/10/07 15:36:37 OK   00007_audit.sql (44.56ms)
2026/10/07 15:36:37 OK   00008_rls.sql (50.76ms)
2026/10/07 15:36:38 OK   00009_idempotency_ledger.sql (23.25ms)
2026/10/07 15:36:38 OK   00010_tenant_provisioning.sql (29.96ms)
2026/10/07 15:36:38 OK   00011_source_registration_history.sql (31.98ms)
2026/10/07 15:36:38 OK   00012_config_registry_lifecycle.sql (25.18ms)
2026/10/07 15:36:38 OK   00013_audit_signed_segments.sql (14.51ms)
2026/10/07 15:36:38 OK   00014_audit_segment_predecessors.sql (39.06ms)
2026/10/07 15:36:38 OK   00015_source_schema_scope.sql (8.74ms)
2026/10/07 15:36:38 OK   00016_cluster_registration_metadata.sql (37.28ms)
2026/10/07 15:36:38 OK   00017_source_data_scope.sql (7.55ms)
2026/10/07 15:36:38 OK   00018_sp04_resources_evidence.sql (43.23ms)
2026/10/07 15:36:38 OK   00019_sp04_archive_ciphertext_bytes.sql (11.72ms)
2026/10/07 15:36:38 OK   00020_sp04_request_ledger.sql (7.24ms)
2026/10/07 15:36:38 OK   00021_sp04_archive_protection.sql (6.54ms)
2026/10/07 15:36:38 OK   00022_sp04_legal_hold_dependencies.sql (13.04ms)
2026/10/07 15:36:38 OK   00023_sp04_archive_query_intent.sql (11.77ms)
2026/10/07 15:36:38 OK   00024_sp05_finding_incident.sql (43.08ms)
2026/10/07 15:36:38 OK   00025_sp05_incident_event_time.sql (10.15ms)
2026/10/07 15:36:38 OK   00026_sp05_source_binding_lock.sql (7.31ms)
2026/10/07 15:36:38 OK   00027_sp05_rca_and_poll.sql (18.84ms)
2026/10/07 15:36:38 OK   00028_sp05_operator_lock.sql (13.11ms)
2026/10/07 15:36:38 OK   00029_sp05_evidence_links.sql (17.09ms)
2026/10/07 15:36:38 OK   00030_sp05_recipe_fence.sql (12.21ms)
2026/10/07 15:36:38 OK   00031_sp05_rca_postcheck.sql (10.69ms)
2026/10/07 15:36:38 OK   00032_sp05_transport_audit.sql (17.18ms)
2026/10/07 15:36:38 OK   00033_sp05_poll_resolution_clock.sql (21.2ms)
2026/10/07 15:36:38 OK   00034_sp06_investigation_ledger.sql (26.44ms)
2026/10/07 15:36:38 OK   00035_sp06_admission_data_classes.sql (24.05ms)
2026/10/07 15:36:38 goose: successfully migrated database to version: 35
2026/10/07 15:36:42 OK   00001_roles_and_schemas.sql (45.9ms)
2026/10/07 15:36:42 goose: successfully migrated database to version: 1
2026/10/07 15:36:42 OK   00002_platform_meta.sql (43.4ms)
2026/10/07 15:36:42 OK   00003_finding.sql (44ms)
2026/10/07 15:36:42 OK   00004_incident.sql (14.41ms)
2026/10/07 15:36:42 OK   00005_investigation.sql (26.99ms)
2026/10/07 15:36:42 OK   00006_action_command.sql (10.18ms)
2026/10/07 15:36:42 OK   00007_audit.sql (29.05ms)
2026/10/07 15:36:42 OK   00008_rls.sql (26.56ms)
2026/10/07 15:36:42 OK   00009_idempotency_ledger.sql (38.52ms)
2026/10/07 15:36:42 OK   00010_tenant_provisioning.sql (5.82ms)
2026/10/07 15:36:42 OK   00011_source_registration_history.sql (9.45ms)
2026/10/07 15:36:42 OK   00012_config_registry_lifecycle.sql (23.44ms)
2026/10/07 15:36:42 OK   00013_audit_signed_segments.sql (32.61ms)
2026/10/07 15:36:42 OK   00014_audit_segment_predecessors.sql (46.83ms)
2026/10/07 15:36:42 OK   00015_source_schema_scope.sql (8.44ms)
2026/10/07 15:36:42 OK   00016_cluster_registration_metadata.sql (18.19ms)
2026/10/07 15:36:42 OK   00017_source_data_scope.sql (13.91ms)
2026/10/07 15:36:42 OK   00018_sp04_resources_evidence.sql (28.04ms)
2026/10/07 15:36:42 OK   00019_sp04_archive_ciphertext_bytes.sql (6.1ms)
2026/10/07 15:36:42 OK   00020_sp04_request_ledger.sql (12.88ms)
2026/10/07 15:36:42 OK   00021_sp04_archive_protection.sql (16.5ms)
2026/10/07 15:36:42 OK   00022_sp04_legal_hold_dependencies.sql (22.09ms)
2026/10/07 15:36:42 OK   00023_sp04_archive_query_intent.sql (8.06ms)
2026/10/07 15:36:42 OK   00024_sp05_finding_incident.sql (47.46ms)
2026/10/07 15:36:42 OK   00025_sp05_incident_event_time.sql (8.65ms)
2026/10/07 15:36:42 OK   00026_sp05_source_binding_lock.sql (20.48ms)
2026/10/07 15:36:42 OK   00027_sp05_rca_and_poll.sql (21.15ms)
2026/10/07 15:36:42 OK   00028_sp05_operator_lock.sql (9.57ms)
2026/10/07 15:36:42 OK   00029_sp05_evidence_links.sql (32.9ms)
2026/10/07 15:36:42 OK   00030_sp05_recipe_fence.sql (5.02ms)
2026/10/07 15:36:42 OK   00031_sp05_rca_postcheck.sql (4.79ms)
2026/10/07 15:36:42 OK   00032_sp05_transport_audit.sql (17.4ms)
2026/10/07 15:36:42 OK   00033_sp05_poll_resolution_clock.sql (19.95ms)
2026/10/07 15:36:43 OK   00034_sp06_investigation_ledger.sql (56.55ms)
2026/10/07 15:36:43 OK   00035_sp06_admission_data_classes.sql (3.72ms)
2026/10/07 15:36:43 goose: successfully migrated database to version: 35
2026/10/07 15:37:00 OK   00001_roles_and_schemas.sql (12.75ms)
2026/10/07 15:37:00 goose: successfully migrated database to version: 1
2026/10/07 15:37:00 OK   00002_platform_meta.sql (47ms)
2026/10/07 15:37:00 OK   00003_finding.sql (18.81ms)
2026/10/07 15:37:00 OK   00004_incident.sql (22.85ms)
2026/10/07 15:37:00 OK   00005_investigation.sql (9.39ms)
2026/10/07 15:37:00 OK   00006_action_command.sql (12.6ms)
2026/10/07 15:37:00 OK   00007_audit.sql (28.47ms)
2026/10/07 15:37:00 OK   00008_rls.sql (19.94ms)
2026/10/07 15:37:00 OK   00009_idempotency_ledger.sql (26.59ms)
2026/10/07 15:37:00 OK   00010_tenant_provisioning.sql (10.75ms)
2026/10/07 15:37:00 OK   00011_source_registration_history.sql (35.41ms)
2026/10/07 15:37:00 OK   00012_config_registry_lifecycle.sql (42.52ms)
2026/10/07 15:37:00 OK   00013_audit_signed_segments.sql (12.89ms)
2026/10/07 15:37:00 OK   00014_audit_segment_predecessors.sql (8.72ms)
2026/10/07 15:37:00 OK   00015_source_schema_scope.sql (12.53ms)
2026/10/07 15:37:00 OK   00016_cluster_registration_metadata.sql (18.33ms)
2026/10/07 15:37:00 OK   00017_source_data_scope.sql (10.1ms)
2026/10/07 15:37:00 OK   00018_sp04_resources_evidence.sql (39.66ms)
2026/10/07 15:37:00 OK   00019_sp04_archive_ciphertext_bytes.sql (3.34ms)
2026/10/07 15:37:00 OK   00020_sp04_request_ledger.sql (7.62ms)
2026/10/07 15:37:00 OK   00021_sp04_archive_protection.sql (5.68ms)
2026/10/07 15:37:00 OK   00022_sp04_legal_hold_dependencies.sql (14.05ms)
2026/10/07 15:37:00 OK   00023_sp04_archive_query_intent.sql (7.46ms)
2026/10/07 15:37:00 OK   00024_sp05_finding_incident.sql (34.67ms)
2026/10/07 15:37:00 OK   00025_sp05_incident_event_time.sql (7.11ms)
2026/10/07 15:37:01 OK   00026_sp05_source_binding_lock.sql (9.71ms)
2026/10/07 15:37:01 OK   00027_sp05_rca_and_poll.sql (18.01ms)
2026/10/07 15:37:01 OK   00028_sp05_operator_lock.sql (14.69ms)
2026/10/07 15:37:01 OK   00029_sp05_evidence_links.sql (13.81ms)
2026/10/07 15:37:01 OK   00030_sp05_recipe_fence.sql (4.67ms)
2026/10/07 15:37:01 OK   00031_sp05_rca_postcheck.sql (5.26ms)
2026/10/07 15:37:01 OK   00032_sp05_transport_audit.sql (9.07ms)
2026/10/07 15:37:01 OK   00033_sp05_poll_resolution_clock.sql (21.83ms)
2026/10/07 15:37:01 OK   00034_sp06_investigation_ledger.sql (21.91ms)
2026/10/07 15:37:01 OK   00035_sp06_admission_data_classes.sql (6.16ms)
2026/10/07 15:37:01 goose: successfully migrated database to version: 35
{"time":"2026-10-07T15:37:01.241779+08:00","level":"INFO","msg":"http request complete","request_id":"01a1154b-5629-74ab-9564-fd12a2fb2f2a","trace_id":"4bf92f3577b34da6a3ce929d0e0e4736","span_id":"bb387712a9f15d76","method":"GET","status_code":200,"duration_ms":16}
{"time":"2026-10-07T15:37:01.246617+08:00","level":"INFO","msg":"http request complete","request_id":"01a1154b-563a-70e6-885f-68eaea837f52","trace_id":"4bf92f3577b34da6a3ce929d0e0e4736","span_id":"7ece5fbce913bdaf","method":"GET","status_code":200,"duration_ms":4}
{"time":"2026-10-07T15:37:01.252113+08:00","level":"INFO","msg":"http request complete","request_id":"01a1154b-563e-7d46-8152-75fc28b3b094","trace_id":"4bf92f3577b34da6a3ce929d0e0e4736","span_id":"782bccc56482005e","method":"GET","status_code":200,"duration_ms":5}
{"time":"2026-10-07T15:37:01.256805+08:00","level":"INFO","msg":"http request complete","request_id":"01a1154b-5644-758d-b6d9-cf976353ecb3","trace_id":"4bf92f3577b34da6a3ce929d0e0e4736","span_id":"126398833e4e4f33","method":"GET","status_code":200,"duration_ms":4}
{"time":"2026-10-07T15:37:01.260633+08:00","level":"INFO","msg":"http request complete","request_id":"01a1154b-5649-707d-94a3-a5913e71f66a","trace_id":"4bf92f3577b34da6a3ce929d0e0e4736","span_id":"f774d3f10777966b","method":"GET","status_code":200,"duration_ms":3}
{"time":"2026-10-07T15:37:01.264348+08:00","level":"INFO","msg":"http request complete","request_id":"01a1154b-564c-7d46-87f7-36bf95ef6e46","trace_id":"4bf92f3577b34da6a3ce929d0e0e4736","span_id":"eaf34f6ab5388ebc","method":"GET","status_code":200,"duration_ms":3}
{"time":"2026-10-07T15:37:01.280659+08:00","level":"INFO","msg":"http request complete","request_id":"01a1154b-5650-78b2-96d0-c4d52f6ca24d","trace_id":"25dc3d6ae684b5c82597a5835b8b12f3","span_id":"0827d2f91b3fbcf7","method":"POST","status_code":201,"duration_ms":16}
{"time":"2026-10-07T15:37:01.295306+08:00","level":"INFO","msg":"http request complete","request_id":"01a1154b-5660-7e3c-8dba-99fea62706e9","trace_id":"e3475311e4f36b2cf1c7ad5f32faa07d","span_id":"22ea5f3156ccf10e","method":"POST","status_code":201,"duration_ms":14}
{"time":"2026-10-07T15:37:01.2962+08:00","level":"WARN","msg":"trace export failed","signal":"traces"}
{"time":"2026-10-07T15:37:01.29955+08:00","level":"INFO","msg":"http request complete","request_id":"01a1154b-5670-74e9-b427-46320c180d25","trace_id":"2157181d183c28295eaab554412a160d","span_id":"d5651ab9e23c2f08","method":"GET","status_code":200,"duration_ms":3}
2026/10/07 15:37:01 OK   00001_roles_and_schemas.sql (14.73ms)
2026/10/07 15:37:01 goose: successfully migrated database to version: 1
2026/10/07 15:37:01 OK   00002_platform_meta.sql (34.04ms)
2026/10/07 15:37:01 OK   00003_finding.sql (17.85ms)
2026/10/07 15:37:01 OK   00004_incident.sql (14.1ms)
2026/10/07 15:37:01 OK   00005_investigation.sql (7.82ms)
2026/10/07 15:37:01 OK   00006_action_command.sql (14.6ms)
2026/10/07 15:37:01 OK   00007_audit.sql (22.64ms)
2026/10/07 15:37:01 OK   00008_rls.sql (11.69ms)
2026/10/07 15:37:01 OK   00009_idempotency_ledger.sql (13.11ms)
2026/10/07 15:37:01 OK   00010_tenant_provisioning.sql (7.22ms)
2026/10/07 15:37:01 OK   00011_source_registration_history.sql (13ms)
2026/10/07 15:37:01 OK   00012_config_registry_lifecycle.sql (11.92ms)
2026/10/07 15:37:01 OK   00013_audit_signed_segments.sql (24.65ms)
2026/10/07 15:37:01 OK   00014_audit_segment_predecessors.sql (15.63ms)
2026/10/07 15:37:01 OK   00015_source_schema_scope.sql (3.51ms)
2026/10/07 15:37:01 OK   00016_cluster_registration_metadata.sql (4.81ms)
2026/10/07 15:37:01 OK   00017_source_data_scope.sql (5.09ms)
2026/10/07 15:37:01 OK   00018_sp04_resources_evidence.sql (26.88ms)
2026/10/07 15:37:01 OK   00019_sp04_archive_ciphertext_bytes.sql (4.2ms)
2026/10/07 15:37:01 OK   00020_sp04_request_ledger.sql (5.8ms)
2026/10/07 15:37:01 OK   00021_sp04_archive_protection.sql (4.25ms)
2026/10/07 15:37:01 OK   00022_sp04_legal_hold_dependencies.sql (4.31ms)
2026/10/07 15:37:01 OK   00023_sp04_archive_query_intent.sql (3.74ms)
2026/10/07 15:37:01 OK   00024_sp05_finding_incident.sql (18.02ms)
2026/10/07 15:37:01 OK   00025_sp05_incident_event_time.sql (4.79ms)
2026/10/07 15:37:01 OK   00026_sp05_source_binding_lock.sql (5.4ms)
2026/10/07 15:37:01 OK   00027_sp05_rca_and_poll.sql (15.27ms)
2026/10/07 15:37:01 OK   00028_sp05_operator_lock.sql (5.09ms)
2026/10/07 15:37:01 OK   00029_sp05_evidence_links.sql (9.57ms)
2026/10/07 15:37:01 OK   00030_sp05_recipe_fence.sql (5.2ms)
2026/10/07 15:37:01 OK   00031_sp05_rca_postcheck.sql (5.63ms)
2026/10/07 15:37:01 OK   00032_sp05_transport_audit.sql (11.91ms)
2026/10/07 15:37:01 OK   00033_sp05_poll_resolution_clock.sql (4.67ms)
2026/10/07 15:37:01 OK   00034_sp06_investigation_ledger.sql (39.08ms)
2026/10/07 15:37:01 OK   00035_sp06_admission_data_classes.sql (4.68ms)
2026/10/07 15:37:01 goose: successfully migrated database to version: 35
2026/10/07 15:37:01 OK   00036_review_failure.sql (5.55ms)
2026/10/07 15:37:01 goose: successfully migrated database to version: 36
2026/10/07 15:37:04 OK   00001_roles_and_schemas.sql (36.57ms)
2026/10/07 15:37:04 goose: successfully migrated database to version: 1
2026/10/07 15:37:04 OK   00002_platform_meta.sql (34.18ms)
2026/10/07 15:37:04 OK   00003_finding.sql (26.17ms)
2026/10/07 15:37:04 OK   00004_incident.sql (14.32ms)
2026/10/07 15:37:04 OK   00005_investigation.sql (7.99ms)
2026/10/07 15:37:04 OK   00006_action_command.sql (29.66ms)
2026/10/07 15:37:04 OK   00007_audit.sql (16.07ms)
2026/10/07 15:37:04 OK   00008_rls.sql (19.96ms)
2026/10/07 15:37:04 OK   00009_idempotency_ledger.sql (27.12ms)
2026/10/07 15:37:04 OK   00010_tenant_provisioning.sql (5.66ms)
2026/10/07 15:37:04 OK   00011_source_registration_history.sql (12.13ms)
2026/10/07 15:37:04 OK   00012_config_registry_lifecycle.sql (20.74ms)
2026/10/07 15:37:04 OK   00013_audit_signed_segments.sql (36.87ms)
2026/10/07 15:37:04 OK   00014_audit_segment_predecessors.sql (27.24ms)
2026/10/07 15:37:04 OK   00015_source_schema_scope.sql (4.33ms)
2026/10/07 15:37:04 OK   00016_cluster_registration_metadata.sql (11.27ms)
2026/10/07 15:37:04 OK   00017_source_data_scope.sql (21.13ms)
2026/10/07 15:37:04 OK   00018_sp04_resources_evidence.sql (60.49ms)
2026/10/07 15:37:04 OK   00019_sp04_archive_ciphertext_bytes.sql (3.06ms)
2026/10/07 15:37:04 OK   00020_sp04_request_ledger.sql (6.16ms)
2026/10/07 15:37:04 OK   00021_sp04_archive_protection.sql (14.01ms)
2026/10/07 15:37:04 OK   00022_sp04_legal_hold_dependencies.sql (16.09ms)
2026/10/07 15:37:04 OK   00023_sp04_archive_query_intent.sql (13.54ms)
2026/10/07 15:37:04 OK   00024_sp05_finding_incident.sql (50.4ms)
2026/10/07 15:37:04 OK   00025_sp05_incident_event_time.sql (5.99ms)
2026/10/07 15:37:04 OK   00026_sp05_source_binding_lock.sql (11.96ms)
2026/10/07 15:37:04 OK   00027_sp05_rca_and_poll.sql (28.7ms)
2026/10/07 15:37:04 OK   00028_sp05_operator_lock.sql (4.81ms)
2026/10/07 15:37:04 OK   00029_sp05_evidence_links.sql (38.81ms)
2026/10/07 15:37:04 OK   00030_sp05_recipe_fence.sql (7.43ms)
2026/10/07 15:37:04 OK   00031_sp05_rca_postcheck.sql (6.48ms)
2026/10/07 15:37:04 OK   00032_sp05_transport_audit.sql (7.84ms)
2026/10/07 15:37:04 OK   00033_sp05_poll_resolution_clock.sql (7.71ms)
2026/10/07 15:37:04 OK   00034_sp06_investigation_ledger.sql (32.52ms)
2026/10/07 15:37:04 OK   00035_sp06_admission_data_classes.sql (9.89ms)
2026/10/07 15:37:04 goose: successfully migrated database to version: 35
2026/10/07 15:37:05 OK   00001_roles_and_schemas.sql (27.35ms)
2026/10/07 15:37:05 goose: successfully migrated database to version: 1
2026/10/07 15:37:05 OK   00002_platform_meta.sql (38.69ms)
2026/10/07 15:37:05 OK   00003_finding.sql (15.39ms)
2026/10/07 15:37:05 OK   00004_incident.sql (29.57ms)
2026/10/07 15:37:05 OK   00005_investigation.sql (63.13ms)
2026/10/07 15:37:05 OK   00006_action_command.sql (155.81ms)
2026/10/07 15:37:05 OK   00007_audit.sql (35.41ms)
2026/10/07 15:37:05 OK   00008_rls.sql (106.3ms)
2026/10/07 15:37:05 OK   00009_idempotency_ledger.sql (54.1ms)
2026/10/07 15:37:05 OK   00010_tenant_provisioning.sql (7.19ms)
2026/10/07 15:37:05 OK   00011_source_registration_history.sql (21.82ms)
2026/10/07 15:37:05 OK   00012_config_registry_lifecycle.sql (36.25ms)
2026/10/07 15:37:05 OK   00013_audit_signed_segments.sql (50.82ms)
2026/10/07 15:37:05 OK   00014_audit_segment_predecessors.sql (23.56ms)
2026/10/07 15:37:05 OK   00015_source_schema_scope.sql (4.57ms)
2026/10/07 15:37:06 OK   00016_cluster_registration_metadata.sql (12.41ms)
2026/10/07 15:37:06 OK   00017_source_data_scope.sql (31.3ms)
2026/10/07 15:37:06 OK   00018_sp04_resources_evidence.sql (79.29ms)
2026/10/07 15:37:06 OK   00019_sp04_archive_ciphertext_bytes.sql (4.22ms)
2026/10/07 15:37:06 OK   00020_sp04_request_ledger.sql (6.74ms)
2026/10/07 15:37:06 OK   00021_sp04_archive_protection.sql (4.9ms)
2026/10/07 15:37:06 OK   00022_sp04_legal_hold_dependencies.sql (7.84ms)
2026/10/07 15:37:06 OK   00023_sp04_archive_query_intent.sql (14.73ms)
2026/10/07 15:37:06 OK   00024_sp05_finding_incident.sql (34.04ms)
2026/10/07 15:37:06 OK   00025_sp05_incident_event_time.sql (9.73ms)
2026/10/07 15:37:06 OK   00026_sp05_source_binding_lock.sql (23.14ms)
2026/10/07 15:37:06 OK   00027_sp05_rca_and_poll.sql (10.81ms)
2026/10/07 15:37:06 OK   00028_sp05_operator_lock.sql (9.76ms)
2026/10/07 15:37:06 OK   00029_sp05_evidence_links.sql (42.55ms)
2026/10/07 15:37:06 OK   00030_sp05_recipe_fence.sql (8.44ms)
2026/10/07 15:37:06 OK   00031_sp05_rca_postcheck.sql (6.82ms)
2026/10/07 15:37:06 OK   00032_sp05_transport_audit.sql (6.63ms)
2026/10/07 15:37:06 OK   00033_sp05_poll_resolution_clock.sql (11.65ms)
2026/10/07 15:37:06 OK   00034_sp06_investigation_ledger.sql (38.9ms)
2026/10/07 15:37:06 OK   00035_sp06_admission_data_classes.sql (6ms)
2026/10/07 15:37:06 goose: successfully migrated database to version: 35
2026/10/07 15:37:06 OK   00001_roles_and_schemas.sql (51.83ms)
2026/10/07 15:37:06 goose: successfully migrated database to version: 1
2026/10/07 15:37:06 OK   00002_platform_meta.sql (40.13ms)
2026/10/07 15:37:06 OK   00003_finding.sql (10.7ms)
2026/10/07 15:37:06 OK   00004_incident.sql (7.63ms)
2026/10/07 15:37:06 OK   00005_investigation.sql (9.73ms)
2026/10/07 15:37:06 OK   00006_action_command.sql (19.45ms)
2026/10/07 15:37:06 OK   00007_audit.sql (27.22ms)
2026/10/07 15:37:06 OK   00008_rls.sql (46.25ms)
2026/10/07 15:37:06 OK   00009_idempotency_ledger.sql (20.77ms)
2026/10/07 15:37:06 OK   00010_tenant_provisioning.sql (5.93ms)
2026/10/07 15:37:06 OK   00011_source_registration_history.sql (15.76ms)
2026/10/07 15:37:06 OK   00012_config_registry_lifecycle.sql (40.73ms)
2026/10/07 15:37:06 OK   00013_audit_signed_segments.sql (34.15ms)
2026/10/07 15:37:06 OK   00014_audit_segment_predecessors.sql (12.93ms)
2026/10/07 15:37:06 OK   00015_source_schema_scope.sql (3.99ms)
2026/10/07 15:37:07 OK   00016_cluster_registration_metadata.sql (7.41ms)
2026/10/07 15:37:07 OK   00017_source_data_scope.sql (30.55ms)
2026/10/07 15:37:07 OK   00018_sp04_resources_evidence.sql (20.77ms)
2026/10/07 15:37:07 OK   00019_sp04_archive_ciphertext_bytes.sql (12.93ms)
2026/10/07 15:37:07 OK   00020_sp04_request_ledger.sql (14.54ms)
2026/10/07 15:37:07 OK   00021_sp04_archive_protection.sql (4.08ms)
2026/10/07 15:37:07 OK   00022_sp04_legal_hold_dependencies.sql (2.7ms)
2026/10/07 15:37:07 OK   00023_sp04_archive_query_intent.sql (2.89ms)
2026/10/07 15:37:07 OK   00024_sp05_finding_incident.sql (50.61ms)
2026/10/07 15:37:07 OK   00025_sp05_incident_event_time.sql (5.94ms)
2026/10/07 15:37:07 OK   00026_sp05_source_binding_lock.sql (8.52ms)
2026/10/07 15:37:07 OK   00027_sp05_rca_and_poll.sql (18.6ms)
2026/10/07 15:37:07 OK   00028_sp05_operator_lock.sql (10.17ms)
2026/10/07 15:37:07 OK   00029_sp05_evidence_links.sql (8.73ms)
2026/10/07 15:37:07 OK   00030_sp05_recipe_fence.sql (4.83ms)
2026/10/07 15:37:07 OK   00031_sp05_rca_postcheck.sql (7.18ms)
2026/10/07 15:37:07 OK   00032_sp05_transport_audit.sql (4.75ms)
2026/10/07 15:37:07 OK   00033_sp05_poll_resolution_clock.sql (7.46ms)
2026/10/07 15:37:07 OK   00034_sp06_investigation_ledger.sql (42.07ms)
2026/10/07 15:37:07 OK   00035_sp06_admission_data_classes.sql (4.87ms)
2026/10/07 15:37:07 goose: successfully migrated database to version: 35
2026/10/07 15:37:07 OK   00001_roles_and_schemas.sql (34.06ms)
2026/10/07 15:37:07 goose: successfully migrated database to version: 1
2026/10/07 15:37:07 OK   00002_platform_meta.sql (42.94ms)
2026/10/07 15:37:07 OK   00003_finding.sql (12.98ms)
2026/10/07 15:37:07 OK   00004_incident.sql (15.12ms)
2026/10/07 15:37:07 OK   00005_investigation.sql (15.39ms)
2026/10/07 15:37:07 OK   00006_action_command.sql (8.26ms)
2026/10/07 15:37:07 OK   00007_audit.sql (27.86ms)
2026/10/07 15:37:07 OK   00008_rls.sql (14ms)
2026/10/07 15:37:07 OK   00009_idempotency_ledger.sql (21.42ms)
2026/10/07 15:37:07 OK   00010_tenant_provisioning.sql (9.54ms)
2026/10/07 15:37:07 OK   00011_source_registration_history.sql (9.7ms)
2026/10/07 15:37:07 OK   00012_config_registry_lifecycle.sql (10.65ms)
2026/10/07 15:37:07 OK   00013_audit_signed_segments.sql (18.43ms)
2026/10/07 15:37:07 OK   00014_audit_segment_predecessors.sql (24.01ms)
2026/10/07 15:37:07 OK   00015_source_schema_scope.sql (3.38ms)
2026/10/07 15:37:07 OK   00016_cluster_registration_metadata.sql (4.86ms)
2026/10/07 15:37:07 OK   00017_source_data_scope.sql (6.94ms)
2026/10/07 15:37:07 OK   00018_sp04_resources_evidence.sql (32.83ms)
2026/10/07 15:37:07 OK   00019_sp04_archive_ciphertext_bytes.sql (14.64ms)
2026/10/07 15:37:07 OK   00020_sp04_request_ledger.sql (7.7ms)
2026/10/07 15:37:07 OK   00021_sp04_archive_protection.sql (10.15ms)
2026/10/07 15:37:07 OK   00022_sp04_legal_hold_dependencies.sql (7.32ms)
2026/10/07 15:37:07 OK   00023_sp04_archive_query_intent.sql (42.29ms)
2026/10/07 15:37:07 OK   00024_sp05_finding_incident.sql (70.67ms)
2026/10/07 15:37:07 OK   00025_sp05_incident_event_time.sql (12.48ms)
2026/10/07 15:37:07 OK   00026_sp05_source_binding_lock.sql (7.04ms)
2026/10/07 15:37:07 OK   00027_sp05_rca_and_poll.sql (16.49ms)
2026/10/07 15:37:07 OK   00028_sp05_operator_lock.sql (6.42ms)
2026/10/07 15:37:07 OK   00029_sp05_evidence_links.sql (11.85ms)
2026/10/07 15:37:08 OK   00030_sp05_recipe_fence.sql (6.84ms)
2026/10/07 15:37:08 OK   00031_sp05_rca_postcheck.sql (58ms)
2026/10/07 15:37:08 OK   00032_sp05_transport_audit.sql (5.12ms)
2026/10/07 15:37:08 OK   00033_sp05_poll_resolution_clock.sql (6.71ms)
2026/10/07 15:37:08 OK   00034_sp06_investigation_ledger.sql (172.82ms)
2026/10/07 15:37:08 OK   00035_sp06_admission_data_classes.sql (11.63ms)
2026/10/07 15:37:08 goose: successfully migrated database to version: 35
2026/10/07 15:37:08 OK   00001_roles_and_schemas.sql (19.53ms)
2026/10/07 15:37:08 goose: successfully migrated database to version: 1
2026/10/07 15:37:18 OK   00002_platform_meta.sql (63.53ms)
2026/10/07 15:37:18 OK   00003_finding.sql (32.53ms)
2026/10/07 15:37:18 OK   00004_incident.sql (16.42ms)
2026/10/07 15:37:18 OK   00005_investigation.sql (17ms)
2026/10/07 15:37:18 OK   00006_action_command.sql (6.93ms)
2026/10/07 15:37:18 OK   00007_audit.sql (24.18ms)
2026/10/07 15:37:18 OK   00008_rls.sql (15.97ms)
2026/10/07 15:37:18 OK   00009_idempotency_ledger.sql (13.73ms)
2026/10/07 15:37:18 OK   00010_tenant_provisioning.sql (6.84ms)
2026/10/07 15:37:18 OK   00011_source_registration_history.sql (13.04ms)
2026/10/07 15:37:18 OK   00012_config_registry_lifecycle.sql (15.22ms)
2026/10/07 15:37:18 OK   00013_audit_signed_segments.sql (14.96ms)
2026/10/07 15:37:18 OK   00014_audit_segment_predecessors.sql (21.51ms)
2026/10/07 15:37:18 OK   00015_source_schema_scope.sql (6.28ms)
2026/10/07 15:37:18 OK   00016_cluster_registration_metadata.sql (3.97ms)
2026/10/07 15:37:18 OK   00017_source_data_scope.sql (4.8ms)
2026/10/07 15:37:18 OK   00018_sp04_resources_evidence.sql (14.25ms)
2026/10/07 15:37:18 OK   00019_sp04_archive_ciphertext_bytes.sql (5.21ms)
2026/10/07 15:37:18 OK   00020_sp04_request_ledger.sql (8.31ms)
2026/10/07 15:37:18 OK   00021_sp04_archive_protection.sql (6.45ms)
2026/10/07 15:37:18 OK   00022_sp04_legal_hold_dependencies.sql (5.36ms)
2026/10/07 15:37:18 OK   00023_sp04_archive_query_intent.sql (5.39ms)
2026/10/07 15:37:18 OK   00024_sp05_finding_incident.sql (43.24ms)
2026/10/07 15:37:18 OK   00025_sp05_incident_event_time.sql (4.17ms)
2026/10/07 15:37:18 OK   00026_sp05_source_binding_lock.sql (3.4ms)
2026/10/07 15:37:18 OK   00027_sp05_rca_and_poll.sql (14.71ms)
2026/10/07 15:37:18 OK   00028_sp05_operator_lock.sql (6.07ms)
2026/10/07 15:37:18 OK   00029_sp05_evidence_links.sql (17.94ms)
2026/10/07 15:37:18 OK   00030_sp05_recipe_fence.sql (3.59ms)
2026/10/07 15:37:18 OK   00031_sp05_rca_postcheck.sql (3.95ms)
2026/10/07 15:37:18 OK   00032_sp05_transport_audit.sql (9.31ms)
2026/10/07 15:37:18 OK   00033_sp05_poll_resolution_clock.sql (9.69ms)
2026/10/07 15:37:18 OK   00034_sp06_investigation_ledger.sql (36.22ms)
2026/10/07 15:37:18 OK   00035_sp06_admission_data_classes.sql (8.97ms)
2026/10/07 15:37:18 goose: successfully migrated database to version: 35
2026/10/07 15:38:12 OK   00001_roles_and_schemas.sql (20.64ms)
2026/10/07 15:38:12 goose: successfully migrated database to version: 1
2026/10/07 15:38:12 OK   00002_platform_meta.sql (40.09ms)
2026/10/07 15:38:12 OK   00003_finding.sql (16.54ms)
2026/10/07 15:38:12 OK   00004_incident.sql (8.88ms)
2026/10/07 15:38:12 OK   00005_investigation.sql (12.69ms)
2026/10/07 15:38:12 OK   00006_action_command.sql (8.41ms)
2026/10/07 15:38:12 OK   00007_audit.sql (14.03ms)
2026/10/07 15:38:12 OK   00008_rls.sql (16.73ms)
2026/10/07 15:38:12 OK   00009_idempotency_ledger.sql (9.12ms)
2026/10/07 15:38:12 OK   00010_tenant_provisioning.sql (7.19ms)
2026/10/07 15:38:12 OK   00011_source_registration_history.sql (10.18ms)
2026/10/07 15:38:12 OK   00012_config_registry_lifecycle.sql (17.31ms)
2026/10/07 15:38:12 OK   00013_audit_signed_segments.sql (20.85ms)
2026/10/07 15:38:12 OK   00014_audit_segment_predecessors.sql (9.13ms)
2026/10/07 15:38:12 OK   00015_source_schema_scope.sql (7.52ms)
2026/10/07 15:38:12 OK   00016_cluster_registration_metadata.sql (11.29ms)
2026/10/07 15:38:12 OK   00017_source_data_scope.sql (10.34ms)
2026/10/07 15:38:12 OK   00018_sp04_resources_evidence.sql (22.4ms)
2026/10/07 15:38:12 OK   00019_sp04_archive_ciphertext_bytes.sql (3.54ms)
2026/10/07 15:38:12 OK   00020_sp04_request_ledger.sql (10.93ms)
2026/10/07 15:38:12 OK   00021_sp04_archive_protection.sql (3.54ms)
2026/10/07 15:38:12 OK   00022_sp04_legal_hold_dependencies.sql (6.61ms)
2026/10/07 15:38:12 OK   00023_sp04_archive_query_intent.sql (7.65ms)
2026/10/07 15:38:12 OK   00024_sp05_finding_incident.sql (39.23ms)
2026/10/07 15:38:12 OK   00025_sp05_incident_event_time.sql (6.21ms)
2026/10/07 15:38:12 OK   00026_sp05_source_binding_lock.sql (7.41ms)
2026/10/07 15:38:12 OK   00027_sp05_rca_and_poll.sql (23.24ms)
2026/10/07 15:38:12 OK   00028_sp05_operator_lock.sql (9.16ms)
2026/10/07 15:38:12 OK   00029_sp05_evidence_links.sql (7ms)
2026/10/07 15:38:12 OK   00030_sp05_recipe_fence.sql (5.37ms)
2026/10/07 15:38:12 OK   00031_sp05_rca_postcheck.sql (5.98ms)
2026/10/07 15:38:12 OK   00032_sp05_transport_audit.sql (7.86ms)
2026/10/07 15:38:12 OK   00033_sp05_poll_resolution_clock.sql (10.07ms)
2026/10/07 15:38:12 OK   00034_sp06_investigation_ledger.sql (35.76ms)
2026/10/07 15:38:12 OK   00035_sp06_admission_data_classes.sql (7.84ms)
2026/10/07 15:38:12 goose: successfully migrated database to version: 35
2026/10/07 15:38:12 OK   00001_roles_and_schemas.sql (28.52ms)
2026/10/07 15:38:12 OK   00002_platform_meta.sql (46.87ms)
2026/10/07 15:38:12 OK   00003_finding.sql (34.79ms)
2026/10/07 15:38:12 OK   00004_incident.sql (15.75ms)
2026/10/07 15:38:12 OK   00005_investigation.sql (17.66ms)
2026/10/07 15:38:12 OK   00006_action_command.sql (19.49ms)
2026/10/07 15:38:12 OK   00007_audit.sql (19.74ms)
2026/10/07 15:38:12 OK   00008_rls.sql (19.19ms)
2026/10/07 15:38:12 OK   00009_idempotency_ledger.sql (24.04ms)
2026/10/07 15:38:12 OK   00010_tenant_provisioning.sql (7.63ms)
2026/10/07 15:38:12 OK   00011_source_registration_history.sql (10.2ms)
2026/10/07 15:38:13 OK   00012_config_registry_lifecycle.sql (19.99ms)
2026/10/07 15:38:13 OK   00013_audit_signed_segments.sql (30.13ms)
2026/10/07 15:38:13 OK   00014_audit_segment_predecessors.sql (8.55ms)
2026/10/07 15:38:13 OK   00015_source_schema_scope.sql (3.99ms)
2026/10/07 15:38:13 OK   00016_cluster_registration_metadata.sql (4.65ms)
2026/10/07 15:38:13 OK   00017_source_data_scope.sql (4.12ms)
2026/10/07 15:38:13 OK   00018_sp04_resources_evidence.sql (34.09ms)
2026/10/07 15:38:13 OK   00019_sp04_archive_ciphertext_bytes.sql (9.16ms)
2026/10/07 15:38:13 OK   00020_sp04_request_ledger.sql (8.03ms)
2026/10/07 15:38:13 OK   00021_sp04_archive_protection.sql (6.5ms)
2026/10/07 15:38:13 OK   00022_sp04_legal_hold_dependencies.sql (3.55ms)
2026/10/07 15:38:13 OK   00023_sp04_archive_query_intent.sql (5.86ms)
2026/10/07 15:38:13 OK   00024_sp05_finding_incident.sql (39.51ms)
2026/10/07 15:38:13 OK   00025_sp05_incident_event_time.sql (3.79ms)
2026/10/07 15:38:13 OK   00026_sp05_source_binding_lock.sql (5.55ms)
2026/10/07 15:38:13 OK   00027_sp05_rca_and_poll.sql (14.96ms)
2026/10/07 15:38:13 OK   00028_sp05_operator_lock.sql (5.89ms)
2026/10/07 15:38:13 OK   00029_sp05_evidence_links.sql (14.5ms)
2026/10/07 15:38:13 OK   00030_sp05_recipe_fence.sql (5.89ms)
2026/10/07 15:38:13 OK   00031_sp05_rca_postcheck.sql (5.78ms)
2026/10/07 15:38:13 OK   00032_sp05_transport_audit.sql (4.62ms)
2026/10/07 15:38:13 OK   00033_sp05_poll_resolution_clock.sql (5.43ms)
2026/10/07 15:38:13 OK   00034_sp06_investigation_ledger.sql (37.79ms)
2026/10/07 15:38:13 OK   00035_sp06_admission_data_classes.sql (11.87ms)
2026/10/07 15:38:13 goose: successfully migrated database to version: 35
2026/10/07 15:38:16 OK   00001_roles_and_schemas.sql (20.29ms)
2026/10/07 15:38:16 goose: successfully migrated database to version: 1
2026/10/07 15:38:16 OK   00002_platform_meta.sql (145.35ms)
2026/10/07 15:38:16 OK   00003_finding.sql (20.48ms)
2026/10/07 15:38:16 OK   00004_incident.sql (13.96ms)
2026/10/07 15:38:16 OK   00005_investigation.sql (15.91ms)
2026/10/07 15:38:16 OK   00006_action_command.sql (24.9ms)
2026/10/07 15:38:16 OK   00007_audit.sql (28.72ms)
2026/10/07 15:38:16 OK   00008_rls.sql (33.29ms)
2026/10/07 15:38:16 OK   00009_idempotency_ledger.sql (20.49ms)
2026/10/07 15:38:16 OK   00010_tenant_provisioning.sql (9.54ms)
2026/10/07 15:38:16 OK   00011_source_registration_history.sql (9.32ms)
2026/10/07 15:38:16 OK   00012_config_registry_lifecycle.sql (13.09ms)
2026/10/07 15:38:16 OK   00013_audit_signed_segments.sql (32.25ms)
2026/10/07 15:38:16 OK   00014_audit_segment_predecessors.sql (9.34ms)
2026/10/07 15:38:16 OK   00015_source_schema_scope.sql (6.41ms)
2026/10/07 15:38:16 OK   00016_cluster_registration_metadata.sql (7.7ms)
2026/10/07 15:38:16 goose: successfully migrated database to version: 16
2026/10/07 15:38:16 OK   00017_source_data_scope.sql (15.02ms)
2026/10/07 15:38:16 OK   00018_sp04_resources_evidence.sql (44.36ms)
2026/10/07 15:38:16 OK   00019_sp04_archive_ciphertext_bytes.sql (12.02ms)
2026/10/07 15:38:16 OK   00020_sp04_request_ledger.sql (9.9ms)
2026/10/07 15:38:16 OK   00021_sp04_archive_protection.sql (8.89ms)
2026/10/07 15:38:16 OK   00022_sp04_legal_hold_dependencies.sql (9.41ms)
2026/10/07 15:38:16 OK   00023_sp04_archive_query_intent.sql (7.7ms)
2026/10/07 15:38:16 OK   00024_sp05_finding_incident.sql (37.77ms)
2026/10/07 15:38:16 OK   00025_sp05_incident_event_time.sql (7.15ms)
2026/10/07 15:38:16 OK   00026_sp05_source_binding_lock.sql (7.91ms)
2026/10/07 15:38:16 OK   00027_sp05_rca_and_poll.sql (25.74ms)
2026/10/07 15:38:16 OK   00028_sp05_operator_lock.sql (8.85ms)
2026/10/07 15:38:16 OK   00029_sp05_evidence_links.sql (7.8ms)
2026/10/07 15:38:16 OK   00030_sp05_recipe_fence.sql (4.76ms)
2026/10/07 15:38:16 OK   00031_sp05_rca_postcheck.sql (4.75ms)
2026/10/07 15:38:16 OK   00032_sp05_transport_audit.sql (7.29ms)
2026/10/07 15:38:16 OK   00033_sp05_poll_resolution_clock.sql (8.78ms)
2026/10/07 15:38:16 OK   00034_sp06_investigation_ledger.sql (21.86ms)
2026/10/07 15:38:16 OK   00035_sp06_admission_data_classes.sql (11.1ms)
2026/10/07 15:38:16 goose: successfully migrated database to version: 35
2026/10/07 15:38:17 OK   00001_roles_and_schemas.sql (17.68ms)
2026/10/07 15:38:17 goose: successfully migrated database to version: 1
2026/10/07 15:38:17 OK   00002_platform_meta.sql (34.36ms)
2026/10/07 15:38:17 OK   00003_finding.sql (22.96ms)
2026/10/07 15:38:17 OK   00004_incident.sql (6.98ms)
2026/10/07 15:38:17 OK   00005_investigation.sql (7.06ms)
2026/10/07 15:38:17 OK   00006_action_command.sql (6.63ms)
2026/10/07 15:38:17 OK   00007_audit.sql (28.25ms)
2026/10/07 15:38:17 OK   00008_rls.sql (11.47ms)
2026/10/07 15:38:17 OK   00009_idempotency_ledger.sql (10.74ms)
2026/10/07 15:38:17 OK   00010_tenant_provisioning.sql (6.8ms)
2026/10/07 15:38:17 OK   00011_source_registration_history.sql (16.65ms)
2026/10/07 15:38:17 OK   00012_config_registry_lifecycle.sql (11.53ms)
2026/10/07 15:38:17 OK   00013_audit_signed_segments.sql (28.02ms)
2026/10/07 15:38:17 OK   00014_audit_segment_predecessors.sql (9.63ms)
2026/10/07 15:38:17 OK   00015_source_schema_scope.sql (21.86ms)
2026/10/07 15:38:17 OK   00016_cluster_registration_metadata.sql (6.87ms)
2026/10/07 15:38:17 OK   00017_source_data_scope.sql (4.35ms)
2026/10/07 15:38:17 OK   00018_sp04_resources_evidence.sql (24.3ms)
2026/10/07 15:38:17 OK   00019_sp04_archive_ciphertext_bytes.sql (11.33ms)
2026/10/07 15:38:17 OK   00020_sp04_request_ledger.sql (9.65ms)
2026/10/07 15:38:17 OK   00021_sp04_archive_protection.sql (4ms)
2026/10/07 15:38:17 OK   00022_sp04_legal_hold_dependencies.sql (4.99ms)
2026/10/07 15:38:17 OK   00023_sp04_archive_query_intent.sql (10.84ms)
2026/10/07 15:38:17 OK   00024_sp05_finding_incident.sql (35.36ms)
2026/10/07 15:38:17 OK   00025_sp05_incident_event_time.sql (4.05ms)
2026/10/07 15:38:17 OK   00026_sp05_source_binding_lock.sql (3.75ms)
2026/10/07 15:38:17 OK   00027_sp05_rca_and_poll.sql (17.65ms)
2026/10/07 15:38:17 OK   00028_sp05_operator_lock.sql (25.21ms)
2026/10/07 15:38:17 OK   00029_sp05_evidence_links.sql (6.64ms)
2026/10/07 15:38:17 OK   00030_sp05_recipe_fence.sql (7.46ms)
2026/10/07 15:38:17 OK   00031_sp05_rca_postcheck.sql (11.55ms)
2026/10/07 15:38:17 OK   00032_sp05_transport_audit.sql (12.26ms)
2026/10/07 15:38:17 OK   00033_sp05_poll_resolution_clock.sql (8.1ms)
2026/10/07 15:38:17 OK   00034_sp06_investigation_ledger.sql (48.57ms)
2026/10/07 15:38:17 OK   00035_sp06_admission_data_classes.sql (3.31ms)
2026/10/07 15:38:17 goose: successfully migrated database to version: 35
2026/10/07 15:38:18 OK   00001_roles_and_schemas.sql (22.41ms)
2026/10/07 15:38:18 goose: successfully migrated database to version: 1
2026/10/07 15:38:18 OK   00002_platform_meta.sql (40.09ms)
2026/10/07 15:38:18 OK   00003_finding.sql (11.15ms)
2026/10/07 15:38:18 OK   00004_incident.sql (8.65ms)
2026/10/07 15:38:18 OK   00005_investigation.sql (10.38ms)
2026/10/07 15:38:18 OK   00006_action_command.sql (10.57ms)
2026/10/07 15:38:18 OK   00007_audit.sql (15.14ms)
2026/10/07 15:38:18 OK   00008_rls.sql (14.56ms)
2026/10/07 15:38:18 OK   00009_idempotency_ledger.sql (14.78ms)
2026/10/07 15:38:18 OK   00010_tenant_provisioning.sql (11.78ms)
2026/10/07 15:38:18 OK   00011_source_registration_history.sql (13.64ms)
2026/10/07 15:38:18 OK   00012_config_registry_lifecycle.sql (25.54ms)
2026/10/07 15:38:18 OK   00013_audit_signed_segments.sql (29.11ms)
2026/10/07 15:38:18 OK   00014_audit_segment_predecessors.sql (6.39ms)
2026/10/07 15:38:18 OK   00015_source_schema_scope.sql (3.8ms)
2026/10/07 15:38:18 OK   00016_cluster_registration_metadata.sql (4.77ms)
2026/10/07 15:38:18 OK   00017_source_data_scope.sql (7.81ms)
2026/10/07 15:38:18 OK   00018_sp04_resources_evidence.sql (21.8ms)
2026/10/07 15:38:18 OK   00019_sp04_archive_ciphertext_bytes.sql (3.35ms)
2026/10/07 15:38:18 OK   00020_sp04_request_ledger.sql (7.03ms)
2026/10/07 15:38:18 OK   00021_sp04_archive_protection.sql (5.52ms)
2026/10/07 15:38:18 OK   00022_sp04_legal_hold_dependencies.sql (4.52ms)
2026/10/07 15:38:18 OK   00023_sp04_archive_query_intent.sql (5.37ms)
2026/10/07 15:38:18 OK   00024_sp05_finding_incident.sql (21.4ms)
2026/10/07 15:38:18 OK   00025_sp05_incident_event_time.sql (3.26ms)
2026/10/07 15:38:18 OK   00026_sp05_source_binding_lock.sql (3.21ms)
2026/10/07 15:38:18 OK   00027_sp05_rca_and_poll.sql (11.88ms)
2026/10/07 15:38:18 OK   00028_sp05_operator_lock.sql (5.57ms)
2026/10/07 15:38:18 OK   00029_sp05_evidence_links.sql (20.48ms)
2026/10/07 15:38:18 OK   00030_sp05_recipe_fence.sql (4.27ms)
2026/10/07 15:38:18 OK   00031_sp05_rca_postcheck.sql (2.9ms)
2026/10/07 15:38:18 OK   00032_sp05_transport_audit.sql (4.02ms)
2026/10/07 15:38:18 OK   00033_sp05_poll_resolution_clock.sql (7.64ms)
2026/10/07 15:38:18 OK   00034_sp06_investigation_ledger.sql (38.3ms)
2026/10/07 15:38:18 OK   00035_sp06_admission_data_classes.sql (8.36ms)
2026/10/07 15:38:18 goose: successfully migrated database to version: 35
2026/10/07 15:38:39 OK   00001_roles_and_schemas.sql (46.27ms)
2026/10/07 15:38:39 goose: successfully migrated database to version: 1
2026/10/07 15:38:39 OK   00002_platform_meta.sql (51.43ms)
2026/10/07 15:38:39 OK   00003_finding.sql (22.61ms)
2026/10/07 15:38:39 OK   00004_incident.sql (12.99ms)
2026/10/07 15:38:39 OK   00005_investigation.sql (12.17ms)
2026/10/07 15:38:39 OK   00006_action_command.sql (8.56ms)
2026/10/07 15:38:39 OK   00007_audit.sql (17.77ms)
2026/10/07 15:38:39 OK   00008_rls.sql (22.71ms)
2026/10/07 15:38:39 OK   00009_idempotency_ledger.sql (20.16ms)
2026/10/07 15:38:39 OK   00010_tenant_provisioning.sql (7.7ms)
2026/10/07 15:38:39 OK   00011_source_registration_history.sql (17.71ms)
2026/10/07 15:38:39 OK   00012_config_registry_lifecycle.sql (15.6ms)
2026/10/07 15:38:39 OK   00013_audit_signed_segments.sql (39.99ms)
2026/10/07 15:38:39 OK   00014_audit_segment_predecessors.sql (9.22ms)
2026/10/07 15:38:39 OK   00015_source_schema_scope.sql (3.14ms)
2026/10/07 15:38:39 OK   00016_cluster_registration_metadata.sql (6.21ms)
2026/10/07 15:38:39 OK   00017_source_data_scope.sql (17.85ms)
2026/10/07 15:38:39 OK   00018_sp04_resources_evidence.sql (29.08ms)
2026/10/07 15:38:39 OK   00019_sp04_archive_ciphertext_bytes.sql (3.81ms)
2026/10/07 15:38:39 OK   00020_sp04_request_ledger.sql (7.54ms)
2026/10/07 15:38:39 OK   00021_sp04_archive_protection.sql (17.11ms)
2026/10/07 15:38:39 OK   00022_sp04_legal_hold_dependencies.sql (14.88ms)
2026/10/07 15:38:39 OK   00023_sp04_archive_query_intent.sql (3.38ms)
2026/10/07 15:38:39 OK   00024_sp05_finding_incident.sql (55.34ms)
2026/10/07 15:38:39 OK   00025_sp05_incident_event_time.sql (42.48ms)
2026/10/07 15:38:39 OK   00026_sp05_source_binding_lock.sql (3.98ms)
2026/10/07 15:38:39 OK   00027_sp05_rca_and_poll.sql (9.35ms)
2026/10/07 15:38:39 OK   00028_sp05_operator_lock.sql (7.7ms)
2026/10/07 15:38:39 OK   00029_sp05_evidence_links.sql (34.15ms)
2026/10/07 15:38:39 OK   00030_sp05_recipe_fence.sql (3.45ms)
2026/10/07 15:38:39 OK   00031_sp05_rca_postcheck.sql (6.46ms)
2026/10/07 15:38:39 OK   00032_sp05_transport_audit.sql (33.19ms)
2026/10/07 15:38:39 OK   00033_sp05_poll_resolution_clock.sql (4.34ms)
2026/10/07 15:38:39 OK   00034_sp06_investigation_ledger.sql (57.75ms)
2026/10/07 15:38:39 OK   00035_sp06_admission_data_classes.sql (6.08ms)
2026/10/07 15:38:39 goose: successfully migrated database to version: 35
2026/10/07 15:38:41 OK   00001_roles_and_schemas.sql (46.5ms)
2026/10/07 15:38:41 goose: successfully migrated database to version: 1
2026/10/07 15:38:41 OK   00002_platform_meta.sql (52.13ms)
2026/10/07 15:38:41 OK   00003_finding.sql (34.97ms)
2026/10/07 15:38:41 OK   00004_incident.sql (38.62ms)
2026/10/07 15:38:41 OK   00005_investigation.sql (10.6ms)
2026/10/07 15:38:41 OK   00006_action_command.sql (7.04ms)
2026/10/07 15:38:41 OK   00007_audit.sql (51.55ms)
2026/10/07 15:38:41 OK   00008_rls.sql (54.15ms)
2026/10/07 15:38:41 OK   00009_idempotency_ledger.sql (22.8ms)
2026/10/07 15:38:41 OK   00010_tenant_provisioning.sql (5.71ms)
2026/10/07 15:38:41 OK   00011_source_registration_history.sql (29.75ms)
2026/10/07 15:38:41 OK   00012_config_registry_lifecycle.sql (32.24ms)
2026/10/07 15:38:41 OK   00013_audit_signed_segments.sql (58.35ms)
2026/10/07 15:38:41 OK   00014_audit_segment_predecessors.sql (9.43ms)
2026/10/07 15:38:41 OK   00015_source_schema_scope.sql (5.48ms)
2026/10/07 15:38:41 OK   00016_cluster_registration_metadata.sql (11.64ms)
2026/10/07 15:38:41 OK   00017_source_data_scope.sql (33.26ms)
2026/10/07 15:38:41 OK   00018_sp04_resources_evidence.sql (43.35ms)
2026/10/07 15:38:41 OK   00019_sp04_archive_ciphertext_bytes.sql (16.87ms)
2026/10/07 15:38:41 OK   00020_sp04_request_ledger.sql (9.83ms)
2026/10/07 15:38:41 OK   00021_sp04_archive_protection.sql (15.11ms)
2026/10/07 15:38:41 OK   00022_sp04_legal_hold_dependencies.sql (5.95ms)
2026/10/07 15:38:41 OK   00023_sp04_archive_query_intent.sql (8.15ms)
2026/10/07 15:38:41 OK   00024_sp05_finding_incident.sql (23.84ms)
2026/10/07 15:38:41 OK   00025_sp05_incident_event_time.sql (6.65ms)
2026/10/07 15:38:41 OK   00026_sp05_source_binding_lock.sql (8.46ms)
2026/10/07 15:38:41 OK   00027_sp05_rca_and_poll.sql (18.48ms)
2026/10/07 15:38:41 OK   00028_sp05_operator_lock.sql (4.8ms)
2026/10/07 15:38:41 OK   00029_sp05_evidence_links.sql (19.91ms)
2026/10/07 15:38:41 OK   00030_sp05_recipe_fence.sql (5.68ms)
2026/10/07 15:38:41 OK   00031_sp05_rca_postcheck.sql (4.01ms)
2026/10/07 15:38:41 OK   00032_sp05_transport_audit.sql (5.92ms)
2026/10/07 15:38:41 OK   00033_sp05_poll_resolution_clock.sql (18.76ms)
2026/10/07 15:38:41 OK   00034_sp06_investigation_ledger.sql (20.31ms)
2026/10/07 15:38:41 OK   00035_sp06_admission_data_classes.sql (6.92ms)
2026/10/07 15:38:41 goose: successfully migrated database to version: 35
2026/10/07 15:39:00 OK   00001_roles_and_schemas.sql (138.95ms)
2026/10/07 15:39:00 goose: successfully migrated database to version: 1
2026/10/07 15:39:00 OK   00002_platform_meta.sql (66.01ms)
2026/10/07 15:39:00 OK   00003_finding.sql (13.62ms)
2026/10/07 15:39:00 OK   00004_incident.sql (11.91ms)
2026/10/07 15:39:00 OK   00005_investigation.sql (11.38ms)
2026/10/07 15:39:00 OK   00006_action_command.sql (11.54ms)
2026/10/07 15:39:00 OK   00007_audit.sql (20.45ms)
2026/10/07 15:39:00 OK   00008_rls.sql (19.74ms)
2026/10/07 15:39:00 OK   00009_idempotency_ledger.sql (11.42ms)
2026/10/07 15:39:00 OK   00010_tenant_provisioning.sql (10.69ms)
2026/10/07 15:39:00 OK   00011_source_registration_history.sql (23.49ms)
2026/10/07 15:39:00 OK   00012_config_registry_lifecycle.sql (15.52ms)
2026/10/07 15:39:00 OK   00013_audit_signed_segments.sql (33.17ms)
2026/10/07 15:39:00 OK   00014_audit_segment_predecessors.sql (9.49ms)
2026/10/07 15:39:00 OK   00015_source_schema_scope.sql (3.22ms)
2026/10/07 15:39:00 OK   00016_cluster_registration_metadata.sql (4.66ms)
2026/10/07 15:39:00 OK   00017_source_data_scope.sql (11.29ms)
2026/10/07 15:39:00 OK   00018_sp04_resources_evidence.sql (28.17ms)
2026/10/07 15:39:00 OK   00019_sp04_archive_ciphertext_bytes.sql (3.33ms)
2026/10/07 15:39:00 OK   00020_sp04_request_ledger.sql (4.2ms)
2026/10/07 15:39:00 OK   00021_sp04_archive_protection.sql (3.48ms)
2026/10/07 15:39:00 OK   00022_sp04_legal_hold_dependencies.sql (3.52ms)
2026/10/07 15:39:00 OK   00023_sp04_archive_query_intent.sql (31.28ms)
2026/10/07 15:39:01 OK   00024_sp05_finding_incident.sql (49.03ms)
2026/10/07 15:39:01 OK   00025_sp05_incident_event_time.sql (6.37ms)
2026/10/07 15:39:01 OK   00026_sp05_source_binding_lock.sql (24.33ms)
2026/10/07 15:39:01 OK   00027_sp05_rca_and_poll.sql (13.95ms)
2026/10/07 15:39:01 OK   00028_sp05_operator_lock.sql (19.81ms)
2026/10/07 15:39:01 OK   00029_sp05_evidence_links.sql (23.73ms)
2026/10/07 15:39:01 OK   00030_sp05_recipe_fence.sql (3.59ms)
2026/10/07 15:39:01 OK   00031_sp05_rca_postcheck.sql (10.36ms)
2026/10/07 15:39:01 OK   00032_sp05_transport_audit.sql (23.25ms)
2026/10/07 15:39:01 OK   00033_sp05_poll_resolution_clock.sql (5.64ms)
2026/10/07 15:39:01 OK   00034_sp06_investigation_ledger.sql (51.75ms)
2026/10/07 15:39:01 OK   00035_sp06_admission_data_classes.sql (5.56ms)
2026/10/07 15:39:01 goose: successfully migrated database to version: 35
2026/10/07 15:39:05 OK   00001_roles_and_schemas.sql (56.48ms)
2026/10/07 15:39:05 goose: successfully migrated database to version: 1
2026/10/07 15:39:05 OK   00002_platform_meta.sql (80.56ms)
2026/10/07 15:39:05 OK   00003_finding.sql (30.72ms)
2026/10/07 15:39:05 OK   00004_incident.sql (8.43ms)
2026/10/07 15:39:05 OK   00005_investigation.sql (26.58ms)
2026/10/07 15:39:05 OK   00006_action_command.sql (10.41ms)
2026/10/07 15:39:05 OK   00007_audit.sql (21.16ms)
2026/10/07 15:39:05 OK   00008_rls.sql (13.1ms)
2026/10/07 15:39:06 OK   00009_idempotency_ledger.sql (21.09ms)
2026/10/07 15:39:06 OK   00010_tenant_provisioning.sql (10.77ms)
2026/10/07 15:39:06 OK   00011_source_registration_history.sql (19.4ms)
2026/10/07 15:39:06 OK   00012_config_registry_lifecycle.sql (14.53ms)
2026/10/07 15:39:06 OK   00013_audit_signed_segments.sql (40.61ms)
2026/10/07 15:39:06 OK   00014_audit_segment_predecessors.sql (12.15ms)
2026/10/07 15:39:06 OK   00015_source_schema_scope.sql (5.83ms)
2026/10/07 15:39:06 OK   00016_cluster_registration_metadata.sql (5.51ms)
2026/10/07 15:39:06 OK   00017_source_data_scope.sql (19.92ms)
2026/10/07 15:39:06 OK   00018_sp04_resources_evidence.sql (24.18ms)
2026/10/07 15:39:06 OK   00019_sp04_archive_ciphertext_bytes.sql (2.92ms)
2026/10/07 15:39:06 OK   00020_sp04_request_ledger.sql (37.29ms)
2026/10/07 15:39:06 OK   00021_sp04_archive_protection.sql (3.19ms)
2026/10/07 15:39:06 OK   00022_sp04_legal_hold_dependencies.sql (3.81ms)
2026/10/07 15:39:06 OK   00023_sp04_archive_query_intent.sql (2.36ms)
2026/10/07 15:39:06 OK   00024_sp05_finding_incident.sql (50.47ms)
2026/10/07 15:39:06 OK   00025_sp05_incident_event_time.sql (3.15ms)
2026/10/07 15:39:06 OK   00026_sp05_source_binding_lock.sql (38.74ms)
2026/10/07 15:39:06 OK   00027_sp05_rca_and_poll.sql (49.77ms)
2026/10/07 15:39:06 OK   00028_sp05_operator_lock.sql (4.45ms)
2026/10/07 15:39:06 OK   00029_sp05_evidence_links.sql (20.21ms)
2026/10/07 15:39:06 OK   00030_sp05_recipe_fence.sql (15.91ms)
2026/10/07 15:39:06 OK   00031_sp05_rca_postcheck.sql (6.64ms)
2026/10/07 15:39:06 OK   00032_sp05_transport_audit.sql (3.7ms)
2026/10/07 15:39:06 OK   00033_sp05_poll_resolution_clock.sql (4.91ms)
2026/10/07 15:39:06 OK   00034_sp06_investigation_ledger.sql (38.09ms)
2026/10/07 15:39:06 OK   00035_sp06_admission_data_classes.sql (5.72ms)
2026/10/07 15:39:06 goose: successfully migrated database to version: 35
2026/10/07 15:39:07 OK   00001_roles_and_schemas.sql (18.65ms)
2026/10/07 15:39:07 goose: successfully migrated database to version: 1
2026/10/07 15:39:07 OK   00002_platform_meta.sql (28.04ms)
2026/10/07 15:39:07 OK   00003_finding.sql (18.33ms)
2026/10/07 15:39:07 OK   00004_incident.sql (5.8ms)
2026/10/07 15:39:07 OK   00005_investigation.sql (7.31ms)
2026/10/07 15:39:07 OK   00006_action_command.sql (10.55ms)
2026/10/07 15:39:07 OK   00007_audit.sql (28.24ms)
2026/10/07 15:39:07 OK   00008_rls.sql (14.75ms)
2026/10/07 15:39:07 OK   00009_idempotency_ledger.sql (26.42ms)
2026/10/07 15:39:07 OK   00010_tenant_provisioning.sql (6.65ms)
2026/10/07 15:39:07 OK   00011_source_registration_history.sql (39.54ms)
2026/10/07 15:39:07 OK   00012_config_registry_lifecycle.sql (25.71ms)
2026/10/07 15:39:07 OK   00013_audit_signed_segments.sql (56.32ms)
2026/10/07 15:39:07 OK   00014_audit_segment_predecessors.sql (6.65ms)
2026/10/07 15:39:07 OK   00015_source_schema_scope.sql (2.72ms)
2026/10/07 15:39:07 OK   00016_cluster_registration_metadata.sql (3.41ms)
2026/10/07 15:39:07 OK   00017_source_data_scope.sql (2.85ms)
2026/10/07 15:39:07 OK   00018_sp04_resources_evidence.sql (30.25ms)
2026/10/07 15:39:07 OK   00019_sp04_archive_ciphertext_bytes.sql (13.03ms)
2026/10/07 15:39:07 OK   00020_sp04_request_ledger.sql (4.7ms)
2026/10/07 15:39:07 OK   00021_sp04_archive_protection.sql (4.4ms)
2026/10/07 15:39:07 OK   00022_sp04_legal_hold_dependencies.sql (4.57ms)
2026/10/07 15:39:07 OK   00023_sp04_archive_query_intent.sql (5.95ms)
2026/10/07 15:39:07 OK   00024_sp05_finding_incident.sql (30.75ms)
2026/10/07 15:39:07 OK   00025_sp05_incident_event_time.sql (2.41ms)
2026/10/07 15:39:07 OK   00026_sp05_source_binding_lock.sql (22.6ms)
2026/10/07 15:39:07 OK   00027_sp05_rca_and_poll.sql (21.79ms)
2026/10/07 15:39:07 OK   00028_sp05_operator_lock.sql (3.74ms)
2026/10/07 15:39:07 OK   00029_sp05_evidence_links.sql (12.51ms)
2026/10/07 15:39:07 OK   00030_sp05_recipe_fence.sql (22.12ms)
2026/10/07 15:39:07 OK   00031_sp05_rca_postcheck.sql (2.86ms)
2026/10/07 15:39:07 OK   00032_sp05_transport_audit.sql (2.65ms)
2026/10/07 15:39:07 OK   00033_sp05_poll_resolution_clock.sql (8.34ms)
2026/10/07 15:39:07 OK   00034_sp06_investigation_ledger.sql (41.89ms)
2026/10/07 15:39:07 OK   00035_sp06_admission_data_classes.sql (5.23ms)
2026/10/07 15:39:07 goose: successfully migrated database to version: 35
2026/10/07 15:39:08 OK   00001_roles_and_schemas.sql (26.92ms)
2026/10/07 15:39:08 goose: successfully migrated database to version: 1
2026/10/07 15:39:08 OK   00002_platform_meta.sql (46.14ms)
2026/10/07 15:39:08 OK   00003_finding.sql (31.06ms)
2026/10/07 15:39:08 OK   00004_incident.sql (18.68ms)
2026/10/07 15:39:08 OK   00005_investigation.sql (10.2ms)
2026/10/07 15:39:08 OK   00006_action_command.sql (17.52ms)
2026/10/07 15:39:08 OK   00007_audit.sql (32.9ms)
2026/10/07 15:39:08 OK   00008_rls.sql (16.89ms)
2026/10/07 15:39:08 OK   00009_idempotency_ledger.sql (12.9ms)
2026/10/07 15:39:08 OK   00010_tenant_provisioning.sql (14.79ms)
2026/10/07 15:39:08 OK   00011_source_registration_history.sql (24.01ms)
2026/10/07 15:39:08 OK   00012_config_registry_lifecycle.sql (12.13ms)
2026/10/07 15:39:08 OK   00013_audit_signed_segments.sql (16.43ms)
2026/10/07 15:39:08 OK   00014_audit_segment_predecessors.sql (8.12ms)
2026/10/07 15:39:08 OK   00015_source_schema_scope.sql (3.57ms)
2026/10/07 15:39:08 OK   00016_cluster_registration_metadata.sql (4.15ms)
2026/10/07 15:39:08 OK   00017_source_data_scope.sql (6.33ms)
2026/10/07 15:39:08 OK   00018_sp04_resources_evidence.sql (15.56ms)
2026/10/07 15:39:08 OK   00019_sp04_archive_ciphertext_bytes.sql (2.33ms)
2026/10/07 15:39:08 OK   00020_sp04_request_ledger.sql (5.42ms)
2026/10/07 15:39:08 OK   00021_sp04_archive_protection.sql (5.27ms)
2026/10/07 15:39:08 OK   00022_sp04_legal_hold_dependencies.sql (3.71ms)
2026/10/07 15:39:08 OK   00023_sp04_archive_query_intent.sql (5.32ms)
2026/10/07 15:39:08 OK   00024_sp05_finding_incident.sql (31.7ms)
2026/10/07 15:39:08 OK   00025_sp05_incident_event_time.sql (4.48ms)
2026/10/07 15:39:08 OK   00026_sp05_source_binding_lock.sql (5.91ms)
2026/10/07 15:39:08 OK   00027_sp05_rca_and_poll.sql (11.14ms)
2026/10/07 15:39:08 OK   00028_sp05_operator_lock.sql (7.74ms)
2026/10/07 15:39:08 OK   00029_sp05_evidence_links.sql (6.44ms)
2026/10/07 15:39:08 OK   00030_sp05_recipe_fence.sql (2.6ms)
2026/10/07 15:39:08 OK   00031_sp05_rca_postcheck.sql (2.3ms)
2026/10/07 15:39:08 OK   00032_sp05_transport_audit.sql (3.4ms)
2026/10/07 15:39:08 OK   00033_sp05_poll_resolution_clock.sql (9.95ms)
2026/10/07 15:39:08 OK   00034_sp06_investigation_ledger.sql (43.4ms)
2026/10/07 15:39:08 OK   00035_sp06_admission_data_classes.sql (2.94ms)
2026/10/07 15:39:08 goose: successfully migrated database to version: 35
2026/10/07 15:39:28 OK   00001_roles_and_schemas.sql (21.86ms)
2026/10/07 15:39:28 goose: successfully migrated database to version: 1
2026/10/07 15:39:28 OK   00002_platform_meta.sql (43.46ms)
2026/10/07 15:39:28 OK   00003_finding.sql (15.1ms)
2026/10/07 15:39:28 OK   00004_incident.sql (8.86ms)
2026/10/07 15:39:28 OK   00005_investigation.sql (15.83ms)
2026/10/07 15:39:28 OK   00006_action_command.sql (18.66ms)
2026/10/07 15:39:28 OK   00007_audit.sql (18.43ms)
2026/10/07 15:39:28 OK   00008_rls.sql (19.44ms)
2026/10/07 15:39:28 OK   00009_idempotency_ledger.sql (14.64ms)
2026/10/07 15:39:28 OK   00010_tenant_provisioning.sql (9.31ms)
2026/10/07 15:39:28 OK   00011_source_registration_history.sql (11.38ms)
2026/10/07 15:39:28 OK   00012_config_registry_lifecycle.sql (25.92ms)
2026/10/07 15:39:28 OK   00013_audit_signed_segments.sql (29.64ms)
2026/10/07 15:39:28 OK   00014_audit_segment_predecessors.sql (8.12ms)
2026/10/07 15:39:28 OK   00015_source_schema_scope.sql (3.82ms)
2026/10/07 15:39:28 OK   00016_cluster_registration_metadata.sql (4.41ms)
2026/10/07 15:39:28 OK   00017_source_data_scope.sql (3.59ms)
2026/10/07 15:39:28 OK   00018_sp04_resources_evidence.sql (27.31ms)
2026/10/07 15:39:28 OK   00019_sp04_archive_ciphertext_bytes.sql (19.1ms)
2026/10/07 15:39:28 OK   00020_sp04_request_ledger.sql (11.69ms)
2026/10/07 15:39:28 OK   00021_sp04_archive_protection.sql (13.04ms)
2026/10/07 15:39:28 OK   00022_sp04_legal_hold_dependencies.sql (7.82ms)
2026/10/07 15:39:28 OK   00023_sp04_archive_query_intent.sql (6.82ms)
2026/10/07 15:39:28 OK   00024_sp05_finding_incident.sql (38.67ms)
2026/10/07 15:39:28 OK   00025_sp05_incident_event_time.sql (16.57ms)
2026/10/07 15:39:28 OK   00026_sp05_source_binding_lock.sql (7.68ms)
2026/10/07 15:39:28 OK   00027_sp05_rca_and_poll.sql (25.54ms)
2026/10/07 15:39:28 OK   00028_sp05_operator_lock.sql (15.36ms)
2026/10/07 15:39:28 OK   00029_sp05_evidence_links.sql (23.68ms)
2026/10/07 15:39:28 OK   00030_sp05_recipe_fence.sql (3.71ms)
2026/10/07 15:39:28 OK   00031_sp05_rca_postcheck.sql (8.01ms)
2026/10/07 15:39:28 OK   00032_sp05_transport_audit.sql (16.35ms)
2026/10/07 15:39:28 OK   00033_sp05_poll_resolution_clock.sql (9.03ms)
2026/10/07 15:39:28 OK   00034_sp06_investigation_ledger.sql (57.01ms)
2026/10/07 15:39:28 OK   00035_sp06_admission_data_classes.sql (14ms)
2026/10/07 15:39:28 goose: successfully migrated database to version: 35
2026/10/07 15:39:46 OK   00001_roles_and_schemas.sql (20.62ms)
2026/10/07 15:39:46 goose: successfully migrated database to version: 1
2026/10/07 15:39:46 OK   00002_platform_meta.sql (48.45ms)
2026/10/07 15:39:46 OK   00003_finding.sql (18.17ms)
2026/10/07 15:39:46 OK   00004_incident.sql (7.91ms)
2026/10/07 15:39:46 OK   00005_investigation.sql (24.46ms)
2026/10/07 15:39:46 OK   00006_action_command.sql (6.67ms)
2026/10/07 15:39:46 OK   00007_audit.sql (40.49ms)
2026/10/07 15:39:46 OK   00008_rls.sql (18.66ms)
2026/10/07 15:39:46 OK   00009_idempotency_ledger.sql (33.03ms)
2026/10/07 15:39:46 OK   00010_tenant_provisioning.sql (7.25ms)
2026/10/07 15:39:46 OK   00011_source_registration_history.sql (15.25ms)
2026/10/07 15:39:46 OK   00012_config_registry_lifecycle.sql (13.6ms)
2026/10/07 15:39:46 OK   00013_audit_signed_segments.sql (38.81ms)
2026/10/07 15:39:46 OK   00014_audit_segment_predecessors.sql (11.03ms)
2026/10/07 15:39:46 OK   00015_source_schema_scope.sql (5.44ms)
2026/10/07 15:39:46 OK   00016_cluster_registration_metadata.sql (5.45ms)
2026/10/07 15:39:46 OK   00017_source_data_scope.sql (9.18ms)
2026/10/07 15:39:46 OK   00018_sp04_resources_evidence.sql (37.72ms)
2026/10/07 15:39:46 OK   00019_sp04_archive_ciphertext_bytes.sql (4.64ms)
2026/10/07 15:39:46 OK   00020_sp04_request_ledger.sql (9.65ms)
2026/10/07 15:39:46 OK   00021_sp04_archive_protection.sql (15.46ms)
2026/10/07 15:39:46 OK   00022_sp04_legal_hold_dependencies.sql (7.95ms)
2026/10/07 15:39:46 OK   00023_sp04_archive_query_intent.sql (5.12ms)
2026/10/07 15:39:46 OK   00024_sp05_finding_incident.sql (23.27ms)
2026/10/07 15:39:46 OK   00025_sp05_incident_event_time.sql (4.22ms)
2026/10/07 15:39:46 OK   00026_sp05_source_binding_lock.sql (7.14ms)
2026/10/07 15:39:46 OK   00027_sp05_rca_and_poll.sql (33.85ms)
2026/10/07 15:39:46 OK   00028_sp05_operator_lock.sql (6.25ms)
2026/10/07 15:39:46 OK   00029_sp05_evidence_links.sql (10.87ms)
2026/10/07 15:39:46 OK   00030_sp05_recipe_fence.sql (5.7ms)
2026/10/07 15:39:46 OK   00031_sp05_rca_postcheck.sql (12.57ms)
2026/10/07 15:39:46 OK   00032_sp05_transport_audit.sql (11.98ms)
2026/10/07 15:39:46 OK   00033_sp05_poll_resolution_clock.sql (9.43ms)
2026/10/07 15:39:47 OK   00034_sp06_investigation_ledger.sql (41.6ms)
2026/10/07 15:39:47 OK   00035_sp06_admission_data_classes.sql (10.08ms)
2026/10/07 15:39:47 goose: successfully migrated database to version: 35
2026/10/07 15:40:06 OK   00001_roles_and_schemas.sql (25.34ms)
2026/10/07 15:40:06 goose: successfully migrated database to version: 1
2026/10/07 15:40:06 OK   00002_platform_meta.sql (53.13ms)
2026/10/07 15:40:06 OK   00003_finding.sql (77.6ms)
2026/10/07 15:40:06 OK   00004_incident.sql (49.15ms)
2026/10/07 15:40:06 OK   00005_investigation.sql (80.18ms)
2026/10/07 15:40:06 OK   00006_action_command.sql (38.77ms)
2026/10/07 15:40:06 OK   00007_audit.sql (32.51ms)
2026/10/07 15:40:06 OK   00008_rls.sql (21.2ms)
2026/10/07 15:40:06 OK   00009_idempotency_ledger.sql (26.02ms)
2026/10/07 15:40:06 OK   00010_tenant_provisioning.sql (10.46ms)
2026/10/07 15:40:06 OK   00011_source_registration_history.sql (16.77ms)
2026/10/07 15:40:06 OK   00012_config_registry_lifecycle.sql (34.21ms)
2026/10/07 15:40:06 OK   00013_audit_signed_segments.sql (29.93ms)
2026/10/07 15:40:06 OK   00014_audit_segment_predecessors.sql (16.24ms)
2026/10/07 15:40:06 OK   00015_source_schema_scope.sql (30.86ms)
2026/10/07 15:40:06 OK   00016_cluster_registration_metadata.sql (24.85ms)
2026/10/07 15:40:06 OK   00017_source_data_scope.sql (7.43ms)
2026/10/07 15:40:07 OK   00018_sp04_resources_evidence.sql (60.06ms)
2026/10/07 15:40:07 OK   00019_sp04_archive_ciphertext_bytes.sql (7.72ms)
2026/10/07 15:40:07 OK   00020_sp04_request_ledger.sql (6.46ms)
2026/10/07 15:40:07 OK   00021_sp04_archive_protection.sql (5.15ms)
2026/10/07 15:40:07 OK   00022_sp04_legal_hold_dependencies.sql (7.75ms)
2026/10/07 15:40:07 OK   00023_sp04_archive_query_intent.sql (7.46ms)
2026/10/07 15:40:07 OK   00024_sp05_finding_incident.sql (46.9ms)
2026/10/07 15:40:07 OK   00025_sp05_incident_event_time.sql (3.13ms)
2026/10/07 15:40:07 OK   00026_sp05_source_binding_lock.sql (3.24ms)
2026/10/07 15:40:07 OK   00027_sp05_rca_and_poll.sql (28.28ms)
2026/10/07 15:40:07 OK   00028_sp05_operator_lock.sql (25.96ms)
2026/10/07 15:40:07 OK   00029_sp05_evidence_links.sql (8.07ms)
2026/10/07 15:40:07 OK   00030_sp05_recipe_fence.sql (3.66ms)
2026/10/07 15:40:07 OK   00031_sp05_rca_postcheck.sql (7.49ms)
2026/10/07 15:40:07 OK   00032_sp05_transport_audit.sql (21.09ms)
2026/10/07 15:40:07 OK   00033_sp05_poll_resolution_clock.sql (29.34ms)
2026/10/07 15:40:07 OK   00034_sp06_investigation_ledger.sql (67.53ms)
2026/10/07 15:40:07 OK   00035_sp06_admission_data_classes.sql (6.34ms)
2026/10/07 15:40:07 goose: successfully migrated database to version: 35
2026/10/07 15:40:26 OK   00001_roles_and_schemas.sql (18.62ms)
2026/10/07 15:40:26 goose: successfully migrated database to version: 1
2026/10/07 15:40:26 OK   00002_platform_meta.sql (61.5ms)
2026/10/07 15:40:26 OK   00003_finding.sql (17.13ms)
2026/10/07 15:40:26 OK   00004_incident.sql (39.3ms)
2026/10/07 15:40:26 OK   00005_investigation.sql (27.34ms)
2026/10/07 15:40:26 OK   00006_action_command.sql (24.57ms)
2026/10/07 15:40:26 OK   00007_audit.sql (38.13ms)
2026/10/07 15:40:26 OK   00008_rls.sql (33.67ms)
2026/10/07 15:40:26 OK   00009_idempotency_ledger.sql (29.07ms)
2026/10/07 15:40:26 OK   00010_tenant_provisioning.sql (6.02ms)
2026/10/07 15:40:26 OK   00011_source_registration_history.sql (8.63ms)
2026/10/07 15:40:26 OK   00012_config_registry_lifecycle.sql (49.27ms)
2026/10/07 15:40:26 OK   00013_audit_signed_segments.sql (72.92ms)
2026/10/07 15:40:26 OK   00014_audit_segment_predecessors.sql (22.6ms)
2026/10/07 15:40:26 OK   00015_source_schema_scope.sql (21.82ms)
2026/10/07 15:40:26 OK   00016_cluster_registration_metadata.sql (22.14ms)
2026/10/07 15:40:26 OK   00017_source_data_scope.sql (5.37ms)
2026/10/07 15:40:26 OK   00018_sp04_resources_evidence.sql (42.77ms)
2026/10/07 15:40:26 OK   00019_sp04_archive_ciphertext_bytes.sql (11.5ms)
2026/10/07 15:40:26 OK   00020_sp04_request_ledger.sql (10.46ms)
2026/10/07 15:40:26 OK   00021_sp04_archive_protection.sql (48.89ms)
2026/10/07 15:40:26 OK   00022_sp04_legal_hold_dependencies.sql (6.97ms)
2026/10/07 15:40:26 OK   00023_sp04_archive_query_intent.sql (4.32ms)
2026/10/07 15:40:26 OK   00024_sp05_finding_incident.sql (62.92ms)
2026/10/07 15:40:26 OK   00025_sp05_incident_event_time.sql (3.23ms)
2026/10/07 15:40:26 OK   00026_sp05_source_binding_lock.sql (3.4ms)
2026/10/07 15:40:26 OK   00027_sp05_rca_and_poll.sql (56.96ms)
2026/10/07 15:40:26 OK   00028_sp05_operator_lock.sql (4.73ms)
2026/10/07 15:40:27 OK   00029_sp05_evidence_links.sql (20.13ms)
2026/10/07 15:40:27 OK   00030_sp05_recipe_fence.sql (8.01ms)
2026/10/07 15:40:27 OK   00031_sp05_rca_postcheck.sql (14.64ms)
2026/10/07 15:40:27 OK   00032_sp05_transport_audit.sql (18.61ms)
2026/10/07 15:40:27 OK   00033_sp05_poll_resolution_clock.sql (6.26ms)
2026/10/07 15:40:27 OK   00034_sp06_investigation_ledger.sql (55.95ms)
2026/10/07 15:40:27 OK   00035_sp06_admission_data_classes.sql (5.48ms)
2026/10/07 15:40:27 goose: successfully migrated database to version: 35
2026/10/07 15:40:45 OK   00001_roles_and_schemas.sql (44.72ms)
2026/10/07 15:40:45 goose: successfully migrated database to version: 1
2026/10/07 15:40:45 OK   00002_platform_meta.sql (63.41ms)
2026/10/07 15:40:45 OK   00003_finding.sql (11.49ms)
2026/10/07 15:40:45 OK   00004_incident.sql (21.89ms)
2026/10/07 15:40:45 OK   00005_investigation.sql (17.27ms)
2026/10/07 15:40:45 OK   00006_action_command.sql (15.63ms)
2026/10/07 15:40:45 OK   00007_audit.sql (19.45ms)
2026/10/07 15:40:45 OK   00008_rls.sql (45.04ms)
2026/10/07 15:40:45 OK   00009_idempotency_ledger.sql (8.51ms)
2026/10/07 15:40:45 OK   00010_tenant_provisioning.sql (6.14ms)
2026/10/07 15:40:45 OK   00011_source_registration_history.sql (18.4ms)
2026/10/07 15:40:45 OK   00012_config_registry_lifecycle.sql (26.96ms)
2026/10/07 15:40:45 OK   00013_audit_signed_segments.sql (28.02ms)
2026/10/07 15:40:45 OK   00014_audit_segment_predecessors.sql (19.92ms)
2026/10/07 15:40:45 OK   00015_source_schema_scope.sql (22.82ms)
2026/10/07 15:40:45 OK   00016_cluster_registration_metadata.sql (6.78ms)
2026/10/07 15:40:45 OK   00017_source_data_scope.sql (6.78ms)
2026/10/07 15:40:45 OK   00018_sp04_resources_evidence.sql (50.15ms)
2026/10/07 15:40:45 OK   00019_sp04_archive_ciphertext_bytes.sql (12.69ms)
2026/10/07 15:40:45 OK   00020_sp04_request_ledger.sql (6.57ms)
2026/10/07 15:40:45 OK   00021_sp04_archive_protection.sql (6.03ms)
2026/10/07 15:40:45 OK   00022_sp04_legal_hold_dependencies.sql (15.61ms)
2026/10/07 15:40:45 OK   00023_sp04_archive_query_intent.sql (14.1ms)
2026/10/07 15:40:45 OK   00024_sp05_finding_incident.sql (50.66ms)
2026/10/07 15:40:45 OK   00025_sp05_incident_event_time.sql (32.88ms)
2026/10/07 15:40:45 OK   00026_sp05_source_binding_lock.sql (4.89ms)
2026/10/07 15:40:45 OK   00027_sp05_rca_and_poll.sql (34.45ms)
2026/10/07 15:40:45 OK   00028_sp05_operator_lock.sql (42.26ms)
2026/10/07 15:40:46 OK   00029_sp05_evidence_links.sql (29.69ms)
2026/10/07 15:40:46 OK   00030_sp05_recipe_fence.sql (8.17ms)
2026/10/07 15:40:46 OK   00031_sp05_rca_postcheck.sql (5.72ms)
2026/10/07 15:40:46 OK   00032_sp05_transport_audit.sql (11.07ms)
2026/10/07 15:40:46 OK   00033_sp05_poll_resolution_clock.sql (10.76ms)
2026/10/07 15:40:46 OK   00034_sp06_investigation_ledger.sql (34.14ms)
2026/10/07 15:40:46 OK   00035_sp06_admission_data_classes.sql (7.04ms)
2026/10/07 15:40:46 goose: successfully migrated database to version: 35
2026/10/07 15:41:05 OK   00001_roles_and_schemas.sql (53.19ms)
2026/10/07 15:41:05 goose: successfully migrated database to version: 1
2026/10/07 15:41:05 OK   00002_platform_meta.sql (51.05ms)
2026/10/07 15:41:05 OK   00003_finding.sql (9ms)
2026/10/07 15:41:05 OK   00004_incident.sql (21.08ms)
2026/10/07 15:41:05 OK   00005_investigation.sql (21.03ms)
2026/10/07 15:41:05 OK   00006_action_command.sql (15.37ms)
2026/10/07 15:41:05 OK   00007_audit.sql (9.92ms)
2026/10/07 15:41:06 OK   00008_rls.sql (50.74ms)
2026/10/07 15:41:06 OK   00009_idempotency_ledger.sql (24.93ms)
2026/10/07 15:41:06 OK   00010_tenant_provisioning.sql (30.89ms)
2026/10/07 15:41:06 OK   00011_source_registration_history.sql (19.44ms)
2026/10/07 15:41:06 OK   00012_config_registry_lifecycle.sql (35.66ms)
2026/10/07 15:41:06 OK   00013_audit_signed_segments.sql (36.75ms)
2026/10/07 15:41:06 OK   00014_audit_segment_predecessors.sql (21.88ms)
2026/10/07 15:41:06 OK   00015_source_schema_scope.sql (3.75ms)
2026/10/07 15:41:06 OK   00016_cluster_registration_metadata.sql (8.07ms)
2026/10/07 15:41:06 OK   00017_source_data_scope.sql (8.03ms)
2026/10/07 15:41:06 OK   00018_sp04_resources_evidence.sql (38.97ms)
2026/10/07 15:41:06 OK   00019_sp04_archive_ciphertext_bytes.sql (4.03ms)
2026/10/07 15:41:06 OK   00020_sp04_request_ledger.sql (13.53ms)
2026/10/07 15:41:06 OK   00021_sp04_archive_protection.sql (10.9ms)
2026/10/07 15:41:06 OK   00022_sp04_legal_hold_dependencies.sql (28.53ms)
2026/10/07 15:41:06 OK   00023_sp04_archive_query_intent.sql (4.13ms)
2026/10/07 15:41:06 OK   00024_sp05_finding_incident.sql (50.51ms)
2026/10/07 15:41:06 OK   00025_sp05_incident_event_time.sql (11.09ms)
2026/10/07 15:41:06 OK   00026_sp05_source_binding_lock.sql (4.36ms)
2026/10/07 15:41:06 OK   00027_sp05_rca_and_poll.sql (61.71ms)
2026/10/07 15:41:06 OK   00028_sp05_operator_lock.sql (4.84ms)
2026/10/07 15:41:06 OK   00029_sp05_evidence_links.sql (48.99ms)
2026/10/07 15:41:06 OK   00030_sp05_recipe_fence.sql (5.71ms)
2026/10/07 15:41:06 OK   00031_sp05_rca_postcheck.sql (40.46ms)
2026/10/07 15:41:06 OK   00032_sp05_transport_audit.sql (9.31ms)
2026/10/07 15:41:06 OK   00033_sp05_poll_resolution_clock.sql (8.84ms)
2026/10/07 15:41:06 OK   00034_sp06_investigation_ledger.sql (51.62ms)
2026/10/07 15:41:06 OK   00035_sp06_admission_data_classes.sql (5.03ms)
2026/10/07 15:41:06 goose: successfully migrated database to version: 35
2026/10/07 15:41:24 OK   00001_roles_and_schemas.sql (23.76ms)
2026/10/07 15:41:24 goose: successfully migrated database to version: 1
2026/10/07 15:41:24 OK   00002_platform_meta.sql (24.81ms)
2026/10/07 15:41:24 OK   00003_finding.sql (49.84ms)
2026/10/07 15:41:24 OK   00004_incident.sql (7.24ms)
2026/10/07 15:41:24 OK   00005_investigation.sql (57.52ms)
2026/10/07 15:41:24 OK   00006_action_command.sql (14.56ms)
2026/10/07 15:41:24 OK   00007_audit.sql (41.6ms)
2026/10/07 15:41:24 OK   00008_rls.sql (11.76ms)
2026/10/07 15:41:24 OK   00009_idempotency_ledger.sql (13.53ms)
2026/10/07 15:41:24 OK   00010_tenant_provisioning.sql (38.71ms)
2026/10/07 15:41:25 OK   00011_source_registration_history.sql (38.6ms)
2026/10/07 15:41:25 OK   00012_config_registry_lifecycle.sql (28.53ms)
2026/10/07 15:41:25 OK   00013_audit_signed_segments.sql (17.24ms)
2026/10/07 15:41:25 OK   00014_audit_segment_predecessors.sql (12.36ms)
2026/10/07 15:41:25 OK   00015_source_schema_scope.sql (38.56ms)
2026/10/07 15:41:25 OK   00016_cluster_registration_metadata.sql (4.73ms)
2026/10/07 15:41:25 OK   00017_source_data_scope.sql (4.99ms)
2026/10/07 15:41:25 OK   00018_sp04_resources_evidence.sql (54.7ms)
2026/10/07 15:41:25 OK   00019_sp04_archive_ciphertext_bytes.sql (3.74ms)
2026/10/07 15:41:25 OK   00020_sp04_request_ledger.sql (7.69ms)
2026/10/07 15:41:25 OK   00021_sp04_archive_protection.sql (45.62ms)
2026/10/07 15:41:25 OK   00022_sp04_legal_hold_dependencies.sql (7.62ms)
2026/10/07 15:41:25 OK   00023_sp04_archive_query_intent.sql (3.47ms)
2026/10/07 15:41:25 OK   00024_sp05_finding_incident.sql (131.29ms)
2026/10/07 15:41:25 OK   00025_sp05_incident_event_time.sql (3.9ms)
2026/10/07 15:41:25 OK   00026_sp05_source_binding_lock.sql (5.66ms)
2026/10/07 15:41:25 OK   00027_sp05_rca_and_poll.sql (9.37ms)
2026/10/07 15:41:25 OK   00028_sp05_operator_lock.sql (25.46ms)
2026/10/07 15:41:25 OK   00029_sp05_evidence_links.sql (28.58ms)
2026/10/07 15:41:25 OK   00030_sp05_recipe_fence.sql (5.09ms)
2026/10/07 15:41:25 OK   00031_sp05_rca_postcheck.sql (2.94ms)
2026/10/07 15:41:25 OK   00032_sp05_transport_audit.sql (3.57ms)
2026/10/07 15:41:25 OK   00033_sp05_poll_resolution_clock.sql (5.45ms)
2026/10/07 15:41:25 OK   00034_sp06_investigation_ledger.sql (56.93ms)
2026/10/07 15:41:25 OK   00035_sp06_admission_data_classes.sql (4.4ms)
2026/10/07 15:41:25 goose: successfully migrated database to version: 35
2026/10/07 15:41:43 OK   00001_roles_and_schemas.sql (27.12ms)
2026/10/07 15:41:43 goose: successfully migrated database to version: 1
2026/10/07 15:41:43 OK   00002_platform_meta.sql (104.14ms)
2026/10/07 15:41:43 OK   00003_finding.sql (17.67ms)
2026/10/07 15:41:43 OK   00004_incident.sql (11.29ms)
2026/10/07 15:41:43 OK   00005_investigation.sql (19.17ms)
2026/10/07 15:41:43 OK   00006_action_command.sql (29.57ms)
2026/10/07 15:41:43 OK   00007_audit.sql (58.11ms)
2026/10/07 15:41:44 OK   00008_rls.sql (14.11ms)
2026/10/07 15:41:44 OK   00009_idempotency_ledger.sql (19.12ms)
2026/10/07 15:41:44 OK   00010_tenant_provisioning.sql (22.04ms)
2026/10/07 15:41:44 OK   00011_source_registration_history.sql (7.42ms)
2026/10/07 15:41:44 OK   00012_config_registry_lifecycle.sql (15.26ms)
2026/10/07 15:41:44 OK   00013_audit_signed_segments.sql (32.97ms)
2026/10/07 15:41:44 OK   00014_audit_segment_predecessors.sql (16.5ms)
2026/10/07 15:41:44 OK   00015_source_schema_scope.sql (15.7ms)
2026/10/07 15:41:44 OK   00016_cluster_registration_metadata.sql (19.62ms)
2026/10/07 15:41:44 OK   00017_source_data_scope.sql (9ms)
2026/10/07 15:41:44 OK   00018_sp04_resources_evidence.sql (25.56ms)
2026/10/07 15:41:44 OK   00019_sp04_archive_ciphertext_bytes.sql (4.26ms)
2026/10/07 15:41:44 OK   00020_sp04_request_ledger.sql (8.04ms)
2026/10/07 15:41:44 OK   00021_sp04_archive_protection.sql (15.21ms)
2026/10/07 15:41:44 OK   00022_sp04_legal_hold_dependencies.sql (8.02ms)
2026/10/07 15:41:44 OK   00023_sp04_archive_query_intent.sql (8.52ms)
2026/10/07 15:41:44 OK   00024_sp05_finding_incident.sql (63.93ms)
2026/10/07 15:41:44 OK   00025_sp05_incident_event_time.sql (4.17ms)
2026/10/07 15:41:44 OK   00026_sp05_source_binding_lock.sql (47.19ms)
2026/10/07 15:41:44 OK   00027_sp05_rca_and_poll.sql (32.71ms)
2026/10/07 15:41:44 OK   00028_sp05_operator_lock.sql (13.02ms)
2026/10/07 15:41:44 OK   00029_sp05_evidence_links.sql (19.1ms)
2026/10/07 15:41:44 OK   00030_sp05_recipe_fence.sql (6.12ms)
2026/10/07 15:41:44 OK   00031_sp05_rca_postcheck.sql (42.02ms)
2026/10/07 15:41:44 OK   00032_sp05_transport_audit.sql (3.11ms)
2026/10/07 15:41:44 OK   00033_sp05_poll_resolution_clock.sql (3.66ms)
2026/10/07 15:41:44 OK   00034_sp06_investigation_ledger.sql (64.54ms)
2026/10/07 15:41:44 OK   00035_sp06_admission_data_classes.sql (52.3ms)
2026/10/07 15:41:44 goose: successfully migrated database to version: 35
2026/10/07 15:42:05 OK   00001_roles_and_schemas.sql (18.86ms)
2026/10/07 15:42:05 goose: successfully migrated database to version: 1
2026/10/07 15:42:06 OK   00002_platform_meta.sql (35.12ms)
2026/10/07 15:42:06 OK   00003_finding.sql (22.79ms)
2026/10/07 15:42:06 OK   00004_incident.sql (6.54ms)
2026/10/07 15:42:06 OK   00005_investigation.sql (21.04ms)
2026/10/07 15:42:06 OK   00006_action_command.sql (29.79ms)
2026/10/07 15:42:06 OK   00007_audit.sql (11.59ms)
2026/10/07 15:42:06 OK   00008_rls.sql (21.39ms)
2026/10/07 15:42:06 OK   00009_idempotency_ledger.sql (19.44ms)
2026/10/07 15:42:06 OK   00010_tenant_provisioning.sql (5.87ms)
2026/10/07 15:42:06 OK   00011_source_registration_history.sql (29.4ms)
2026/10/07 15:42:06 OK   00012_config_registry_lifecycle.sql (19.57ms)
2026/10/07 15:42:06 OK   00013_audit_signed_segments.sql (21.16ms)
2026/10/07 15:42:06 OK   00014_audit_segment_predecessors.sql (16.36ms)
2026/10/07 15:42:06 OK   00015_source_schema_scope.sql (3.96ms)
2026/10/07 15:42:06 OK   00016_cluster_registration_metadata.sql (8.16ms)
2026/10/07 15:42:06 OK   00017_source_data_scope.sql (4.62ms)
2026/10/07 15:42:06 OK   00018_sp04_resources_evidence.sql (29.81ms)
2026/10/07 15:42:06 OK   00019_sp04_archive_ciphertext_bytes.sql (4.82ms)
2026/10/07 15:42:06 OK   00020_sp04_request_ledger.sql (13.16ms)
2026/10/07 15:42:06 OK   00021_sp04_archive_protection.sql (3.91ms)
2026/10/07 15:42:06 OK   00022_sp04_legal_hold_dependencies.sql (2.7ms)
2026/10/07 15:42:06 OK   00023_sp04_archive_query_intent.sql (3.53ms)
2026/10/07 15:42:06 OK   00024_sp05_finding_incident.sql (34.17ms)
2026/10/07 15:42:06 OK   00025_sp05_incident_event_time.sql (4.08ms)
2026/10/07 15:42:06 OK   00026_sp05_source_binding_lock.sql (4.76ms)
2026/10/07 15:42:06 OK   00027_sp05_rca_and_poll.sql (15.98ms)
2026/10/07 15:42:06 OK   00028_sp05_operator_lock.sql (11.8ms)
2026/10/07 15:42:06 OK   00029_sp05_evidence_links.sql (21.78ms)
2026/10/07 15:42:06 OK   00030_sp05_recipe_fence.sql (9.55ms)
2026/10/07 15:42:06 OK   00031_sp05_rca_postcheck.sql (14.69ms)
2026/10/07 15:42:06 OK   00032_sp05_transport_audit.sql (8.54ms)
2026/10/07 15:42:06 OK   00033_sp05_poll_resolution_clock.sql (9.43ms)
2026/10/07 15:42:06 OK   00034_sp06_investigation_ledger.sql (22.94ms)
2026/10/07 15:42:06 OK   00035_sp06_admission_data_classes.sql (4.81ms)
2026/10/07 15:42:06 goose: successfully migrated database to version: 35
2026/10/07 15:42:22 OK   00001_roles_and_schemas.sql (21.32ms)
2026/10/07 15:42:22 goose: successfully migrated database to version: 1
2026/10/07 15:42:22 OK   00002_platform_meta.sql (35.24ms)
2026/10/07 15:42:22 OK   00003_finding.sql (13.31ms)
2026/10/07 15:42:22 OK   00004_incident.sql (14.46ms)
2026/10/07 15:42:22 OK   00005_investigation.sql (25.17ms)
2026/10/07 15:42:22 OK   00006_action_command.sql (8.51ms)
2026/10/07 15:42:22 OK   00007_audit.sql (11.51ms)
2026/10/07 15:42:22 OK   00008_rls.sql (16.98ms)
2026/10/07 15:42:22 OK   00009_idempotency_ledger.sql (23.56ms)
2026/10/07 15:42:22 OK   00010_tenant_provisioning.sql (5.63ms)
2026/10/07 15:42:22 OK   00011_source_registration_history.sql (9.93ms)
2026/10/07 15:42:22 OK   00012_config_registry_lifecycle.sql (8.93ms)
2026/10/07 15:42:22 OK   00013_audit_signed_segments.sql (18.38ms)
2026/10/07 15:42:22 OK   00014_audit_segment_predecessors.sql (10.95ms)
2026/10/07 15:42:22 OK   00015_source_schema_scope.sql (6.47ms)
2026/10/07 15:42:22 OK   00016_cluster_registration_metadata.sql (8.83ms)
2026/10/07 15:42:22 OK   00017_source_data_scope.sql (7.15ms)
2026/10/07 15:42:22 OK   00018_sp04_resources_evidence.sql (14.25ms)
2026/10/07 15:42:22 OK   00019_sp04_archive_ciphertext_bytes.sql (7.74ms)
2026/10/07 15:42:22 OK   00020_sp04_request_ledger.sql (9.25ms)
2026/10/07 15:42:22 OK   00021_sp04_archive_protection.sql (6.21ms)
2026/10/07 15:42:22 OK   00022_sp04_legal_hold_dependencies.sql (4.56ms)
2026/10/07 15:42:22 OK   00023_sp04_archive_query_intent.sql (14.37ms)
2026/10/07 15:42:22 OK   00024_sp05_finding_incident.sql (18.53ms)
2026/10/07 15:42:22 OK   00025_sp05_incident_event_time.sql (3.66ms)
2026/10/07 15:42:22 OK   00026_sp05_source_binding_lock.sql (3.36ms)
2026/10/07 15:42:22 OK   00027_sp05_rca_and_poll.sql (17.2ms)
2026/10/07 15:42:22 OK   00028_sp05_operator_lock.sql (3.7ms)
2026/10/07 15:42:22 OK   00029_sp05_evidence_links.sql (9.98ms)
2026/10/07 15:42:22 OK   00030_sp05_recipe_fence.sql (10.03ms)
2026/10/07 15:42:22 OK   00031_sp05_rca_postcheck.sql (4.27ms)
2026/10/07 15:42:22 OK   00032_sp05_transport_audit.sql (2.91ms)
2026/10/07 15:42:22 OK   00033_sp05_poll_resolution_clock.sql (5.07ms)
2026/10/07 15:42:22 OK   00034_sp06_investigation_ledger.sql (44.89ms)
2026/10/07 15:42:22 OK   00035_sp06_admission_data_classes.sql (6.07ms)
2026/10/07 15:42:22 goose: successfully migrated database to version: 35
2026/10/07 15:42:42 OK   00001_roles_and_schemas.sql (10.39ms)
2026/10/07 15:42:42 goose: successfully migrated database to version: 1
2026/10/07 15:42:42 OK   00002_platform_meta.sql (52.73ms)
2026/10/07 15:42:42 OK   00003_finding.sql (9.61ms)
2026/10/07 15:42:42 OK   00004_incident.sql (7.43ms)
2026/10/07 15:42:42 OK   00005_investigation.sql (35.7ms)
2026/10/07 15:42:42 OK   00006_action_command.sql (14.01ms)
2026/10/07 15:42:42 OK   00007_audit.sql (48.72ms)
2026/10/07 15:42:42 OK   00008_rls.sql (9.54ms)
2026/10/07 15:42:42 OK   00009_idempotency_ledger.sql (41.42ms)
2026/10/07 15:42:42 OK   00010_tenant_provisioning.sql (6.21ms)
2026/10/07 15:42:42 OK   00011_source_registration_history.sql (52.91ms)
2026/10/07 15:42:42 OK   00012_config_registry_lifecycle.sql (31.56ms)
2026/10/07 15:42:42 OK   00013_audit_signed_segments.sql (21.15ms)
2026/10/07 15:42:42 OK   00014_audit_segment_predecessors.sql (13.49ms)
2026/10/07 15:42:42 OK   00015_source_schema_scope.sql (15.32ms)
2026/10/07 15:42:42 OK   00016_cluster_registration_metadata.sql (22.55ms)
2026/10/07 15:42:42 OK   00017_source_data_scope.sql (4.82ms)
2026/10/07 15:42:42 OK   00018_sp04_resources_evidence.sql (50.05ms)
2026/10/07 15:42:42 OK   00019_sp04_archive_ciphertext_bytes.sql (3.18ms)
2026/10/07 15:42:42 OK   00020_sp04_request_ledger.sql (5.06ms)
2026/10/07 15:42:42 OK   00021_sp04_archive_protection.sql (44.64ms)
2026/10/07 15:42:42 OK   00022_sp04_legal_hold_dependencies.sql (5.61ms)
2026/10/07 15:42:42 OK   00023_sp04_archive_query_intent.sql (8.06ms)
2026/10/07 15:42:42 OK   00024_sp05_finding_incident.sql (52.38ms)
2026/10/07 15:42:42 OK   00025_sp05_incident_event_time.sql (2.7ms)
2026/10/07 15:42:42 OK   00026_sp05_source_binding_lock.sql (5.4ms)
2026/10/07 15:42:42 OK   00027_sp05_rca_and_poll.sql (33.72ms)
2026/10/07 15:42:42 OK   00028_sp05_operator_lock.sql (9.17ms)
2026/10/07 15:42:42 OK   00029_sp05_evidence_links.sql (5.52ms)
2026/10/07 15:42:42 OK   00030_sp05_recipe_fence.sql (3.39ms)
2026/10/07 15:42:42 OK   00031_sp05_rca_postcheck.sql (2.67ms)
2026/10/07 15:42:42 OK   00032_sp05_transport_audit.sql (3.08ms)
2026/10/07 15:42:42 OK   00033_sp05_poll_resolution_clock.sql (3.4ms)
2026/10/07 15:42:43 OK   00034_sp06_investigation_ledger.sql (104.52ms)
2026/10/07 15:42:43 OK   00035_sp06_admission_data_classes.sql (20.07ms)
2026/10/07 15:42:43 goose: successfully migrated database to version: 35
2026/10/07 15:42:59 OK   00001_roles_and_schemas.sql (27.66ms)
2026/10/07 15:42:59 goose: successfully migrated database to version: 1
2026/10/07 15:42:59 OK   00002_platform_meta.sql (31.98ms)
2026/10/07 15:42:59 OK   00003_finding.sql (18.05ms)
2026/10/07 15:42:59 OK   00004_incident.sql (18.89ms)
2026/10/07 15:42:59 OK   00005_investigation.sql (15.79ms)
2026/10/07 15:42:59 OK   00006_action_command.sql (7.8ms)
2026/10/07 15:42:59 OK   00007_audit.sql (29.71ms)
2026/10/07 15:42:59 OK   00008_rls.sql (26.2ms)
2026/10/07 15:42:59 OK   00009_idempotency_ledger.sql (7.16ms)
2026/10/07 15:42:59 OK   00010_tenant_provisioning.sql (3.8ms)
2026/10/07 15:42:59 OK   00011_source_registration_history.sql (6.75ms)
2026/10/07 15:42:59 OK   00012_config_registry_lifecycle.sql (27.44ms)
2026/10/07 15:42:59 OK   00013_audit_signed_segments.sql (23.53ms)
2026/10/07 15:42:59 OK   00014_audit_segment_predecessors.sql (22.04ms)
2026/10/07 15:42:59 OK   00015_source_schema_scope.sql (7.01ms)
2026/10/07 15:42:59 OK   00016_cluster_registration_metadata.sql (11.47ms)
2026/10/07 15:42:59 OK   00017_source_data_scope.sql (10.13ms)
2026/10/07 15:42:59 OK   00018_sp04_resources_evidence.sql (18.22ms)
2026/10/07 15:42:59 OK   00019_sp04_archive_ciphertext_bytes.sql (6ms)
2026/10/07 15:42:59 OK   00020_sp04_request_ledger.sql (10.48ms)
2026/10/07 15:42:59 OK   00021_sp04_archive_protection.sql (6.69ms)
2026/10/07 15:42:59 OK   00022_sp04_legal_hold_dependencies.sql (9.73ms)
2026/10/07 15:42:59 OK   00023_sp04_archive_query_intent.sql (8.76ms)
2026/10/07 15:42:59 OK   00024_sp05_finding_incident.sql (26.67ms)
2026/10/07 15:42:59 OK   00025_sp05_incident_event_time.sql (3.6ms)
2026/10/07 15:42:59 OK   00026_sp05_source_binding_lock.sql (4.57ms)
2026/10/07 15:42:59 OK   00027_sp05_rca_and_poll.sql (21.48ms)
2026/10/07 15:42:59 OK   00028_sp05_operator_lock.sql (3.94ms)
2026/10/07 15:43:00 OK   00029_sp05_evidence_links.sql (13.87ms)
2026/10/07 15:43:00 OK   00030_sp05_recipe_fence.sql (6.9ms)
2026/10/07 15:43:00 OK   00031_sp05_rca_postcheck.sql (19.3ms)
2026/10/07 15:43:00 OK   00032_sp05_transport_audit.sql (4.39ms)
2026/10/07 15:43:00 OK   00033_sp05_poll_resolution_clock.sql (3.77ms)
2026/10/07 15:43:00 OK   00034_sp06_investigation_ledger.sql (48.31ms)
2026/10/07 15:43:00 OK   00035_sp06_admission_data_classes.sql (2.97ms)
2026/10/07 15:43:00 goose: successfully migrated database to version: 35
2026/10/07 15:43:19 OK   00001_roles_and_schemas.sql (25.06ms)
2026/10/07 15:43:19 goose: successfully migrated database to version: 1
2026/10/07 15:43:19 OK   00002_platform_meta.sql (50.3ms)
2026/10/07 15:43:19 OK   00003_finding.sql (9.91ms)
2026/10/07 15:43:19 OK   00004_incident.sql (13.38ms)
2026/10/07 15:43:19 OK   00005_investigation.sql (24.16ms)
2026/10/07 15:43:19 OK   00006_action_command.sql (9.74ms)
2026/10/07 15:43:19 OK   00007_audit.sql (16.83ms)
2026/10/07 15:43:19 OK   00008_rls.sql (18.52ms)
2026/10/07 15:43:19 OK   00009_idempotency_ledger.sql (14.68ms)
2026/10/07 15:43:19 OK   00010_tenant_provisioning.sql (4.22ms)
2026/10/07 15:43:19 OK   00011_source_registration_history.sql (21.83ms)
2026/10/07 15:43:19 OK   00012_config_registry_lifecycle.sql (23.17ms)
2026/10/07 15:43:19 OK   00013_audit_signed_segments.sql (14.84ms)
2026/10/07 15:43:19 OK   00014_audit_segment_predecessors.sql (15.43ms)
2026/10/07 15:43:19 OK   00015_source_schema_scope.sql (17.06ms)
2026/10/07 15:43:19 OK   00016_cluster_registration_metadata.sql (4.65ms)
2026/10/07 15:43:19 OK   00017_source_data_scope.sql (4.93ms)
2026/10/07 15:43:19 OK   00018_sp04_resources_evidence.sql (40.34ms)
2026/10/07 15:43:19 OK   00019_sp04_archive_ciphertext_bytes.sql (5.29ms)
2026/10/07 15:43:19 OK   00020_sp04_request_ledger.sql (4.69ms)
2026/10/07 15:43:19 OK   00021_sp04_archive_protection.sql (8.41ms)
2026/10/07 15:43:19 OK   00022_sp04_legal_hold_dependencies.sql (6.65ms)
2026/10/07 15:43:19 OK   00023_sp04_archive_query_intent.sql (6.81ms)
2026/10/07 15:43:19 OK   00024_sp05_finding_incident.sql (39.33ms)
2026/10/07 15:43:19 OK   00025_sp05_incident_event_time.sql (3.6ms)
2026/10/07 15:43:19 OK   00026_sp05_source_binding_lock.sql (6.72ms)
2026/10/07 15:43:19 OK   00027_sp05_rca_and_poll.sql (19.02ms)
2026/10/07 15:43:19 OK   00028_sp05_operator_lock.sql (7.54ms)
2026/10/07 15:43:19 OK   00029_sp05_evidence_links.sql (14.39ms)
2026/10/07 15:43:19 OK   00030_sp05_recipe_fence.sql (3.01ms)
2026/10/07 15:43:19 OK   00031_sp05_rca_postcheck.sql (4.11ms)
2026/10/07 15:43:19 OK   00032_sp05_transport_audit.sql (4.49ms)
2026/10/07 15:43:19 OK   00033_sp05_poll_resolution_clock.sql (20.25ms)
2026/10/07 15:43:19 OK   00034_sp06_investigation_ledger.sql (24.26ms)
2026/10/07 15:43:19 OK   00035_sp06_admission_data_classes.sql (3ms)
2026/10/07 15:43:19 goose: successfully migrated database to version: 35
2026/10/07 15:43:36 OK   00001_roles_and_schemas.sql (15.91ms)
2026/10/07 15:43:36 goose: successfully migrated database to version: 1
2026/10/07 15:43:37 OK   00002_platform_meta.sql (32.3ms)
2026/10/07 15:43:37 OK   00003_finding.sql (22.46ms)
2026/10/07 15:43:37 OK   00004_incident.sql (6.22ms)
2026/10/07 15:43:37 OK   00005_investigation.sql (8.1ms)
2026/10/07 15:43:37 OK   00006_action_command.sql (12.34ms)
2026/10/07 15:43:37 OK   00007_audit.sql (17.48ms)
2026/10/07 15:43:37 OK   00008_rls.sql (12.2ms)
2026/10/07 15:43:37 OK   00009_idempotency_ledger.sql (25.04ms)
2026/10/07 15:43:37 OK   00010_tenant_provisioning.sql (18.53ms)
2026/10/07 15:43:37 OK   00011_source_registration_history.sql (10.58ms)
2026/10/07 15:43:37 OK   00012_config_registry_lifecycle.sql (14.89ms)
2026/10/07 15:43:37 OK   00013_audit_signed_segments.sql (21.38ms)
2026/10/07 15:43:37 OK   00014_audit_segment_predecessors.sql (11.26ms)
2026/10/07 15:43:37 OK   00015_source_schema_scope.sql (7.48ms)
2026/10/07 15:43:37 OK   00016_cluster_registration_metadata.sql (8.77ms)
2026/10/07 15:43:37 OK   00017_source_data_scope.sql (4.91ms)
2026/10/07 15:43:37 OK   00018_sp04_resources_evidence.sql (41.85ms)
2026/10/07 15:43:37 OK   00019_sp04_archive_ciphertext_bytes.sql (6.37ms)
2026/10/07 15:43:37 OK   00020_sp04_request_ledger.sql (5.38ms)
2026/10/07 15:43:37 OK   00021_sp04_archive_protection.sql (4.3ms)
2026/10/07 15:43:37 OK   00022_sp04_legal_hold_dependencies.sql (6.24ms)
2026/10/07 15:43:37 OK   00023_sp04_archive_query_intent.sql (6.02ms)
2026/10/07 15:43:37 OK   00024_sp05_finding_incident.sql (41.18ms)
2026/10/07 15:43:37 OK   00025_sp05_incident_event_time.sql (7.55ms)
2026/10/07 15:43:37 OK   00026_sp05_source_binding_lock.sql (5.34ms)
2026/10/07 15:43:37 OK   00027_sp05_rca_and_poll.sql (19.82ms)
2026/10/07 15:43:37 OK   00028_sp05_operator_lock.sql (8.59ms)
2026/10/07 15:43:37 OK   00029_sp05_evidence_links.sql (6.53ms)
2026/10/07 15:43:37 OK   00030_sp05_recipe_fence.sql (4.49ms)
2026/10/07 15:43:37 OK   00031_sp05_rca_postcheck.sql (2.64ms)
2026/10/07 15:43:37 OK   00032_sp05_transport_audit.sql (2.79ms)
2026/10/07 15:43:37 OK   00033_sp05_poll_resolution_clock.sql (3.06ms)
2026/10/07 15:43:37 OK   00034_sp06_investigation_ledger.sql (21.29ms)
2026/10/07 15:43:37 OK   00035_sp06_admission_data_classes.sql (6.57ms)
2026/10/07 15:43:37 goose: successfully migrated database to version: 35
2026/10/07 15:43:59 OK   00001_roles_and_schemas.sql (41.56ms)
2026/10/07 15:43:59 goose: successfully migrated database to version: 1
2026/10/07 15:43:59 OK   00002_platform_meta.sql (41.66ms)
2026/10/07 15:43:59 OK   00003_finding.sql (16.05ms)
2026/10/07 15:43:59 OK   00004_incident.sql (13.32ms)
2026/10/07 15:43:59 OK   00005_investigation.sql (12.21ms)
2026/10/07 15:43:59 OK   00006_action_command.sql (6.85ms)
2026/10/07 15:43:59 OK   00007_audit.sql (19.6ms)
2026/10/07 15:43:59 OK   00008_rls.sql (28.42ms)
2026/10/07 15:43:59 OK   00009_idempotency_ledger.sql (10.11ms)
2026/10/07 15:43:59 OK   00010_tenant_provisioning.sql (36.58ms)
2026/10/07 15:43:59 OK   00011_source_registration_history.sql (20.21ms)
2026/10/07 15:43:59 OK   00012_config_registry_lifecycle.sql (9.89ms)
2026/10/07 15:43:59 OK   00013_audit_signed_segments.sql (14.07ms)
2026/10/07 15:43:59 OK   00014_audit_segment_predecessors.sql (15.88ms)
2026/10/07 15:43:59 OK   00015_source_schema_scope.sql (16.98ms)
2026/10/07 15:43:59 OK   00016_cluster_registration_metadata.sql (7.63ms)
2026/10/07 15:43:59 OK   00017_source_data_scope.sql (9.35ms)
2026/10/07 15:43:59 OK   00018_sp04_resources_evidence.sql (31.26ms)
2026/10/07 15:43:59 OK   00019_sp04_archive_ciphertext_bytes.sql (7.59ms)
2026/10/07 15:43:59 OK   00020_sp04_request_ledger.sql (12.35ms)
2026/10/07 15:43:59 OK   00021_sp04_archive_protection.sql (4.46ms)
2026/10/07 15:43:59 OK   00022_sp04_legal_hold_dependencies.sql (2.47ms)
2026/10/07 15:43:59 OK   00023_sp04_archive_query_intent.sql (2.81ms)
2026/10/07 15:43:59 OK   00024_sp05_finding_incident.sql (28.4ms)
2026/10/07 15:43:59 OK   00025_sp05_incident_event_time.sql (9.04ms)
2026/10/07 15:43:59 OK   00026_sp05_source_binding_lock.sql (8.95ms)
2026/10/07 15:43:59 OK   00027_sp05_rca_and_poll.sql (48.43ms)
2026/10/07 15:43:59 OK   00028_sp05_operator_lock.sql (6.46ms)
2026/10/07 15:43:59 OK   00029_sp05_evidence_links.sql (10.64ms)
2026/10/07 15:43:59 OK   00030_sp05_recipe_fence.sql (11.05ms)
2026/10/07 15:43:59 OK   00031_sp05_rca_postcheck.sql (8.53ms)
2026/10/07 15:43:59 OK   00032_sp05_transport_audit.sql (8.2ms)
2026/10/07 15:43:59 OK   00033_sp05_poll_resolution_clock.sql (9.29ms)
2026/10/07 15:43:59 OK   00034_sp06_investigation_ledger.sql (50.52ms)
2026/10/07 15:43:59 OK   00035_sp06_admission_data_classes.sql (11.86ms)
2026/10/07 15:43:59 goose: successfully migrated database to version: 35
2026/10/07 15:44:18 OK   00001_roles_and_schemas.sql (58.2ms)
2026/10/07 15:44:18 goose: successfully migrated database to version: 1
2026/10/07 15:44:19 OK   00002_platform_meta.sql (72.41ms)
2026/10/07 15:44:19 OK   00003_finding.sql (24.33ms)
2026/10/07 15:44:19 OK   00004_incident.sql (12.55ms)
2026/10/07 15:44:19 OK   00005_investigation.sql (11.45ms)
2026/10/07 15:44:19 OK   00006_action_command.sql (14.29ms)
2026/10/07 15:44:19 OK   00007_audit.sql (22.15ms)
2026/10/07 15:44:19 OK   00008_rls.sql (37.07ms)
2026/10/07 15:44:19 OK   00009_idempotency_ledger.sql (25.6ms)
2026/10/07 15:44:19 OK   00010_tenant_provisioning.sql (5.29ms)
2026/10/07 15:44:19 OK   00011_source_registration_history.sql (9.84ms)
2026/10/07 15:44:19 OK   00012_config_registry_lifecycle.sql (22.09ms)
2026/10/07 15:44:19 OK   00013_audit_signed_segments.sql (26.65ms)
2026/10/07 15:44:19 OK   00014_audit_segment_predecessors.sql (7.14ms)
2026/10/07 15:44:19 OK   00015_source_schema_scope.sql (2.6ms)
2026/10/07 15:44:19 OK   00016_cluster_registration_metadata.sql (4.63ms)
2026/10/07 15:44:19 OK   00017_source_data_scope.sql (6.34ms)
2026/10/07 15:44:19 OK   00018_sp04_resources_evidence.sql (25.92ms)
2026/10/07 15:44:19 OK   00019_sp04_archive_ciphertext_bytes.sql (7.57ms)
2026/10/07 15:44:19 OK   00020_sp04_request_ledger.sql (9.4ms)
2026/10/07 15:44:19 OK   00021_sp04_archive_protection.sql (4.15ms)
2026/10/07 15:44:19 OK   00022_sp04_legal_hold_dependencies.sql (5.85ms)
2026/10/07 15:44:19 OK   00023_sp04_archive_query_intent.sql (4.86ms)
2026/10/07 15:44:19 OK   00024_sp05_finding_incident.sql (34.27ms)
2026/10/07 15:44:19 OK   00025_sp05_incident_event_time.sql (4.13ms)
2026/10/07 15:44:19 OK   00026_sp05_source_binding_lock.sql (5.24ms)
2026/10/07 15:44:19 OK   00027_sp05_rca_and_poll.sql (12.51ms)
2026/10/07 15:44:19 OK   00028_sp05_operator_lock.sql (8.33ms)
2026/10/07 15:44:19 OK   00029_sp05_evidence_links.sql (10.22ms)
2026/10/07 15:44:19 OK   00030_sp05_recipe_fence.sql (4.88ms)
2026/10/07 15:44:19 OK   00031_sp05_rca_postcheck.sql (5.13ms)
2026/10/07 15:44:19 OK   00032_sp05_transport_audit.sql (7.23ms)
2026/10/07 15:44:19 OK   00033_sp05_poll_resolution_clock.sql (7.55ms)
2026/10/07 15:44:19 OK   00034_sp06_investigation_ledger.sql (35.44ms)
2026/10/07 15:44:19 OK   00035_sp06_admission_data_classes.sql (3.54ms)
2026/10/07 15:44:19 goose: successfully migrated database to version: 35
2026/10/07 15:44:20 OK   00001_roles_and_schemas.sql (20.19ms)
2026/10/07 15:44:20 goose: successfully migrated database to version: 1
2026/10/07 15:44:20 OK   00002_platform_meta.sql (25.09ms)
2026/10/07 15:44:20 OK   00003_finding.sql (38.18ms)
2026/10/07 15:44:20 OK   00004_incident.sql (12.72ms)
2026/10/07 15:44:20 OK   00005_investigation.sql (40.77ms)
2026/10/07 15:44:20 OK   00006_action_command.sql (8.72ms)
2026/10/07 15:44:20 OK   00007_audit.sql (25.67ms)
2026/10/07 15:44:20 OK   00008_rls.sql (23.7ms)
2026/10/07 15:44:20 OK   00009_idempotency_ledger.sql (20.11ms)
2026/10/07 15:44:20 OK   00010_tenant_provisioning.sql (14.07ms)
2026/10/07 15:44:20 OK   00011_source_registration_history.sql (8.22ms)
2026/10/07 15:44:20 OK   00012_config_registry_lifecycle.sql (33.95ms)
2026/10/07 15:44:21 OK   00013_audit_signed_segments.sql (17.46ms)
2026/10/07 15:44:21 OK   00014_audit_segment_predecessors.sql (11.11ms)
2026/10/07 15:44:21 OK   00015_source_schema_scope.sql (11.25ms)
2026/10/07 15:44:21 OK   00016_cluster_registration_metadata.sql (16.48ms)
2026/10/07 15:44:21 OK   00017_source_data_scope.sql (4.34ms)
2026/10/07 15:44:21 OK   00018_sp04_resources_evidence.sql (14.53ms)
2026/10/07 15:44:21 OK   00019_sp04_archive_ciphertext_bytes.sql (4.45ms)
2026/10/07 15:44:21 OK   00020_sp04_request_ledger.sql (7.97ms)
2026/10/07 15:44:21 OK   00021_sp04_archive_protection.sql (4.87ms)
2026/10/07 15:44:21 OK   00022_sp04_legal_hold_dependencies.sql (4.14ms)
2026/10/07 15:44:21 OK   00023_sp04_archive_query_intent.sql (4.42ms)
2026/10/07 15:44:21 OK   00024_sp05_finding_incident.sql (41ms)
2026/10/07 15:44:21 OK   00025_sp05_incident_event_time.sql (5.49ms)
2026/10/07 15:44:21 OK   00026_sp05_source_binding_lock.sql (8.03ms)
2026/10/07 15:44:21 OK   00027_sp05_rca_and_poll.sql (11.32ms)
2026/10/07 15:44:21 OK   00028_sp05_operator_lock.sql (4.5ms)
2026/10/07 15:44:21 OK   00029_sp05_evidence_links.sql (8.95ms)
2026/10/07 15:44:21 OK   00030_sp05_recipe_fence.sql (5.84ms)
2026/10/07 15:44:21 OK   00031_sp05_rca_postcheck.sql (3.75ms)
2026/10/07 15:44:21 OK   00032_sp05_transport_audit.sql (8.11ms)
2026/10/07 15:44:21 OK   00033_sp05_poll_resolution_clock.sql (9.41ms)
2026/10/07 15:44:21 OK   00034_sp06_investigation_ledger.sql (39.11ms)
2026/10/07 15:44:21 OK   00035_sp06_admission_data_classes.sql (10.88ms)
2026/10/07 15:44:21 goose: successfully migrated database to version: 35
2026/10/07 15:44:27 OK   00001_roles_and_schemas.sql (20.13ms)
2026/10/07 15:44:27 goose: successfully migrated database to version: 1
2026/10/07 15:44:27 OK   00002_platform_meta.sql (33.16ms)
2026/10/07 15:44:27 OK   00003_finding.sql (24.76ms)
2026/10/07 15:44:27 OK   00004_incident.sql (7.82ms)
2026/10/07 15:44:27 OK   00005_investigation.sql (13.77ms)
2026/10/07 15:44:27 OK   00006_action_command.sql (15.86ms)
2026/10/07 15:44:27 OK   00007_audit.sql (18.23ms)
2026/10/07 15:44:27 OK   00008_rls.sql (13.71ms)
2026/10/07 15:44:27 OK   00009_idempotency_ledger.sql (8.27ms)
2026/10/07 15:44:27 OK   00010_tenant_provisioning.sql (5.93ms)
2026/10/07 15:44:27 OK   00011_source_registration_history.sql (15.35ms)
2026/10/07 15:44:27 OK   00012_config_registry_lifecycle.sql (20.98ms)
2026/10/07 15:44:27 OK   00013_audit_signed_segments.sql (28.3ms)
2026/10/07 15:44:27 OK   00014_audit_segment_predecessors.sql (19.79ms)
2026/10/07 15:44:27 OK   00015_source_schema_scope.sql (8.44ms)
2026/10/07 15:44:27 OK   00016_cluster_registration_metadata.sql (9.3ms)
2026/10/07 15:44:27 OK   00017_source_data_scope.sql (5.09ms)
2026/10/07 15:44:27 OK   00018_sp04_resources_evidence.sql (33.25ms)
2026/10/07 15:44:27 OK   00019_sp04_archive_ciphertext_bytes.sql (9.27ms)
2026/10/07 15:44:27 OK   00020_sp04_request_ledger.sql (8.58ms)
2026/10/07 15:44:27 OK   00021_sp04_archive_protection.sql (4.02ms)
2026/10/07 15:44:27 OK   00022_sp04_legal_hold_dependencies.sql (19.26ms)
2026/10/07 15:44:27 OK   00023_sp04_archive_query_intent.sql (11.91ms)
2026/10/07 15:44:27 OK   00024_sp05_finding_incident.sql (33.4ms)
2026/10/07 15:44:27 OK   00025_sp05_incident_event_time.sql (11.41ms)
2026/10/07 15:44:27 OK   00026_sp05_source_binding_lock.sql (8.66ms)
2026/10/07 15:44:27 OK   00027_sp05_rca_and_poll.sql (18.59ms)
2026/10/07 15:44:27 OK   00028_sp05_operator_lock.sql (6.84ms)
2026/10/07 15:44:27 OK   00029_sp05_evidence_links.sql (36.93ms)
2026/10/07 15:44:27 OK   00030_sp05_recipe_fence.sql (12.85ms)
2026/10/07 15:44:27 OK   00031_sp05_rca_postcheck.sql (3.59ms)
2026/10/07 15:44:27 OK   00032_sp05_transport_audit.sql (9.82ms)
2026/10/07 15:44:27 OK   00033_sp05_poll_resolution_clock.sql (12.27ms)
2026/10/07 15:44:27 OK   00034_sp06_investigation_ledger.sql (36.07ms)
2026/10/07 15:44:27 OK   00035_sp06_admission_data_classes.sql (4.93ms)
2026/10/07 15:44:27 goose: successfully migrated database to version: 35
{"time":"2026-10-07T15:44:37.553956+08:00","level":"WARN","msg":"Graph ownership not ready","qualification":{"/v1/configmaps":"list_missing","/v1/events":"list_missing","/v1/nodes":"list_missing","/v1/persistentvolumeclaims":"list_missing","/v1/persistentvolumes":"list_missing","/v1/pods":"list_missing","/v1/services":"list_missing","apps/v1/daemonsets":"list_missing","apps/v1/deployments":"list_missing","apps/v1/replicasets":"list_missing","apps/v1/statefulsets":"list_missing","batch/v1/jobs":"list_missing","discovery.k8s.io/v1/endpointslices":"list_missing","storage.k8s.io/v1/csidrivers":"list_missing","storage.k8s.io/v1/csinodes":"list_missing","storage.k8s.io/v1/storageclasses":"list_missing","storage.k8s.io/v1/volumeattachments":"list_missing"}}
{"time":"2026-10-07T15:44:39.468294+08:00","level":"WARN","msg":"Graph ownership not ready","qualification":{"/v1/events":"list_missing","/v1/nodes":"list_missing","/v1/persistentvolumeclaims":"list_missing","/v1/persistentvolumes":"list_missing","/v1/pods":"list_missing","apps/v1/daemonsets":"list_missing","apps/v1/deployments":"list_missing","apps/v1/replicasets":"list_missing","apps/v1/statefulsets":"list_missing","batch/v1/jobs":"list_missing","discovery.k8s.io/v1/endpointslices":"list_missing","storage.k8s.io/v1/csidrivers":"list_missing","storage.k8s.io/v1/csinodes":"list_missing","storage.k8s.io/v1/storageclasses":"list_missing","storage.k8s.io/v1/volumeattachments":"list_missing"}}
{"time":"2026-10-07T15:44:41.35283+08:00","level":"WARN","msg":"Graph ownership not ready","qualification":{"/v1/persistentvolumes":"watch_initializing"}}
{"time":"2026-10-07T15:44:48.282274+08:00","level":"INFO","msg":"http request complete","request_id":"01a11552-760a-7f26-9c88-490917dcfe9b","method":"GET","status_code":200,"duration_ms":143}
{"time":"2026-10-07T15:44:48.295846+08:00","level":"INFO","msg":"http request complete","request_id":"01a11552-769d-7e34-9ec8-cd7543a5884d","method":"GET","status_code":200,"duration_ms":9}
{"time":"2026-10-07T15:44:48.309813+08:00","level":"INFO","msg":"http request complete","request_id":"01a11552-76a8-75fb-8400-624907f0396f","method":"GET","status_code":200,"duration_ms":13}
{"time":"2026-10-07T15:44:48.317411+08:00","level":"INFO","msg":"http request complete","request_id":"01a11552-76b6-7e09-9379-10749118a4f0","method":"GET","status_code":200,"duration_ms":6}
{"time":"2026-10-07T15:44:48.502032+08:00","level":"INFO","msg":"http request complete","request_id":"01a11552-76be-71e0-a40c-2f9874fa55fb","method":"GET","status_code":200,"duration_ms":183}
{"time":"2026-10-07T15:44:48.903161+08:00","level":"INFO","msg":"http request complete","request_id":"01a11552-7848-7c92-853f-9b86dfd034a1","method":"GET","status_code":200,"duration_ms":190}
{"time":"2026-10-07T15:44:49.268543+08:00","level":"INFO","msg":"http request complete","request_id":"01a11552-79d1-7c96-b6c7-72c2e118ec94","method":"GET","status_code":200,"duration_ms":162}
{"time":"2026-10-07T15:44:50.081778+08:00","level":"INFO","msg":"http request complete","request_id":"01a11552-7b3e-778d-9eaa-ba8aa5a7a5b3","method":"GET","status_code":200,"duration_ms":611}
{"time":"2026-10-07T15:44:50.686363+08:00","level":"INFO","msg":"http request complete","request_id":"01a11552-7e6b-70de-89ed-8c5dd1d0a525","method":"GET","status_code":200,"duration_ms":403}
{"time":"2026-10-07T15:44:51.290846+08:00","level":"INFO","msg":"http request complete","request_id":"01a11552-80c8-77e3-8b31-fe6c9a8ff3e9","method":"GET","status_code":200,"duration_ms":402}
{"time":"2026-10-07T15:44:52.114109+08:00","level":"INFO","msg":"http request complete","request_id":"01a11552-8324-704e-b180-f40002a757e6","method":"GET","status_code":200,"duration_ms":622}
{"time":"2026-10-07T15:44:52.454849+08:00","level":"INFO","msg":"http request complete","request_id":"01a11552-865c-719a-9dd9-5a3361955cdc","method":"GET","status_code":200,"duration_ms":138}
{"time":"2026-10-07T15:44:52.796085+08:00","level":"INFO","msg":"http request complete","request_id":"01a11552-87b0-7e5f-8477-1119b0a27f59","method":"GET","status_code":200,"duration_ms":139}
{"time":"2026-10-07T15:44:53.132486+08:00","level":"INFO","msg":"http request complete","request_id":"01a11552-8905-7cbd-8896-9e9da0865060","method":"GET","status_code":200,"duration_ms":134}
{"time":"2026-10-07T15:44:53.692181+08:00","level":"INFO","msg":"http request complete","request_id":"01a11552-8a56-7ae8-b846-62d38b05639c","method":"GET","status_code":200,"duration_ms":357}
{"time":"2026-10-07T15:44:54.312651+08:00","level":"INFO","msg":"http request complete","request_id":"01a11552-8c85-71c1-a615-f605b72b23f7","method":"GET","status_code":200,"duration_ms":419}
{"time":"2026-10-07T15:44:54.698238+08:00","level":"INFO","msg":"http request complete","request_id":"01a11552-8ef2-7c0d-912c-928dfd03b289","method":"GET","status_code":200,"duration_ms":183}
{"time":"2026-10-07T15:44:55.119684+08:00","level":"INFO","msg":"http request complete","request_id":"01a11552-9073-7dfa-a639-c6f8fd4a067c","method":"GET","status_code":200,"duration_ms":219}
{"time":"2026-10-07T15:44:55.757158+08:00","level":"INFO","msg":"http request complete","request_id":"01a11552-921a-7347-a53e-deda956e6a12","method":"GET","status_code":200,"duration_ms":434}
{"time":"2026-10-07T15:44:56.153938+08:00","level":"INFO","msg":"http request complete","request_id":"01a11552-9496-78dd-91c2-48f843798b12","method":"GET","status_code":200,"duration_ms":195}
{"time":"2026-10-07T15:44:56.49657+08:00","level":"INFO","msg":"http request complete","request_id":"01a11552-9624-7839-821a-d7f556a02bad","method":"GET","status_code":200,"duration_ms":139}
{"time":"2026-10-07T15:44:56.881147+08:00","level":"INFO","msg":"http request complete","request_id":"01a11552-977a-77fe-95c1-f1a8f1529cb9","method":"GET","status_code":200,"duration_ms":182}
{"time":"2026-10-07T15:44:57.291962+08:00","level":"INFO","msg":"http request complete","request_id":"01a11552-98fb-7140-9988-935d456233db","method":"GET","status_code":200,"duration_ms":208}
{"time":"2026-10-07T15:44:57.663268+08:00","level":"INFO","msg":"http request complete","request_id":"01a11552-9a95-7d56-9961-18e808a4c29b","method":"GET","status_code":200,"duration_ms":169}
{"time":"2026-10-07T15:44:58.01187+08:00","level":"INFO","msg":"http request complete","request_id":"01a11552-9c08-7f3e-acbc-94ee8dfe4e9b","method":"GET","status_code":200,"duration_ms":146}
{"time":"2026-10-07T15:44:58.376058+08:00","level":"INFO","msg":"http request complete","request_id":"01a11552-9d65-7c8e-b145-5dad3e98a0ba","method":"GET","status_code":200,"duration_ms":162}
{"time":"2026-10-07T15:44:58.755487+08:00","level":"INFO","msg":"http request complete","request_id":"01a11552-9ed2-7088-9378-42ddd1d09a07","method":"GET","status_code":200,"duration_ms":177}
{"time":"2026-10-07T15:44:59.13116+08:00","level":"INFO","msg":"http request complete","request_id":"01a11552-a04d-75df-9948-1113a174f561","method":"GET","status_code":200,"duration_ms":173}
{"time":"2026-10-07T15:44:59.882106+08:00","level":"INFO","msg":"http request complete","request_id":"01a11552-a1c5-719e-8ba2-8633f8ffa366","method":"GET","status_code":200,"duration_ms":548}
{"time":"2026-10-07T15:45:00.497319+08:00","level":"INFO","msg":"http request complete","request_id":"01a11552-a4b3-7445-ac64-fbb4e0428bdd","method":"GET","status_code":200,"duration_ms":414}
{"time":"2026-10-07T15:45:01.213631+08:00","level":"INFO","msg":"http request complete","request_id":"01a11552-a71a-77f7-aa2d-d81cbb3453d3","method":"GET","status_code":200,"duration_ms":515}
{"time":"2026-10-07T15:45:02.00654+08:00","level":"INFO","msg":"http request complete","request_id":"01a11552-a9e7-75a5-98ad-aaa64574ad4d","method":"GET","status_code":200,"duration_ms":591}
{"time":"2026-10-07T15:45:02.461274+08:00","level":"INFO","msg":"http request complete","request_id":"01a11552-acff-7a4c-aa38-23c781f8610b","method":"GET","status_code":200,"duration_ms":253}
{"time":"2026-10-07T15:45:02.806367+08:00","level":"INFO","msg":"http request complete","request_id":"01a11552-aec7-77cc-b1aa-2871e08ea1f6","method":"GET","status_code":200,"duration_ms":142}
{"time":"2026-10-07T15:45:03.153263+08:00","level":"INFO","msg":"http request complete","request_id":"01a11552-b021-7bd7-9781-7e797637bb88","method":"GET","status_code":200,"duration_ms":143}
{"time":"2026-10-07T15:45:03.674079+08:00","level":"INFO","msg":"http request complete","request_id":"01a11552-b17a-79b0-8f4d-1f91e332c767","method":"GET","status_code":200,"duration_ms":319}
{"time":"2026-10-07T15:45:04.157101+08:00","level":"INFO","msg":"http request complete","request_id":"01a11552-b383-73f3-8967-d7d19e250965","method":"GET","status_code":200,"duration_ms":281}
{"time":"2026-10-07T15:45:04.580761+08:00","level":"INFO","msg":"http request complete","request_id":"01a11552-b566-7831-b75d-4ce292c3fa57","method":"GET","status_code":200,"duration_ms":222}
{"time":"2026-10-07T15:45:04.940227+08:00","level":"INFO","msg":"http request complete","request_id":"01a11552-b70e-786c-b28c-206c595faa15","method":"GET","status_code":200,"duration_ms":157}
{"time":"2026-10-07T15:45:05.273539+08:00","level":"INFO","msg":"http request complete","request_id":"01a11552-b876-767c-a38f-fb73dee40332","method":"GET","status_code":200,"duration_ms":131}
{"time":"2026-10-07T15:45:05.686624+08:00","level":"INFO","msg":"http request complete","request_id":"01a11552-b9c3-718e-b4a5-5469f0de2395","method":"GET","status_code":200,"duration_ms":211}
{"time":"2026-10-07T15:45:06.030606+08:00","level":"INFO","msg":"http request complete","request_id":"01a11552-bb60-7af8-9124-316ced0755b1","method":"GET","status_code":200,"duration_ms":141}
{"time":"2026-10-07T15:45:06.367994+08:00","level":"INFO","msg":"http request complete","request_id":"01a11552-bcb8-7b8d-a9e0-eb2ce13ff21a","method":"GET","status_code":200,"duration_ms":135}
{"time":"2026-10-07T15:45:06.740133+08:00","level":"INFO","msg":"http request complete","request_id":"01a11552-be0a-72f9-ad35-e40d58442da9","method":"GET","status_code":200,"duration_ms":169}
{"time":"2026-10-07T15:45:07.075186+08:00","level":"INFO","msg":"http request complete","request_id":"01a11552-bf7e-7582-876c-d78afa227cc4","method":"GET","status_code":200,"duration_ms":132}
{"time":"2026-10-07T15:45:07.447114+08:00","level":"INFO","msg":"http request complete","request_id":"01a11552-c0cd-70d6-b9d3-814630ee0430","method":"GET","status_code":200,"duration_ms":170}
{"time":"2026-10-07T15:45:07.805482+08:00","level":"INFO","msg":"http request complete","request_id":"01a11552-c241-7412-9ae0-ea47c55989d7","method":"GET","status_code":200,"duration_ms":156}
{"time":"2026-10-07T15:45:08.144591+08:00","level":"INFO","msg":"http request complete","request_id":"01a11552-c3a7-79a4-92df-d5b6f255035e","method":"GET","status_code":200,"duration_ms":136}
{"time":"2026-10-07T15:45:08.485573+08:00","level":"INFO","msg":"http request complete","request_id":"01a11552-c4fa-7ba8-b955-16456c9c6936","method":"GET","status_code":200,"duration_ms":138}
{"time":"2026-10-07T15:45:08.826922+08:00","level":"INFO","msg":"http request complete","request_id":"01a11552-c64f-7c6f-aab1-b035e1f695bc","method":"GET","status_code":200,"duration_ms":139}
{"time":"2026-10-07T15:45:09.166054+08:00","level":"INFO","msg":"http request complete","request_id":"01a11552-c7a4-7f26-bf8f-349c9a0a4d92","method":"GET","status_code":200,"duration_ms":137}
{"time":"2026-10-07T15:45:09.982434+08:00","level":"INFO","msg":"http request complete","request_id":"01a11552-c8f8-7023-ae89-3c5074aa9adc","method":"GET","status_code":200,"duration_ms":614}
{"time":"2026-10-07T15:45:10.603399+08:00","level":"INFO","msg":"http request complete","request_id":"01a11552-cc27-7f17-9600-b162bc726242","method":"GET","status_code":200,"duration_ms":419}
{"time":"2026-10-07T15:45:11.197931+08:00","level":"INFO","msg":"http request complete","request_id":"01a11552-ce95-79c7-b595-5c2ce64d57b3","method":"GET","status_code":200,"duration_ms":392}
{"time":"2026-10-07T15:45:12.103093+08:00","level":"INFO","msg":"http request complete","request_id":"01a11552-d0e7-7da0-9593-1456ffa93a28","method":"GET","status_code":200,"duration_ms":703}
{"time":"2026-10-07T15:45:12.731116+08:00","level":"INFO","msg":"http request complete","request_id":"01a11552-d470-7c15-b37e-29e66ff92de6","method":"GET","status_code":200,"duration_ms":426}
{"time":"2026-10-07T15:45:13.308115+08:00","level":"INFO","msg":"http request complete","request_id":"01a11552-d6e6-712c-bee2-75402b3c12c3","method":"GET","status_code":200,"duration_ms":373}
{"time":"2026-10-07T15:45:14.026269+08:00","level":"INFO","msg":"http request complete","request_id":"01a11552-d925-7386-a76a-b42533608cd1","method":"GET","status_code":200,"duration_ms":516}
{"time":"2026-10-07T15:45:14.057022+08:00","level":"INFO","msg":"http request complete","request_id":"01a11552-db2b-7c35-bc03-c5bfdf254fb9","method":"GET","status_code":200,"duration_ms":29}
{"time":"2026-10-07T15:45:14.082753+08:00","level":"INFO","msg":"http request complete","request_id":"01a11552-db4a-7cfc-ba20-4bdbfce3418f","method":"GET","status_code":200,"duration_ms":23}
{"time":"2026-10-07T15:45:14.306434+08:00","level":"WARN","msg":"Graph request unavailable","stage":"lease_before_query"}
{"time":"2026-10-07T15:45:14.306434+08:00","level":"WARN","msg":"Graph ownership not ready","qualification":{"/v1/configmaps":"list_missing","/v1/events":"list_missing","/v1/nodes":"list_missing","/v1/persistentvolumeclaims":"list_missing","/v1/persistentvolumes":"list_missing","/v1/pods":"list_missing","/v1/services":"list_missing","apps/v1/daemonsets":"list_missing","apps/v1/deployments":"list_missing","apps/v1/replicasets":"list_missing","apps/v1/statefulsets":"list_missing","batch/v1/jobs":"list_missing","discovery.k8s.io/v1/endpointslices":"list_missing","storage.k8s.io/v1/csidrivers":"list_missing","storage.k8s.io/v1/csinodes":"list_missing","storage.k8s.io/v1/storageclasses":"list_missing","storage.k8s.io/v1/volumeattachments":"list_missing"}}
{"time":"2026-10-07T15:45:14.316092+08:00","level":"INFO","msg":"http request complete","request_id":"01a11552-db74-7728-bb56-0277ee9becea","method":"GET","status_code":200,"duration_ms":215}
{"time":"2026-10-07T15:45:14.544138+08:00","level":"WARN","msg":"Graph request unavailable","stage":"lease_before_query"}
{"time":"2026-10-07T15:45:14.551977+08:00","level":"INFO","msg":"http request complete","request_id":"01a11552-dd16-75fb-ae9c-55d6559c489d","method":"GET","status_code":200,"duration_ms":33}
{"time":"2026-10-07T15:45:14.770287+08:00","level":"WARN","msg":"Graph request unavailable","stage":"lease_before_query"}
{"time":"2026-10-07T15:45:14.786593+08:00","level":"INFO","msg":"http request complete","request_id":"01a11552-de01-75bc-b262-8db890289cb9","method":"GET","status_code":200,"duration_ms":33}
{"time":"2026-10-07T15:45:15.016727+08:00","level":"WARN","msg":"Graph request unavailable","stage":"lease_before_query"}
{"time":"2026-10-07T15:45:15.022806+08:00","level":"INFO","msg":"http request complete","request_id":"01a11552-deec-7ebd-acb5-4f31388ceff1","method":"GET","status_code":200,"duration_ms":33}
{"time":"2026-10-07T15:45:15.249391+08:00","level":"WARN","msg":"Graph request unavailable","stage":"lease_before_query"}
{"time":"2026-10-07T15:45:15.279605+08:00","level":"INFO","msg":"http request complete","request_id":"01a11552-dfd9-715f-9c3e-75b22d2fc5fa","method":"GET","status_code":200,"duration_ms":54}
{"time":"2026-10-07T15:45:15.504242+08:00","level":"WARN","msg":"Graph request unavailable","stage":"lease_before_query"}
{"time":"2026-10-07T15:45:15.515287+08:00","level":"INFO","msg":"http request complete","request_id":"01a11552-e0d9-77bc-b7ac-890f0f4fd79a","method":"GET","status_code":200,"duration_ms":33}
{"time":"2026-10-07T15:45:15.75992+08:00","level":"WARN","msg":"Graph request unavailable","stage":"lease_before_query"}
{"time":"2026-10-07T15:45:15.782874+08:00","level":"INFO","msg":"http request complete","request_id":"01a11552-e1c5-7b33-a1e5-40f894bcc219","method":"GET","status_code":200,"duration_ms":65}
{"time":"2026-10-07T15:45:16.006444+08:00","level":"WARN","msg":"Graph request unavailable","stage":"lease_before_query"}
{"time":"2026-10-07T15:45:16.028428+08:00","level":"INFO","msg":"http request complete","request_id":"01a11552-e2d1-756e-bcb4-9c83ac8b6c51","method":"GET","status_code":200,"duration_ms":43}
{"time":"2026-10-07T15:45:16.235565+08:00","level":"WARN","msg":"Graph ownership not ready","qualification":{"/v1/configmaps":"list_missing","/v1/events":"list_missing","/v1/nodes":"list_missing","/v1/persistentvolumeclaims":"list_missing","/v1/persistentvolumes":"list_missing","/v1/services":"list_missing","apps/v1/daemonsets":"list_missing","apps/v1/deployments":"list_missing","apps/v1/replicasets":"list_missing","apps/v1/statefulsets":"list_missing","batch/v1/jobs":"list_missing","discovery.k8s.io/v1/endpointslices":"list_missing","storage.k8s.io/v1/csidrivers":"list_missing","storage.k8s.io/v1/csinodes":"list_missing","storage.k8s.io/v1/storageclasses":"list_missing","storage.k8s.io/v1/volumeattachments":"list_missing"}}
{"time":"2026-10-07T15:45:16.253842+08:00","level":"WARN","msg":"Graph request unavailable","stage":"lease_before_query"}
{"time":"2026-10-07T15:45:16.262152+08:00","level":"INFO","msg":"http request complete","request_id":"01a11552-e3c6-70b7-afcb-361f330ba330","method":"GET","status_code":200,"duration_ms":32}
{"time":"2026-10-07T15:45:16.495649+08:00","level":"WARN","msg":"Graph request unavailable","stage":"lease_before_query"}
{"time":"2026-10-07T15:45:16.513577+08:00","level":"INFO","msg":"http request complete","request_id":"01a11552-e4af-78ed-a61d-b257c400258f","method":"GET","status_code":200,"duration_ms":49}
{"time":"2026-10-07T15:45:16.770269+08:00","level":"INFO","msg":"http request complete","request_id":"01a11552-e5aa-7d2b-b66a-09c03f205077","method":"GET","status_code":200,"duration_ms":55}
{"time":"2026-10-07T15:45:17.020756+08:00","level":"INFO","msg":"http request complete","request_id":"01a11552-e6ab-7785-8372-f8c4fc238c56","method":"GET","status_code":200,"duration_ms":49}
{"time":"2026-10-07T15:45:17.251867+08:00","level":"INFO","msg":"http request complete","request_id":"01a11552-e7a5-7b13-908d-8ca71f5a04ec","method":"GET","status_code":200,"duration_ms":30}
{"time":"2026-10-07T15:45:17.476395+08:00","level":"INFO","msg":"http request complete","request_id":"01a11552-e890-7157-ac37-8e55c1c9245f","method":"GET","status_code":200,"duration_ms":20}
{"time":"2026-10-07T15:45:17.729757+08:00","level":"INFO","msg":"http request complete","request_id":"01a11552-e96e-7b33-aba1-f2ab4f858f55","method":"GET","status_code":200,"duration_ms":50}
{"time":"2026-10-07T15:45:17.955684+08:00","level":"INFO","msg":"http request complete","request_id":"01a11552-ea6b-7182-80e6-074bc18f406f","method":"GET","status_code":200,"duration_ms":24}
{"time":"2026-10-07T15:45:18.203302+08:00","level":"INFO","msg":"http request complete","request_id":"01a11552-eb4c-7d71-96d8-70641ed0a9fd","method":"GET","status_code":200,"duration_ms":46}
{"time":"2026-10-07T15:45:18.435023+08:00","level":"WARN","msg":"Graph request unavailable","stage":"lease_before_query"}
{"time":"2026-10-07T15:45:18.456766+08:00","level":"INFO","msg":"http request complete","request_id":"01a11552-ec44-78e1-99ce-8b6bfa1e34f2","method":"GET","status_code":200,"duration_ms":52}
{"time":"2026-10-07T15:45:18.690716+08:00","level":"WARN","msg":"Graph request unavailable","stage":"lease_before_query"}
{"time":"2026-10-07T15:45:18.699858+08:00","level":"INFO","msg":"http request complete","request_id":"01a11552-ed42-7a96-af67-aa326ed60bf0","method":"GET","status_code":200,"duration_ms":41}
{"time":"2026-10-07T15:45:18.943533+08:00","level":"WARN","msg":"Graph request unavailable","stage":"lease_before_query"}
{"time":"2026-10-07T15:45:18.973145+08:00","level":"INFO","msg":"http request complete","request_id":"01a11552-ee36-736b-97da-534193c9b704","method":"GET","status_code":200,"duration_ms":70}
{"time":"2026-10-07T15:45:19.215726+08:00","level":"WARN","msg":"Graph request unavailable","stage":"lease_before_query"}
{"time":"2026-10-07T15:45:19.22722+08:00","level":"INFO","msg":"http request complete","request_id":"01a11552-ef47-74b3-9049-29fffba67519","method":"GET","status_code":200,"duration_ms":51}
{"time":"2026-10-07T15:45:19.472448+08:00","level":"WARN","msg":"Graph request unavailable","stage":"lease_before_query"}
{"time":"2026-10-07T15:45:19.482674+08:00","level":"INFO","msg":"http request complete","request_id":"01a11552-f045-79c4-80e4-dec02b1c879c","method":"GET","status_code":200,"duration_ms":52}
{"time":"2026-10-07T15:45:19.706376+08:00","level":"INFO","msg":"http request complete","request_id":"01a11552-f148-71ad-93f8-22bd5e93c910","method":"GET","status_code":200,"duration_ms":18}
{"time":"2026-10-07T15:45:19.927556+08:00","level":"INFO","msg":"http request complete","request_id":"01a11552-f224-7b3e-b53a-06cf8d5114c1","method":"GET","status_code":200,"duration_ms":18}
{"time":"2026-10-07T15:45:20.170834+08:00","level":"INFO","msg":"http request complete","request_id":"01a11552-f301-7a64-b5b3-e0cf93e1f54d","method":"GET","status_code":200,"duration_ms":41}
{"time":"2026-10-07T15:45:20.420589+08:00","level":"INFO","msg":"http request complete","request_id":"01a11552-f3f6-70d2-ab28-8f97f1509887","method":"GET","status_code":200,"duration_ms":46}
{"time":"2026-10-07T15:45:20.695548+08:00","level":"INFO","msg":"http request complete","request_id":"01a11552-f4ee-7203-9380-53ae9603c0f5","method":"GET","status_code":200,"duration_ms":73}
{"time":"2026-10-07T15:45:20.922141+08:00","level":"INFO","msg":"http request complete","request_id":"01a11552-f602-70ee-bd6d-d3f6eaf37d4f","method":"GET","status_code":200,"duration_ms":24}
{"time":"2026-10-07T15:45:21.154017+08:00","level":"INFO","msg":"http request complete","request_id":"01a11552-f6e4-7762-af23-d96465c6cc96","method":"GET","status_code":200,"duration_ms":29}
{"time":"2026-10-07T15:45:21.397186+08:00","level":"INFO","msg":"http request complete","request_id":"01a11552-f7cb-78f8-a6f7-86589746aea0","method":"GET","status_code":200,"duration_ms":41}
{"time":"2026-10-07T15:45:21.723887+08:00","level":"INFO","msg":"http request complete","request_id":"01a11552-f8bf-7449-8b91-dd8950136e0d","method":"GET","status_code":200,"duration_ms":124}
{"time":"2026-10-07T15:45:21.945006+08:00","level":"INFO","msg":"http request complete","request_id":"01a11552-fa06-73f3-bcee-7575dc1c21f3","method":"GET","status_code":200,"duration_ms":18}
{"time":"2026-10-07T15:45:22.183458+08:00","level":"INFO","msg":"http request complete","request_id":"01a11552-fae3-75ff-a760-699297b0ae1b","method":"GET","status_code":200,"duration_ms":36}
{"time":"2026-10-07T15:45:22.431911+08:00","level":"INFO","msg":"http request complete","request_id":"01a11552-fbd2-7000-80e3-559e9fc7a947","method":"GET","status_code":200,"duration_ms":45}
{"time":"2026-10-07T15:45:22.669675+08:00","level":"INFO","msg":"http request complete","request_id":"01a11552-fcca-748c-b72e-d3cb4ced8c4b","method":"GET","status_code":200,"duration_ms":35}
{"time":"2026-10-07T15:45:22.936056+08:00","level":"INFO","msg":"http request complete","request_id":"01a11552-fdb8-7213-a040-0ecce31e4aac","method":"GET","status_code":200,"duration_ms":63}
{"time":"2026-10-07T15:45:23.197631+08:00","level":"INFO","msg":"http request complete","request_id":"01a11552-fec2-76ce-82c4-6675ec32e0c2","method":"GET","status_code":200,"duration_ms":59}
{"time":"2026-10-07T15:45:23.446153+08:00","level":"INFO","msg":"http request complete","request_id":"01a11552-ffc8-7422-8d69-d587182fee11","method":"GET","status_code":200,"duration_ms":45}
{"time":"2026-10-07T15:45:23.686827+08:00","level":"INFO","msg":"http request complete","request_id":"01a11553-00c0-78f8-8431-397e132b3611","method":"GET","status_code":200,"duration_ms":38}
{"time":"2026-10-07T15:45:23.932186+08:00","level":"INFO","msg":"http request complete","request_id":"01a11553-01b1-7422-a0a9-6ad545e59512","method":"GET","status_code":200,"duration_ms":42}
{"time":"2026-10-07T15:45:24.16728+08:00","level":"INFO","msg":"http request complete","request_id":"01a11553-02a5-7dbf-a32d-f2fe4e0665c8","method":"GET","status_code":200,"duration_ms":33}
{"time":"2026-10-07T15:45:24.393843+08:00","level":"INFO","msg":"http request complete","request_id":"01a11553-0391-7612-9b1f-67bd2e7852d2","method":"GET","status_code":200,"duration_ms":24}
{"time":"2026-10-07T15:45:24.632025+08:00","level":"INFO","msg":"http request complete","request_id":"01a11553-0474-733c-9986-74a2f3ec4a1d","method":"GET","status_code":200,"duration_ms":35}
{"time":"2026-10-07T15:45:24.870507+08:00","level":"INFO","msg":"http request complete","request_id":"01a11553-0562-7710-9560-1cae5e439af7","method":"GET","status_code":200,"duration_ms":36}
{"time":"2026-10-07T15:45:25.108112+08:00","level":"INFO","msg":"http request complete","request_id":"01a11553-0650-7138-9b53-ae0af4d1c41b","method":"GET","status_code":200,"duration_ms":35}
{"time":"2026-10-07T15:45:25.338217+08:00","level":"INFO","msg":"http request complete","request_id":"01a11553-073e-7781-a1d6-1c91a4de9296","method":"GET","status_code":200,"duration_ms":27}
{"time":"2026-10-07T15:45:25.568507+08:00","level":"INFO","msg":"http request complete","request_id":"01a11553-0824-7236-a34f-5e8e1fd614e5","method":"GET","status_code":200,"duration_ms":28}
{"time":"2026-10-07T15:45:25.807415+08:00","level":"INFO","msg":"http request complete","request_id":"01a11553-090a-7877-a49d-e5893a0c2eae","method":"GET","status_code":200,"duration_ms":36}
{"time":"2026-10-07T15:45:26.032544+08:00","level":"INFO","msg":"http request complete","request_id":"01a11553-09f9-7c50-88d2-7bf7a5d28282","method":"GET","status_code":200,"duration_ms":22}
{"time":"2026-10-07T15:45:26.265322+08:00","level":"INFO","msg":"http request complete","request_id":"01a11553-0ada-776e-bc0a-f33160855821","method":"GET","status_code":200,"duration_ms":30}
{"time":"2026-10-07T15:45:26.511104+08:00","level":"INFO","msg":"http request complete","request_id":"01a11553-0bc3-7cbd-9964-451da1d77aa5","method":"GET","status_code":200,"duration_ms":43}
{"time":"2026-10-07T15:45:26.757644+08:00","level":"INFO","msg":"http request complete","request_id":"01a11553-0cb9-7841-bef1-45e5d350c6c0","method":"GET","status_code":200,"duration_ms":44}
{"time":"2026-10-07T15:45:26.996349+08:00","level":"INFO","msg":"http request complete","request_id":"01a11553-0db0-7075-a0bb-18b3571f730f","method":"GET","status_code":200,"duration_ms":36}
{"time":"2026-10-07T15:45:27.254073+08:00","level":"INFO","msg":"http request complete","request_id":"01a11553-0e9d-7d00-9444-8e3dbf86b98d","method":"GET","status_code":200,"duration_ms":56}
{"time":"2026-10-07T15:45:27.489194+08:00","level":"INFO","msg":"http request complete","request_id":"01a11553-0fa0-778d-b15c-ab74536cd0ad","method":"GET","status_code":200,"duration_ms":32}
{"time":"2026-10-07T15:45:27.757131+08:00","level":"INFO","msg":"http request complete","request_id":"01a11553-108b-776a-8a90-07de2673f52a","method":"GET","status_code":200,"duration_ms":65}
{"time":"2026-10-07T15:45:27.995679+08:00","level":"INFO","msg":"http request complete","request_id":"01a11553-1196-7aa2-8c79-a93b4307bef0","method":"GET","status_code":200,"duration_ms":36}
{"time":"2026-10-07T15:45:28.228464+08:00","level":"INFO","msg":"http request complete","request_id":"01a11553-1285-7566-afe3-6d915a50b060","method":"GET","status_code":200,"duration_ms":31}
{"time":"2026-10-07T15:45:28.455207+08:00","level":"INFO","msg":"http request complete","request_id":"01a11553-136e-761e-94d5-eb0a8d68a729","method":"GET","status_code":200,"duration_ms":24}
{"time":"2026-10-07T15:45:28.688059+08:00","level":"INFO","msg":"http request complete","request_id":"01a11553-1451-7904-95bb-add599b8c7b5","method":"GET","status_code":200,"duration_ms":30}
{"time":"2026-10-07T15:45:28.925333+08:00","level":"INFO","msg":"http request complete","request_id":"01a11553-153a-78c6-a588-22f331492f0e","method":"GET","status_code":200,"duration_ms":34}
{"time":"2026-10-07T15:45:29.155079+08:00","level":"INFO","msg":"http request complete","request_id":"01a11553-1629-768b-a90d-a046af90e8f4","method":"GET","status_code":200,"duration_ms":25}
{"time":"2026-10-07T15:45:29.420069+08:00","level":"INFO","msg":"http request complete","request_id":"01a11553-170d-78dd-b50b-4a42d4591a3b","method":"GET","status_code":200,"duration_ms":62}
{"time":"2026-10-07T15:45:29.660682+08:00","level":"INFO","msg":"http request complete","request_id":"01a11553-1816-774f-bfe3-a9b4f1a4f474","method":"GET","status_code":200,"duration_ms":38}
{"time":"2026-10-07T15:45:29.901502+08:00","level":"INFO","msg":"http request complete","request_id":"01a11553-1907-71a5-9f07-09111e8a0c89","method":"GET","status_code":200,"duration_ms":38}
{"time":"2026-10-07T15:45:30.1312+08:00","level":"INFO","msg":"http request complete","request_id":"01a11553-19f6-7bf2-ba62-b4cdae002cf9","method":"GET","status_code":200,"duration_ms":28}
{"time":"2026-10-07T15:45:30.478853+08:00","level":"INFO","msg":"http request complete","request_id":"01a11553-1add-794e-b66c-71d92b4b23a8","method":"GET","status_code":200,"duration_ms":145}
{"time":"2026-10-07T15:45:30.913764+08:00","level":"INFO","msg":"http request complete","request_id":"01a11553-1c39-739d-a575-d4bed7cfdbf5","method":"GET","status_code":200,"duration_ms":232}
{"time":"2026-10-07T15:45:31.306947+08:00","level":"INFO","msg":"http request complete","request_id":"01a11553-1dec-7259-a048-ef3e4e179a82","method":"GET","status_code":200,"duration_ms":190}
{"time":"2026-10-07T15:45:31.659497+08:00","level":"INFO","msg":"http request complete","request_id":"01a11553-1f74-7904-87c5-d8a99ab5d184","method":"GET","status_code":200,"duration_ms":150}
{"time":"2026-10-07T15:45:31.993663+08:00","level":"INFO","msg":"http request complete","request_id":"01a11553-20d6-717e-90a3-46a05822f83a","method":"GET","status_code":200,"duration_ms":131}
{"time":"2026-10-07T15:45:32.414987+08:00","level":"INFO","msg":"http request complete","request_id":"01a11553-2224-7027-a0f1-c2ff7c6628fc","method":"GET","status_code":200,"duration_ms":218}
{"time":"2026-10-07T15:45:32.777569+08:00","level":"INFO","msg":"http request complete","request_id":"01a11553-23c8-7a16-bdae-26cddb656a1f","method":"GET","status_code":200,"duration_ms":160}
{"time":"2026-10-07T15:45:33.134409+08:00","level":"INFO","msg":"http request complete","request_id":"01a11553-2533-7f36-8df8-f9a073b5c874","method":"GET","status_code":200,"duration_ms":154}
{"time":"2026-10-07T15:45:33.743544+08:00","level":"INFO","msg":"http request complete","request_id":"01a11553-2698-7b71-bb71-9ee8ff04b381","method":"GET","status_code":200,"duration_ms":406}
{"time":"2026-10-07T15:45:34.100014+08:00","level":"INFO","msg":"http request complete","request_id":"01a11553-28f9-7edc-9621-39711e61f2d0","method":"GET","status_code":200,"duration_ms":154}
{"time":"2026-10-07T15:45:34.506172+08:00","level":"INFO","msg":"http request complete","request_id":"01a11553-2a5d-75c4-a066-ef8acef07653","method":"GET","status_code":200,"duration_ms":204}
{"time":"2026-10-07T15:45:34.848474+08:00","level":"INFO","msg":"http request complete","request_id":"01a11553-2bf5-742e-8756-4c28d0829722","method":"GET","status_code":200,"duration_ms":139}
{"time":"2026-10-07T15:45:35.191268+08:00","level":"INFO","msg":"http request complete","request_id":"01a11553-2d4a-7061-aad3-5484dd986786","method":"GET","status_code":200,"duration_ms":141}
{"time":"2026-10-07T15:45:35.544397+08:00","level":"INFO","msg":"http request complete","request_id":"01a11553-2ea1-78a6-abba-0fc3c7b1cb91","method":"GET","status_code":200,"duration_ms":150}
{"time":"2026-10-07T15:45:35.886262+08:00","level":"INFO","msg":"http request complete","request_id":"01a11553-3002-7ba0-8b71-5492fdf3a2e5","method":"GET","status_code":200,"duration_ms":139}
{"time":"2026-10-07T15:45:36.628205+08:00","level":"INFO","msg":"http request complete","request_id":"01a11553-3158-7a93-9f8f-2b141b6ec6ad","method":"GET","status_code":200,"duration_ms":539}
{"time":"2026-10-07T15:45:37.237478+08:00","level":"INFO","msg":"http request complete","request_id":"01a11553-343e-7cc9-b9a8-72b524909033","method":"GET","status_code":200,"duration_ms":406}
{"time":"2026-10-07T15:45:37.846411+08:00","level":"INFO","msg":"http request complete","request_id":"01a11553-369f-7e53-84b5-86d1c8cc0b49","method":"GET","status_code":200,"duration_ms":406}
{"time":"2026-10-07T15:45:38.846802+08:00","level":"INFO","msg":"http request complete","request_id":"01a11553-3900-7c0d-8779-eb3fabc23ca5","method":"GET","status_code":200,"duration_ms":797}
{"time":"2026-10-07T15:45:39.192385+08:00","level":"INFO","msg":"http request complete","request_id":"01a11553-3ce8-78aa-b87a-78fcb82f86f6","method":"GET","status_code":200,"duration_ms":143}
{"time":"2026-10-07T15:45:39.55636+08:00","level":"INFO","msg":"http request complete","request_id":"01a11553-3e42-7b23-ad74-467ef87f807d","method":"GET","status_code":200,"duration_ms":161}
{"time":"2026-10-07T15:45:39.903484+08:00","level":"INFO","msg":"http request complete","request_id":"01a11553-3fae-78e1-a74b-ce269bc028f5","method":"GET","status_code":200,"duration_ms":144}
{"time":"2026-10-07T15:45:40.415284+08:00","level":"INFO","msg":"http request complete","request_id":"01a11553-4108-7b1b-8bd4-68e4e4741524","method":"GET","status_code":200,"duration_ms":310}
{"time":"2026-10-07T15:45:40.769767+08:00","level":"INFO","msg":"http request complete","request_id":"01a11553-4309-78ae-8401-b086ff1959a6","method":"GET","status_code":200,"duration_ms":152}
{"time":"2026-10-07T15:45:41.116319+08:00","level":"INFO","msg":"http request complete","request_id":"01a11553-446c-748c-bef6-61870d084869","method":"GET","status_code":200,"duration_ms":143}
{"time":"2026-10-07T15:45:41.472112+08:00","level":"INFO","msg":"http request complete","request_id":"01a11553-45c8-71a9-a32c-2a7b457ddc19","method":"GET","status_code":200,"duration_ms":151}
{"time":"2026-10-07T15:45:41.827307+08:00","level":"INFO","msg":"http request complete","request_id":"01a11553-472a-76b6-8a4a-ce3ba9af0cf5","method":"GET","status_code":200,"duration_ms":152}
{"time":"2026-10-07T15:45:42.166698+08:00","level":"INFO","msg":"http request complete","request_id":"01a11553-488d-73eb-9a37-4e02f32e8927","method":"GET","status_code":200,"duration_ms":137}
{"time":"2026-10-07T15:45:42.569061+08:00","level":"INFO","msg":"http request complete","request_id":"01a11553-49e0-74f9-a3ab-79fa9c54adff","method":"GET","status_code":200,"duration_ms":200}
{"time":"2026-10-07T15:45:42.922478+08:00","level":"INFO","msg":"http request complete","request_id":"01a11553-4b73-719a-9ed2-9bbb7b844acf","method":"GET","status_code":200,"duration_ms":151}
{"time":"2026-10-07T15:45:43.279481+08:00","level":"INFO","msg":"http request complete","request_id":"01a11553-4cd4-7e2c-9514-0ec4a963e4a8","method":"GET","status_code":200,"duration_ms":154}
{"time":"2026-10-07T15:45:43.637991+08:00","level":"INFO","msg":"http request complete","request_id":"01a11553-4e39-7d69-b7e2-ee720d4934c5","method":"GET","status_code":200,"duration_ms":156}
{"time":"2026-10-07T15:45:43.975628+08:00","level":"INFO","msg":"http request complete","request_id":"01a11553-4fa0-75b1-808c-1958df9230e1","method":"GET","status_code":200,"duration_ms":135}
{"time":"2026-10-07T15:45:44.429194+08:00","level":"INFO","msg":"http request complete","request_id":"01a11553-50f2-7079-9071-3cfe65aea919","method":"GET","status_code":200,"duration_ms":251}
{"time":"2026-10-07T15:45:44.767701+08:00","level":"INFO","msg":"http request complete","request_id":"01a11553-52b7-7a9a-a7d6-a97e4f0f4e23","method":"GET","status_code":200,"duration_ms":135}
{"time":"2026-10-07T15:45:45.130401+08:00","level":"INFO","msg":"http request complete","request_id":"01a11553-540a-7226-bf94-41fb41dc9cef","method":"GET","status_code":200,"duration_ms":160}
{"time":"2026-10-07T15:45:45.47721+08:00","level":"INFO","msg":"http request complete","request_id":"01a11553-5574-7e96-816b-2d143b101d4e","method":"GET","status_code":200,"duration_ms":144}
{"time":"2026-10-07T15:45:45.833587+08:00","level":"INFO","msg":"http request complete","request_id":"01a11553-56cf-7918-91e6-0f63118bc99e","method":"GET","status_code":200,"duration_ms":153}
{"time":"2026-10-07T15:45:46.188587+08:00","level":"INFO","msg":"http request complete","request_id":"01a11553-5833-7e7b-80a7-73eefcbed84c","method":"GET","status_code":200,"duration_ms":152}
{"time":"2026-10-07T15:45:46.995905+08:00","level":"INFO","msg":"http request complete","request_id":"01a11553-5996-7e38-96e5-7d738a31cb8c","method":"GET","status_code":200,"duration_ms":604}
{"time":"2026-10-07T15:45:47.59195+08:00","level":"INFO","msg":"http request complete","request_id":"01a11553-5cbd-789b-9ad5-535b59509002","method":"GET","status_code":200,"duration_ms":394}
{"time":"2026-10-07T15:45:48.190162+08:00","level":"INFO","msg":"http request complete","request_id":"01a11553-5f11-7be2-b94b-93949ae58c83","method":"GET","status_code":200,"duration_ms":396}
{"time":"2026-10-07T15:45:49.01214+08:00","level":"INFO","msg":"http request complete","request_id":"01a11553-6167-7b10-90c3-34433c86b3ee","method":"GET","status_code":200,"duration_ms":620}
{"time":"2026-10-07T15:45:49.601265+08:00","level":"INFO","msg":"http request complete","request_id":"01a11553-649e-7cf0-a89d-0e33725b9071","method":"GET","status_code":200,"duration_ms":386}
{"time":"2026-10-07T15:45:50.214038+08:00","level":"INFO","msg":"http request complete","request_id":"01a11553-66eb-7a3d-8f05-8f3f513b295a","method":"GET","status_code":200,"duration_ms":410}
{"time":"2026-10-07T15:45:50.922353+08:00","level":"INFO","msg":"http request complete","request_id":"01a11553-6950-75ad-91a7-bb7925f853a6","method":"GET","status_code":200,"duration_ms":505}
{"time":"2026-10-07T15:45:51.279947+08:00","level":"INFO","msg":"http request complete","request_id":"01a11553-6c15-7747-a139-bdaf65b9c4b5","method":"GET","status_code":200,"duration_ms":154}
{"time":"2026-10-07T15:45:51.645364+08:00","level":"INFO","msg":"http request complete","request_id":"01a11553-6d7a-77d3-85a3-0510dec43a05","method":"GET","status_code":200,"duration_ms":162}
{"time":"2026-10-07T15:45:52.030606+08:00","level":"INFO","msg":"http request complete","request_id":"01a11553-6ee8-730d-9b4a-473bf0daba8e","method":"GET","status_code":200,"duration_ms":182}
{"time":"2026-10-07T15:45:52.418711+08:00","level":"INFO","msg":"http request complete","request_id":"01a11553-7069-7bc3-a9a8-367158ee062d","method":"GET","status_code":200,"duration_ms":184}
{"time":"2026-10-07T15:45:52.767349+08:00","level":"INFO","msg":"http request complete","request_id":"01a11553-71ed-74d6-91a0-2d3c289486c1","method":"GET","status_code":200,"duration_ms":145}
{"time":"2026-10-07T15:45:53.125598+08:00","level":"INFO","msg":"http request complete","request_id":"01a11553-7349-7bfa-8e10-0e743acbb43d","method":"GET","status_code":200,"duration_ms":155}
{"time":"2026-10-07T15:45:53.472535+08:00","level":"INFO","msg":"http request complete","request_id":"01a11553-74b0-717e-9edd-810746031c35","method":"GET","status_code":200,"duration_ms":144}
{"time":"2026-10-07T15:45:53.815219+08:00","level":"INFO","msg":"http request complete","request_id":"01a11553-760a-7979-8f6e-ea9585662bb7","method":"GET","status_code":200,"duration_ms":140}
{"time":"2026-10-07T15:45:54.174216+08:00","level":"INFO","msg":"http request complete","request_id":"01a11553-7761-7e44-a788-37983d625447","method":"GET","status_code":200,"duration_ms":156}
{"time":"2026-10-07T15:45:54.571683+08:00","level":"INFO","msg":"http request complete","request_id":"01a11553-78c8-79db-86ba-4206f45ec739","method":"GET","status_code":200,"duration_ms":194}
{"time":"2026-10-07T15:45:54.944316+08:00","level":"INFO","msg":"http request complete","request_id":"01a11553-7a55-7461-9947-d5967a3649f8","method":"GET","status_code":200,"duration_ms":170}
{"time":"2026-10-07T15:45:55.300733+08:00","level":"INFO","msg":"http request complete","request_id":"01a11553-7bcb-7167-b5b2-2117c2f2c6df","method":"GET","status_code":200,"duration_ms":153}
{"time":"2026-10-07T15:45:55.658626+08:00","level":"INFO","msg":"http request complete","request_id":"01a11553-7d2f-73e0-a0e4-e6ced7054e67","method":"GET","status_code":200,"duration_ms":155}
{"time":"2026-10-07T15:45:56.027766+08:00","level":"INFO","msg":"http request complete","request_id":"01a11553-7e94-77c0-9610-c8eff7aea176","method":"GET","status_code":200,"duration_ms":167}
{"time":"2026-10-07T15:45:56.527277+08:00","level":"INFO","msg":"http request complete","request_id":"01a11553-8005-774b-9b0f-3cdbbe03f007","method":"GET","status_code":200,"duration_ms":297}
{"time":"2026-10-07T15:45:56.937552+08:00","level":"INFO","msg":"http request complete","request_id":"01a11553-81f9-7e30-bcac-6c1255376226","method":"GET","status_code":200,"duration_ms":207}
{"time":"2026-10-07T15:45:57.43094+08:00","level":"INFO","msg":"http request complete","request_id":"01a11553-8393-755b-b227-716a432d2d00","method":"GET","status_code":200,"duration_ms":291}
{"time":"2026-10-07T15:45:57.952761+08:00","level":"INFO","msg":"http request complete","request_id":"01a11553-8580-7d81-a512-66a41ebe20de","method":"GET","status_code":200,"duration_ms":319}
{"time":"2026-10-07T15:45:58.429062+08:00","level":"INFO","msg":"http request complete","request_id":"01a11553-878b-7340-91b6-bb3eedf9e14d","method":"GET","status_code":200,"duration_ms":273}
{"time":"2026-10-07T15:45:58.78192+08:00","level":"INFO","msg":"http request complete","request_id":"01a11553-8967-7acd-b3cf-e2de20355123","method":"GET","status_code":200,"duration_ms":150}
{"time":"2026-10-07T15:45:59.183274+08:00","level":"INFO","msg":"http request complete","request_id":"01a11553-8ac8-7c21-9095-411fe105620c","method":"GET","status_code":200,"duration_ms":198}
{"time":"2026-10-07T15:45:59.706818+08:00","level":"INFO","msg":"http request complete","request_id":"01a11553-8c59-78f8-8d2d-6e7095f6e3ff","method":"GET","status_code":200,"duration_ms":321}
{"time":"2026-10-07T15:46:00.068656+08:00","level":"INFO","msg":"http request complete","request_id":"01a11553-8e65-75f3-8e5c-2e04cee79b98","method":"GET","status_code":200,"duration_ms":159}
{"time":"2026-10-07T15:46:00.479745+08:00","level":"INFO","msg":"http request complete","request_id":"01a11553-8fce-736b-8d85-9ef95c2d77af","method":"GET","status_code":200,"duration_ms":209}
{"time":"2026-10-07T15:46:00.853796+08:00","level":"INFO","msg":"http request complete","request_id":"01a11553-916a-73c0-aa8f-4c3d0bc2252f","method":"GET","status_code":200,"duration_ms":171}
{"time":"2026-10-07T15:46:01.220262+08:00","level":"INFO","msg":"http request complete","request_id":"01a11553-92e0-74d6-9148-e77051432893","method":"GET","status_code":200,"duration_ms":163}
{"time":"2026-10-07T15:46:01.593208+08:00","level":"INFO","msg":"http request complete","request_id":"01a11553-944e-7ccd-8a60-b739451f6e2c","method":"GET","status_code":200,"duration_ms":170}
{"time":"2026-10-07T15:46:01.960585+08:00","level":"INFO","msg":"http request complete","request_id":"01a11553-95c4-738a-97af-75cac0a9d908","method":"GET","status_code":200,"duration_ms":164}
{"time":"2026-10-07T15:46:02.423107+08:00","level":"INFO","msg":"http request complete","request_id":"01a11553-9733-7367-8b7c-3e147c75c671","method":"GET","status_code":200,"duration_ms":259}
{"time":"2026-10-07T15:46:02.788184+08:00","level":"INFO","msg":"http request complete","request_id":"01a11553-9901-740b-8bb3-2579161be51b","method":"GET","status_code":200,"duration_ms":162}
{"time":"2026-10-07T15:46:03.155893+08:00","level":"INFO","msg":"http request complete","request_id":"01a11553-9a6e-7d56-8f94-869bbc45349c","method":"GET","status_code":200,"duration_ms":164}
{"time":"2026-10-07T15:46:03.514283+08:00","level":"INFO","msg":"http request complete","request_id":"01a11553-9bde-71c1-8d88-53bd04157172","method":"GET","status_code":200,"duration_ms":156}
{"time":"2026-10-07T15:46:03.973564+08:00","level":"INFO","msg":"http request complete","request_id":"01a11553-9d48-7616-9d76-17852a5cccfa","method":"GET","status_code":200,"duration_ms":253}
{"time":"2026-10-07T15:46:04.437821+08:00","level":"INFO","msg":"http request complete","request_id":"01a11553-9f0f-7952-b87a-cbe9db8f1a38","method":"GET","status_code":200,"duration_ms":262}
{"time":"2026-10-07T15:46:04.781332+08:00","level":"INFO","msg":"http request complete","request_id":"01a11553-a0e0-76a3-bcb2-c8b522eb19b3","method":"GET","status_code":200,"duration_ms":140}
{"time":"2026-10-07T15:46:05.130505+08:00","level":"INFO","msg":"http request complete","request_id":"01a11553-a238-72ee-964c-6307df52e714","method":"GET","status_code":200,"duration_ms":146}
{"time":"2026-10-07T15:46:05.493037+08:00","level":"INFO","msg":"http request complete","request_id":"01a11553-a394-795a-87df-ee10b59efc64","method":"GET","status_code":200,"duration_ms":160}
{"time":"2026-10-07T15:46:06.139628+08:00","level":"INFO","msg":"http request complete","request_id":"01a11553-a4ff-734b-912c-3eadd83ca421","method":"GET","status_code":200,"duration_ms":444}
{"time":"2026-10-07T15:46:06.96981+08:00","level":"INFO","msg":"http request complete","request_id":"01a11553-a786-722e-9a78-55c890885d30","method":"GET","status_code":200,"duration_ms":627}
{"time":"2026-10-07T15:46:07.539716+08:00","level":"INFO","msg":"http request complete","request_id":"01a11553-aac4-7255-b2b9-178dcd7c59de","method":"GET","status_code":200,"duration_ms":367}
{"time":"2026-10-07T15:46:08.048659+08:00","level":"INFO","msg":"http request complete","request_id":"01a11553-acfe-7436-a64d-071ea67e68a3","method":"GET","status_code":200,"duration_ms":306}
{"time":"2026-10-07T15:46:08.456592+08:00","level":"INFO","msg":"http request complete","request_id":"01a11553-aefa-795a-b94e-0a1476460e1b","method":"GET","status_code":200,"duration_ms":205}
{"time":"2026-10-07T15:46:08.805746+08:00","level":"INFO","msg":"http request complete","request_id":"01a11553-b093-78b6-9d23-7e676c346138","method":"GET","status_code":200,"duration_ms":146}
{"time":"2026-10-07T15:46:09.204382+08:00","level":"INFO","msg":"http request complete","request_id":"01a11553-b1f0-7328-bd53-c88db78aefd5","method":"GET","status_code":200,"duration_ms":196}
{"time":"2026-10-07T15:46:09.703265+08:00","level":"INFO","msg":"http request complete","request_id":"01a11553-b37f-700b-8e5f-a94100ea3797","method":"GET","status_code":200,"duration_ms":296}
{"time":"2026-10-07T15:46:10.046368+08:00","level":"INFO","msg":"http request complete","request_id":"01a11553-b571-7bc3-84f1-7d71001bef4f","method":"GET","status_code":200,"duration_ms":140}
{"time":"2026-10-07T15:46:10.455475+08:00","level":"INFO","msg":"http request complete","request_id":"01a11553-b6c8-76e1-9419-05908671719a","method":"GET","status_code":200,"duration_ms":206}
{"time":"2026-10-07T15:46:10.823625+08:00","level":"INFO","msg":"http request complete","request_id":"01a11553-b861-79cf-bd9c-ca9f90aedca4","method":"GET","status_code":200,"duration_ms":165}
{"time":"2026-10-07T15:46:11.181502+08:00","level":"INFO","msg":"http request complete","request_id":"01a11553-b9d1-761e-8ff4-817ab6fb7130","method":"GET","status_code":200,"duration_ms":156}
{"time":"2026-10-07T15:46:11.522357+08:00","level":"INFO","msg":"http request complete","request_id":"01a11553-bb37-7290-ae0b-661766e1562c","method":"GET","status_code":200,"duration_ms":139}
{"time":"2026-10-07T15:46:11.865566+08:00","level":"INFO","msg":"http request complete","request_id":"01a11553-bc8d-710d-9b2f-3ffc4d038bd9","method":"GET","status_code":200,"duration_ms":140}
{"time":"2026-10-07T15:46:12.210545+08:00","level":"INFO","msg":"http request complete","request_id":"01a11553-bde3-7b90-90d3-862de0eee76d","method":"GET","status_code":200,"duration_ms":142}
{"time":"2026-10-07T15:46:12.613116+08:00","level":"INFO","msg":"http request complete","request_id":"01a11553-bf3d-71b5-95d8-3eb5c81b6c39","method":"GET","status_code":200,"duration_ms":199}
{"time":"2026-10-07T15:46:12.99451+08:00","level":"INFO","msg":"http request complete","request_id":"01a11553-c0cf-7ad5-b730-7e10f0cd454a","method":"GET","status_code":200,"duration_ms":178}
{"time":"2026-10-07T15:46:13.348359+08:00","level":"INFO","msg":"http request complete","request_id":"01a11553-c24d-72fd-bb02-6266a596ceed","method":"GET","status_code":200,"duration_ms":151}
{"time":"2026-10-07T15:46:13.694428+08:00","level":"INFO","msg":"http request complete","request_id":"01a11553-c3ae-7dcf-98ad-b7a1ebdc2eea","method":"GET","status_code":200,"duration_ms":143}
{"time":"2026-10-07T15:46:14.054791+08:00","level":"INFO","msg":"http request complete","request_id":"01a11553-c508-7e73-9495-a689078176e6","method":"GET","status_code":200,"duration_ms":157}
{"time":"2026-10-07T15:46:14.455379+08:00","level":"INFO","msg":"http request complete","request_id":"01a11553-c672-7b42-8070-78a162665e2e","method":"GET","status_code":200,"duration_ms":196}
--- FAIL: TestSP05ActualOrbStackInspectionAPIWorkerArchiveAndRestart (118.91s)
    archive_iam_test.go:42: owned TLS/IAM fixture image=docker.io/chrislusf/seaweedfs@sha256:d4cf67729aa8777e1a43a5b61d72e5b96179e4b7bac9a221cb14cbc2036cb32e id=9a0b45a3cd7dd33517001ff4cdcd9eae191648a065dae2091a241003991bf8ce bucket=sp05-chain-2fddeff0 tenants=1
    sp05_live_test.go:240: current RCA did not recheck actual Graph/Recipe/Evidence: 200 {"data":{"currentDegradedSources":["current-runtime-unverified","current-graph-revision-changed"],"currentEligible":false,"revision":{"schemaVersion":"rca-revision/v2","tenantId":"03c2843f-9639-4e35-a179-115b3f55535d","incidentId":"01a11552-5ba5-7ea9-8b15-e9252ec790e9","revision":4,"baseIncidentRevision":3,"inputDigest":"sha256:65446caecff05a69fc045b91e7a526a2e3ca36e48d82fa1761d087312ceeea29","actor":"deterministic-worker","source":"deterministic","superseded":false,"inputManifest":{"schemaVersion":"rca-input/v2","findingRevisions":[{"findingId":"01a11552-55b4-7a31-90f4-91b894a2f5ea","aggregateRevision":2,"occurrenceId":"01a11552-5597-704e-9b5c-675f6730f400","sourceFingerprint":"sha256:9810696ec35f413ac9b19572227b4edc8a6d8ee2d9ea1f5053b50362cdfe333d","sourceRegistrationId":"ca8ddc24-bc86-47b3-b78b-82d6ef6be151","sourceRevision":1,"resourceCanonicalId":"k8s+v1://03c2843f-9639-4e35-a179-115b3f55535d/607d16b7-8684-491b-bca8-be31264b371e/core/PersistentVolumeClaim/b4b5fbca-6823-47f4-b64b-ab3266bb7d3c","namespace":"sp04-chain-75eb9929","lifecycleState":"firing","digest":"sha256:e7fbc192cefb799a65bb42de9ca1f04136ea97849c5370a9b6f9f27f9e9ad626","observedAt":"2026-10-07T07:45:14.512602Z"}],"graphSources":[{"sourceRegistrationId":"ca8ddc24-bc86-47b3-b78b-82d6ef6be151","revision":1,"scopeDigest":"sha256:c9b344b426f063c6ab1b9cc404f89a0e4a89edbaeb4457c45ba7205eb25844c9"}],"resourceCanonicalId":"k8s+v1://03c2843f-9639-4e35-a179-115b3f55535d/607d16b7-8684-491b-bca8-be31264b371e/core/PersistentVolumeClaim/b4b5fbca-6823-47f4-b64b-ab3266bb7d3c","evidence":[{"sourceScopeDigest":"sha256:c9b344b426f063c6ab1b9cc404f89a0e4a89edbaeb4457c45ba7205eb25844c9","schemaVersion":"evidence/v2","evidenceId":"00606028-06db-5c44-be78-5c23491ce31c","tenantId":"03c2843f-9639-4e35-a179-115b3f55535d","resourceCanonicalId":"k8s+v1://03c2843f-9639-4e35-a179-115b3f55535d/607d16b7-8684-491b-bca8-be31264b371e/core/PersistentVolumeClaim/b4b5fbca-6823-47f4-b64b-ab3266bb7d3c","type":"resource_state","dataClass":"D0","sourceRegistrationId":"ca8ddc24-bc86-47b3-b78b-82d6ef6be151","sourceRevision":1,"sourceSystem":"kubernetes","backendLogicalId":"orbstack-owned-collector","queryTemplateVersion":"sp05-signal/v1","queryHash":"sha256:990c52a04f0be7017f13892798728f51553e3f3052ee4cde8740ecd90359697a","effectiveScope":{"tenantId":"03c2843f-9639-4e35-a179-115b3f55535d","clusterUid":"607d16b7-8684-491b-bca8-be31264b371e","namespaces":["sp04-chain-75eb9929"],"resources":[],"clusterScoped":false,"authorizationRevision":"collector/ca8ddc24-bc86-47b3-b78b-82d6ef6be151/1"},"evaluatedAt":"2026-10-07T07:44:40.079015Z","observedFrom":"2026-10-07T07:44:40.079015Z","observedTo":"2026-10-07T07:44:40.079015Z","sourceRetentionUntil":"2026-10-07T07:44:40.079015Z","timeReliable":true,"replayState":"archived_verified","contentDigest":"sha256:6839fed95119b89dff3f4e333a7460792635b4fd87483040789cde8a79cea420","derivationEvidenceRefs":[],"independenceGroup":"ca8ddc24-bc86-47b3-b78b-82d6ef6be151/64a6c2d6-970d-4274-8af2-ed74edfbb2af","archiveRef":{"backendLogicalId":"archive-live","object":{"tenantId":"03c2843f-9639-4e35-a179-115b3f55535d","objectId":"00606028-06db-5c44-be78-5c23491ce31c","category":"evidence","key":"tenants/470da7356037db058472cfa99b0809048d22080544e4910f5b5c759ec92d0873/evidence/00606028-06db-5c44-be78-5c23491ce31c","digest":"sha256:6075fb909b9f93fb8b319f9f5116ab35ffd0dc3b84f37ce7d7a42b19f8c0dec6","size":510,"contentType":"application/vnd.ops.transit-envelope+json","versionId":"6723d06689cc6c836da3be0b94db75c0","etag":"\"0a6d73e84a39984daf72ab5569027989\"","retainUntil":"2027-10-08T07:44:48Z"},"encryptionKeyVersion":"31","plaintextDigest":"sha256:6839fed95119b89dff3f4e333a7460792635b4fd87483040789cde8a79cea420","ciphertextDigest":"sha256:6075fb909b9f93fb8b319f9f5116ab35ffd0dc3b84f37ce7d7a42b19f8c0dec6"}},{"sourceScopeDigest":"sha256:c9b344b426f063c6ab1b9cc404f89a0e4a89edbaeb4457c45ba7205eb25844c9","schemaVersion":"evidence/v2","evidenceId":"1e6e6aa5-afd3-51e8-8b0a-baf27d21eafa","tenantId":"03c2843f-9639-4e35-a179-115b3f55535d","resourceCanonicalId":"k8s+v1://03c2843f-9639-4e35-a179-115b3f55535d/607d16b7-8684-491b-bca8-be31264b371e/core/PersistentVolumeClaim/b4b5fbca-6823-47f4-b64b-ab3266bb7d3c","type":"resource_state","dataClass":"D0","sourceRegistrationId":"ca8ddc24-bc86-47b3-b78b-82d6ef6be151","sourceRevision":1,"sourceSystem":"kubernetes","backendLogicalId":"orbstack-owned-collector","queryTemplateVersion":"kubernetes-projection/v1","queryHash":"sha256:c64687adba261219905aca974ce8d8c36ae031b9418d8e98b7e04c16f175c123","effectiveScope":{"tenantId":"03c2843f-9639-4e35-a179-115b3f55535d","clusterUid":"607d16b7-8684-491b-bca8-be31264b371e","namespaces":["sp04-chain-75eb9929"],"resources":[],"clusterScoped":true,"authorizationRevision":"collector/ca8ddc24-bc86-47b3-b78b-82d6ef6be151/1"},"evaluatedAt":"2026-10-07T07:44:38.026583Z","observedFrom":"2026-10-07T07:44:38.026583Z","observedTo":"2026-10-07T07:44:38.026583Z","sourceRetentionUntil":"2026-10-07T07:44:38.026583Z","timeReliable":true,"replayState":"archived_verified","contentDigest":"sha256:a11c89f96105bf00c25244989e866f0957aed4d48234c3eecb1de55a4ef46d41","derivationEvidenceRefs":[],"independenceGroup":"ca8ddc24-bc86-47b3-b78b-82d6ef6be151","archiveRef":{"backendLogicalId":"archive-live","object":{"tenantId":"03c2843f-9639-4e35-a179-115b3f55535d","objectId":"1e6e6aa5-afd3-51e8-8b0a-baf27d21eafa","category":"evidence","key":"tenants/470da7356037db058472cfa99b0809048d22080544e4910f5b5c759ec92d0873/evidence/1e6e6aa5-afd3-51e8-8b0a-baf27d21eafa","digest":"sha256:57806120e508aff41e9f18f17debf14b273caa619c5ebd71c6875f4dd14f6c73","size":770,"contentType":"application/vnd.ops.transit-envelope+json","versionId":"6723d0686e3c4c4dd711fbcfbf93cbd7","etag":"\"d36cbe21378911df86222d4bb778c113\"","retainUntil":"2027-10-08T07:44:40Z"},"encryptionKeyVersion":"31","plaintextDigest":"sha256:a11c89f96105bf00c25244989e866f0957aed4d48234c3eecb1de55a4ef46d41","ciphertextDigest":"sha256:57806120e508aff41e9f18f17debf14b273caa619c5ebd71c6875f4dd14f6c73"}},{"sourceScopeDigest":"sha256:c9b344b426f063c6ab1b9cc404f89a0e4a89edbaeb4457c45ba7205eb25844c9","schemaVersion":"evidence/v2","evidenceId":"93f2540b-0c15-5b1f-bb78-4915b10259d2","tenantId":"03c2843f-9639-4e35-a179-115b3f55535d","resourceCanonicalId":"k8s+v1://03c2843f-9639-4e35-a179-115b3f55535d/607d16b7-8684-491b-bca8-be31264b371e/core/PersistentVolumeClaim/b4b5fbca-6823-47f4-b64b-ab3266bb7d3c","type":"resource_state","dataClass":"D0","sourceRegistrationId":"ca8ddc24-bc86-47b3-b78b-82d6ef6be151","sourceRevision":1,"sourceSystem":"kubernetes","backendLogicalId":"orbstack-owned-collector","queryTemplateVersion":"sp05-signal/v1","queryHash":"sha256:0a03aba6b1ee3c24b9a3048064ab288a103c01b2709ebc3a5763bd1bdddd7d55","effectiveScope":{"tenantId":"03c2843f-9639-4e35-a179-115b3f55535d","clusterUid":"607d16b7-8684-491b-bca8-be31264b371e","namespaces":["sp04-chain-75eb9929"],"resources":[],"clusterScoped":false,"authorizationRevision":"collector/ca8ddc24-bc86-47b3-b78b-82d6ef6be151/1"},"evaluatedAt":"2026-10-07T07:45:14.719233Z","observedFrom":"2026-10-07T07:45:14.719233Z","observedTo":"2026-10-07T07:45:14.719233Z","sourceRetentionUntil":"2026-10-07T07:45:14.719233Z","timeReliable":true,"replayState":"archived_verified","contentDigest":"sha256:6839fed95119b89dff3f4e333a7460792635b4fd87483040789cde8a79cea420","derivationEvidenceRefs":[],"independenceGroup":"ca8ddc24-bc86-47b3-b78b-82d6ef6be151/64a6c2d6-970d-4274-8af2-ed74edfbb2af","archiveRef":{"backendLogicalId":"archive-live","object":{"tenantId":"03c2843f-9639-4e35-a179-115b3f55535d","objectId":"93f2540b-0c15-5b1f-bb78-4915b10259d2","category":"evidence","key":"tenants/470da7356037db058472cfa99b0809048d22080544e4910f5b5c759ec92d0873/evidence/93f2540b-0c15-5b1f-bb78-4915b10259d2","digest":"sha256:90621e0a2098ebade736e3c12dfca24afcdfed4c163c46234aefce9d23b0d3ce","size":510,"contentType":"application/vnd.ops.transit-envelope+json","versionId":"6723d05e149a65751d5f0d115df9a541","etag":"\"421a75f02fb9ef9c9a24f26a7c3f4d27\"","retainUntil":"2027-10-08T07:45:25Z"},"encryptionKeyVersion":"31","plaintextDigest":"sha256:6839fed95119b89dff3f4e333a7460792635b4fd87483040789cde8a79cea420","ciphertextDigest":"sha256:90621e0a2098ebade736e3c12dfca24afcdfed4c163c46234aefce9d23b0d3ce"}},{"sourceScopeDigest":"sha256:c9b344b426f063c6ab1b9cc404f89a0e4a89edbaeb4457c45ba7205eb25844c9","schemaVersion":"evidence/v2","evidenceId":"f07206dd-d8c4-59c2-840e-cb5a77929245","tenantId":"03c2843f-9639-4e35-a179-115b3f55535d","resourceCanonicalId":"k8s+v1://03c2843f-9639-4e35-a179-115b3f55535d/607d16b7-8684-491b-bca8-be31264b371e/core/PersistentVolumeClaim/b4b5fbca-6823-47f4-b64b-ab3266bb7d3c","type":"resource_state","dataClass":"D0","sourceRegistrationId":"ca8ddc24-bc86-47b3-b78b-82d6ef6be151","sourceRevision":1,"sourceSystem":"kubernetes","backendLogicalId":"orbstack-owned-collector","queryTemplateVersion":"sp05-signal/v1","queryHash":"sha256:b5218d2a9578536d2a4f337d4203a08ec9a999271dbb7cec5e18e6f20a4eade2","effectiveScope":{"tenantId":"03c2843f-9639-4e35-a179-115b3f55535d","clusterUid":"607d16b7-8684-491b-bca8-be31264b371e","namespaces":["sp04-chain-75eb9929"],"resources":[],"clusterScoped":false,"authorizationRevision":"collector/ca8ddc24-bc86-47b3-b78b-82d6ef6be151/1"},"evaluatedAt":"2026-10-07T07:44:38.026583Z","observedFrom":"2026-10-07T07:44:38.026583Z","observedTo":"2026-10-07T07:44:38.026583Z","sourceRetentionUntil":"2026-10-07T07:44:38.026583Z","timeReliable":true,"replayState":"archived_verified","contentDigest":"sha256:d6880d7a70d96a47221f255afa9762a8c0d4430ecfed2c7cca28b851dfa356b7","derivationEvidenceRefs":[],"independenceGroup":"ca8ddc24-bc86-47b3-b78b-82d6ef6be151/b4b5fbca-6823-47f4-b64b-ab3266bb7d3c","archiveRef":{"backendLogicalId":"archive-live","object":{"tenantId":"03c2843f-9639-4e35-a179-115b3f55535d","objectId":"f07206dd-d8c4-59c2-840e-cb5a77929245","category":"evidence","key":"tenants/470da7356037db058472cfa99b0809048d22080544e4910f5b5c759ec92d0873/evidence/f07206dd-d8c4-59c2-840e-cb5a77929245","digest":"sha256:a20b56323448e78e317e56a1807d2a5cb29885f7d785bccd6865c3d704ee02eb","size":546,"contentType":"application/vnd.ops.transit-envelope+json","versionId":"6723d066863eb440937a15e1e5da1bed","etag":"\"e216c73ffb05f45c07cf3023a6a8f18a\"","retainUntil":"2027-10-08T07:44:49Z"},"encryptionKeyVersion":"31","plaintextDigest":"sha256:d6880d7a70d96a47221f255afa9762a8c0d4430ecfed2c7cca28b851dfa356b7","ciphertextDigest":"sha256:a20b56323448e78e317e56a1807d2a5cb29885f7d785bccd6865c3d704ee02eb"}},{"sourceScopeDigest":"sha256:c9b344b426f063c6ab1b9cc404f89a0e4a89edbaeb4457c45ba7205eb25844c9","schemaVersion":"evidence/v2","evidenceId":"f8779bbd-3960-53af-81a7-15b876452182","tenantId":"03c2843f-9639-4e35-a179-115b3f55535d","resourceCanonicalId":"k8s+v1://03c2843f-9639-4e35-a179-115b3f55535d/607d16b7-8684-491b-bca8-be31264b371e/core/PersistentVolumeClaim/b4b5fbca-6823-47f4-b64b-ab3266bb7d3c","type":"resource_state","dataClass":"D0","sourceRegistrationId":"ca8ddc24-bc86-47b3-b78b-82d6ef6be151","sourceRevision":1,"sourceSystem":"kubernetes","backendLogicalId":"orbstack-owned-collector","queryTemplateVersion":"sp05-signal/v1","queryHash":"sha256:b728e8b0efd54e0470d26d8a73e6a961d12293275c654838bd58a55a083c4e5a","effectiveScope":{"tenantId":"03c2843f-9639-4e35-a179-115b3f55535d","clusterUid":"607d16b7-8684-491b-bca8-be31264b371e","namespaces":["sp04-chain-75eb9929"],"resources":[],"clusterScoped":false,"authorizationRevision":"collector/ca8ddc24-bc86-47b3-b78b-82d6ef6be151/1"},"evaluatedAt":"2026-10-07T07:45:14.512602Z","observedFrom":"2026-10-07T07:45:14.512602Z","observedTo":"2026-10-07T07:45:14.512602Z","sourceRetentionUntil":"2026-10-07T07:45:14.512602Z","timeReliable":true,"replayState":"archived_verified","contentDigest":"sha256:d6880d7a70d96a47221f255afa9762a8c0d4430ecfed2c7cca28b851dfa356b7","derivationEvidenceRefs":[],"independenceGroup":"ca8ddc24-bc86-47b3-b78b-82d6ef6be151/b4b5fbca-6823-47f4-b64b-ab3266bb7d3c","archiveRef":{"backendLogicalId":"archive-live","object":{"tenantId":"03c2843f-9639-4e35-a179-115b3f55535d","objectId":"f8779bbd-3960-53af-81a7-15b876452182","category":"evidence","key":"tenants/470da7356037db058472cfa99b0809048d22080544e4910f5b5c759ec92d0873/evidence/f8779bbd-3960-53af-81a7-15b876452182","digest":"sha256:81988f67cfd33f166e4f33826cddb061024672a276e9fa9a0ac161e347e5f41e","size":546,"contentType":"application/vnd.ops.transit-envelope+json","versionId":"6723d05e117c989ca06aa1db1245fe59","etag":"\"238427845ebd228f82f436b39cbc955e\"","retainUntil":"2027-10-08T07:45:25Z"},"encryptionKeyVersion":"31","plaintextDigest":"sha256:d6880d7a70d96a47221f255afa9762a8c0d4430ecfed2c7cca28b851dfa356b7","ciphertextDigest":"sha256:81988f67cfd33f166e4f33826cddb061024672a276e9fa9a0ac161e347e5f41e"}}],"graph":{"directlyAffected":[],"indirectlyAffected":[],"dependencyOnly":[],"schemaVersion":"resource-graph/v2","graphRevision":{"ownerEpoch":2,"graphGeneration":1},"ownerInstance":"4468b609-f0f0-43c8-94f3-430272a67996","collectedAt":"2026-10-07T15:45:50.121173+08:00","freshness":"fresh","partial":false,"warnings":[],"degradedSources":[],"nodes":[{"canonicalId":"k8s+v1://03c2843f-9639-4e35-a179-115b3f55535d/607d16b7-8684-491b-bca8-be31264b371e/core/PersistentVolumeClaim/b4b5fbca-6823-47f4-b64b-ab3266bb7d3c","kind":"PersistentVolumeClaim","name":"sp05-pvc","updatedAt":"2026-10-07T07:45:14.512602Z","tenantId":"03c2843f-9639-4e35-a179-115b3f55535d","domain":"k8s","scope":"607d16b7-8684-491b-bca8-be31264b371e","apiGroup":"core","stableId":"b4b5fbca-6823-47f4-b64b-ab3266bb7d3c","namespace":"sp04-chain-75eb9929","labels":{},"attributes":{"status":{"phase":"Pending"}},"sourceRefs":["ca8ddc24-bc86-47b3-b78b-82d6ef6be151"],"firstObservedAt":"2026-10-07T07:45:14.512602Z","lastObservedAt":"2026-10-07T07:45:14.512602Z"}],"edges":[],"budgets":{"maxDepth":2,"storageMaxDepth":2,"maxNodes":200,"maxEdges":400,"nodeCount":1,"edgeCount":0,"truncated":false},"rankedEvidence":[],"conflicts":null},"from":"2026-10-07T07:40:50.106104Z","to":"2026-10-07T07:45:50.106104Z","evaluatedAt":"2026-10-07T07:45:50.106104Z"},"result":{"schemaVersion":"rca-evaluation/v2","status":"unresolved","partial":true,"candidates":[{"candidateKey":"sha256:b272bb8717249c0a28066aec6a6901e0fa9986ab261e386b17f6fb79e33d953b","candidateType":"csi_provisioner_failure","resourceCanonicalId":"k8s+v1://03c2843f-9639-4e35-a179-115b3f55535d/607d16b7-8684-491b-bca8-be31264b371e/core/PersistentVolumeClaim/b4b5fbca-6823-47f4-b64b-ab3266bb7d3c","source":"deterministic","evidenceRefs":["f07206dd-d8c4-59c2-840e-cb5a77929245"],"score":90,"provenance":["pvc-csi-failure/v1","ontology/346236312685a2e2e824c46b9ecdb3e8e8a10c76"]}],"evidenceBundle":{"supporting":["f07206dd-d8c4-59c2-840e-cb5a77929245"],"contradicting":[],"missing":["csi-error","storage-path"],"degradedSources":[],"ranked":[{"rank":1,"source":"event","nodeId":"f07206dd-d8c4-59c2-840e-cb5a77929245","kind":"Event","severity":"warning","reason":"FailureEvidence","message":"csi_provisioner_failure","confidence":"observed","score":90,"timestamp":"2026-10-07T07:44:38.026583Z"}],"conflicts":[]},"recipeVersion":"v1","recipeDigest":"sha256:962374d5f8fb8181c8bd52ae856610cfad591fe0fdc298dd56f70aa69e1d24d9","impact":{"directlyAffected":[],"indirectlyAffected":[],"dependencyOnly":[],"schemaVersion":"resource-graph/v2","graphRevision":{"ownerEpoch":2,"graphGeneration":1},"ownerInstance":"4468b609-f0f0-43c8-94f3-430272a67996","collectedAt":"2026-10-07T15:45:50.121173+08:00","freshness":"fresh","partial":false,"warnings":[],"degradedSources":[],"nodes":[{"canonicalId":"k8s+v1://03c2843f-9639-4e35-a179-115b3f55535d/607d16b7-8684-491b-bca8-be31264b371e/core/PersistentVolumeClaim/b4b5fbca-6823-47f4-b64b-ab3266bb7d3c","kind":"PersistentVolumeClaim","name":"sp05-pvc","updatedAt":"2026-10-07T07:45:14.512602Z","tenantId":"03c2843f-9639-4e35-a179-115b3f55535d","domain":"k8s","scope":"607d16b7-8684-491b-bca8-be31264b371e","apiGroup":"core","stableId":"b4b5fbca-6823-47f4-b64b-ab3266bb7d3c","namespace":"sp04-chain-75eb9929","labels":{},"attributes":{"status":{"phase":"Pending"}},"sourceRefs":["ca8ddc24-bc86-47b3-b78b-82d6ef6be151"],"firstObservedAt":"2026-10-07T07:45:14.512602Z","lastObservedAt":"2026-10-07T07:45:14.512602Z"}],"edges":[],"budgets":{"maxDepth":2,"storageMaxDepth":2,"maxNodes":200,"maxEdges":400,"nodeCount":1,"edgeCount":0,"truncated":false},"rankedEvidence":[],"conflicts":null},"graphPlan":"single-query/v1"},"createdAt":"2026-10-07T07:45:50.163541Z"},"schemaVersion":"current-rca/v2","semantics":"frozen-revision-with-current-reference-authorization"},"meta":{},"requestId":"01a11553-c672-7b42-8070-78a162665e2e"}
    archive_iam_test.go:155: retained owned Archive fixture id=9a0b45a3cd7dd33517001ff4cdcd9eae191648a065dae2091a241003991bf8ce label=94bdb11a-00e2-411f-940c-68dd6b273686 bucket=sp05-chain-2fddeff0 private-material-directory=/Users/mssc/.local/state/ops/pre-sp07-20261004/protected-integration-r110/archive-iam-2488222197; process stopped, no storage/identity deletion
    migrations_test.go:436: retained owned integration database=sp03_mig_fdaa5c27d27b4814a3c95b4dc1725f65 test=TestSP05ActualOrbStackInspectionAPIWorkerArchiveAndRestart reason=audit.records; no automatic protected cleanup
2026/10/07 15:46:25 OK   00001_roles_and_schemas.sql (40.99ms)
2026/10/07 15:46:25 goose: successfully migrated database to version: 1
2026/10/07 15:46:25 OK   00002_platform_meta.sql (33.41ms)
2026/10/07 15:46:25 OK   00003_finding.sql (25.16ms)
2026/10/07 15:46:25 OK   00004_incident.sql (5.99ms)
2026/10/07 15:46:25 OK   00005_investigation.sql (11.39ms)
2026/10/07 15:46:25 OK   00006_action_command.sql (13.57ms)
2026/10/07 15:46:25 OK   00007_audit.sql (20.46ms)
2026/10/07 15:46:25 OK   00008_rls.sql (14.17ms)
2026/10/07 15:46:25 OK   00009_idempotency_ledger.sql (19.45ms)
2026/10/07 15:46:25 OK   00010_tenant_provisioning.sql (7.92ms)
2026/10/07 15:46:25 OK   00011_source_registration_history.sql (18.99ms)
2026/10/07 15:46:25 OK   00012_config_registry_lifecycle.sql (12.39ms)
2026/10/07 15:46:25 OK   00013_audit_signed_segments.sql (32.69ms)
2026/10/07 15:46:25 OK   00014_audit_segment_predecessors.sql (7.99ms)
2026/10/07 15:46:25 OK   00015_source_schema_scope.sql (4.79ms)
2026/10/07 15:46:25 OK   00016_cluster_registration_metadata.sql (6.98ms)
2026/10/07 15:46:25 OK   00017_source_data_scope.sql (12.16ms)
2026/10/07 15:46:25 OK   00018_sp04_resources_evidence.sql (37.84ms)
2026/10/07 15:46:25 OK   00019_sp04_archive_ciphertext_bytes.sql (6.58ms)
2026/10/07 15:46:25 OK   00020_sp04_request_ledger.sql (17.98ms)
2026/10/07 15:46:25 OK   00021_sp04_archive_protection.sql (59.09ms)
2026/10/07 15:46:25 OK   00022_sp04_legal_hold_dependencies.sql (29.54ms)
2026/10/07 15:46:25 OK   00023_sp04_archive_query_intent.sql (14.33ms)
2026/10/07 15:46:26 OK   00024_sp05_finding_incident.sql (35.55ms)
2026/10/07 15:46:26 OK   00025_sp05_incident_event_time.sql (10.41ms)
2026/10/07 15:46:26 OK   00026_sp05_source_binding_lock.sql (7.81ms)
2026/10/07 15:46:26 OK   00027_sp05_rca_and_poll.sql (19.61ms)
2026/10/07 15:46:26 OK   00028_sp05_operator_lock.sql (5.83ms)
2026/10/07 15:46:26 OK   00029_sp05_evidence_links.sql (13.54ms)
2026/10/07 15:46:26 OK   00030_sp05_recipe_fence.sql (8.13ms)
2026/10/07 15:46:26 OK   00031_sp05_rca_postcheck.sql (10.81ms)
2026/10/07 15:46:26 OK   00032_sp05_transport_audit.sql (4.55ms)
2026/10/07 15:46:26 OK   00033_sp05_poll_resolution_clock.sql (8.44ms)
2026/10/07 15:46:26 OK   00034_sp06_investigation_ledger.sql (44.13ms)
2026/10/07 15:46:26 OK   00035_sp06_admission_data_classes.sql (11.42ms)
2026/10/07 15:46:26 goose: successfully migrated database to version: 35
2026/10/07 15:46:27 OK   00001_roles_and_schemas.sql (13.26ms)
2026/10/07 15:46:27 goose: successfully migrated database to version: 1
2026/10/07 15:46:27 OK   00002_platform_meta.sql (21.94ms)
2026/10/07 15:46:27 OK   00003_finding.sql (22.1ms)
2026/10/07 15:46:27 OK   00004_incident.sql (8.38ms)
2026/10/07 15:46:27 OK   00005_investigation.sql (12.66ms)
2026/10/07 15:46:27 OK   00006_action_command.sql (5.88ms)
2026/10/07 15:46:27 OK   00007_audit.sql (28.46ms)
2026/10/07 15:46:27 OK   00008_rls.sql (17.24ms)
2026/10/07 15:46:27 OK   00009_idempotency_ledger.sql (8.02ms)
2026/10/07 15:46:27 OK   00010_tenant_provisioning.sql (4ms)
2026/10/07 15:46:27 OK   00011_source_registration_history.sql (9.75ms)
2026/10/07 15:46:27 OK   00012_config_registry_lifecycle.sql (21.17ms)
2026/10/07 15:46:27 OK   00013_audit_signed_segments.sql (18.1ms)
2026/10/07 15:46:27 OK   00014_audit_segment_predecessors.sql (8.45ms)
2026/10/07 15:46:27 OK   00015_source_schema_scope.sql (4.57ms)
2026/10/07 15:46:27 OK   00016_cluster_registration_metadata.sql (6.6ms)
2026/10/07 15:46:27 OK   00017_source_data_scope.sql (6.26ms)
2026/10/07 15:46:27 OK   00018_sp04_resources_evidence.sql (26.93ms)
2026/10/07 15:46:27 OK   00019_sp04_archive_ciphertext_bytes.sql (3.58ms)
2026/10/07 15:46:27 OK   00020_sp04_request_ledger.sql (7.26ms)
2026/10/07 15:46:27 OK   00021_sp04_archive_protection.sql (7.19ms)
2026/10/07 15:46:27 OK   00022_sp04_legal_hold_dependencies.sql (4.46ms)
2026/10/07 15:46:27 OK   00023_sp04_archive_query_intent.sql (3.58ms)
2026/10/07 15:46:27 OK   00024_sp05_finding_incident.sql (34.26ms)
2026/10/07 15:46:27 OK   00025_sp05_incident_event_time.sql (4.72ms)
2026/10/07 15:46:27 OK   00026_sp05_source_binding_lock.sql (8.36ms)
2026/10/07 15:46:27 OK   00027_sp05_rca_and_poll.sql (34.78ms)
2026/10/07 15:46:27 OK   00028_sp05_operator_lock.sql (3.64ms)
2026/10/07 15:46:27 OK   00029_sp05_evidence_links.sql (6.43ms)
2026/10/07 15:46:27 OK   00030_sp05_recipe_fence.sql (3.16ms)
2026/10/07 15:46:27 OK   00031_sp05_rca_postcheck.sql (3.57ms)
2026/10/07 15:46:27 OK   00032_sp05_transport_audit.sql (4.65ms)
2026/10/07 15:46:27 OK   00033_sp05_poll_resolution_clock.sql (5.59ms)
2026/10/07 15:46:27 OK   00034_sp06_investigation_ledger.sql (48.01ms)
2026/10/07 15:46:27 OK   00035_sp06_admission_data_classes.sql (5.4ms)
2026/10/07 15:46:27 goose: successfully migrated database to version: 35
2026/10/07 15:48:01 OK   00001_roles_and_schemas.sql (37.74ms)
2026/10/07 15:48:01 goose: successfully migrated database to version: 1
2026/10/07 15:48:01 OK   00002_platform_meta.sql (35.89ms)
2026/10/07 15:48:01 OK   00003_finding.sql (26.96ms)
2026/10/07 15:48:01 OK   00004_incident.sql (12.1ms)
2026/10/07 15:48:01 OK   00005_investigation.sql (11.71ms)
2026/10/07 15:48:01 OK   00006_action_command.sql (13.36ms)
2026/10/07 15:48:01 OK   00007_audit.sql (18.3ms)
2026/10/07 15:48:01 OK   00008_rls.sql (10.91ms)
2026/10/07 15:48:01 OK   00009_idempotency_ledger.sql (6.93ms)
2026/10/07 15:48:01 OK   00010_tenant_provisioning.sql (3.75ms)
2026/10/07 15:48:01 OK   00011_source_registration_history.sql (14.53ms)
2026/10/07 15:48:01 OK   00012_config_registry_lifecycle.sql (18.4ms)
2026/10/07 15:48:01 OK   00013_audit_signed_segments.sql (13.21ms)
2026/10/07 15:48:01 OK   00014_audit_segment_predecessors.sql (7.63ms)
2026/10/07 15:48:01 OK   00015_source_schema_scope.sql (6.34ms)
2026/10/07 15:48:01 OK   00016_cluster_registration_metadata.sql (7.63ms)
2026/10/07 15:48:01 OK   00017_source_data_scope.sql (8.19ms)
2026/10/07 15:48:01 OK   00018_sp04_resources_evidence.sql (29.61ms)
2026/10/07 15:48:01 OK   00019_sp04_archive_ciphertext_bytes.sql (13.39ms)
2026/10/07 15:48:01 OK   00020_sp04_request_ledger.sql (14.01ms)
2026/10/07 15:48:01 OK   00021_sp04_archive_protection.sql (5.36ms)
2026/10/07 15:48:01 OK   00022_sp04_legal_hold_dependencies.sql (5.78ms)
2026/10/07 15:48:01 OK   00023_sp04_archive_query_intent.sql (4.97ms)
2026/10/07 15:48:01 OK   00024_sp05_finding_incident.sql (71.44ms)
2026/10/07 15:48:01 OK   00025_sp05_incident_event_time.sql (9.11ms)
2026/10/07 15:48:01 OK   00026_sp05_source_binding_lock.sql (5.12ms)
2026/10/07 15:48:01 OK   00027_sp05_rca_and_poll.sql (8.36ms)
2026/10/07 15:48:01 OK   00028_sp05_operator_lock.sql (3.18ms)
2026/10/07 15:48:01 OK   00029_sp05_evidence_links.sql (5.67ms)
2026/10/07 15:48:01 OK   00030_sp05_recipe_fence.sql (9.57ms)
2026/10/07 15:48:01 OK   00031_sp05_rca_postcheck.sql (3.08ms)
2026/10/07 15:48:01 OK   00032_sp05_transport_audit.sql (5.92ms)
2026/10/07 15:48:01 OK   00033_sp05_poll_resolution_clock.sql (5.88ms)
2026/10/07 15:48:01 OK   00034_sp06_investigation_ledger.sql (18.9ms)
2026/10/07 15:48:01 OK   00035_sp06_admission_data_classes.sql (3.13ms)
2026/10/07 15:48:01 goose: successfully migrated database to version: 35
2026/10/07 15:48:56 OK   00001_roles_and_schemas.sql (32.28ms)
2026/10/07 15:48:56 goose: successfully migrated database to version: 1
2026/10/07 15:48:56 OK   00002_platform_meta.sql (39.82ms)
2026/10/07 15:48:56 OK   00003_finding.sql (20.94ms)
2026/10/07 15:48:56 OK   00004_incident.sql (33.34ms)
2026/10/07 15:48:56 OK   00005_investigation.sql (20.07ms)
2026/10/07 15:48:56 OK   00006_action_command.sql (12.67ms)
2026/10/07 15:48:56 OK   00007_audit.sql (47.75ms)
2026/10/07 15:48:56 OK   00008_rls.sql (53.21ms)
2026/10/07 15:48:56 OK   00009_idempotency_ledger.sql (9.13ms)
2026/10/07 15:48:56 OK   00010_tenant_provisioning.sql (5.88ms)
2026/10/07 15:48:57 OK   00011_source_registration_history.sql (35.72ms)
2026/10/07 15:48:57 OK   00012_config_registry_lifecycle.sql (20.76ms)
2026/10/07 15:48:57 OK   00013_audit_signed_segments.sql (27.93ms)
2026/10/07 15:48:57 OK   00014_audit_segment_predecessors.sql (11.72ms)
2026/10/07 15:48:57 OK   00015_source_schema_scope.sql (32.48ms)
2026/10/07 15:48:57 OK   00016_cluster_registration_metadata.sql (8.67ms)
2026/10/07 15:48:57 OK   00017_source_data_scope.sql (14.63ms)
2026/10/07 15:48:57 OK   00018_sp04_resources_evidence.sql (25.57ms)
2026/10/07 15:48:57 OK   00019_sp04_archive_ciphertext_bytes.sql (35.27ms)
2026/10/07 15:48:57 OK   00020_sp04_request_ledger.sql (9.22ms)
2026/10/07 15:48:57 OK   00021_sp04_archive_protection.sql (5.98ms)
2026/10/07 15:48:57 OK   00022_sp04_legal_hold_dependencies.sql (9.47ms)
2026/10/07 15:48:57 OK   00023_sp04_archive_query_intent.sql (7.34ms)
2026/10/07 15:48:57 OK   00024_sp05_finding_incident.sql (34.21ms)
2026/10/07 15:48:57 OK   00025_sp05_incident_event_time.sql (4.96ms)
2026/10/07 15:48:57 OK   00026_sp05_source_binding_lock.sql (22.53ms)
2026/10/07 15:48:57 OK   00027_sp05_rca_and_poll.sql (16.43ms)
2026/10/07 15:48:57 OK   00028_sp05_operator_lock.sql (4.18ms)
2026/10/07 15:48:57 OK   00029_sp05_evidence_links.sql (10.93ms)
2026/10/07 15:48:57 OK   00030_sp05_recipe_fence.sql (5.83ms)
2026/10/07 15:48:57 OK   00031_sp05_rca_postcheck.sql (6.72ms)
2026/10/07 15:48:57 OK   00032_sp05_transport_audit.sql (18.96ms)
2026/10/07 15:48:57 OK   00033_sp05_poll_resolution_clock.sql (4.65ms)
2026/10/07 15:48:57 OK   00034_sp06_investigation_ledger.sql (46.69ms)
2026/10/07 15:48:57 OK   00035_sp06_admission_data_classes.sql (4.87ms)
2026/10/07 15:48:57 goose: successfully migrated database to version: 35
2026/10/07 15:48:59 OK   00001_roles_and_schemas.sql (12.47ms)
2026/10/07 15:48:59 goose: successfully migrated database to version: 1
2026/10/07 15:49:00 OK   00002_platform_meta.sql (27.49ms)
2026/10/07 15:49:00 OK   00003_finding.sql (37.78ms)
2026/10/07 15:49:00 OK   00004_incident.sql (12.1ms)
2026/10/07 15:49:00 OK   00005_investigation.sql (9.3ms)
2026/10/07 15:49:00 OK   00006_action_command.sql (11.35ms)
2026/10/07 15:49:00 OK   00007_audit.sql (10.08ms)
2026/10/07 15:49:00 OK   00008_rls.sql (9.96ms)
2026/10/07 15:49:00 OK   00009_idempotency_ledger.sql (10.03ms)
2026/10/07 15:49:00 OK   00010_tenant_provisioning.sql (4.13ms)
2026/10/07 15:49:00 OK   00011_source_registration_history.sql (16.1ms)
2026/10/07 15:49:00 OK   00012_config_registry_lifecycle.sql (13.64ms)
2026/10/07 15:49:00 OK   00013_audit_signed_segments.sql (18.21ms)
2026/10/07 15:49:00 OK   00014_audit_segment_predecessors.sql (18.46ms)
2026/10/07 15:49:00 OK   00015_source_schema_scope.sql (6.98ms)
2026/10/07 15:49:00 OK   00016_cluster_registration_metadata.sql (4.85ms)
2026/10/07 15:49:00 OK   00017_source_data_scope.sql (4.32ms)
2026/10/07 15:49:00 OK   00018_sp04_resources_evidence.sql (20.02ms)
2026/10/07 15:49:00 OK   00019_sp04_archive_ciphertext_bytes.sql (3.79ms)
2026/10/07 15:49:00 OK   00020_sp04_request_ledger.sql (6.84ms)
2026/10/07 15:49:00 OK   00021_sp04_archive_protection.sql (7.08ms)
2026/10/07 15:49:00 OK   00022_sp04_legal_hold_dependencies.sql (3.3ms)
2026/10/07 15:49:00 OK   00023_sp04_archive_query_intent.sql (10.94ms)
2026/10/07 15:49:00 OK   00024_sp05_finding_incident.sql (14.87ms)
2026/10/07 15:49:00 OK   00025_sp05_incident_event_time.sql (12.61ms)
2026/10/07 15:49:00 OK   00026_sp05_source_binding_lock.sql (6.28ms)
2026/10/07 15:49:00 OK   00027_sp05_rca_and_poll.sql (8ms)
2026/10/07 15:49:00 OK   00028_sp05_operator_lock.sql (3.67ms)
2026/10/07 15:49:00 OK   00029_sp05_evidence_links.sql (5.88ms)
2026/10/07 15:49:00 OK   00030_sp05_recipe_fence.sql (6.51ms)
2026/10/07 15:49:00 OK   00031_sp05_rca_postcheck.sql (2.64ms)
2026/10/07 15:49:00 OK   00032_sp05_transport_audit.sql (4.38ms)
2026/10/07 15:49:00 OK   00033_sp05_poll_resolution_clock.sql (6.2ms)
2026/10/07 15:49:00 OK   00034_sp06_investigation_ledger.sql (33.91ms)
2026/10/07 15:49:00 OK   00035_sp06_admission_data_classes.sql (4.73ms)
2026/10/07 15:49:00 goose: successfully migrated database to version: 35
2026/10/07 15:49:00 OK   00001_roles_and_schemas.sql (17.37ms)
2026/10/07 15:49:00 goose: successfully migrated database to version: 1
2026/10/07 15:49:00 OK   00002_platform_meta.sql (21.3ms)
2026/10/07 15:49:00 OK   00003_finding.sql (16.68ms)
2026/10/07 15:49:00 OK   00004_incident.sql (8.75ms)
2026/10/07 15:49:00 OK   00005_investigation.sql (6.89ms)
2026/10/07 15:49:00 OK   00006_action_command.sql (6.69ms)
2026/10/07 15:49:00 OK   00007_audit.sql (12.6ms)
2026/10/07 15:49:00 OK   00008_rls.sql (17.06ms)
2026/10/07 15:49:00 OK   00009_idempotency_ledger.sql (10.88ms)
2026/10/07 15:49:00 OK   00010_tenant_provisioning.sql (5.24ms)
2026/10/07 15:49:00 OK   00011_source_registration_history.sql (7.16ms)
2026/10/07 15:49:00 OK   00012_config_registry_lifecycle.sql (17.89ms)
2026/10/07 15:49:00 OK   00013_audit_signed_segments.sql (23.07ms)
2026/10/07 15:49:00 OK   00014_audit_segment_predecessors.sql (9.17ms)
2026/10/07 15:49:00 OK   00015_source_schema_scope.sql (3.42ms)
2026/10/07 15:49:00 OK   00016_cluster_registration_metadata.sql (5.58ms)
2026/10/07 15:49:00 OK   00017_source_data_scope.sql (5.57ms)
2026/10/07 15:49:00 OK   00018_sp04_resources_evidence.sql (29.57ms)
2026/10/07 15:49:00 OK   00019_sp04_archive_ciphertext_bytes.sql (3.03ms)
2026/10/07 15:49:00 OK   00020_sp04_request_ledger.sql (32.78ms)
2026/10/07 15:49:00 OK   00021_sp04_archive_protection.sql (3.5ms)
2026/10/07 15:49:00 OK   00022_sp04_legal_hold_dependencies.sql (2.7ms)
2026/10/07 15:49:00 OK   00023_sp04_archive_query_intent.sql (3.33ms)
2026/10/07 15:49:00 OK   00024_sp05_finding_incident.sql (23.86ms)
2026/10/07 15:49:00 OK   00025_sp05_incident_event_time.sql (15.29ms)
2026/10/07 15:49:00 OK   00026_sp05_source_binding_lock.sql (4.77ms)
2026/10/07 15:49:00 OK   00027_sp05_rca_and_poll.sql (8.53ms)
2026/10/07 15:49:00 OK   00028_sp05_operator_lock.sql (4.13ms)
2026/10/07 15:49:00 OK   00029_sp05_evidence_links.sql (8.87ms)
2026/10/07 15:49:00 OK   00030_sp05_recipe_fence.sql (5.58ms)
2026/10/07 15:49:00 OK   00031_sp05_rca_postcheck.sql (11.08ms)
2026/10/07 15:49:00 OK   00032_sp05_transport_audit.sql (3.37ms)
2026/10/07 15:49:00 OK   00033_sp05_poll_resolution_clock.sql (3.72ms)
2026/10/07 15:49:01 OK   00034_sp06_investigation_ledger.sql (38.24ms)
2026/10/07 15:49:01 OK   00035_sp06_admission_data_classes.sql (4.03ms)
2026/10/07 15:49:01 goose: successfully migrated database to version: 35
2026/10/07 15:49:01 OK   00001_roles_and_schemas.sql (8.72ms)
2026/10/07 15:49:01 goose: successfully migrated database to version: 1
2026/10/07 15:49:01 OK   00002_platform_meta.sql (36.04ms)
2026/10/07 15:49:01 OK   00003_finding.sql (20.88ms)
2026/10/07 15:49:01 OK   00004_incident.sql (21.87ms)
2026/10/07 15:49:01 OK   00005_investigation.sql (11.89ms)
2026/10/07 15:49:01 OK   00006_action_command.sql (19.45ms)
2026/10/07 15:49:01 OK   00007_audit.sql (18.22ms)
2026/10/07 15:49:01 OK   00008_rls.sql (16.67ms)
2026/10/07 15:49:01 OK   00009_idempotency_ledger.sql (10.62ms)
2026/10/07 15:49:01 OK   00010_tenant_provisioning.sql (4.08ms)
2026/10/07 15:49:01 OK   00011_source_registration_history.sql (13.94ms)
2026/10/07 15:49:01 OK   00012_config_registry_lifecycle.sql (11.93ms)
2026/10/07 15:49:01 OK   00013_audit_signed_segments.sql (10.19ms)
2026/10/07 15:49:01 OK   00014_audit_segment_predecessors.sql (6.77ms)
2026/10/07 15:49:01 OK   00015_source_schema_scope.sql (3.4ms)
2026/10/07 15:49:01 OK   00016_cluster_registration_metadata.sql (4.53ms)
2026/10/07 15:49:01 OK   00017_source_data_scope.sql (4.59ms)
2026/10/07 15:49:01 OK   00018_sp04_resources_evidence.sql (22.53ms)
2026/10/07 15:49:01 OK   00019_sp04_archive_ciphertext_bytes.sql (2.6ms)
2026/10/07 15:49:01 OK   00020_sp04_request_ledger.sql (8.09ms)
2026/10/07 15:49:01 OK   00021_sp04_archive_protection.sql (5.54ms)
2026/10/07 15:49:01 OK   00022_sp04_legal_hold_dependencies.sql (19.93ms)
2026/10/07 15:49:01 OK   00023_sp04_archive_query_intent.sql (3.84ms)
2026/10/07 15:49:01 OK   00024_sp05_finding_incident.sql (29.2ms)
2026/10/07 15:49:01 OK   00025_sp05_incident_event_time.sql (12.5ms)
2026/10/07 15:49:01 OK   00026_sp05_source_binding_lock.sql (3.79ms)
2026/10/07 15:49:01 OK   00027_sp05_rca_and_poll.sql (8.53ms)
2026/10/07 15:49:01 OK   00028_sp05_operator_lock.sql (3.89ms)
2026/10/07 15:49:01 OK   00029_sp05_evidence_links.sql (23.09ms)
2026/10/07 15:49:01 OK   00030_sp05_recipe_fence.sql (10.8ms)
2026/10/07 15:49:01 OK   00031_sp05_rca_postcheck.sql (3.37ms)
2026/10/07 15:49:01 OK   00032_sp05_transport_audit.sql (3.48ms)
2026/10/07 15:49:01 OK   00033_sp05_poll_resolution_clock.sql (6.79ms)
2026/10/07 15:49:01 OK   00034_sp06_investigation_ledger.sql (29.28ms)
2026/10/07 15:49:01 OK   00035_sp06_admission_data_classes.sql (3.84ms)
2026/10/07 15:49:01 goose: successfully migrated database to version: 35
2026/10/07 15:49:02 OK   00001_roles_and_schemas.sql (21.42ms)
2026/10/07 15:49:02 goose: successfully migrated database to version: 1
2026/10/07 15:49:02 OK   00002_platform_meta.sql (36.24ms)
2026/10/07 15:49:02 OK   00003_finding.sql (10.4ms)
2026/10/07 15:49:02 OK   00004_incident.sql (18.36ms)
2026/10/07 15:49:02 OK   00005_investigation.sql (11.4ms)
2026/10/07 15:49:02 OK   00006_action_command.sql (10.56ms)
2026/10/07 15:49:02 OK   00007_audit.sql (19.72ms)
2026/10/07 15:49:02 OK   00008_rls.sql (14.17ms)
2026/10/07 15:49:02 OK   00009_idempotency_ledger.sql (7.52ms)
2026/10/07 15:49:02 OK   00010_tenant_provisioning.sql (4.75ms)
2026/10/07 15:49:02 OK   00011_source_registration_history.sql (6.79ms)
2026/10/07 15:49:02 OK   00012_config_registry_lifecycle.sql (19.27ms)
2026/10/07 15:49:02 OK   00013_audit_signed_segments.sql (13.68ms)
2026/10/07 15:49:02 OK   00014_audit_segment_predecessors.sql (13.14ms)
2026/10/07 15:49:02 OK   00015_source_schema_scope.sql (11.68ms)
2026/10/07 15:49:02 OK   00016_cluster_registration_metadata.sql (6.8ms)
2026/10/07 15:49:02 OK   00017_source_data_scope.sql (3.22ms)
2026/10/07 15:49:02 OK   00018_sp04_resources_evidence.sql (18.24ms)
2026/10/07 15:49:02 OK   00019_sp04_archive_ciphertext_bytes.sql (4.85ms)
2026/10/07 15:49:02 OK   00020_sp04_request_ledger.sql (14.45ms)
2026/10/07 15:49:02 OK   00021_sp04_archive_protection.sql (2.91ms)
2026/10/07 15:49:02 OK   00022_sp04_legal_hold_dependencies.sql (2.67ms)
2026/10/07 15:49:02 OK   00023_sp04_archive_query_intent.sql (11.07ms)
2026/10/07 15:49:02 OK   00024_sp05_finding_incident.sql (23.51ms)
2026/10/07 15:49:02 OK   00025_sp05_incident_event_time.sql (3.6ms)
2026/10/07 15:49:02 OK   00026_sp05_source_binding_lock.sql (3.56ms)
2026/10/07 15:49:02 OK   00027_sp05_rca_and_poll.sql (15.97ms)
2026/10/07 15:49:02 OK   00028_sp05_operator_lock.sql (12.56ms)
2026/10/07 15:49:02 OK   00029_sp05_evidence_links.sql (11.95ms)
2026/10/07 15:49:02 OK   00030_sp05_recipe_fence.sql (2.2ms)
2026/10/07 15:49:02 OK   00031_sp05_rca_postcheck.sql (4.19ms)
2026/10/07 15:49:02 OK   00032_sp05_transport_audit.sql (4.65ms)
2026/10/07 15:49:02 OK   00033_sp05_poll_resolution_clock.sql (4.2ms)
2026/10/07 15:49:02 OK   00034_sp06_investigation_ledger.sql (21.04ms)
2026/10/07 15:49:02 OK   00035_sp06_admission_data_classes.sql (4.3ms)
2026/10/07 15:49:02 goose: successfully migrated database to version: 35
2026/10/07 15:49:02 OK   00001_roles_and_schemas.sql (19.65ms)
2026/10/07 15:49:02 goose: successfully migrated database to version: 1
2026/10/07 15:49:02 OK   00002_platform_meta.sql (31.33ms)
2026/10/07 15:49:02 OK   00003_finding.sql (11.24ms)
2026/10/07 15:49:02 OK   00004_incident.sql (7.94ms)
2026/10/07 15:49:02 OK   00005_investigation.sql (15.15ms)
2026/10/07 15:49:02 OK   00006_action_command.sql (15.26ms)
2026/10/07 15:49:02 OK   00007_audit.sql (12.91ms)
2026/10/07 15:49:02 OK   00008_rls.sql (22.6ms)
2026/10/07 15:49:02 OK   00009_idempotency_ledger.sql (16.14ms)
2026/10/07 15:49:02 OK   00010_tenant_provisioning.sql (8.32ms)
2026/10/07 15:49:02 OK   00011_source_registration_history.sql (8.33ms)
2026/10/07 15:49:02 OK   00012_config_registry_lifecycle.sql (18.2ms)
2026/10/07 15:49:02 OK   00013_audit_signed_segments.sql (19.14ms)
2026/10/07 15:49:02 OK   00014_audit_segment_predecessors.sql (6.09ms)
2026/10/07 15:49:02 OK   00015_source_schema_scope.sql (5.6ms)
2026/10/07 15:49:02 OK   00016_cluster_registration_metadata.sql (10.98ms)
2026/10/07 15:49:02 OK   00017_source_data_scope.sql (4.15ms)
2026/10/07 15:49:02 OK   00018_sp04_resources_evidence.sql (24.24ms)
2026/10/07 15:49:02 OK   00019_sp04_archive_ciphertext_bytes.sql (3ms)
2026/10/07 15:49:02 OK   00020_sp04_request_ledger.sql (11.35ms)
2026/10/07 15:49:02 OK   00021_sp04_archive_protection.sql (3.31ms)
2026/10/07 15:49:02 OK   00022_sp04_legal_hold_dependencies.sql (2.67ms)
2026/10/07 15:49:02 OK   00023_sp04_archive_query_intent.sql (3.35ms)
2026/10/07 15:49:03 OK   00024_sp05_finding_incident.sql (25.96ms)
2026/10/07 15:49:03 OK   00025_sp05_incident_event_time.sql (3.14ms)
2026/10/07 15:49:03 OK   00026_sp05_source_binding_lock.sql (4.49ms)
2026/10/07 15:49:03 OK   00027_sp05_rca_and_poll.sql (20.85ms)
2026/10/07 15:49:03 OK   00028_sp05_operator_lock.sql (9.92ms)
2026/10/07 15:49:03 OK   00029_sp05_evidence_links.sql (11.52ms)
2026/10/07 15:49:03 OK   00030_sp05_recipe_fence.sql (3.58ms)
2026/10/07 15:49:03 OK   00031_sp05_rca_postcheck.sql (2.55ms)
2026/10/07 15:49:03 OK   00032_sp05_transport_audit.sql (3.59ms)
2026/10/07 15:49:03 OK   00033_sp05_poll_resolution_clock.sql (3.42ms)
2026/10/07 15:49:03 OK   00034_sp06_investigation_ledger.sql (19.2ms)
2026/10/07 15:49:03 OK   00035_sp06_admission_data_classes.sql (3.58ms)
2026/10/07 15:49:03 goose: successfully migrated database to version: 35
2026/10/07 15:49:03 OK   00001_roles_and_schemas.sql (16.38ms)
2026/10/07 15:49:03 goose: successfully migrated database to version: 1
2026/10/07 15:49:03 OK   00002_platform_meta.sql (29.41ms)
2026/10/07 15:49:03 OK   00003_finding.sql (13.7ms)
2026/10/07 15:49:03 OK   00004_incident.sql (24.06ms)
2026/10/07 15:49:03 OK   00005_investigation.sql (6.23ms)
2026/10/07 15:49:03 OK   00006_action_command.sql (12.19ms)
2026/10/07 15:49:03 OK   00007_audit.sql (17.44ms)
2026/10/07 15:49:03 OK   00008_rls.sql (11.12ms)
2026/10/07 15:49:03 OK   00009_idempotency_ledger.sql (8.59ms)
2026/10/07 15:49:03 OK   00010_tenant_provisioning.sql (4.5ms)
2026/10/07 15:49:03 OK   00011_source_registration_history.sql (7.41ms)
2026/10/07 15:49:03 OK   00012_config_registry_lifecycle.sql (22.73ms)
2026/10/07 15:49:03 OK   00013_audit_signed_segments.sql (14.61ms)
2026/10/07 15:49:03 OK   00014_audit_segment_predecessors.sql (5.39ms)
2026/10/07 15:49:03 OK   00015_source_schema_scope.sql (3.37ms)
2026/10/07 15:49:03 OK   00016_cluster_registration_metadata.sql (4.61ms)
2026/10/07 15:49:03 OK   00017_source_data_scope.sql (4.03ms)
2026/10/07 15:49:03 OK   00018_sp04_resources_evidence.sql (16.68ms)
2026/10/07 15:49:03 OK   00019_sp04_archive_ciphertext_bytes.sql (3ms)
2026/10/07 15:49:03 OK   00020_sp04_request_ledger.sql (4.48ms)
2026/10/07 15:49:03 OK   00021_sp04_archive_protection.sql (2.24ms)
2026/10/07 15:49:03 OK   00022_sp04_legal_hold_dependencies.sql (3.1ms)
2026/10/07 15:49:03 OK   00023_sp04_archive_query_intent.sql (5.94ms)
2026/10/07 15:49:03 OK   00024_sp05_finding_incident.sql (47.82ms)
2026/10/07 15:49:03 OK   00025_sp05_incident_event_time.sql (5.4ms)
2026/10/07 15:49:03 OK   00026_sp05_source_binding_lock.sql (6.24ms)
2026/10/07 15:49:03 OK   00027_sp05_rca_and_poll.sql (9.98ms)
2026/10/07 15:49:03 OK   00028_sp05_operator_lock.sql (5.87ms)
2026/10/07 15:49:03 OK   00029_sp05_evidence_links.sql (5.62ms)
2026/10/07 15:49:03 OK   00030_sp05_recipe_fence.sql (3.67ms)
2026/10/07 15:49:03 OK   00031_sp05_rca_postcheck.sql (3.94ms)
2026/10/07 15:49:03 OK   00032_sp05_transport_audit.sql (6.7ms)
2026/10/07 15:49:03 OK   00033_sp05_poll_resolution_clock.sql (4.41ms)
2026/10/07 15:49:03 OK   00034_sp06_investigation_ledger.sql (40.33ms)
2026/10/07 15:49:03 OK   00035_sp06_admission_data_classes.sql (12.65ms)
2026/10/07 15:49:03 goose: successfully migrated database to version: 35
2026/10/07 15:49:35 OK   00001_roles_and_schemas.sql (22.47ms)
2026/10/07 15:49:35 goose: successfully migrated database to version: 1
2026/10/07 15:49:35 OK   00002_platform_meta.sql (22.81ms)
2026/10/07 15:49:35 OK   00003_finding.sql (15.17ms)
2026/10/07 15:49:35 OK   00004_incident.sql (17.7ms)
2026/10/07 15:49:35 OK   00005_investigation.sql (6.91ms)
2026/10/07 15:49:35 OK   00006_action_command.sql (12.9ms)
2026/10/07 15:49:35 OK   00007_audit.sql (22.34ms)
2026/10/07 15:49:35 OK   00008_rls.sql (9.89ms)
2026/10/07 15:49:35 OK   00009_idempotency_ledger.sql (16.24ms)
2026/10/07 15:49:35 OK   00010_tenant_provisioning.sql (5.46ms)
2026/10/07 15:49:35 OK   00011_source_registration_history.sql (8.03ms)
2026/10/07 15:49:35 OK   00012_config_registry_lifecycle.sql (9.51ms)
2026/10/07 15:49:35 OK   00013_audit_signed_segments.sql (16.25ms)
2026/10/07 15:49:35 OK   00014_audit_segment_predecessors.sql (20.04ms)
2026/10/07 15:49:35 OK   00015_source_schema_scope.sql (4.96ms)
2026/10/07 15:49:35 OK   00016_cluster_registration_metadata.sql (5.05ms)
2026/10/07 15:49:35 OK   00017_source_data_scope.sql (6.43ms)
2026/10/07 15:49:35 OK   00018_sp04_resources_evidence.sql (15.09ms)
2026/10/07 15:49:35 OK   00019_sp04_archive_ciphertext_bytes.sql (12.18ms)
2026/10/07 15:49:35 OK   00020_sp04_request_ledger.sql (8.97ms)
2026/10/07 15:49:35 OK   00021_sp04_archive_protection.sql (4.13ms)
2026/10/07 15:49:35 OK   00022_sp04_legal_hold_dependencies.sql (5.68ms)
2026/10/07 15:49:35 OK   00023_sp04_archive_query_intent.sql (4.03ms)
2026/10/07 15:49:35 OK   00024_sp05_finding_incident.sql (25.12ms)
2026/10/07 15:49:35 OK   00025_sp05_incident_event_time.sql (4.84ms)
2026/10/07 15:49:35 OK   00026_sp05_source_binding_lock.sql (5.09ms)
2026/10/07 15:49:35 OK   00027_sp05_rca_and_poll.sql (17.17ms)
2026/10/07 15:49:35 OK   00028_sp05_operator_lock.sql (5.37ms)
2026/10/07 15:49:35 OK   00029_sp05_evidence_links.sql (9.9ms)
2026/10/07 15:49:35 OK   00030_sp05_recipe_fence.sql (4.97ms)
2026/10/07 15:49:35 OK   00031_sp05_rca_postcheck.sql (3.5ms)
2026/10/07 15:49:35 OK   00032_sp05_transport_audit.sql (2.84ms)
2026/10/07 15:49:35 OK   00033_sp05_poll_resolution_clock.sql (5.54ms)
2026/10/07 15:49:35 OK   00034_sp06_investigation_ledger.sql (43.66ms)
2026/10/07 15:49:35 OK   00035_sp06_admission_data_classes.sql (3.59ms)
2026/10/07 15:49:35 goose: successfully migrated database to version: 35
2026/10/07 15:49:36 OK   00001_roles_and_schemas.sql (12.67ms)
2026/10/07 15:49:36 goose: successfully migrated database to version: 1
2026/10/07 15:49:36 OK   00002_platform_meta.sql (64.98ms)
2026/10/07 15:49:36 OK   00003_finding.sql (19.75ms)
2026/10/07 15:49:36 OK   00004_incident.sql (14.59ms)
2026/10/07 15:49:36 OK   00005_investigation.sql (7.21ms)
2026/10/07 15:49:36 OK   00006_action_command.sql (6.21ms)
2026/10/07 15:49:36 OK   00007_audit.sql (13.93ms)
2026/10/07 15:49:36 OK   00008_rls.sql (12.52ms)
2026/10/07 15:49:36 OK   00009_idempotency_ledger.sql (8.75ms)
2026/10/07 15:49:36 OK   00010_tenant_provisioning.sql (3.59ms)
2026/10/07 15:49:36 OK   00011_source_registration_history.sql (15.45ms)
2026/10/07 15:49:36 OK   00012_config_registry_lifecycle.sql (18.75ms)
2026/10/07 15:49:36 OK   00013_audit_signed_segments.sql (16.85ms)
2026/10/07 15:49:36 OK   00014_audit_segment_predecessors.sql (8.91ms)
2026/10/07 15:49:36 OK   00015_source_schema_scope.sql (5ms)
2026/10/07 15:49:36 OK   00016_cluster_registration_metadata.sql (5.08ms)
2026/10/07 15:49:36 OK   00017_source_data_scope.sql (21.86ms)
2026/10/07 15:49:36 OK   00018_sp04_resources_evidence.sql (34.43ms)
2026/10/07 15:49:36 OK   00019_sp04_archive_ciphertext_bytes.sql (9.85ms)
2026/10/07 15:49:36 OK   00020_sp04_request_ledger.sql (5.45ms)
2026/10/07 15:49:36 OK   00021_sp04_archive_protection.sql (8.58ms)
2026/10/07 15:49:36 OK   00022_sp04_legal_hold_dependencies.sql (4.57ms)
2026/10/07 15:49:36 OK   00023_sp04_archive_query_intent.sql (3.69ms)
2026/10/07 15:49:36 OK   00024_sp05_finding_incident.sql (23.56ms)
2026/10/07 15:49:36 OK   00025_sp05_incident_event_time.sql (3.78ms)
2026/10/07 15:49:36 OK   00026_sp05_source_binding_lock.sql (2.89ms)
2026/10/07 15:49:36 OK   00027_sp05_rca_and_poll.sql (10.25ms)
2026/10/07 15:49:36 OK   00028_sp05_operator_lock.sql (9.49ms)
2026/10/07 15:49:36 OK   00029_sp05_evidence_links.sql (17.7ms)
2026/10/07 15:49:36 OK   00030_sp05_recipe_fence.sql (4.23ms)
2026/10/07 15:49:36 OK   00031_sp05_rca_postcheck.sql (8.96ms)
2026/10/07 15:49:36 OK   00032_sp05_transport_audit.sql (4.99ms)
2026/10/07 15:49:36 OK   00033_sp05_poll_resolution_clock.sql (8.79ms)
2026/10/07 15:49:36 OK   00034_sp06_investigation_ledger.sql (33.94ms)
2026/10/07 15:49:36 OK   00035_sp06_admission_data_classes.sql (4.6ms)
2026/10/07 15:49:36 goose: successfully migrated database to version: 35
2026/10/07 15:49:38 OK   00001_roles_and_schemas.sql (11.86ms)
2026/10/07 15:49:38 goose: successfully migrated database to version: 1
2026/10/07 15:49:38 OK   00002_platform_meta.sql (40.42ms)
2026/10/07 15:49:38 OK   00003_finding.sql (10.39ms)
2026/10/07 15:49:38 OK   00004_incident.sql (17.72ms)
2026/10/07 15:49:38 OK   00005_investigation.sql (11.69ms)
2026/10/07 15:49:38 OK   00006_action_command.sql (8.13ms)
2026/10/07 15:49:38 OK   00007_audit.sql (9.79ms)
2026/10/07 15:49:38 OK   00008_rls.sql (9.54ms)
2026/10/07 15:49:38 OK   00009_idempotency_ledger.sql (7.22ms)
2026/10/07 15:49:38 OK   00010_tenant_provisioning.sql (4.47ms)
2026/10/07 15:49:38 OK   00011_source_registration_history.sql (7.29ms)
2026/10/07 15:49:38 OK   00012_config_registry_lifecycle.sql (10.11ms)
2026/10/07 15:49:38 OK   00013_audit_signed_segments.sql (12.2ms)
2026/10/07 15:49:38 OK   00014_audit_segment_predecessors.sql (7.06ms)
2026/10/07 15:49:38 OK   00015_source_schema_scope.sql (5.75ms)
2026/10/07 15:49:38 OK   00016_cluster_registration_metadata.sql (8.03ms)
2026/10/07 15:49:38 OK   00017_source_data_scope.sql (5.29ms)
2026/10/07 15:49:38 OK   00018_sp04_resources_evidence.sql (29.71ms)
2026/10/07 15:49:38 OK   00019_sp04_archive_ciphertext_bytes.sql (3.16ms)
2026/10/07 15:49:38 OK   00020_sp04_request_ledger.sql (5.03ms)
2026/10/07 15:49:38 OK   00021_sp04_archive_protection.sql (3.49ms)
2026/10/07 15:49:38 OK   00022_sp04_legal_hold_dependencies.sql (11.12ms)
2026/10/07 15:49:38 OK   00023_sp04_archive_query_intent.sql (3.37ms)
2026/10/07 15:49:38 OK   00024_sp05_finding_incident.sql (35.32ms)
2026/10/07 15:49:38 OK   00025_sp05_incident_event_time.sql (5.4ms)
2026/10/07 15:49:38 OK   00026_sp05_source_binding_lock.sql (4.11ms)
2026/10/07 15:49:38 OK   00027_sp05_rca_and_poll.sql (50.21ms)
2026/10/07 15:49:38 OK   00028_sp05_operator_lock.sql (2.89ms)
2026/10/07 15:49:38 OK   00029_sp05_evidence_links.sql (4.84ms)
2026/10/07 15:49:38 OK   00030_sp05_recipe_fence.sql (3.34ms)
2026/10/07 15:49:38 OK   00031_sp05_rca_postcheck.sql (6.45ms)
2026/10/07 15:49:38 OK   00032_sp05_transport_audit.sql (24.67ms)
2026/10/07 15:49:38 OK   00033_sp05_poll_resolution_clock.sql (9.19ms)
2026/10/07 15:49:38 OK   00034_sp06_investigation_ledger.sql (49.83ms)
2026/10/07 15:49:38 OK   00035_sp06_admission_data_classes.sql (4.04ms)
2026/10/07 15:49:38 goose: successfully migrated database to version: 35
2026/10/07 15:49:39 OK   00001_roles_and_schemas.sql (20.38ms)
2026/10/07 15:49:39 goose: successfully migrated database to version: 1
2026/10/07 15:49:39 OK   00002_platform_meta.sql (40.79ms)
2026/10/07 15:49:39 OK   00003_finding.sql (8.81ms)
2026/10/07 15:49:39 OK   00004_incident.sql (10.1ms)
2026/10/07 15:49:39 OK   00005_investigation.sql (13.35ms)
2026/10/07 15:49:39 OK   00006_action_command.sql (19.83ms)
2026/10/07 15:49:39 OK   00007_audit.sql (11.61ms)
2026/10/07 15:49:39 OK   00008_rls.sql (15.58ms)
2026/10/07 15:49:39 OK   00009_idempotency_ledger.sql (15.54ms)
2026/10/07 15:49:39 OK   00010_tenant_provisioning.sql (6.79ms)
2026/10/07 15:49:39 OK   00011_source_registration_history.sql (9.53ms)
2026/10/07 15:49:39 OK   00012_config_registry_lifecycle.sql (8.26ms)
2026/10/07 15:49:39 OK   00013_audit_signed_segments.sql (28.25ms)
2026/10/07 15:49:39 OK   00014_audit_segment_predecessors.sql (15.17ms)
2026/10/07 15:49:39 OK   00015_source_schema_scope.sql (3.93ms)
2026/10/07 15:49:39 OK   00016_cluster_registration_metadata.sql (4.37ms)
2026/10/07 15:49:39 OK   00017_source_data_scope.sql (3.43ms)
2026/10/07 15:49:39 OK   00018_sp04_resources_evidence.sql (23.11ms)
2026/10/07 15:49:39 OK   00019_sp04_archive_ciphertext_bytes.sql (4.86ms)
2026/10/07 15:49:39 OK   00020_sp04_request_ledger.sql (7.92ms)
2026/10/07 15:49:39 OK   00021_sp04_archive_protection.sql (8.89ms)
2026/10/07 15:49:39 OK   00022_sp04_legal_hold_dependencies.sql (3.15ms)
2026/10/07 15:49:39 OK   00023_sp04_archive_query_intent.sql (2.88ms)
2026/10/07 15:49:39 OK   00024_sp05_finding_incident.sql (20.54ms)
2026/10/07 15:49:39 OK   00025_sp05_incident_event_time.sql (3.74ms)
2026/10/07 15:49:39 OK   00026_sp05_source_binding_lock.sql (4.9ms)
2026/10/07 15:49:39 OK   00027_sp05_rca_and_poll.sql (11.79ms)
2026/10/07 15:49:40 OK   00028_sp05_operator_lock.sql (4.66ms)
2026/10/07 15:49:40 OK   00029_sp05_evidence_links.sql (4.93ms)
2026/10/07 15:49:40 OK   00030_sp05_recipe_fence.sql (3.7ms)
2026/10/07 15:49:40 OK   00031_sp05_rca_postcheck.sql (6.53ms)
2026/10/07 15:49:40 OK   00032_sp05_transport_audit.sql (7.85ms)
2026/10/07 15:49:40 OK   00033_sp05_poll_resolution_clock.sql (7.89ms)
2026/10/07 15:49:40 OK   00034_sp06_investigation_ledger.sql (24.69ms)
2026/10/07 15:49:40 OK   00035_sp06_admission_data_classes.sql (4.92ms)
2026/10/07 15:49:40 goose: successfully migrated database to version: 35
2026/10/07 15:49:42 OK   00001_roles_and_schemas.sql (35.33ms)
2026/10/07 15:49:42 goose: successfully migrated database to version: 1
2026/10/07 15:49:42 OK   00002_platform_meta.sql (39.65ms)
2026/10/07 15:49:42 OK   00003_finding.sql (19.43ms)
2026/10/07 15:49:42 OK   00004_incident.sql (14.87ms)
2026/10/07 15:49:42 OK   00005_investigation.sql (15.73ms)
2026/10/07 15:49:42 OK   00006_action_command.sql (20.96ms)
2026/10/07 15:49:42 OK   00007_audit.sql (28.5ms)
2026/10/07 15:49:42 OK   00008_rls.sql (19.67ms)
2026/10/07 15:49:42 OK   00009_idempotency_ledger.sql (8.74ms)
2026/10/07 15:49:42 OK   00010_tenant_provisioning.sql (6.89ms)
2026/10/07 15:49:42 OK   00011_source_registration_history.sql (9.51ms)
2026/10/07 15:49:42 OK   00012_config_registry_lifecycle.sql (11.01ms)
2026/10/07 15:49:42 OK   00013_audit_signed_segments.sql (15.65ms)
2026/10/07 15:49:42 OK   00014_audit_segment_predecessors.sql (16.08ms)
2026/10/07 15:49:42 OK   00015_source_schema_scope.sql (6.7ms)
2026/10/07 15:49:42 OK   00016_cluster_registration_metadata.sql (4.43ms)
2026/10/07 15:49:42 OK   00017_source_data_scope.sql (4.2ms)
2026/10/07 15:49:42 OK   00018_sp04_resources_evidence.sql (22.88ms)
2026/10/07 15:49:42 OK   00019_sp04_archive_ciphertext_bytes.sql (8.52ms)
2026/10/07 15:49:42 OK   00020_sp04_request_ledger.sql (9.25ms)
2026/10/07 15:49:42 OK   00021_sp04_archive_protection.sql (3.32ms)
2026/10/07 15:49:42 OK   00022_sp04_legal_hold_dependencies.sql (3.26ms)
2026/10/07 15:49:42 OK   00023_sp04_archive_query_intent.sql (4ms)
2026/10/07 15:49:42 OK   00024_sp05_finding_incident.sql (21.93ms)
2026/10/07 15:49:42 OK   00025_sp05_incident_event_time.sql (8.7ms)
2026/10/07 15:49:42 OK   00026_sp05_source_binding_lock.sql (5.02ms)
2026/10/07 15:49:42 OK   00027_sp05_rca_and_poll.sql (9.86ms)
2026/10/07 15:49:42 OK   00028_sp05_operator_lock.sql (4.29ms)
2026/10/07 15:49:42 OK   00029_sp05_evidence_links.sql (6.01ms)
2026/10/07 15:49:42 OK   00030_sp05_recipe_fence.sql (3.13ms)
2026/10/07 15:49:42 OK   00031_sp05_rca_postcheck.sql (3.52ms)
2026/10/07 15:49:42 OK   00032_sp05_transport_audit.sql (2.78ms)
2026/10/07 15:49:42 OK   00033_sp05_poll_resolution_clock.sql (4.74ms)
2026/10/07 15:49:42 OK   00034_sp06_investigation_ledger.sql (38.23ms)
2026/10/07 15:49:42 OK   00035_sp06_admission_data_classes.sql (2.68ms)
2026/10/07 15:49:42 goose: successfully migrated database to version: 35
2026/10/07 15:50:00 OK   00001_roles_and_schemas.sql (16.42ms)
2026/10/07 15:50:00 goose: successfully migrated database to version: 1
2026/10/07 15:50:00 OK   00002_platform_meta.sql (34.07ms)
2026/10/07 15:50:00 OK   00003_finding.sql (10.37ms)
2026/10/07 15:50:00 OK   00004_incident.sql (14.25ms)
2026/10/07 15:50:00 OK   00005_investigation.sql (8.29ms)
2026/10/07 15:50:00 OK   00006_action_command.sql (9.58ms)
2026/10/07 15:50:00 OK   00007_audit.sql (9.76ms)
2026/10/07 15:50:00 OK   00008_rls.sql (10.37ms)
2026/10/07 15:50:00 OK   00009_idempotency_ledger.sql (29.81ms)
2026/10/07 15:50:00 OK   00010_tenant_provisioning.sql (7.47ms)
2026/10/07 15:50:00 OK   00011_source_registration_history.sql (14.05ms)
2026/10/07 15:50:00 OK   00012_config_registry_lifecycle.sql (17.01ms)
2026/10/07 15:50:00 OK   00013_audit_signed_segments.sql (32.33ms)
2026/10/07 15:50:00 OK   00014_audit_segment_predecessors.sql (6.58ms)
2026/10/07 15:50:00 OK   00015_source_schema_scope.sql (5.82ms)
2026/10/07 15:50:00 OK   00016_cluster_registration_metadata.sql (7.04ms)
2026/10/07 15:50:00 OK   00017_source_data_scope.sql (7.35ms)
2026/10/07 15:50:00 OK   00018_sp04_resources_evidence.sql (29.34ms)
2026/10/07 15:50:00 OK   00019_sp04_archive_ciphertext_bytes.sql (3.25ms)
2026/10/07 15:50:00 OK   00020_sp04_request_ledger.sql (5.01ms)
2026/10/07 15:50:00 OK   00021_sp04_archive_protection.sql (4.83ms)
2026/10/07 15:50:00 OK   00022_sp04_legal_hold_dependencies.sql (7.63ms)
2026/10/07 15:50:00 OK   00023_sp04_archive_query_intent.sql (4.5ms)
2026/10/07 15:50:00 OK   00024_sp05_finding_incident.sql (28.94ms)
2026/10/07 15:50:00 OK   00025_sp05_incident_event_time.sql (2.73ms)
2026/10/07 15:50:00 OK   00026_sp05_source_binding_lock.sql (4.09ms)
2026/10/07 15:50:00 OK   00027_sp05_rca_and_poll.sql (7.62ms)
2026/10/07 15:50:00 OK   00028_sp05_operator_lock.sql (5ms)
2026/10/07 15:50:00 OK   00029_sp05_evidence_links.sql (17.26ms)
2026/10/07 15:50:00 OK   00030_sp05_recipe_fence.sql (46.62ms)
2026/10/07 15:50:00 OK   00031_sp05_rca_postcheck.sql (3.94ms)
2026/10/07 15:50:00 OK   00032_sp05_transport_audit.sql (28.7ms)
2026/10/07 15:50:00 OK   00033_sp05_poll_resolution_clock.sql (9.54ms)
2026/10/07 15:50:00 OK   00034_sp06_investigation_ledger.sql (69.44ms)
2026/10/07 15:50:00 OK   00035_sp06_admission_data_classes.sql (4.69ms)
2026/10/07 15:50:00 goose: successfully migrated database to version: 35
2026/10/07 15:50:01 OK   00001_roles_and_schemas.sql (26.43ms)
2026/10/07 15:50:01 goose: successfully migrated database to version: 1
2026/10/07 15:50:01 OK   00002_platform_meta.sql (39.15ms)
2026/10/07 15:50:01 OK   00003_finding.sql (9.63ms)
2026/10/07 15:50:01 OK   00004_incident.sql (13.24ms)
2026/10/07 15:50:01 OK   00005_investigation.sql (9.23ms)
2026/10/07 15:50:01 OK   00006_action_command.sql (13.34ms)
2026/10/07 15:50:01 OK   00007_audit.sql (9.66ms)
2026/10/07 15:50:01 OK   00008_rls.sql (7.37ms)
2026/10/07 15:50:01 OK   00009_idempotency_ledger.sql (25.76ms)
2026/10/07 15:50:01 OK   00010_tenant_provisioning.sql (7.78ms)
2026/10/07 15:50:02 OK   00011_source_registration_history.sql (8.23ms)
2026/10/07 15:50:02 OK   00012_config_registry_lifecycle.sql (33.93ms)
2026/10/07 15:50:02 OK   00013_audit_signed_segments.sql (26ms)
2026/10/07 15:50:02 OK   00014_audit_segment_predecessors.sql (12.55ms)
2026/10/07 15:50:02 OK   00015_source_schema_scope.sql (3.99ms)
2026/10/07 15:50:02 OK   00016_cluster_registration_metadata.sql (4.05ms)
2026/10/07 15:50:02 OK   00017_source_data_scope.sql (5.76ms)
2026/10/07 15:50:02 OK   00018_sp04_resources_evidence.sql (32.08ms)
2026/10/07 15:50:02 OK   00019_sp04_archive_ciphertext_bytes.sql (3.62ms)
2026/10/07 15:50:02 OK   00020_sp04_request_ledger.sql (4.74ms)
2026/10/07 15:50:02 OK   00021_sp04_archive_protection.sql (3.64ms)
2026/10/07 15:50:02 OK   00022_sp04_legal_hold_dependencies.sql (2.72ms)
2026/10/07 15:50:02 OK   00023_sp04_archive_query_intent.sql (3.12ms)
2026/10/07 15:50:02 OK   00024_sp05_finding_incident.sql (26.96ms)
2026/10/07 15:50:02 OK   00025_sp05_incident_event_time.sql (3.23ms)
2026/10/07 15:50:02 OK   00026_sp05_source_binding_lock.sql (2.87ms)
2026/10/07 15:50:02 OK   00027_sp05_rca_and_poll.sql (6.91ms)
2026/10/07 15:50:02 OK   00028_sp05_operator_lock.sql (4.17ms)
2026/10/07 15:50:02 OK   00029_sp05_evidence_links.sql (7.56ms)
2026/10/07 15:50:02 OK   00030_sp05_recipe_fence.sql (7.71ms)
2026/10/07 15:50:02 OK   00031_sp05_rca_postcheck.sql (5.63ms)
2026/10/07 15:50:02 OK   00032_sp05_transport_audit.sql (7.49ms)
2026/10/07 15:50:02 OK   00033_sp05_poll_resolution_clock.sql (3.67ms)
2026/10/07 15:50:02 OK   00034_sp06_investigation_ledger.sql (22.33ms)
2026/10/07 15:50:02 OK   00035_sp06_admission_data_classes.sql (8.47ms)
2026/10/07 15:50:02 goose: successfully migrated database to version: 35
2026/10/07 15:50:02 OK   00001_roles_and_schemas.sql (17.25ms)
2026/10/07 15:50:02 goose: successfully migrated database to version: 1
2026/10/07 15:50:02 OK   00002_platform_meta.sql (37.98ms)
2026/10/07 15:50:02 OK   00003_finding.sql (15.07ms)
2026/10/07 15:50:02 OK   00004_incident.sql (6.16ms)
2026/10/07 15:50:02 OK   00005_investigation.sql (17.16ms)
2026/10/07 15:50:02 OK   00006_action_command.sql (26.9ms)
2026/10/07 15:50:02 OK   00007_audit.sql (29.09ms)
2026/10/07 15:50:02 OK   00008_rls.sql (32.4ms)
2026/10/07 15:50:02 OK   00009_idempotency_ledger.sql (11.32ms)
2026/10/07 15:50:02 OK   00010_tenant_provisioning.sql (10.51ms)
2026/10/07 15:50:02 OK   00011_source_registration_history.sql (6.79ms)
2026/10/07 15:50:02 OK   00012_config_registry_lifecycle.sql (26.29ms)
2026/10/07 15:50:02 OK   00013_audit_signed_segments.sql (15.46ms)
2026/10/07 15:50:02 OK   00014_audit_segment_predecessors.sql (14.05ms)
2026/10/07 15:50:02 OK   00015_source_schema_scope.sql (3.9ms)
2026/10/07 15:50:02 OK   00016_cluster_registration_metadata.sql (5.23ms)
2026/10/07 15:50:02 OK   00017_source_data_scope.sql (8.59ms)
2026/10/07 15:50:02 OK   00018_sp04_resources_evidence.sql (17.55ms)
2026/10/07 15:50:02 OK   00019_sp04_archive_ciphertext_bytes.sql (6.69ms)
2026/10/07 15:50:02 OK   00020_sp04_request_ledger.sql (11.13ms)
2026/10/07 15:50:02 OK   00021_sp04_archive_protection.sql (5.35ms)
2026/10/07 15:50:02 OK   00022_sp04_legal_hold_dependencies.sql (9.25ms)
2026/10/07 15:50:02 OK   00023_sp04_archive_query_intent.sql (5.54ms)
2026/10/07 15:50:02 OK   00024_sp05_finding_incident.sql (20.49ms)
2026/10/07 15:50:02 OK   00025_sp05_incident_event_time.sql (8.9ms)
2026/10/07 15:50:02 OK   00026_sp05_source_binding_lock.sql (4.12ms)
2026/10/07 15:50:02 OK   00027_sp05_rca_and_poll.sql (11.07ms)
2026/10/07 15:50:02 OK   00028_sp05_operator_lock.sql (4.97ms)
2026/10/07 15:50:02 OK   00029_sp05_evidence_links.sql (6.1ms)
2026/10/07 15:50:02 OK   00030_sp05_recipe_fence.sql (3.29ms)
2026/10/07 15:50:02 OK   00031_sp05_rca_postcheck.sql (2.78ms)
2026/10/07 15:50:02 OK   00032_sp05_transport_audit.sql (8.24ms)
2026/10/07 15:50:02 OK   00033_sp05_poll_resolution_clock.sql (13.02ms)
2026/10/07 15:50:02 OK   00034_sp06_investigation_ledger.sql (32.29ms)
2026/10/07 15:50:02 OK   00035_sp06_admission_data_classes.sql (2.77ms)
2026/10/07 15:50:02 goose: successfully migrated database to version: 35
2026/10/07 15:50:18 OK   00001_roles_and_schemas.sql (14.31ms)
2026/10/07 15:50:18 goose: successfully migrated database to version: 1
2026/10/07 15:50:18 OK   00002_platform_meta.sql (33.23ms)
2026/10/07 15:50:18 OK   00003_finding.sql (8.59ms)
2026/10/07 15:50:18 OK   00004_incident.sql (24.21ms)
2026/10/07 15:50:18 OK   00005_investigation.sql (19.18ms)
2026/10/07 15:50:18 OK   00006_action_command.sql (10.01ms)
2026/10/07 15:50:18 OK   00007_audit.sql (20.62ms)
2026/10/07 15:50:18 OK   00008_rls.sql (12.03ms)
2026/10/07 15:50:18 OK   00009_idempotency_ledger.sql (9.71ms)
2026/10/07 15:50:18 OK   00010_tenant_provisioning.sql (4.57ms)
2026/10/07 15:50:18 OK   00011_source_registration_history.sql (11.32ms)
2026/10/07 15:50:18 OK   00012_config_registry_lifecycle.sql (33.31ms)
2026/10/07 15:50:18 OK   00013_audit_signed_segments.sql (13.61ms)
2026/10/07 15:50:18 OK   00014_audit_segment_predecessors.sql (11.35ms)
2026/10/07 15:50:18 OK   00015_source_schema_scope.sql (4.09ms)
2026/10/07 15:50:18 OK   00016_cluster_registration_metadata.sql (5.24ms)
2026/10/07 15:50:18 OK   00017_source_data_scope.sql (6.07ms)
2026/10/07 15:50:18 OK   00018_sp04_resources_evidence.sql (28.79ms)
2026/10/07 15:50:18 OK   00019_sp04_archive_ciphertext_bytes.sql (3.87ms)
2026/10/07 15:50:18 OK   00020_sp04_request_ledger.sql (6.57ms)
2026/10/07 15:50:18 OK   00021_sp04_archive_protection.sql (4.98ms)
2026/10/07 15:50:18 OK   00022_sp04_legal_hold_dependencies.sql (4.1ms)
2026/10/07 15:50:18 OK   00023_sp04_archive_query_intent.sql (4.33ms)
2026/10/07 15:50:18 OK   00024_sp05_finding_incident.sql (32.65ms)
2026/10/07 15:50:18 OK   00025_sp05_incident_event_time.sql (10.29ms)
2026/10/07 15:50:18 OK   00026_sp05_source_binding_lock.sql (18.23ms)
2026/10/07 15:50:18 OK   00027_sp05_rca_and_poll.sql (14.99ms)
2026/10/07 15:50:18 OK   00028_sp05_operator_lock.sql (3.73ms)
2026/10/07 15:50:18 OK   00029_sp05_evidence_links.sql (18.51ms)
2026/10/07 15:50:18 OK   00030_sp05_recipe_fence.sql (6.86ms)
2026/10/07 15:50:18 OK   00031_sp05_rca_postcheck.sql (9.17ms)
2026/10/07 15:50:18 OK   00032_sp05_transport_audit.sql (7.38ms)
2026/10/07 15:50:18 OK   00033_sp05_poll_resolution_clock.sql (4.92ms)
2026/10/07 15:50:18 OK   00034_sp06_investigation_ledger.sql (33.07ms)
2026/10/07 15:50:18 OK   00035_sp06_admission_data_classes.sql (7.98ms)
2026/10/07 15:50:18 goose: successfully migrated database to version: 35
2026/10/07 15:50:19 OK   00001_roles_and_schemas.sql (40.02ms)
2026/10/07 15:50:19 goose: successfully migrated database to version: 1
2026/10/07 15:50:19 OK   00002_platform_meta.sql (25.15ms)
2026/10/07 15:50:19 OK   00003_finding.sql (16.2ms)
2026/10/07 15:50:19 OK   00004_incident.sql (6.5ms)
2026/10/07 15:50:19 OK   00005_investigation.sql (10.59ms)
2026/10/07 15:50:19 OK   00006_action_command.sql (13.02ms)
2026/10/07 15:50:19 OK   00007_audit.sql (23.94ms)
2026/10/07 15:50:19 OK   00008_rls.sql (9.1ms)
2026/10/07 15:50:19 OK   00009_idempotency_ledger.sql (7.31ms)
2026/10/07 15:50:19 OK   00010_tenant_provisioning.sql (6.59ms)
2026/10/07 15:50:19 OK   00011_source_registration_history.sql (22.13ms)
2026/10/07 15:50:19 OK   00012_config_registry_lifecycle.sql (12.98ms)
2026/10/07 15:50:19 OK   00013_audit_signed_segments.sql (21.89ms)
2026/10/07 15:50:19 OK   00014_audit_segment_predecessors.sql (9.91ms)
2026/10/07 15:50:19 OK   00015_source_schema_scope.sql (4.69ms)
2026/10/07 15:50:19 OK   00016_cluster_registration_metadata.sql (4.94ms)
2026/10/07 15:50:19 OK   00017_source_data_scope.sql (3.74ms)
2026/10/07 15:50:19 OK   00018_sp04_resources_evidence.sql (17.47ms)
2026/10/07 15:50:19 OK   00019_sp04_archive_ciphertext_bytes.sql (9.94ms)
2026/10/07 15:50:19 OK   00020_sp04_request_ledger.sql (5.5ms)
2026/10/07 15:50:19 OK   00021_sp04_archive_protection.sql (4.49ms)
2026/10/07 15:50:19 OK   00022_sp04_legal_hold_dependencies.sql (3.49ms)
2026/10/07 15:50:19 OK   00023_sp04_archive_query_intent.sql (6.66ms)
2026/10/07 15:50:19 OK   00024_sp05_finding_incident.sql (29.51ms)
2026/10/07 15:50:19 OK   00025_sp05_incident_event_time.sql (4.38ms)
2026/10/07 15:50:19 OK   00026_sp05_source_binding_lock.sql (5.05ms)
2026/10/07 15:50:19 OK   00027_sp05_rca_and_poll.sql (24.76ms)
2026/10/07 15:50:19 OK   00028_sp05_operator_lock.sql (11.02ms)
2026/10/07 15:50:19 OK   00029_sp05_evidence_links.sql (7.68ms)
2026/10/07 15:50:19 OK   00030_sp05_recipe_fence.sql (4.91ms)
2026/10/07 15:50:19 OK   00031_sp05_rca_postcheck.sql (3.07ms)
2026/10/07 15:50:19 OK   00032_sp05_transport_audit.sql (24.87ms)
2026/10/07 15:50:19 OK   00033_sp05_poll_resolution_clock.sql (7.99ms)
2026/10/07 15:50:19 OK   00034_sp06_investigation_ledger.sql (21.22ms)
2026/10/07 15:50:19 OK   00035_sp06_admission_data_classes.sql (3.57ms)
2026/10/07 15:50:19 goose: successfully migrated database to version: 35
2026/10/07 15:50:20 OK   00001_roles_and_schemas.sql (22.54ms)
2026/10/07 15:50:20 goose: successfully migrated database to version: 1
2026/10/07 15:50:20 OK   00002_platform_meta.sql (43.2ms)
2026/10/07 15:50:20 OK   00003_finding.sql (7.9ms)
2026/10/07 15:50:20 OK   00004_incident.sql (8.72ms)
2026/10/07 15:50:20 OK   00005_investigation.sql (6.18ms)
2026/10/07 15:50:20 OK   00006_action_command.sql (6.56ms)
2026/10/07 15:50:20 OK   00007_audit.sql (10.01ms)
2026/10/07 15:50:20 OK   00008_rls.sql (11.85ms)
2026/10/07 15:50:20 OK   00009_idempotency_ledger.sql (14.69ms)
2026/10/07 15:50:20 OK   00010_tenant_provisioning.sql (6.85ms)
2026/10/07 15:50:20 OK   00011_source_registration_history.sql (13.76ms)
2026/10/07 15:50:20 OK   00012_config_registry_lifecycle.sql (11.02ms)
2026/10/07 15:50:20 OK   00013_audit_signed_segments.sql (25.2ms)
2026/10/07 15:50:20 OK   00014_audit_segment_predecessors.sql (6.6ms)
2026/10/07 15:50:20 OK   00015_source_schema_scope.sql (4.53ms)
2026/10/07 15:50:20 OK   00016_cluster_registration_metadata.sql (4.43ms)
2026/10/07 15:50:20 OK   00017_source_data_scope.sql (11.9ms)
2026/10/07 15:50:20 OK   00018_sp04_resources_evidence.sql (19.83ms)
2026/10/07 15:50:20 OK   00019_sp04_archive_ciphertext_bytes.sql (6.09ms)
2026/10/07 15:50:20 OK   00020_sp04_request_ledger.sql (4.72ms)
2026/10/07 15:50:20 OK   00021_sp04_archive_protection.sql (3.28ms)
2026/10/07 15:50:20 OK   00022_sp04_legal_hold_dependencies.sql (6.76ms)
2026/10/07 15:50:20 OK   00023_sp04_archive_query_intent.sql (4.34ms)
2026/10/07 15:50:20 OK   00024_sp05_finding_incident.sql (26.13ms)
2026/10/07 15:50:20 OK   00025_sp05_incident_event_time.sql (3.7ms)
2026/10/07 15:50:20 OK   00026_sp05_source_binding_lock.sql (3.22ms)
2026/10/07 15:50:20 OK   00027_sp05_rca_and_poll.sql (7.66ms)
2026/10/07 15:50:20 OK   00028_sp05_operator_lock.sql (5.21ms)
2026/10/07 15:50:20 OK   00029_sp05_evidence_links.sql (16.25ms)
2026/10/07 15:50:20 OK   00030_sp05_recipe_fence.sql (4.89ms)
2026/10/07 15:50:20 OK   00031_sp05_rca_postcheck.sql (4.04ms)
2026/10/07 15:50:20 OK   00032_sp05_transport_audit.sql (7.24ms)
2026/10/07 15:50:20 OK   00033_sp05_poll_resolution_clock.sql (4.55ms)
2026/10/07 15:50:20 OK   00034_sp06_investigation_ledger.sql (30.01ms)
2026/10/07 15:50:20 OK   00035_sp06_admission_data_classes.sql (5.64ms)
2026/10/07 15:50:20 goose: successfully migrated database to version: 35
2026/10/07 15:50:35 OK   00001_roles_and_schemas.sql (25.89ms)
2026/10/07 15:50:35 goose: successfully migrated database to version: 1
2026/10/07 15:50:35 OK   00002_platform_meta.sql (35.18ms)
2026/10/07 15:50:35 OK   00003_finding.sql (19.6ms)
2026/10/07 15:50:35 OK   00004_incident.sql (12.27ms)
2026/10/07 15:50:35 OK   00005_investigation.sql (28.83ms)
2026/10/07 15:50:35 OK   00006_action_command.sql (17.45ms)
2026/10/07 15:50:35 OK   00007_audit.sql (22.52ms)
2026/10/07 15:50:35 OK   00008_rls.sql (13.02ms)
2026/10/07 15:50:35 OK   00009_idempotency_ledger.sql (22.56ms)
2026/10/07 15:50:35 OK   00010_tenant_provisioning.sql (18.84ms)
2026/10/07 15:50:35 OK   00011_source_registration_history.sql (12.12ms)
2026/10/07 15:50:35 OK   00012_config_registry_lifecycle.sql (13.23ms)
2026/10/07 15:50:35 OK   00013_audit_signed_segments.sql (28.71ms)
2026/10/07 15:50:35 OK   00014_audit_segment_predecessors.sql (16.76ms)
2026/10/07 15:50:35 OK   00015_source_schema_scope.sql (3.76ms)
2026/10/07 15:50:35 OK   00016_cluster_registration_metadata.sql (3.62ms)
2026/10/07 15:50:35 OK   00017_source_data_scope.sql (2.91ms)
2026/10/07 15:50:35 OK   00018_sp04_resources_evidence.sql (26.43ms)
2026/10/07 15:50:35 OK   00019_sp04_archive_ciphertext_bytes.sql (7.49ms)
2026/10/07 15:50:35 OK   00020_sp04_request_ledger.sql (18.57ms)
2026/10/07 15:50:35 OK   00021_sp04_archive_protection.sql (3.25ms)
2026/10/07 15:50:35 OK   00022_sp04_legal_hold_dependencies.sql (3.34ms)
2026/10/07 15:50:35 OK   00023_sp04_archive_query_intent.sql (2.57ms)
2026/10/07 15:50:36 OK   00024_sp05_finding_incident.sql (33.73ms)
2026/10/07 15:50:36 OK   00025_sp05_incident_event_time.sql (3.92ms)
2026/10/07 15:50:36 OK   00026_sp05_source_binding_lock.sql (7.64ms)
2026/10/07 15:50:36 OK   00027_sp05_rca_and_poll.sql (8.68ms)
2026/10/07 15:50:36 OK   00028_sp05_operator_lock.sql (2.54ms)
2026/10/07 15:50:36 OK   00029_sp05_evidence_links.sql (5.69ms)
2026/10/07 15:50:36 OK   00030_sp05_recipe_fence.sql (4.46ms)
2026/10/07 15:50:36 OK   00031_sp05_rca_postcheck.sql (6.1ms)
2026/10/07 15:50:36 OK   00032_sp05_transport_audit.sql (3.94ms)
2026/10/07 15:50:36 OK   00033_sp05_poll_resolution_clock.sql (6.8ms)
2026/10/07 15:50:36 OK   00034_sp06_investigation_ledger.sql (33.76ms)
2026/10/07 15:50:36 OK   00035_sp06_admission_data_classes.sql (5.43ms)
2026/10/07 15:50:36 goose: successfully migrated database to version: 35
2026/10/07 15:51:27 ERROR investigator dispatch failed reason=INVESTIGATOR_UNAVAILABLE
--- FAIL: TestSP06RealHolmesModelMCPJobAndSSE (53.23s)
    sp06_real_chain_test.go:497: real chain state=failed errorCode=INVESTIGATOR_FAILURE
    sp06_real_chain_test.go:226: investigator diagnostic ERROR:root:LLM call failed on model=openai/llama3.1:8b-16k (streaming iteration 1): ModelCallError: MODEL_TIMEOUT
        Traceback (most recent call last):
          File "/Users/mssc/Documents/Code/ops/platform/services/investigator/.venv/lib/python3.12/site-packages/holmes/core/tool_calling_llm.py", line 1216, in call_stream
            full_response = self.llm.completion(
                            ^^^^^^^^^^^^^^^^^^^^
          File "/Users/mssc/Documents/Code/ops/platform/services/investigator/src/investigator/budget.py", line 69, in completion
            raise ModelCallError(kind) from None
        investigator.budget.ModelCallError: MODEL_TIMEOUT
        investigator-model-failure MODEL_TIMEOUT 
        investigator-failure ModelCallError /Users/mssc/Documents/Code/ops/platform/services/investigator/src/investigator/worker.py 76
        investigator-failure ModelCallError /Users/mssc/Documents/Code/ops/platform/services/investigator/src/investigator/holmes_adapter.py 79
        investigator-failure ModelCallError /Users/mssc/Documents/Code/ops/platform/services/investigator/.venv/lib/python3.12/site-packages/sentry_sdk/tracing_utils.py 1154
        investigator-failure ModelCallError /Users/mssc/Documents/Code/ops/platform/services/investigator/.venv/lib/python3.12/site-packages/holmes/core/tool_calling_llm.py 657
        investigator-failure ModelCallError /Users/mssc/Documents/Code/ops/platform/services/investigator/.venv/lib/python3.12/site-packages/holmes/core/tool_calling_llm.py 1216
        investigator-failure ModelCallError /Users/mssc/Documents/Code/ops/platform/services/investigator/src/investigator/budget.py 69
        
    migrations_test.go:436: retained owned integration database=sp03_mig_1457d413111c45fe8dbc9dfab41d9e18 test=TestSP06RealHolmesModelMCPJobAndSSE reason=audit.records; no automatic protected cleanup
2026/10/07 15:51:28 OK   00001_roles_and_schemas.sql (21.64ms)
2026/10/07 15:51:28 goose: successfully migrated database to version: 1
2026/10/07 15:51:28 OK   00002_platform_meta.sql (47.32ms)
2026/10/07 15:51:28 OK   00003_finding.sql (18.87ms)
2026/10/07 15:51:28 OK   00004_incident.sql (7.76ms)
2026/10/07 15:51:29 OK   00005_investigation.sql (11.42ms)
2026/10/07 15:51:29 OK   00006_action_command.sql (13.98ms)
2026/10/07 15:51:29 OK   00007_audit.sql (19.17ms)
2026/10/07 15:51:29 OK   00008_rls.sql (17.08ms)
2026/10/07 15:51:29 OK   00009_idempotency_ledger.sql (20.21ms)
2026/10/07 15:51:29 OK   00010_tenant_provisioning.sql (9.54ms)
2026/10/07 15:51:29 OK   00011_source_registration_history.sql (14.66ms)
2026/10/07 15:51:29 OK   00012_config_registry_lifecycle.sql (34.35ms)
2026/10/07 15:51:29 OK   00013_audit_signed_segments.sql (22.67ms)
2026/10/07 15:51:29 OK   00014_audit_segment_predecessors.sql (14.19ms)
2026/10/07 15:51:29 OK   00015_source_schema_scope.sql (9.53ms)
2026/10/07 15:51:29 OK   00016_cluster_registration_metadata.sql (9.28ms)
2026/10/07 15:51:29 OK   00017_source_data_scope.sql (6.24ms)
2026/10/07 15:51:29 OK   00018_sp04_resources_evidence.sql (26.33ms)
2026/10/07 15:51:29 OK   00019_sp04_archive_ciphertext_bytes.sql (5.03ms)
2026/10/07 15:51:29 OK   00020_sp04_request_ledger.sql (19.54ms)
2026/10/07 15:51:29 OK   00021_sp04_archive_protection.sql (5.8ms)
2026/10/07 15:51:29 OK   00022_sp04_legal_hold_dependencies.sql (4.46ms)
2026/10/07 15:51:29 OK   00023_sp04_archive_query_intent.sql (5.22ms)
2026/10/07 15:51:29 OK   00024_sp05_finding_incident.sql (37.73ms)
2026/10/07 15:51:29 OK   00025_sp05_incident_event_time.sql (4.91ms)
2026/10/07 15:51:29 OK   00026_sp05_source_binding_lock.sql (7.72ms)
2026/10/07 15:51:29 OK   00027_sp05_rca_and_poll.sql (15.36ms)
2026/10/07 15:51:29 OK   00028_sp05_operator_lock.sql (6.76ms)
2026/10/07 15:51:29 OK   00029_sp05_evidence_links.sql (12ms)
2026/10/07 15:51:29 OK   00030_sp05_recipe_fence.sql (3.75ms)
2026/10/07 15:51:29 OK   00031_sp05_rca_postcheck.sql (2.76ms)
2026/10/07 15:51:29 OK   00032_sp05_transport_audit.sql (4.65ms)
2026/10/07 15:51:29 OK   00033_sp05_poll_resolution_clock.sql (6.4ms)
2026/10/07 15:51:29 OK   00034_sp06_investigation_ledger.sql (53.77ms)
2026/10/07 15:51:29 OK   00035_sp06_admission_data_classes.sql (11.3ms)
2026/10/07 15:51:29 goose: successfully migrated database to version: 35
2026/10/07 15:51:30 OK   00001_roles_and_schemas.sql (20.69ms)
2026/10/07 15:51:30 goose: successfully migrated database to version: 1
2026/10/07 15:51:30 OK   00002_platform_meta.sql (51.88ms)
2026/10/07 15:51:30 OK   00003_finding.sql (15.5ms)
2026/10/07 15:51:30 OK   00004_incident.sql (14.27ms)
2026/10/07 15:51:30 OK   00005_investigation.sql (11.12ms)
2026/10/07 15:51:30 OK   00006_action_command.sql (15.97ms)
2026/10/07 15:51:30 OK   00007_audit.sql (21.5ms)
2026/10/07 15:51:30 OK   00008_rls.sql (36.6ms)
2026/10/07 15:51:30 OK   00009_idempotency_ledger.sql (9.79ms)
2026/10/07 15:51:30 OK   00010_tenant_provisioning.sql (4.82ms)
2026/10/07 15:51:30 OK   00011_source_registration_history.sql (7.26ms)
2026/10/07 15:51:30 OK   00012_config_registry_lifecycle.sql (9.53ms)
2026/10/07 15:51:30 OK   00013_audit_signed_segments.sql (22.18ms)
2026/10/07 15:51:30 OK   00014_audit_segment_predecessors.sql (11.9ms)
2026/10/07 15:51:30 OK   00015_source_schema_scope.sql (5.4ms)
2026/10/07 15:51:30 OK   00016_cluster_registration_metadata.sql (6.9ms)
2026/10/07 15:51:30 OK   00017_source_data_scope.sql (4.24ms)
2026/10/07 15:51:30 OK   00018_sp04_resources_evidence.sql (23.48ms)
2026/10/07 15:51:30 OK   00019_sp04_archive_ciphertext_bytes.sql (4.26ms)
2026/10/07 15:51:30 OK   00020_sp04_request_ledger.sql (8.64ms)
2026/10/07 15:51:30 OK   00021_sp04_archive_protection.sql (5.86ms)
2026/10/07 15:51:30 OK   00022_sp04_legal_hold_dependencies.sql (7.05ms)
2026/10/07 15:51:30 OK   00023_sp04_archive_query_intent.sql (4.14ms)
2026/10/07 15:51:30 OK   00024_sp05_finding_incident.sql (40.69ms)
2026/10/07 15:51:30 OK   00025_sp05_incident_event_time.sql (3.95ms)
2026/10/07 15:51:30 OK   00026_sp05_source_binding_lock.sql (3.48ms)
2026/10/07 15:51:30 OK   00027_sp05_rca_and_poll.sql (26.23ms)
2026/10/07 15:51:30 OK   00028_sp05_operator_lock.sql (5.54ms)
2026/10/07 15:51:30 OK   00029_sp05_evidence_links.sql (11.12ms)
2026/10/07 15:51:30 OK   00030_sp05_recipe_fence.sql (2.9ms)
2026/10/07 15:51:30 OK   00031_sp05_rca_postcheck.sql (2.53ms)
2026/10/07 15:51:30 OK   00032_sp05_transport_audit.sql (4.47ms)
2026/10/07 15:51:30 OK   00033_sp05_poll_resolution_clock.sql (5.48ms)
2026/10/07 15:51:30 OK   00034_sp06_investigation_ledger.sql (39.1ms)
2026/10/07 15:51:30 OK   00035_sp06_admission_data_classes.sql (5.83ms)
2026/10/07 15:51:30 goose: successfully migrated database to version: 35
2026/10/07 15:51:31 OK   00001_roles_and_schemas.sql (18.7ms)
2026/10/07 15:51:31 goose: successfully migrated database to version: 1
2026/10/07 15:51:31 OK   00002_platform_meta.sql (25.64ms)
2026/10/07 15:51:31 OK   00003_finding.sql (19.18ms)
2026/10/07 15:51:31 OK   00004_incident.sql (6.83ms)
2026/10/07 15:51:31 OK   00005_investigation.sql (7.12ms)
2026/10/07 15:51:31 OK   00006_action_command.sql (6.92ms)
2026/10/07 15:51:31 OK   00007_audit.sql (12.85ms)
2026/10/07 15:51:31 OK   00008_rls.sql (14.65ms)
2026/10/07 15:51:31 OK   00009_idempotency_ledger.sql (9.73ms)
2026/10/07 15:51:31 OK   00010_tenant_provisioning.sql (4.96ms)
2026/10/07 15:51:31 OK   00011_source_registration_history.sql (20.73ms)
2026/10/07 15:51:31 OK   00012_config_registry_lifecycle.sql (17.97ms)
2026/10/07 15:51:31 OK   00013_audit_signed_segments.sql (27.28ms)
2026/10/07 15:51:31 OK   00014_audit_segment_predecessors.sql (6.53ms)
2026/10/07 15:51:31 OK   00015_source_schema_scope.sql (5.5ms)
2026/10/07 15:51:31 OK   00016_cluster_registration_metadata.sql (5.05ms)
2026/10/07 15:51:31 OK   00017_source_data_scope.sql (3.85ms)
2026/10/07 15:51:31 OK   00018_sp04_resources_evidence.sql (35.79ms)
2026/10/07 15:51:31 OK   00019_sp04_archive_ciphertext_bytes.sql (3.46ms)
2026/10/07 15:51:31 OK   00020_sp04_request_ledger.sql (5.98ms)
2026/10/07 15:51:31 OK   00021_sp04_archive_protection.sql (10.9ms)
2026/10/07 15:51:31 OK   00022_sp04_legal_hold_dependencies.sql (10.8ms)
2026/10/07 15:51:31 OK   00023_sp04_archive_query_intent.sql (8.72ms)
2026/10/07 15:51:31 OK   00024_sp05_finding_incident.sql (64.14ms)
2026/10/07 15:51:31 OK   00025_sp05_incident_event_time.sql (10.21ms)
2026/10/07 15:51:31 OK   00026_sp05_source_binding_lock.sql (7.73ms)
2026/10/07 15:51:31 OK   00027_sp05_rca_and_poll.sql (21.65ms)
2026/10/07 15:51:31 OK   00028_sp05_operator_lock.sql (6.05ms)
2026/10/07 15:51:31 OK   00029_sp05_evidence_links.sql (7.07ms)
2026/10/07 15:51:31 OK   00030_sp05_recipe_fence.sql (6.72ms)
2026/10/07 15:51:31 OK   00031_sp05_rca_postcheck.sql (4.23ms)
2026/10/07 15:51:31 OK   00032_sp05_transport_audit.sql (3.21ms)
2026/10/07 15:51:31 OK   00033_sp05_poll_resolution_clock.sql (4.21ms)
2026/10/07 15:51:31 OK   00034_sp06_investigation_ledger.sql (37.16ms)
2026/10/07 15:51:31 OK   00035_sp06_admission_data_classes.sql (4.72ms)
2026/10/07 15:51:31 goose: successfully migrated database to version: 35
2026/10/07 15:51:32 OK   00001_roles_and_schemas.sql (19.9ms)
2026/10/07 15:51:32 goose: successfully migrated database to version: 1
2026/10/07 15:51:32 OK   00002_platform_meta.sql (54.08ms)
2026/10/07 15:51:32 OK   00003_finding.sql (13.47ms)
2026/10/07 15:51:32 OK   00004_incident.sql (8.7ms)
2026/10/07 15:51:32 OK   00005_investigation.sql (12.48ms)
2026/10/07 15:51:32 OK   00006_action_command.sql (13.22ms)
2026/10/07 15:51:32 OK   00007_audit.sql (10.9ms)
2026/10/07 15:51:32 OK   00008_rls.sql (17.64ms)
2026/10/07 15:51:32 OK   00009_idempotency_ledger.sql (11.27ms)
2026/10/07 15:51:32 OK   00010_tenant_provisioning.sql (12.42ms)
2026/10/07 15:51:32 OK   00011_source_registration_history.sql (14.28ms)
2026/10/07 15:51:32 OK   00012_config_registry_lifecycle.sql (19.77ms)
2026/10/07 15:51:32 OK   00013_audit_signed_segments.sql (12.38ms)
2026/10/07 15:51:32 OK   00014_audit_segment_predecessors.sql (7.44ms)
2026/10/07 15:51:32 OK   00015_source_schema_scope.sql (4.27ms)
2026/10/07 15:51:32 OK   00016_cluster_registration_metadata.sql (6.6ms)
2026/10/07 15:51:32 OK   00017_source_data_scope.sql (6.29ms)
2026/10/07 15:51:32 OK   00018_sp04_resources_evidence.sql (28.25ms)
2026/10/07 15:51:32 OK   00019_sp04_archive_ciphertext_bytes.sql (2.98ms)
2026/10/07 15:51:32 OK   00020_sp04_request_ledger.sql (6.67ms)
2026/10/07 15:51:32 OK   00021_sp04_archive_protection.sql (5.21ms)
2026/10/07 15:51:32 OK   00022_sp04_legal_hold_dependencies.sql (3.52ms)
2026/10/07 15:51:32 OK   00023_sp04_archive_query_intent.sql (3.59ms)
2026/10/07 15:51:32 OK   00024_sp05_finding_incident.sql (35.8ms)
2026/10/07 15:51:32 OK   00025_sp05_incident_event_time.sql (2.9ms)
2026/10/07 15:51:32 OK   00026_sp05_source_binding_lock.sql (3.1ms)
2026/10/07 15:51:32 OK   00027_sp05_rca_and_poll.sql (19.44ms)
2026/10/07 15:51:32 OK   00028_sp05_operator_lock.sql (5.29ms)
2026/10/07 15:51:32 OK   00029_sp05_evidence_links.sql (15.45ms)
2026/10/07 15:51:32 OK   00030_sp05_recipe_fence.sql (3.76ms)
2026/10/07 15:51:32 OK   00031_sp05_rca_postcheck.sql (3.09ms)
2026/10/07 15:51:32 OK   00032_sp05_transport_audit.sql (2.74ms)
2026/10/07 15:51:32 OK   00033_sp05_poll_resolution_clock.sql (4ms)
2026/10/07 15:51:32 OK   00034_sp06_investigation_ledger.sql (48.39ms)
2026/10/07 15:51:32 OK   00035_sp06_admission_data_classes.sql (3.77ms)
2026/10/07 15:51:32 goose: successfully migrated database to version: 35
2026/10/07 15:51:54 OK   00001_roles_and_schemas.sql (23.94ms)
2026/10/07 15:51:54 goose: successfully migrated database to version: 1
2026/10/07 15:51:54 OK   00002_platform_meta.sql (52.46ms)
2026/10/07 15:51:54 OK   00003_finding.sql (17.75ms)
2026/10/07 15:51:54 OK   00004_incident.sql (6.82ms)
2026/10/07 15:51:54 OK   00005_investigation.sql (13.9ms)
2026/10/07 15:51:54 OK   00006_action_command.sql (19.9ms)
2026/10/07 15:51:54 OK   00007_audit.sql (29.99ms)
2026/10/07 15:51:54 OK   00008_rls.sql (35.42ms)
2026/10/07 15:51:54 OK   00009_idempotency_ledger.sql (28.96ms)
2026/10/07 15:51:54 OK   00010_tenant_provisioning.sql (7.89ms)
2026/10/07 15:51:54 OK   00011_source_registration_history.sql (9.17ms)
2026/10/07 15:51:54 OK   00012_config_registry_lifecycle.sql (52.23ms)
2026/10/07 15:51:54 OK   00013_audit_signed_segments.sql (34.36ms)
2026/10/07 15:51:54 OK   00014_audit_segment_predecessors.sql (32.01ms)
2026/10/07 15:51:54 OK   00015_source_schema_scope.sql (15.5ms)
2026/10/07 15:51:54 OK   00016_cluster_registration_metadata.sql (8.73ms)
2026/10/07 15:51:54 OK   00017_source_data_scope.sql (5.77ms)
2026/10/07 15:51:54 OK   00018_sp04_resources_evidence.sql (42.46ms)
2026/10/07 15:51:54 OK   00019_sp04_archive_ciphertext_bytes.sql (21.62ms)
2026/10/07 15:51:54 OK   00020_sp04_request_ledger.sql (11.13ms)
2026/10/07 15:51:54 OK   00021_sp04_archive_protection.sql (3.99ms)
2026/10/07 15:51:54 OK   00022_sp04_legal_hold_dependencies.sql (4.88ms)
2026/10/07 15:51:54 OK   00023_sp04_archive_query_intent.sql (10.96ms)
2026/10/07 15:51:54 OK   00024_sp05_finding_incident.sql (46.28ms)
2026/10/07 15:51:54 OK   00025_sp05_incident_event_time.sql (3.97ms)
2026/10/07 15:51:54 OK   00026_sp05_source_binding_lock.sql (9.91ms)
2026/10/07 15:51:54 OK   00027_sp05_rca_and_poll.sql (17.78ms)
2026/10/07 15:51:54 OK   00028_sp05_operator_lock.sql (11.06ms)
2026/10/07 15:51:54 OK   00029_sp05_evidence_links.sql (11.92ms)
2026/10/07 15:51:54 OK   00030_sp05_recipe_fence.sql (5.66ms)
2026/10/07 15:51:54 OK   00031_sp05_rca_postcheck.sql (3.32ms)
2026/10/07 15:51:54 OK   00032_sp05_transport_audit.sql (9.19ms)
2026/10/07 15:51:54 OK   00033_sp05_poll_resolution_clock.sql (29.18ms)
2026/10/07 15:51:54 OK   00034_sp06_investigation_ledger.sql (40.67ms)
2026/10/07 15:51:54 OK   00035_sp06_admission_data_classes.sql (18.12ms)
2026/10/07 15:51:54 goose: successfully migrated database to version: 35
2026/10/07 15:51:55 OK   00001_roles_and_schemas.sql (35.87ms)
2026/10/07 15:51:55 goose: successfully migrated database to version: 1
2026/10/07 15:51:55 OK   00002_platform_meta.sql (93.83ms)
2026/10/07 15:51:55 OK   00003_finding.sql (34.76ms)
2026/10/07 15:51:55 OK   00004_incident.sql (22ms)
2026/10/07 15:51:55 OK   00005_investigation.sql (19.65ms)
2026/10/07 15:51:55 OK   00006_action_command.sql (25.98ms)
2026/10/07 15:51:55 OK   00007_audit.sql (30.36ms)
2026/10/07 15:51:55 OK   00008_rls.sql (19.43ms)
2026/10/07 15:51:55 OK   00009_idempotency_ledger.sql (26.23ms)
2026/10/07 15:51:55 OK   00010_tenant_provisioning.sql (18.08ms)
2026/10/07 15:51:55 OK   00011_source_registration_history.sql (11.48ms)
2026/10/07 15:51:55 OK   00012_config_registry_lifecycle.sql (34.78ms)
2026/10/07 15:51:55 OK   00013_audit_signed_segments.sql (35.77ms)
2026/10/07 15:51:55 OK   00014_audit_segment_predecessors.sql (20.14ms)
2026/10/07 15:51:55 OK   00015_source_schema_scope.sql (10.37ms)
2026/10/07 15:51:55 OK   00016_cluster_registration_metadata.sql (11.54ms)
2026/10/07 15:51:55 OK   00017_source_data_scope.sql (6.35ms)
2026/10/07 15:51:56 OK   00018_sp04_resources_evidence.sql (39.55ms)
2026/10/07 15:51:56 OK   00019_sp04_archive_ciphertext_bytes.sql (8.14ms)
2026/10/07 15:51:56 OK   00020_sp04_request_ledger.sql (8.9ms)
2026/10/07 15:51:56 OK   00021_sp04_archive_protection.sql (11.52ms)
2026/10/07 15:51:56 OK   00022_sp04_legal_hold_dependencies.sql (11.94ms)
2026/10/07 15:51:56 OK   00023_sp04_archive_query_intent.sql (7.7ms)
2026/10/07 15:51:56 OK   00024_sp05_finding_incident.sql (41.16ms)
2026/10/07 15:51:56 OK   00025_sp05_incident_event_time.sql (10.73ms)
2026/10/07 15:51:56 OK   00026_sp05_source_binding_lock.sql (7.82ms)
2026/10/07 15:51:56 OK   00027_sp05_rca_and_poll.sql (23.73ms)
2026/10/07 15:51:56 OK   00028_sp05_operator_lock.sql (20.33ms)
2026/10/07 15:51:56 OK   00029_sp05_evidence_links.sql (19.51ms)
2026/10/07 15:51:56 OK   00030_sp05_recipe_fence.sql (5.04ms)
2026/10/07 15:51:56 OK   00031_sp05_rca_postcheck.sql (3.1ms)
2026/10/07 15:51:56 OK   00032_sp05_transport_audit.sql (3.01ms)
2026/10/07 15:51:56 OK   00033_sp05_poll_resolution_clock.sql (4.39ms)
2026/10/07 15:51:56 OK   00034_sp06_investigation_ledger.sql (51.2ms)
2026/10/07 15:51:56 OK   00035_sp06_admission_data_classes.sql (3.5ms)
2026/10/07 15:51:56 goose: successfully migrated database to version: 35
2026/10/07 15:51:56 OK   00001_roles_and_schemas.sql (19.13ms)
2026/10/07 15:51:56 goose: successfully migrated database to version: 1
2026/10/07 15:51:56 OK   00002_platform_meta.sql (48.71ms)
2026/10/07 15:51:56 OK   00003_finding.sql (11.93ms)
2026/10/07 15:51:56 OK   00004_incident.sql (6.84ms)
2026/10/07 15:51:56 OK   00005_investigation.sql (46.69ms)
2026/10/07 15:51:56 OK   00006_action_command.sql (12.15ms)
2026/10/07 15:51:56 OK   00007_audit.sql (13.46ms)
2026/10/07 15:51:56 OK   00008_rls.sql (28.57ms)
2026/10/07 15:51:56 OK   00009_idempotency_ledger.sql (33.19ms)
2026/10/07 15:51:56 OK   00010_tenant_provisioning.sql (5.7ms)
2026/10/07 15:51:56 OK   00011_source_registration_history.sql (45.73ms)
2026/10/07 15:51:57 OK   00012_config_registry_lifecycle.sql (65.87ms)
2026/10/07 15:51:57 OK   00013_audit_signed_segments.sql (32.35ms)
2026/10/07 15:51:57 OK   00014_audit_segment_predecessors.sql (8.81ms)
2026/10/07 15:51:57 OK   00015_source_schema_scope.sql (5.93ms)
2026/10/07 15:51:57 OK   00016_cluster_registration_metadata.sql (14.67ms)
2026/10/07 15:51:57 OK   00017_source_data_scope.sql (11.67ms)
2026/10/07 15:51:57 OK   00018_sp04_resources_evidence.sql (33.71ms)
2026/10/07 15:51:57 OK   00019_sp04_archive_ciphertext_bytes.sql (9.47ms)
2026/10/07 15:51:57 OK   00020_sp04_request_ledger.sql (17.67ms)
2026/10/07 15:51:57 OK   00021_sp04_archive_protection.sql (18.8ms)
2026/10/07 15:51:57 OK   00022_sp04_legal_hold_dependencies.sql (13.67ms)
2026/10/07 15:51:57 OK   00023_sp04_archive_query_intent.sql (3.51ms)
2026/10/07 15:51:57 OK   00024_sp05_finding_incident.sql (26.27ms)
2026/10/07 15:51:57 OK   00025_sp05_incident_event_time.sql (4.5ms)
2026/10/07 15:51:57 OK   00026_sp05_source_binding_lock.sql (5.95ms)
2026/10/07 15:51:57 OK   00027_sp05_rca_and_poll.sql (14.22ms)
2026/10/07 15:51:57 OK   00028_sp05_operator_lock.sql (12.17ms)
2026/10/07 15:51:57 OK   00029_sp05_evidence_links.sql (11.37ms)
2026/10/07 15:51:57 OK   00030_sp05_recipe_fence.sql (3.23ms)
2026/10/07 15:51:57 OK   00031_sp05_rca_postcheck.sql (6.51ms)
2026/10/07 15:51:57 OK   00032_sp05_transport_audit.sql (5.12ms)
2026/10/07 15:51:57 OK   00033_sp05_poll_resolution_clock.sql (5.86ms)
2026/10/07 15:51:57 OK   00034_sp06_investigation_ledger.sql (31.72ms)
2026/10/07 15:51:57 OK   00035_sp06_admission_data_classes.sql (11.91ms)
2026/10/07 15:51:57 goose: successfully migrated database to version: 35
2026/10/07 15:51:58 OK   00001_roles_and_schemas.sql (73.6ms)
2026/10/07 15:51:58 goose: successfully migrated database to version: 1
2026/10/07 15:51:58 OK   00002_platform_meta.sql (340.2ms)
2026/10/07 15:51:58 OK   00003_finding.sql (28.56ms)
2026/10/07 15:51:58 OK   00004_incident.sql (16.63ms)
2026/10/07 15:51:58 OK   00005_investigation.sql (10.26ms)
2026/10/07 15:51:58 OK   00006_action_command.sql (28.58ms)
2026/10/07 15:51:58 OK   00007_audit.sql (57.42ms)
2026/10/07 15:51:58 OK   00008_rls.sql (13.52ms)
2026/10/07 15:51:58 OK   00009_idempotency_ledger.sql (19.55ms)
2026/10/07 15:51:58 OK   00010_tenant_provisioning.sql (14.04ms)
2026/10/07 15:51:59 OK   00011_source_registration_history.sql (24.31ms)
2026/10/07 15:51:59 OK   00012_config_registry_lifecycle.sql (20.59ms)
2026/10/07 15:51:59 OK   00013_audit_signed_segments.sql (54.45ms)
2026/10/07 15:51:59 OK   00014_audit_segment_predecessors.sql (15.98ms)
2026/10/07 15:51:59 OK   00015_source_schema_scope.sql (9.19ms)
2026/10/07 15:51:59 OK   00016_cluster_registration_metadata.sql (12.85ms)
2026/10/07 15:51:59 OK   00017_source_data_scope.sql (26.99ms)
2026/10/07 15:51:59 OK   00018_sp04_resources_evidence.sql (25.6ms)
2026/10/07 15:51:59 OK   00019_sp04_archive_ciphertext_bytes.sql (6.32ms)
2026/10/07 15:51:59 OK   00020_sp04_request_ledger.sql (9.03ms)
2026/10/07 15:51:59 OK   00021_sp04_archive_protection.sql (4.84ms)
2026/10/07 15:51:59 OK   00022_sp04_legal_hold_dependencies.sql (4.14ms)
2026/10/07 15:51:59 OK   00023_sp04_archive_query_intent.sql (5.86ms)
2026/10/07 15:51:59 OK   00024_sp05_finding_incident.sql (81.7ms)
2026/10/07 15:51:59 OK   00025_sp05_incident_event_time.sql (7.39ms)
2026/10/07 15:51:59 OK   00026_sp05_source_binding_lock.sql (17.7ms)
2026/10/07 15:51:59 OK   00027_sp05_rca_and_poll.sql (24.8ms)
2026/10/07 15:51:59 OK   00028_sp05_operator_lock.sql (7.69ms)
2026/10/07 15:51:59 OK   00029_sp05_evidence_links.sql (8.42ms)
2026/10/07 15:51:59 OK   00030_sp05_recipe_fence.sql (7.26ms)
2026/10/07 15:51:59 OK   00031_sp05_rca_postcheck.sql (7.32ms)
2026/10/07 15:51:59 OK   00032_sp05_transport_audit.sql (15.72ms)
2026/10/07 15:51:59 OK   00033_sp05_poll_resolution_clock.sql (10.89ms)
2026/10/07 15:51:59 OK   00034_sp06_investigation_ledger.sql (85.46ms)
2026/10/07 15:51:59 OK   00035_sp06_admission_data_classes.sql (10.08ms)
2026/10/07 15:51:59 goose: successfully migrated database to version: 35
2026/10/07 15:52:00 OK   00001_roles_and_schemas.sql (18.24ms)
2026/10/07 15:52:00 goose: successfully migrated database to version: 1
2026/10/07 15:52:00 OK   00002_platform_meta.sql (59.72ms)
2026/10/07 15:52:00 OK   00003_finding.sql (16.46ms)
2026/10/07 15:52:00 OK   00004_incident.sql (12.53ms)
2026/10/07 15:52:00 OK   00005_investigation.sql (16.94ms)
2026/10/07 15:52:00 OK   00006_action_command.sql (24.15ms)
2026/10/07 15:52:00 OK   00007_audit.sql (31.05ms)
2026/10/07 15:52:00 OK   00008_rls.sql (16.24ms)
2026/10/07 15:52:00 OK   00009_idempotency_ledger.sql (22.23ms)
2026/10/07 15:52:00 OK   00010_tenant_provisioning.sql (8.78ms)
2026/10/07 15:52:00 OK   00011_source_registration_history.sql (9.26ms)
2026/10/07 15:52:00 OK   00012_config_registry_lifecycle.sql (30.54ms)
2026/10/07 15:52:00 OK   00013_audit_signed_segments.sql (29.6ms)
2026/10/07 15:52:00 OK   00014_audit_segment_predecessors.sql (10.02ms)
2026/10/07 15:52:00 OK   00015_source_schema_scope.sql (7.17ms)
2026/10/07 15:52:00 OK   00016_cluster_registration_metadata.sql (8.81ms)
2026/10/07 15:52:00 OK   00017_source_data_scope.sql (5.37ms)
2026/10/07 15:52:00 OK   00018_sp04_resources_evidence.sql (37.28ms)
2026/10/07 15:52:00 OK   00019_sp04_archive_ciphertext_bytes.sql (6.15ms)
2026/10/07 15:52:00 OK   00020_sp04_request_ledger.sql (13.32ms)
2026/10/07 15:52:00 OK   00021_sp04_archive_protection.sql (10.81ms)
2026/10/07 15:52:00 OK   00022_sp04_legal_hold_dependencies.sql (12.79ms)
2026/10/07 15:52:00 OK   00023_sp04_archive_query_intent.sql (9.94ms)
2026/10/07 15:52:00 OK   00024_sp05_finding_incident.sql (66.04ms)
2026/10/07 15:52:00 OK   00025_sp05_incident_event_time.sql (7.98ms)
2026/10/07 15:52:00 OK   00026_sp05_source_binding_lock.sql (4.79ms)
2026/10/07 15:52:00 OK   00027_sp05_rca_and_poll.sql (17.31ms)
2026/10/07 15:52:00 OK   00028_sp05_operator_lock.sql (7.78ms)
2026/10/07 15:52:00 OK   00029_sp05_evidence_links.sql (14ms)
2026/10/07 15:52:00 OK   00030_sp05_recipe_fence.sql (6.95ms)
2026/10/07 15:52:00 OK   00031_sp05_rca_postcheck.sql (13.61ms)
2026/10/07 15:52:00 OK   00032_sp05_transport_audit.sql (4.4ms)
2026/10/07 15:52:00 OK   00033_sp05_poll_resolution_clock.sql (3.93ms)
2026/10/07 15:52:00 OK   00034_sp06_investigation_ledger.sql (54.5ms)
2026/10/07 15:52:00 OK   00035_sp06_admission_data_classes.sql (15.94ms)
2026/10/07 15:52:00 goose: successfully migrated database to version: 35
2026/10/07 15:52:01 OK   00001_roles_and_schemas.sql (32.79ms)
2026/10/07 15:52:01 goose: successfully migrated database to version: 1
2026/10/07 15:52:01 OK   00002_platform_meta.sql (85.64ms)
2026/10/07 15:52:01 OK   00003_finding.sql (12.71ms)
2026/10/07 15:52:01 OK   00004_incident.sql (10.42ms)
2026/10/07 15:52:01 OK   00005_investigation.sql (37.2ms)
2026/10/07 15:52:01 OK   00006_action_command.sql (10.87ms)
2026/10/07 15:52:01 OK   00007_audit.sql (24.62ms)
2026/10/07 15:52:01 OK   00008_rls.sql (18.6ms)
2026/10/07 15:52:01 OK   00009_idempotency_ledger.sql (12.45ms)
2026/10/07 15:52:01 OK   00010_tenant_provisioning.sql (4.66ms)
2026/10/07 15:52:01 OK   00011_source_registration_history.sql (23.29ms)
2026/10/07 15:52:01 OK   00012_config_registry_lifecycle.sql (33.36ms)
2026/10/07 15:52:01 OK   00013_audit_signed_segments.sql (36.72ms)
2026/10/07 15:52:01 OK   00014_audit_segment_predecessors.sql (8.06ms)
2026/10/07 15:52:01 OK   00015_source_schema_scope.sql (4.61ms)
2026/10/07 15:52:01 OK   00016_cluster_registration_metadata.sql (9.09ms)
2026/10/07 15:52:01 OK   00017_source_data_scope.sql (13.91ms)
2026/10/07 15:52:01 OK   00018_sp04_resources_evidence.sql (65.92ms)
2026/10/07 15:52:01 OK   00019_sp04_archive_ciphertext_bytes.sql (10.23ms)
2026/10/07 15:52:01 OK   00020_sp04_request_ledger.sql (12.38ms)
2026/10/07 15:52:01 OK   00021_sp04_archive_protection.sql (3.43ms)
2026/10/07 15:52:01 OK   00022_sp04_legal_hold_dependencies.sql (3.36ms)
2026/10/07 15:52:01 OK   00023_sp04_archive_query_intent.sql (4.5ms)
2026/10/07 15:52:01 OK   00024_sp05_finding_incident.sql (58.48ms)
2026/10/07 15:52:01 OK   00025_sp05_incident_event_time.sql (3.92ms)
2026/10/07 15:52:01 OK   00026_sp05_source_binding_lock.sql (12.42ms)
2026/10/07 15:52:01 OK   00027_sp05_rca_and_poll.sql (34.63ms)
2026/10/07 15:52:01 OK   00028_sp05_operator_lock.sql (4.19ms)
2026/10/07 15:52:02 OK   00029_sp05_evidence_links.sql (6.42ms)
2026/10/07 15:52:02 OK   00030_sp05_recipe_fence.sql (5.51ms)
2026/10/07 15:52:02 OK   00031_sp05_rca_postcheck.sql (2.61ms)
2026/10/07 15:52:02 OK   00032_sp05_transport_audit.sql (3.55ms)
2026/10/07 15:52:02 OK   00033_sp05_poll_resolution_clock.sql (4.85ms)
2026/10/07 15:52:02 OK   00034_sp06_investigation_ledger.sql (50.18ms)
2026/10/07 15:52:02 OK   00035_sp06_admission_data_classes.sql (8.38ms)
2026/10/07 15:52:02 goose: successfully migrated database to version: 35
2026/10/07 15:52:02 OK   00001_roles_and_schemas.sql (17.43ms)
2026/10/07 15:52:02 goose: successfully migrated database to version: 1
2026/10/07 15:52:02 OK   00002_platform_meta.sql (40.77ms)
2026/10/07 15:52:02 OK   00003_finding.sql (20.11ms)
2026/10/07 15:52:02 OK   00004_incident.sql (18.87ms)
2026/10/07 15:52:02 OK   00005_investigation.sql (17.79ms)
2026/10/07 15:52:02 OK   00006_action_command.sql (17.24ms)
2026/10/07 15:52:02 OK   00007_audit.sql (84.14ms)
2026/10/07 15:52:02 OK   00008_rls.sql (21.25ms)
2026/10/07 15:52:02 OK   00009_idempotency_ledger.sql (21.3ms)
2026/10/07 15:52:02 OK   00010_tenant_provisioning.sql (19.74ms)
2026/10/07 15:52:02 OK   00011_source_registration_history.sql (11.81ms)
2026/10/07 15:52:02 OK   00012_config_registry_lifecycle.sql (23.38ms)
2026/10/07 15:52:02 OK   00013_audit_signed_segments.sql (23.6ms)
2026/10/07 15:52:02 OK   00014_audit_segment_predecessors.sql (11.77ms)
2026/10/07 15:52:02 OK   00015_source_schema_scope.sql (4.08ms)
2026/10/07 15:52:02 OK   00016_cluster_registration_metadata.sql (3.99ms)
2026/10/07 15:52:02 OK   00017_source_data_scope.sql (4ms)
2026/10/07 15:52:02 OK   00018_sp04_resources_evidence.sql (34.69ms)
2026/10/07 15:52:02 OK   00019_sp04_archive_ciphertext_bytes.sql (5.31ms)
2026/10/07 15:52:02 OK   00020_sp04_request_ledger.sql (6ms)
2026/10/07 15:52:02 OK   00021_sp04_archive_protection.sql (4.33ms)
2026/10/07 15:52:02 OK   00022_sp04_legal_hold_dependencies.sql (5ms)
2026/10/07 15:52:02 OK   00023_sp04_archive_query_intent.sql (3.31ms)
2026/10/07 15:52:03 OK   00024_sp05_finding_incident.sql (31.91ms)
2026/10/07 15:52:03 OK   00025_sp05_incident_event_time.sql (7ms)
2026/10/07 15:52:03 OK   00026_sp05_source_binding_lock.sql (5.4ms)
2026/10/07 15:52:03 OK   00027_sp05_rca_and_poll.sql (13.42ms)
2026/10/07 15:52:03 OK   00028_sp05_operator_lock.sql (4.09ms)
2026/10/07 15:52:03 OK   00029_sp05_evidence_links.sql (8.97ms)
2026/10/07 15:52:03 OK   00030_sp05_recipe_fence.sql (3.72ms)
2026/10/07 15:52:03 OK   00031_sp05_rca_postcheck.sql (6.48ms)
2026/10/07 15:52:03 OK   00032_sp05_transport_audit.sql (7.19ms)
2026/10/07 15:52:03 OK   00033_sp05_poll_resolution_clock.sql (7.48ms)
2026/10/07 15:52:03 OK   00034_sp06_investigation_ledger.sql (50.02ms)
2026/10/07 15:52:03 OK   00035_sp06_admission_data_classes.sql (17.8ms)
2026/10/07 15:52:03 goose: successfully migrated database to version: 35
2026/10/07 15:52:03 OK   00001_roles_and_schemas.sql (10.33ms)
2026/10/07 15:52:03 goose: successfully migrated database to version: 1
2026/10/07 15:52:03 OK   00002_platform_meta.sql (39.36ms)
2026/10/07 15:52:03 OK   00003_finding.sql (23.5ms)
2026/10/07 15:52:03 OK   00004_incident.sql (9.02ms)
2026/10/07 15:52:03 OK   00005_investigation.sql (28.5ms)
2026/10/07 15:52:03 OK   00006_action_command.sql (18.14ms)
2026/10/07 15:52:03 OK   00007_audit.sql (12.42ms)
2026/10/07 15:52:04 OK   00008_rls.sql (30.84ms)
2026/10/07 15:52:04 OK   00009_idempotency_ledger.sql (10.79ms)
2026/10/07 15:52:04 OK   00010_tenant_provisioning.sql (3.79ms)
2026/10/07 15:52:04 OK   00011_source_registration_history.sql (16.68ms)
2026/10/07 15:52:04 OK   00012_config_registry_lifecycle.sql (20.19ms)
2026/10/07 15:52:04 OK   00013_audit_signed_segments.sql (20.07ms)
2026/10/07 15:52:04 OK   00014_audit_segment_predecessors.sql (11.29ms)
2026/10/07 15:52:04 OK   00015_source_schema_scope.sql (5.95ms)
2026/10/07 15:52:04 OK   00016_cluster_registration_metadata.sql (9.85ms)
2026/10/07 15:52:04 OK   00017_source_data_scope.sql (5.23ms)
2026/10/07 15:52:04 OK   00018_sp04_resources_evidence.sql (23.69ms)
2026/10/07 15:52:04 OK   00019_sp04_archive_ciphertext_bytes.sql (5.82ms)
2026/10/07 15:52:04 OK   00020_sp04_request_ledger.sql (9.2ms)
2026/10/07 15:52:04 OK   00021_sp04_archive_protection.sql (5.39ms)
2026/10/07 15:52:04 OK   00022_sp04_legal_hold_dependencies.sql (5.91ms)
2026/10/07 15:52:04 OK   00023_sp04_archive_query_intent.sql (6.47ms)
2026/10/07 15:52:04 OK   00024_sp05_finding_incident.sql (41.03ms)
2026/10/07 15:52:04 OK   00025_sp05_incident_event_time.sql (4.69ms)
2026/10/07 15:52:04 OK   00026_sp05_source_binding_lock.sql (8.27ms)
2026/10/07 15:52:04 OK   00027_sp05_rca_and_poll.sql (13.51ms)
2026/10/07 15:52:04 OK   00028_sp05_operator_lock.sql (3.54ms)
2026/10/07 15:52:04 OK   00029_sp05_evidence_links.sql (7.58ms)
2026/10/07 15:52:04 OK   00030_sp05_recipe_fence.sql (7.91ms)
2026/10/07 15:52:04 OK   00031_sp05_rca_postcheck.sql (7.94ms)
2026/10/07 15:52:04 OK   00032_sp05_transport_audit.sql (9.87ms)
2026/10/07 15:52:04 OK   00033_sp05_poll_resolution_clock.sql (8.62ms)
2026/10/07 15:52:04 OK   00034_sp06_investigation_ledger.sql (32.29ms)
2026/10/07 15:52:04 OK   00035_sp06_admission_data_classes.sql (3.8ms)
2026/10/07 15:52:04 goose: successfully migrated database to version: 35
2026/10/07 15:52:06 OK   00001_roles_and_schemas.sql (10.75ms)
2026/10/07 15:52:06 goose: successfully migrated database to version: 1
2026/10/07 15:52:06 OK   00002_platform_meta.sql (18.95ms)
2026/10/07 15:52:06 OK   00003_finding.sql (50.71ms)
2026/10/07 15:52:06 OK   00004_incident.sql (20.26ms)
2026/10/07 15:52:06 OK   00005_investigation.sql (25.77ms)
2026/10/07 15:52:06 OK   00006_action_command.sql (7.04ms)
2026/10/07 15:52:06 OK   00007_audit.sql (20.09ms)
2026/10/07 15:52:06 OK   00008_rls.sql (22.58ms)
2026/10/07 15:52:07 OK   00009_idempotency_ledger.sql (18.36ms)
2026/10/07 15:52:07 OK   00010_tenant_provisioning.sql (14.15ms)
2026/10/07 15:52:07 OK   00011_source_registration_history.sql (16.59ms)
2026/10/07 15:52:07 OK   00012_config_registry_lifecycle.sql (9.96ms)
2026/10/07 15:52:07 OK   00013_audit_signed_segments.sql (46.06ms)
2026/10/07 15:52:07 OK   00014_audit_segment_predecessors.sql (6.99ms)
2026/10/07 15:52:07 OK   00015_source_schema_scope.sql (7.49ms)
2026/10/07 15:52:07 OK   00016_cluster_registration_metadata.sql (10.04ms)
2026/10/07 15:52:07 OK   00017_source_data_scope.sql (9.9ms)
2026/10/07 15:52:07 OK   00018_sp04_resources_evidence.sql (46.45ms)
2026/10/07 15:52:07 OK   00019_sp04_archive_ciphertext_bytes.sql (5.29ms)
2026/10/07 15:52:07 OK   00020_sp04_request_ledger.sql (10.42ms)
2026/10/07 15:52:07 OK   00021_sp04_archive_protection.sql (4.79ms)
2026/10/07 15:52:07 OK   00022_sp04_legal_hold_dependencies.sql (4.35ms)
2026/10/07 15:52:07 OK   00023_sp04_archive_query_intent.sql (3.83ms)
2026/10/07 15:52:07 OK   00024_sp05_finding_incident.sql (26.87ms)
2026/10/07 15:52:07 OK   00025_sp05_incident_event_time.sql (2.93ms)
2026/10/07 15:52:07 OK   00026_sp05_source_binding_lock.sql (7.31ms)
2026/10/07 15:52:07 OK   00027_sp05_rca_and_poll.sql (17.87ms)
2026/10/07 15:52:07 OK   00028_sp05_operator_lock.sql (10.31ms)
2026/10/07 15:52:07 OK   00029_sp05_evidence_links.sql (32.16ms)
2026/10/07 15:52:07 OK   00030_sp05_recipe_fence.sql (10.77ms)
2026/10/07 15:52:07 OK   00031_sp05_rca_postcheck.sql (8.19ms)
2026/10/07 15:52:07 OK   00032_sp05_transport_audit.sql (9.3ms)
2026/10/07 15:52:07 OK   00033_sp05_poll_resolution_clock.sql (14.24ms)
2026/10/07 15:52:07 OK   00034_sp06_investigation_ledger.sql (55.43ms)
2026/10/07 15:52:07 OK   00035_sp06_admission_data_classes.sql (6.91ms)
2026/10/07 15:52:07 goose: successfully migrated database to version: 35
2026/10/07 15:52:08 OK   00001_roles_and_schemas.sql (28.65ms)
2026/10/07 15:52:08 goose: successfully migrated database to version: 1
2026/10/07 15:52:08 OK   00002_platform_meta.sql (50.67ms)
2026/10/07 15:52:08 OK   00003_finding.sql (25.41ms)
2026/10/07 15:52:08 OK   00004_incident.sql (7.88ms)
2026/10/07 15:52:08 OK   00005_investigation.sql (15.11ms)
2026/10/07 15:52:08 OK   00006_action_command.sql (13.18ms)
2026/10/07 15:52:08 OK   00007_audit.sql (22.42ms)
2026/10/07 15:52:08 OK   00008_rls.sql (12.3ms)
2026/10/07 15:52:08 OK   00009_idempotency_ledger.sql (21.72ms)
2026/10/07 15:52:08 OK   00010_tenant_provisioning.sql (18.47ms)
2026/10/07 15:52:08 OK   00011_source_registration_history.sql (14.49ms)
2026/10/07 15:52:08 OK   00012_config_registry_lifecycle.sql (10.67ms)
2026/10/07 15:52:08 OK   00013_audit_signed_segments.sql (32.88ms)
2026/10/07 15:52:08 OK   00014_audit_segment_predecessors.sql (10.05ms)
2026/10/07 15:52:08 OK   00015_source_schema_scope.sql (5.93ms)
2026/10/07 15:52:08 OK   00016_cluster_registration_metadata.sql (5.55ms)
2026/10/07 15:52:08 OK   00017_source_data_scope.sql (10.86ms)
2026/10/07 15:52:08 OK   00018_sp04_resources_evidence.sql (39.31ms)
2026/10/07 15:52:08 OK   00019_sp04_archive_ciphertext_bytes.sql (3.76ms)
2026/10/07 15:52:08 OK   00020_sp04_request_ledger.sql (6.3ms)
2026/10/07 15:52:08 OK   00021_sp04_archive_protection.sql (9.78ms)
2026/10/07 15:52:08 OK   00022_sp04_legal_hold_dependencies.sql (11.92ms)
2026/10/07 15:52:08 OK   00023_sp04_archive_query_intent.sql (19.72ms)
2026/10/07 15:52:08 OK   00024_sp05_finding_incident.sql (43.79ms)
2026/10/07 15:52:08 OK   00025_sp05_incident_event_time.sql (10.37ms)
2026/10/07 15:52:08 OK   00026_sp05_source_binding_lock.sql (6.89ms)
2026/10/07 15:52:08 OK   00027_sp05_rca_and_poll.sql (34.92ms)
2026/10/07 15:52:08 OK   00028_sp05_operator_lock.sql (6.35ms)
2026/10/07 15:52:08 OK   00029_sp05_evidence_links.sql (13.68ms)
2026/10/07 15:52:08 OK   00030_sp05_recipe_fence.sql (11.22ms)
2026/10/07 15:52:08 OK   00031_sp05_rca_postcheck.sql (14.76ms)
2026/10/07 15:52:08 OK   00032_sp05_transport_audit.sql (16.15ms)
2026/10/07 15:52:08 OK   00033_sp05_poll_resolution_clock.sql (5.83ms)
2026/10/07 15:52:08 OK   00034_sp06_investigation_ledger.sql (63.98ms)
2026/10/07 15:52:08 OK   00035_sp06_admission_data_classes.sql (3.96ms)
2026/10/07 15:52:08 goose: successfully migrated database to version: 35
2026/10/07 15:52:09 OK   00001_roles_and_schemas.sql (38.83ms)
2026/10/07 15:52:09 goose: successfully migrated database to version: 1
2026/10/07 15:52:09 OK   00002_platform_meta.sql (39.22ms)
2026/10/07 15:52:09 OK   00003_finding.sql (43.74ms)
2026/10/07 15:52:09 OK   00004_incident.sql (56.78ms)
2026/10/07 15:52:09 OK   00005_investigation.sql (18.95ms)
2026/10/07 15:52:09 OK   00006_action_command.sql (15.42ms)
2026/10/07 15:52:09 OK   00007_audit.sql (31.33ms)
2026/10/07 15:52:09 OK   00008_rls.sql (35.96ms)
2026/10/07 15:52:09 OK   00009_idempotency_ledger.sql (25.4ms)
2026/10/07 15:52:09 OK   00010_tenant_provisioning.sql (10.76ms)
2026/10/07 15:52:09 OK   00011_source_registration_history.sql (32.47ms)
2026/10/07 15:52:09 OK   00012_config_registry_lifecycle.sql (39.67ms)
2026/10/07 15:52:09 OK   00013_audit_signed_segments.sql (24.15ms)
2026/10/07 15:52:09 OK   00014_audit_segment_predecessors.sql (35.39ms)
2026/10/07 15:52:09 OK   00015_source_schema_scope.sql (4.15ms)
2026/10/07 15:52:09 OK   00016_cluster_registration_metadata.sql (5.68ms)
2026/10/07 15:52:09 OK   00017_source_data_scope.sql (4.17ms)
2026/10/07 15:52:09 OK   00018_sp04_resources_evidence.sql (34.87ms)
2026/10/07 15:52:09 OK   00019_sp04_archive_ciphertext_bytes.sql (5.76ms)
2026/10/07 15:52:09 OK   00020_sp04_request_ledger.sql (11.92ms)
2026/10/07 15:52:09 OK   00021_sp04_archive_protection.sql (4.61ms)
2026/10/07 15:52:09 OK   00022_sp04_legal_hold_dependencies.sql (3.88ms)
2026/10/07 15:52:09 OK   00023_sp04_archive_query_intent.sql (6.85ms)
2026/10/07 15:52:10 OK   00024_sp05_finding_incident.sql (62.48ms)
2026/10/07 15:52:10 OK   00025_sp05_incident_event_time.sql (7.24ms)
2026/10/07 15:52:10 OK   00026_sp05_source_binding_lock.sql (8.26ms)
2026/10/07 15:52:10 OK   00027_sp05_rca_and_poll.sql (15.74ms)
2026/10/07 15:52:10 OK   00028_sp05_operator_lock.sql (16.26ms)
2026/10/07 15:52:10 OK   00029_sp05_evidence_links.sql (7.37ms)
2026/10/07 15:52:10 OK   00030_sp05_recipe_fence.sql (3.55ms)
2026/10/07 15:52:10 OK   00031_sp05_rca_postcheck.sql (3.35ms)
2026/10/07 15:52:10 OK   00032_sp05_transport_audit.sql (4.26ms)
2026/10/07 15:52:10 OK   00033_sp05_poll_resolution_clock.sql (5.43ms)
2026/10/07 15:52:10 OK   00034_sp06_investigation_ledger.sql (49.91ms)
2026/10/07 15:52:10 OK   00035_sp06_admission_data_classes.sql (7.71ms)
2026/10/07 15:52:10 goose: successfully migrated database to version: 35
2026/10/07 15:52:15 OK   00001_roles_and_schemas.sql (26.91ms)
2026/10/07 15:52:15 goose: successfully migrated database to version: 1
2026/10/07 15:52:15 OK   00002_platform_meta.sql (41.06ms)
2026/10/07 15:52:15 OK   00003_finding.sql (13.75ms)
2026/10/07 15:52:15 OK   00004_incident.sql (25.48ms)
2026/10/07 15:52:15 OK   00005_investigation.sql (20.03ms)
2026/10/07 15:52:15 OK   00006_action_command.sql (12.34ms)
2026/10/07 15:52:15 OK   00007_audit.sql (22.77ms)
2026/10/07 15:52:15 OK   00008_rls.sql (29.68ms)
2026/10/07 15:52:15 OK   00009_idempotency_ledger.sql (15.04ms)
2026/10/07 15:52:15 OK   00010_tenant_provisioning.sql (6.76ms)
2026/10/07 15:52:15 OK   00011_source_registration_history.sql (16.58ms)
2026/10/07 15:52:15 OK   00012_config_registry_lifecycle.sql (32.22ms)
2026/10/07 15:52:15 OK   00013_audit_signed_segments.sql (29.35ms)
2026/10/07 15:52:15 OK   00014_audit_segment_predecessors.sql (17.6ms)
2026/10/07 15:52:15 OK   00015_source_schema_scope.sql (7.23ms)
2026/10/07 15:52:15 OK   00016_cluster_registration_metadata.sql (11.56ms)
2026/10/07 15:52:15 OK   00017_source_data_scope.sql (5.21ms)
2026/10/07 15:52:15 OK   00018_sp04_resources_evidence.sql (25.54ms)
2026/10/07 15:52:15 OK   00019_sp04_archive_ciphertext_bytes.sql (6.72ms)
2026/10/07 15:52:15 OK   00020_sp04_request_ledger.sql (7.58ms)
2026/10/07 15:52:15 OK   00021_sp04_archive_protection.sql (7.99ms)
2026/10/07 15:52:15 OK   00022_sp04_legal_hold_dependencies.sql (8.07ms)
2026/10/07 15:52:15 OK   00023_sp04_archive_query_intent.sql (11.46ms)
2026/10/07 15:52:15 OK   00024_sp05_finding_incident.sql (35.77ms)
2026/10/07 15:52:15 OK   00025_sp05_incident_event_time.sql (7.43ms)
2026/10/07 15:52:15 OK   00026_sp05_source_binding_lock.sql (10.52ms)
2026/10/07 15:52:15 OK   00027_sp05_rca_and_poll.sql (13.84ms)
2026/10/07 15:52:15 OK   00028_sp05_operator_lock.sql (4.43ms)
2026/10/07 15:52:15 OK   00029_sp05_evidence_links.sql (12.26ms)
2026/10/07 15:52:15 OK   00030_sp05_recipe_fence.sql (5.83ms)
2026/10/07 15:52:15 OK   00031_sp05_rca_postcheck.sql (2.33ms)
2026/10/07 15:52:16 OK   00032_sp05_transport_audit.sql (3.83ms)
2026/10/07 15:52:16 OK   00033_sp05_poll_resolution_clock.sql (11.97ms)
2026/10/07 15:52:16 OK   00034_sp06_investigation_ledger.sql (47.06ms)
2026/10/07 15:52:16 OK   00035_sp06_admission_data_classes.sql (5.1ms)
2026/10/07 15:52:16 goose: successfully migrated database to version: 35
2026/10/07 15:52:38 OK   00001_roles_and_schemas.sql (66.77ms)
2026/10/07 15:52:38 OK   00002_platform_meta.sql (65.68ms)
2026/10/07 15:52:38 OK   00003_finding.sql (25.47ms)
2026/10/07 15:52:38 OK   00004_incident.sql (15.36ms)
2026/10/07 15:52:38 OK   00005_investigation.sql (8.55ms)
2026/10/07 15:52:38 OK   00006_action_command.sql (19.93ms)
2026/10/07 15:52:38 OK   00007_audit.sql (26.83ms)
2026/10/07 15:52:38 OK   00008_rls.sql (17.49ms)
2026/10/07 15:52:38 OK   00009_idempotency_ledger.sql (20.82ms)
2026/10/07 15:52:38 OK   00010_tenant_provisioning.sql (10.94ms)
2026/10/07 15:52:38 OK   00011_source_registration_history.sql (18.31ms)
2026/10/07 15:52:38 OK   00012_config_registry_lifecycle.sql (18.67ms)
2026/10/07 15:52:38 OK   00013_audit_signed_segments.sql (40.79ms)
2026/10/07 15:52:38 OK   00014_audit_segment_predecessors.sql (11.33ms)
2026/10/07 15:52:38 OK   00015_source_schema_scope.sql (4.01ms)
2026/10/07 15:52:38 OK   00016_cluster_registration_metadata.sql (8.85ms)
2026/10/07 15:52:38 OK   00017_source_data_scope.sql (7.74ms)
2026/10/07 15:52:39 OK   00018_sp04_resources_evidence.sql (45.16ms)
2026/10/07 15:52:39 OK   00019_sp04_archive_ciphertext_bytes.sql (10.16ms)
2026/10/07 15:52:39 OK   00020_sp04_request_ledger.sql (7.56ms)
2026/10/07 15:52:39 OK   00021_sp04_archive_protection.sql (7.26ms)
2026/10/07 15:52:39 OK   00022_sp04_legal_hold_dependencies.sql (9.71ms)
2026/10/07 15:52:39 OK   00023_sp04_archive_query_intent.sql (5.29ms)
2026/10/07 15:52:39 OK   00024_sp05_finding_incident.sql (43.63ms)
2026/10/07 15:52:39 OK   00025_sp05_incident_event_time.sql (4.98ms)
2026/10/07 15:52:39 OK   00026_sp05_source_binding_lock.sql (6.34ms)
2026/10/07 15:52:39 OK   00027_sp05_rca_and_poll.sql (21.44ms)
2026/10/07 15:52:39 OK   00028_sp05_operator_lock.sql (12.96ms)
2026/10/07 15:52:39 OK   00029_sp05_evidence_links.sql (18.3ms)
2026/10/07 15:52:39 OK   00030_sp05_recipe_fence.sql (3.57ms)
2026/10/07 15:52:39 OK   00031_sp05_rca_postcheck.sql (2.92ms)
2026/10/07 15:52:39 OK   00032_sp05_transport_audit.sql (4.23ms)
2026/10/07 15:52:39 OK   00033_sp05_poll_resolution_clock.sql (6.72ms)
2026/10/07 15:52:39 OK   00034_sp06_investigation_ledger.sql (45.59ms)
2026/10/07 15:52:39 OK   00035_sp06_admission_data_classes.sql (5.86ms)
2026/10/07 15:52:39 goose: successfully migrated database to version: 35
2026/10/07 15:52:39 OK   00001_roles_and_schemas.sql (21.44ms)
2026/10/07 15:52:39 goose: successfully migrated database to version: 1
2026/10/07 15:52:39 OK   00002_platform_meta.sql (55.21ms)
2026/10/07 15:52:39 OK   00003_finding.sql (17.56ms)
2026/10/07 15:52:39 OK   00004_incident.sql (16.36ms)
2026/10/07 15:52:39 OK   00005_investigation.sql (21.09ms)
2026/10/07 15:52:39 OK   00006_action_command.sql (24.95ms)
2026/10/07 15:52:39 OK   00007_audit.sql (21.13ms)
2026/10/07 15:52:39 OK   00008_rls.sql (26.79ms)
2026/10/07 15:52:39 OK   00009_idempotency_ledger.sql (13.7ms)
2026/10/07 15:52:39 OK   00010_tenant_provisioning.sql (4.14ms)
2026/10/07 15:52:39 OK   00011_source_registration_history.sql (8.85ms)
2026/10/07 15:52:39 OK   00012_config_registry_lifecycle.sql (23.16ms)
2026/10/07 15:52:39 OK   00013_audit_signed_segments.sql (29.79ms)
2026/10/07 15:52:39 OK   00014_audit_segment_predecessors.sql (8.59ms)
2026/10/07 15:52:39 OK   00015_source_schema_scope.sql (5.9ms)
2026/10/07 15:52:39 OK   00016_cluster_registration_metadata.sql (13.91ms)
2026/10/07 15:52:39 OK   00017_source_data_scope.sql (12.19ms)
2026/10/07 15:52:39 OK   00018_sp04_resources_evidence.sql (44.09ms)
2026/10/07 15:52:39 OK   00019_sp04_archive_ciphertext_bytes.sql (26.83ms)
2026/10/07 15:52:39 OK   00020_sp04_request_ledger.sql (8.8ms)
2026/10/07 15:52:39 OK   00021_sp04_archive_protection.sql (4.64ms)
2026/10/07 15:52:39 OK   00022_sp04_legal_hold_dependencies.sql (5.02ms)
2026/10/07 15:52:39 OK   00023_sp04_archive_query_intent.sql (4.05ms)
2026/10/07 15:52:39 OK   00024_sp05_finding_incident.sql (44.68ms)
2026/10/07 15:52:39 OK   00025_sp05_incident_event_time.sql (4.17ms)
2026/10/07 15:52:40 OK   00026_sp05_source_binding_lock.sql (6.44ms)
2026/10/07 15:52:40 OK   00027_sp05_rca_and_poll.sql (26.53ms)
2026/10/07 15:52:40 OK   00028_sp05_operator_lock.sql (7.22ms)
2026/10/07 15:52:40 OK   00029_sp05_evidence_links.sql (11.02ms)
2026/10/07 15:52:40 OK   00030_sp05_recipe_fence.sql (8.39ms)
2026/10/07 15:52:40 OK   00031_sp05_rca_postcheck.sql (8.64ms)
2026/10/07 15:52:40 OK   00032_sp05_transport_audit.sql (4.14ms)
2026/10/07 15:52:40 OK   00033_sp05_poll_resolution_clock.sql (6.77ms)
2026/10/07 15:52:40 OK   00034_sp06_investigation_ledger.sql (52.93ms)
2026/10/07 15:52:40 OK   00035_sp06_admission_data_classes.sql (3.61ms)
2026/10/07 15:52:40 goose: successfully migrated database to version: 35
FAIL
FAIL	ops-platform/test/integration	1017.386s
ok  	ops-platform/test/security	(cached)
?   	ops-platform/test/tools/sp05-analyzer-check	[no test files]
?   	ops-platform/test/tools/sp05-worker-check	[no test files]
?   	ops-platform/test/tools/sp06-dispatcher-process	[no test files]
FAIL
make: *** [test-unit] Error 1
