python3 scripts/check-generated.py "go" gen web/src/api/generated internal/persistence/dbgen services/investigator/src/investigator/output.schema.json
✓ Lockfile passes supply-chain policies (verified 8d ago)
Lockfile is up to date, resolution step is skipped
Already up to date
Done in 65ms using pnpm v12.7.0
$ orval --config ./orval.config.ts
🍻 orval v8.37.0 - A swagger client generator for typescript
platform - Cleaning output folder
platform - 🎉 Smart Operations Platform API - Your OpenAPI spec has been converted into ready to use orval!
python3 scripts/prepare-runtime-source.py --check
{"modules": 98, "selectedModuleFiles": 2993, "standardLibraryFiles": 1386, "sourceBundleSHA256": "sha256:9628d31da79f4d4fcbffb303796aa805ee0508e732c66f203f2f330fb9bbe903"}
go vet ./...
?   	ops-platform/api	[no test files]
?   	ops-platform/artifacts	[no test files]
?   	ops-platform/artifacts/task27-materials/sp010203-bao-operator	[no test files]
?   	ops-platform/artifacts/task27-materials/sp010203-cleanup-operator	[no test files]
?   	ops-platform/artifacts/task27-materials/sp010203-live-runtime-probe	[no test files]
?   	ops-platform/artifacts/task27-materials/sp010203-operator-helper	[no test files]
?   	ops-platform/artifacts/task27-materials/sp010203-role-probe	[no test files]
?   	ops-platform/bundle	[no test files]
?   	ops-platform/cmd/db-migrate	[no test files]
ok  	ops-platform/cmd/opsctl	18.251s
?   	ops-platform/cmd/platform-api	[no test files]
?   	ops-platform/cmd/platform-worker	[no test files]
?   	ops-platform/gen/api	[no test files]
?   	ops-platform/gen/internalgraph	[no test files]
ok  	ops-platform/internal/app	0.791s
ok  	ops-platform/internal/archive	(cached)
ok  	ops-platform/internal/audit	1.229s
ok  	ops-platform/internal/auth	1.760s
?   	ops-platform/internal/bootstrap	[no test files]
ok  	ops-platform/internal/bundle	20.775s
ok  	ops-platform/internal/bundle/drivers	2.581s
ok  	ops-platform/internal/configregistry	2.910s
?   	ops-platform/internal/contract	[no test files]
ok  	ops-platform/internal/crypto	(cached)
?   	ops-platform/internal/datascope	[no test files]
ok  	ops-platform/internal/evidence	3.043s
ok  	ops-platform/internal/finding	3.487s
ok  	ops-platform/internal/graph	5.159s
ok  	ops-platform/internal/httpapi	3.682s
ok  	ops-platform/internal/incident	3.198s
ok  	ops-platform/internal/inspection/hardware	(cached)
ok  	ops-platform/internal/inspection/kubernetes	3.252s
ok  	ops-platform/internal/inspection/npd	3.256s
?   	ops-platform/internal/integrations	[no test files]
ok  	ops-platform/internal/integrations/deepflow	3.304s
ok  	ops-platform/internal/integrations/k8sgpt	3.068s
ok  	ops-platform/internal/integrations/keycloak	(cached)
ok  	ops-platform/internal/integrations/kubernetes	(cached)
ok  	ops-platform/internal/integrations/openbao	2.708s
ok  	ops-platform/internal/integrations/redfish	3.006s
ok  	ops-platform/internal/integrations/s3	(cached)
?   	ops-platform/internal/integrations/victorialogs	[no test files]
?   	ops-platform/internal/integrations/victorialogs/adapter	[no test files]
?   	ops-platform/internal/integrations/victoriametrics	[no test files]
?   	ops-platform/internal/integrations/victoriametrics/adapter	[no test files]
?   	ops-platform/internal/integrations/vmalert	[no test files]
ok  	ops-platform/internal/investigation	3.284s
?   	ops-platform/internal/investigation/mcp	[no test files]
ok  	ops-platform/internal/investigation/tools	3.268s
ok  	ops-platform/internal/observability	3.706s
ok  	ops-platform/internal/persistence	(cached)
?   	ops-platform/internal/persistence/dbgen	[no test files]
ok  	ops-platform/internal/policy	3.352s
ok  	ops-platform/internal/profile	5.683s
ok  	ops-platform/internal/rca	2.646s
ok  	ops-platform/internal/resource	(cached)
?   	ops-platform/internal/resourcestore	[no test files]
ok  	ops-platform/internal/source	3.052s
ok  	ops-platform/internal/supplychain	(cached)
?   	ops-platform/internal/tenant	[no test files]
?   	ops-platform/internal/upstream/corootcheck	[no test files]
?   	ops-platform/internal/upstream/keepmodel	[no test files]
?   	ops-platform/internal/upstream/metal3	[no test files]
?   	ops-platform/internal/upstream/ontology/api	[no test files]
?   	ops-platform/internal/upstream/ontology/model	[no test files]
?   	ops-platform/internal/upstream/ontology/service/diagnostic	[no test files]
?   	ops-platform/policies	[no test files]
ok  	ops-platform/test/contract	25.097s
ok  	ops-platform/test/e2e	3.337s
?   	ops-platform/test/fixtures/sp04/profile-detect	[no test files]
?   	ops-platform/test/fixtures/upstream-inspection	[no test files]
--- FAIL: TestRealOpenBaoTransitAndSeaweedS3AuditArchive (0.00s)
    archive_services_test.go:46: configure isolated OpenBao Transit engines and keys: OPENBAO_UNAVAILABLE: Get "https://127.0.0.1:32779/v1/sys/mounts": dial tcp 127.0.0.1:32779: connect: connection refused
2026/10/04 23:52:17 OK   00001_roles_and_schemas.sql (14.34ms)
2026/10/04 23:52:17 goose: successfully migrated database to version: 1
2026/10/04 23:52:17 OK   00002_platform_meta.sql (16.31ms)
2026/10/04 23:52:17 OK   00003_finding.sql (7.34ms)
2026/10/04 23:52:17 OK   00004_incident.sql (8.54ms)
2026/10/04 23:52:17 OK   00005_investigation.sql (7.18ms)
2026/10/04 23:52:17 OK   00006_action_command.sql (6.44ms)
2026/10/04 23:52:17 OK   00007_audit.sql (30.95ms)
2026/10/04 23:52:17 OK   00008_rls.sql (19.36ms)
2026/10/04 23:52:17 OK   00009_idempotency_ledger.sql (19.24ms)
2026/10/04 23:52:17 OK   00010_tenant_provisioning.sql (16.31ms)
2026/10/04 23:52:17 OK   00011_source_registration_history.sql (11.12ms)
2026/10/04 23:52:17 OK   00012_config_registry_lifecycle.sql (11.98ms)
2026/10/04 23:52:17 OK   00013_audit_signed_segments.sql (13.58ms)
2026/10/04 23:52:17 OK   00014_audit_segment_predecessors.sql (10.09ms)
2026/10/04 23:52:17 OK   00015_source_schema_scope.sql (7.1ms)
2026/10/04 23:52:17 OK   00016_cluster_registration_metadata.sql (6.62ms)
2026/10/04 23:52:17 OK   00017_source_data_scope.sql (7.86ms)
2026/10/04 23:52:17 OK   00018_sp04_resources_evidence.sql (15.04ms)
2026/10/04 23:52:17 OK   00019_sp04_archive_ciphertext_bytes.sql (7.89ms)
2026/10/04 23:52:17 OK   00020_sp04_request_ledger.sql (6.86ms)
2026/10/04 23:52:17 OK   00021_sp04_archive_protection.sql (4.24ms)
2026/10/04 23:52:17 OK   00022_sp04_legal_hold_dependencies.sql (2.88ms)
2026/10/04 23:52:17 OK   00023_sp04_archive_query_intent.sql (3.94ms)
2026/10/04 23:52:17 OK   00024_sp05_finding_incident.sql (16.61ms)
2026/10/04 23:52:17 OK   00025_sp05_incident_event_time.sql (3.19ms)
2026/10/04 23:52:17 OK   00026_sp05_source_binding_lock.sql (2.87ms)
2026/10/04 23:52:17 OK   00027_sp05_rca_and_poll.sql (8.2ms)
2026/10/04 23:52:17 OK   00028_sp05_operator_lock.sql (3.84ms)
2026/10/04 23:52:17 OK   00029_sp05_evidence_links.sql (5.55ms)
2026/10/04 23:52:17 OK   00030_sp05_recipe_fence.sql (3.06ms)
2026/10/04 23:52:17 OK   00031_sp05_rca_postcheck.sql (3.61ms)
2026/10/04 23:52:17 OK   00032_sp05_transport_audit.sql (3.17ms)
2026/10/04 23:52:17 OK   00033_sp05_poll_resolution_clock.sql (3.9ms)
2026/10/04 23:52:17 OK   00034_sp06_investigation_ledger.sql (16.26ms)
2026/10/04 23:52:17 OK   00035_sp06_admission_data_classes.sql (3.37ms)
2026/10/04 23:52:17 goose: successfully migrated database to version: 35
2026/10/04 23:52:20 OK   00001_roles_and_schemas.sql (7.9ms)
2026/10/04 23:52:20 goose: successfully migrated database to version: 1
2026/10/04 23:52:20 OK   00002_platform_meta.sql (16.23ms)
2026/10/04 23:52:20 OK   00003_finding.sql (7.54ms)
2026/10/04 23:52:20 OK   00004_incident.sql (4.68ms)
2026/10/04 23:52:20 OK   00005_investigation.sql (6.18ms)
2026/10/04 23:52:20 OK   00006_action_command.sql (8.63ms)
2026/10/04 23:52:20 OK   00007_audit.sql (8.8ms)
2026/10/04 23:52:20 OK   00008_rls.sql (7.44ms)
2026/10/04 23:52:20 OK   00009_idempotency_ledger.sql (7.04ms)
2026/10/04 23:52:20 OK   00010_tenant_provisioning.sql (3.32ms)
2026/10/04 23:52:20 OK   00011_source_registration_history.sql (5.17ms)
2026/10/04 23:52:20 OK   00012_config_registry_lifecycle.sql (9.43ms)
2026/10/04 23:52:20 OK   00013_audit_signed_segments.sql (9.86ms)
2026/10/04 23:52:20 OK   00014_audit_segment_predecessors.sql (7.07ms)
2026/10/04 23:52:20 OK   00015_source_schema_scope.sql (3.62ms)
2026/10/04 23:52:20 OK   00016_cluster_registration_metadata.sql (4.22ms)
2026/10/04 23:52:20 OK   00017_source_data_scope.sql (3.38ms)
2026/10/04 23:52:20 OK   00018_sp04_resources_evidence.sql (15.06ms)
2026/10/04 23:52:20 OK   00019_sp04_archive_ciphertext_bytes.sql (2.94ms)
2026/10/04 23:52:20 OK   00020_sp04_request_ledger.sql (4.49ms)
2026/10/04 23:52:20 OK   00021_sp04_archive_protection.sql (3.86ms)
2026/10/04 23:52:20 OK   00022_sp04_legal_hold_dependencies.sql (2.89ms)
2026/10/04 23:52:20 OK   00023_sp04_archive_query_intent.sql (6.1ms)
2026/10/04 23:52:20 OK   00024_sp05_finding_incident.sql (19.46ms)
2026/10/04 23:52:20 OK   00025_sp05_incident_event_time.sql (3.21ms)
2026/10/04 23:52:20 OK   00026_sp05_source_binding_lock.sql (3.91ms)
2026/10/04 23:52:20 OK   00027_sp05_rca_and_poll.sql (7.44ms)
2026/10/04 23:52:20 OK   00028_sp05_operator_lock.sql (4.1ms)
2026/10/04 23:52:20 OK   00029_sp05_evidence_links.sql (4.56ms)
2026/10/04 23:52:20 OK   00030_sp05_recipe_fence.sql (2.59ms)
2026/10/04 23:52:20 OK   00031_sp05_rca_postcheck.sql (2.66ms)
2026/10/04 23:52:20 OK   00032_sp05_transport_audit.sql (3ms)
2026/10/04 23:52:20 OK   00033_sp05_poll_resolution_clock.sql (4.1ms)
2026/10/04 23:52:20 OK   00034_sp06_investigation_ledger.sql (14.9ms)
2026/10/04 23:52:20 OK   00035_sp06_admission_data_classes.sql (5.27ms)
2026/10/04 23:52:20 goose: successfully migrated database to version: 35
2026/10/04 23:52:20 OK   00001_roles_and_schemas.sql (7.79ms)
2026/10/04 23:52:20 goose: successfully migrated database to version: 1
2026/10/04 23:52:20 OK   00002_platform_meta.sql (17.1ms)
2026/10/04 23:52:20 OK   00003_finding.sql (7.78ms)
2026/10/04 23:52:20 OK   00004_incident.sql (5ms)
2026/10/04 23:52:20 OK   00005_investigation.sql (6.24ms)
2026/10/04 23:52:20 OK   00006_action_command.sql (6.09ms)
2026/10/04 23:52:20 OK   00007_audit.sql (8.39ms)
2026/10/04 23:52:20 OK   00008_rls.sql (7.84ms)
2026/10/04 23:52:20 OK   00009_idempotency_ledger.sql (6.56ms)
2026/10/04 23:52:20 OK   00010_tenant_provisioning.sql (4.47ms)
2026/10/04 23:52:20 OK   00011_source_registration_history.sql (5.9ms)
2026/10/04 23:52:20 OK   00012_config_registry_lifecycle.sql (8.52ms)
2026/10/04 23:52:20 OK   00013_audit_signed_segments.sql (9.9ms)
2026/10/04 23:52:20 OK   00014_audit_segment_predecessors.sql (5.86ms)
2026/10/04 23:52:20 OK   00015_source_schema_scope.sql (3.56ms)
2026/10/04 23:52:20 OK   00016_cluster_registration_metadata.sql (3.31ms)
2026/10/04 23:52:20 OK   00017_source_data_scope.sql (4.12ms)
2026/10/04 23:52:20 OK   00018_sp04_resources_evidence.sql (13.06ms)
2026/10/04 23:52:20 OK   00019_sp04_archive_ciphertext_bytes.sql (2.65ms)
2026/10/04 23:52:20 OK   00020_sp04_request_ledger.sql (4.89ms)
2026/10/04 23:52:20 OK   00021_sp04_archive_protection.sql (3.07ms)
2026/10/04 23:52:20 OK   00022_sp04_legal_hold_dependencies.sql (2.83ms)
2026/10/04 23:52:20 OK   00023_sp04_archive_query_intent.sql (2.94ms)
2026/10/04 23:52:20 OK   00024_sp05_finding_incident.sql (12.7ms)
2026/10/04 23:52:20 OK   00025_sp05_incident_event_time.sql (3.62ms)
2026/10/04 23:52:20 OK   00026_sp05_source_binding_lock.sql (4.23ms)
2026/10/04 23:52:20 OK   00027_sp05_rca_and_poll.sql (6.98ms)
2026/10/04 23:52:20 OK   00028_sp05_operator_lock.sql (3.56ms)
2026/10/04 23:52:20 OK   00029_sp05_evidence_links.sql (5.56ms)
2026/10/04 23:52:20 OK   00030_sp05_recipe_fence.sql (2.8ms)
2026/10/04 23:52:20 OK   00031_sp05_rca_postcheck.sql (2.08ms)
2026/10/04 23:52:20 OK   00032_sp05_transport_audit.sql (2.05ms)
2026/10/04 23:52:20 OK   00033_sp05_poll_resolution_clock.sql (3.08ms)
2026/10/04 23:52:20 OK   00034_sp06_investigation_ledger.sql (16.38ms)
2026/10/04 23:52:20 OK   00035_sp06_admission_data_classes.sql (3.14ms)
2026/10/04 23:52:20 goose: successfully migrated database to version: 35
2026/10/04 23:52:21 OK   00001_roles_and_schemas.sql (6.95ms)
2026/10/04 23:52:21 goose: successfully migrated database to version: 1
2026/10/04 23:52:21 OK   00002_platform_meta.sql (15.3ms)
2026/10/04 23:52:21 OK   00003_finding.sql (6.2ms)
2026/10/04 23:52:21 OK   00004_incident.sql (4.75ms)
2026/10/04 23:52:21 OK   00005_investigation.sql (5.38ms)
2026/10/04 23:52:21 OK   00006_action_command.sql (4.73ms)
2026/10/04 23:52:21 OK   00007_audit.sql (7.44ms)
2026/10/04 23:52:21 OK   00008_rls.sql (9.22ms)
2026/10/04 23:52:21 OK   00009_idempotency_ledger.sql (6.09ms)
2026/10/04 23:52:21 OK   00010_tenant_provisioning.sql (3.32ms)
2026/10/04 23:52:21 OK   00011_source_registration_history.sql (5.32ms)
2026/10/04 23:52:21 OK   00012_config_registry_lifecycle.sql (8.16ms)
2026/10/04 23:52:21 OK   00013_audit_signed_segments.sql (9.18ms)
2026/10/04 23:52:21 OK   00014_audit_segment_predecessors.sql (7.45ms)
2026/10/04 23:52:21 OK   00015_source_schema_scope.sql (3.34ms)
2026/10/04 23:52:21 OK   00016_cluster_registration_metadata.sql (3.68ms)
2026/10/04 23:52:21 OK   00017_source_data_scope.sql (3.03ms)
2026/10/04 23:52:21 OK   00018_sp04_resources_evidence.sql (10.58ms)
2026/10/04 23:52:21 OK   00019_sp04_archive_ciphertext_bytes.sql (3.01ms)
2026/10/04 23:52:21 OK   00020_sp04_request_ledger.sql (3.78ms)
2026/10/04 23:52:21 OK   00021_sp04_archive_protection.sql (2.85ms)
2026/10/04 23:52:21 OK   00022_sp04_legal_hold_dependencies.sql (3.24ms)
2026/10/04 23:52:21 OK   00023_sp04_archive_query_intent.sql (5.28ms)
2026/10/04 23:52:21 OK   00024_sp05_finding_incident.sql (12.84ms)
2026/10/04 23:52:21 OK   00025_sp05_incident_event_time.sql (2.73ms)
2026/10/04 23:52:21 OK   00026_sp05_source_binding_lock.sql (3.43ms)
2026/10/04 23:52:21 OK   00027_sp05_rca_and_poll.sql (6.76ms)
2026/10/04 23:52:21 OK   00028_sp05_operator_lock.sql (4.94ms)
2026/10/04 23:52:21 OK   00029_sp05_evidence_links.sql (4.98ms)
2026/10/04 23:52:21 OK   00030_sp05_recipe_fence.sql (2.62ms)
2026/10/04 23:52:21 OK   00031_sp05_rca_postcheck.sql (2.28ms)
2026/10/04 23:52:21 OK   00032_sp05_transport_audit.sql (2.52ms)
2026/10/04 23:52:21 OK   00033_sp05_poll_resolution_clock.sql (3.2ms)
2026/10/04 23:52:21 OK   00034_sp06_investigation_ledger.sql (14.53ms)
2026/10/04 23:52:21 OK   00035_sp06_admission_data_classes.sql (3.1ms)
2026/10/04 23:52:21 goose: successfully migrated database to version: 35
2026/10/04 23:52:21 OK   00001_roles_and_schemas.sql (8.72ms)
2026/10/04 23:52:21 goose: successfully migrated database to version: 1
2026/10/04 23:52:21 OK   00002_platform_meta.sql (15.83ms)
2026/10/04 23:52:21 OK   00003_finding.sql (8.4ms)
2026/10/04 23:52:21 OK   00004_incident.sql (4.76ms)
2026/10/04 23:52:21 OK   00005_investigation.sql (5.2ms)
2026/10/04 23:52:21 OK   00006_action_command.sql (8.17ms)
2026/10/04 23:52:21 OK   00007_audit.sql (10.93ms)
2026/10/04 23:52:21 OK   00008_rls.sql (8.85ms)
2026/10/04 23:52:21 OK   00009_idempotency_ledger.sql (7.63ms)
2026/10/04 23:52:21 OK   00010_tenant_provisioning.sql (4.6ms)
2026/10/04 23:52:21 OK   00011_source_registration_history.sql (6.71ms)
2026/10/04 23:52:21 OK   00012_config_registry_lifecycle.sql (7.76ms)
2026/10/04 23:52:21 OK   00013_audit_signed_segments.sql (11.49ms)
2026/10/04 23:52:21 OK   00014_audit_segment_predecessors.sql (6.04ms)
2026/10/04 23:52:21 OK   00015_source_schema_scope.sql (3.59ms)
2026/10/04 23:52:21 OK   00016_cluster_registration_metadata.sql (3.77ms)
2026/10/04 23:52:21 OK   00017_source_data_scope.sql (3.36ms)
2026/10/04 23:52:21 OK   00018_sp04_resources_evidence.sql (10.87ms)
2026/10/04 23:52:21 OK   00019_sp04_archive_ciphertext_bytes.sql (3.5ms)
2026/10/04 23:52:21 OK   00020_sp04_request_ledger.sql (5.06ms)
2026/10/04 23:52:21 OK   00021_sp04_archive_protection.sql (6.43ms)
2026/10/04 23:52:21 OK   00022_sp04_legal_hold_dependencies.sql (2.92ms)
2026/10/04 23:52:21 OK   00023_sp04_archive_query_intent.sql (2.82ms)
2026/10/04 23:52:21 OK   00024_sp05_finding_incident.sql (14.06ms)
2026/10/04 23:52:21 OK   00025_sp05_incident_event_time.sql (3ms)
2026/10/04 23:52:21 OK   00026_sp05_source_binding_lock.sql (3.93ms)
2026/10/04 23:52:21 OK   00027_sp05_rca_and_poll.sql (6.67ms)
2026/10/04 23:52:21 OK   00028_sp05_operator_lock.sql (4.56ms)
2026/10/04 23:52:21 OK   00029_sp05_evidence_links.sql (5.45ms)
2026/10/04 23:52:21 OK   00030_sp05_recipe_fence.sql (3.15ms)
2026/10/04 23:52:21 OK   00031_sp05_rca_postcheck.sql (2.82ms)
2026/10/04 23:52:21 OK   00032_sp05_transport_audit.sql (2.7ms)
2026/10/04 23:52:21 OK   00033_sp05_poll_resolution_clock.sql (3.39ms)
2026/10/04 23:52:21 OK   00034_sp06_investigation_ledger.sql (14.68ms)
2026/10/04 23:52:21 OK   00035_sp06_admission_data_classes.sql (2.45ms)
2026/10/04 23:52:21 goose: successfully migrated database to version: 35
2026/10/04 23:52:21 OK   00001_roles_and_schemas.sql (9.23ms)
2026/10/04 23:52:21 goose: successfully migrated database to version: 1
2026/10/04 23:52:21 OK   00002_platform_meta.sql (15.15ms)
2026/10/04 23:52:21 OK   00003_finding.sql (6.69ms)
2026/10/04 23:52:21 OK   00004_incident.sql (6.31ms)
2026/10/04 23:52:21 OK   00005_investigation.sql (5.17ms)
2026/10/04 23:52:21 OK   00006_action_command.sql (4.7ms)
2026/10/04 23:52:21 OK   00007_audit.sql (7.72ms)
2026/10/04 23:52:21 OK   00008_rls.sql (7.06ms)
2026/10/04 23:52:21 OK   00009_idempotency_ledger.sql (7.47ms)
2026/10/04 23:52:21 OK   00010_tenant_provisioning.sql (3.82ms)
2026/10/04 23:52:21 OK   00011_source_registration_history.sql (5.48ms)
2026/10/04 23:52:21 OK   00012_config_registry_lifecycle.sql (7.92ms)
2026/10/04 23:52:21 OK   00013_audit_signed_segments.sql (8.7ms)
2026/10/04 23:52:21 OK   00014_audit_segment_predecessors.sql (5.08ms)
2026/10/04 23:52:21 OK   00015_source_schema_scope.sql (3.24ms)
2026/10/04 23:52:21 OK   00016_cluster_registration_metadata.sql (3.94ms)
2026/10/04 23:52:21 OK   00017_source_data_scope.sql (3.08ms)
2026/10/04 23:52:21 OK   00018_sp04_resources_evidence.sql (11.17ms)
2026/10/04 23:52:21 OK   00019_sp04_archive_ciphertext_bytes.sql (2.77ms)
2026/10/04 23:52:21 OK   00020_sp04_request_ledger.sql (3.96ms)
2026/10/04 23:52:21 OK   00021_sp04_archive_protection.sql (3.09ms)
2026/10/04 23:52:21 OK   00022_sp04_legal_hold_dependencies.sql (2.34ms)
2026/10/04 23:52:21 OK   00023_sp04_archive_query_intent.sql (3.87ms)
2026/10/04 23:52:21 OK   00024_sp05_finding_incident.sql (13.86ms)
2026/10/04 23:52:21 OK   00025_sp05_incident_event_time.sql (2.96ms)
2026/10/04 23:52:21 OK   00026_sp05_source_binding_lock.sql (3.13ms)
2026/10/04 23:52:21 OK   00027_sp05_rca_and_poll.sql (6.62ms)
2026/10/04 23:52:21 OK   00028_sp05_operator_lock.sql (3.67ms)
2026/10/04 23:52:21 OK   00029_sp05_evidence_links.sql (5.62ms)
2026/10/04 23:52:21 OK   00030_sp05_recipe_fence.sql (3.31ms)
2026/10/04 23:52:21 OK   00031_sp05_rca_postcheck.sql (3.36ms)
2026/10/04 23:52:21 OK   00032_sp05_transport_audit.sql (2.81ms)
2026/10/04 23:52:21 OK   00033_sp05_poll_resolution_clock.sql (3.28ms)
2026/10/04 23:52:21 OK   00034_sp06_investigation_ledger.sql (15.06ms)
2026/10/04 23:52:21 OK   00035_sp06_admission_data_classes.sql (3.71ms)
2026/10/04 23:52:21 goose: successfully migrated database to version: 35
--- FAIL: TestKeycloakAuthorizationCodePKCEAndStepUp (0.00s)
    keycloak_test.go:47: request isolated Keycloak bootstrap token: Post "http://127.0.0.1:32781/realms/master/protocol/openid-connect/token": dial tcp 127.0.0.1:32781: connect: connection refused
2026/10/04 23:52:22 OK   00001_roles_and_schemas.sql (7.29ms)
2026/10/04 23:52:22 goose: successfully migrated database to version: 1
2026/10/04 23:52:22 OK   00002_platform_meta.sql (15.05ms)
2026/10/04 23:52:22 OK   00003_finding.sql (6.39ms)
2026/10/04 23:52:22 OK   00004_incident.sql (5.22ms)
2026/10/04 23:52:22 OK   00005_investigation.sql (9.59ms)
2026/10/04 23:52:22 OK   00006_action_command.sql (4.96ms)
2026/10/04 23:52:22 OK   00007_audit.sql (7.82ms)
2026/10/04 23:52:22 OK   00008_rls.sql (7.25ms)
2026/10/04 23:52:22 OK   00009_idempotency_ledger.sql (7.66ms)
2026/10/04 23:52:22 OK   00010_tenant_provisioning.sql (3.43ms)
2026/10/04 23:52:22 OK   00011_source_registration_history.sql (6.37ms)
2026/10/04 23:52:22 OK   00012_config_registry_lifecycle.sql (8.35ms)
2026/10/04 23:52:22 OK   00013_audit_signed_segments.sql (8.85ms)
2026/10/04 23:52:22 OK   00014_audit_segment_predecessors.sql (5.32ms)
2026/10/04 23:52:22 OK   00015_source_schema_scope.sql (4.74ms)
2026/10/04 23:52:22 OK   00016_cluster_registration_metadata.sql (4.29ms)
2026/10/04 23:52:22 OK   00017_source_data_scope.sql (3.78ms)
2026/10/04 23:52:22 OK   00018_sp04_resources_evidence.sql (10.43ms)
2026/10/04 23:52:22 OK   00019_sp04_archive_ciphertext_bytes.sql (3.5ms)
2026/10/04 23:52:22 OK   00020_sp04_request_ledger.sql (4.7ms)
2026/10/04 23:52:22 OK   00021_sp04_archive_protection.sql (3.49ms)
2026/10/04 23:52:22 OK   00022_sp04_legal_hold_dependencies.sql (3.46ms)
2026/10/04 23:52:22 OK   00023_sp04_archive_query_intent.sql (3.02ms)
2026/10/04 23:52:22 OK   00024_sp05_finding_incident.sql (13.31ms)
2026/10/04 23:52:22 OK   00025_sp05_incident_event_time.sql (2.48ms)
2026/10/04 23:52:22 OK   00026_sp05_source_binding_lock.sql (3.63ms)
2026/10/04 23:52:22 OK   00027_sp05_rca_and_poll.sql (6.77ms)
2026/10/04 23:52:22 OK   00028_sp05_operator_lock.sql (3.76ms)
2026/10/04 23:52:22 OK   00029_sp05_evidence_links.sql (5.41ms)
2026/10/04 23:52:22 OK   00030_sp05_recipe_fence.sql (3.3ms)
2026/10/04 23:52:22 OK   00031_sp05_rca_postcheck.sql (3ms)
2026/10/04 23:52:22 OK   00032_sp05_transport_audit.sql (3.14ms)
2026/10/04 23:52:22 OK   00033_sp05_poll_resolution_clock.sql (3.82ms)
2026/10/04 23:52:22 OK   00034_sp06_investigation_ledger.sql (14.27ms)
2026/10/04 23:52:22 OK   00035_sp06_admission_data_classes.sql (3.19ms)
2026/10/04 23:52:22 goose: successfully migrated database to version: 35
2026/10/04 23:52:22 OK   00036_review_failure.sql (3.88ms)
2026/10/04 23:52:22 goose: successfully migrated database to version: 36
2026/10/04 23:52:22 OK   00001_roles_and_schemas.sql (7.11ms)
2026/10/04 23:52:22 goose: successfully migrated database to version: 1
2026/10/04 23:52:22 OK   00002_platform_meta.sql (16.15ms)
2026/10/04 23:52:22 OK   00003_finding.sql (6.15ms)
2026/10/04 23:52:22 OK   00004_incident.sql (4.52ms)
2026/10/04 23:52:22 OK   00005_investigation.sql (4.99ms)
2026/10/04 23:52:22 OK   00006_action_command.sql (5.21ms)
2026/10/04 23:52:22 OK   00007_audit.sql (9.67ms)
2026/10/04 23:52:22 OK   00008_rls.sql (7.67ms)
2026/10/04 23:52:22 OK   00009_idempotency_ledger.sql (5.98ms)
2026/10/04 23:52:22 OK   00010_tenant_provisioning.sql (3.53ms)
2026/10/04 23:52:22 OK   00011_source_registration_history.sql (5.76ms)
2026/10/04 23:52:22 OK   00012_config_registry_lifecycle.sql (7.5ms)
2026/10/04 23:52:22 OK   00013_audit_signed_segments.sql (10.11ms)
2026/10/04 23:52:22 OK   00014_audit_segment_predecessors.sql (5.09ms)
2026/10/04 23:52:22 OK   00015_source_schema_scope.sql (2.99ms)
2026/10/04 23:52:22 OK   00016_cluster_registration_metadata.sql (4.44ms)
2026/10/04 23:52:22 OK   00017_source_data_scope.sql (3.71ms)
2026/10/04 23:52:22 OK   00018_sp04_resources_evidence.sql (11.24ms)
2026/10/04 23:52:22 OK   00019_sp04_archive_ciphertext_bytes.sql (3.5ms)
2026/10/04 23:52:22 OK   00020_sp04_request_ledger.sql (4.37ms)
2026/10/04 23:52:22 OK   00021_sp04_archive_protection.sql (3.09ms)
2026/10/04 23:52:22 OK   00022_sp04_legal_hold_dependencies.sql (3.23ms)
2026/10/04 23:52:22 OK   00023_sp04_archive_query_intent.sql (2.68ms)
2026/10/04 23:52:22 OK   00024_sp05_finding_incident.sql (13.2ms)
2026/10/04 23:52:22 OK   00025_sp05_incident_event_time.sql (2.77ms)
2026/10/04 23:52:22 OK   00026_sp05_source_binding_lock.sql (3.31ms)
2026/10/04 23:52:22 OK   00027_sp05_rca_and_poll.sql (7.24ms)
2026/10/04 23:52:22 OK   00028_sp05_operator_lock.sql (3.27ms)
2026/10/04 23:52:22 OK   00029_sp05_evidence_links.sql (4.85ms)
2026/10/04 23:52:22 OK   00030_sp05_recipe_fence.sql (2.75ms)
2026/10/04 23:52:22 OK   00031_sp05_rca_postcheck.sql (2.41ms)
2026/10/04 23:52:22 OK   00032_sp05_transport_audit.sql (2.51ms)
2026/10/04 23:52:22 OK   00033_sp05_poll_resolution_clock.sql (2.59ms)
2026/10/04 23:52:22 OK   00034_sp06_investigation_ledger.sql (14.48ms)
2026/10/04 23:52:22 OK   00035_sp06_admission_data_classes.sql (2.94ms)
2026/10/04 23:52:22 goose: successfully migrated database to version: 35
2026/10/04 23:52:22 OK   00001_roles_and_schemas.sql (7.95ms)
2026/10/04 23:52:22 goose: successfully migrated database to version: 1
2026/10/04 23:52:22 OK   00002_platform_meta.sql (16.33ms)
2026/10/04 23:52:22 OK   00003_finding.sql (7.02ms)
2026/10/04 23:52:22 OK   00004_incident.sql (4.66ms)
2026/10/04 23:52:22 OK   00005_investigation.sql (5.27ms)
2026/10/04 23:52:22 OK   00006_action_command.sql (4.87ms)
2026/10/04 23:52:22 OK   00007_audit.sql (9.29ms)
2026/10/04 23:52:22 OK   00008_rls.sql (6.98ms)
2026/10/04 23:52:22 OK   00009_idempotency_ledger.sql (5.53ms)
2026/10/04 23:52:22 OK   00010_tenant_provisioning.sql (4.09ms)
2026/10/04 23:52:22 OK   00011_source_registration_history.sql (5.66ms)
2026/10/04 23:52:22 OK   00012_config_registry_lifecycle.sql (7.21ms)
2026/10/04 23:52:22 OK   00013_audit_signed_segments.sql (10.19ms)
2026/10/04 23:52:22 OK   00014_audit_segment_predecessors.sql (5.08ms)
2026/10/04 23:52:22 OK   00015_source_schema_scope.sql (2.95ms)
2026/10/04 23:52:22 OK   00016_cluster_registration_metadata.sql (4.28ms)
2026/10/04 23:52:22 OK   00017_source_data_scope.sql (4.12ms)
2026/10/04 23:52:22 OK   00018_sp04_resources_evidence.sql (11.41ms)
2026/10/04 23:52:22 OK   00019_sp04_archive_ciphertext_bytes.sql (3.48ms)
2026/10/04 23:52:22 OK   00020_sp04_request_ledger.sql (3.79ms)
2026/10/04 23:52:22 OK   00021_sp04_archive_protection.sql (3.6ms)
2026/10/04 23:52:22 OK   00022_sp04_legal_hold_dependencies.sql (2.51ms)
2026/10/04 23:52:22 OK   00023_sp04_archive_query_intent.sql (2.41ms)
2026/10/04 23:52:22 OK   00024_sp05_finding_incident.sql (12.57ms)
2026/10/04 23:52:22 OK   00025_sp05_incident_event_time.sql (2.47ms)
2026/10/04 23:52:22 OK   00026_sp05_source_binding_lock.sql (2.75ms)
2026/10/04 23:52:22 OK   00027_sp05_rca_and_poll.sql (7.47ms)
2026/10/04 23:52:22 OK   00028_sp05_operator_lock.sql (3.42ms)
2026/10/04 23:52:22 OK   00029_sp05_evidence_links.sql (5.45ms)
2026/10/04 23:52:22 OK   00030_sp05_recipe_fence.sql (3.29ms)
2026/10/04 23:52:22 OK   00031_sp05_rca_postcheck.sql (2.62ms)
2026/10/04 23:52:22 OK   00032_sp05_transport_audit.sql (2.94ms)
2026/10/04 23:52:22 OK   00033_sp05_poll_resolution_clock.sql (3.16ms)
2026/10/04 23:52:22 OK   00034_sp06_investigation_ledger.sql (16.44ms)
2026/10/04 23:52:22 OK   00035_sp06_admission_data_classes.sql (3.21ms)
2026/10/04 23:52:22 goose: successfully migrated database to version: 35
2026/10/04 23:52:23 OK   00001_roles_and_schemas.sql (8.55ms)
2026/10/04 23:52:23 goose: successfully migrated database to version: 1
2026/10/04 23:52:23 OK   00002_platform_meta.sql (17.62ms)
2026/10/04 23:52:23 OK   00003_finding.sql (7.89ms)
2026/10/04 23:52:23 OK   00004_incident.sql (5.58ms)
2026/10/04 23:52:23 OK   00005_investigation.sql (6.55ms)
2026/10/04 23:52:23 OK   00006_action_command.sql (5.87ms)
2026/10/04 23:52:23 OK   00007_audit.sql (8.97ms)
2026/10/04 23:52:23 OK   00008_rls.sql (8ms)
2026/10/04 23:52:23 OK   00009_idempotency_ledger.sql (7.08ms)
2026/10/04 23:52:23 OK   00010_tenant_provisioning.sql (4.22ms)
2026/10/04 23:52:23 OK   00011_source_registration_history.sql (6.08ms)
2026/10/04 23:52:23 OK   00012_config_registry_lifecycle.sql (9.05ms)
2026/10/04 23:52:23 OK   00013_audit_signed_segments.sql (9.2ms)
2026/10/04 23:52:23 OK   00014_audit_segment_predecessors.sql (5.54ms)
2026/10/04 23:52:23 OK   00015_source_schema_scope.sql (3.89ms)
2026/10/04 23:52:23 OK   00016_cluster_registration_metadata.sql (4.09ms)
2026/10/04 23:52:23 OK   00017_source_data_scope.sql (4.21ms)
2026/10/04 23:52:23 OK   00018_sp04_resources_evidence.sql (12.19ms)
2026/10/04 23:52:23 OK   00019_sp04_archive_ciphertext_bytes.sql (2.85ms)
2026/10/04 23:52:23 OK   00020_sp04_request_ledger.sql (4.51ms)
2026/10/04 23:52:23 OK   00021_sp04_archive_protection.sql (3.28ms)
2026/10/04 23:52:23 OK   00022_sp04_legal_hold_dependencies.sql (2.83ms)
2026/10/04 23:52:23 OK   00023_sp04_archive_query_intent.sql (2.74ms)
2026/10/04 23:52:23 OK   00024_sp05_finding_incident.sql (14.76ms)
2026/10/04 23:52:23 OK   00025_sp05_incident_event_time.sql (4.02ms)
2026/10/04 23:52:23 OK   00026_sp05_source_binding_lock.sql (3.59ms)
2026/10/04 23:52:23 OK   00027_sp05_rca_and_poll.sql (6.45ms)
2026/10/04 23:52:23 OK   00028_sp05_operator_lock.sql (3.05ms)
2026/10/04 23:52:23 OK   00029_sp05_evidence_links.sql (4.88ms)
2026/10/04 23:52:23 OK   00030_sp05_recipe_fence.sql (3.11ms)
2026/10/04 23:52:23 OK   00031_sp05_rca_postcheck.sql (3.55ms)
2026/10/04 23:52:23 OK   00032_sp05_transport_audit.sql (3.39ms)
2026/10/04 23:52:23 OK   00033_sp05_poll_resolution_clock.sql (2.75ms)
2026/10/04 23:52:23 OK   00034_sp06_investigation_ledger.sql (14.41ms)
2026/10/04 23:52:23 OK   00035_sp06_admission_data_classes.sql (3.3ms)
2026/10/04 23:52:23 goose: successfully migrated database to version: 35
2026/10/04 23:52:23 OK   00001_roles_and_schemas.sql (8.65ms)
2026/10/04 23:52:23 goose: successfully migrated database to version: 1
2026/10/04 23:52:23 OK   00002_platform_meta.sql (20.42ms)
2026/10/04 23:52:23 OK   00003_finding.sql (7.31ms)
2026/10/04 23:52:23 OK   00004_incident.sql (5.1ms)
2026/10/04 23:52:23 OK   00005_investigation.sql (6.02ms)
2026/10/04 23:52:23 OK   00006_action_command.sql (5.2ms)
2026/10/04 23:52:23 OK   00007_audit.sql (12.51ms)
2026/10/04 23:52:23 OK   00008_rls.sql (8.15ms)
2026/10/04 23:52:23 OK   00009_idempotency_ledger.sql (6.73ms)
2026/10/04 23:52:23 OK   00010_tenant_provisioning.sql (4.81ms)
2026/10/04 23:52:23 OK   00011_source_registration_history.sql (6.71ms)
2026/10/04 23:52:23 OK   00012_config_registry_lifecycle.sql (9.1ms)
2026/10/04 23:52:23 OK   00013_audit_signed_segments.sql (10.14ms)
2026/10/04 23:52:23 OK   00014_audit_segment_predecessors.sql (6ms)
2026/10/04 23:52:23 OK   00015_source_schema_scope.sql (3.25ms)
2026/10/04 23:52:23 OK   00016_cluster_registration_metadata.sql (4.49ms)
2026/10/04 23:52:23 OK   00017_source_data_scope.sql (3.8ms)
2026/10/04 23:52:23 OK   00018_sp04_resources_evidence.sql (12.96ms)
2026/10/04 23:52:23 OK   00019_sp04_archive_ciphertext_bytes.sql (3.42ms)
2026/10/04 23:52:23 OK   00020_sp04_request_ledger.sql (4.59ms)
2026/10/04 23:52:23 OK   00021_sp04_archive_protection.sql (3.72ms)
2026/10/04 23:52:23 OK   00022_sp04_legal_hold_dependencies.sql (2.77ms)
2026/10/04 23:52:23 OK   00023_sp04_archive_query_intent.sql (3.26ms)
2026/10/04 23:52:23 OK   00024_sp05_finding_incident.sql (13.59ms)
2026/10/04 23:52:23 OK   00025_sp05_incident_event_time.sql (4.33ms)
2026/10/04 23:52:23 OK   00026_sp05_source_binding_lock.sql (3.71ms)
2026/10/04 23:52:23 OK   00027_sp05_rca_and_poll.sql (7.12ms)
2026/10/04 23:52:23 OK   00028_sp05_operator_lock.sql (3.24ms)
2026/10/04 23:52:23 OK   00029_sp05_evidence_links.sql (5.24ms)
2026/10/04 23:52:23 OK   00030_sp05_recipe_fence.sql (3.48ms)
2026/10/04 23:52:23 OK   00031_sp05_rca_postcheck.sql (2.42ms)
2026/10/04 23:52:23 OK   00032_sp05_transport_audit.sql (2.98ms)
2026/10/04 23:52:23 OK   00033_sp05_poll_resolution_clock.sql (4.15ms)
2026/10/04 23:52:23 OK   00034_sp06_investigation_ledger.sql (15.3ms)
2026/10/04 23:52:23 OK   00035_sp06_admission_data_classes.sql (3.72ms)
2026/10/04 23:52:23 goose: successfully migrated database to version: 35
2026/10/04 23:52:23 OK   00001_roles_and_schemas.sql (11.32ms)
2026/10/04 23:52:23 OK   00002_platform_meta.sql (16.31ms)
2026/10/04 23:52:23 OK   00003_finding.sql (8.26ms)
2026/10/04 23:52:23 OK   00004_incident.sql (26.8ms)
2026/10/04 23:52:23 OK   00005_investigation.sql (10.48ms)
2026/10/04 23:52:23 OK   00006_action_command.sql (5.37ms)
2026/10/04 23:52:23 OK   00007_audit.sql (8.36ms)
2026/10/04 23:52:23 OK   00008_rls.sql (7.43ms)
2026/10/04 23:52:23 OK   00009_idempotency_ledger.sql (6.02ms)
2026/10/04 23:52:23 OK   00010_tenant_provisioning.sql (3.64ms)
2026/10/04 23:52:23 OK   00011_source_registration_history.sql (7.93ms)
2026/10/04 23:52:23 OK   00012_config_registry_lifecycle.sql (8.02ms)
2026/10/04 23:52:23 OK   00013_audit_signed_segments.sql (9.87ms)
2026/10/04 23:52:23 OK   00014_audit_segment_predecessors.sql (5ms)
2026/10/04 23:52:23 OK   00015_source_schema_scope.sql (3.52ms)
2026/10/04 23:52:23 OK   00016_cluster_registration_metadata.sql (4.31ms)
2026/10/04 23:52:23 OK   00017_source_data_scope.sql (4.3ms)
2026/10/04 23:52:23 OK   00018_sp04_resources_evidence.sql (10.96ms)
2026/10/04 23:52:23 OK   00019_sp04_archive_ciphertext_bytes.sql (3.39ms)
2026/10/04 23:52:23 OK   00020_sp04_request_ledger.sql (3.9ms)
2026/10/04 23:52:23 OK   00021_sp04_archive_protection.sql (3.57ms)
2026/10/04 23:52:23 OK   00022_sp04_legal_hold_dependencies.sql (3.06ms)
2026/10/04 23:52:23 OK   00023_sp04_archive_query_intent.sql (3.37ms)
2026/10/04 23:52:24 OK   00024_sp05_finding_incident.sql (13.49ms)
2026/10/04 23:52:24 OK   00025_sp05_incident_event_time.sql (2.55ms)
2026/10/04 23:52:24 OK   00026_sp05_source_binding_lock.sql (3.66ms)
2026/10/04 23:52:24 OK   00027_sp05_rca_and_poll.sql (6.88ms)
2026/10/04 23:52:24 OK   00028_sp05_operator_lock.sql (3.94ms)
2026/10/04 23:52:24 OK   00029_sp05_evidence_links.sql (5.24ms)
2026/10/04 23:52:24 OK   00030_sp05_recipe_fence.sql (4.89ms)
2026/10/04 23:52:24 OK   00031_sp05_rca_postcheck.sql (2.86ms)
2026/10/04 23:52:24 OK   00032_sp05_transport_audit.sql (3.08ms)
2026/10/04 23:52:24 OK   00033_sp05_poll_resolution_clock.sql (3.47ms)
2026/10/04 23:52:24 OK   00034_sp06_investigation_ledger.sql (15.15ms)
2026/10/04 23:52:24 OK   00035_sp06_admission_data_classes.sql (3.75ms)
2026/10/04 23:52:24 goose: successfully migrated database to version: 35
2026/10/04 23:52:24 OK   00001_roles_and_schemas.sql (8.19ms)
2026/10/04 23:52:24 goose: successfully migrated database to version: 1
2026/10/04 23:52:24 OK   00002_platform_meta.sql (16.74ms)
2026/10/04 23:52:24 OK   00003_finding.sql (7.45ms)
2026/10/04 23:52:24 OK   00004_incident.sql (5.83ms)
2026/10/04 23:52:24 OK   00005_investigation.sql (6.55ms)
2026/10/04 23:52:24 OK   00006_action_command.sql (5.05ms)
2026/10/04 23:52:24 OK   00007_audit.sql (10ms)
2026/10/04 23:52:24 OK   00008_rls.sql (7.82ms)
2026/10/04 23:52:24 OK   00009_idempotency_ledger.sql (6.34ms)
2026/10/04 23:52:24 OK   00010_tenant_provisioning.sql (4.36ms)
2026/10/04 23:52:24 OK   00011_source_registration_history.sql (5.53ms)
2026/10/04 23:52:24 OK   00012_config_registry_lifecycle.sql (8.36ms)
2026/10/04 23:52:24 OK   00013_audit_signed_segments.sql (9.58ms)
2026/10/04 23:52:24 OK   00014_audit_segment_predecessors.sql (4.82ms)
2026/10/04 23:52:24 OK   00015_source_schema_scope.sql (3.23ms)
2026/10/04 23:52:24 OK   00016_cluster_registration_metadata.sql (4.17ms)
2026/10/04 23:52:24 goose: successfully migrated database to version: 16
2026/10/04 23:52:24 OK   00017_source_data_scope.sql (5.33ms)
2026/10/04 23:52:24 OK   00018_sp04_resources_evidence.sql (11.79ms)
2026/10/04 23:52:24 OK   00019_sp04_archive_ciphertext_bytes.sql (3.64ms)
2026/10/04 23:52:24 OK   00020_sp04_request_ledger.sql (4.04ms)
2026/10/04 23:52:24 OK   00021_sp04_archive_protection.sql (3.85ms)
2026/10/04 23:52:24 OK   00022_sp04_legal_hold_dependencies.sql (2.8ms)
2026/10/04 23:52:24 OK   00023_sp04_archive_query_intent.sql (2.63ms)
2026/10/04 23:52:24 OK   00024_sp05_finding_incident.sql (13.42ms)
2026/10/04 23:52:24 OK   00025_sp05_incident_event_time.sql (3.84ms)
2026/10/04 23:52:24 OK   00026_sp05_source_binding_lock.sql (3.26ms)
2026/10/04 23:52:24 OK   00027_sp05_rca_and_poll.sql (6.62ms)
2026/10/04 23:52:24 OK   00028_sp05_operator_lock.sql (3.76ms)
2026/10/04 23:52:24 OK   00029_sp05_evidence_links.sql (4.93ms)
2026/10/04 23:52:24 OK   00030_sp05_recipe_fence.sql (3.14ms)
2026/10/04 23:52:24 OK   00031_sp05_rca_postcheck.sql (2.86ms)
2026/10/04 23:52:24 OK   00032_sp05_transport_audit.sql (2.58ms)
2026/10/04 23:52:24 OK   00033_sp05_poll_resolution_clock.sql (3.12ms)
2026/10/04 23:52:24 OK   00034_sp06_investigation_ledger.sql (19.5ms)
2026/10/04 23:52:24 OK   00035_sp06_admission_data_classes.sql (3.08ms)
2026/10/04 23:52:24 goose: successfully migrated database to version: 35
2026/10/04 23:52:24 OK   00001_roles_and_schemas.sql (8.94ms)
2026/10/04 23:52:24 goose: successfully migrated database to version: 1
2026/10/04 23:52:24 OK   00002_platform_meta.sql (15.86ms)
2026/10/04 23:52:24 OK   00003_finding.sql (7.09ms)
2026/10/04 23:52:24 OK   00004_incident.sql (4.99ms)
2026/10/04 23:52:24 OK   00005_investigation.sql (5.5ms)
2026/10/04 23:52:24 OK   00006_action_command.sql (5.31ms)
2026/10/04 23:52:24 OK   00007_audit.sql (8.65ms)
2026/10/04 23:52:24 OK   00008_rls.sql (7.8ms)
2026/10/04 23:52:24 OK   00009_idempotency_ledger.sql (6.14ms)
2026/10/04 23:52:24 OK   00010_tenant_provisioning.sql (3.66ms)
2026/10/04 23:52:24 OK   00011_source_registration_history.sql (5.46ms)
2026/10/04 23:52:24 OK   00012_config_registry_lifecycle.sql (7.88ms)
2026/10/04 23:52:24 OK   00013_audit_signed_segments.sql (9.74ms)
2026/10/04 23:52:24 OK   00014_audit_segment_predecessors.sql (5.28ms)
2026/10/04 23:52:24 OK   00015_source_schema_scope.sql (3.18ms)
2026/10/04 23:52:24 OK   00016_cluster_registration_metadata.sql (5.16ms)
2026/10/04 23:52:24 OK   00017_source_data_scope.sql (5.23ms)
2026/10/04 23:52:24 OK   00018_sp04_resources_evidence.sql (12.22ms)
2026/10/04 23:52:24 OK   00019_sp04_archive_ciphertext_bytes.sql (2.46ms)
2026/10/04 23:52:24 OK   00020_sp04_request_ledger.sql (4.33ms)
2026/10/04 23:52:24 OK   00021_sp04_archive_protection.sql (3.15ms)
2026/10/04 23:52:24 OK   00022_sp04_legal_hold_dependencies.sql (2.36ms)
2026/10/04 23:52:24 OK   00023_sp04_archive_query_intent.sql (4.04ms)
2026/10/04 23:52:24 OK   00024_sp05_finding_incident.sql (19.66ms)
2026/10/04 23:52:24 OK   00025_sp05_incident_event_time.sql (2.58ms)
2026/10/04 23:52:24 OK   00026_sp05_source_binding_lock.sql (3.05ms)
2026/10/04 23:52:24 OK   00027_sp05_rca_and_poll.sql (6.36ms)
2026/10/04 23:52:24 OK   00028_sp05_operator_lock.sql (2.93ms)
2026/10/04 23:52:24 OK   00029_sp05_evidence_links.sql (4.51ms)
2026/10/04 23:52:24 OK   00030_sp05_recipe_fence.sql (2.97ms)
2026/10/04 23:52:24 OK   00031_sp05_rca_postcheck.sql (2.11ms)
2026/10/04 23:52:24 OK   00032_sp05_transport_audit.sql (3.18ms)
2026/10/04 23:52:24 OK   00033_sp05_poll_resolution_clock.sql (3.85ms)
2026/10/04 23:52:24 OK   00034_sp06_investigation_ledger.sql (14.96ms)
2026/10/04 23:52:24 OK   00035_sp06_admission_data_classes.sql (3.1ms)
2026/10/04 23:52:24 goose: successfully migrated database to version: 35
2026/10/04 23:52:25 OK   00001_roles_and_schemas.sql (9.18ms)
2026/10/04 23:52:25 goose: successfully migrated database to version: 1
2026/10/04 23:52:25 OK   00002_platform_meta.sql (18.89ms)
2026/10/04 23:52:25 OK   00003_finding.sql (8.33ms)
2026/10/04 23:52:25 OK   00004_incident.sql (5.23ms)
2026/10/04 23:52:25 OK   00005_investigation.sql (5.81ms)
2026/10/04 23:52:25 OK   00006_action_command.sql (5.43ms)
2026/10/04 23:52:25 OK   00007_audit.sql (8.12ms)
2026/10/04 23:52:25 OK   00008_rls.sql (8.51ms)
2026/10/04 23:52:25 OK   00009_idempotency_ledger.sql (6.59ms)
2026/10/04 23:52:25 OK   00010_tenant_provisioning.sql (3.77ms)
2026/10/04 23:52:25 OK   00011_source_registration_history.sql (5.85ms)
2026/10/04 23:52:25 OK   00012_config_registry_lifecycle.sql (7.42ms)
2026/10/04 23:52:25 OK   00013_audit_signed_segments.sql (10.25ms)
2026/10/04 23:52:25 OK   00014_audit_segment_predecessors.sql (5.59ms)
2026/10/04 23:52:25 OK   00015_source_schema_scope.sql (3.69ms)
2026/10/04 23:52:25 OK   00016_cluster_registration_metadata.sql (3.86ms)
2026/10/04 23:52:25 OK   00017_source_data_scope.sql (3.58ms)
2026/10/04 23:52:25 OK   00018_sp04_resources_evidence.sql (10.83ms)
2026/10/04 23:52:25 OK   00019_sp04_archive_ciphertext_bytes.sql (4.47ms)
2026/10/04 23:52:25 OK   00020_sp04_request_ledger.sql (4.75ms)
2026/10/04 23:52:25 OK   00021_sp04_archive_protection.sql (2.31ms)
2026/10/04 23:52:25 OK   00022_sp04_legal_hold_dependencies.sql (3.51ms)
2026/10/04 23:52:25 OK   00023_sp04_archive_query_intent.sql (2.03ms)
2026/10/04 23:52:25 OK   00024_sp05_finding_incident.sql (13.66ms)
2026/10/04 23:52:25 OK   00025_sp05_incident_event_time.sql (3.27ms)
2026/10/04 23:52:25 OK   00026_sp05_source_binding_lock.sql (2.59ms)
2026/10/04 23:52:25 OK   00027_sp05_rca_and_poll.sql (7.66ms)
2026/10/04 23:52:25 OK   00028_sp05_operator_lock.sql (3.23ms)
2026/10/04 23:52:25 OK   00029_sp05_evidence_links.sql (5.07ms)
2026/10/04 23:52:25 OK   00030_sp05_recipe_fence.sql (3.27ms)
2026/10/04 23:52:25 OK   00031_sp05_rca_postcheck.sql (3.09ms)
2026/10/04 23:52:25 OK   00032_sp05_transport_audit.sql (3.36ms)
2026/10/04 23:52:25 OK   00033_sp05_poll_resolution_clock.sql (3.57ms)
2026/10/04 23:52:25 OK   00034_sp06_investigation_ledger.sql (16.62ms)
2026/10/04 23:52:25 OK   00035_sp06_admission_data_classes.sql (3.3ms)
2026/10/04 23:52:25 goose: successfully migrated database to version: 35
--- FAIL: TestSP04ArchiveLiveTransitTLSIAMAndRecovery (0.34s)
    sp04_archive_live_test.go:66: OPENBAO_UNAVAILABLE: Get "https://127.0.0.1:32779/v1/sys/mounts": dial tcp 127.0.0.1:32779: connect: connection refused
2026/10/04 23:52:25 OK   00001_roles_and_schemas.sql (7.49ms)
2026/10/04 23:52:25 goose: successfully migrated database to version: 1
2026/10/04 23:52:25 OK   00002_platform_meta.sql (16.81ms)
2026/10/04 23:52:25 OK   00003_finding.sql (6.27ms)
2026/10/04 23:52:25 OK   00004_incident.sql (4.38ms)
2026/10/04 23:52:25 OK   00005_investigation.sql (5.19ms)
2026/10/04 23:52:25 OK   00006_action_command.sql (4.23ms)
2026/10/04 23:52:25 OK   00007_audit.sql (7.67ms)
2026/10/04 23:52:25 OK   00008_rls.sql (7.13ms)
2026/10/04 23:52:25 OK   00009_idempotency_ledger.sql (7.91ms)
2026/10/04 23:52:25 OK   00010_tenant_provisioning.sql (4.47ms)
2026/10/04 23:52:25 OK   00011_source_registration_history.sql (5.21ms)
2026/10/04 23:52:25 OK   00012_config_registry_lifecycle.sql (10.85ms)
2026/10/04 23:52:25 OK   00013_audit_signed_segments.sql (14.21ms)
2026/10/04 23:52:25 OK   00014_audit_segment_predecessors.sql (4.14ms)
2026/10/04 23:52:25 OK   00015_source_schema_scope.sql (2.75ms)
2026/10/04 23:52:25 OK   00016_cluster_registration_metadata.sql (4.27ms)
2026/10/04 23:52:25 OK   00017_source_data_scope.sql (3.62ms)
2026/10/04 23:52:25 OK   00018_sp04_resources_evidence.sql (26.39ms)
2026/10/04 23:52:25 OK   00019_sp04_archive_ciphertext_bytes.sql (2.87ms)
2026/10/04 23:52:25 OK   00020_sp04_request_ledger.sql (5.12ms)
2026/10/04 23:52:25 OK   00021_sp04_archive_protection.sql (1.75ms)
2026/10/04 23:52:25 OK   00022_sp04_legal_hold_dependencies.sql (2.41ms)
2026/10/04 23:52:25 OK   00023_sp04_archive_query_intent.sql (2.54ms)
2026/10/04 23:52:25 OK   00024_sp05_finding_incident.sql (10.44ms)
2026/10/04 23:52:25 OK   00025_sp05_incident_event_time.sql (2.42ms)
2026/10/04 23:52:25 OK   00026_sp05_source_binding_lock.sql (2.27ms)
2026/10/04 23:52:25 OK   00027_sp05_rca_and_poll.sql (4.73ms)
2026/10/04 23:52:25 OK   00028_sp05_operator_lock.sql (2.29ms)
2026/10/04 23:52:25 OK   00029_sp05_evidence_links.sql (3.77ms)
2026/10/04 23:52:25 OK   00030_sp05_recipe_fence.sql (2.65ms)
2026/10/04 23:52:25 OK   00031_sp05_rca_postcheck.sql (1.74ms)
2026/10/04 23:52:25 OK   00032_sp05_transport_audit.sql (1.92ms)
2026/10/04 23:52:25 OK   00033_sp05_poll_resolution_clock.sql (2.47ms)
2026/10/04 23:52:25 OK   00034_sp06_investigation_ledger.sql (12.82ms)
2026/10/04 23:52:25 OK   00035_sp06_admission_data_classes.sql (2.33ms)
2026/10/04 23:52:25 goose: successfully migrated database to version: 35
2026/10/04 23:52:26 OK   00001_roles_and_schemas.sql (6.61ms)
2026/10/04 23:52:26 goose: successfully migrated database to version: 1
2026/10/04 23:52:26 OK   00002_platform_meta.sql (12.58ms)
2026/10/04 23:52:26 OK   00003_finding.sql (5.41ms)
2026/10/04 23:52:26 OK   00004_incident.sql (3.48ms)
2026/10/04 23:52:26 OK   00005_investigation.sql (4.63ms)
2026/10/04 23:52:26 OK   00006_action_command.sql (3.92ms)
2026/10/04 23:52:26 OK   00007_audit.sql (5.79ms)
2026/10/04 23:52:26 OK   00008_rls.sql (6.14ms)
2026/10/04 23:52:26 OK   00009_idempotency_ledger.sql (4.63ms)
2026/10/04 23:52:26 OK   00010_tenant_provisioning.sql (2.77ms)
2026/10/04 23:52:26 OK   00011_source_registration_history.sql (4.12ms)
2026/10/04 23:52:26 OK   00012_config_registry_lifecycle.sql (6.36ms)
2026/10/04 23:52:26 OK   00013_audit_signed_segments.sql (8.91ms)
2026/10/04 23:52:26 OK   00014_audit_segment_predecessors.sql (3.71ms)
2026/10/04 23:52:26 OK   00015_source_schema_scope.sql (2.07ms)
2026/10/04 23:52:26 OK   00016_cluster_registration_metadata.sql (3.03ms)
2026/10/04 23:52:26 OK   00017_source_data_scope.sql (2.88ms)
2026/10/04 23:52:26 OK   00018_sp04_resources_evidence.sql (9.34ms)
2026/10/04 23:52:26 OK   00019_sp04_archive_ciphertext_bytes.sql (2.86ms)
2026/10/04 23:52:26 OK   00020_sp04_request_ledger.sql (3.47ms)
2026/10/04 23:52:26 OK   00021_sp04_archive_protection.sql (2.72ms)
2026/10/04 23:52:26 OK   00022_sp04_legal_hold_dependencies.sql (1.92ms)
2026/10/04 23:52:26 OK   00023_sp04_archive_query_intent.sql (2.07ms)
2026/10/04 23:52:26 OK   00024_sp05_finding_incident.sql (10.53ms)
2026/10/04 23:52:26 OK   00025_sp05_incident_event_time.sql (1.9ms)
2026/10/04 23:52:26 OK   00026_sp05_source_binding_lock.sql (2.54ms)
2026/10/04 23:52:26 OK   00027_sp05_rca_and_poll.sql (5.14ms)
2026/10/04 23:52:26 OK   00028_sp05_operator_lock.sql (2.74ms)
2026/10/04 23:52:26 OK   00029_sp05_evidence_links.sql (4.09ms)
2026/10/04 23:52:26 OK   00030_sp05_recipe_fence.sql (2.52ms)
2026/10/04 23:52:26 OK   00031_sp05_rca_postcheck.sql (2.09ms)
2026/10/04 23:52:26 OK   00032_sp05_transport_audit.sql (1.91ms)
2026/10/04 23:52:26 OK   00033_sp05_poll_resolution_clock.sql (2.19ms)
2026/10/04 23:52:26 OK   00034_sp06_investigation_ledger.sql (12.91ms)
2026/10/04 23:52:26 OK   00035_sp06_admission_data_classes.sql (2.47ms)
2026/10/04 23:52:26 goose: successfully migrated database to version: 35
2026/10/04 23:52:41 OK   00001_roles_and_schemas.sql (7.08ms)
2026/10/04 23:52:41 goose: successfully migrated database to version: 1
2026/10/04 23:52:41 OK   00002_platform_meta.sql (13.73ms)
2026/10/04 23:52:41 OK   00003_finding.sql (6.69ms)
2026/10/04 23:52:41 OK   00004_incident.sql (5.53ms)
2026/10/04 23:52:41 OK   00005_investigation.sql (5.22ms)
2026/10/04 23:52:41 OK   00006_action_command.sql (4.81ms)
2026/10/04 23:52:41 OK   00007_audit.sql (7.18ms)
2026/10/04 23:52:41 OK   00008_rls.sql (6.98ms)
2026/10/04 23:52:42 OK   00009_idempotency_ledger.sql (12.22ms)
2026/10/04 23:52:42 OK   00010_tenant_provisioning.sql (7.52ms)
2026/10/04 23:52:42 OK   00011_source_registration_history.sql (6.47ms)
2026/10/04 23:52:42 OK   00012_config_registry_lifecycle.sql (7.53ms)
2026/10/04 23:52:42 OK   00013_audit_signed_segments.sql (8.63ms)
2026/10/04 23:52:42 OK   00014_audit_segment_predecessors.sql (4.44ms)
2026/10/04 23:52:42 OK   00015_source_schema_scope.sql (2.72ms)
2026/10/04 23:52:42 OK   00016_cluster_registration_metadata.sql (3.66ms)
2026/10/04 23:52:42 OK   00017_source_data_scope.sql (3.23ms)
2026/10/04 23:52:42 OK   00018_sp04_resources_evidence.sql (9.28ms)
2026/10/04 23:52:42 OK   00019_sp04_archive_ciphertext_bytes.sql (2.86ms)
2026/10/04 23:52:42 OK   00020_sp04_request_ledger.sql (3.88ms)
2026/10/04 23:52:42 OK   00021_sp04_archive_protection.sql (2.98ms)
2026/10/04 23:52:42 OK   00022_sp04_legal_hold_dependencies.sql (2.83ms)
2026/10/04 23:52:42 OK   00023_sp04_archive_query_intent.sql (2.3ms)
2026/10/04 23:52:42 OK   00024_sp05_finding_incident.sql (10.59ms)
2026/10/04 23:52:42 OK   00025_sp05_incident_event_time.sql (2.37ms)
2026/10/04 23:52:42 OK   00026_sp05_source_binding_lock.sql (2.54ms)
2026/10/04 23:52:42 OK   00027_sp05_rca_and_poll.sql (4.74ms)
2026/10/04 23:52:42 OK   00028_sp05_operator_lock.sql (2.36ms)
2026/10/04 23:52:42 OK   00029_sp05_evidence_links.sql (3.61ms)
2026/10/04 23:52:42 OK   00030_sp05_recipe_fence.sql (2.22ms)
2026/10/04 23:52:42 OK   00031_sp05_rca_postcheck.sql (1.9ms)
2026/10/04 23:52:42 OK   00032_sp05_transport_audit.sql (1.65ms)
2026/10/04 23:52:42 OK   00033_sp05_poll_resolution_clock.sql (1.84ms)
2026/10/04 23:52:42 OK   00034_sp06_investigation_ledger.sql (10.28ms)
2026/10/04 23:52:42 OK   00035_sp06_admission_data_classes.sql (1.67ms)
2026/10/04 23:52:42 goose: successfully migrated database to version: 35
2026/10/04 23:52:42 OK   00001_roles_and_schemas.sql (6.05ms)
2026/10/04 23:52:42 goose: successfully migrated database to version: 1
2026/10/04 23:52:42 OK   00002_platform_meta.sql (13.17ms)
2026/10/04 23:52:42 OK   00003_finding.sql (5.41ms)
2026/10/04 23:52:42 OK   00004_incident.sql (3.59ms)
2026/10/04 23:52:42 OK   00005_investigation.sql (4.25ms)
2026/10/04 23:52:42 OK   00006_action_command.sql (3.52ms)
2026/10/04 23:52:42 OK   00007_audit.sql (6.02ms)
2026/10/04 23:52:42 OK   00008_rls.sql (10.34ms)
2026/10/04 23:52:42 OK   00009_idempotency_ledger.sql (11.56ms)
2026/10/04 23:52:42 OK   00010_tenant_provisioning.sql (3.61ms)
2026/10/04 23:52:42 OK   00011_source_registration_history.sql (5.81ms)
2026/10/04 23:52:42 OK   00012_config_registry_lifecycle.sql (17.83ms)
2026/10/04 23:52:42 OK   00013_audit_signed_segments.sql (13.64ms)
2026/10/04 23:52:42 OK   00014_audit_segment_predecessors.sql (3.94ms)
2026/10/04 23:52:42 OK   00015_source_schema_scope.sql (2.46ms)
2026/10/04 23:52:42 OK   00016_cluster_registration_metadata.sql (5.42ms)
2026/10/04 23:52:42 OK   00017_source_data_scope.sql (6.8ms)
2026/10/04 23:52:42 OK   00018_sp04_resources_evidence.sql (13.46ms)
2026/10/04 23:52:42 OK   00019_sp04_archive_ciphertext_bytes.sql (2.13ms)
2026/10/04 23:52:42 OK   00020_sp04_request_ledger.sql (6.31ms)
2026/10/04 23:52:42 OK   00021_sp04_archive_protection.sql (3.55ms)
2026/10/04 23:52:42 OK   00022_sp04_legal_hold_dependencies.sql (5.12ms)
2026/10/04 23:52:42 OK   00023_sp04_archive_query_intent.sql (4.06ms)
2026/10/04 23:52:42 OK   00024_sp05_finding_incident.sql (12.62ms)
2026/10/04 23:52:42 OK   00025_sp05_incident_event_time.sql (2.22ms)
2026/10/04 23:52:42 OK   00026_sp05_source_binding_lock.sql (2.56ms)
2026/10/04 23:52:42 OK   00027_sp05_rca_and_poll.sql (15.77ms)
2026/10/04 23:52:42 OK   00028_sp05_operator_lock.sql (2.73ms)
2026/10/04 23:52:42 OK   00029_sp05_evidence_links.sql (4.22ms)
2026/10/04 23:52:42 OK   00030_sp05_recipe_fence.sql (2.54ms)
2026/10/04 23:52:42 OK   00031_sp05_rca_postcheck.sql (2.24ms)
2026/10/04 23:52:42 OK   00032_sp05_transport_audit.sql (2.17ms)
2026/10/04 23:52:42 OK   00033_sp05_poll_resolution_clock.sql (2.46ms)
2026/10/04 23:52:42 OK   00034_sp06_investigation_ledger.sql (14.12ms)
2026/10/04 23:52:42 OK   00035_sp06_admission_data_classes.sql (2.06ms)
2026/10/04 23:52:42 goose: successfully migrated database to version: 35
2026/10/04 23:52:42 OK   00001_roles_and_schemas.sql (7.04ms)
2026/10/04 23:52:42 goose: successfully migrated database to version: 1
2026/10/04 23:52:42 OK   00002_platform_meta.sql (12.96ms)
2026/10/04 23:52:42 OK   00003_finding.sql (5.11ms)
2026/10/04 23:52:42 OK   00004_incident.sql (3.52ms)
2026/10/04 23:52:42 OK   00005_investigation.sql (3.95ms)
2026/10/04 23:52:42 OK   00006_action_command.sql (3.62ms)
2026/10/04 23:52:42 OK   00007_audit.sql (5.97ms)
2026/10/04 23:52:42 OK   00008_rls.sql (5.46ms)
2026/10/04 23:52:42 OK   00009_idempotency_ledger.sql (4.86ms)
2026/10/04 23:52:42 OK   00010_tenant_provisioning.sql (2.79ms)
2026/10/04 23:52:42 OK   00011_source_registration_history.sql (3.99ms)
2026/10/04 23:52:42 OK   00012_config_registry_lifecycle.sql (6.1ms)
2026/10/04 23:52:42 OK   00013_audit_signed_segments.sql (7.16ms)
2026/10/04 23:52:42 OK   00014_audit_segment_predecessors.sql (3.04ms)
2026/10/04 23:52:42 OK   00015_source_schema_scope.sql (1.63ms)
2026/10/04 23:52:42 OK   00016_cluster_registration_metadata.sql (2.33ms)
2026/10/04 23:52:42 OK   00017_source_data_scope.sql (1.99ms)
2026/10/04 23:52:42 OK   00018_sp04_resources_evidence.sql (8.51ms)
2026/10/04 23:52:42 OK   00019_sp04_archive_ciphertext_bytes.sql (1.66ms)
2026/10/04 23:52:42 OK   00020_sp04_request_ledger.sql (2.69ms)
2026/10/04 23:52:42 OK   00021_sp04_archive_protection.sql (1.9ms)
2026/10/04 23:52:42 OK   00022_sp04_legal_hold_dependencies.sql (1.64ms)
2026/10/04 23:52:42 OK   00023_sp04_archive_query_intent.sql (1.55ms)
2026/10/04 23:52:42 OK   00024_sp05_finding_incident.sql (11.41ms)
2026/10/04 23:52:42 OK   00025_sp05_incident_event_time.sql (1.53ms)
2026/10/04 23:52:42 OK   00026_sp05_source_binding_lock.sql (1.88ms)
2026/10/04 23:52:42 OK   00027_sp05_rca_and_poll.sql (4.75ms)
2026/10/04 23:52:42 OK   00028_sp05_operator_lock.sql (2.01ms)
2026/10/04 23:52:42 OK   00029_sp05_evidence_links.sql (3.4ms)
2026/10/04 23:52:42 OK   00030_sp05_recipe_fence.sql (1.86ms)
2026/10/04 23:52:42 OK   00031_sp05_rca_postcheck.sql (1.54ms)
2026/10/04 23:52:42 OK   00032_sp05_transport_audit.sql (1.79ms)
2026/10/04 23:52:42 OK   00033_sp05_poll_resolution_clock.sql (1.96ms)
2026/10/04 23:52:42 OK   00034_sp06_investigation_ledger.sql (12.85ms)
2026/10/04 23:52:42 OK   00035_sp06_admission_data_classes.sql (1.76ms)
2026/10/04 23:52:42 goose: successfully migrated database to version: 35
2026/10/04 23:52:43 OK   00001_roles_and_schemas.sql (5.83ms)
2026/10/04 23:52:43 goose: successfully migrated database to version: 1
2026/10/04 23:52:43 OK   00002_platform_meta.sql (13.65ms)
2026/10/04 23:52:43 OK   00003_finding.sql (4.92ms)
2026/10/04 23:52:43 OK   00004_incident.sql (3.52ms)
2026/10/04 23:52:43 OK   00005_investigation.sql (4.12ms)
2026/10/04 23:52:43 OK   00006_action_command.sql (3.62ms)
2026/10/04 23:52:43 OK   00007_audit.sql (6.12ms)
2026/10/04 23:52:43 OK   00008_rls.sql (5.64ms)
2026/10/04 23:52:43 OK   00009_idempotency_ledger.sql (4.33ms)
2026/10/04 23:52:43 OK   00010_tenant_provisioning.sql (2.91ms)
2026/10/04 23:52:43 OK   00011_source_registration_history.sql (3.81ms)
2026/10/04 23:52:43 OK   00012_config_registry_lifecycle.sql (5.35ms)
2026/10/04 23:52:43 OK   00013_audit_signed_segments.sql (7.26ms)
2026/10/04 23:52:43 OK   00014_audit_segment_predecessors.sql (3.23ms)
2026/10/04 23:52:43 OK   00015_source_schema_scope.sql (1.65ms)
2026/10/04 23:52:43 OK   00016_cluster_registration_metadata.sql (2.33ms)
2026/10/04 23:52:43 OK   00017_source_data_scope.sql (1.93ms)
2026/10/04 23:52:43 OK   00018_sp04_resources_evidence.sql (8.49ms)
2026/10/04 23:52:43 OK   00019_sp04_archive_ciphertext_bytes.sql (1.57ms)
2026/10/04 23:52:43 OK   00020_sp04_request_ledger.sql (2.44ms)
2026/10/04 23:52:43 OK   00021_sp04_archive_protection.sql (1.89ms)
2026/10/04 23:52:43 OK   00022_sp04_legal_hold_dependencies.sql (1.65ms)
2026/10/04 23:52:43 OK   00023_sp04_archive_query_intent.sql (1.67ms)
2026/10/04 23:52:43 OK   00024_sp05_finding_incident.sql (11.08ms)
2026/10/04 23:52:43 OK   00025_sp05_incident_event_time.sql (1.58ms)
2026/10/04 23:52:43 OK   00026_sp05_source_binding_lock.sql (1.91ms)
2026/10/04 23:52:43 OK   00027_sp05_rca_and_poll.sql (4.59ms)
2026/10/04 23:52:43 OK   00028_sp05_operator_lock.sql (2.03ms)
2026/10/04 23:52:43 OK   00029_sp05_evidence_links.sql (3.53ms)
2026/10/04 23:52:43 OK   00030_sp05_recipe_fence.sql (1.84ms)
2026/10/04 23:52:43 OK   00031_sp05_rca_postcheck.sql (1.52ms)
2026/10/04 23:52:43 OK   00032_sp05_transport_audit.sql (1.52ms)
2026/10/04 23:52:43 OK   00033_sp05_poll_resolution_clock.sql (1.97ms)
2026/10/04 23:52:43 OK   00034_sp06_investigation_ledger.sql (12.48ms)
2026/10/04 23:52:43 OK   00035_sp06_admission_data_classes.sql (1.82ms)
2026/10/04 23:52:43 goose: successfully migrated database to version: 35
2026/10/04 23:52:43 OK   00001_roles_and_schemas.sql (5.99ms)
2026/10/04 23:52:43 goose: successfully migrated database to version: 1
2026/10/04 23:52:43 OK   00002_platform_meta.sql (11.8ms)
2026/10/04 23:52:43 OK   00003_finding.sql (4.78ms)
2026/10/04 23:52:43 OK   00004_incident.sql (3.25ms)
2026/10/04 23:52:43 OK   00005_investigation.sql (3.7ms)
2026/10/04 23:52:43 OK   00006_action_command.sql (3.67ms)
2026/10/04 23:52:43 OK   00007_audit.sql (6.2ms)
2026/10/04 23:52:43 OK   00008_rls.sql (5.95ms)
2026/10/04 23:52:43 OK   00009_idempotency_ledger.sql (4.74ms)
2026/10/04 23:52:43 OK   00010_tenant_provisioning.sql (2.94ms)
2026/10/04 23:52:43 OK   00011_source_registration_history.sql (4.12ms)
2026/10/04 23:52:43 OK   00012_config_registry_lifecycle.sql (6.22ms)
2026/10/04 23:52:43 OK   00013_audit_signed_segments.sql (7.87ms)
2026/10/04 23:52:43 OK   00014_audit_segment_predecessors.sql (3.12ms)
2026/10/04 23:52:43 OK   00015_source_schema_scope.sql (1.61ms)
2026/10/04 23:52:43 OK   00016_cluster_registration_metadata.sql (2.22ms)
2026/10/04 23:52:43 OK   00017_source_data_scope.sql (1.94ms)
2026/10/04 23:52:43 OK   00018_sp04_resources_evidence.sql (8.8ms)
2026/10/04 23:52:43 OK   00019_sp04_archive_ciphertext_bytes.sql (1.77ms)
2026/10/04 23:52:43 OK   00020_sp04_request_ledger.sql (2.69ms)
2026/10/04 23:52:43 OK   00021_sp04_archive_protection.sql (1.94ms)
2026/10/04 23:52:43 OK   00022_sp04_legal_hold_dependencies.sql (1.73ms)
2026/10/04 23:52:43 OK   00023_sp04_archive_query_intent.sql (1.44ms)
2026/10/04 23:52:43 OK   00024_sp05_finding_incident.sql (11.61ms)
2026/10/04 23:52:43 OK   00025_sp05_incident_event_time.sql (2.43ms)
2026/10/04 23:52:43 OK   00026_sp05_source_binding_lock.sql (3.4ms)
2026/10/04 23:52:43 OK   00027_sp05_rca_and_poll.sql (10.31ms)
2026/10/04 23:52:43 OK   00028_sp05_operator_lock.sql (5.83ms)
2026/10/04 23:52:43 OK   00029_sp05_evidence_links.sql (5.82ms)
2026/10/04 23:52:43 OK   00030_sp05_recipe_fence.sql (3.81ms)
2026/10/04 23:52:43 OK   00031_sp05_rca_postcheck.sql (2.71ms)
2026/10/04 23:52:43 OK   00032_sp05_transport_audit.sql (2.35ms)
2026/10/04 23:52:43 OK   00033_sp05_poll_resolution_clock.sql (2.47ms)
2026/10/04 23:52:43 OK   00034_sp06_investigation_ledger.sql (14.01ms)
2026/10/04 23:52:43 OK   00035_sp06_admission_data_classes.sql (3.74ms)
2026/10/04 23:52:43 goose: successfully migrated database to version: 35
2026/10/04 23:52:43 OK   00001_roles_and_schemas.sql (6.75ms)
2026/10/04 23:52:43 goose: successfully migrated database to version: 1
2026/10/04 23:52:43 OK   00002_platform_meta.sql (12.56ms)
2026/10/04 23:52:43 OK   00003_finding.sql (5.86ms)
2026/10/04 23:52:43 OK   00004_incident.sql (4.08ms)
2026/10/04 23:52:43 OK   00005_investigation.sql (4.56ms)
2026/10/04 23:52:43 OK   00006_action_command.sql (4.45ms)
2026/10/04 23:52:43 OK   00007_audit.sql (6.63ms)
2026/10/04 23:52:43 OK   00008_rls.sql (6.39ms)
2026/10/04 23:52:43 OK   00009_idempotency_ledger.sql (5.14ms)
2026/10/04 23:52:43 OK   00010_tenant_provisioning.sql (3.46ms)
2026/10/04 23:52:43 OK   00011_source_registration_history.sql (4.74ms)
2026/10/04 23:52:43 OK   00012_config_registry_lifecycle.sql (6.67ms)
2026/10/04 23:52:43 OK   00013_audit_signed_segments.sql (19.31ms)
2026/10/04 23:52:43 OK   00014_audit_segment_predecessors.sql (4.85ms)
2026/10/04 23:52:43 OK   00015_source_schema_scope.sql (2.43ms)
2026/10/04 23:52:43 OK   00016_cluster_registration_metadata.sql (3.12ms)
2026/10/04 23:52:43 OK   00017_source_data_scope.sql (2.87ms)
2026/10/04 23:52:43 OK   00018_sp04_resources_evidence.sql (9.19ms)
2026/10/04 23:52:43 OK   00019_sp04_archive_ciphertext_bytes.sql (2.32ms)
2026/10/04 23:52:43 OK   00020_sp04_request_ledger.sql (3.39ms)
2026/10/04 23:52:43 OK   00021_sp04_archive_protection.sql (2.6ms)
2026/10/04 23:52:43 OK   00022_sp04_legal_hold_dependencies.sql (2.33ms)
2026/10/04 23:52:43 OK   00023_sp04_archive_query_intent.sql (2.13ms)
2026/10/04 23:52:43 OK   00024_sp05_finding_incident.sql (11.07ms)
2026/10/04 23:52:43 OK   00025_sp05_incident_event_time.sql (2.37ms)
2026/10/04 23:52:43 OK   00026_sp05_source_binding_lock.sql (2.71ms)
2026/10/04 23:52:43 OK   00027_sp05_rca_and_poll.sql (5.17ms)
2026/10/04 23:52:43 OK   00028_sp05_operator_lock.sql (2.64ms)
2026/10/04 23:52:43 OK   00029_sp05_evidence_links.sql (4.09ms)
2026/10/04 23:52:43 OK   00030_sp05_recipe_fence.sql (2.44ms)
2026/10/04 23:52:43 OK   00031_sp05_rca_postcheck.sql (2.03ms)
2026/10/04 23:52:43 OK   00032_sp05_transport_audit.sql (2.15ms)
2026/10/04 23:52:43 OK   00033_sp05_poll_resolution_clock.sql (2.29ms)
2026/10/04 23:52:43 OK   00034_sp06_investigation_ledger.sql (12.27ms)
2026/10/04 23:52:43 OK   00035_sp06_admission_data_classes.sql (2.37ms)
2026/10/04 23:52:43 goose: successfully migrated database to version: 35
2026/10/04 23:52:43 OK   00001_roles_and_schemas.sql (7.6ms)
2026/10/04 23:52:43 goose: successfully migrated database to version: 1
2026/10/04 23:52:43 OK   00002_platform_meta.sql (15.17ms)
2026/10/04 23:52:43 OK   00003_finding.sql (6.17ms)
2026/10/04 23:52:43 OK   00004_incident.sql (4.54ms)
2026/10/04 23:52:43 OK   00005_investigation.sql (5.49ms)
2026/10/04 23:52:43 OK   00006_action_command.sql (8.26ms)
2026/10/04 23:52:43 OK   00007_audit.sql (14.48ms)
2026/10/04 23:52:43 OK   00008_rls.sql (11.28ms)
2026/10/04 23:52:43 OK   00009_idempotency_ledger.sql (14.29ms)
2026/10/04 23:52:43 OK   00010_tenant_provisioning.sql (3.67ms)
2026/10/04 23:52:43 OK   00011_source_registration_history.sql (6.7ms)
2026/10/04 23:52:43 OK   00012_config_registry_lifecycle.sql (8.26ms)
2026/10/04 23:52:43 OK   00013_audit_signed_segments.sql (10.41ms)
2026/10/04 23:52:43 OK   00014_audit_segment_predecessors.sql (5.48ms)
2026/10/04 23:52:43 OK   00015_source_schema_scope.sql (3.06ms)
2026/10/04 23:52:43 OK   00016_cluster_registration_metadata.sql (3.49ms)
2026/10/04 23:52:43 OK   00017_source_data_scope.sql (3.11ms)
2026/10/04 23:52:43 OK   00018_sp04_resources_evidence.sql (11.72ms)
2026/10/04 23:52:44 OK   00019_sp04_archive_ciphertext_bytes.sql (3.15ms)
2026/10/04 23:52:44 OK   00020_sp04_request_ledger.sql (5.14ms)
2026/10/04 23:52:44 OK   00021_sp04_archive_protection.sql (3.13ms)
2026/10/04 23:52:44 OK   00022_sp04_legal_hold_dependencies.sql (2.15ms)
2026/10/04 23:52:44 OK   00023_sp04_archive_query_intent.sql (5.49ms)
2026/10/04 23:52:44 OK   00024_sp05_finding_incident.sql (13.02ms)
2026/10/04 23:52:44 OK   00025_sp05_incident_event_time.sql (3.24ms)
2026/10/04 23:52:44 OK   00026_sp05_source_binding_lock.sql (3.09ms)
2026/10/04 23:52:44 OK   00027_sp05_rca_and_poll.sql (10.37ms)
2026/10/04 23:52:44 OK   00028_sp05_operator_lock.sql (3.81ms)
2026/10/04 23:52:44 OK   00029_sp05_evidence_links.sql (5.7ms)
2026/10/04 23:52:44 OK   00030_sp05_recipe_fence.sql (4.02ms)
2026/10/04 23:52:44 OK   00031_sp05_rca_postcheck.sql (2.73ms)
2026/10/04 23:52:44 OK   00032_sp05_transport_audit.sql (2.85ms)
2026/10/04 23:52:44 OK   00033_sp05_poll_resolution_clock.sql (3.41ms)
2026/10/04 23:52:44 OK   00034_sp06_investigation_ledger.sql (14.47ms)
2026/10/04 23:52:44 OK   00035_sp06_admission_data_classes.sql (3.05ms)
2026/10/04 23:52:44 goose: successfully migrated database to version: 35
2026/10/04 23:52:44 OK   00001_roles_and_schemas.sql (10.4ms)
2026/10/04 23:52:44 goose: successfully migrated database to version: 1
2026/10/04 23:52:44 OK   00002_platform_meta.sql (14.75ms)
2026/10/04 23:52:44 OK   00003_finding.sql (7.11ms)
2026/10/04 23:52:44 OK   00004_incident.sql (4.55ms)
2026/10/04 23:52:44 OK   00005_investigation.sql (5.06ms)
2026/10/04 23:52:44 OK   00006_action_command.sql (11.63ms)
2026/10/04 23:52:44 OK   00007_audit.sql (10.2ms)
2026/10/04 23:52:44 OK   00008_rls.sql (8.17ms)
2026/10/04 23:52:44 OK   00009_idempotency_ledger.sql (5.95ms)
2026/10/04 23:52:44 OK   00010_tenant_provisioning.sql (4.72ms)
2026/10/04 23:52:44 OK   00011_source_registration_history.sql (6.43ms)
2026/10/04 23:52:44 OK   00012_config_registry_lifecycle.sql (7.53ms)
2026/10/04 23:52:44 OK   00013_audit_signed_segments.sql (8.77ms)
2026/10/04 23:52:44 OK   00014_audit_segment_predecessors.sql (4.55ms)
2026/10/04 23:52:44 OK   00015_source_schema_scope.sql (2.76ms)
2026/10/04 23:52:44 OK   00016_cluster_registration_metadata.sql (3.72ms)
2026/10/04 23:52:44 OK   00017_source_data_scope.sql (3.4ms)
2026/10/04 23:52:44 OK   00018_sp04_resources_evidence.sql (9.83ms)
2026/10/04 23:52:44 OK   00019_sp04_archive_ciphertext_bytes.sql (3.06ms)
2026/10/04 23:52:44 OK   00020_sp04_request_ledger.sql (3.93ms)
2026/10/04 23:52:44 OK   00021_sp04_archive_protection.sql (2.88ms)
2026/10/04 23:52:44 OK   00022_sp04_legal_hold_dependencies.sql (2.53ms)
2026/10/04 23:52:44 OK   00023_sp04_archive_query_intent.sql (2.34ms)
2026/10/04 23:52:44 OK   00024_sp05_finding_incident.sql (11.09ms)
2026/10/04 23:52:44 OK   00025_sp05_incident_event_time.sql (2.31ms)
2026/10/04 23:52:44 OK   00026_sp05_source_binding_lock.sql (2.53ms)
2026/10/04 23:52:44 OK   00027_sp05_rca_and_poll.sql (5.06ms)
2026/10/04 23:52:44 OK   00028_sp05_operator_lock.sql (2.44ms)
2026/10/04 23:52:44 OK   00029_sp05_evidence_links.sql (3.82ms)
2026/10/04 23:52:44 OK   00030_sp05_recipe_fence.sql (2.32ms)
2026/10/04 23:52:44 OK   00031_sp05_rca_postcheck.sql (2.08ms)
2026/10/04 23:52:44 OK   00032_sp05_transport_audit.sql (2.26ms)
2026/10/04 23:52:44 OK   00033_sp05_poll_resolution_clock.sql (2.35ms)
2026/10/04 23:52:44 OK   00034_sp06_investigation_ledger.sql (14.26ms)
2026/10/04 23:52:44 OK   00035_sp06_admission_data_classes.sql (2.55ms)
2026/10/04 23:52:44 goose: successfully migrated database to version: 35
2026/10/04 23:52:44 OK   00001_roles_and_schemas.sql (6.9ms)
2026/10/04 23:52:44 goose: successfully migrated database to version: 1
2026/10/04 23:52:44 OK   00002_platform_meta.sql (13.36ms)
2026/10/04 23:52:44 OK   00003_finding.sql (6.06ms)
2026/10/04 23:52:44 OK   00004_incident.sql (4.28ms)
2026/10/04 23:52:44 OK   00005_investigation.sql (4.5ms)
2026/10/04 23:52:44 OK   00006_action_command.sql (4.14ms)
2026/10/04 23:52:44 OK   00007_audit.sql (6.7ms)
2026/10/04 23:52:44 OK   00008_rls.sql (6.54ms)
2026/10/04 23:52:44 OK   00009_idempotency_ledger.sql (4.89ms)
2026/10/04 23:52:44 OK   00010_tenant_provisioning.sql (3.21ms)
2026/10/04 23:52:44 OK   00011_source_registration_history.sql (4.41ms)
2026/10/04 23:52:44 OK   00012_config_registry_lifecycle.sql (6.41ms)
2026/10/04 23:52:44 OK   00013_audit_signed_segments.sql (8.02ms)
2026/10/04 23:52:44 OK   00014_audit_segment_predecessors.sql (3.42ms)
2026/10/04 23:52:44 OK   00015_source_schema_scope.sql (1.73ms)
2026/10/04 23:52:44 OK   00016_cluster_registration_metadata.sql (2.4ms)
2026/10/04 23:52:44 OK   00017_source_data_scope.sql (2.55ms)
2026/10/04 23:52:44 OK   00018_sp04_resources_evidence.sql (9.1ms)
2026/10/04 23:52:44 OK   00019_sp04_archive_ciphertext_bytes.sql (2.25ms)
2026/10/04 23:52:44 OK   00020_sp04_request_ledger.sql (3ms)
2026/10/04 23:52:44 OK   00021_sp04_archive_protection.sql (2.37ms)
2026/10/04 23:52:44 OK   00022_sp04_legal_hold_dependencies.sql (2.14ms)
2026/10/04 23:52:44 OK   00023_sp04_archive_query_intent.sql (2.04ms)
2026/10/04 23:52:44 OK   00024_sp05_finding_incident.sql (10.36ms)
2026/10/04 23:52:44 OK   00025_sp05_incident_event_time.sql (2.08ms)
2026/10/04 23:52:44 OK   00026_sp05_source_binding_lock.sql (2.34ms)
2026/10/04 23:52:44 OK   00027_sp05_rca_and_poll.sql (4.72ms)
2026/10/04 23:52:44 OK   00028_sp05_operator_lock.sql (2.44ms)
2026/10/04 23:52:44 OK   00029_sp05_evidence_links.sql (3.55ms)
2026/10/04 23:52:44 OK   00030_sp05_recipe_fence.sql (2.11ms)
2026/10/04 23:52:44 OK   00031_sp05_rca_postcheck.sql (1.92ms)
2026/10/04 23:52:44 OK   00032_sp05_transport_audit.sql (1.99ms)
2026/10/04 23:52:44 OK   00033_sp05_poll_resolution_clock.sql (2.43ms)
2026/10/04 23:52:44 OK   00034_sp06_investigation_ledger.sql (13.56ms)
2026/10/04 23:52:44 OK   00035_sp06_admission_data_classes.sql (1.93ms)
2026/10/04 23:52:44 goose: successfully migrated database to version: 35
2026/10/04 23:52:44 OK   00001_roles_and_schemas.sql (6.96ms)
2026/10/04 23:52:44 goose: successfully migrated database to version: 1
2026/10/04 23:52:44 OK   00002_platform_meta.sql (13.74ms)
2026/10/04 23:52:44 OK   00003_finding.sql (6.53ms)
2026/10/04 23:52:44 OK   00004_incident.sql (4.84ms)
2026/10/04 23:52:44 OK   00005_investigation.sql (5.5ms)
2026/10/04 23:52:44 OK   00006_action_command.sql (5.27ms)
2026/10/04 23:52:44 OK   00007_audit.sql (7.77ms)
2026/10/04 23:52:44 OK   00008_rls.sql (7.6ms)
2026/10/04 23:52:44 OK   00009_idempotency_ledger.sql (5.91ms)
2026/10/04 23:52:44 OK   00010_tenant_provisioning.sql (4.03ms)
2026/10/04 23:52:44 OK   00011_source_registration_history.sql (4.66ms)
2026/10/04 23:52:44 OK   00012_config_registry_lifecycle.sql (6.61ms)
2026/10/04 23:52:45 OK   00013_audit_signed_segments.sql (8.32ms)
2026/10/04 23:52:45 OK   00014_audit_segment_predecessors.sql (4.13ms)
2026/10/04 23:52:45 OK   00015_source_schema_scope.sql (2.39ms)
2026/10/04 23:52:45 OK   00016_cluster_registration_metadata.sql (3.11ms)
2026/10/04 23:52:45 OK   00017_source_data_scope.sql (2.89ms)
2026/10/04 23:52:45 OK   00018_sp04_resources_evidence.sql (11.58ms)
2026/10/04 23:52:45 OK   00019_sp04_archive_ciphertext_bytes.sql (2.48ms)
2026/10/04 23:52:45 OK   00020_sp04_request_ledger.sql (3.42ms)
2026/10/04 23:52:45 OK   00021_sp04_archive_protection.sql (2.54ms)
2026/10/04 23:52:45 OK   00022_sp04_legal_hold_dependencies.sql (2.39ms)
2026/10/04 23:52:45 OK   00023_sp04_archive_query_intent.sql (2.23ms)
2026/10/04 23:52:45 OK   00024_sp05_finding_incident.sql (10.51ms)
2026/10/04 23:52:45 OK   00025_sp05_incident_event_time.sql (2.25ms)
2026/10/04 23:52:45 OK   00026_sp05_source_binding_lock.sql (2.22ms)
2026/10/04 23:52:45 OK   00027_sp05_rca_and_poll.sql (4.9ms)
2026/10/04 23:52:45 OK   00028_sp05_operator_lock.sql (2.31ms)
2026/10/04 23:52:45 OK   00029_sp05_evidence_links.sql (3.6ms)
2026/10/04 23:52:45 OK   00030_sp05_recipe_fence.sql (2.28ms)
2026/10/04 23:52:45 OK   00031_sp05_rca_postcheck.sql (1.65ms)
2026/10/04 23:52:45 OK   00032_sp05_transport_audit.sql (1.93ms)
2026/10/04 23:52:45 OK   00033_sp05_poll_resolution_clock.sql (2.07ms)
2026/10/04 23:52:45 OK   00034_sp06_investigation_ledger.sql (13.55ms)
2026/10/04 23:52:45 OK   00035_sp06_admission_data_classes.sql (1.94ms)
2026/10/04 23:52:45 goose: successfully migrated database to version: 35
2026/10/04 23:52:45 OK   00001_roles_and_schemas.sql (6.61ms)
2026/10/04 23:52:45 goose: successfully migrated database to version: 1
2026/10/04 23:52:45 OK   00002_platform_meta.sql (12.9ms)
2026/10/04 23:52:45 OK   00003_finding.sql (17.3ms)
2026/10/04 23:52:45 OK   00004_incident.sql (9.96ms)
2026/10/04 23:52:45 OK   00005_investigation.sql (4.85ms)
2026/10/04 23:52:45 OK   00006_action_command.sql (4.23ms)
2026/10/04 23:52:45 OK   00007_audit.sql (6.86ms)
2026/10/04 23:52:45 OK   00008_rls.sql (7.06ms)
2026/10/04 23:52:45 OK   00009_idempotency_ledger.sql (5.87ms)
2026/10/04 23:52:45 OK   00010_tenant_provisioning.sql (3.75ms)
2026/10/04 23:52:45 OK   00011_source_registration_history.sql (4.52ms)
2026/10/04 23:52:45 OK   00012_config_registry_lifecycle.sql (6.4ms)
2026/10/04 23:52:45 OK   00013_audit_signed_segments.sql (8.14ms)
2026/10/04 23:52:45 OK   00014_audit_segment_predecessors.sql (4.1ms)
2026/10/04 23:52:45 OK   00015_source_schema_scope.sql (2.46ms)
2026/10/04 23:52:45 OK   00016_cluster_registration_metadata.sql (3.28ms)
2026/10/04 23:52:45 OK   00017_source_data_scope.sql (2.87ms)
2026/10/04 23:52:45 OK   00018_sp04_resources_evidence.sql (9.04ms)
2026/10/04 23:52:45 OK   00019_sp04_archive_ciphertext_bytes.sql (2.62ms)
2026/10/04 23:52:45 OK   00020_sp04_request_ledger.sql (3.44ms)
2026/10/04 23:52:45 OK   00021_sp04_archive_protection.sql (2.4ms)
2026/10/04 23:52:45 OK   00022_sp04_legal_hold_dependencies.sql (2.12ms)
2026/10/04 23:52:45 OK   00023_sp04_archive_query_intent.sql (2.19ms)
2026/10/04 23:52:45 OK   00024_sp05_finding_incident.sql (10.55ms)
2026/10/04 23:52:45 OK   00025_sp05_incident_event_time.sql (2.18ms)
2026/10/04 23:52:45 OK   00026_sp05_source_binding_lock.sql (2.64ms)
2026/10/04 23:52:45 OK   00027_sp05_rca_and_poll.sql (5.01ms)
2026/10/04 23:52:45 OK   00028_sp05_operator_lock.sql (2.57ms)
2026/10/04 23:52:45 OK   00029_sp05_evidence_links.sql (3.77ms)
2026/10/04 23:52:45 OK   00030_sp05_recipe_fence.sql (2.34ms)
2026/10/04 23:52:45 OK   00031_sp05_rca_postcheck.sql (1.96ms)
2026/10/04 23:52:45 OK   00032_sp05_transport_audit.sql (2.11ms)
2026/10/04 23:52:45 OK   00033_sp05_poll_resolution_clock.sql (2.3ms)
2026/10/04 23:52:45 OK   00034_sp06_investigation_ledger.sql (12.1ms)
2026/10/04 23:52:45 OK   00035_sp06_admission_data_classes.sql (2.45ms)
2026/10/04 23:52:45 goose: successfully migrated database to version: 35
2026/10/04 23:52:45 OK   00001_roles_and_schemas.sql (8.86ms)
2026/10/04 23:52:45 goose: successfully migrated database to version: 1
2026/10/04 23:52:45 OK   00002_platform_meta.sql (13.63ms)
2026/10/04 23:52:45 OK   00003_finding.sql (6.03ms)
2026/10/04 23:52:45 OK   00004_incident.sql (4.52ms)
2026/10/04 23:52:45 OK   00005_investigation.sql (4.76ms)
2026/10/04 23:52:45 OK   00006_action_command.sql (4.71ms)
2026/10/04 23:52:45 OK   00007_audit.sql (6.66ms)
2026/10/04 23:52:45 OK   00008_rls.sql (6.52ms)
2026/10/04 23:52:45 OK   00009_idempotency_ledger.sql (5.93ms)
2026/10/04 23:52:45 OK   00010_tenant_provisioning.sql (4.09ms)
2026/10/04 23:52:45 OK   00011_source_registration_history.sql (5.51ms)
2026/10/04 23:52:45 OK   00012_config_registry_lifecycle.sql (8.02ms)
2026/10/04 23:52:45 OK   00013_audit_signed_segments.sql (9.45ms)
2026/10/04 23:52:45 OK   00014_audit_segment_predecessors.sql (4.71ms)
2026/10/04 23:52:45 OK   00015_source_schema_scope.sql (2.58ms)
2026/10/04 23:52:45 OK   00016_cluster_registration_metadata.sql (3.3ms)
2026/10/04 23:52:45 OK   00017_source_data_scope.sql (2.97ms)
2026/10/04 23:52:45 OK   00018_sp04_resources_evidence.sql (26.12ms)
2026/10/04 23:52:45 OK   00019_sp04_archive_ciphertext_bytes.sql (3.03ms)
2026/10/04 23:52:45 OK   00020_sp04_request_ledger.sql (4.92ms)
2026/10/04 23:52:45 OK   00021_sp04_archive_protection.sql (2.91ms)
2026/10/04 23:52:45 OK   00022_sp04_legal_hold_dependencies.sql (2.72ms)
2026/10/04 23:52:45 OK   00023_sp04_archive_query_intent.sql (2.63ms)
2026/10/04 23:52:45 OK   00024_sp05_finding_incident.sql (20.11ms)
2026/10/04 23:52:45 OK   00025_sp05_incident_event_time.sql (2.9ms)
2026/10/04 23:52:45 OK   00026_sp05_source_binding_lock.sql (3.51ms)
2026/10/04 23:52:45 OK   00027_sp05_rca_and_poll.sql (5.97ms)
2026/10/04 23:52:45 OK   00028_sp05_operator_lock.sql (3.35ms)
2026/10/04 23:52:45 OK   00029_sp05_evidence_links.sql (4.3ms)
2026/10/04 23:52:45 OK   00030_sp05_recipe_fence.sql (2.47ms)
2026/10/04 23:52:45 OK   00031_sp05_rca_postcheck.sql (2.11ms)
2026/10/04 23:52:45 OK   00032_sp05_transport_audit.sql (2.19ms)
2026/10/04 23:52:45 OK   00033_sp05_poll_resolution_clock.sql (2.48ms)
2026/10/04 23:52:45 OK   00034_sp06_investigation_ledger.sql (13.55ms)
2026/10/04 23:52:45 OK   00035_sp06_admission_data_classes.sql (2.59ms)
2026/10/04 23:52:45 goose: successfully migrated database to version: 35
2026/10/04 23:52:45 OK   00001_roles_and_schemas.sql (6.84ms)
2026/10/04 23:52:45 goose: successfully migrated database to version: 1
2026/10/04 23:52:45 OK   00002_platform_meta.sql (13.46ms)
2026/10/04 23:52:45 OK   00003_finding.sql (6.54ms)
2026/10/04 23:52:45 OK   00004_incident.sql (4.72ms)
2026/10/04 23:52:45 OK   00005_investigation.sql (5.31ms)
2026/10/04 23:52:45 OK   00006_action_command.sql (5.11ms)
2026/10/04 23:52:45 OK   00007_audit.sql (7.45ms)
2026/10/04 23:52:45 OK   00008_rls.sql (7.15ms)
2026/10/04 23:52:45 OK   00009_idempotency_ledger.sql (5.85ms)
2026/10/04 23:52:45 OK   00010_tenant_provisioning.sql (3.85ms)
2026/10/04 23:52:45 OK   00011_source_registration_history.sql (5.27ms)
2026/10/04 23:52:45 OK   00012_config_registry_lifecycle.sql (7.66ms)
2026/10/04 23:52:45 OK   00013_audit_signed_segments.sql (8.99ms)
2026/10/04 23:52:45 OK   00014_audit_segment_predecessors.sql (4.12ms)
2026/10/04 23:52:45 OK   00015_source_schema_scope.sql (2.53ms)
2026/10/04 23:52:45 OK   00016_cluster_registration_metadata.sql (3.48ms)
2026/10/04 23:52:45 OK   00017_source_data_scope.sql (2.76ms)
2026/10/04 23:52:45 OK   00018_sp04_resources_evidence.sql (9.33ms)
2026/10/04 23:52:45 OK   00019_sp04_archive_ciphertext_bytes.sql (2.62ms)
2026/10/04 23:52:45 OK   00020_sp04_request_ledger.sql (3.42ms)
2026/10/04 23:52:45 OK   00021_sp04_archive_protection.sql (2.52ms)
2026/10/04 23:52:45 OK   00022_sp04_legal_hold_dependencies.sql (2.41ms)
2026/10/04 23:52:45 OK   00023_sp04_archive_query_intent.sql (2.31ms)
2026/10/04 23:52:45 OK   00024_sp05_finding_incident.sql (11.71ms)
2026/10/04 23:52:45 OK   00025_sp05_incident_event_time.sql (2.83ms)
2026/10/04 23:52:45 OK   00026_sp05_source_binding_lock.sql (2.71ms)
2026/10/04 23:52:45 OK   00027_sp05_rca_and_poll.sql (5.35ms)
2026/10/04 23:52:45 OK   00028_sp05_operator_lock.sql (2.7ms)
2026/10/04 23:52:45 OK   00029_sp05_evidence_links.sql (3.71ms)
2026/10/04 23:52:45 OK   00030_sp05_recipe_fence.sql (2.37ms)
2026/10/04 23:52:45 OK   00031_sp05_rca_postcheck.sql (2.02ms)
2026/10/04 23:52:45 OK   00032_sp05_transport_audit.sql (2.12ms)
2026/10/04 23:52:45 OK   00033_sp05_poll_resolution_clock.sql (2.25ms)
2026/10/04 23:52:45 OK   00034_sp06_investigation_ledger.sql (13.18ms)
2026/10/04 23:52:45 OK   00035_sp06_admission_data_classes.sql (1.97ms)
2026/10/04 23:52:45 goose: successfully migrated database to version: 35
2026/10/04 23:52:46 OK   00001_roles_and_schemas.sql (7.02ms)
2026/10/04 23:52:46 goose: successfully migrated database to version: 1
2026/10/04 23:52:46 OK   00002_platform_meta.sql (12.58ms)
2026/10/04 23:52:46 OK   00003_finding.sql (6.01ms)
2026/10/04 23:52:46 OK   00004_incident.sql (4.01ms)
2026/10/04 23:52:46 OK   00005_investigation.sql (4.72ms)
2026/10/04 23:52:46 OK   00006_action_command.sql (4.52ms)
2026/10/04 23:52:46 OK   00007_audit.sql (6.38ms)
2026/10/04 23:52:46 OK   00008_rls.sql (6.5ms)
2026/10/04 23:52:46 OK   00009_idempotency_ledger.sql (5.06ms)
2026/10/04 23:52:46 OK   00010_tenant_provisioning.sql (3.64ms)
2026/10/04 23:52:46 OK   00011_source_registration_history.sql (4.56ms)
2026/10/04 23:52:46 OK   00012_config_registry_lifecycle.sql (6.55ms)
2026/10/04 23:52:46 OK   00013_audit_signed_segments.sql (13.42ms)
2026/10/04 23:52:46 OK   00014_audit_segment_predecessors.sql (4.9ms)
2026/10/04 23:52:46 OK   00015_source_schema_scope.sql (3.09ms)
2026/10/04 23:52:46 OK   00016_cluster_registration_metadata.sql (3.69ms)
2026/10/04 23:52:46 OK   00017_source_data_scope.sql (3.61ms)
2026/10/04 23:52:46 OK   00018_sp04_resources_evidence.sql (10.19ms)
2026/10/04 23:52:46 OK   00019_sp04_archive_ciphertext_bytes.sql (2.99ms)
2026/10/04 23:52:46 OK   00020_sp04_request_ledger.sql (3.49ms)
2026/10/04 23:52:46 OK   00021_sp04_archive_protection.sql (2.5ms)
2026/10/04 23:52:46 OK   00022_sp04_legal_hold_dependencies.sql (2.33ms)
2026/10/04 23:52:46 OK   00023_sp04_archive_query_intent.sql (2.24ms)
2026/10/04 23:52:46 OK   00024_sp05_finding_incident.sql (10.9ms)
2026/10/04 23:52:46 OK   00025_sp05_incident_event_time.sql (2.1ms)
2026/10/04 23:52:46 OK   00026_sp05_source_binding_lock.sql (2.31ms)
2026/10/04 23:52:46 OK   00027_sp05_rca_and_poll.sql (4.97ms)
2026/10/04 23:52:46 OK   00028_sp05_operator_lock.sql (2.04ms)
2026/10/04 23:52:46 OK   00029_sp05_evidence_links.sql (3.74ms)
2026/10/04 23:52:46 OK   00030_sp05_recipe_fence.sql (1.91ms)
2026/10/04 23:52:46 OK   00031_sp05_rca_postcheck.sql (1.68ms)
2026/10/04 23:52:46 OK   00032_sp05_transport_audit.sql (1.84ms)
2026/10/04 23:52:46 OK   00033_sp05_poll_resolution_clock.sql (1.98ms)
2026/10/04 23:52:46 OK   00034_sp06_investigation_ledger.sql (13.29ms)
2026/10/04 23:52:46 OK   00035_sp06_admission_data_classes.sql (1.87ms)
2026/10/04 23:52:46 goose: successfully migrated database to version: 35
2026/10/04 23:52:46 OK   00001_roles_and_schemas.sql (9.24ms)
2026/10/04 23:52:46 goose: successfully migrated database to version: 1
2026/10/04 23:52:46 OK   00002_platform_meta.sql (26.03ms)
2026/10/04 23:52:46 OK   00003_finding.sql (8.39ms)
2026/10/04 23:52:46 OK   00004_incident.sql (5.78ms)
2026/10/04 23:52:46 OK   00005_investigation.sql (6.79ms)
2026/10/04 23:52:46 OK   00006_action_command.sql (6.19ms)
2026/10/04 23:52:46 OK   00007_audit.sql (8.78ms)
2026/10/04 23:52:46 OK   00008_rls.sql (8.24ms)
2026/10/04 23:52:46 OK   00009_idempotency_ledger.sql (6.8ms)
2026/10/04 23:52:46 OK   00010_tenant_provisioning.sql (5.24ms)
2026/10/04 23:52:46 OK   00011_source_registration_history.sql (6.33ms)
2026/10/04 23:52:46 OK   00012_config_registry_lifecycle.sql (8.38ms)
2026/10/04 23:52:46 OK   00013_audit_signed_segments.sql (8.93ms)
2026/10/04 23:52:46 OK   00014_audit_segment_predecessors.sql (4.6ms)
2026/10/04 23:52:46 OK   00015_source_schema_scope.sql (2.49ms)
2026/10/04 23:52:46 OK   00016_cluster_registration_metadata.sql (3.51ms)
2026/10/04 23:52:46 OK   00017_source_data_scope.sql (3.5ms)
2026/10/04 23:52:46 OK   00018_sp04_resources_evidence.sql (10.58ms)
2026/10/04 23:52:46 OK   00019_sp04_archive_ciphertext_bytes.sql (2.5ms)
2026/10/04 23:52:46 OK   00020_sp04_request_ledger.sql (3.59ms)
2026/10/04 23:52:46 OK   00021_sp04_archive_protection.sql (2.44ms)
2026/10/04 23:52:46 OK   00022_sp04_legal_hold_dependencies.sql (2.43ms)
2026/10/04 23:52:46 OK   00023_sp04_archive_query_intent.sql (2.24ms)
2026/10/04 23:52:46 OK   00024_sp05_finding_incident.sql (12.42ms)
2026/10/04 23:52:46 OK   00025_sp05_incident_event_time.sql (2.63ms)
2026/10/04 23:52:46 OK   00026_sp05_source_binding_lock.sql (2.97ms)
2026/10/04 23:52:46 OK   00027_sp05_rca_and_poll.sql (10.52ms)
2026/10/04 23:52:46 OK   00028_sp05_operator_lock.sql (5.49ms)
2026/10/04 23:52:46 OK   00029_sp05_evidence_links.sql (8.27ms)
2026/10/04 23:52:46 OK   00030_sp05_recipe_fence.sql (3.13ms)
2026/10/04 23:52:46 OK   00031_sp05_rca_postcheck.sql (2.98ms)
2026/10/04 23:52:46 OK   00032_sp05_transport_audit.sql (3.42ms)
2026/10/04 23:52:46 OK   00033_sp05_poll_resolution_clock.sql (4.38ms)
2026/10/04 23:52:46 OK   00034_sp06_investigation_ledger.sql (17.48ms)
2026/10/04 23:52:46 OK   00035_sp06_admission_data_classes.sql (2.53ms)
2026/10/04 23:52:46 goose: successfully migrated database to version: 35
--- FAIL: TestSP05FrozenNonvirtualGoldenVerticalAndReplay (3.80s)
    --- FAIL: TestSP05FrozenNonvirtualGoldenVerticalAndReplay/dimm-failure/valid (0.24s)
        sp05_golden_vertical_test.go:108: OPENBAO_UNAVAILABLE: Get "https://127.0.0.1:32779/v1/sys/mounts": dial tcp 127.0.0.1:32779: connect: connection refused
    --- FAIL: TestSP05FrozenNonvirtualGoldenVerticalAndReplay/dimm-failure/missing (0.32s)
        sp05_golden_vertical_test.go:108: OPENBAO_UNAVAILABLE: Get "https://127.0.0.1:32779/v1/sys/mounts": dial tcp 127.0.0.1:32779: connect: connection refused
    --- FAIL: TestSP05FrozenNonvirtualGoldenVerticalAndReplay/dimm-failure/conflict (0.28s)
        sp05_golden_vertical_test.go:108: OPENBAO_UNAVAILABLE: Get "https://127.0.0.1:32779/v1/sys/mounts": dial tcp 127.0.0.1:32779: connect: connection refused
    --- FAIL: TestSP05FrozenNonvirtualGoldenVerticalAndReplay/dimm-failure/degraded (0.40s)
        sp05_golden_vertical_test.go:108: OPENBAO_UNAVAILABLE: Get "https://127.0.0.1:32779/v1/sys/mounts": dial tcp 127.0.0.1:32779: connect: connection refused
    --- FAIL: TestSP05FrozenNonvirtualGoldenVerticalAndReplay/pvc-csi-failure/valid (0.39s)
        sp05_golden_vertical_test.go:108: OPENBAO_UNAVAILABLE: Get "https://127.0.0.1:32779/v1/sys/mounts": dial tcp 127.0.0.1:32779: connect: connection refused
    --- FAIL: TestSP05FrozenNonvirtualGoldenVerticalAndReplay/pvc-csi-failure/missing (0.27s)
        sp05_golden_vertical_test.go:108: OPENBAO_UNAVAILABLE: Get "https://127.0.0.1:32779/v1/sys/mounts": dial tcp 127.0.0.1:32779: connect: connection refused
    --- FAIL: TestSP05FrozenNonvirtualGoldenVerticalAndReplay/pvc-csi-failure/conflict (0.27s)
        sp05_golden_vertical_test.go:108: OPENBAO_UNAVAILABLE: Get "https://127.0.0.1:32779/v1/sys/mounts": dial tcp 127.0.0.1:32779: connect: connection refused
    --- FAIL: TestSP05FrozenNonvirtualGoldenVerticalAndReplay/pvc-csi-failure/degraded (0.27s)
        sp05_golden_vertical_test.go:108: OPENBAO_UNAVAILABLE: Get "https://127.0.0.1:32779/v1/sys/mounts": dial tcp 127.0.0.1:32779: connect: connection refused
    --- FAIL: TestSP05FrozenNonvirtualGoldenVerticalAndReplay/node-failure/valid (0.32s)
        sp05_golden_vertical_test.go:108: OPENBAO_UNAVAILABLE: Get "https://127.0.0.1:32779/v1/sys/mounts": dial tcp 127.0.0.1:32779: connect: connection refused
    --- FAIL: TestSP05FrozenNonvirtualGoldenVerticalAndReplay/node-failure/missing (0.28s)
        sp05_golden_vertical_test.go:108: OPENBAO_UNAVAILABLE: Get "https://127.0.0.1:32779/v1/sys/mounts": dial tcp 127.0.0.1:32779: connect: connection refused
    --- FAIL: TestSP05FrozenNonvirtualGoldenVerticalAndReplay/node-failure/conflict (0.39s)
        sp05_golden_vertical_test.go:108: OPENBAO_UNAVAILABLE: Get "https://127.0.0.1:32779/v1/sys/mounts": dial tcp 127.0.0.1:32779: connect: connection refused
    --- FAIL: TestSP05FrozenNonvirtualGoldenVerticalAndReplay/node-failure/degraded (0.37s)
        sp05_golden_vertical_test.go:108: OPENBAO_UNAVAILABLE: Get "https://127.0.0.1:32779/v1/sys/mounts": dial tcp 127.0.0.1:32779: connect: connection refused
2026/10/04 23:52:46 OK   00001_roles_and_schemas.sql (59.83ms)
2026/10/04 23:52:46 goose: successfully migrated database to version: 1
2026/10/04 23:52:46 OK   00002_platform_meta.sql (16.2ms)
2026/10/04 23:52:46 OK   00003_finding.sql (6.78ms)
2026/10/04 23:52:46 OK   00004_incident.sql (5.26ms)
2026/10/04 23:52:46 OK   00005_investigation.sql (5.6ms)
2026/10/04 23:52:46 OK   00006_action_command.sql (4.58ms)
2026/10/04 23:52:46 OK   00007_audit.sql (8.19ms)
2026/10/04 23:52:46 OK   00008_rls.sql (6.39ms)
2026/10/04 23:52:46 OK   00009_idempotency_ledger.sql (6.18ms)
2026/10/04 23:52:46 OK   00010_tenant_provisioning.sql (4.74ms)
2026/10/04 23:52:46 OK   00011_source_registration_history.sql (5.85ms)
2026/10/04 23:52:46 OK   00012_config_registry_lifecycle.sql (7.26ms)
2026/10/04 23:52:46 OK   00013_audit_signed_segments.sql (10.69ms)
2026/10/04 23:52:46 OK   00014_audit_segment_predecessors.sql (4.64ms)
2026/10/04 23:52:46 OK   00015_source_schema_scope.sql (2.54ms)
2026/10/04 23:52:46 OK   00016_cluster_registration_metadata.sql (3.35ms)
2026/10/04 23:52:46 OK   00017_source_data_scope.sql (3.95ms)
2026/10/04 23:52:46 OK   00018_sp04_resources_evidence.sql (9.95ms)
2026/10/04 23:52:46 OK   00019_sp04_archive_ciphertext_bytes.sql (2.53ms)
2026/10/04 23:52:47 OK   00020_sp04_request_ledger.sql (3.21ms)
2026/10/04 23:52:47 OK   00021_sp04_archive_protection.sql (2.39ms)
2026/10/04 23:52:47 OK   00022_sp04_legal_hold_dependencies.sql (2.84ms)
2026/10/04 23:52:47 OK   00023_sp04_archive_query_intent.sql (2.17ms)
2026/10/04 23:52:47 OK   00024_sp05_finding_incident.sql (10.78ms)
2026/10/04 23:52:47 OK   00025_sp05_incident_event_time.sql (2.8ms)
2026/10/04 23:52:47 OK   00026_sp05_source_binding_lock.sql (2.28ms)
2026/10/04 23:52:47 OK   00027_sp05_rca_and_poll.sql (16.73ms)
2026/10/04 23:52:47 OK   00028_sp05_operator_lock.sql (10.39ms)
2026/10/04 23:52:47 OK   00029_sp05_evidence_links.sql (5.76ms)
2026/10/04 23:52:47 OK   00030_sp05_recipe_fence.sql (2.45ms)
2026/10/04 23:52:47 OK   00031_sp05_rca_postcheck.sql (2.68ms)
2026/10/04 23:52:47 OK   00032_sp05_transport_audit.sql (5.29ms)
2026/10/04 23:52:47 OK   00033_sp05_poll_resolution_clock.sql (8.33ms)
2026/10/04 23:52:47 OK   00034_sp06_investigation_ledger.sql (34.97ms)
2026/10/04 23:52:47 OK   00035_sp06_admission_data_classes.sql (2.94ms)
2026/10/04 23:52:47 goose: successfully migrated database to version: 35
2026/10/04 23:52:47 OK   00001_roles_and_schemas.sql (6.88ms)
2026/10/04 23:52:47 goose: successfully migrated database to version: 1
2026/10/04 23:52:47 OK   00002_platform_meta.sql (12.47ms)
2026/10/04 23:52:47 OK   00003_finding.sql (5.76ms)
2026/10/04 23:52:47 OK   00004_incident.sql (3.82ms)
2026/10/04 23:52:47 OK   00005_investigation.sql (4.56ms)
2026/10/04 23:52:47 OK   00006_action_command.sql (4.1ms)
2026/10/04 23:52:47 OK   00007_audit.sql (6.62ms)
2026/10/04 23:52:47 OK   00008_rls.sql (6.44ms)
2026/10/04 23:52:47 OK   00009_idempotency_ledger.sql (4.79ms)
2026/10/04 23:52:47 OK   00010_tenant_provisioning.sql (3.22ms)
2026/10/04 23:52:47 OK   00011_source_registration_history.sql (4.46ms)
2026/10/04 23:52:47 OK   00012_config_registry_lifecycle.sql (6.43ms)
2026/10/04 23:52:47 OK   00013_audit_signed_segments.sql (8.07ms)
2026/10/04 23:52:47 OK   00014_audit_segment_predecessors.sql (3.76ms)
2026/10/04 23:52:47 OK   00015_source_schema_scope.sql (2.02ms)
2026/10/04 23:52:47 OK   00016_cluster_registration_metadata.sql (2.79ms)
2026/10/04 23:52:47 OK   00017_source_data_scope.sql (2.35ms)
2026/10/04 23:52:47 OK   00018_sp04_resources_evidence.sql (8.72ms)
2026/10/04 23:52:47 OK   00019_sp04_archive_ciphertext_bytes.sql (2ms)
2026/10/04 23:52:47 OK   00020_sp04_request_ledger.sql (3.24ms)
2026/10/04 23:52:47 OK   00021_sp04_archive_protection.sql (2.38ms)
2026/10/04 23:52:47 OK   00022_sp04_legal_hold_dependencies.sql (1.82ms)
2026/10/04 23:52:47 OK   00023_sp04_archive_query_intent.sql (1.59ms)
2026/10/04 23:52:47 OK   00024_sp05_finding_incident.sql (12.51ms)
2026/10/04 23:52:47 OK   00025_sp05_incident_event_time.sql (1.57ms)
2026/10/04 23:52:47 OK   00026_sp05_source_binding_lock.sql (2.19ms)
2026/10/04 23:52:47 OK   00027_sp05_rca_and_poll.sql (5.09ms)
2026/10/04 23:52:47 OK   00028_sp05_operator_lock.sql (2.09ms)
2026/10/04 23:52:47 OK   00029_sp05_evidence_links.sql (3.4ms)
2026/10/04 23:52:47 OK   00030_sp05_recipe_fence.sql (2.21ms)
2026/10/04 23:52:47 OK   00031_sp05_rca_postcheck.sql (1.53ms)
2026/10/04 23:52:47 OK   00032_sp05_transport_audit.sql (1.92ms)
2026/10/04 23:52:47 OK   00033_sp05_poll_resolution_clock.sql (2.05ms)
2026/10/04 23:52:47 OK   00034_sp06_investigation_ledger.sql (13.64ms)
2026/10/04 23:52:47 OK   00035_sp06_admission_data_classes.sql (1.84ms)
2026/10/04 23:52:47 goose: successfully migrated database to version: 35
2026/10/04 23:52:47 OK   00001_roles_and_schemas.sql (8.47ms)
2026/10/04 23:52:47 goose: successfully migrated database to version: 1
2026/10/04 23:52:47 OK   00002_platform_meta.sql (15.4ms)
2026/10/04 23:52:47 OK   00003_finding.sql (6.95ms)
2026/10/04 23:52:47 OK   00004_incident.sql (5.55ms)
2026/10/04 23:52:47 OK   00005_investigation.sql (6.03ms)
2026/10/04 23:52:47 OK   00006_action_command.sql (5.37ms)
2026/10/04 23:52:47 OK   00007_audit.sql (7.6ms)
2026/10/04 23:52:47 OK   00008_rls.sql (7.51ms)
2026/10/04 23:52:47 OK   00009_idempotency_ledger.sql (11.16ms)
2026/10/04 23:52:47 OK   00010_tenant_provisioning.sql (7.73ms)
2026/10/04 23:52:47 OK   00011_source_registration_history.sql (8.01ms)
2026/10/04 23:52:47 OK   00012_config_registry_lifecycle.sql (7.83ms)
2026/10/04 23:52:47 OK   00013_audit_signed_segments.sql (9.25ms)
2026/10/04 23:52:47 OK   00014_audit_segment_predecessors.sql (4.24ms)
2026/10/04 23:52:47 OK   00015_source_schema_scope.sql (2.98ms)
2026/10/04 23:52:47 OK   00016_cluster_registration_metadata.sql (4.15ms)
2026/10/04 23:52:47 OK   00017_source_data_scope.sql (4.52ms)
2026/10/04 23:52:47 OK   00018_sp04_resources_evidence.sql (11.03ms)
2026/10/04 23:52:47 OK   00019_sp04_archive_ciphertext_bytes.sql (3.91ms)
2026/10/04 23:52:47 OK   00020_sp04_request_ledger.sql (4.63ms)
2026/10/04 23:52:47 OK   00021_sp04_archive_protection.sql (4.18ms)
2026/10/04 23:52:47 OK   00022_sp04_legal_hold_dependencies.sql (3.88ms)
2026/10/04 23:52:47 OK   00023_sp04_archive_query_intent.sql (2.88ms)
2026/10/04 23:52:47 OK   00024_sp05_finding_incident.sql (12.51ms)
2026/10/04 23:52:47 OK   00025_sp05_incident_event_time.sql (2.93ms)
2026/10/04 23:52:47 OK   00026_sp05_source_binding_lock.sql (2.84ms)
2026/10/04 23:52:47 OK   00027_sp05_rca_and_poll.sql (5.63ms)
2026/10/04 23:52:47 OK   00028_sp05_operator_lock.sql (3ms)
2026/10/04 23:52:47 OK   00029_sp05_evidence_links.sql (4.09ms)
2026/10/04 23:52:47 OK   00030_sp05_recipe_fence.sql (2.42ms)
2026/10/04 23:52:47 OK   00031_sp05_rca_postcheck.sql (1.97ms)
2026/10/04 23:52:47 OK   00032_sp05_transport_audit.sql (2.26ms)
2026/10/04 23:52:47 OK   00033_sp05_poll_resolution_clock.sql (2.28ms)
2026/10/04 23:52:47 OK   00034_sp06_investigation_ledger.sql (12.01ms)
2026/10/04 23:52:47 OK   00035_sp06_admission_data_classes.sql (2.3ms)
2026/10/04 23:52:47 goose: successfully migrated database to version: 35
2026/10/04 23:52:48 OK   00001_roles_and_schemas.sql (9.31ms)
2026/10/04 23:52:48 goose: successfully migrated database to version: 1
2026/10/04 23:52:48 OK   00002_platform_meta.sql (20.36ms)
2026/10/04 23:52:48 OK   00003_finding.sql (6.25ms)
2026/10/04 23:52:48 OK   00004_incident.sql (4.6ms)
2026/10/04 23:52:48 OK   00005_investigation.sql (5.1ms)
2026/10/04 23:52:48 OK   00006_action_command.sql (4.73ms)
2026/10/04 23:52:48 OK   00007_audit.sql (7.93ms)
2026/10/04 23:52:48 OK   00008_rls.sql (7ms)
2026/10/04 23:52:48 OK   00009_idempotency_ledger.sql (5.91ms)
2026/10/04 23:52:48 OK   00010_tenant_provisioning.sql (4.07ms)
2026/10/04 23:52:48 OK   00011_source_registration_history.sql (5.18ms)
2026/10/04 23:52:48 OK   00012_config_registry_lifecycle.sql (6.69ms)
2026/10/04 23:52:48 OK   00013_audit_signed_segments.sql (10.15ms)
2026/10/04 23:52:48 OK   00014_audit_segment_predecessors.sql (4.89ms)
2026/10/04 23:52:48 OK   00015_source_schema_scope.sql (2.65ms)
2026/10/04 23:52:48 OK   00016_cluster_registration_metadata.sql (4.24ms)
2026/10/04 23:52:48 OK   00017_source_data_scope.sql (3.42ms)
2026/10/04 23:52:48 OK   00018_sp04_resources_evidence.sql (9.97ms)
2026/10/04 23:52:48 OK   00019_sp04_archive_ciphertext_bytes.sql (2.89ms)
2026/10/04 23:52:48 OK   00020_sp04_request_ledger.sql (4.15ms)
2026/10/04 23:52:48 OK   00021_sp04_archive_protection.sql (2.79ms)
2026/10/04 23:52:48 OK   00022_sp04_legal_hold_dependencies.sql (2.87ms)
2026/10/04 23:52:48 OK   00023_sp04_archive_query_intent.sql (2.98ms)
2026/10/04 23:52:48 OK   00024_sp05_finding_incident.sql (12.95ms)
2026/10/04 23:52:48 OK   00025_sp05_incident_event_time.sql (2.96ms)
2026/10/04 23:52:48 OK   00026_sp05_source_binding_lock.sql (3.14ms)
2026/10/04 23:52:48 OK   00027_sp05_rca_and_poll.sql (5.76ms)
2026/10/04 23:52:48 OK   00028_sp05_operator_lock.sql (3.39ms)
2026/10/04 23:52:48 OK   00029_sp05_evidence_links.sql (4.91ms)
2026/10/04 23:52:48 OK   00030_sp05_recipe_fence.sql (2.97ms)
2026/10/04 23:52:48 OK   00031_sp05_rca_postcheck.sql (2.28ms)
2026/10/04 23:52:48 OK   00032_sp05_transport_audit.sql (2.6ms)
2026/10/04 23:52:48 OK   00033_sp05_poll_resolution_clock.sql (2.52ms)
2026/10/04 23:52:48 OK   00034_sp06_investigation_ledger.sql (12.56ms)
2026/10/04 23:52:48 OK   00035_sp06_admission_data_classes.sql (2.58ms)
2026/10/04 23:52:48 goose: successfully migrated database to version: 35
--- FAIL: TestSP05FrozenNodeHardwareUpstreamVerticalAndReplay (1.67s)
    --- FAIL: TestSP05FrozenNodeHardwareUpstreamVerticalAndReplay/valid (0.52s)
        sp05_golden_vertical_test.go:108: OPENBAO_UNAVAILABLE: Get "https://127.0.0.1:32779/v1/sys/mounts": dial tcp 127.0.0.1:32779: connect: connection refused
    --- FAIL: TestSP05FrozenNodeHardwareUpstreamVerticalAndReplay/missing (0.38s)
        sp05_golden_vertical_test.go:108: OPENBAO_UNAVAILABLE: Get "https://127.0.0.1:32779/v1/sys/mounts": dial tcp 127.0.0.1:32779: connect: connection refused
    --- FAIL: TestSP05FrozenNodeHardwareUpstreamVerticalAndReplay/conflict (0.33s)
        sp05_golden_vertical_test.go:108: OPENBAO_UNAVAILABLE: Get "https://127.0.0.1:32779/v1/sys/mounts": dial tcp 127.0.0.1:32779: connect: connection refused
    --- FAIL: TestSP05FrozenNodeHardwareUpstreamVerticalAndReplay/degraded (0.44s)
        sp05_golden_vertical_test.go:108: OPENBAO_UNAVAILABLE: Get "https://127.0.0.1:32779/v1/sys/mounts": dial tcp 127.0.0.1:32779: connect: connection refused
2026/10/04 23:52:48 OK   00001_roles_and_schemas.sql (15.47ms)
2026/10/04 23:52:48 goose: successfully migrated database to version: 1
2026/10/04 23:52:48 OK   00002_platform_meta.sql (14.91ms)
2026/10/04 23:52:48 OK   00003_finding.sql (8.03ms)
2026/10/04 23:52:48 OK   00004_incident.sql (5.92ms)
2026/10/04 23:52:48 OK   00005_investigation.sql (5.31ms)
2026/10/04 23:52:48 OK   00006_action_command.sql (4.9ms)
2026/10/04 23:52:48 OK   00007_audit.sql (7.78ms)
2026/10/04 23:52:48 OK   00008_rls.sql (7.11ms)
2026/10/04 23:52:48 OK   00009_idempotency_ledger.sql (5.93ms)
2026/10/04 23:52:48 OK   00010_tenant_provisioning.sql (3.96ms)
2026/10/04 23:52:48 OK   00011_source_registration_history.sql (4.73ms)
2026/10/04 23:52:48 OK   00012_config_registry_lifecycle.sql (6.43ms)
2026/10/04 23:52:48 OK   00013_audit_signed_segments.sql (8.13ms)
2026/10/04 23:52:48 OK   00014_audit_segment_predecessors.sql (4.06ms)
2026/10/04 23:52:48 OK   00015_source_schema_scope.sql (2.33ms)
2026/10/04 23:52:48 OK   00016_cluster_registration_metadata.sql (3.05ms)
2026/10/04 23:52:48 OK   00017_source_data_scope.sql (2.65ms)
2026/10/04 23:52:48 OK   00018_sp04_resources_evidence.sql (8.98ms)
2026/10/04 23:52:48 OK   00019_sp04_archive_ciphertext_bytes.sql (2.24ms)
2026/10/04 23:52:48 OK   00020_sp04_request_ledger.sql (3.39ms)
2026/10/04 23:52:48 OK   00021_sp04_archive_protection.sql (2.49ms)
2026/10/04 23:52:48 OK   00022_sp04_legal_hold_dependencies.sql (2.18ms)
2026/10/04 23:52:48 OK   00023_sp04_archive_query_intent.sql (2.02ms)
2026/10/04 23:52:48 OK   00024_sp05_finding_incident.sql (10.86ms)
2026/10/04 23:52:48 OK   00025_sp05_incident_event_time.sql (2.26ms)
2026/10/04 23:52:48 OK   00026_sp05_source_binding_lock.sql (2.5ms)
2026/10/04 23:52:48 OK   00027_sp05_rca_and_poll.sql (5.02ms)
2026/10/04 23:52:48 OK   00028_sp05_operator_lock.sql (2.56ms)
2026/10/04 23:52:48 OK   00029_sp05_evidence_links.sql (3.96ms)
2026/10/04 23:52:48 OK   00030_sp05_recipe_fence.sql (2.39ms)
2026/10/04 23:52:48 OK   00031_sp05_rca_postcheck.sql (1.87ms)
2026/10/04 23:52:48 OK   00032_sp05_transport_audit.sql (2.04ms)
2026/10/04 23:52:48 OK   00033_sp05_poll_resolution_clock.sql (2.1ms)
2026/10/04 23:52:48 OK   00034_sp06_investigation_ledger.sql (12.63ms)
2026/10/04 23:52:48 OK   00035_sp06_admission_data_classes.sql (2.26ms)
2026/10/04 23:52:48 goose: successfully migrated database to version: 35
2026/10/04 23:52:48 OK   00001_roles_and_schemas.sql (6.42ms)
2026/10/04 23:52:48 goose: successfully migrated database to version: 1
2026/10/04 23:52:49 OK   00002_platform_meta.sql (14.89ms)
2026/10/04 23:52:49 OK   00003_finding.sql (5.07ms)
2026/10/04 23:52:49 OK   00004_incident.sql (3.27ms)
2026/10/04 23:52:49 OK   00005_investigation.sql (6.24ms)
2026/10/04 23:52:49 OK   00006_action_command.sql (3.47ms)
2026/10/04 23:52:49 OK   00007_audit.sql (6.2ms)
2026/10/04 23:52:49 OK   00008_rls.sql (6.02ms)
2026/10/04 23:52:49 OK   00009_idempotency_ledger.sql (4.37ms)
2026/10/04 23:52:49 OK   00010_tenant_provisioning.sql (2.83ms)
2026/10/04 23:52:49 OK   00011_source_registration_history.sql (4.02ms)
2026/10/04 23:52:49 OK   00012_config_registry_lifecycle.sql (6.18ms)
2026/10/04 23:52:49 OK   00013_audit_signed_segments.sql (7.56ms)
2026/10/04 23:52:49 OK   00014_audit_segment_predecessors.sql (3.06ms)
2026/10/04 23:52:49 OK   00015_source_schema_scope.sql (1.78ms)
2026/10/04 23:52:49 OK   00016_cluster_registration_metadata.sql (2.43ms)
2026/10/04 23:52:49 OK   00017_source_data_scope.sql (2.09ms)
2026/10/04 23:52:49 OK   00018_sp04_resources_evidence.sql (8.55ms)
2026/10/04 23:52:49 OK   00019_sp04_archive_ciphertext_bytes.sql (1.7ms)
2026/10/04 23:52:49 OK   00020_sp04_request_ledger.sql (2.62ms)
2026/10/04 23:52:49 OK   00021_sp04_archive_protection.sql (2.24ms)
2026/10/04 23:52:49 OK   00022_sp04_legal_hold_dependencies.sql (1.77ms)
2026/10/04 23:52:49 OK   00023_sp04_archive_query_intent.sql (1.66ms)
2026/10/04 23:52:49 OK   00024_sp05_finding_incident.sql (10.7ms)
2026/10/04 23:52:49 OK   00025_sp05_incident_event_time.sql (1.65ms)
2026/10/04 23:52:49 OK   00026_sp05_source_binding_lock.sql (1.9ms)
2026/10/04 23:52:49 OK   00027_sp05_rca_and_poll.sql (5.07ms)
2026/10/04 23:52:49 OK   00028_sp05_operator_lock.sql (3.14ms)
2026/10/04 23:52:49 OK   00029_sp05_evidence_links.sql (4.29ms)
2026/10/04 23:52:49 OK   00030_sp05_recipe_fence.sql (2.59ms)
2026/10/04 23:52:49 OK   00031_sp05_rca_postcheck.sql (1.57ms)
2026/10/04 23:52:49 OK   00032_sp05_transport_audit.sql (1.79ms)
2026/10/04 23:52:49 OK   00033_sp05_poll_resolution_clock.sql (2.08ms)
2026/10/04 23:52:49 OK   00034_sp06_investigation_ledger.sql (12.43ms)
2026/10/04 23:52:49 OK   00035_sp06_admission_data_classes.sql (1.79ms)
2026/10/04 23:52:49 goose: successfully migrated database to version: 35
2026/10/04 23:52:49 OK   00001_roles_and_schemas.sql (7.86ms)
2026/10/04 23:52:49 goose: successfully migrated database to version: 1
2026/10/04 23:52:49 OK   00002_platform_meta.sql (14.75ms)
2026/10/04 23:52:49 OK   00003_finding.sql (6.56ms)
2026/10/04 23:52:49 OK   00004_incident.sql (15.35ms)
2026/10/04 23:52:49 OK   00005_investigation.sql (8.36ms)
2026/10/04 23:52:49 OK   00006_action_command.sql (5.25ms)
2026/10/04 23:52:49 OK   00007_audit.sql (7.61ms)
2026/10/04 23:52:49 OK   00008_rls.sql (6.83ms)
2026/10/04 23:52:49 OK   00009_idempotency_ledger.sql (9.39ms)
2026/10/04 23:52:49 OK   00010_tenant_provisioning.sql (5.75ms)
2026/10/04 23:52:49 OK   00011_source_registration_history.sql (11.5ms)
2026/10/04 23:52:49 OK   00012_config_registry_lifecycle.sql (8.02ms)
2026/10/04 23:52:49 OK   00013_audit_signed_segments.sql (11.77ms)
2026/10/04 23:52:49 OK   00014_audit_segment_predecessors.sql (14.18ms)
2026/10/04 23:52:49 OK   00015_source_schema_scope.sql (5.1ms)
2026/10/04 23:52:49 OK   00016_cluster_registration_metadata.sql (3.12ms)
2026/10/04 23:52:49 OK   00017_source_data_scope.sql (3.56ms)
2026/10/04 23:52:49 OK   00018_sp04_resources_evidence.sql (25.43ms)
2026/10/04 23:52:49 OK   00019_sp04_archive_ciphertext_bytes.sql (3.45ms)
2026/10/04 23:52:49 OK   00020_sp04_request_ledger.sql (4.4ms)
2026/10/04 23:52:49 OK   00021_sp04_archive_protection.sql (3.15ms)
2026/10/04 23:52:49 OK   00022_sp04_legal_hold_dependencies.sql (2.96ms)
2026/10/04 23:52:49 OK   00023_sp04_archive_query_intent.sql (3.62ms)
2026/10/04 23:52:49 OK   00024_sp05_finding_incident.sql (12.09ms)
2026/10/04 23:52:49 OK   00025_sp05_incident_event_time.sql (3.32ms)
2026/10/04 23:52:49 OK   00026_sp05_source_binding_lock.sql (3.48ms)
2026/10/04 23:52:49 OK   00027_sp05_rca_and_poll.sql (5.63ms)
2026/10/04 23:52:49 OK   00028_sp05_operator_lock.sql (3.06ms)
2026/10/04 23:52:50 OK   00029_sp05_evidence_links.sql (4.56ms)
2026/10/04 23:52:50 OK   00030_sp05_recipe_fence.sql (2.75ms)
2026/10/04 23:52:50 OK   00031_sp05_rca_postcheck.sql (2.17ms)
2026/10/04 23:52:50 OK   00032_sp05_transport_audit.sql (2.28ms)
2026/10/04 23:52:50 OK   00033_sp05_poll_resolution_clock.sql (3.09ms)
2026/10/04 23:52:50 OK   00034_sp06_investigation_ledger.sql (13.1ms)
2026/10/04 23:52:50 OK   00035_sp06_admission_data_classes.sql (2.68ms)
2026/10/04 23:52:50 goose: successfully migrated database to version: 35
--- FAIL: TestSP05ActualOrbStackInspectionAPIWorkerArchiveAndRestart (0.94s)
    sp04_keycloak_fixture_test.go:22: request isolated Keycloak bootstrap token: Post "http://127.0.0.1:32781/realms/master/protocol/openid-connect/token": dial tcp 127.0.0.1:32781: connect: connection refused
2026/10/04 23:52:50 OK   00001_roles_and_schemas.sql (8.12ms)
2026/10/04 23:52:50 goose: successfully migrated database to version: 1
2026/10/04 23:52:50 OK   00002_platform_meta.sql (13.26ms)
2026/10/04 23:52:50 OK   00003_finding.sql (6.62ms)
2026/10/04 23:52:50 OK   00004_incident.sql (5.25ms)
2026/10/04 23:52:50 OK   00005_investigation.sql (7.63ms)
2026/10/04 23:52:50 OK   00006_action_command.sql (7.93ms)
2026/10/04 23:52:50 OK   00007_audit.sql (12.69ms)
2026/10/04 23:52:50 OK   00008_rls.sql (7.69ms)
2026/10/04 23:52:50 OK   00009_idempotency_ledger.sql (5.86ms)
2026/10/04 23:52:50 OK   00010_tenant_provisioning.sql (3.1ms)
2026/10/04 23:52:50 OK   00011_source_registration_history.sql (4.88ms)
2026/10/04 23:52:50 OK   00012_config_registry_lifecycle.sql (6.72ms)
2026/10/04 23:52:50 OK   00013_audit_signed_segments.sql (9.12ms)
2026/10/04 23:52:50 OK   00014_audit_segment_predecessors.sql (4.46ms)
2026/10/04 23:52:50 OK   00015_source_schema_scope.sql (3.69ms)
2026/10/04 23:52:50 OK   00016_cluster_registration_metadata.sql (4.17ms)
2026/10/04 23:52:50 OK   00017_source_data_scope.sql (4.2ms)
2026/10/04 23:52:50 OK   00018_sp04_resources_evidence.sql (10.56ms)
2026/10/04 23:52:50 OK   00019_sp04_archive_ciphertext_bytes.sql (3.6ms)
2026/10/04 23:52:50 OK   00020_sp04_request_ledger.sql (4.79ms)
2026/10/04 23:52:50 OK   00021_sp04_archive_protection.sql (3.5ms)
2026/10/04 23:52:50 OK   00022_sp04_legal_hold_dependencies.sql (3.51ms)
2026/10/04 23:52:50 OK   00023_sp04_archive_query_intent.sql (2.89ms)
2026/10/04 23:52:50 OK   00024_sp05_finding_incident.sql (12.39ms)
2026/10/04 23:52:50 OK   00025_sp05_incident_event_time.sql (3.17ms)
2026/10/04 23:52:50 OK   00026_sp05_source_binding_lock.sql (3.4ms)
2026/10/04 23:52:50 OK   00027_sp05_rca_and_poll.sql (6.03ms)
2026/10/04 23:52:50 OK   00028_sp05_operator_lock.sql (3.04ms)
2026/10/04 23:52:50 OK   00029_sp05_evidence_links.sql (4.61ms)
2026/10/04 23:52:50 OK   00030_sp05_recipe_fence.sql (3.03ms)
2026/10/04 23:52:50 OK   00031_sp05_rca_postcheck.sql (2.89ms)
2026/10/04 23:52:50 OK   00032_sp05_transport_audit.sql (2.76ms)
2026/10/04 23:52:50 OK   00033_sp05_poll_resolution_clock.sql (3.04ms)
2026/10/04 23:52:50 OK   00034_sp06_investigation_ledger.sql (14.03ms)
2026/10/04 23:52:50 OK   00035_sp06_admission_data_classes.sql (3.76ms)
2026/10/04 23:52:50 goose: successfully migrated database to version: 35
2026/10/04 23:52:51 OK   00001_roles_and_schemas.sql (14.11ms)
2026/10/04 23:52:51 goose: successfully migrated database to version: 1
2026/10/04 23:52:51 OK   00002_platform_meta.sql (23.38ms)
2026/10/04 23:52:51 OK   00003_finding.sql (41.84ms)
2026/10/04 23:52:51 OK   00004_incident.sql (6.15ms)
2026/10/04 23:52:51 OK   00005_investigation.sql (7.18ms)
2026/10/04 23:52:51 OK   00006_action_command.sql (29.94ms)
2026/10/04 23:52:51 OK   00007_audit.sql (8.89ms)
2026/10/04 23:52:51 OK   00008_rls.sql (7.41ms)
2026/10/04 23:52:51 OK   00009_idempotency_ledger.sql (8.27ms)
2026/10/04 23:52:51 OK   00010_tenant_provisioning.sql (5.07ms)
2026/10/04 23:52:51 OK   00011_source_registration_history.sql (6.5ms)
2026/10/04 23:52:51 OK   00012_config_registry_lifecycle.sql (8.02ms)
2026/10/04 23:52:51 OK   00013_audit_signed_segments.sql (9.47ms)
2026/10/04 23:52:51 OK   00014_audit_segment_predecessors.sql (4.66ms)
2026/10/04 23:52:51 OK   00015_source_schema_scope.sql (3.79ms)
2026/10/04 23:52:51 OK   00016_cluster_registration_metadata.sql (3.63ms)
2026/10/04 23:52:51 OK   00017_source_data_scope.sql (2.94ms)
2026/10/04 23:52:51 OK   00018_sp04_resources_evidence.sql (10.23ms)
2026/10/04 23:52:51 OK   00019_sp04_archive_ciphertext_bytes.sql (2.8ms)
2026/10/04 23:52:51 OK   00020_sp04_request_ledger.sql (3.54ms)
2026/10/04 23:52:51 OK   00021_sp04_archive_protection.sql (2.3ms)
2026/10/04 23:52:51 OK   00022_sp04_legal_hold_dependencies.sql (2.66ms)
2026/10/04 23:52:51 OK   00023_sp04_archive_query_intent.sql (2.68ms)
2026/10/04 23:52:51 OK   00024_sp05_finding_incident.sql (12.13ms)
2026/10/04 23:52:51 OK   00025_sp05_incident_event_time.sql (3.17ms)
2026/10/04 23:52:51 OK   00026_sp05_source_binding_lock.sql (3.8ms)
2026/10/04 23:52:51 OK   00027_sp05_rca_and_poll.sql (5.9ms)
2026/10/04 23:52:51 OK   00028_sp05_operator_lock.sql (3.26ms)
2026/10/04 23:52:51 OK   00029_sp05_evidence_links.sql (4.36ms)
2026/10/04 23:52:51 OK   00030_sp05_recipe_fence.sql (2.77ms)
2026/10/04 23:52:51 OK   00031_sp05_rca_postcheck.sql (2.76ms)
2026/10/04 23:52:51 OK   00032_sp05_transport_audit.sql (3.43ms)
2026/10/04 23:52:51 OK   00033_sp05_poll_resolution_clock.sql (2.81ms)
2026/10/04 23:52:51 OK   00034_sp06_investigation_ledger.sql (13.48ms)
2026/10/04 23:52:51 OK   00035_sp06_admission_data_classes.sql (3.28ms)
2026/10/04 23:52:51 goose: successfully migrated database to version: 35
--- FAIL: TestSP05ActualLinuxWorkerAuthorizedAnalyzerDurableChain (1.13s)
    sp05_native_worker_test.go:26: OPENBAO_UNAVAILABLE: Get "https://127.0.0.1:32779/v1/sys/mounts": dial tcp 127.0.0.1:32779: connect: connection refused
2026/10/04 23:52:52 OK   00001_roles_and_schemas.sql (7.8ms)
2026/10/04 23:52:52 goose: successfully migrated database to version: 1
2026/10/04 23:52:52 OK   00002_platform_meta.sql (14.02ms)
2026/10/04 23:52:52 OK   00003_finding.sql (7.37ms)
2026/10/04 23:52:52 OK   00004_incident.sql (5.03ms)
2026/10/04 23:52:52 OK   00005_investigation.sql (4.98ms)
2026/10/04 23:52:52 OK   00006_action_command.sql (5.46ms)
2026/10/04 23:52:52 OK   00007_audit.sql (7.63ms)
2026/10/04 23:52:52 OK   00008_rls.sql (6.74ms)
2026/10/04 23:52:52 OK   00009_idempotency_ledger.sql (5.49ms)
2026/10/04 23:52:52 OK   00010_tenant_provisioning.sql (3.05ms)
2026/10/04 23:52:52 OK   00011_source_registration_history.sql (4.76ms)
2026/10/04 23:52:52 OK   00012_config_registry_lifecycle.sql (7.11ms)
2026/10/04 23:52:52 OK   00013_audit_signed_segments.sql (27.4ms)
2026/10/04 23:52:52 OK   00014_audit_segment_predecessors.sql (4.24ms)
2026/10/04 23:52:52 OK   00015_source_schema_scope.sql (2.64ms)
2026/10/04 23:52:52 OK   00016_cluster_registration_metadata.sql (4.38ms)
2026/10/04 23:52:52 OK   00017_source_data_scope.sql (3.44ms)
2026/10/04 23:52:52 OK   00018_sp04_resources_evidence.sql (10.15ms)
2026/10/04 23:52:52 OK   00019_sp04_archive_ciphertext_bytes.sql (2.73ms)
2026/10/04 23:52:52 OK   00020_sp04_request_ledger.sql (3.5ms)
2026/10/04 23:52:52 OK   00021_sp04_archive_protection.sql (3.08ms)
2026/10/04 23:52:52 OK   00022_sp04_legal_hold_dependencies.sql (2.4ms)
2026/10/04 23:52:52 OK   00023_sp04_archive_query_intent.sql (2.36ms)
2026/10/04 23:52:52 OK   00024_sp05_finding_incident.sql (10.62ms)
2026/10/04 23:52:52 OK   00025_sp05_incident_event_time.sql (2.3ms)
2026/10/04 23:52:52 OK   00026_sp05_source_binding_lock.sql (2.41ms)
2026/10/04 23:52:52 OK   00027_sp05_rca_and_poll.sql (4.82ms)
2026/10/04 23:52:52 OK   00028_sp05_operator_lock.sql (2.44ms)
2026/10/04 23:52:52 OK   00029_sp05_evidence_links.sql (3.61ms)
2026/10/04 23:52:52 OK   00030_sp05_recipe_fence.sql (2.3ms)
2026/10/04 23:52:52 OK   00031_sp05_rca_postcheck.sql (2.42ms)
2026/10/04 23:52:52 OK   00032_sp05_transport_audit.sql (2.36ms)
2026/10/04 23:52:52 OK   00033_sp05_poll_resolution_clock.sql (2.49ms)
2026/10/04 23:52:52 OK   00034_sp06_investigation_ledger.sql (11.96ms)
2026/10/04 23:52:52 OK   00035_sp06_admission_data_classes.sql (2.29ms)
2026/10/04 23:52:52 goose: successfully migrated database to version: 35
--- FAIL: TestSP05OfficialObservationsActualOrbStackAndControlledProbeFailure (0.82s)
    sp05_official_observations_test.go:57: OPENBAO_UNAVAILABLE: Get "https://127.0.0.1:32779/v1/sys/mounts": dial tcp 127.0.0.1:32779: connect: connection refused
2026/10/04 23:52:52 OK   00001_roles_and_schemas.sql (7.06ms)
2026/10/04 23:52:52 goose: successfully migrated database to version: 1
2026/10/04 23:52:52 OK   00002_platform_meta.sql (13.95ms)
2026/10/04 23:52:52 OK   00003_finding.sql (6.02ms)
2026/10/04 23:52:52 OK   00004_incident.sql (4.86ms)
2026/10/04 23:52:52 OK   00005_investigation.sql (4.93ms)
2026/10/04 23:52:52 OK   00006_action_command.sql (5.15ms)
2026/10/04 23:52:52 OK   00007_audit.sql (7.06ms)
2026/10/04 23:52:52 OK   00008_rls.sql (7.4ms)
2026/10/04 23:52:52 OK   00009_idempotency_ledger.sql (4.8ms)
2026/10/04 23:52:52 OK   00010_tenant_provisioning.sql (3.67ms)
2026/10/04 23:52:52 OK   00011_source_registration_history.sql (4.82ms)
2026/10/04 23:52:52 OK   00012_config_registry_lifecycle.sql (7.21ms)
2026/10/04 23:52:52 OK   00013_audit_signed_segments.sql (8.73ms)
2026/10/04 23:52:52 OK   00014_audit_segment_predecessors.sql (4.68ms)
2026/10/04 23:52:52 OK   00015_source_schema_scope.sql (2.56ms)
2026/10/04 23:52:52 OK   00016_cluster_registration_metadata.sql (3.47ms)
2026/10/04 23:52:52 OK   00017_source_data_scope.sql (3.3ms)
2026/10/04 23:52:52 OK   00018_sp04_resources_evidence.sql (9.89ms)
2026/10/04 23:52:52 OK   00019_sp04_archive_ciphertext_bytes.sql (2.24ms)
2026/10/04 23:52:52 OK   00020_sp04_request_ledger.sql (4.24ms)
2026/10/04 23:52:52 OK   00021_sp04_archive_protection.sql (3.07ms)
2026/10/04 23:52:52 OK   00022_sp04_legal_hold_dependencies.sql (2.3ms)
2026/10/04 23:52:52 OK   00023_sp04_archive_query_intent.sql (2.54ms)
2026/10/04 23:52:52 OK   00024_sp05_finding_incident.sql (11.68ms)
2026/10/04 23:52:52 OK   00025_sp05_incident_event_time.sql (3.08ms)
2026/10/04 23:52:52 OK   00026_sp05_source_binding_lock.sql (3.12ms)
2026/10/04 23:52:52 OK   00027_sp05_rca_and_poll.sql (4.87ms)
2026/10/04 23:52:52 OK   00028_sp05_operator_lock.sql (3.37ms)
2026/10/04 23:52:52 OK   00029_sp05_evidence_links.sql (12.88ms)
2026/10/04 23:52:52 OK   00030_sp05_recipe_fence.sql (10.95ms)
2026/10/04 23:52:52 OK   00031_sp05_rca_postcheck.sql (2.4ms)
2026/10/04 23:52:52 OK   00032_sp05_transport_audit.sql (2.63ms)
2026/10/04 23:52:52 OK   00033_sp05_poll_resolution_clock.sql (2.99ms)
2026/10/04 23:52:52 OK   00034_sp06_investigation_ledger.sql (14.55ms)
2026/10/04 23:52:52 OK   00035_sp06_admission_data_classes.sql (3.16ms)
2026/10/04 23:52:52 goose: successfully migrated database to version: 35
2026/10/04 23:52:53 OK   00001_roles_and_schemas.sql (7.79ms)
2026/10/04 23:52:53 goose: successfully migrated database to version: 1
2026/10/04 23:52:53 OK   00002_platform_meta.sql (36ms)
2026/10/04 23:52:53 OK   00003_finding.sql (10.97ms)
2026/10/04 23:52:53 OK   00004_incident.sql (14.23ms)
2026/10/04 23:52:53 OK   00005_investigation.sql (6.55ms)
2026/10/04 23:52:53 OK   00006_action_command.sql (5.71ms)
2026/10/04 23:52:53 OK   00007_audit.sql (8.22ms)
2026/10/04 23:52:53 OK   00008_rls.sql (10.4ms)
2026/10/04 23:52:53 OK   00009_idempotency_ledger.sql (6.7ms)
2026/10/04 23:52:53 OK   00010_tenant_provisioning.sql (3.35ms)
2026/10/04 23:52:53 OK   00011_source_registration_history.sql (5.35ms)
2026/10/04 23:52:53 OK   00012_config_registry_lifecycle.sql (9.31ms)
2026/10/04 23:52:53 OK   00013_audit_signed_segments.sql (8.36ms)
2026/10/04 23:52:53 OK   00014_audit_segment_predecessors.sql (5.09ms)
2026/10/04 23:52:53 OK   00015_source_schema_scope.sql (2.88ms)
2026/10/04 23:52:53 OK   00016_cluster_registration_metadata.sql (6.48ms)
2026/10/04 23:52:53 OK   00017_source_data_scope.sql (10.82ms)
2026/10/04 23:52:53 OK   00018_sp04_resources_evidence.sql (13.82ms)
2026/10/04 23:52:53 OK   00019_sp04_archive_ciphertext_bytes.sql (2.83ms)
2026/10/04 23:52:53 OK   00020_sp04_request_ledger.sql (4.16ms)
2026/10/04 23:52:53 OK   00021_sp04_archive_protection.sql (3.14ms)
2026/10/04 23:52:53 OK   00022_sp04_legal_hold_dependencies.sql (2.79ms)
2026/10/04 23:52:53 OK   00023_sp04_archive_query_intent.sql (2.76ms)
2026/10/04 23:52:53 OK   00024_sp05_finding_incident.sql (11.35ms)
2026/10/04 23:52:53 OK   00025_sp05_incident_event_time.sql (2.21ms)
2026/10/04 23:52:53 OK   00026_sp05_source_binding_lock.sql (2.84ms)
2026/10/04 23:52:53 OK   00027_sp05_rca_and_poll.sql (5.31ms)
2026/10/04 23:52:53 OK   00028_sp05_operator_lock.sql (2.9ms)
2026/10/04 23:52:53 OK   00029_sp05_evidence_links.sql (4.6ms)
2026/10/04 23:52:53 OK   00030_sp05_recipe_fence.sql (2.98ms)
2026/10/04 23:52:53 OK   00031_sp05_rca_postcheck.sql (2.18ms)
2026/10/04 23:52:53 OK   00032_sp05_transport_audit.sql (2.53ms)
2026/10/04 23:52:53 OK   00033_sp05_poll_resolution_clock.sql (2.84ms)
2026/10/04 23:52:53 OK   00034_sp06_investigation_ledger.sql (13.05ms)
2026/10/04 23:52:53 OK   00035_sp06_admission_data_classes.sql (2.7ms)
2026/10/04 23:52:53 goose: successfully migrated database to version: 35
2026/10/04 23:52:53 OK   00001_roles_and_schemas.sql (6.28ms)
2026/10/04 23:52:53 goose: successfully migrated database to version: 1
2026/10/04 23:52:53 OK   00002_platform_meta.sql (23.67ms)
2026/10/04 23:52:53 OK   00003_finding.sql (6.11ms)
2026/10/04 23:52:53 OK   00004_incident.sql (3.84ms)
2026/10/04 23:52:53 OK   00005_investigation.sql (4.48ms)
2026/10/04 23:52:53 OK   00006_action_command.sql (3.96ms)
2026/10/04 23:52:53 OK   00007_audit.sql (7.2ms)
2026/10/04 23:52:53 OK   00008_rls.sql (6.41ms)
2026/10/04 23:52:53 OK   00009_idempotency_ledger.sql (5.26ms)
2026/10/04 23:52:53 OK   00010_tenant_provisioning.sql (3.17ms)
2026/10/04 23:52:53 OK   00011_source_registration_history.sql (4.64ms)
2026/10/04 23:52:53 OK   00012_config_registry_lifecycle.sql (6.48ms)
2026/10/04 23:52:53 OK   00013_audit_signed_segments.sql (8.41ms)
2026/10/04 23:52:53 OK   00014_audit_segment_predecessors.sql (3.99ms)
2026/10/04 23:52:53 OK   00015_source_schema_scope.sql (2.43ms)
2026/10/04 23:52:53 OK   00016_cluster_registration_metadata.sql (3.04ms)
2026/10/04 23:52:53 OK   00017_source_data_scope.sql (2.52ms)
2026/10/04 23:52:53 OK   00018_sp04_resources_evidence.sql (8.71ms)
2026/10/04 23:52:53 OK   00019_sp04_archive_ciphertext_bytes.sql (2.17ms)
2026/10/04 23:52:53 OK   00020_sp04_request_ledger.sql (3.01ms)
2026/10/04 23:52:53 OK   00021_sp04_archive_protection.sql (2.23ms)
2026/10/04 23:52:53 OK   00022_sp04_legal_hold_dependencies.sql (1.99ms)
2026/10/04 23:52:53 OK   00023_sp04_archive_query_intent.sql (2.03ms)
2026/10/04 23:52:53 OK   00024_sp05_finding_incident.sql (10.75ms)
2026/10/04 23:52:53 OK   00025_sp05_incident_event_time.sql (2.14ms)
2026/10/04 23:52:53 OK   00026_sp05_source_binding_lock.sql (2.26ms)
2026/10/04 23:52:53 OK   00027_sp05_rca_and_poll.sql (5.03ms)
2026/10/04 23:52:53 OK   00028_sp05_operator_lock.sql (2.36ms)
2026/10/04 23:52:53 OK   00029_sp05_evidence_links.sql (3.7ms)
2026/10/04 23:52:53 OK   00030_sp05_recipe_fence.sql (2.44ms)
2026/10/04 23:52:53 OK   00031_sp05_rca_postcheck.sql (1.53ms)
2026/10/04 23:52:53 OK   00032_sp05_transport_audit.sql (1.61ms)
2026/10/04 23:52:53 OK   00033_sp05_poll_resolution_clock.sql (1.94ms)
2026/10/04 23:52:53 OK   00034_sp06_investigation_ledger.sql (11.15ms)
2026/10/04 23:52:53 OK   00035_sp06_admission_data_classes.sql (1.71ms)
2026/10/04 23:52:53 goose: successfully migrated database to version: 35
2026/10/04 23:52:53 OK   00001_roles_and_schemas.sql (5.23ms)
2026/10/04 23:52:53 goose: successfully migrated database to version: 1
2026/10/04 23:52:53 OK   00002_platform_meta.sql (11.45ms)
2026/10/04 23:52:53 OK   00003_finding.sql (4.68ms)
2026/10/04 23:52:53 OK   00004_incident.sql (2.87ms)
2026/10/04 23:52:53 OK   00005_investigation.sql (3.44ms)
2026/10/04 23:52:53 OK   00006_action_command.sql (3.11ms)
2026/10/04 23:52:53 OK   00007_audit.sql (5.33ms)
2026/10/04 23:52:53 OK   00008_rls.sql (4.88ms)
2026/10/04 23:52:53 OK   00009_idempotency_ledger.sql (4.39ms)
2026/10/04 23:52:53 OK   00010_tenant_provisioning.sql (2.28ms)
2026/10/04 23:52:53 OK   00011_source_registration_history.sql (3.98ms)
2026/10/04 23:52:53 OK   00012_config_registry_lifecycle.sql (6.42ms)
2026/10/04 23:52:53 OK   00013_audit_signed_segments.sql (16.66ms)
2026/10/04 23:52:53 OK   00014_audit_segment_predecessors.sql (10.52ms)
2026/10/04 23:52:53 OK   00015_source_schema_scope.sql (2.4ms)
2026/10/04 23:52:53 OK   00016_cluster_registration_metadata.sql (3.35ms)
2026/10/04 23:52:53 OK   00017_source_data_scope.sql (2.8ms)
2026/10/04 23:52:53 OK   00018_sp04_resources_evidence.sql (9.52ms)
2026/10/04 23:52:53 OK   00019_sp04_archive_ciphertext_bytes.sql (2.61ms)
2026/10/04 23:52:53 OK   00020_sp04_request_ledger.sql (3.73ms)
2026/10/04 23:52:53 OK   00021_sp04_archive_protection.sql (2.44ms)
2026/10/04 23:52:53 OK   00022_sp04_legal_hold_dependencies.sql (2.14ms)
2026/10/04 23:52:53 OK   00023_sp04_archive_query_intent.sql (2.34ms)
2026/10/04 23:52:53 OK   00024_sp05_finding_incident.sql (11.12ms)
2026/10/04 23:52:53 OK   00025_sp05_incident_event_time.sql (2.23ms)
2026/10/04 23:52:53 OK   00026_sp05_source_binding_lock.sql (2.32ms)
2026/10/04 23:52:53 OK   00027_sp05_rca_and_poll.sql (5.83ms)
2026/10/04 23:52:53 OK   00028_sp05_operator_lock.sql (2.38ms)
2026/10/04 23:52:53 OK   00029_sp05_evidence_links.sql (3.91ms)
2026/10/04 23:52:53 OK   00030_sp05_recipe_fence.sql (2.25ms)
2026/10/04 23:52:53 OK   00031_sp05_rca_postcheck.sql (1.53ms)
2026/10/04 23:52:53 OK   00032_sp05_transport_audit.sql (1.7ms)
2026/10/04 23:52:53 OK   00033_sp05_poll_resolution_clock.sql (1.95ms)
2026/10/04 23:52:53 OK   00034_sp06_investigation_ledger.sql (18.24ms)
2026/10/04 23:52:53 OK   00035_sp06_admission_data_classes.sql (4.3ms)
2026/10/04 23:52:53 goose: successfully migrated database to version: 35
2026/10/04 23:52:54 OK   00001_roles_and_schemas.sql (52.68ms)
2026/10/04 23:52:54 goose: successfully migrated database to version: 1
2026/10/04 23:52:54 OK   00002_platform_meta.sql (20.27ms)
2026/10/04 23:52:54 OK   00003_finding.sql (23.01ms)
2026/10/04 23:52:54 OK   00004_incident.sql (22.63ms)
2026/10/04 23:52:54 OK   00005_investigation.sql (8.92ms)
2026/10/04 23:52:54 OK   00006_action_command.sql (5.41ms)
2026/10/04 23:52:54 OK   00007_audit.sql (6.87ms)
2026/10/04 23:52:54 OK   00008_rls.sql (6.33ms)
2026/10/04 23:52:54 OK   00009_idempotency_ledger.sql (6.24ms)
2026/10/04 23:52:54 OK   00010_tenant_provisioning.sql (3.41ms)
2026/10/04 23:52:54 OK   00011_source_registration_history.sql (4.72ms)
2026/10/04 23:52:54 OK   00012_config_registry_lifecycle.sql (7.06ms)
2026/10/04 23:52:54 OK   00013_audit_signed_segments.sql (7.5ms)
2026/10/04 23:52:54 OK   00014_audit_segment_predecessors.sql (3.85ms)
2026/10/04 23:52:54 OK   00015_source_schema_scope.sql (2.43ms)
2026/10/04 23:52:54 OK   00016_cluster_registration_metadata.sql (3.06ms)
2026/10/04 23:52:54 OK   00017_source_data_scope.sql (3.04ms)
2026/10/04 23:52:54 OK   00018_sp04_resources_evidence.sql (9.08ms)
2026/10/04 23:52:54 OK   00019_sp04_archive_ciphertext_bytes.sql (2.28ms)
2026/10/04 23:52:54 OK   00020_sp04_request_ledger.sql (2.93ms)
2026/10/04 23:52:54 OK   00021_sp04_archive_protection.sql (2.24ms)
2026/10/04 23:52:54 OK   00022_sp04_legal_hold_dependencies.sql (2.15ms)
2026/10/04 23:52:54 OK   00023_sp04_archive_query_intent.sql (1.87ms)
2026/10/04 23:52:54 OK   00024_sp05_finding_incident.sql (12.29ms)
2026/10/04 23:52:54 OK   00025_sp05_incident_event_time.sql (5.1ms)
2026/10/04 23:52:54 OK   00026_sp05_source_binding_lock.sql (3.52ms)
2026/10/04 23:52:54 OK   00027_sp05_rca_and_poll.sql (6.95ms)
2026/10/04 23:52:54 OK   00028_sp05_operator_lock.sql (22.16ms)
2026/10/04 23:52:54 OK   00029_sp05_evidence_links.sql (18.79ms)
2026/10/04 23:52:54 OK   00030_sp05_recipe_fence.sql (17.6ms)
2026/10/04 23:52:54 OK   00031_sp05_rca_postcheck.sql (13.07ms)
2026/10/04 23:52:54 OK   00032_sp05_transport_audit.sql (16.62ms)
2026/10/04 23:52:54 OK   00033_sp05_poll_resolution_clock.sql (5.02ms)
2026/10/04 23:52:54 OK   00034_sp06_investigation_ledger.sql (26.34ms)
2026/10/04 23:52:54 OK   00035_sp06_admission_data_classes.sql (4.45ms)
2026/10/04 23:52:54 goose: successfully migrated database to version: 35
2026/10/04 23:52:54 OK   00001_roles_and_schemas.sql (8.88ms)
2026/10/04 23:52:54 goose: successfully migrated database to version: 1
2026/10/04 23:52:54 OK   00002_platform_meta.sql (28.38ms)
2026/10/04 23:52:54 OK   00003_finding.sql (17.34ms)
2026/10/04 23:52:54 OK   00004_incident.sql (44.41ms)
2026/10/04 23:52:54 OK   00005_investigation.sql (20.42ms)
2026/10/04 23:52:54 OK   00006_action_command.sql (26.87ms)
2026/10/04 23:52:54 OK   00007_audit.sql (11.83ms)
2026/10/04 23:52:54 OK   00008_rls.sql (12.05ms)
2026/10/04 23:52:54 OK   00009_idempotency_ledger.sql (10ms)
2026/10/04 23:52:54 OK   00010_tenant_provisioning.sql (8.68ms)
2026/10/04 23:52:54 OK   00011_source_registration_history.sql (18.13ms)
2026/10/04 23:52:54 OK   00012_config_registry_lifecycle.sql (15.6ms)
2026/10/04 23:52:55 OK   00013_audit_signed_segments.sql (24.54ms)
2026/10/04 23:52:55 OK   00014_audit_segment_predecessors.sql (15.64ms)
2026/10/04 23:52:55 OK   00015_source_schema_scope.sql (4.13ms)
2026/10/04 23:52:55 OK   00016_cluster_registration_metadata.sql (4.05ms)
2026/10/04 23:52:55 OK   00017_source_data_scope.sql (3.61ms)
2026/10/04 23:52:55 OK   00018_sp04_resources_evidence.sql (11.28ms)
2026/10/04 23:52:55 OK   00019_sp04_archive_ciphertext_bytes.sql (3.66ms)
2026/10/04 23:52:55 OK   00020_sp04_request_ledger.sql (8.19ms)
2026/10/04 23:52:55 OK   00021_sp04_archive_protection.sql (8.63ms)
2026/10/04 23:52:55 OK   00022_sp04_legal_hold_dependencies.sql (3.26ms)
2026/10/04 23:52:55 OK   00023_sp04_archive_query_intent.sql (3.19ms)
2026/10/04 23:52:55 OK   00024_sp05_finding_incident.sql (18.36ms)
2026/10/04 23:52:55 OK   00025_sp05_incident_event_time.sql (4.65ms)
2026/10/04 23:52:55 OK   00026_sp05_source_binding_lock.sql (5.79ms)
2026/10/04 23:52:55 OK   00027_sp05_rca_and_poll.sql (16.38ms)
2026/10/04 23:52:55 OK   00028_sp05_operator_lock.sql (4.85ms)
2026/10/04 23:52:55 OK   00029_sp05_evidence_links.sql (7.59ms)
2026/10/04 23:52:55 OK   00030_sp05_recipe_fence.sql (7.21ms)
2026/10/04 23:52:55 OK   00031_sp05_rca_postcheck.sql (7.93ms)
2026/10/04 23:52:55 OK   00032_sp05_transport_audit.sql (4.47ms)
2026/10/04 23:52:55 OK   00033_sp05_poll_resolution_clock.sql (4.39ms)
2026/10/04 23:52:55 OK   00034_sp06_investigation_ledger.sql (15.67ms)
2026/10/04 23:52:55 OK   00035_sp06_admission_data_classes.sql (4.36ms)
2026/10/04 23:52:55 goose: successfully migrated database to version: 35
2026/10/04 23:52:55 OK   00001_roles_and_schemas.sql (16.18ms)
2026/10/04 23:52:55 goose: successfully migrated database to version: 1
2026/10/04 23:52:55 OK   00002_platform_meta.sql (33.82ms)
2026/10/04 23:52:55 OK   00003_finding.sql (7.68ms)
2026/10/04 23:52:55 OK   00004_incident.sql (4.76ms)
2026/10/04 23:52:55 OK   00005_investigation.sql (20.87ms)
2026/10/04 23:52:55 OK   00006_action_command.sql (15.86ms)
2026/10/04 23:52:55 OK   00007_audit.sql (31.17ms)
2026/10/04 23:52:55 OK   00008_rls.sql (9.13ms)
2026/10/04 23:52:55 OK   00009_idempotency_ledger.sql (13.36ms)
2026/10/04 23:52:55 OK   00010_tenant_provisioning.sql (15.65ms)
2026/10/04 23:52:55 OK   00011_source_registration_history.sql (6.85ms)
2026/10/04 23:52:55 OK   00012_config_registry_lifecycle.sql (7.92ms)
2026/10/04 23:52:55 OK   00013_audit_signed_segments.sql (24.76ms)
2026/10/04 23:52:55 OK   00014_audit_segment_predecessors.sql (6.65ms)
2026/10/04 23:52:55 OK   00015_source_schema_scope.sql (4.91ms)
2026/10/04 23:52:55 OK   00016_cluster_registration_metadata.sql (10.34ms)
2026/10/04 23:52:55 OK   00017_source_data_scope.sql (6.02ms)
2026/10/04 23:52:55 OK   00018_sp04_resources_evidence.sql (12.63ms)
2026/10/04 23:52:55 OK   00019_sp04_archive_ciphertext_bytes.sql (2.27ms)
2026/10/04 23:52:55 OK   00020_sp04_request_ledger.sql (8.32ms)
2026/10/04 23:52:55 OK   00021_sp04_archive_protection.sql (3.18ms)
2026/10/04 23:52:55 OK   00022_sp04_legal_hold_dependencies.sql (3.55ms)
2026/10/04 23:52:55 OK   00023_sp04_archive_query_intent.sql (5.38ms)
2026/10/04 23:52:55 OK   00024_sp05_finding_incident.sql (33.85ms)
2026/10/04 23:52:55 OK   00025_sp05_incident_event_time.sql (5.47ms)
2026/10/04 23:52:55 OK   00026_sp05_source_binding_lock.sql (5.34ms)
2026/10/04 23:52:55 OK   00027_sp05_rca_and_poll.sql (10.8ms)
2026/10/04 23:52:55 OK   00028_sp05_operator_lock.sql (10.22ms)
2026/10/04 23:52:55 OK   00029_sp05_evidence_links.sql (8.15ms)
2026/10/04 23:52:55 OK   00030_sp05_recipe_fence.sql (3.25ms)
2026/10/04 23:52:55 OK   00031_sp05_rca_postcheck.sql (6ms)
2026/10/04 23:52:55 OK   00032_sp05_transport_audit.sql (11.09ms)
2026/10/04 23:52:55 OK   00033_sp05_poll_resolution_clock.sql (5.53ms)
2026/10/04 23:52:55 OK   00034_sp06_investigation_ledger.sql (31.1ms)
2026/10/04 23:52:55 OK   00035_sp06_admission_data_classes.sql (11.96ms)
2026/10/04 23:52:55 goose: successfully migrated database to version: 35
2026/10/04 23:53:27 OK   00001_roles_and_schemas.sql (7ms)
2026/10/04 23:53:27 goose: successfully migrated database to version: 1
2026/10/04 23:53:27 OK   00002_platform_meta.sql (13.48ms)
2026/10/04 23:53:27 OK   00003_finding.sql (5.47ms)
2026/10/04 23:53:27 OK   00004_incident.sql (3.82ms)
2026/10/04 23:53:27 OK   00005_investigation.sql (4.46ms)
2026/10/04 23:53:27 OK   00006_action_command.sql (19.25ms)
2026/10/04 23:53:27 OK   00007_audit.sql (14.87ms)
2026/10/04 23:53:27 OK   00008_rls.sql (13.5ms)
2026/10/04 23:53:27 OK   00009_idempotency_ledger.sql (10.33ms)
2026/10/04 23:53:27 OK   00010_tenant_provisioning.sql (11.48ms)
2026/10/04 23:53:27 OK   00011_source_registration_history.sql (9.62ms)
2026/10/04 23:53:27 OK   00012_config_registry_lifecycle.sql (8.24ms)
2026/10/04 23:53:27 OK   00013_audit_signed_segments.sql (8.98ms)
2026/10/04 23:53:27 OK   00014_audit_segment_predecessors.sql (4.22ms)
2026/10/04 23:53:27 OK   00015_source_schema_scope.sql (2.47ms)
2026/10/04 23:53:27 OK   00016_cluster_registration_metadata.sql (3.09ms)
2026/10/04 23:53:27 OK   00017_source_data_scope.sql (3.87ms)
2026/10/04 23:53:27 OK   00018_sp04_resources_evidence.sql (23.33ms)
2026/10/04 23:53:27 OK   00019_sp04_archive_ciphertext_bytes.sql (4.16ms)
2026/10/04 23:53:27 OK   00020_sp04_request_ledger.sql (4.69ms)
2026/10/04 23:53:27 OK   00021_sp04_archive_protection.sql (3.24ms)
2026/10/04 23:53:27 OK   00022_sp04_legal_hold_dependencies.sql (2.29ms)
2026/10/04 23:53:27 OK   00023_sp04_archive_query_intent.sql (3.35ms)
2026/10/04 23:53:27 OK   00024_sp05_finding_incident.sql (13.43ms)
2026/10/04 23:53:27 OK   00025_sp05_incident_event_time.sql (2.9ms)
2026/10/04 23:53:27 OK   00026_sp05_source_binding_lock.sql (3.19ms)
2026/10/04 23:53:27 OK   00027_sp05_rca_and_poll.sql (6.51ms)
2026/10/04 23:53:27 OK   00028_sp05_operator_lock.sql (4.15ms)
2026/10/04 23:53:27 OK   00029_sp05_evidence_links.sql (5.21ms)
2026/10/04 23:53:27 OK   00030_sp05_recipe_fence.sql (4.44ms)
2026/10/04 23:53:27 OK   00031_sp05_rca_postcheck.sql (4.92ms)
2026/10/04 23:53:27 OK   00032_sp05_transport_audit.sql (3.01ms)
2026/10/04 23:53:27 OK   00033_sp05_poll_resolution_clock.sql (3.66ms)
2026/10/04 23:53:27 OK   00034_sp06_investigation_ledger.sql (18.07ms)
2026/10/04 23:53:27 OK   00035_sp06_admission_data_classes.sql (3.01ms)
2026/10/04 23:53:27 goose: successfully migrated database to version: 35
2026/10/04 23:53:27 OK   00001_roles_and_schemas.sql (18.47ms)
2026/10/04 23:53:27 goose: successfully migrated database to version: 1
2026/10/04 23:53:27 OK   00002_platform_meta.sql (36.67ms)
2026/10/04 23:53:27 OK   00003_finding.sql (8.27ms)
2026/10/04 23:53:27 OK   00004_incident.sql (7.2ms)
2026/10/04 23:53:27 OK   00005_investigation.sql (15.84ms)
2026/10/04 23:53:27 OK   00006_action_command.sql (9.33ms)
2026/10/04 23:53:27 OK   00007_audit.sql (24.64ms)
2026/10/04 23:53:27 OK   00008_rls.sql (23.01ms)
2026/10/04 23:53:27 OK   00009_idempotency_ledger.sql (11.92ms)
2026/10/04 23:53:27 OK   00010_tenant_provisioning.sql (13.65ms)
2026/10/04 23:53:27 OK   00011_source_registration_history.sql (7.04ms)
2026/10/04 23:53:27 OK   00012_config_registry_lifecycle.sql (8.99ms)
2026/10/04 23:53:27 OK   00013_audit_signed_segments.sql (9.94ms)
2026/10/04 23:53:27 OK   00014_audit_segment_predecessors.sql (4.87ms)
2026/10/04 23:53:27 OK   00015_source_schema_scope.sql (2.49ms)
2026/10/04 23:53:27 OK   00016_cluster_registration_metadata.sql (3.8ms)
2026/10/04 23:53:27 OK   00017_source_data_scope.sql (3.28ms)
2026/10/04 23:53:27 OK   00018_sp04_resources_evidence.sql (10.84ms)
2026/10/04 23:53:27 OK   00019_sp04_archive_ciphertext_bytes.sql (3.25ms)
2026/10/04 23:53:27 OK   00020_sp04_request_ledger.sql (4.64ms)
2026/10/04 23:53:27 OK   00021_sp04_archive_protection.sql (3.06ms)
2026/10/04 23:53:27 OK   00022_sp04_legal_hold_dependencies.sql (2.73ms)
2026/10/04 23:53:27 OK   00023_sp04_archive_query_intent.sql (2.49ms)
2026/10/04 23:53:27 OK   00024_sp05_finding_incident.sql (11.88ms)
2026/10/04 23:53:27 OK   00025_sp05_incident_event_time.sql (2.79ms)
2026/10/04 23:53:27 OK   00026_sp05_source_binding_lock.sql (3.92ms)
2026/10/04 23:53:27 OK   00027_sp05_rca_and_poll.sql (5.73ms)
2026/10/04 23:53:27 OK   00028_sp05_operator_lock.sql (2.48ms)
2026/10/04 23:53:27 OK   00029_sp05_evidence_links.sql (4.37ms)
2026/10/04 23:53:27 OK   00030_sp05_recipe_fence.sql (2.52ms)
2026/10/04 23:53:27 OK   00031_sp05_rca_postcheck.sql (2.12ms)
2026/10/04 23:53:27 OK   00032_sp05_transport_audit.sql (2.54ms)
2026/10/04 23:53:27 OK   00033_sp05_poll_resolution_clock.sql (2.52ms)
2026/10/04 23:53:27 OK   00034_sp06_investigation_ledger.sql (23.79ms)
2026/10/04 23:53:27 OK   00035_sp06_admission_data_classes.sql (3.79ms)
2026/10/04 23:53:27 goose: successfully migrated database to version: 35
2026/10/04 23:53:28 OK   00001_roles_and_schemas.sql (10.86ms)
2026/10/04 23:53:28 goose: successfully migrated database to version: 1
2026/10/04 23:53:28 OK   00002_platform_meta.sql (15.01ms)
2026/10/04 23:53:28 OK   00003_finding.sql (7.44ms)
2026/10/04 23:53:28 OK   00004_incident.sql (3.61ms)
2026/10/04 23:53:28 OK   00005_investigation.sql (4.02ms)
2026/10/04 23:53:28 OK   00006_action_command.sql (3.65ms)
2026/10/04 23:53:28 OK   00007_audit.sql (6.35ms)
2026/10/04 23:53:28 OK   00008_rls.sql (5.98ms)
2026/10/04 23:53:28 OK   00009_idempotency_ledger.sql (4.91ms)
2026/10/04 23:53:28 OK   00010_tenant_provisioning.sql (3.21ms)
2026/10/04 23:53:28 OK   00011_source_registration_history.sql (4.36ms)
2026/10/04 23:53:28 OK   00012_config_registry_lifecycle.sql (6.03ms)
2026/10/04 23:53:28 OK   00013_audit_signed_segments.sql (7.45ms)
2026/10/04 23:53:28 OK   00014_audit_segment_predecessors.sql (3.38ms)
2026/10/04 23:53:28 OK   00015_source_schema_scope.sql (1.76ms)
2026/10/04 23:53:28 OK   00016_cluster_registration_metadata.sql (2.37ms)
2026/10/04 23:53:28 OK   00017_source_data_scope.sql (1.92ms)
2026/10/04 23:53:28 OK   00018_sp04_resources_evidence.sql (8.91ms)
2026/10/04 23:53:28 OK   00019_sp04_archive_ciphertext_bytes.sql (2.08ms)
2026/10/04 23:53:28 OK   00020_sp04_request_ledger.sql (3ms)
2026/10/04 23:53:28 OK   00021_sp04_archive_protection.sql (2.08ms)
2026/10/04 23:53:28 OK   00022_sp04_legal_hold_dependencies.sql (1.7ms)
2026/10/04 23:53:28 OK   00023_sp04_archive_query_intent.sql (1.69ms)
2026/10/04 23:53:28 OK   00024_sp05_finding_incident.sql (10.71ms)
2026/10/04 23:53:28 OK   00025_sp05_incident_event_time.sql (1.68ms)
2026/10/04 23:53:28 OK   00026_sp05_source_binding_lock.sql (2.09ms)
2026/10/04 23:53:28 OK   00027_sp05_rca_and_poll.sql (4.87ms)
2026/10/04 23:53:28 OK   00028_sp05_operator_lock.sql (2.12ms)
2026/10/04 23:53:28 OK   00029_sp05_evidence_links.sql (3.6ms)
2026/10/04 23:53:28 OK   00030_sp05_recipe_fence.sql (1.85ms)
2026/10/04 23:53:28 OK   00031_sp05_rca_postcheck.sql (1.58ms)
2026/10/04 23:53:28 OK   00032_sp05_transport_audit.sql (1.68ms)
2026/10/04 23:53:28 OK   00033_sp05_poll_resolution_clock.sql (1.99ms)
2026/10/04 23:53:28 OK   00034_sp06_investigation_ledger.sql (12.6ms)
2026/10/04 23:53:28 OK   00035_sp06_admission_data_classes.sql (1.84ms)
2026/10/04 23:53:28 goose: successfully migrated database to version: 35
2026/10/04 23:53:28 OK   00001_roles_and_schemas.sql (6.47ms)
2026/10/04 23:53:28 goose: successfully migrated database to version: 1
2026/10/04 23:53:28 OK   00002_platform_meta.sql (12.62ms)
2026/10/04 23:53:28 OK   00003_finding.sql (4.71ms)
2026/10/04 23:53:28 OK   00004_incident.sql (3.13ms)
2026/10/04 23:53:28 OK   00005_investigation.sql (3.58ms)
2026/10/04 23:53:28 OK   00006_action_command.sql (3.28ms)
2026/10/04 23:53:28 OK   00007_audit.sql (5.57ms)
2026/10/04 23:53:28 OK   00008_rls.sql (6ms)
2026/10/04 23:53:28 OK   00009_idempotency_ledger.sql (4.91ms)
2026/10/04 23:53:28 OK   00010_tenant_provisioning.sql (3.02ms)
2026/10/04 23:53:28 OK   00011_source_registration_history.sql (3.68ms)
2026/10/04 23:53:28 OK   00012_config_registry_lifecycle.sql (5.62ms)
2026/10/04 23:53:28 OK   00013_audit_signed_segments.sql (6.49ms)
2026/10/04 23:53:28 OK   00014_audit_segment_predecessors.sql (3.15ms)
2026/10/04 23:53:28 OK   00015_source_schema_scope.sql (1.62ms)
2026/10/04 23:53:28 OK   00016_cluster_registration_metadata.sql (2.43ms)
2026/10/04 23:53:28 OK   00017_source_data_scope.sql (2.03ms)
2026/10/04 23:53:28 OK   00018_sp04_resources_evidence.sql (8.32ms)
2026/10/04 23:53:28 OK   00019_sp04_archive_ciphertext_bytes.sql (1.58ms)
2026/10/04 23:53:28 OK   00020_sp04_request_ledger.sql (2.64ms)
2026/10/04 23:53:28 OK   00021_sp04_archive_protection.sql (1.87ms)
2026/10/04 23:53:28 OK   00022_sp04_legal_hold_dependencies.sql (1.79ms)
2026/10/04 23:53:28 OK   00023_sp04_archive_query_intent.sql (2.11ms)
2026/10/04 23:53:28 OK   00024_sp05_finding_incident.sql (21.15ms)
2026/10/04 23:53:28 OK   00025_sp05_incident_event_time.sql (2.2ms)
2026/10/04 23:53:28 OK   00026_sp05_source_binding_lock.sql (2.13ms)
2026/10/04 23:53:28 OK   00027_sp05_rca_and_poll.sql (5.09ms)
2026/10/04 23:53:28 OK   00028_sp05_operator_lock.sql (2.13ms)
2026/10/04 23:53:28 OK   00029_sp05_evidence_links.sql (3.7ms)
2026/10/04 23:53:28 OK   00030_sp05_recipe_fence.sql (1.77ms)
2026/10/04 23:53:28 OK   00031_sp05_rca_postcheck.sql (1.56ms)
2026/10/04 23:53:28 OK   00032_sp05_transport_audit.sql (1.67ms)
2026/10/04 23:53:28 OK   00033_sp05_poll_resolution_clock.sql (1.89ms)
2026/10/04 23:53:28 OK   00034_sp06_investigation_ledger.sql (12.98ms)
2026/10/04 23:53:28 OK   00035_sp06_admission_data_classes.sql (1.78ms)
2026/10/04 23:53:28 goose: successfully migrated database to version: 35
2026/10/04 23:53:28 OK   00001_roles_and_schemas.sql (6.69ms)
2026/10/04 23:53:28 goose: successfully migrated database to version: 1
2026/10/04 23:53:28 OK   00002_platform_meta.sql (13.43ms)
2026/10/04 23:53:28 OK   00003_finding.sql (8.76ms)
2026/10/04 23:53:28 OK   00004_incident.sql (3.48ms)
2026/10/04 23:53:28 OK   00005_investigation.sql (3.93ms)
2026/10/04 23:53:28 OK   00006_action_command.sql (3.59ms)
2026/10/04 23:53:28 OK   00007_audit.sql (5.92ms)
2026/10/04 23:53:28 OK   00008_rls.sql (5.8ms)
2026/10/04 23:53:28 OK   00009_idempotency_ledger.sql (8.48ms)
2026/10/04 23:53:28 OK   00010_tenant_provisioning.sql (5.78ms)
2026/10/04 23:53:28 OK   00011_source_registration_history.sql (10.36ms)
2026/10/04 23:53:28 OK   00012_config_registry_lifecycle.sql (6.39ms)
2026/10/04 23:53:28 OK   00013_audit_signed_segments.sql (8.06ms)
2026/10/04 23:53:29 OK   00014_audit_segment_predecessors.sql (3.79ms)
2026/10/04 23:53:29 OK   00015_source_schema_scope.sql (1.75ms)
2026/10/04 23:53:29 OK   00016_cluster_registration_metadata.sql (2.46ms)
2026/10/04 23:53:29 OK   00017_source_data_scope.sql (2.03ms)
2026/10/04 23:53:29 OK   00018_sp04_resources_evidence.sql (9.47ms)
2026/10/04 23:53:29 OK   00019_sp04_archive_ciphertext_bytes.sql (1.94ms)
2026/10/04 23:53:29 OK   00020_sp04_request_ledger.sql (3.36ms)
2026/10/04 23:53:29 OK   00021_sp04_archive_protection.sql (2.03ms)
2026/10/04 23:53:29 OK   00022_sp04_legal_hold_dependencies.sql (1.78ms)
2026/10/04 23:53:29 OK   00023_sp04_archive_query_intent.sql (1.8ms)
2026/10/04 23:53:29 OK   00024_sp05_finding_incident.sql (28.95ms)
2026/10/04 23:53:29 OK   00025_sp05_incident_event_time.sql (2.05ms)
2026/10/04 23:53:29 OK   00026_sp05_source_binding_lock.sql (1.97ms)
2026/10/04 23:53:29 OK   00027_sp05_rca_and_poll.sql (4.8ms)
2026/10/04 23:53:29 OK   00028_sp05_operator_lock.sql (1.9ms)
2026/10/04 23:53:29 OK   00029_sp05_evidence_links.sql (3.14ms)
2026/10/04 23:53:29 OK   00030_sp05_recipe_fence.sql (19.28ms)
2026/10/04 23:53:29 OK   00031_sp05_rca_postcheck.sql (3.78ms)
2026/10/04 23:53:29 OK   00032_sp05_transport_audit.sql (1.73ms)
2026/10/04 23:53:29 OK   00033_sp05_poll_resolution_clock.sql (2.54ms)
2026/10/04 23:53:29 OK   00034_sp06_investigation_ledger.sql (27.96ms)
2026/10/04 23:53:29 OK   00035_sp06_admission_data_classes.sql (1.92ms)
2026/10/04 23:53:29 goose: successfully migrated database to version: 35
--- FAIL: TestSP05GoldenGraphOnlySourceWithdrawAndFindingRevisionFence (0.31s)
    sp05_golden_vertical_test.go:108: OPENBAO_UNAVAILABLE: Get "https://127.0.0.1:32779/v1/sys/mounts": dial tcp 127.0.0.1:32779: connect: connection refused
2026/10/04 23:53:29 OK   00001_roles_and_schemas.sql (5.48ms)
2026/10/04 23:53:29 goose: successfully migrated database to version: 1
2026/10/04 23:53:29 OK   00002_platform_meta.sql (11.65ms)
2026/10/04 23:53:29 OK   00003_finding.sql (4.8ms)
2026/10/04 23:53:29 OK   00004_incident.sql (3.1ms)
2026/10/04 23:53:29 OK   00005_investigation.sql (3.79ms)
2026/10/04 23:53:29 OK   00006_action_command.sql (3.41ms)
2026/10/04 23:53:29 OK   00007_audit.sql (6.8ms)
2026/10/04 23:53:29 OK   00008_rls.sql (5.49ms)
2026/10/04 23:53:29 OK   00009_idempotency_ledger.sql (4.25ms)
2026/10/04 23:53:29 OK   00010_tenant_provisioning.sql (2.66ms)
2026/10/04 23:53:29 OK   00011_source_registration_history.sql (3.82ms)
2026/10/04 23:53:29 OK   00012_config_registry_lifecycle.sql (5.9ms)
2026/10/04 23:53:29 OK   00013_audit_signed_segments.sql (7.13ms)
2026/10/04 23:53:29 OK   00014_audit_segment_predecessors.sql (3.22ms)
2026/10/04 23:53:29 OK   00015_source_schema_scope.sql (1.63ms)
2026/10/04 23:53:29 OK   00016_cluster_registration_metadata.sql (2.34ms)
2026/10/04 23:53:29 OK   00017_source_data_scope.sql (1.93ms)
2026/10/04 23:53:29 OK   00018_sp04_resources_evidence.sql (8.19ms)
2026/10/04 23:53:29 OK   00019_sp04_archive_ciphertext_bytes.sql (1.61ms)
2026/10/04 23:53:29 OK   00020_sp04_request_ledger.sql (2.37ms)
2026/10/04 23:53:29 OK   00021_sp04_archive_protection.sql (1.76ms)
2026/10/04 23:53:29 OK   00022_sp04_legal_hold_dependencies.sql (1.5ms)
2026/10/04 23:53:29 OK   00023_sp04_archive_query_intent.sql (1.46ms)
2026/10/04 23:53:29 OK   00024_sp05_finding_incident.sql (9.96ms)
2026/10/04 23:53:29 OK   00025_sp05_incident_event_time.sql (1.5ms)
2026/10/04 23:53:29 OK   00026_sp05_source_binding_lock.sql (1.73ms)
2026/10/04 23:53:29 OK   00027_sp05_rca_and_poll.sql (4.45ms)
2026/10/04 23:53:29 OK   00028_sp05_operator_lock.sql (1.72ms)
2026/10/04 23:53:29 OK   00029_sp05_evidence_links.sql (2.95ms)
2026/10/04 23:53:29 OK   00030_sp05_recipe_fence.sql (1.63ms)
2026/10/04 23:53:29 OK   00031_sp05_rca_postcheck.sql (1.53ms)
2026/10/04 23:53:29 OK   00032_sp05_transport_audit.sql (1.57ms)
2026/10/04 23:53:29 OK   00033_sp05_poll_resolution_clock.sql (1.93ms)
2026/10/04 23:53:29 OK   00034_sp06_investigation_ledger.sql (11.87ms)
2026/10/04 23:53:29 OK   00035_sp06_admission_data_classes.sql (1.86ms)
2026/10/04 23:53:29 goose: successfully migrated database to version: 35
2026/10/04 23:53:29 OK   00001_roles_and_schemas.sql (5.79ms)
2026/10/04 23:53:29 goose: successfully migrated database to version: 1
2026/10/04 23:53:29 OK   00002_platform_meta.sql (12.03ms)
2026/10/04 23:53:29 OK   00003_finding.sql (4.79ms)
2026/10/04 23:53:29 OK   00004_incident.sql (3.19ms)
2026/10/04 23:53:29 OK   00005_investigation.sql (3.9ms)
2026/10/04 23:53:29 OK   00006_action_command.sql (3.51ms)
2026/10/04 23:53:29 OK   00007_audit.sql (6.32ms)
2026/10/04 23:53:29 OK   00008_rls.sql (6.17ms)
2026/10/04 23:53:29 OK   00009_idempotency_ledger.sql (4.67ms)
2026/10/04 23:53:29 OK   00010_tenant_provisioning.sql (2.44ms)
2026/10/04 23:53:29 OK   00011_source_registration_history.sql (3.88ms)
2026/10/04 23:53:29 OK   00012_config_registry_lifecycle.sql (5.64ms)
2026/10/04 23:53:29 OK   00013_audit_signed_segments.sql (6.91ms)
2026/10/04 23:53:29 OK   00014_audit_segment_predecessors.sql (3.15ms)
2026/10/04 23:53:29 OK   00015_source_schema_scope.sql (1.63ms)
2026/10/04 23:53:29 OK   00016_cluster_registration_metadata.sql (2.28ms)
2026/10/04 23:53:29 OK   00017_source_data_scope.sql (2ms)
2026/10/04 23:53:29 OK   00018_sp04_resources_evidence.sql (8.21ms)
2026/10/04 23:53:29 OK   00019_sp04_archive_ciphertext_bytes.sql (1.69ms)
2026/10/04 23:53:29 OK   00020_sp04_request_ledger.sql (2.66ms)
2026/10/04 23:53:29 OK   00021_sp04_archive_protection.sql (1.7ms)
2026/10/04 23:53:29 OK   00022_sp04_legal_hold_dependencies.sql (1.46ms)
2026/10/04 23:53:29 OK   00023_sp04_archive_query_intent.sql (1.44ms)
2026/10/04 23:53:29 OK   00024_sp05_finding_incident.sql (9.94ms)
2026/10/04 23:53:29 OK   00025_sp05_incident_event_time.sql (1.64ms)
2026/10/04 23:53:29 OK   00026_sp05_source_binding_lock.sql (1.75ms)
2026/10/04 23:53:29 OK   00027_sp05_rca_and_poll.sql (4.24ms)
2026/10/04 23:53:29 OK   00028_sp05_operator_lock.sql (1.66ms)
2026/10/04 23:53:29 OK   00029_sp05_evidence_links.sql (3.11ms)
2026/10/04 23:53:29 OK   00030_sp05_recipe_fence.sql (1.62ms)
2026/10/04 23:53:29 OK   00031_sp05_rca_postcheck.sql (1.34ms)
2026/10/04 23:53:29 OK   00032_sp05_transport_audit.sql (1.48ms)
2026/10/04 23:53:29 OK   00033_sp05_poll_resolution_clock.sql (1.88ms)
2026/10/04 23:53:29 OK   00034_sp06_investigation_ledger.sql (17.56ms)
2026/10/04 23:53:29 OK   00035_sp06_admission_data_classes.sql (5.31ms)
2026/10/04 23:53:29 goose: successfully migrated database to version: 35
2026/10/04 23:53:29 OK   00001_roles_and_schemas.sql (6.17ms)
2026/10/04 23:53:29 goose: successfully migrated database to version: 1
2026/10/04 23:53:29 OK   00002_platform_meta.sql (13.08ms)
2026/10/04 23:53:29 OK   00003_finding.sql (4.86ms)
2026/10/04 23:53:29 OK   00004_incident.sql (3.37ms)
2026/10/04 23:53:29 OK   00005_investigation.sql (3.57ms)
2026/10/04 23:53:29 OK   00006_action_command.sql (3.39ms)
2026/10/04 23:53:29 OK   00007_audit.sql (6.2ms)
2026/10/04 23:53:29 OK   00008_rls.sql (6.07ms)
2026/10/04 23:53:29 OK   00009_idempotency_ledger.sql (4.37ms)
2026/10/04 23:53:29 OK   00010_tenant_provisioning.sql (2.97ms)
2026/10/04 23:53:29 OK   00011_source_registration_history.sql (4.04ms)
2026/10/04 23:53:29 OK   00012_config_registry_lifecycle.sql (5.71ms)
2026/10/04 23:53:29 OK   00013_audit_signed_segments.sql (6.64ms)
2026/10/04 23:53:29 OK   00014_audit_segment_predecessors.sql (3.13ms)
2026/10/04 23:53:29 OK   00015_source_schema_scope.sql (1.69ms)
2026/10/04 23:53:29 OK   00016_cluster_registration_metadata.sql (2.31ms)
2026/10/04 23:53:29 OK   00017_source_data_scope.sql (2.05ms)
2026/10/04 23:53:29 OK   00018_sp04_resources_evidence.sql (8.39ms)
2026/10/04 23:53:29 OK   00019_sp04_archive_ciphertext_bytes.sql (1.47ms)
2026/10/04 23:53:29 OK   00020_sp04_request_ledger.sql (2.4ms)
2026/10/04 23:53:29 OK   00021_sp04_archive_protection.sql (1.74ms)
2026/10/04 23:53:29 OK   00022_sp04_legal_hold_dependencies.sql (1.49ms)
2026/10/04 23:53:29 OK   00023_sp04_archive_query_intent.sql (1.49ms)
2026/10/04 23:53:29 OK   00024_sp05_finding_incident.sql (10.02ms)
2026/10/04 23:53:29 OK   00025_sp05_incident_event_time.sql (1.54ms)
2026/10/04 23:53:29 OK   00026_sp05_source_binding_lock.sql (1.83ms)
2026/10/04 23:53:29 OK   00027_sp05_rca_and_poll.sql (4.46ms)
2026/10/04 23:53:29 OK   00028_sp05_operator_lock.sql (1.81ms)
2026/10/04 23:53:29 OK   00029_sp05_evidence_links.sql (3.52ms)
2026/10/04 23:53:29 OK   00030_sp05_recipe_fence.sql (1.94ms)
2026/10/04 23:53:29 OK   00031_sp05_rca_postcheck.sql (1.57ms)
2026/10/04 23:53:29 OK   00032_sp05_transport_audit.sql (1.93ms)
2026/10/04 23:53:29 OK   00033_sp05_poll_resolution_clock.sql (1.92ms)
2026/10/04 23:53:29 OK   00034_sp06_investigation_ledger.sql (12.53ms)
2026/10/04 23:53:29 OK   00035_sp06_admission_data_classes.sql (1.77ms)
2026/10/04 23:53:29 goose: successfully migrated database to version: 35
--- FAIL: TestSP06ActualArchiveRetentionHoldAndReferenceRevocation (0.28s)
    sp06_archive_test.go:19: OPENBAO_UNAVAILABLE: Get "https://127.0.0.1:32779/v1/sys/mounts": dial tcp 127.0.0.1:32779: connect: connection refused
2026/10/04 23:53:30 OK   00001_roles_and_schemas.sql (23.97ms)
2026/10/04 23:53:30 goose: successfully migrated database to version: 1
2026/10/04 23:53:30 OK   00002_platform_meta.sql (13.25ms)
2026/10/04 23:53:30 OK   00003_finding.sql (4.67ms)
2026/10/04 23:53:30 OK   00004_incident.sql (2.99ms)
2026/10/04 23:53:30 OK   00005_investigation.sql (3.65ms)
2026/10/04 23:53:30 OK   00006_action_command.sql (3.44ms)
2026/10/04 23:53:30 OK   00007_audit.sql (5.46ms)
2026/10/04 23:53:30 OK   00008_rls.sql (5.68ms)
2026/10/04 23:53:30 OK   00009_idempotency_ledger.sql (4.09ms)
2026/10/04 23:53:30 OK   00010_tenant_provisioning.sql (2.46ms)
2026/10/04 23:53:30 OK   00011_source_registration_history.sql (4.18ms)
2026/10/04 23:53:30 OK   00012_config_registry_lifecycle.sql (6.21ms)
2026/10/04 23:53:30 OK   00013_audit_signed_segments.sql (7.47ms)
2026/10/04 23:53:30 OK   00014_audit_segment_predecessors.sql (3.65ms)
2026/10/04 23:53:30 OK   00015_source_schema_scope.sql (1.84ms)
2026/10/04 23:53:30 OK   00016_cluster_registration_metadata.sql (2.46ms)
2026/10/04 23:53:30 OK   00017_source_data_scope.sql (2.09ms)
2026/10/04 23:53:30 OK   00018_sp04_resources_evidence.sql (9.88ms)
2026/10/04 23:53:30 OK   00019_sp04_archive_ciphertext_bytes.sql (2.8ms)
2026/10/04 23:53:30 OK   00020_sp04_request_ledger.sql (2.72ms)
2026/10/04 23:53:30 OK   00021_sp04_archive_protection.sql (1.89ms)
2026/10/04 23:53:30 OK   00022_sp04_legal_hold_dependencies.sql (1.58ms)
2026/10/04 23:53:30 OK   00023_sp04_archive_query_intent.sql (2.53ms)
2026/10/04 23:53:30 OK   00024_sp05_finding_incident.sql (16.78ms)
2026/10/04 23:53:30 OK   00025_sp05_incident_event_time.sql (2.45ms)
2026/10/04 23:53:30 OK   00026_sp05_source_binding_lock.sql (2.88ms)
2026/10/04 23:53:30 OK   00027_sp05_rca_and_poll.sql (7.15ms)
2026/10/04 23:53:30 OK   00028_sp05_operator_lock.sql (3.74ms)
2026/10/04 23:53:30 OK   00029_sp05_evidence_links.sql (8.22ms)
2026/10/04 23:53:30 OK   00030_sp05_recipe_fence.sql (3.33ms)
2026/10/04 23:53:30 OK   00031_sp05_rca_postcheck.sql (2.63ms)
2026/10/04 23:53:30 OK   00032_sp05_transport_audit.sql (1.95ms)
2026/10/04 23:53:30 OK   00033_sp05_poll_resolution_clock.sql (2.02ms)
2026/10/04 23:53:30 OK   00034_sp06_investigation_ledger.sql (24.72ms)
2026/10/04 23:53:30 OK   00035_sp06_admission_data_classes.sql (2.53ms)
2026/10/04 23:53:30 goose: successfully migrated database to version: 35
--- FAIL: TestSP06RealTransitScopedSigningRotationAndTakeoverContext (0.47s)
    sp06_context_live_test.go:45: owned Bao request unavailable
2026/10/04 23:53:30 OK   00001_roles_and_schemas.sql (7.34ms)
2026/10/04 23:53:30 goose: successfully migrated database to version: 1
2026/10/04 23:53:30 OK   00002_platform_meta.sql (15.88ms)
2026/10/04 23:53:30 OK   00003_finding.sql (5.76ms)
2026/10/04 23:53:30 OK   00004_incident.sql (4.01ms)
2026/10/04 23:53:30 OK   00005_investigation.sql (5.79ms)
2026/10/04 23:53:30 OK   00006_action_command.sql (17.78ms)
2026/10/04 23:53:30 OK   00007_audit.sql (9.57ms)
2026/10/04 23:53:30 OK   00008_rls.sql (7.05ms)
2026/10/04 23:53:30 OK   00009_idempotency_ledger.sql (5.48ms)
2026/10/04 23:53:30 OK   00010_tenant_provisioning.sql (3.41ms)
2026/10/04 23:53:30 OK   00011_source_registration_history.sql (4.65ms)
2026/10/04 23:53:30 OK   00012_config_registry_lifecycle.sql (7.21ms)
2026/10/04 23:53:30 OK   00013_audit_signed_segments.sql (16.45ms)
2026/10/04 23:53:30 OK   00014_audit_segment_predecessors.sql (4.55ms)
2026/10/04 23:53:30 OK   00015_source_schema_scope.sql (2.91ms)
2026/10/04 23:53:30 OK   00016_cluster_registration_metadata.sql (3.79ms)
2026/10/04 23:53:30 OK   00017_source_data_scope.sql (3.37ms)
2026/10/04 23:53:30 OK   00018_sp04_resources_evidence.sql (10.82ms)
2026/10/04 23:53:30 OK   00019_sp04_archive_ciphertext_bytes.sql (3.22ms)
2026/10/04 23:53:30 OK   00020_sp04_request_ledger.sql (4.09ms)
2026/10/04 23:53:30 OK   00021_sp04_archive_protection.sql (2.96ms)
2026/10/04 23:53:30 OK   00022_sp04_legal_hold_dependencies.sql (2.76ms)
2026/10/04 23:53:30 OK   00023_sp04_archive_query_intent.sql (2.79ms)
2026/10/04 23:53:30 OK   00024_sp05_finding_incident.sql (11.78ms)
2026/10/04 23:53:30 OK   00025_sp05_incident_event_time.sql (2.73ms)
2026/10/04 23:53:30 OK   00026_sp05_source_binding_lock.sql (2.64ms)
2026/10/04 23:53:30 OK   00027_sp05_rca_and_poll.sql (5.23ms)
2026/10/04 23:53:30 OK   00028_sp05_operator_lock.sql (2.5ms)
2026/10/04 23:53:30 OK   00029_sp05_evidence_links.sql (3.81ms)
2026/10/04 23:53:30 OK   00030_sp05_recipe_fence.sql (2.46ms)
2026/10/04 23:53:30 OK   00031_sp05_rca_postcheck.sql (2.22ms)
2026/10/04 23:53:30 OK   00032_sp05_transport_audit.sql (2.05ms)
2026/10/04 23:53:30 OK   00033_sp05_poll_resolution_clock.sql (2.23ms)
2026/10/04 23:53:30 OK   00034_sp06_investigation_ledger.sql (12.33ms)
2026/10/04 23:53:30 OK   00035_sp06_admission_data_classes.sql (2.27ms)
2026/10/04 23:53:30 goose: successfully migrated database to version: 35
2026/10/04 23:53:30 OK   00001_roles_and_schemas.sql (6.59ms)
2026/10/04 23:53:30 goose: successfully migrated database to version: 1
2026/10/04 23:53:30 OK   00002_platform_meta.sql (12.18ms)
2026/10/04 23:53:30 OK   00003_finding.sql (4.9ms)
2026/10/04 23:53:30 OK   00004_incident.sql (2.97ms)
2026/10/04 23:53:30 OK   00005_investigation.sql (3.48ms)
2026/10/04 23:53:30 OK   00006_action_command.sql (3.22ms)
2026/10/04 23:53:30 OK   00007_audit.sql (5.53ms)
2026/10/04 23:53:30 OK   00008_rls.sql (6.05ms)
2026/10/04 23:53:30 OK   00009_idempotency_ledger.sql (4.35ms)
2026/10/04 23:53:30 OK   00010_tenant_provisioning.sql (2.76ms)
2026/10/04 23:53:30 OK   00011_source_registration_history.sql (4.37ms)
2026/10/04 23:53:30 OK   00012_config_registry_lifecycle.sql (6.01ms)
2026/10/04 23:53:30 OK   00013_audit_signed_segments.sql (7.87ms)
2026/10/04 23:53:30 OK   00014_audit_segment_predecessors.sql (3.44ms)
2026/10/04 23:53:30 OK   00015_source_schema_scope.sql (1.65ms)
2026/10/04 23:53:30 OK   00016_cluster_registration_metadata.sql (2.52ms)
2026/10/04 23:53:30 OK   00017_source_data_scope.sql (4.71ms)
2026/10/04 23:53:30 OK   00018_sp04_resources_evidence.sql (8.32ms)
2026/10/04 23:53:30 OK   00019_sp04_archive_ciphertext_bytes.sql (1.71ms)
2026/10/04 23:53:30 OK   00020_sp04_request_ledger.sql (2.83ms)
2026/10/04 23:53:30 OK   00021_sp04_archive_protection.sql (2.01ms)
2026/10/04 23:53:30 OK   00022_sp04_legal_hold_dependencies.sql (1.77ms)
2026/10/04 23:53:30 OK   00023_sp04_archive_query_intent.sql (1.66ms)
2026/10/04 23:53:30 OK   00024_sp05_finding_incident.sql (11.52ms)
2026/10/04 23:53:30 OK   00025_sp05_incident_event_time.sql (1.66ms)
2026/10/04 23:53:30 OK   00026_sp05_source_binding_lock.sql (2.04ms)
2026/10/04 23:53:30 OK   00027_sp05_rca_and_poll.sql (4.83ms)
2026/10/04 23:53:30 OK   00028_sp05_operator_lock.sql (2.28ms)
2026/10/04 23:53:30 OK   00029_sp05_evidence_links.sql (3.76ms)
2026/10/04 23:53:30 OK   00030_sp05_recipe_fence.sql (2.37ms)
2026/10/04 23:53:30 OK   00031_sp05_rca_postcheck.sql (2.01ms)
2026/10/04 23:53:30 OK   00032_sp05_transport_audit.sql (2.18ms)
2026/10/04 23:53:30 OK   00033_sp05_poll_resolution_clock.sql (2.02ms)
2026/10/04 23:53:31 OK   00034_sp06_investigation_ledger.sql (12.05ms)
2026/10/04 23:53:31 OK   00035_sp06_admission_data_classes.sql (2.54ms)
2026/10/04 23:53:31 goose: successfully migrated database to version: 35
--- FAIL: TestSP06StandardMCPToolStateReplayAndDenialMatrix (0.32s)
    sp06_mcp_test.go:69: OPENBAO_UNAVAILABLE: Get "https://127.0.0.1:32779/v1/sys/mounts": dial tcp 127.0.0.1:32779: connect: connection refused
2026/10/04 23:53:31 OK   00001_roles_and_schemas.sql (17.52ms)
2026/10/04 23:53:31 goose: successfully migrated database to version: 1
2026/10/04 23:53:31 OK   00002_platform_meta.sql (37.64ms)
2026/10/04 23:53:31 OK   00003_finding.sql (7.45ms)
2026/10/04 23:53:31 OK   00004_incident.sql (5.79ms)
2026/10/04 23:53:31 OK   00005_investigation.sql (6.1ms)
2026/10/04 23:53:31 OK   00006_action_command.sql (5.64ms)
2026/10/04 23:53:31 OK   00007_audit.sql (8.05ms)
2026/10/04 23:53:31 OK   00008_rls.sql (7.66ms)
2026/10/04 23:53:31 OK   00009_idempotency_ledger.sql (5.43ms)
2026/10/04 23:53:31 OK   00010_tenant_provisioning.sql (3.32ms)
2026/10/04 23:53:31 OK   00011_source_registration_history.sql (4.74ms)
2026/10/04 23:53:31 OK   00012_config_registry_lifecycle.sql (6.58ms)
2026/10/04 23:53:31 OK   00013_audit_signed_segments.sql (8.9ms)
2026/10/04 23:53:31 OK   00014_audit_segment_predecessors.sql (4.36ms)
2026/10/04 23:53:31 OK   00015_source_schema_scope.sql (2.42ms)
2026/10/04 23:53:31 OK   00016_cluster_registration_metadata.sql (2.96ms)
2026/10/04 23:53:31 OK   00017_source_data_scope.sql (2.67ms)
2026/10/04 23:53:31 OK   00018_sp04_resources_evidence.sql (9.45ms)
2026/10/04 23:53:31 OK   00019_sp04_archive_ciphertext_bytes.sql (2.7ms)
2026/10/04 23:53:31 OK   00020_sp04_request_ledger.sql (3.8ms)
2026/10/04 23:53:31 OK   00021_sp04_archive_protection.sql (2.74ms)
2026/10/04 23:53:31 OK   00022_sp04_legal_hold_dependencies.sql (2.19ms)
2026/10/04 23:53:31 OK   00023_sp04_archive_query_intent.sql (2.21ms)
2026/10/04 23:53:31 OK   00024_sp05_finding_incident.sql (10.87ms)
2026/10/04 23:53:31 OK   00025_sp05_incident_event_time.sql (2.23ms)
2026/10/04 23:53:31 OK   00026_sp05_source_binding_lock.sql (2.44ms)
2026/10/04 23:53:31 OK   00027_sp05_rca_and_poll.sql (5.04ms)
2026/10/04 23:53:31 OK   00028_sp05_operator_lock.sql (2.32ms)
2026/10/04 23:53:31 OK   00029_sp05_evidence_links.sql (3.76ms)
2026/10/04 23:53:31 OK   00030_sp05_recipe_fence.sql (2.33ms)
2026/10/04 23:53:31 OK   00031_sp05_rca_postcheck.sql (2.03ms)
2026/10/04 23:53:31 OK   00032_sp05_transport_audit.sql (2.1ms)
2026/10/04 23:53:31 OK   00033_sp05_poll_resolution_clock.sql (2.18ms)
2026/10/04 23:53:31 OK   00034_sp06_investigation_ledger.sql (12.2ms)
2026/10/04 23:53:31 OK   00035_sp06_admission_data_classes.sql (2.25ms)
2026/10/04 23:53:31 goose: successfully migrated database to version: 35
--- FAIL: TestSP06RealHolmesModelMCPJobAndSSE (0.33s)
    sp04_keycloak_fixture_test.go:22: request isolated Keycloak bootstrap token: Post "http://127.0.0.1:32781/realms/master/protocol/openid-connect/token": dial tcp 127.0.0.1:32781: connect: connection refused
2026/10/04 23:53:31 OK   00001_roles_and_schemas.sql (6.19ms)
2026/10/04 23:53:31 goose: successfully migrated database to version: 1
2026/10/04 23:53:31 OK   00002_platform_meta.sql (13.01ms)
2026/10/04 23:53:31 OK   00003_finding.sql (5.76ms)
2026/10/04 23:53:31 OK   00004_incident.sql (4.1ms)
2026/10/04 23:53:31 OK   00005_investigation.sql (4.55ms)
2026/10/04 23:53:31 OK   00006_action_command.sql (4.29ms)
2026/10/04 23:53:31 OK   00007_audit.sql (6.33ms)
2026/10/04 23:53:31 OK   00008_rls.sql (6.17ms)
2026/10/04 23:53:31 OK   00009_idempotency_ledger.sql (5.2ms)
2026/10/04 23:53:31 OK   00010_tenant_provisioning.sql (3.53ms)
2026/10/04 23:53:31 OK   00011_source_registration_history.sql (4.33ms)
2026/10/04 23:53:31 OK   00012_config_registry_lifecycle.sql (6.4ms)
2026/10/04 23:53:31 OK   00013_audit_signed_segments.sql (7.89ms)
2026/10/04 23:53:31 OK   00014_audit_segment_predecessors.sql (4.29ms)
2026/10/04 23:53:31 OK   00015_source_schema_scope.sql (2.27ms)
2026/10/04 23:53:31 OK   00016_cluster_registration_metadata.sql (3.15ms)
2026/10/04 23:53:31 OK   00017_source_data_scope.sql (2.6ms)
2026/10/04 23:53:31 OK   00018_sp04_resources_evidence.sql (8.88ms)
2026/10/04 23:53:31 OK   00019_sp04_archive_ciphertext_bytes.sql (2.35ms)
2026/10/04 23:53:31 OK   00020_sp04_request_ledger.sql (3.18ms)
2026/10/04 23:53:31 OK   00021_sp04_archive_protection.sql (2.56ms)
2026/10/04 23:53:31 OK   00022_sp04_legal_hold_dependencies.sql (2.24ms)
2026/10/04 23:53:31 OK   00023_sp04_archive_query_intent.sql (1.96ms)
2026/10/04 23:53:31 OK   00024_sp05_finding_incident.sql (10.53ms)
2026/10/04 23:53:31 OK   00025_sp05_incident_event_time.sql (2.26ms)
2026/10/04 23:53:31 OK   00026_sp05_source_binding_lock.sql (2.54ms)
2026/10/04 23:53:31 OK   00027_sp05_rca_and_poll.sql (4.88ms)
2026/10/04 23:53:31 OK   00028_sp05_operator_lock.sql (2.53ms)
2026/10/04 23:53:31 OK   00029_sp05_evidence_links.sql (4.12ms)
2026/10/04 23:53:31 OK   00030_sp05_recipe_fence.sql (2.46ms)
2026/10/04 23:53:31 OK   00031_sp05_rca_postcheck.sql (2.16ms)
2026/10/04 23:53:31 OK   00032_sp05_transport_audit.sql (7.37ms)
2026/10/04 23:53:31 OK   00033_sp05_poll_resolution_clock.sql (7.8ms)
2026/10/04 23:53:31 OK   00034_sp06_investigation_ledger.sql (19.01ms)
2026/10/04 23:53:31 OK   00035_sp06_admission_data_classes.sql (3.12ms)
2026/10/04 23:53:31 goose: successfully migrated database to version: 35
2026/10/04 23:53:31 OK   00001_roles_and_schemas.sql (6.41ms)
2026/10/04 23:53:31 goose: successfully migrated database to version: 1
2026/10/04 23:53:31 OK   00002_platform_meta.sql (13.19ms)
2026/10/04 23:53:31 OK   00003_finding.sql (4.54ms)
2026/10/04 23:53:31 OK   00004_incident.sql (2.91ms)
2026/10/04 23:53:31 OK   00005_investigation.sql (3.55ms)
2026/10/04 23:53:32 OK   00006_action_command.sql (3.3ms)
2026/10/04 23:53:32 OK   00007_audit.sql (6.06ms)
2026/10/04 23:53:32 OK   00008_rls.sql (5.46ms)
2026/10/04 23:53:32 OK   00009_idempotency_ledger.sql (4.11ms)
2026/10/04 23:53:32 OK   00010_tenant_provisioning.sql (2.27ms)
2026/10/04 23:53:32 OK   00011_source_registration_history.sql (4.11ms)
2026/10/04 23:53:32 OK   00012_config_registry_lifecycle.sql (5.74ms)
2026/10/04 23:53:32 OK   00013_audit_signed_segments.sql (6.7ms)
2026/10/04 23:53:32 OK   00014_audit_segment_predecessors.sql (3.08ms)
2026/10/04 23:53:32 OK   00015_source_schema_scope.sql (1.72ms)
2026/10/04 23:53:32 OK   00016_cluster_registration_metadata.sql (2.26ms)
2026/10/04 23:53:32 OK   00017_source_data_scope.sql (1.78ms)
2026/10/04 23:53:32 OK   00018_sp04_resources_evidence.sql (8.11ms)
2026/10/04 23:53:32 OK   00019_sp04_archive_ciphertext_bytes.sql (1.51ms)
2026/10/04 23:53:32 OK   00020_sp04_request_ledger.sql (3.04ms)
2026/10/04 23:53:32 OK   00021_sp04_archive_protection.sql (1.84ms)
2026/10/04 23:53:32 OK   00022_sp04_legal_hold_dependencies.sql (1.81ms)
2026/10/04 23:53:32 OK   00023_sp04_archive_query_intent.sql (1.72ms)
2026/10/04 23:53:32 OK   00024_sp05_finding_incident.sql (10.54ms)
2026/10/04 23:53:32 OK   00025_sp05_incident_event_time.sql (1.54ms)
2026/10/04 23:53:32 OK   00026_sp05_source_binding_lock.sql (1.6ms)
2026/10/04 23:53:32 OK   00027_sp05_rca_and_poll.sql (4.84ms)
2026/10/04 23:53:32 OK   00028_sp05_operator_lock.sql (2.06ms)
2026/10/04 23:53:32 OK   00029_sp05_evidence_links.sql (3.76ms)
2026/10/04 23:53:32 OK   00030_sp05_recipe_fence.sql (2.01ms)
2026/10/04 23:53:32 OK   00031_sp05_rca_postcheck.sql (1.72ms)
2026/10/04 23:53:32 OK   00032_sp05_transport_audit.sql (1.7ms)
2026/10/04 23:53:32 OK   00033_sp05_poll_resolution_clock.sql (1.98ms)
2026/10/04 23:53:32 OK   00034_sp06_investigation_ledger.sql (12.34ms)
2026/10/04 23:53:32 OK   00035_sp06_admission_data_classes.sql (2.12ms)
2026/10/04 23:53:32 goose: successfully migrated database to version: 35
2026/10/04 23:53:32 OK   00001_roles_and_schemas.sql (7.55ms)
2026/10/04 23:53:32 goose: successfully migrated database to version: 1
2026/10/04 23:53:32 OK   00002_platform_meta.sql (14.34ms)
2026/10/04 23:53:32 OK   00003_finding.sql (5.74ms)
2026/10/04 23:53:32 OK   00004_incident.sql (5.37ms)
2026/10/04 23:53:32 OK   00005_investigation.sql (5.83ms)
2026/10/04 23:53:32 OK   00006_action_command.sql (4.31ms)
2026/10/04 23:53:32 OK   00007_audit.sql (8.52ms)
2026/10/04 23:53:32 OK   00008_rls.sql (8.06ms)
2026/10/04 23:53:32 OK   00009_idempotency_ledger.sql (6.02ms)
2026/10/04 23:53:32 OK   00010_tenant_provisioning.sql (4.63ms)
2026/10/04 23:53:32 OK   00011_source_registration_history.sql (6.87ms)
2026/10/04 23:53:32 OK   00012_config_registry_lifecycle.sql (8.09ms)
2026/10/04 23:53:32 OK   00013_audit_signed_segments.sql (10.06ms)
2026/10/04 23:53:32 OK   00014_audit_segment_predecessors.sql (4.83ms)
2026/10/04 23:53:32 OK   00015_source_schema_scope.sql (3.26ms)
2026/10/04 23:53:32 OK   00016_cluster_registration_metadata.sql (3.57ms)
2026/10/04 23:53:32 OK   00017_source_data_scope.sql (2.59ms)
2026/10/04 23:53:32 OK   00018_sp04_resources_evidence.sql (11.06ms)
2026/10/04 23:53:32 OK   00019_sp04_archive_ciphertext_bytes.sql (2.33ms)
2026/10/04 23:53:32 OK   00020_sp04_request_ledger.sql (3.17ms)
2026/10/04 23:53:32 OK   00021_sp04_archive_protection.sql (2.73ms)
2026/10/04 23:53:32 OK   00022_sp04_legal_hold_dependencies.sql (1.84ms)
2026/10/04 23:53:32 OK   00023_sp04_archive_query_intent.sql (2.58ms)
2026/10/04 23:53:32 OK   00024_sp05_finding_incident.sql (14.04ms)
2026/10/04 23:53:32 OK   00025_sp05_incident_event_time.sql (3.39ms)
2026/10/04 23:53:32 OK   00026_sp05_source_binding_lock.sql (2.85ms)
2026/10/04 23:53:32 OK   00027_sp05_rca_and_poll.sql (6.93ms)
2026/10/04 23:53:32 OK   00028_sp05_operator_lock.sql (4.05ms)
2026/10/04 23:53:32 OK   00029_sp05_evidence_links.sql (5.76ms)
2026/10/04 23:53:32 OK   00030_sp05_recipe_fence.sql (3.87ms)
2026/10/04 23:53:32 OK   00031_sp05_rca_postcheck.sql (2.83ms)
2026/10/04 23:53:32 OK   00032_sp05_transport_audit.sql (2ms)
2026/10/04 23:53:32 OK   00033_sp05_poll_resolution_clock.sql (2.55ms)
2026/10/04 23:53:32 OK   00034_sp06_investigation_ledger.sql (15.44ms)
2026/10/04 23:53:32 OK   00035_sp06_admission_data_classes.sql (2.22ms)
2026/10/04 23:53:32 goose: successfully migrated database to version: 35
2026/10/04 23:53:32 OK   00001_roles_and_schemas.sql (8.12ms)
2026/10/04 23:53:32 goose: successfully migrated database to version: 1
2026/10/04 23:53:32 OK   00002_platform_meta.sql (26.24ms)
2026/10/04 23:53:32 OK   00003_finding.sql (14.71ms)
2026/10/04 23:53:32 OK   00004_incident.sql (5.45ms)
2026/10/04 23:53:32 OK   00005_investigation.sql (6.63ms)
2026/10/04 23:53:32 OK   00006_action_command.sql (5.49ms)
2026/10/04 23:53:32 OK   00007_audit.sql (9.18ms)
2026/10/04 23:53:33 OK   00008_rls.sql (7.76ms)
2026/10/04 23:53:33 OK   00009_idempotency_ledger.sql (5.89ms)
2026/10/04 23:53:33 OK   00010_tenant_provisioning.sql (4.68ms)
2026/10/04 23:53:33 OK   00011_source_registration_history.sql (6.08ms)
2026/10/04 23:53:33 OK   00012_config_registry_lifecycle.sql (8.8ms)
2026/10/04 23:53:33 OK   00013_audit_signed_segments.sql (9.19ms)
2026/10/04 23:53:33 OK   00014_audit_segment_predecessors.sql (4.36ms)
2026/10/04 23:53:33 OK   00015_source_schema_scope.sql (3.32ms)
2026/10/04 23:53:33 OK   00016_cluster_registration_metadata.sql (3.14ms)
2026/10/04 23:53:33 OK   00017_source_data_scope.sql (2.94ms)
2026/10/04 23:53:33 OK   00018_sp04_resources_evidence.sql (9.94ms)
2026/10/04 23:53:33 OK   00019_sp04_archive_ciphertext_bytes.sql (2.82ms)
2026/10/04 23:53:33 OK   00020_sp04_request_ledger.sql (4.57ms)
2026/10/04 23:53:33 OK   00021_sp04_archive_protection.sql (10.78ms)
2026/10/04 23:53:33 OK   00022_sp04_legal_hold_dependencies.sql (5.9ms)
2026/10/04 23:53:33 OK   00023_sp04_archive_query_intent.sql (13.43ms)
2026/10/04 23:53:33 OK   00024_sp05_finding_incident.sql (22.31ms)
2026/10/04 23:53:33 OK   00025_sp05_incident_event_time.sql (2.52ms)
2026/10/04 23:53:33 OK   00026_sp05_source_binding_lock.sql (2.85ms)
2026/10/04 23:53:33 OK   00027_sp05_rca_and_poll.sql (5.7ms)
2026/10/04 23:53:33 OK   00028_sp05_operator_lock.sql (2.53ms)
2026/10/04 23:53:33 OK   00029_sp05_evidence_links.sql (4.3ms)
2026/10/04 23:53:33 OK   00030_sp05_recipe_fence.sql (2.2ms)
2026/10/04 23:53:33 OK   00031_sp05_rca_postcheck.sql (2.1ms)
2026/10/04 23:53:33 OK   00032_sp05_transport_audit.sql (2.73ms)
2026/10/04 23:53:33 OK   00033_sp05_poll_resolution_clock.sql (3.03ms)
2026/10/04 23:53:33 OK   00034_sp06_investigation_ledger.sql (13.2ms)
2026/10/04 23:53:33 OK   00035_sp06_admission_data_classes.sql (3.13ms)
2026/10/04 23:53:33 goose: successfully migrated database to version: 35
--- FAIL: TestSP06NarrowedContextCannotReadOrCommitD1 (0.45s)
    sp06_review_boundaries_test.go:45: OPENBAO_UNAVAILABLE: Get "https://127.0.0.1:32779/v1/sys/mounts": dial tcp 127.0.0.1:32779: connect: connection refused
2026/10/04 23:53:33 OK   00001_roles_and_schemas.sql (9.95ms)
2026/10/04 23:53:33 goose: successfully migrated database to version: 1
2026/10/04 23:53:33 OK   00002_platform_meta.sql (18.11ms)
2026/10/04 23:53:33 OK   00003_finding.sql (7.32ms)
2026/10/04 23:53:33 OK   00004_incident.sql (5.43ms)
2026/10/04 23:53:33 OK   00005_investigation.sql (6.13ms)
2026/10/04 23:53:33 OK   00006_action_command.sql (4.26ms)
2026/10/04 23:53:33 OK   00007_audit.sql (8.37ms)
2026/10/04 23:53:33 OK   00008_rls.sql (8ms)
2026/10/04 23:53:33 OK   00009_idempotency_ledger.sql (6.67ms)
2026/10/04 23:53:33 OK   00010_tenant_provisioning.sql (4.62ms)
2026/10/04 23:53:33 OK   00011_source_registration_history.sql (5.33ms)
2026/10/04 23:53:33 OK   00012_config_registry_lifecycle.sql (7.19ms)
2026/10/04 23:53:33 OK   00013_audit_signed_segments.sql (9.53ms)
2026/10/04 23:53:33 OK   00014_audit_segment_predecessors.sql (4.61ms)
2026/10/04 23:53:33 OK   00015_source_schema_scope.sql (2.74ms)
2026/10/04 23:53:33 OK   00016_cluster_registration_metadata.sql (3.63ms)
2026/10/04 23:53:33 OK   00017_source_data_scope.sql (3.33ms)
2026/10/04 23:53:33 OK   00018_sp04_resources_evidence.sql (10.58ms)
2026/10/04 23:53:33 OK   00019_sp04_archive_ciphertext_bytes.sql (3.01ms)
2026/10/04 23:53:33 OK   00020_sp04_request_ledger.sql (3.84ms)
2026/10/04 23:53:33 OK   00021_sp04_archive_protection.sql (2.87ms)
2026/10/04 23:53:33 OK   00022_sp04_legal_hold_dependencies.sql (2.12ms)
2026/10/04 23:53:33 OK   00023_sp04_archive_query_intent.sql (2.06ms)
2026/10/04 23:53:33 OK   00024_sp05_finding_incident.sql (11.8ms)
2026/10/04 23:53:33 OK   00025_sp05_incident_event_time.sql (2.69ms)
2026/10/04 23:53:33 OK   00026_sp05_source_binding_lock.sql (2.9ms)
2026/10/04 23:53:33 OK   00027_sp05_rca_and_poll.sql (5.47ms)
2026/10/04 23:53:33 OK   00028_sp05_operator_lock.sql (2.66ms)
2026/10/04 23:53:33 OK   00029_sp05_evidence_links.sql (4.39ms)
2026/10/04 23:53:33 OK   00030_sp05_recipe_fence.sql (2.43ms)
2026/10/04 23:53:33 OK   00031_sp05_rca_postcheck.sql (2.13ms)
2026/10/04 23:53:33 OK   00032_sp05_transport_audit.sql (2.42ms)
2026/10/04 23:53:33 OK   00033_sp05_poll_resolution_clock.sql (2.77ms)
2026/10/04 23:53:33 OK   00034_sp06_investigation_ledger.sql (13.16ms)
2026/10/04 23:53:33 OK   00035_sp06_admission_data_classes.sql (2.81ms)
2026/10/04 23:53:33 goose: successfully migrated database to version: 35
2026/10/04 23:53:33 OK   00001_roles_and_schemas.sql (6.64ms)
2026/10/04 23:53:33 goose: successfully migrated database to version: 1
2026/10/04 23:53:33 OK   00002_platform_meta.sql (12.85ms)
2026/10/04 23:53:33 OK   00003_finding.sql (5.38ms)
2026/10/04 23:53:33 OK   00004_incident.sql (4.09ms)
2026/10/04 23:53:33 OK   00005_investigation.sql (4.66ms)
2026/10/04 23:53:33 OK   00006_action_command.sql (3.98ms)
2026/10/04 23:53:33 OK   00007_audit.sql (6.39ms)
2026/10/04 23:53:33 OK   00008_rls.sql (6.18ms)
2026/10/04 23:53:33 OK   00009_idempotency_ledger.sql (5.02ms)
2026/10/04 23:53:33 OK   00010_tenant_provisioning.sql (3.38ms)
2026/10/04 23:53:33 OK   00011_source_registration_history.sql (4.22ms)
2026/10/04 23:53:33 OK   00012_config_registry_lifecycle.sql (6.66ms)
2026/10/04 23:53:33 OK   00013_audit_signed_segments.sql (8.34ms)
2026/10/04 23:53:33 OK   00014_audit_segment_predecessors.sql (3.99ms)
2026/10/04 23:53:33 OK   00015_source_schema_scope.sql (2.15ms)
2026/10/04 23:53:33 OK   00016_cluster_registration_metadata.sql (3.09ms)
2026/10/04 23:53:33 OK   00017_source_data_scope.sql (3.29ms)
2026/10/04 23:53:33 OK   00018_sp04_resources_evidence.sql (13.38ms)
2026/10/04 23:53:33 OK   00019_sp04_archive_ciphertext_bytes.sql (3.57ms)
2026/10/04 23:53:33 OK   00020_sp04_request_ledger.sql (5.04ms)
2026/10/04 23:53:33 OK   00021_sp04_archive_protection.sql (3.64ms)
2026/10/04 23:53:33 OK   00022_sp04_legal_hold_dependencies.sql (2.47ms)
2026/10/04 23:53:33 OK   00023_sp04_archive_query_intent.sql (2.28ms)
2026/10/04 23:53:33 OK   00024_sp05_finding_incident.sql (25.95ms)
2026/10/04 23:53:33 OK   00025_sp05_incident_event_time.sql (4.27ms)
2026/10/04 23:53:33 OK   00026_sp05_source_binding_lock.sql (2.94ms)
2026/10/04 23:53:33 OK   00027_sp05_rca_and_poll.sql (5.74ms)
2026/10/04 23:53:33 OK   00028_sp05_operator_lock.sql (3.02ms)
2026/10/04 23:53:33 OK   00029_sp05_evidence_links.sql (5.96ms)
2026/10/04 23:53:33 OK   00030_sp05_recipe_fence.sql (10.34ms)
2026/10/04 23:53:33 OK   00031_sp05_rca_postcheck.sql (7.23ms)
2026/10/04 23:53:33 OK   00032_sp05_transport_audit.sql (3.87ms)
2026/10/04 23:53:33 OK   00033_sp05_poll_resolution_clock.sql (3.95ms)
2026/10/04 23:53:33 OK   00034_sp06_investigation_ledger.sql (15.29ms)
2026/10/04 23:53:33 OK   00035_sp06_admission_data_classes.sql (2.97ms)
2026/10/04 23:53:33 goose: successfully migrated database to version: 35
2026/10/04 23:53:34 OK   00001_roles_and_schemas.sql (6.73ms)
2026/10/04 23:53:34 goose: successfully migrated database to version: 1
2026/10/04 23:53:34 OK   00002_platform_meta.sql (12.79ms)
2026/10/04 23:53:34 OK   00003_finding.sql (5.35ms)
2026/10/04 23:53:34 OK   00004_incident.sql (3.79ms)
2026/10/04 23:53:34 OK   00005_investigation.sql (4.26ms)
2026/10/04 23:53:34 OK   00006_action_command.sql (4.1ms)
2026/10/04 23:53:34 OK   00007_audit.sql (6.45ms)
2026/10/04 23:53:34 OK   00008_rls.sql (6.22ms)
2026/10/04 23:53:34 OK   00009_idempotency_ledger.sql (4.37ms)
2026/10/04 23:53:34 OK   00010_tenant_provisioning.sql (3.03ms)
2026/10/04 23:53:34 OK   00011_source_registration_history.sql (4.41ms)
2026/10/04 23:53:34 OK   00012_config_registry_lifecycle.sql (5.93ms)
2026/10/04 23:53:34 OK   00013_audit_signed_segments.sql (7.53ms)
2026/10/04 23:53:34 OK   00014_audit_segment_predecessors.sql (3.66ms)
2026/10/04 23:53:34 OK   00015_source_schema_scope.sql (1.71ms)
2026/10/04 23:53:34 OK   00016_cluster_registration_metadata.sql (2.58ms)
2026/10/04 23:53:34 OK   00017_source_data_scope.sql (2.19ms)
2026/10/04 23:53:34 OK   00018_sp04_resources_evidence.sql (9.14ms)
2026/10/04 23:53:34 OK   00019_sp04_archive_ciphertext_bytes.sql (1.48ms)
2026/10/04 23:53:34 OK   00020_sp04_request_ledger.sql (2.72ms)
2026/10/04 23:53:34 OK   00021_sp04_archive_protection.sql (1.82ms)
2026/10/04 23:53:34 OK   00022_sp04_legal_hold_dependencies.sql (1.6ms)
2026/10/04 23:53:34 OK   00023_sp04_archive_query_intent.sql (1.63ms)
2026/10/04 23:53:34 OK   00024_sp05_finding_incident.sql (10.95ms)
2026/10/04 23:53:34 OK   00025_sp05_incident_event_time.sql (1.86ms)
2026/10/04 23:53:34 OK   00026_sp05_source_binding_lock.sql (1.76ms)
2026/10/04 23:53:34 OK   00027_sp05_rca_and_poll.sql (4.63ms)
2026/10/04 23:53:34 OK   00028_sp05_operator_lock.sql (2.07ms)
2026/10/04 23:53:34 OK   00029_sp05_evidence_links.sql (3.67ms)
2026/10/04 23:53:34 OK   00030_sp05_recipe_fence.sql (1.71ms)
2026/10/04 23:53:34 OK   00031_sp05_rca_postcheck.sql (1.51ms)
2026/10/04 23:53:34 OK   00032_sp05_transport_audit.sql (1.71ms)
2026/10/04 23:53:34 OK   00033_sp05_poll_resolution_clock.sql (2.16ms)
2026/10/04 23:53:34 OK   00034_sp06_investigation_ledger.sql (13.31ms)
2026/10/04 23:53:34 OK   00035_sp06_admission_data_classes.sql (2.26ms)
2026/10/04 23:53:34 goose: successfully migrated database to version: 35
2026/10/04 23:53:34 OK   00001_roles_and_schemas.sql (8.24ms)
2026/10/04 23:53:34 goose: successfully migrated database to version: 1
2026/10/04 23:53:34 OK   00002_platform_meta.sql (14.76ms)
2026/10/04 23:53:34 OK   00003_finding.sql (6.01ms)
2026/10/04 23:53:34 OK   00004_incident.sql (5.33ms)
2026/10/04 23:53:34 OK   00005_investigation.sql (5.55ms)
2026/10/04 23:53:34 OK   00006_action_command.sql (4.82ms)
2026/10/04 23:53:34 OK   00007_audit.sql (8.57ms)
2026/10/04 23:53:34 OK   00008_rls.sql (7.68ms)
2026/10/04 23:53:34 OK   00009_idempotency_ledger.sql (6.52ms)
2026/10/04 23:53:34 OK   00010_tenant_provisioning.sql (4.51ms)
2026/10/04 23:53:34 OK   00011_source_registration_history.sql (5.42ms)
2026/10/04 23:53:34 OK   00012_config_registry_lifecycle.sql (8.1ms)
2026/10/04 23:53:34 OK   00013_audit_signed_segments.sql (8.82ms)
2026/10/04 23:53:34 OK   00014_audit_segment_predecessors.sql (5.58ms)
2026/10/04 23:53:34 OK   00015_source_schema_scope.sql (2.52ms)
2026/10/04 23:53:34 OK   00016_cluster_registration_metadata.sql (3.66ms)
2026/10/04 23:53:34 OK   00017_source_data_scope.sql (3.71ms)
2026/10/04 23:53:34 OK   00018_sp04_resources_evidence.sql (11.26ms)
2026/10/04 23:53:34 OK   00019_sp04_archive_ciphertext_bytes.sql (4.06ms)
2026/10/04 23:53:34 OK   00020_sp04_request_ledger.sql (4.48ms)
2026/10/04 23:53:34 OK   00021_sp04_archive_protection.sql (2.84ms)
2026/10/04 23:53:34 OK   00022_sp04_legal_hold_dependencies.sql (2.63ms)
2026/10/04 23:53:34 OK   00023_sp04_archive_query_intent.sql (2.67ms)
2026/10/04 23:53:34 OK   00024_sp05_finding_incident.sql (11.62ms)
2026/10/04 23:53:34 OK   00025_sp05_incident_event_time.sql (2.59ms)
2026/10/04 23:53:34 OK   00026_sp05_source_binding_lock.sql (2.87ms)
2026/10/04 23:53:34 OK   00027_sp05_rca_and_poll.sql (5.42ms)
2026/10/04 23:53:34 OK   00028_sp05_operator_lock.sql (2.81ms)
2026/10/04 23:53:34 OK   00029_sp05_evidence_links.sql (4.27ms)
2026/10/04 23:53:34 OK   00030_sp05_recipe_fence.sql (2.84ms)
2026/10/04 23:53:34 OK   00031_sp05_rca_postcheck.sql (2.93ms)
2026/10/04 23:53:34 OK   00032_sp05_transport_audit.sql (2.66ms)
2026/10/04 23:53:34 OK   00033_sp05_poll_resolution_clock.sql (2.43ms)
2026/10/04 23:53:34 OK   00034_sp06_investigation_ledger.sql (12.35ms)
2026/10/04 23:53:34 OK   00035_sp06_admission_data_classes.sql (4.92ms)
2026/10/04 23:53:34 goose: successfully migrated database to version: 35
2026/10/04 23:53:35 OK   00001_roles_and_schemas.sql (7.02ms)
2026/10/04 23:53:35 goose: successfully migrated database to version: 1
2026/10/04 23:53:35 OK   00002_platform_meta.sql (13.17ms)
2026/10/04 23:53:35 OK   00003_finding.sql (5.09ms)
2026/10/04 23:53:35 OK   00004_incident.sql (3.57ms)
2026/10/04 23:53:35 OK   00005_investigation.sql (4.28ms)
2026/10/04 23:53:35 OK   00006_action_command.sql (4.19ms)
2026/10/04 23:53:35 OK   00007_audit.sql (6.52ms)
2026/10/04 23:53:35 OK   00008_rls.sql (6.25ms)
2026/10/04 23:53:35 OK   00009_idempotency_ledger.sql (5.35ms)
2026/10/04 23:53:35 OK   00010_tenant_provisioning.sql (3.25ms)
2026/10/04 23:53:35 OK   00011_source_registration_history.sql (7.06ms)
2026/10/04 23:53:35 OK   00012_config_registry_lifecycle.sql (15.01ms)
2026/10/04 23:53:35 OK   00013_audit_signed_segments.sql (9.19ms)
2026/10/04 23:53:35 OK   00014_audit_segment_predecessors.sql (4.55ms)
2026/10/04 23:53:35 OK   00015_source_schema_scope.sql (2.45ms)
2026/10/04 23:53:35 OK   00016_cluster_registration_metadata.sql (3.05ms)
2026/10/04 23:53:35 OK   00017_source_data_scope.sql (2.78ms)
2026/10/04 23:53:35 OK   00018_sp04_resources_evidence.sql (9.23ms)
2026/10/04 23:53:35 OK   00019_sp04_archive_ciphertext_bytes.sql (2.1ms)
2026/10/04 23:53:35 OK   00020_sp04_request_ledger.sql (3.19ms)
2026/10/04 23:53:35 OK   00021_sp04_archive_protection.sql (2.57ms)
2026/10/04 23:53:35 OK   00022_sp04_legal_hold_dependencies.sql (2.21ms)
2026/10/04 23:53:35 OK   00023_sp04_archive_query_intent.sql (2.19ms)
2026/10/04 23:53:35 OK   00024_sp05_finding_incident.sql (10.66ms)
2026/10/04 23:53:35 OK   00025_sp05_incident_event_time.sql (2.25ms)
2026/10/04 23:53:35 OK   00026_sp05_source_binding_lock.sql (2.53ms)
2026/10/04 23:53:35 OK   00027_sp05_rca_and_poll.sql (5.07ms)
2026/10/04 23:53:35 OK   00028_sp05_operator_lock.sql (2.33ms)
2026/10/04 23:53:35 OK   00029_sp05_evidence_links.sql (3.72ms)
2026/10/04 23:53:35 OK   00030_sp05_recipe_fence.sql (2.11ms)
2026/10/04 23:53:35 OK   00031_sp05_rca_postcheck.sql (1.7ms)
2026/10/04 23:53:35 OK   00032_sp05_transport_audit.sql (1.69ms)
2026/10/04 23:53:35 OK   00033_sp05_poll_resolution_clock.sql (1.92ms)
2026/10/04 23:53:35 OK   00034_sp06_investigation_ledger.sql (12.92ms)
2026/10/04 23:53:35 OK   00035_sp06_admission_data_classes.sql (2.19ms)
2026/10/04 23:53:35 goose: successfully migrated database to version: 35
2026/10/04 23:53:35 OK   00001_roles_and_schemas.sql (22.15ms)
2026/10/04 23:53:35 goose: successfully migrated database to version: 1
2026/10/04 23:53:35 OK   00002_platform_meta.sql (17.46ms)
2026/10/04 23:53:35 OK   00003_finding.sql (8.29ms)
2026/10/04 23:53:35 OK   00004_incident.sql (5.67ms)
2026/10/04 23:53:35 OK   00005_investigation.sql (6.23ms)
2026/10/04 23:53:35 OK   00006_action_command.sql (5.24ms)
2026/10/04 23:53:35 OK   00007_audit.sql (8.3ms)
2026/10/04 23:53:35 OK   00008_rls.sql (7.06ms)
2026/10/04 23:53:35 OK   00009_idempotency_ledger.sql (5.71ms)
2026/10/04 23:53:35 OK   00010_tenant_provisioning.sql (3.59ms)
2026/10/04 23:53:35 OK   00011_source_registration_history.sql (5.18ms)
2026/10/04 23:53:35 OK   00012_config_registry_lifecycle.sql (6.84ms)
2026/10/04 23:53:35 OK   00013_audit_signed_segments.sql (9.41ms)
2026/10/04 23:53:35 OK   00014_audit_segment_predecessors.sql (4.7ms)
2026/10/04 23:53:35 OK   00015_source_schema_scope.sql (2.92ms)
2026/10/04 23:53:35 OK   00016_cluster_registration_metadata.sql (4.91ms)
2026/10/04 23:53:35 OK   00017_source_data_scope.sql (3.01ms)
2026/10/04 23:53:35 OK   00018_sp04_resources_evidence.sql (13.31ms)
2026/10/04 23:53:35 OK   00019_sp04_archive_ciphertext_bytes.sql (4.28ms)
2026/10/04 23:53:35 OK   00020_sp04_request_ledger.sql (6.22ms)
2026/10/04 23:53:35 OK   00021_sp04_archive_protection.sql (2.59ms)
2026/10/04 23:53:35 OK   00022_sp04_legal_hold_dependencies.sql (2.46ms)
2026/10/04 23:53:35 OK   00023_sp04_archive_query_intent.sql (2.74ms)
2026/10/04 23:53:35 OK   00024_sp05_finding_incident.sql (11.95ms)
2026/10/04 23:53:35 OK   00025_sp05_incident_event_time.sql (2.82ms)
2026/10/04 23:53:35 OK   00026_sp05_source_binding_lock.sql (2.61ms)
2026/10/04 23:53:35 OK   00027_sp05_rca_and_poll.sql (5.92ms)
2026/10/04 23:53:35 OK   00028_sp05_operator_lock.sql (2.44ms)
2026/10/04 23:53:35 OK   00029_sp05_evidence_links.sql (4.46ms)
2026/10/04 23:53:35 OK   00030_sp05_recipe_fence.sql (2.38ms)
2026/10/04 23:53:35 OK   00031_sp05_rca_postcheck.sql (2.06ms)
2026/10/04 23:53:35 OK   00032_sp05_transport_audit.sql (2.33ms)
2026/10/04 23:53:35 OK   00033_sp05_poll_resolution_clock.sql (2.41ms)
2026/10/04 23:53:35 OK   00034_sp06_investigation_ledger.sql (12.86ms)
2026/10/04 23:53:35 OK   00035_sp06_admission_data_classes.sql (2.4ms)
2026/10/04 23:53:35 goose: successfully migrated database to version: 35
2026/10/04 23:53:36 OK   00001_roles_and_schemas.sql (8.21ms)
2026/10/04 23:53:36 goose: successfully migrated database to version: 1
2026/10/04 23:53:36 OK   00002_platform_meta.sql (15.04ms)
2026/10/04 23:53:36 OK   00003_finding.sql (6.96ms)
2026/10/04 23:53:36 OK   00004_incident.sql (5.36ms)
2026/10/04 23:53:36 OK   00005_investigation.sql (6.34ms)
2026/10/04 23:53:36 OK   00006_action_command.sql (5.55ms)
2026/10/04 23:53:36 OK   00007_audit.sql (8.54ms)
2026/10/04 23:53:36 OK   00008_rls.sql (6.67ms)
2026/10/04 23:53:36 OK   00009_idempotency_ledger.sql (6.66ms)
2026/10/04 23:53:36 OK   00010_tenant_provisioning.sql (3.87ms)
2026/10/04 23:53:36 OK   00011_source_registration_history.sql (5.4ms)
2026/10/04 23:53:36 OK   00012_config_registry_lifecycle.sql (7.6ms)
2026/10/04 23:53:36 OK   00013_audit_signed_segments.sql (8.78ms)
2026/10/04 23:53:36 OK   00014_audit_segment_predecessors.sql (4.13ms)
2026/10/04 23:53:36 OK   00015_source_schema_scope.sql (2.52ms)
2026/10/04 23:53:36 OK   00016_cluster_registration_metadata.sql (3.28ms)
2026/10/04 23:53:36 OK   00017_source_data_scope.sql (3.05ms)
2026/10/04 23:53:36 OK   00018_sp04_resources_evidence.sql (9.32ms)
2026/10/04 23:53:36 OK   00019_sp04_archive_ciphertext_bytes.sql (2.39ms)
2026/10/04 23:53:36 OK   00020_sp04_request_ledger.sql (3.7ms)
2026/10/04 23:53:36 OK   00021_sp04_archive_protection.sql (2.89ms)
2026/10/04 23:53:36 OK   00022_sp04_legal_hold_dependencies.sql (2.75ms)
2026/10/04 23:53:36 OK   00023_sp04_archive_query_intent.sql (2.61ms)
2026/10/04 23:53:36 OK   00024_sp05_finding_incident.sql (11.78ms)
2026/10/04 23:53:36 OK   00025_sp05_incident_event_time.sql (2.89ms)
2026/10/04 23:53:36 OK   00026_sp05_source_binding_lock.sql (2.54ms)
2026/10/04 23:53:36 OK   00027_sp05_rca_and_poll.sql (5ms)
2026/10/04 23:53:36 OK   00028_sp05_operator_lock.sql (2.6ms)
2026/10/04 23:53:36 OK   00029_sp05_evidence_links.sql (4.09ms)
2026/10/04 23:53:36 OK   00030_sp05_recipe_fence.sql (2.34ms)
2026/10/04 23:53:36 OK   00031_sp05_rca_postcheck.sql (2.01ms)
2026/10/04 23:53:36 OK   00032_sp05_transport_audit.sql (2.04ms)
2026/10/04 23:53:36 OK   00033_sp05_poll_resolution_clock.sql (2.31ms)
2026/10/04 23:53:36 OK   00034_sp06_investigation_ledger.sql (12.92ms)
2026/10/04 23:53:36 OK   00035_sp06_admission_data_classes.sql (2.55ms)
2026/10/04 23:53:36 goose: successfully migrated database to version: 35
2026/10/04 23:53:36 OK   00001_roles_and_schemas.sql (7.42ms)
2026/10/04 23:53:36 goose: successfully migrated database to version: 1
2026/10/04 23:53:36 OK   00002_platform_meta.sql (21.73ms)
2026/10/04 23:53:36 OK   00003_finding.sql (5.84ms)
2026/10/04 23:53:36 OK   00004_incident.sql (9.69ms)
2026/10/04 23:53:36 OK   00005_investigation.sql (12.48ms)
2026/10/04 23:53:36 OK   00006_action_command.sql (5.9ms)
2026/10/04 23:53:36 OK   00007_audit.sql (8.3ms)
2026/10/04 23:53:36 OK   00008_rls.sql (7.56ms)
2026/10/04 23:53:36 OK   00009_idempotency_ledger.sql (5.51ms)
2026/10/04 23:53:36 OK   00010_tenant_provisioning.sql (3.86ms)
2026/10/04 23:53:36 OK   00011_source_registration_history.sql (5.34ms)
2026/10/04 23:53:36 OK   00012_config_registry_lifecycle.sql (7.28ms)
2026/10/04 23:53:36 OK   00013_audit_signed_segments.sql (9.16ms)
2026/10/04 23:53:36 OK   00014_audit_segment_predecessors.sql (4.6ms)
2026/10/04 23:53:36 OK   00015_source_schema_scope.sql (4.11ms)
2026/10/04 23:53:36 OK   00016_cluster_registration_metadata.sql (5.87ms)
2026/10/04 23:53:36 OK   00017_source_data_scope.sql (4.44ms)
2026/10/04 23:53:36 OK   00018_sp04_resources_evidence.sql (12.1ms)
2026/10/04 23:53:36 OK   00019_sp04_archive_ciphertext_bytes.sql (2.31ms)
2026/10/04 23:53:36 OK   00020_sp04_request_ledger.sql (4.72ms)
2026/10/04 23:53:36 OK   00021_sp04_archive_protection.sql (3.23ms)
2026/10/04 23:53:36 OK   00022_sp04_legal_hold_dependencies.sql (3.73ms)
2026/10/04 23:53:36 OK   00023_sp04_archive_query_intent.sql (1.9ms)
2026/10/04 23:53:36 OK   00024_sp05_finding_incident.sql (12.11ms)
2026/10/04 23:53:36 OK   00025_sp05_incident_event_time.sql (2.23ms)
2026/10/04 23:53:36 OK   00026_sp05_source_binding_lock.sql (2.62ms)
2026/10/04 23:53:36 OK   00027_sp05_rca_and_poll.sql (5.08ms)
2026/10/04 23:53:36 OK   00028_sp05_operator_lock.sql (2.69ms)
2026/10/04 23:53:36 OK   00029_sp05_evidence_links.sql (3.83ms)
2026/10/04 23:53:36 OK   00030_sp05_recipe_fence.sql (2.4ms)
2026/10/04 23:53:36 OK   00031_sp05_rca_postcheck.sql (1.99ms)
2026/10/04 23:53:36 OK   00032_sp05_transport_audit.sql (2.08ms)
2026/10/04 23:53:36 OK   00033_sp05_poll_resolution_clock.sql (2ms)
2026/10/04 23:53:36 OK   00034_sp06_investigation_ledger.sql (12.75ms)
2026/10/04 23:53:36 OK   00035_sp06_admission_data_classes.sql (3.14ms)
2026/10/04 23:53:36 goose: successfully migrated database to version: 35
2026/10/04 23:53:37 OK   00001_roles_and_schemas.sql (6.34ms)
2026/10/04 23:53:37 goose: successfully migrated database to version: 1
2026/10/04 23:53:37 OK   00002_platform_meta.sql (12.12ms)
2026/10/04 23:53:37 OK   00003_finding.sql (4.67ms)
2026/10/04 23:53:37 OK   00004_incident.sql (2.9ms)
2026/10/04 23:53:37 OK   00005_investigation.sql (3.6ms)
2026/10/04 23:53:37 OK   00006_action_command.sql (3.15ms)
2026/10/04 23:53:37 OK   00007_audit.sql (11.32ms)
2026/10/04 23:53:37 OK   00008_rls.sql (8.92ms)
2026/10/04 23:53:37 OK   00009_idempotency_ledger.sql (5.81ms)
2026/10/04 23:53:37 OK   00010_tenant_provisioning.sql (2.51ms)
2026/10/04 23:53:37 OK   00011_source_registration_history.sql (3.73ms)
2026/10/04 23:53:37 OK   00012_config_registry_lifecycle.sql (6.32ms)
2026/10/04 23:53:37 OK   00013_audit_signed_segments.sql (7.24ms)
2026/10/04 23:53:37 OK   00014_audit_segment_predecessors.sql (3.11ms)
2026/10/04 23:53:37 OK   00015_source_schema_scope.sql (1.59ms)
2026/10/04 23:53:37 OK   00016_cluster_registration_metadata.sql (2.2ms)
2026/10/04 23:53:37 OK   00017_source_data_scope.sql (1.76ms)
2026/10/04 23:53:37 OK   00018_sp04_resources_evidence.sql (8.1ms)
2026/10/04 23:53:37 OK   00019_sp04_archive_ciphertext_bytes.sql (1.41ms)
2026/10/04 23:53:37 OK   00020_sp04_request_ledger.sql (2.37ms)
2026/10/04 23:53:37 OK   00021_sp04_archive_protection.sql (1.57ms)
2026/10/04 23:53:37 OK   00022_sp04_legal_hold_dependencies.sql (1.34ms)
2026/10/04 23:53:37 OK   00023_sp04_archive_query_intent.sql (1.25ms)
2026/10/04 23:53:37 OK   00024_sp05_finding_incident.sql (10.08ms)
2026/10/04 23:53:37 OK   00025_sp05_incident_event_time.sql (1.32ms)
2026/10/04 23:53:37 OK   00026_sp05_source_binding_lock.sql (1.78ms)
2026/10/04 23:53:37 OK   00027_sp05_rca_and_poll.sql (4.01ms)
2026/10/04 23:53:37 OK   00028_sp05_operator_lock.sql (1.79ms)
2026/10/04 23:53:37 OK   00029_sp05_evidence_links.sql (3.31ms)
2026/10/04 23:53:37 OK   00030_sp05_recipe_fence.sql (1.77ms)
2026/10/04 23:53:37 OK   00031_sp05_rca_postcheck.sql (1.41ms)
2026/10/04 23:53:37 OK   00032_sp05_transport_audit.sql (1.7ms)
2026/10/04 23:53:37 OK   00033_sp05_poll_resolution_clock.sql (1.97ms)
2026/10/04 23:53:37 OK   00034_sp06_investigation_ledger.sql (15.98ms)
2026/10/04 23:53:37 OK   00035_sp06_admission_data_classes.sql (1.86ms)
2026/10/04 23:53:37 goose: successfully migrated database to version: 35
2026/10/04 23:53:38 OK   00001_roles_and_schemas.sql (8.38ms)
2026/10/04 23:53:38 goose: successfully migrated database to version: 1
2026/10/04 23:53:38 OK   00002_platform_meta.sql (15.89ms)
2026/10/04 23:53:38 OK   00003_finding.sql (6.75ms)
2026/10/04 23:53:38 OK   00004_incident.sql (4.93ms)
2026/10/04 23:53:38 OK   00005_investigation.sql (5.65ms)
2026/10/04 23:53:38 OK   00006_action_command.sql (5.43ms)
2026/10/04 23:53:38 OK   00007_audit.sql (8.46ms)
2026/10/04 23:53:38 OK   00008_rls.sql (7.48ms)
2026/10/04 23:53:38 OK   00009_idempotency_ledger.sql (5.42ms)
2026/10/04 23:53:38 OK   00010_tenant_provisioning.sql (3.77ms)
2026/10/04 23:53:38 OK   00011_source_registration_history.sql (5.15ms)
2026/10/04 23:53:38 OK   00012_config_registry_lifecycle.sql (7.62ms)
2026/10/04 23:53:38 OK   00013_audit_signed_segments.sql (8.7ms)
2026/10/04 23:53:38 OK   00014_audit_segment_predecessors.sql (4.1ms)
2026/10/04 23:53:38 OK   00015_source_schema_scope.sql (2.3ms)
2026/10/04 23:53:38 OK   00016_cluster_registration_metadata.sql (3.11ms)
2026/10/04 23:53:38 OK   00017_source_data_scope.sql (2.63ms)
2026/10/04 23:53:38 OK   00018_sp04_resources_evidence.sql (9.44ms)
2026/10/04 23:53:38 OK   00019_sp04_archive_ciphertext_bytes.sql (2.38ms)
2026/10/04 23:53:38 OK   00020_sp04_request_ledger.sql (3.4ms)
2026/10/04 23:53:38 OK   00021_sp04_archive_protection.sql (2.83ms)
2026/10/04 23:53:38 OK   00022_sp04_legal_hold_dependencies.sql (2.39ms)
2026/10/04 23:53:38 OK   00023_sp04_archive_query_intent.sql (2.33ms)
2026/10/04 23:53:38 OK   00024_sp05_finding_incident.sql (14.59ms)
2026/10/04 23:53:38 OK   00025_sp05_incident_event_time.sql (2.94ms)
2026/10/04 23:53:38 OK   00026_sp05_source_binding_lock.sql (2.82ms)
2026/10/04 23:53:38 OK   00027_sp05_rca_and_poll.sql (6.19ms)
2026/10/04 23:53:38 OK   00028_sp05_operator_lock.sql (2.96ms)
2026/10/04 23:53:38 OK   00029_sp05_evidence_links.sql (4.7ms)
2026/10/04 23:53:38 OK   00030_sp05_recipe_fence.sql (3.12ms)
2026/10/04 23:53:38 OK   00031_sp05_rca_postcheck.sql (3.1ms)
2026/10/04 23:53:38 OK   00032_sp05_transport_audit.sql (5.14ms)
2026/10/04 23:53:38 OK   00033_sp05_poll_resolution_clock.sql (5.33ms)
2026/10/04 23:53:38 OK   00034_sp06_investigation_ledger.sql (32.43ms)
2026/10/04 23:53:38 OK   00035_sp06_admission_data_classes.sql (3.97ms)
2026/10/04 23:53:38 goose: successfully migrated database to version: 35
2026/10/04 23:53:39 OK   00001_roles_and_schemas.sql (8.01ms)
2026/10/04 23:53:39 goose: successfully migrated database to version: 1
2026/10/04 23:53:39 OK   00002_platform_meta.sql (14.41ms)
2026/10/04 23:53:39 OK   00003_finding.sql (6.36ms)
2026/10/04 23:53:39 OK   00004_incident.sql (4.54ms)
2026/10/04 23:53:39 OK   00005_investigation.sql (5.04ms)
2026/10/04 23:53:39 OK   00006_action_command.sql (4.7ms)
2026/10/04 23:53:39 OK   00007_audit.sql (7.42ms)
2026/10/04 23:53:39 OK   00008_rls.sql (7.37ms)
2026/10/04 23:53:39 OK   00009_idempotency_ledger.sql (5.93ms)
2026/10/04 23:53:39 OK   00010_tenant_provisioning.sql (4.09ms)
2026/10/04 23:53:39 OK   00011_source_registration_history.sql (5.24ms)
2026/10/04 23:53:39 OK   00012_config_registry_lifecycle.sql (7.64ms)
2026/10/04 23:53:39 OK   00013_audit_signed_segments.sql (8.61ms)
2026/10/04 23:53:39 OK   00014_audit_segment_predecessors.sql (4.05ms)
2026/10/04 23:53:39 OK   00015_source_schema_scope.sql (2.26ms)
2026/10/04 23:53:39 OK   00016_cluster_registration_metadata.sql (3.3ms)
2026/10/04 23:53:39 OK   00017_source_data_scope.sql (2.98ms)
2026/10/04 23:53:39 OK   00018_sp04_resources_evidence.sql (8.91ms)
2026/10/04 23:53:39 OK   00019_sp04_archive_ciphertext_bytes.sql (2.16ms)
2026/10/04 23:53:39 OK   00020_sp04_request_ledger.sql (3.27ms)
2026/10/04 23:53:39 OK   00021_sp04_archive_protection.sql (2.39ms)
2026/10/04 23:53:39 OK   00022_sp04_legal_hold_dependencies.sql (2.34ms)
2026/10/04 23:53:39 OK   00023_sp04_archive_query_intent.sql (2.25ms)
2026/10/04 23:53:39 OK   00024_sp05_finding_incident.sql (10.65ms)
2026/10/04 23:53:39 OK   00025_sp05_incident_event_time.sql (2.06ms)
2026/10/04 23:53:39 OK   00026_sp05_source_binding_lock.sql (2.46ms)
2026/10/04 23:53:39 OK   00027_sp05_rca_and_poll.sql (6.11ms)
2026/10/04 23:53:39 OK   00028_sp05_operator_lock.sql (2.54ms)
2026/10/04 23:53:39 OK   00029_sp05_evidence_links.sql (3.37ms)
2026/10/04 23:53:39 OK   00030_sp05_recipe_fence.sql (2.1ms)
2026/10/04 23:53:39 OK   00031_sp05_rca_postcheck.sql (1.93ms)
2026/10/04 23:53:39 OK   00032_sp05_transport_audit.sql (1.87ms)
2026/10/04 23:53:39 OK   00033_sp05_poll_resolution_clock.sql (1.99ms)
2026/10/04 23:53:39 OK   00034_sp06_investigation_ledger.sql (12.39ms)
2026/10/04 23:53:39 OK   00035_sp06_admission_data_classes.sql (2.4ms)
2026/10/04 23:53:39 goose: successfully migrated database to version: 35
2026/10/04 23:53:43 OK   00001_roles_and_schemas.sql (7.54ms)
2026/10/04 23:53:43 goose: successfully migrated database to version: 1
2026/10/04 23:53:43 OK   00002_platform_meta.sql (13.32ms)
2026/10/04 23:53:43 OK   00003_finding.sql (4.72ms)
2026/10/04 23:53:43 OK   00004_incident.sql (3.08ms)
2026/10/04 23:53:43 OK   00005_investigation.sql (3.7ms)
2026/10/04 23:53:43 OK   00006_action_command.sql (3.43ms)
2026/10/04 23:53:43 OK   00007_audit.sql (5.96ms)
2026/10/04 23:53:43 OK   00008_rls.sql (5.02ms)
2026/10/04 23:53:43 OK   00009_idempotency_ledger.sql (4.45ms)
2026/10/04 23:53:43 OK   00010_tenant_provisioning.sql (2.75ms)
2026/10/04 23:53:43 OK   00011_source_registration_history.sql (3.85ms)
2026/10/04 23:53:43 OK   00012_config_registry_lifecycle.sql (5.75ms)
2026/10/04 23:53:43 OK   00013_audit_signed_segments.sql (7.45ms)
2026/10/04 23:53:43 OK   00014_audit_segment_predecessors.sql (2.93ms)
2026/10/04 23:53:43 OK   00015_source_schema_scope.sql (1.56ms)
2026/10/04 23:53:43 OK   00016_cluster_registration_metadata.sql (2.26ms)
2026/10/04 23:53:43 OK   00017_source_data_scope.sql (1.79ms)
2026/10/04 23:53:43 OK   00018_sp04_resources_evidence.sql (8.4ms)
2026/10/04 23:53:43 OK   00019_sp04_archive_ciphertext_bytes.sql (1.43ms)
2026/10/04 23:53:43 OK   00020_sp04_request_ledger.sql (2.31ms)
2026/10/04 23:53:43 OK   00021_sp04_archive_protection.sql (1.46ms)
2026/10/04 23:53:43 OK   00022_sp04_legal_hold_dependencies.sql (1.33ms)
2026/10/04 23:53:43 OK   00023_sp04_archive_query_intent.sql (1.37ms)
2026/10/04 23:53:43 OK   00024_sp05_finding_incident.sql (10.57ms)
2026/10/04 23:53:43 OK   00025_sp05_incident_event_time.sql (1.45ms)
2026/10/04 23:53:43 OK   00026_sp05_source_binding_lock.sql (1.86ms)
2026/10/04 23:53:43 OK   00027_sp05_rca_and_poll.sql (4.44ms)
2026/10/04 23:53:43 OK   00028_sp05_operator_lock.sql (2.25ms)
2026/10/04 23:53:43 OK   00029_sp05_evidence_links.sql (3.34ms)
2026/10/04 23:53:43 OK   00030_sp05_recipe_fence.sql (1.68ms)
2026/10/04 23:53:43 OK   00031_sp05_rca_postcheck.sql (1.38ms)
2026/10/04 23:53:43 OK   00032_sp05_transport_audit.sql (1.59ms)
2026/10/04 23:53:43 OK   00033_sp05_poll_resolution_clock.sql (1.84ms)
2026/10/04 23:53:43 OK   00034_sp06_investigation_ledger.sql (12.89ms)
2026/10/04 23:53:43 OK   00035_sp06_admission_data_classes.sql (1.52ms)
2026/10/04 23:53:43 goose: successfully migrated database to version: 35
--- FAIL: TestSP06ActualCurrentRCARecommendationValidator (0.24s)
    sp05_golden_vertical_test.go:108: OPENBAO_UNAVAILABLE: Get "https://127.0.0.1:32779/v1/sys/mounts": dial tcp 127.0.0.1:32779: connect: connection refused
2026/10/04 23:53:43 OK   00001_roles_and_schemas.sql (6.1ms)
2026/10/04 23:53:43 OK   00002_platform_meta.sql (11.45ms)
2026/10/04 23:53:43 OK   00003_finding.sql (5.39ms)
2026/10/04 23:53:43 OK   00004_incident.sql (3.31ms)
2026/10/04 23:53:43 OK   00005_investigation.sql (3.7ms)
2026/10/04 23:53:43 OK   00006_action_command.sql (3.25ms)
2026/10/04 23:53:43 OK   00007_audit.sql (6.28ms)
2026/10/04 23:53:43 OK   00008_rls.sql (5.64ms)
2026/10/04 23:53:43 OK   00009_idempotency_ledger.sql (4.58ms)
2026/10/04 23:53:43 OK   00010_tenant_provisioning.sql (2.45ms)
2026/10/04 23:53:43 OK   00011_source_registration_history.sql (3.61ms)
2026/10/04 23:53:43 OK   00012_config_registry_lifecycle.sql (5.77ms)
2026/10/04 23:53:43 OK   00013_audit_signed_segments.sql (6.89ms)
2026/10/04 23:53:43 OK   00014_audit_segment_predecessors.sql (2.96ms)
2026/10/04 23:53:43 OK   00015_source_schema_scope.sql (1.37ms)
2026/10/04 23:53:43 OK   00016_cluster_registration_metadata.sql (2.12ms)
2026/10/04 23:53:43 OK   00017_source_data_scope.sql (1.7ms)
2026/10/04 23:53:43 OK   00018_sp04_resources_evidence.sql (7.78ms)
2026/10/04 23:53:43 OK   00019_sp04_archive_ciphertext_bytes.sql (1.4ms)
2026/10/04 23:53:43 OK   00020_sp04_request_ledger.sql (2.46ms)
2026/10/04 23:53:43 OK   00021_sp04_archive_protection.sql (1.73ms)
2026/10/04 23:53:43 OK   00022_sp04_legal_hold_dependencies.sql (1.43ms)
2026/10/04 23:53:43 OK   00023_sp04_archive_query_intent.sql (1.4ms)
2026/10/04 23:53:43 OK   00024_sp05_finding_incident.sql (17.15ms)
2026/10/04 23:53:43 OK   00025_sp05_incident_event_time.sql (2.78ms)
2026/10/04 23:53:43 OK   00026_sp05_source_binding_lock.sql (3.69ms)
2026/10/04 23:53:43 OK   00027_sp05_rca_and_poll.sql (8.66ms)
2026/10/04 23:53:43 OK   00028_sp05_operator_lock.sql (2.27ms)
2026/10/04 23:53:43 OK   00029_sp05_evidence_links.sql (4.1ms)
2026/10/04 23:53:43 OK   00030_sp05_recipe_fence.sql (1.75ms)
2026/10/04 23:53:43 OK   00031_sp05_rca_postcheck.sql (1.2ms)
2026/10/04 23:53:43 OK   00032_sp05_transport_audit.sql (1.54ms)
2026/10/04 23:53:43 OK   00033_sp05_poll_resolution_clock.sql (1.97ms)
2026/10/04 23:53:43 OK   00034_sp06_investigation_ledger.sql (12.74ms)
2026/10/04 23:53:43 OK   00035_sp06_admission_data_classes.sql (1.61ms)
2026/10/04 23:53:43 goose: successfully migrated database to version: 35
2026/10/04 23:53:43 OK   00001_roles_and_schemas.sql (6.3ms)
2026/10/04 23:53:43 goose: successfully migrated database to version: 1
2026/10/04 23:53:43 OK   00002_platform_meta.sql (11.82ms)
2026/10/04 23:53:43 OK   00003_finding.sql (4.95ms)
2026/10/04 23:53:43 OK   00004_incident.sql (2.9ms)
2026/10/04 23:53:43 OK   00005_investigation.sql (3.52ms)
2026/10/04 23:53:43 OK   00006_action_command.sql (3.09ms)
2026/10/04 23:53:43 OK   00007_audit.sql (5.07ms)
2026/10/04 23:53:43 OK   00008_rls.sql (5.01ms)
2026/10/04 23:53:43 OK   00009_idempotency_ledger.sql (3.85ms)
2026/10/04 23:53:43 OK   00010_tenant_provisioning.sql (2.33ms)
2026/10/04 23:53:43 OK   00011_source_registration_history.sql (3.36ms)
2026/10/04 23:53:43 OK   00012_config_registry_lifecycle.sql (5.24ms)
2026/10/04 23:53:43 OK   00013_audit_signed_segments.sql (6.47ms)
2026/10/04 23:53:43 OK   00014_audit_segment_predecessors.sql (2.89ms)
2026/10/04 23:53:43 OK   00015_source_schema_scope.sql (1.58ms)
2026/10/04 23:53:43 OK   00016_cluster_registration_metadata.sql (2.18ms)
2026/10/04 23:53:43 OK   00017_source_data_scope.sql (1.75ms)
2026/10/04 23:53:43 OK   00018_sp04_resources_evidence.sql (8.34ms)
2026/10/04 23:53:43 OK   00019_sp04_archive_ciphertext_bytes.sql (1.53ms)
2026/10/04 23:53:43 OK   00020_sp04_request_ledger.sql (2.53ms)
2026/10/04 23:53:43 OK   00021_sp04_archive_protection.sql (1.87ms)
2026/10/04 23:53:43 OK   00022_sp04_legal_hold_dependencies.sql (1.9ms)
2026/10/04 23:53:43 OK   00023_sp04_archive_query_intent.sql (1.52ms)
2026/10/04 23:53:43 OK   00024_sp05_finding_incident.sql (10.56ms)
2026/10/04 23:53:43 OK   00025_sp05_incident_event_time.sql (1.72ms)
2026/10/04 23:53:43 OK   00026_sp05_source_binding_lock.sql (1.93ms)
2026/10/04 23:53:43 OK   00027_sp05_rca_and_poll.sql (4.18ms)
2026/10/04 23:53:43 OK   00028_sp05_operator_lock.sql (1.88ms)
2026/10/04 23:53:43 OK   00029_sp05_evidence_links.sql (3.21ms)
2026/10/04 23:53:43 OK   00030_sp05_recipe_fence.sql (1.71ms)
2026/10/04 23:53:43 OK   00031_sp05_rca_postcheck.sql (1.51ms)
2026/10/04 23:53:43 OK   00032_sp05_transport_audit.sql (1.52ms)
2026/10/04 23:53:43 OK   00033_sp05_poll_resolution_clock.sql (1.78ms)
2026/10/04 23:53:43 OK   00034_sp06_investigation_ledger.sql (12.65ms)
2026/10/04 23:53:43 OK   00035_sp06_admission_data_classes.sql (1.49ms)
2026/10/04 23:53:43 goose: successfully migrated database to version: 35
--- FAIL: TestRealOpenBaoWorkloadPKIIssuanceAndRevocation (0.00s)
    workload_identity_test.go:36: configure workload roles in isolated OpenBao: OPENBAO_UNAVAILABLE: Get "https://127.0.0.1:32779/v1/sys/seal-status": dial tcp 127.0.0.1:32779: connect: connection refused
FAIL
FAIL	ops-platform/test/integration	94.198s
ok  	ops-platform/test/security	0.508s
?   	ops-platform/test/tools/sp05-analyzer-check	[no test files]
?   	ops-platform/test/tools/sp05-worker-check	[no test files]
?   	ops-platform/test/tools/sp06-dispatcher-process	[no test files]
FAIL
make: *** [test-unit] Error 1
