python3 scripts/check-generated.py "go" gen web/src/api/generated internal/persistence/dbgen services/investigator/src/investigator/output.schema.json
✓ Lockfile passes supply-chain policies (verified 8d ago)
Lockfile is up to date, resolution step is skipped
Already up to date
Done in 74ms using pnpm v12.7.0
$ orval --config ./orval.config.ts
🍻 orval v8.37.0 - A swagger client generator for typescript
platform - Cleaning output folder
platform - 🎉 Smart Operations Platform API - Your OpenAPI spec has been converted into ready to use orval!
python3 scripts/prepare-runtime-source.py --check
{"modules": 98, "selectedModuleFiles": 2993, "standardLibraryFiles": 1386, "sourceBundleSHA256": "sha256:9628d31da79f4d4fcbffb303796aa805ee0508e732c66f203f2f330fb9bbe903"}
go vet ./...
?   	ops-platform/api	[no test files]
?   	ops-platform/artifacts	[no test files]
?   	ops-platform/artifacts/task27-materials/sp010203-bao-operator	[no test files]
?   	ops-platform/artifacts/task27-materials/sp010203-cleanup-operator	[no test files]
?   	ops-platform/artifacts/task27-materials/sp010203-live-runtime-probe	[no test files]
?   	ops-platform/artifacts/task27-materials/sp010203-operator-helper	[no test files]
?   	ops-platform/artifacts/task27-materials/sp010203-role-probe	[no test files]
?   	ops-platform/bundle	[no test files]
?   	ops-platform/cmd/db-migrate	[no test files]
ok  	ops-platform/cmd/opsctl	27.465s
?   	ops-platform/cmd/platform-api	[no test files]
?   	ops-platform/cmd/platform-worker	[no test files]
?   	ops-platform/gen/api	[no test files]
?   	ops-platform/gen/internalgraph	[no test files]
ok  	ops-platform/internal/app	1.084s
ok  	ops-platform/internal/archive	(cached)
ok  	ops-platform/internal/audit	1.497s
ok  	ops-platform/internal/auth	(cached)
?   	ops-platform/internal/bootstrap	[no test files]
ok  	ops-platform/internal/bundle	32.045s
ok  	ops-platform/internal/bundle/drivers	2.263s
ok  	ops-platform/internal/configregistry	2.662s
?   	ops-platform/internal/contract	[no test files]
ok  	ops-platform/internal/crypto	(cached)
?   	ops-platform/internal/datascope	[no test files]
ok  	ops-platform/internal/evidence	2.615s
ok  	ops-platform/internal/finding	3.132s
ok  	ops-platform/internal/graph	6.184s
ok  	ops-platform/internal/httpapi	4.243s
ok  	ops-platform/internal/incident	(cached)
ok  	ops-platform/internal/inspection/hardware	(cached)
ok  	ops-platform/internal/inspection/kubernetes	3.494s
ok  	ops-platform/internal/inspection/npd	(cached)
?   	ops-platform/internal/integrations	[no test files]
ok  	ops-platform/internal/integrations/deepflow	(cached)
ok  	ops-platform/internal/integrations/k8sgpt	(cached)
ok  	ops-platform/internal/integrations/keycloak	(cached)
ok  	ops-platform/internal/integrations/kubernetes	(cached)
ok  	ops-platform/internal/integrations/openbao	(cached)
ok  	ops-platform/internal/integrations/redfish	(cached)
ok  	ops-platform/internal/integrations/s3	(cached)
?   	ops-platform/internal/integrations/victorialogs	[no test files]
?   	ops-platform/internal/integrations/victorialogs/adapter	[no test files]
?   	ops-platform/internal/integrations/victoriametrics	[no test files]
?   	ops-platform/internal/integrations/victoriametrics/adapter	[no test files]
?   	ops-platform/internal/integrations/vmalert	[no test files]
ok  	ops-platform/internal/investigation	(cached)
?   	ops-platform/internal/investigation/mcp	[no test files]
ok  	ops-platform/internal/investigation/tools	3.643s
ok  	ops-platform/internal/observability	(cached)
ok  	ops-platform/internal/persistence	(cached)
?   	ops-platform/internal/persistence/dbgen	[no test files]
ok  	ops-platform/internal/policy	3.738s
ok  	ops-platform/internal/profile	5.477s
ok  	ops-platform/internal/rca	2.703s
ok  	ops-platform/internal/resource	(cached)
?   	ops-platform/internal/resourcestore	[no test files]
ok  	ops-platform/internal/source	(cached)
ok  	ops-platform/internal/supplychain	(cached)
?   	ops-platform/internal/tenant	[no test files]
?   	ops-platform/internal/upstream/corootcheck	[no test files]
?   	ops-platform/internal/upstream/keepmodel	[no test files]
?   	ops-platform/internal/upstream/metal3	[no test files]
?   	ops-platform/internal/upstream/ontology/api	[no test files]
?   	ops-platform/internal/upstream/ontology/model	[no test files]
?   	ops-platform/internal/upstream/ontology/service/diagnostic	[no test files]
?   	ops-platform/policies	[no test files]
ok  	ops-platform/test/contract	54.105s
ok  	ops-platform/test/e2e	3.035s
?   	ops-platform/test/fixtures/sp04/profile-detect	[no test files]
?   	ops-platform/test/fixtures/upstream-inspection	[no test files]
2026/10/05 00:37:33 OK   00001_roles_and_schemas.sql (191.53ms)
2026/10/05 00:37:33 goose: successfully migrated database to version: 1
2026/10/05 00:37:34 OK   00002_platform_meta.sql (63.09ms)
2026/10/05 00:37:34 OK   00003_finding.sql (44.01ms)
2026/10/05 00:37:34 OK   00004_incident.sql (10.64ms)
2026/10/05 00:37:34 OK   00005_investigation.sql (21.66ms)
2026/10/05 00:37:34 OK   00006_action_command.sql (15.13ms)
2026/10/05 00:37:34 OK   00007_audit.sql (68.84ms)
2026/10/05 00:37:34 OK   00008_rls.sql (19.81ms)
2026/10/05 00:37:34 OK   00009_idempotency_ledger.sql (124.69ms)
2026/10/05 00:37:34 OK   00010_tenant_provisioning.sql (40.15ms)
2026/10/05 00:37:34 OK   00011_source_registration_history.sql (15.47ms)
2026/10/05 00:37:34 OK   00012_config_registry_lifecycle.sql (50.01ms)
2026/10/05 00:37:34 OK   00013_audit_signed_segments.sql (65.75ms)
2026/10/05 00:37:34 OK   00014_audit_segment_predecessors.sql (19.04ms)
2026/10/05 00:37:34 OK   00015_source_schema_scope.sql (26.26ms)
2026/10/05 00:37:34 OK   00016_cluster_registration_metadata.sql (59.56ms)
2026/10/05 00:37:34 OK   00017_source_data_scope.sql (45.91ms)
2026/10/05 00:37:34 OK   00018_sp04_resources_evidence.sql (64.04ms)
2026/10/05 00:37:34 OK   00019_sp04_archive_ciphertext_bytes.sql (6.62ms)
2026/10/05 00:37:34 OK   00020_sp04_request_ledger.sql (42.15ms)
2026/10/05 00:37:34 OK   00021_sp04_archive_protection.sql (12ms)
2026/10/05 00:37:34 OK   00022_sp04_legal_hold_dependencies.sql (17.48ms)
2026/10/05 00:37:34 OK   00023_sp04_archive_query_intent.sql (7.6ms)
2026/10/05 00:37:34 OK   00024_sp05_finding_incident.sql (44.71ms)
2026/10/05 00:37:34 OK   00025_sp05_incident_event_time.sql (2.89ms)
2026/10/05 00:37:34 OK   00026_sp05_source_binding_lock.sql (4.38ms)
2026/10/05 00:37:34 OK   00027_sp05_rca_and_poll.sql (7.59ms)
2026/10/05 00:37:34 OK   00028_sp05_operator_lock.sql (5.22ms)
2026/10/05 00:37:34 OK   00029_sp05_evidence_links.sql (32.7ms)
2026/10/05 00:37:34 OK   00030_sp05_recipe_fence.sql (5.26ms)
2026/10/05 00:37:34 OK   00031_sp05_rca_postcheck.sql (3.1ms)
2026/10/05 00:37:34 OK   00032_sp05_transport_audit.sql (32.19ms)
2026/10/05 00:37:34 OK   00033_sp05_poll_resolution_clock.sql (11.54ms)
2026/10/05 00:37:35 OK   00034_sp06_investigation_ledger.sql (58.88ms)
2026/10/05 00:37:35 OK   00035_sp06_admission_data_classes.sql (4.74ms)
2026/10/05 00:37:35 goose: successfully migrated database to version: 35
2026/10/05 00:37:35 OK   00001_roles_and_schemas.sql (74.84ms)
2026/10/05 00:37:35 goose: successfully migrated database to version: 1
2026/10/05 00:37:35 OK   00002_platform_meta.sql (56.08ms)
2026/10/05 00:37:35 OK   00003_finding.sql (9.36ms)
2026/10/05 00:37:35 OK   00004_incident.sql (16.73ms)
2026/10/05 00:37:35 OK   00005_investigation.sql (24.71ms)
2026/10/05 00:37:35 OK   00006_action_command.sql (6ms)
2026/10/05 00:37:36 OK   00007_audit.sql (44.69ms)
2026/10/05 00:37:36 OK   00008_rls.sql (10.07ms)
2026/10/05 00:37:36 OK   00009_idempotency_ledger.sql (37.39ms)
2026/10/05 00:37:36 OK   00010_tenant_provisioning.sql (4.02ms)
2026/10/05 00:37:36 OK   00011_source_registration_history.sql (7.09ms)
2026/10/05 00:37:36 OK   00012_config_registry_lifecycle.sql (45.12ms)
2026/10/05 00:37:36 OK   00013_audit_signed_segments.sql (35.65ms)
2026/10/05 00:37:36 OK   00014_audit_segment_predecessors.sql (6.37ms)
2026/10/05 00:37:36 OK   00015_source_schema_scope.sql (3.51ms)
2026/10/05 00:37:36 OK   00016_cluster_registration_metadata.sql (8.51ms)
2026/10/05 00:37:36 OK   00017_source_data_scope.sql (31.43ms)
2026/10/05 00:37:36 OK   00018_sp04_resources_evidence.sql (82.11ms)
2026/10/05 00:37:36 OK   00019_sp04_archive_ciphertext_bytes.sql (4.15ms)
2026/10/05 00:37:36 OK   00020_sp04_request_ledger.sql (28.31ms)
2026/10/05 00:37:36 OK   00021_sp04_archive_protection.sql (16.79ms)
2026/10/05 00:37:36 OK   00022_sp04_legal_hold_dependencies.sql (4.06ms)
2026/10/05 00:37:36 OK   00023_sp04_archive_query_intent.sql (23.28ms)
2026/10/05 00:37:36 OK   00024_sp05_finding_incident.sql (44.46ms)
2026/10/05 00:37:36 OK   00025_sp05_incident_event_time.sql (3.36ms)
2026/10/05 00:37:36 OK   00026_sp05_source_binding_lock.sql (5.32ms)
2026/10/05 00:37:36 OK   00027_sp05_rca_and_poll.sql (7.83ms)
2026/10/05 00:37:36 OK   00028_sp05_operator_lock.sql (3.29ms)
2026/10/05 00:37:36 OK   00029_sp05_evidence_links.sql (38.36ms)
2026/10/05 00:37:36 OK   00030_sp05_recipe_fence.sql (4.04ms)
2026/10/05 00:37:36 OK   00031_sp05_rca_postcheck.sql (3.52ms)
2026/10/05 00:37:36 OK   00032_sp05_transport_audit.sql (4.22ms)
2026/10/05 00:37:36 OK   00033_sp05_poll_resolution_clock.sql (25.13ms)
2026/10/05 00:37:36 OK   00034_sp06_investigation_ledger.sql (27.4ms)
2026/10/05 00:37:36 OK   00035_sp06_admission_data_classes.sql (3.64ms)
2026/10/05 00:37:36 goose: successfully migrated database to version: 35
2026/10/05 00:37:45 OK   00001_roles_and_schemas.sql (10.04ms)
2026/10/05 00:37:45 goose: successfully migrated database to version: 1
2026/10/05 00:37:45 OK   00002_platform_meta.sql (35.53ms)
2026/10/05 00:37:45 OK   00003_finding.sql (29.84ms)
2026/10/05 00:37:45 OK   00004_incident.sql (5.54ms)
2026/10/05 00:37:45 OK   00005_investigation.sql (5.74ms)
2026/10/05 00:37:45 OK   00006_action_command.sql (5.77ms)
2026/10/05 00:37:45 OK   00007_audit.sql (8.11ms)
2026/10/05 00:37:45 OK   00008_rls.sql (11.82ms)
2026/10/05 00:37:45 OK   00009_idempotency_ledger.sql (24.7ms)
2026/10/05 00:37:45 OK   00010_tenant_provisioning.sql (3.59ms)
2026/10/05 00:37:45 OK   00011_source_registration_history.sql (5.54ms)
2026/10/05 00:37:46 OK   00012_config_registry_lifecycle.sql (28.86ms)
2026/10/05 00:37:46 OK   00013_audit_signed_segments.sql (10.07ms)
2026/10/05 00:37:46 OK   00014_audit_segment_predecessors.sql (7.72ms)
2026/10/05 00:37:46 OK   00015_source_schema_scope.sql (2.59ms)
2026/10/05 00:37:46 OK   00016_cluster_registration_metadata.sql (3.89ms)
2026/10/05 00:37:46 OK   00017_source_data_scope.sql (3.47ms)
2026/10/05 00:37:46 OK   00018_sp04_resources_evidence.sql (12.78ms)
2026/10/05 00:37:46 OK   00019_sp04_archive_ciphertext_bytes.sql (18.21ms)
2026/10/05 00:37:46 OK   00020_sp04_request_ledger.sql (3.78ms)
2026/10/05 00:37:46 OK   00021_sp04_archive_protection.sql (4.46ms)
2026/10/05 00:37:46 OK   00022_sp04_legal_hold_dependencies.sql (2.67ms)
2026/10/05 00:37:46 OK   00023_sp04_archive_query_intent.sql (11.32ms)
2026/10/05 00:37:46 OK   00024_sp05_finding_incident.sql (48.72ms)
2026/10/05 00:37:46 OK   00025_sp05_incident_event_time.sql (2.97ms)
2026/10/05 00:37:46 OK   00026_sp05_source_binding_lock.sql (9.69ms)
2026/10/05 00:37:46 OK   00027_sp05_rca_and_poll.sql (18.85ms)
2026/10/05 00:37:46 OK   00028_sp05_operator_lock.sql (3.99ms)
2026/10/05 00:37:46 OK   00029_sp05_evidence_links.sql (5.34ms)
2026/10/05 00:37:46 OK   00030_sp05_recipe_fence.sql (22.72ms)
2026/10/05 00:37:46 OK   00031_sp05_rca_postcheck.sql (2.71ms)
2026/10/05 00:37:46 OK   00032_sp05_transport_audit.sql (2.87ms)
2026/10/05 00:37:46 OK   00033_sp05_poll_resolution_clock.sql (3.19ms)
2026/10/05 00:37:46 OK   00034_sp06_investigation_ledger.sql (20.37ms)
2026/10/05 00:37:46 OK   00035_sp06_admission_data_classes.sql (19.84ms)
2026/10/05 00:37:46 goose: successfully migrated database to version: 35
2026/10/05 00:37:46 OK   00001_roles_and_schemas.sql (11.26ms)
2026/10/05 00:37:46 goose: successfully migrated database to version: 1
2026/10/05 00:37:46 OK   00002_platform_meta.sql (38.51ms)
2026/10/05 00:37:46 OK   00003_finding.sql (28.03ms)
2026/10/05 00:37:46 OK   00004_incident.sql (31.05ms)
2026/10/05 00:37:46 OK   00005_investigation.sql (32.61ms)
2026/10/05 00:37:46 OK   00006_action_command.sql (5.02ms)
2026/10/05 00:37:46 OK   00007_audit.sql (31.38ms)
2026/10/05 00:37:46 OK   00008_rls.sql (34.29ms)
2026/10/05 00:37:46 OK   00009_idempotency_ledger.sql (8.1ms)
2026/10/05 00:37:46 OK   00010_tenant_provisioning.sql (6.29ms)
2026/10/05 00:37:46 OK   00011_source_registration_history.sql (15.83ms)
2026/10/05 00:37:46 OK   00012_config_registry_lifecycle.sql (9.47ms)
2026/10/05 00:37:46 OK   00013_audit_signed_segments.sql (31.32ms)
2026/10/05 00:37:46 OK   00014_audit_segment_predecessors.sql (5.51ms)
2026/10/05 00:37:46 OK   00015_source_schema_scope.sql (6.51ms)
2026/10/05 00:37:46 OK   00016_cluster_registration_metadata.sql (19.85ms)
2026/10/05 00:37:46 OK   00017_source_data_scope.sql (3.89ms)
2026/10/05 00:37:46 OK   00018_sp04_resources_evidence.sql (11.66ms)
2026/10/05 00:37:46 OK   00019_sp04_archive_ciphertext_bytes.sql (4.28ms)
2026/10/05 00:37:46 OK   00020_sp04_request_ledger.sql (7.02ms)
2026/10/05 00:37:46 OK   00021_sp04_archive_protection.sql (6.01ms)
2026/10/05 00:37:46 OK   00022_sp04_legal_hold_dependencies.sql (5.38ms)
2026/10/05 00:37:46 OK   00023_sp04_archive_query_intent.sql (6.22ms)
2026/10/05 00:37:47 OK   00024_sp05_finding_incident.sql (38.17ms)
2026/10/05 00:37:47 OK   00025_sp05_incident_event_time.sql (2.91ms)
2026/10/05 00:37:47 OK   00026_sp05_source_binding_lock.sql (3.27ms)
2026/10/05 00:37:47 OK   00027_sp05_rca_and_poll.sql (32.97ms)
2026/10/05 00:37:47 OK   00028_sp05_operator_lock.sql (8.66ms)
2026/10/05 00:37:47 OK   00029_sp05_evidence_links.sql (19.53ms)
2026/10/05 00:37:47 OK   00030_sp05_recipe_fence.sql (2.44ms)
2026/10/05 00:37:47 OK   00031_sp05_rca_postcheck.sql (2.98ms)
2026/10/05 00:37:47 OK   00032_sp05_transport_audit.sql (4.1ms)
2026/10/05 00:37:47 OK   00033_sp05_poll_resolution_clock.sql (25.27ms)
2026/10/05 00:37:47 OK   00034_sp06_investigation_ledger.sql (43.01ms)
2026/10/05 00:37:47 OK   00035_sp06_admission_data_classes.sql (3.16ms)
2026/10/05 00:37:47 goose: successfully migrated database to version: 35
2026/10/05 00:37:47 OK   00001_roles_and_schemas.sql (13.87ms)
2026/10/05 00:37:47 goose: successfully migrated database to version: 1
2026/10/05 00:37:47 OK   00002_platform_meta.sql (17.44ms)
2026/10/05 00:37:47 OK   00003_finding.sql (19.75ms)
2026/10/05 00:37:47 OK   00004_incident.sql (14.48ms)
2026/10/05 00:37:47 OK   00005_investigation.sql (5.24ms)
2026/10/05 00:37:47 OK   00006_action_command.sql (24.7ms)
2026/10/05 00:37:47 OK   00007_audit.sql (8.27ms)
2026/10/05 00:37:47 OK   00008_rls.sql (13.97ms)
2026/10/05 00:37:47 OK   00009_idempotency_ledger.sql (18.41ms)
2026/10/05 00:37:47 OK   00010_tenant_provisioning.sql (3.6ms)
2026/10/05 00:37:47 OK   00011_source_registration_history.sql (6.41ms)
2026/10/05 00:37:47 OK   00012_config_registry_lifecycle.sql (25.07ms)
2026/10/05 00:37:48 OK   00013_audit_signed_segments.sql (31.45ms)
2026/10/05 00:37:48 OK   00014_audit_segment_predecessors.sql (5.01ms)
2026/10/05 00:37:48 OK   00015_source_schema_scope.sql (2.94ms)
2026/10/05 00:37:48 OK   00016_cluster_registration_metadata.sql (6.98ms)
2026/10/05 00:37:48 OK   00017_source_data_scope.sql (23.62ms)
2026/10/05 00:37:48 OK   00018_sp04_resources_evidence.sql (35.52ms)
2026/10/05 00:37:48 OK   00019_sp04_archive_ciphertext_bytes.sql (4.01ms)
2026/10/05 00:37:48 OK   00020_sp04_request_ledger.sql (3.95ms)
2026/10/05 00:37:48 OK   00021_sp04_archive_protection.sql (26.25ms)
2026/10/05 00:37:48 OK   00022_sp04_legal_hold_dependencies.sql (2.29ms)
2026/10/05 00:37:48 OK   00023_sp04_archive_query_intent.sql (2.21ms)
2026/10/05 00:37:48 OK   00024_sp05_finding_incident.sql (35.83ms)
2026/10/05 00:37:48 OK   00025_sp05_incident_event_time.sql (3.28ms)
2026/10/05 00:37:48 OK   00026_sp05_source_binding_lock.sql (3.45ms)
2026/10/05 00:37:48 OK   00027_sp05_rca_and_poll.sql (6.73ms)
2026/10/05 00:37:48 OK   00028_sp05_operator_lock.sql (3.84ms)
2026/10/05 00:37:48 OK   00029_sp05_evidence_links.sql (25.46ms)
2026/10/05 00:37:48 OK   00030_sp05_recipe_fence.sql (5.37ms)
2026/10/05 00:37:48 OK   00031_sp05_rca_postcheck.sql (2.68ms)
2026/10/05 00:37:48 OK   00032_sp05_transport_audit.sql (3.82ms)
2026/10/05 00:37:48 OK   00033_sp05_poll_resolution_clock.sql (8.87ms)
2026/10/05 00:37:48 OK   00034_sp06_investigation_ledger.sql (23.81ms)
2026/10/05 00:37:48 OK   00035_sp06_admission_data_classes.sql (3.72ms)
2026/10/05 00:37:48 goose: successfully migrated database to version: 35
2026/10/05 00:37:48 OK   00001_roles_and_schemas.sql (30.42ms)
2026/10/05 00:37:48 goose: successfully migrated database to version: 1
2026/10/05 00:37:48 OK   00002_platform_meta.sql (37.96ms)
2026/10/05 00:37:48 OK   00003_finding.sql (7.62ms)
2026/10/05 00:37:48 OK   00004_incident.sql (4.98ms)
2026/10/05 00:37:48 OK   00005_investigation.sql (5.6ms)
2026/10/05 00:37:48 OK   00006_action_command.sql (5.35ms)
2026/10/05 00:37:48 OK   00007_audit.sql (33.29ms)
2026/10/05 00:37:48 OK   00008_rls.sql (8.26ms)
2026/10/05 00:37:48 OK   00009_idempotency_ledger.sql (24.34ms)
2026/10/05 00:37:48 OK   00010_tenant_provisioning.sql (6.08ms)
2026/10/05 00:37:48 OK   00011_source_registration_history.sql (5.68ms)
2026/10/05 00:37:48 OK   00012_config_registry_lifecycle.sql (23.42ms)
2026/10/05 00:37:48 OK   00013_audit_signed_segments.sql (12.63ms)
2026/10/05 00:37:48 OK   00014_audit_segment_predecessors.sql (25.51ms)
2026/10/05 00:37:48 OK   00015_source_schema_scope.sql (2.82ms)
2026/10/05 00:37:48 OK   00016_cluster_registration_metadata.sql (6.76ms)
2026/10/05 00:37:48 OK   00017_source_data_scope.sql (7.71ms)
2026/10/05 00:37:48 OK   00018_sp04_resources_evidence.sql (18.28ms)
2026/10/05 00:37:48 OK   00019_sp04_archive_ciphertext_bytes.sql (23.88ms)
2026/10/05 00:37:48 OK   00020_sp04_request_ledger.sql (4.26ms)
2026/10/05 00:37:48 OK   00021_sp04_archive_protection.sql (11.28ms)
2026/10/05 00:37:48 OK   00022_sp04_legal_hold_dependencies.sql (15.14ms)
2026/10/05 00:37:48 OK   00023_sp04_archive_query_intent.sql (2.53ms)
2026/10/05 00:37:48 OK   00024_sp05_finding_incident.sql (39.08ms)
2026/10/05 00:37:48 OK   00025_sp05_incident_event_time.sql (23.18ms)
2026/10/05 00:37:48 OK   00026_sp05_source_binding_lock.sql (4.25ms)
2026/10/05 00:37:49 OK   00027_sp05_rca_and_poll.sql (29.28ms)
2026/10/05 00:37:49 OK   00028_sp05_operator_lock.sql (2.62ms)
2026/10/05 00:37:49 OK   00029_sp05_evidence_links.sql (7.99ms)
2026/10/05 00:37:49 OK   00030_sp05_recipe_fence.sql (10.05ms)
2026/10/05 00:37:49 OK   00031_sp05_rca_postcheck.sql (12.17ms)
2026/10/05 00:37:49 OK   00032_sp05_transport_audit.sql (2.88ms)
2026/10/05 00:37:49 OK   00033_sp05_poll_resolution_clock.sql (10.63ms)
2026/10/05 00:37:49 OK   00034_sp06_investigation_ledger.sql (43.1ms)
2026/10/05 00:37:49 OK   00035_sp06_admission_data_classes.sql (8.35ms)
2026/10/05 00:37:49 goose: successfully migrated database to version: 35
2026/10/05 00:37:49 OK   00001_roles_and_schemas.sql (9.06ms)
2026/10/05 00:37:49 goose: successfully migrated database to version: 1
2026/10/05 00:37:49 OK   00002_platform_meta.sql (47.64ms)
2026/10/05 00:37:49 OK   00003_finding.sql (37.9ms)
2026/10/05 00:37:49 OK   00004_incident.sql (14.11ms)
2026/10/05 00:37:49 OK   00005_investigation.sql (18.14ms)
2026/10/05 00:37:49 OK   00006_action_command.sql (5.51ms)
2026/10/05 00:37:49 OK   00007_audit.sql (28.35ms)
2026/10/05 00:37:49 OK   00008_rls.sql (9.21ms)
2026/10/05 00:37:49 OK   00009_idempotency_ledger.sql (24.98ms)
2026/10/05 00:37:49 OK   00010_tenant_provisioning.sql (3.38ms)
2026/10/05 00:37:49 OK   00011_source_registration_history.sql (31.69ms)
2026/10/05 00:37:49 OK   00012_config_registry_lifecycle.sql (15.03ms)
2026/10/05 00:37:49 OK   00013_audit_signed_segments.sql (19.23ms)
2026/10/05 00:37:49 OK   00014_audit_segment_predecessors.sql (5.91ms)
2026/10/05 00:37:49 OK   00015_source_schema_scope.sql (3.07ms)
2026/10/05 00:37:49 OK   00016_cluster_registration_metadata.sql (10.59ms)
2026/10/05 00:37:49 OK   00017_source_data_scope.sql (8.04ms)
2026/10/05 00:37:49 OK   00018_sp04_resources_evidence.sql (19.38ms)
2026/10/05 00:37:49 OK   00019_sp04_archive_ciphertext_bytes.sql (3.89ms)
2026/10/05 00:37:49 OK   00020_sp04_request_ledger.sql (6.79ms)
2026/10/05 00:37:49 OK   00021_sp04_archive_protection.sql (4.83ms)
2026/10/05 00:37:49 OK   00022_sp04_legal_hold_dependencies.sql (5.78ms)
2026/10/05 00:37:49 OK   00023_sp04_archive_query_intent.sql (4.26ms)
2026/10/05 00:37:49 OK   00024_sp05_finding_incident.sql (15.54ms)
2026/10/05 00:37:49 OK   00025_sp05_incident_event_time.sql (7.73ms)
2026/10/05 00:37:49 OK   00026_sp05_source_binding_lock.sql (20.56ms)
2026/10/05 00:37:49 OK   00027_sp05_rca_and_poll.sql (6.79ms)
2026/10/05 00:37:49 OK   00028_sp05_operator_lock.sql (2.99ms)
2026/10/05 00:37:50 OK   00029_sp05_evidence_links.sql (29.12ms)
2026/10/05 00:37:50 OK   00030_sp05_recipe_fence.sql (2.98ms)
2026/10/05 00:37:50 OK   00031_sp05_rca_postcheck.sql (2.62ms)
2026/10/05 00:37:50 OK   00032_sp05_transport_audit.sql (3.37ms)
2026/10/05 00:37:50 OK   00033_sp05_poll_resolution_clock.sql (4.87ms)
2026/10/05 00:37:50 OK   00034_sp06_investigation_ledger.sql (85.78ms)
2026/10/05 00:37:50 OK   00035_sp06_admission_data_classes.sql (3.47ms)
2026/10/05 00:37:50 goose: successfully migrated database to version: 35
2026/10/05 00:38:00 OK   00001_roles_and_schemas.sql (16.04ms)
2026/10/05 00:38:00 goose: successfully migrated database to version: 1
2026/10/05 00:38:00 OK   00002_platform_meta.sql (47.61ms)
2026/10/05 00:38:00 OK   00003_finding.sql (35.79ms)
2026/10/05 00:38:00 OK   00004_incident.sql (17.16ms)
2026/10/05 00:38:00 OK   00005_investigation.sql (21.24ms)
2026/10/05 00:38:00 OK   00006_action_command.sql (15.77ms)
2026/10/05 00:38:00 OK   00007_audit.sql (25.64ms)
2026/10/05 00:38:00 OK   00008_rls.sql (8.37ms)
2026/10/05 00:38:00 OK   00009_idempotency_ledger.sql (44.05ms)
2026/10/05 00:38:00 OK   00010_tenant_provisioning.sql (39.98ms)
2026/10/05 00:38:00 OK   00011_source_registration_history.sql (7.28ms)
2026/10/05 00:38:00 OK   00012_config_registry_lifecycle.sql (9.49ms)
2026/10/05 00:38:00 OK   00013_audit_signed_segments.sql (37.13ms)
2026/10/05 00:38:00 OK   00014_audit_segment_predecessors.sql (6.02ms)
2026/10/05 00:38:00 OK   00015_source_schema_scope.sql (3.27ms)
2026/10/05 00:38:00 OK   00016_cluster_registration_metadata.sql (5.37ms)
2026/10/05 00:38:00 OK   00017_source_data_scope.sql (27.72ms)
2026/10/05 00:38:00 OK   00018_sp04_resources_evidence.sql (33.89ms)
2026/10/05 00:38:00 OK   00019_sp04_archive_ciphertext_bytes.sql (2.99ms)
2026/10/05 00:38:00 OK   00020_sp04_request_ledger.sql (4.27ms)
2026/10/05 00:38:00 OK   00021_sp04_archive_protection.sql (3.09ms)
2026/10/05 00:38:00 OK   00022_sp04_legal_hold_dependencies.sql (2.9ms)
2026/10/05 00:38:00 OK   00023_sp04_archive_query_intent.sql (3.66ms)
2026/10/05 00:38:00 OK   00024_sp05_finding_incident.sql (44.73ms)
2026/10/05 00:38:00 OK   00025_sp05_incident_event_time.sql (21.96ms)
2026/10/05 00:38:00 OK   00026_sp05_source_binding_lock.sql (27.23ms)
2026/10/05 00:38:00 OK   00027_sp05_rca_and_poll.sql (6.69ms)
2026/10/05 00:38:00 OK   00028_sp05_operator_lock.sql (24.87ms)
2026/10/05 00:38:00 OK   00029_sp05_evidence_links.sql (5ms)
2026/10/05 00:38:00 OK   00030_sp05_recipe_fence.sql (19.59ms)
2026/10/05 00:38:01 OK   00031_sp05_rca_postcheck.sql (8.02ms)
2026/10/05 00:38:01 OK   00032_sp05_transport_audit.sql (4ms)
2026/10/05 00:38:01 OK   00033_sp05_poll_resolution_clock.sql (4.23ms)
2026/10/05 00:38:01 OK   00034_sp06_investigation_ledger.sql (48.98ms)
2026/10/05 00:38:01 OK   00035_sp06_admission_data_classes.sql (5.09ms)
2026/10/05 00:38:01 goose: successfully migrated database to version: 35
{"time":"2026-10-05T00:38:01.199931+08:00","level":"INFO","msg":"http request complete","request_id":"01a107c7-8ed7-7510-903a-7c15f4a04cfc","trace_id":"4bf92f3577b34da6a3ce929d0e0e4736","span_id":"6912ca755248bae9","method":"GET","status_code":200,"duration_ms":24}
{"time":"2026-10-05T00:38:01.207229+08:00","level":"INFO","msg":"http request complete","request_id":"01a107c7-8ef0-7288-ae37-2f3a105f1e39","trace_id":"4bf92f3577b34da6a3ce929d0e0e4736","span_id":"a83c7cb20b2844ef","method":"GET","status_code":200,"duration_ms":6}
{"time":"2026-10-05T00:38:01.214265+08:00","level":"INFO","msg":"http request complete","request_id":"01a107c7-8ef7-76b2-b679-f058af12e832","trace_id":"4bf92f3577b34da6a3ce929d0e0e4736","span_id":"20cd9601e6416f17","method":"GET","status_code":200,"duration_ms":6}
{"time":"2026-10-05T00:38:01.216228+08:00","level":"INFO","msg":"http request complete","request_id":"01a107c7-8efe-7635-935e-6535540ca04f","trace_id":"4bf92f3577b34da6a3ce929d0e0e4736","span_id":"360da8585d2e14b6","method":"GET","status_code":200,"duration_ms":1}
{"time":"2026-10-05T00:38:01.217531+08:00","level":"INFO","msg":"http request complete","request_id":"01a107c7-8f00-756e-afc8-46c0b824065d","trace_id":"4bf92f3577b34da6a3ce929d0e0e4736","span_id":"4bb4335556e8973d","method":"GET","status_code":200,"duration_ms":1}
{"time":"2026-10-05T00:38:01.218896+08:00","level":"INFO","msg":"http request complete","request_id":"01a107c7-8f01-79e7-a77a-1b6fbb99ab90","trace_id":"4bf92f3577b34da6a3ce929d0e0e4736","span_id":"472bacc1adcee2da","method":"GET","status_code":200,"duration_ms":1}
{"time":"2026-10-05T00:38:01.22849+08:00","level":"INFO","msg":"http request complete","request_id":"01a107c7-8f03-7065-a0f6-6f8a1aeebb97","trace_id":"35514341e60e2da2bf992b34045ff211","span_id":"eeeea3546f6a78f5","method":"POST","status_code":201,"duration_ms":9}
{"time":"2026-10-05T00:38:01.232566+08:00","level":"INFO","msg":"http request complete","request_id":"01a107c7-8f0c-79eb-875d-e0b5b4244ecf","trace_id":"1bbf24fe76802afe8243eefddacfcae7","span_id":"3f17be46241fd28a","method":"POST","status_code":201,"duration_ms":3}
{"time":"2026-10-05T00:38:01.233365+08:00","level":"WARN","msg":"trace export failed","signal":"traces"}
{"time":"2026-10-05T00:38:01.236332+08:00","level":"INFO","msg":"http request complete","request_id":"01a107c7-8f11-7720-975e-3b53b0e06209","trace_id":"819072a0411a2a87cc554cf69d16402d","span_id":"ba7db63d61332583","method":"GET","status_code":200,"duration_ms":2}
2026/10/05 00:38:01 OK   00001_roles_and_schemas.sql (16.64ms)
2026/10/05 00:38:01 goose: successfully migrated database to version: 1
2026/10/05 00:38:01 OK   00002_platform_meta.sql (47.59ms)
2026/10/05 00:38:01 OK   00003_finding.sql (13.95ms)
2026/10/05 00:38:01 OK   00004_incident.sql (23.21ms)
2026/10/05 00:38:01 OK   00005_investigation.sql (6.53ms)
2026/10/05 00:38:01 OK   00006_action_command.sql (28.31ms)
2026/10/05 00:38:01 OK   00007_audit.sql (31.13ms)
2026/10/05 00:38:01 OK   00008_rls.sql (9.36ms)
2026/10/05 00:38:01 OK   00009_idempotency_ledger.sql (8.81ms)
2026/10/05 00:38:01 OK   00010_tenant_provisioning.sql (11.85ms)
2026/10/05 00:38:01 OK   00011_source_registration_history.sql (22.01ms)
2026/10/05 00:38:01 OK   00012_config_registry_lifecycle.sql (37.39ms)
2026/10/05 00:38:01 OK   00013_audit_signed_segments.sql (51.07ms)
2026/10/05 00:38:01 OK   00014_audit_segment_predecessors.sql (25.91ms)
2026/10/05 00:38:01 OK   00015_source_schema_scope.sql (3.51ms)
2026/10/05 00:38:01 OK   00016_cluster_registration_metadata.sql (30.91ms)
2026/10/05 00:38:01 OK   00017_source_data_scope.sql (4.05ms)
2026/10/05 00:38:01 OK   00018_sp04_resources_evidence.sql (25.47ms)
2026/10/05 00:38:01 OK   00019_sp04_archive_ciphertext_bytes.sql (9.55ms)
2026/10/05 00:38:01 OK   00020_sp04_request_ledger.sql (11.56ms)
2026/10/05 00:38:01 OK   00021_sp04_archive_protection.sql (5.06ms)
2026/10/05 00:38:01 OK   00022_sp04_legal_hold_dependencies.sql (4.3ms)
2026/10/05 00:38:01 OK   00023_sp04_archive_query_intent.sql (13.59ms)
2026/10/05 00:38:01 OK   00024_sp05_finding_incident.sql (40.85ms)
2026/10/05 00:38:02 OK   00025_sp05_incident_event_time.sql (21.99ms)
2026/10/05 00:38:02 OK   00026_sp05_source_binding_lock.sql (4.15ms)
2026/10/05 00:38:02 OK   00027_sp05_rca_and_poll.sql (36.46ms)
2026/10/05 00:38:02 OK   00028_sp05_operator_lock.sql (3.23ms)
2026/10/05 00:38:02 OK   00029_sp05_evidence_links.sql (32.41ms)
2026/10/05 00:38:02 OK   00030_sp05_recipe_fence.sql (3.39ms)
2026/10/05 00:38:02 OK   00031_sp05_rca_postcheck.sql (2.2ms)
2026/10/05 00:38:02 OK   00032_sp05_transport_audit.sql (5.2ms)
2026/10/05 00:38:02 OK   00033_sp05_poll_resolution_clock.sql (8.37ms)
2026/10/05 00:38:02 OK   00034_sp06_investigation_ledger.sql (42.61ms)
2026/10/05 00:38:02 OK   00035_sp06_admission_data_classes.sql (13ms)
2026/10/05 00:38:02 goose: successfully migrated database to version: 35
2026/10/05 00:38:02 OK   00036_review_failure.sql (11.11ms)
2026/10/05 00:38:02 goose: successfully migrated database to version: 36
2026/10/05 00:38:02 OK   00001_roles_and_schemas.sql (25.38ms)
2026/10/05 00:38:02 goose: successfully migrated database to version: 1
2026/10/05 00:38:02 OK   00002_platform_meta.sql (44.46ms)
2026/10/05 00:38:02 OK   00003_finding.sql (31.17ms)
2026/10/05 00:38:02 OK   00004_incident.sql (7.06ms)
2026/10/05 00:38:02 OK   00005_investigation.sql (14.9ms)
2026/10/05 00:38:02 OK   00006_action_command.sql (20.64ms)
2026/10/05 00:38:02 OK   00007_audit.sql (21.61ms)
2026/10/05 00:38:02 OK   00008_rls.sql (36.54ms)
2026/10/05 00:38:02 OK   00009_idempotency_ledger.sql (7.58ms)
2026/10/05 00:38:02 OK   00010_tenant_provisioning.sql (12.39ms)
2026/10/05 00:38:02 OK   00011_source_registration_history.sql (24.84ms)
2026/10/05 00:38:02 OK   00012_config_registry_lifecycle.sql (42.54ms)
2026/10/05 00:38:02 OK   00013_audit_signed_segments.sql (11.68ms)
2026/10/05 00:38:02 OK   00014_audit_segment_predecessors.sql (10.29ms)
2026/10/05 00:38:02 OK   00015_source_schema_scope.sql (14.71ms)
2026/10/05 00:38:02 OK   00016_cluster_registration_metadata.sql (20.21ms)
2026/10/05 00:38:02 OK   00017_source_data_scope.sql (4.06ms)
2026/10/05 00:38:02 OK   00018_sp04_resources_evidence.sql (39.91ms)
2026/10/05 00:38:02 OK   00019_sp04_archive_ciphertext_bytes.sql (4.19ms)
2026/10/05 00:38:02 OK   00020_sp04_request_ledger.sql (21.36ms)
2026/10/05 00:38:02 OK   00021_sp04_archive_protection.sql (17.22ms)
2026/10/05 00:38:02 OK   00022_sp04_legal_hold_dependencies.sql (3.24ms)
2026/10/05 00:38:02 OK   00023_sp04_archive_query_intent.sql (4.37ms)
2026/10/05 00:38:03 OK   00024_sp05_finding_incident.sql (45.65ms)
2026/10/05 00:38:03 OK   00025_sp05_incident_event_time.sql (3.02ms)
2026/10/05 00:38:03 OK   00026_sp05_source_binding_lock.sql (3.25ms)
2026/10/05 00:38:03 OK   00027_sp05_rca_and_poll.sql (8.5ms)
2026/10/05 00:38:03 OK   00028_sp05_operator_lock.sql (24.24ms)
2026/10/05 00:38:03 OK   00029_sp05_evidence_links.sql (6.96ms)
2026/10/05 00:38:03 OK   00030_sp05_recipe_fence.sql (5.51ms)
2026/10/05 00:38:03 OK   00031_sp05_rca_postcheck.sql (3.66ms)
2026/10/05 00:38:03 OK   00032_sp05_transport_audit.sql (13.73ms)
2026/10/05 00:38:03 OK   00033_sp05_poll_resolution_clock.sql (7.47ms)
2026/10/05 00:38:03 OK   00034_sp06_investigation_ledger.sql (41.83ms)
2026/10/05 00:38:03 OK   00035_sp06_admission_data_classes.sql (24.95ms)
2026/10/05 00:38:03 goose: successfully migrated database to version: 35
2026/10/05 00:38:03 OK   00001_roles_and_schemas.sql (16.34ms)
2026/10/05 00:38:03 goose: successfully migrated database to version: 1
2026/10/05 00:38:03 OK   00002_platform_meta.sql (28.17ms)
2026/10/05 00:38:03 OK   00003_finding.sql (17.38ms)
2026/10/05 00:38:03 OK   00004_incident.sql (5.09ms)
2026/10/05 00:38:03 OK   00005_investigation.sql (5.82ms)
2026/10/05 00:38:03 OK   00006_action_command.sql (5.32ms)
2026/10/05 00:38:03 OK   00007_audit.sql (12.88ms)
2026/10/05 00:38:03 OK   00008_rls.sql (19.12ms)
2026/10/05 00:38:03 OK   00009_idempotency_ledger.sql (10.19ms)
2026/10/05 00:38:03 OK   00010_tenant_provisioning.sql (19.47ms)
2026/10/05 00:38:03 OK   00011_source_registration_history.sql (11.49ms)
2026/10/05 00:38:03 OK   00012_config_registry_lifecycle.sql (12.83ms)
2026/10/05 00:38:03 OK   00013_audit_signed_segments.sql (13.11ms)
2026/10/05 00:38:03 OK   00014_audit_segment_predecessors.sql (17.31ms)
2026/10/05 00:38:03 OK   00015_source_schema_scope.sql (9.21ms)
2026/10/05 00:38:03 OK   00016_cluster_registration_metadata.sql (3.3ms)
2026/10/05 00:38:03 OK   00017_source_data_scope.sql (23.26ms)
2026/10/05 00:38:03 OK   00018_sp04_resources_evidence.sql (38.66ms)
2026/10/05 00:38:03 OK   00019_sp04_archive_ciphertext_bytes.sql (3.88ms)
2026/10/05 00:38:03 OK   00020_sp04_request_ledger.sql (7.99ms)
2026/10/05 00:38:03 OK   00021_sp04_archive_protection.sql (5.6ms)
2026/10/05 00:38:03 OK   00022_sp04_legal_hold_dependencies.sql (4.42ms)
2026/10/05 00:38:03 OK   00023_sp04_archive_query_intent.sql (5.82ms)
2026/10/05 00:38:03 OK   00024_sp05_finding_incident.sql (45.06ms)
2026/10/05 00:38:03 OK   00025_sp05_incident_event_time.sql (3.2ms)
2026/10/05 00:38:03 OK   00026_sp05_source_binding_lock.sql (3.36ms)
2026/10/05 00:38:03 OK   00027_sp05_rca_and_poll.sql (8.24ms)
2026/10/05 00:38:03 OK   00028_sp05_operator_lock.sql (7.7ms)
2026/10/05 00:38:03 OK   00029_sp05_evidence_links.sql (17.36ms)
2026/10/05 00:38:03 OK   00030_sp05_recipe_fence.sql (3.74ms)
2026/10/05 00:38:04 OK   00031_sp05_rca_postcheck.sql (24.07ms)
2026/10/05 00:38:04 OK   00032_sp05_transport_audit.sql (3.26ms)
2026/10/05 00:38:04 OK   00033_sp05_poll_resolution_clock.sql (5.08ms)
2026/10/05 00:38:04 OK   00034_sp06_investigation_ledger.sql (99.71ms)
2026/10/05 00:38:04 OK   00035_sp06_admission_data_classes.sql (11.65ms)
2026/10/05 00:38:04 goose: successfully migrated database to version: 35
2026/10/05 00:38:04 OK   00001_roles_and_schemas.sql (31.98ms)
2026/10/05 00:38:04 goose: successfully migrated database to version: 1
2026/10/05 00:38:04 OK   00002_platform_meta.sql (57.11ms)
2026/10/05 00:38:04 OK   00003_finding.sql (7.04ms)
2026/10/05 00:38:04 OK   00004_incident.sql (4.84ms)
2026/10/05 00:38:04 OK   00005_investigation.sql (23.58ms)
2026/10/05 00:38:04 OK   00006_action_command.sql (5.85ms)
2026/10/05 00:38:04 OK   00007_audit.sql (7.97ms)
2026/10/05 00:38:04 OK   00008_rls.sql (10.59ms)
2026/10/05 00:38:04 OK   00009_idempotency_ledger.sql (11.73ms)
2026/10/05 00:38:04 OK   00010_tenant_provisioning.sql (4.34ms)
2026/10/05 00:38:04 OK   00011_source_registration_history.sql (5.77ms)
2026/10/05 00:38:04 OK   00012_config_registry_lifecycle.sql (8.69ms)
2026/10/05 00:38:04 OK   00013_audit_signed_segments.sql (17.36ms)
2026/10/05 00:38:04 OK   00014_audit_segment_predecessors.sql (4.78ms)
2026/10/05 00:38:04 OK   00015_source_schema_scope.sql (3.19ms)
2026/10/05 00:38:04 OK   00016_cluster_registration_metadata.sql (9.25ms)
2026/10/05 00:38:04 OK   00017_source_data_scope.sql (5.8ms)
2026/10/05 00:38:04 OK   00018_sp04_resources_evidence.sql (14ms)
2026/10/05 00:38:04 OK   00019_sp04_archive_ciphertext_bytes.sql (3.53ms)
2026/10/05 00:38:04 OK   00020_sp04_request_ledger.sql (10.44ms)
2026/10/05 00:38:04 OK   00021_sp04_archive_protection.sql (5.68ms)
2026/10/05 00:38:04 OK   00022_sp04_legal_hold_dependencies.sql (2.92ms)
2026/10/05 00:38:04 OK   00023_sp04_archive_query_intent.sql (2.38ms)
2026/10/05 00:38:04 OK   00024_sp05_finding_incident.sql (27ms)
2026/10/05 00:38:04 OK   00025_sp05_incident_event_time.sql (2.46ms)
2026/10/05 00:38:04 OK   00026_sp05_source_binding_lock.sql (2.91ms)
2026/10/05 00:38:04 OK   00027_sp05_rca_and_poll.sql (5.2ms)
2026/10/05 00:38:04 OK   00028_sp05_operator_lock.sql (3.12ms)
2026/10/05 00:38:04 OK   00029_sp05_evidence_links.sql (20.92ms)
2026/10/05 00:38:04 OK   00030_sp05_recipe_fence.sql (4.76ms)
2026/10/05 00:38:04 OK   00031_sp05_rca_postcheck.sql (14.04ms)
2026/10/05 00:38:04 OK   00032_sp05_transport_audit.sql (5.79ms)
2026/10/05 00:38:04 OK   00033_sp05_poll_resolution_clock.sql (3.1ms)
2026/10/05 00:38:04 OK   00034_sp06_investigation_ledger.sql (61.82ms)
2026/10/05 00:38:04 OK   00035_sp06_admission_data_classes.sql (4.02ms)
2026/10/05 00:38:04 goose: successfully migrated database to version: 35
2026/10/05 00:38:05 OK   00001_roles_and_schemas.sql (25.97ms)
2026/10/05 00:38:05 goose: successfully migrated database to version: 1
2026/10/05 00:38:05 OK   00002_platform_meta.sql (13.34ms)
2026/10/05 00:38:05 OK   00003_finding.sql (7.43ms)
2026/10/05 00:38:05 OK   00004_incident.sql (17.87ms)
2026/10/05 00:38:05 OK   00005_investigation.sql (11.49ms)
2026/10/05 00:38:05 OK   00006_action_command.sql (18.55ms)
2026/10/05 00:38:05 OK   00007_audit.sql (17.78ms)
2026/10/05 00:38:05 OK   00008_rls.sql (11.01ms)
2026/10/05 00:38:05 OK   00009_idempotency_ledger.sql (5.73ms)
2026/10/05 00:38:05 OK   00010_tenant_provisioning.sql (3.66ms)
2026/10/05 00:38:05 OK   00011_source_registration_history.sql (6.35ms)
2026/10/05 00:38:05 OK   00012_config_registry_lifecycle.sql (16.78ms)
2026/10/05 00:38:05 OK   00013_audit_signed_segments.sql (10.72ms)
2026/10/05 00:38:05 OK   00014_audit_segment_predecessors.sql (8.76ms)
2026/10/05 00:38:05 OK   00015_source_schema_scope.sql (4.03ms)
2026/10/05 00:38:05 OK   00016_cluster_registration_metadata.sql (17.99ms)
2026/10/05 00:38:05 OK   00017_source_data_scope.sql (3.69ms)
2026/10/05 00:38:05 OK   00018_sp04_resources_evidence.sql (14.08ms)
2026/10/05 00:38:05 OK   00019_sp04_archive_ciphertext_bytes.sql (6.52ms)
2026/10/05 00:38:05 OK   00020_sp04_request_ledger.sql (6.82ms)
2026/10/05 00:38:05 OK   00021_sp04_archive_protection.sql (7.25ms)
2026/10/05 00:38:05 OK   00022_sp04_legal_hold_dependencies.sql (3.12ms)
2026/10/05 00:38:05 OK   00023_sp04_archive_query_intent.sql (3.2ms)
2026/10/05 00:38:05 OK   00024_sp05_finding_incident.sql (29.68ms)
2026/10/05 00:38:05 OK   00025_sp05_incident_event_time.sql (2.22ms)
2026/10/05 00:38:05 OK   00026_sp05_source_binding_lock.sql (2.64ms)
2026/10/05 00:38:05 OK   00027_sp05_rca_and_poll.sql (15.95ms)
2026/10/05 00:38:05 OK   00028_sp05_operator_lock.sql (6.25ms)
2026/10/05 00:38:05 OK   00029_sp05_evidence_links.sql (10.38ms)
2026/10/05 00:38:05 OK   00030_sp05_recipe_fence.sql (5.7ms)
2026/10/05 00:38:05 OK   00031_sp05_rca_postcheck.sql (13.22ms)
2026/10/05 00:38:05 OK   00032_sp05_transport_audit.sql (3.1ms)
2026/10/05 00:38:05 OK   00033_sp05_poll_resolution_clock.sql (3.01ms)
2026/10/05 00:38:05 OK   00034_sp06_investigation_ledger.sql (29.15ms)
2026/10/05 00:38:05 OK   00035_sp06_admission_data_classes.sql (19.53ms)
2026/10/05 00:38:05 goose: successfully migrated database to version: 35
2026/10/05 00:38:05 OK   00001_roles_and_schemas.sql (24.81ms)
2026/10/05 00:38:05 OK   00002_platform_meta.sql (40.43ms)
2026/10/05 00:38:05 OK   00003_finding.sql (20.71ms)
2026/10/05 00:38:05 OK   00004_incident.sql (15.95ms)
2026/10/05 00:38:05 OK   00005_investigation.sql (10.47ms)
2026/10/05 00:38:05 OK   00006_action_command.sql (8.24ms)
2026/10/05 00:38:05 OK   00007_audit.sql (21.98ms)
2026/10/05 00:38:05 OK   00008_rls.sql (23.12ms)
2026/10/05 00:38:06 OK   00009_idempotency_ledger.sql (13.14ms)
2026/10/05 00:38:06 OK   00010_tenant_provisioning.sql (6.66ms)
2026/10/05 00:38:06 OK   00011_source_registration_history.sql (20.02ms)
2026/10/05 00:38:06 OK   00012_config_registry_lifecycle.sql (16.91ms)
2026/10/05 00:38:06 OK   00013_audit_signed_segments.sql (33.43ms)
2026/10/05 00:38:06 OK   00014_audit_segment_predecessors.sql (6.46ms)
2026/10/05 00:38:06 OK   00015_source_schema_scope.sql (4.55ms)
2026/10/05 00:38:06 OK   00016_cluster_registration_metadata.sql (9.65ms)
2026/10/05 00:38:06 OK   00017_source_data_scope.sql (8.1ms)
2026/10/05 00:38:06 OK   00018_sp04_resources_evidence.sql (9.9ms)
2026/10/05 00:38:06 OK   00019_sp04_archive_ciphertext_bytes.sql (2.96ms)
2026/10/05 00:38:06 OK   00020_sp04_request_ledger.sql (6.54ms)
2026/10/05 00:38:06 OK   00021_sp04_archive_protection.sql (8.5ms)
2026/10/05 00:38:06 OK   00022_sp04_legal_hold_dependencies.sql (5.02ms)
2026/10/05 00:38:06 OK   00023_sp04_archive_query_intent.sql (3.66ms)
2026/10/05 00:38:06 OK   00024_sp05_finding_incident.sql (13.94ms)
2026/10/05 00:38:06 OK   00025_sp05_incident_event_time.sql (3.87ms)
2026/10/05 00:38:06 OK   00026_sp05_source_binding_lock.sql (7.42ms)
2026/10/05 00:38:06 OK   00027_sp05_rca_and_poll.sql (10.3ms)
2026/10/05 00:38:06 OK   00028_sp05_operator_lock.sql (3.94ms)
2026/10/05 00:38:06 OK   00029_sp05_evidence_links.sql (5.55ms)
2026/10/05 00:38:06 OK   00030_sp05_recipe_fence.sql (3.38ms)
2026/10/05 00:38:06 OK   00031_sp05_rca_postcheck.sql (7.08ms)
2026/10/05 00:38:06 OK   00032_sp05_transport_audit.sql (4.78ms)
2026/10/05 00:38:06 OK   00033_sp05_poll_resolution_clock.sql (5.4ms)
2026/10/05 00:38:06 OK   00034_sp06_investigation_ledger.sql (35.62ms)
2026/10/05 00:38:06 OK   00035_sp06_admission_data_classes.sql (4.44ms)
2026/10/05 00:38:06 goose: successfully migrated database to version: 35
2026/10/05 00:38:06 OK   00001_roles_and_schemas.sql (7.44ms)
2026/10/05 00:38:06 goose: successfully migrated database to version: 1
2026/10/05 00:38:06 OK   00002_platform_meta.sql (13.37ms)
2026/10/05 00:38:06 OK   00003_finding.sql (26.64ms)
2026/10/05 00:38:06 OK   00004_incident.sql (4.56ms)
2026/10/05 00:38:06 OK   00005_investigation.sql (11.89ms)
2026/10/05 00:38:06 OK   00006_action_command.sql (14.91ms)
2026/10/05 00:38:06 OK   00007_audit.sql (13.58ms)
2026/10/05 00:38:06 OK   00008_rls.sql (16.25ms)
2026/10/05 00:38:06 OK   00009_idempotency_ledger.sql (5.45ms)
2026/10/05 00:38:06 OK   00010_tenant_provisioning.sql (4.1ms)
2026/10/05 00:38:06 OK   00011_source_registration_history.sql (18.26ms)
2026/10/05 00:38:06 OK   00012_config_registry_lifecycle.sql (15.1ms)
2026/10/05 00:38:06 OK   00013_audit_signed_segments.sql (22.1ms)
2026/10/05 00:38:06 OK   00014_audit_segment_predecessors.sql (5.13ms)
2026/10/05 00:38:06 OK   00015_source_schema_scope.sql (7.27ms)
2026/10/05 00:38:06 OK   00016_cluster_registration_metadata.sql (5.48ms)
2026/10/05 00:38:06 goose: successfully migrated database to version: 16
2026/10/05 00:38:06 OK   00017_source_data_scope.sql (8.8ms)
2026/10/05 00:38:06 OK   00018_sp04_resources_evidence.sql (28.33ms)
2026/10/05 00:38:06 OK   00019_sp04_archive_ciphertext_bytes.sql (2.63ms)
2026/10/05 00:38:06 OK   00020_sp04_request_ledger.sql (3.9ms)
2026/10/05 00:38:06 OK   00021_sp04_archive_protection.sql (6.76ms)
2026/10/05 00:38:06 OK   00022_sp04_legal_hold_dependencies.sql (15.89ms)
2026/10/05 00:38:06 OK   00023_sp04_archive_query_intent.sql (4.91ms)
2026/10/05 00:38:06 OK   00024_sp05_finding_incident.sql (25.82ms)
2026/10/05 00:38:06 OK   00025_sp05_incident_event_time.sql (7.16ms)
2026/10/05 00:38:06 OK   00026_sp05_source_binding_lock.sql (3.8ms)
2026/10/05 00:38:06 OK   00027_sp05_rca_and_poll.sql (6.9ms)
2026/10/05 00:38:06 OK   00028_sp05_operator_lock.sql (4.23ms)
2026/10/05 00:38:06 OK   00029_sp05_evidence_links.sql (9.4ms)
2026/10/05 00:38:06 OK   00030_sp05_recipe_fence.sql (13.03ms)
2026/10/05 00:38:06 OK   00031_sp05_rca_postcheck.sql (3.67ms)
2026/10/05 00:38:06 OK   00032_sp05_transport_audit.sql (3.98ms)
2026/10/05 00:38:06 OK   00033_sp05_poll_resolution_clock.sql (12.7ms)
2026/10/05 00:38:06 OK   00034_sp06_investigation_ledger.sql (36.06ms)
2026/10/05 00:38:06 OK   00035_sp06_admission_data_classes.sql (4.57ms)
2026/10/05 00:38:06 goose: successfully migrated database to version: 35
2026/10/05 00:38:07 OK   00001_roles_and_schemas.sql (31.39ms)
2026/10/05 00:38:07 goose: successfully migrated database to version: 1
2026/10/05 00:38:07 OK   00002_platform_meta.sql (45.23ms)
2026/10/05 00:38:07 OK   00003_finding.sql (27.66ms)
2026/10/05 00:38:07 OK   00004_incident.sql (7.58ms)
2026/10/05 00:38:07 OK   00005_investigation.sql (13.2ms)
2026/10/05 00:38:07 OK   00006_action_command.sql (16.01ms)
2026/10/05 00:38:07 OK   00007_audit.sql (16.53ms)
2026/10/05 00:38:07 OK   00008_rls.sql (24.55ms)
2026/10/05 00:38:07 OK   00009_idempotency_ledger.sql (6.61ms)
2026/10/05 00:38:07 OK   00010_tenant_provisioning.sql (3.17ms)
2026/10/05 00:38:07 OK   00011_source_registration_history.sql (5.94ms)
2026/10/05 00:38:07 OK   00012_config_registry_lifecycle.sql (7.19ms)
2026/10/05 00:38:07 OK   00013_audit_signed_segments.sql (19.05ms)
2026/10/05 00:38:07 OK   00014_audit_segment_predecessors.sql (10.73ms)
2026/10/05 00:38:07 OK   00015_source_schema_scope.sql (3.11ms)
2026/10/05 00:38:07 OK   00016_cluster_registration_metadata.sql (6.54ms)
2026/10/05 00:38:07 OK   00017_source_data_scope.sql (12.42ms)
2026/10/05 00:38:07 OK   00018_sp04_resources_evidence.sql (12.64ms)
2026/10/05 00:38:07 OK   00019_sp04_archive_ciphertext_bytes.sql (3.33ms)
2026/10/05 00:38:07 OK   00020_sp04_request_ledger.sql (6.66ms)
2026/10/05 00:38:07 OK   00021_sp04_archive_protection.sql (16.76ms)
2026/10/05 00:38:07 OK   00022_sp04_legal_hold_dependencies.sql (3.91ms)
2026/10/05 00:38:07 OK   00023_sp04_archive_query_intent.sql (2.96ms)
2026/10/05 00:38:07 OK   00024_sp05_finding_incident.sql (28.54ms)
2026/10/05 00:38:07 OK   00025_sp05_incident_event_time.sql (3.95ms)
2026/10/05 00:38:07 OK   00026_sp05_source_binding_lock.sql (2.84ms)
2026/10/05 00:38:07 OK   00027_sp05_rca_and_poll.sql (21.64ms)
2026/10/05 00:38:07 OK   00028_sp05_operator_lock.sql (7.46ms)
2026/10/05 00:38:07 OK   00029_sp05_evidence_links.sql (5.14ms)
2026/10/05 00:38:07 OK   00030_sp05_recipe_fence.sql (3.58ms)
2026/10/05 00:38:07 OK   00031_sp05_rca_postcheck.sql (5.52ms)
2026/10/05 00:38:07 OK   00032_sp05_transport_audit.sql (17.62ms)
2026/10/05 00:38:07 OK   00033_sp05_poll_resolution_clock.sql (3.48ms)
2026/10/05 00:38:07 OK   00034_sp06_investigation_ledger.sql (31.04ms)
2026/10/05 00:38:07 OK   00035_sp06_admission_data_classes.sql (2.41ms)
2026/10/05 00:38:07 goose: successfully migrated database to version: 35
2026/10/05 00:38:08 OK   00001_roles_and_schemas.sql (29.4ms)
2026/10/05 00:38:08 goose: successfully migrated database to version: 1
2026/10/05 00:38:08 OK   00002_platform_meta.sql (17.89ms)
2026/10/05 00:38:08 OK   00003_finding.sql (25.09ms)
2026/10/05 00:38:08 OK   00004_incident.sql (22.79ms)
2026/10/05 00:38:08 OK   00005_investigation.sql (6.58ms)
2026/10/05 00:38:08 OK   00006_action_command.sql (4.67ms)
2026/10/05 00:38:08 OK   00007_audit.sql (25.27ms)
2026/10/05 00:38:08 OK   00008_rls.sql (27.61ms)
2026/10/05 00:38:08 OK   00009_idempotency_ledger.sql (8.87ms)
2026/10/05 00:38:08 OK   00010_tenant_provisioning.sql (17.18ms)
2026/10/05 00:38:08 OK   00011_source_registration_history.sql (7.13ms)
2026/10/05 00:38:08 OK   00012_config_registry_lifecycle.sql (30.86ms)
2026/10/05 00:38:08 OK   00013_audit_signed_segments.sql (19.44ms)
2026/10/05 00:38:08 OK   00014_audit_segment_predecessors.sql (5.35ms)
2026/10/05 00:38:08 OK   00015_source_schema_scope.sql (18.26ms)
2026/10/05 00:38:08 OK   00016_cluster_registration_metadata.sql (6.03ms)
2026/10/05 00:38:08 OK   00017_source_data_scope.sql (5.44ms)
2026/10/05 00:38:08 OK   00018_sp04_resources_evidence.sql (31.14ms)
2026/10/05 00:38:08 OK   00019_sp04_archive_ciphertext_bytes.sql (2.48ms)
2026/10/05 00:38:08 OK   00020_sp04_request_ledger.sql (9.47ms)
2026/10/05 00:38:08 OK   00021_sp04_archive_protection.sql (4.24ms)
2026/10/05 00:38:08 OK   00022_sp04_legal_hold_dependencies.sql (4.37ms)
2026/10/05 00:38:08 OK   00023_sp04_archive_query_intent.sql (4.77ms)
2026/10/05 00:38:08 OK   00024_sp05_finding_incident.sql (24.71ms)
2026/10/05 00:38:08 OK   00025_sp05_incident_event_time.sql (5.32ms)
2026/10/05 00:38:08 OK   00026_sp05_source_binding_lock.sql (5.76ms)
2026/10/05 00:38:08 OK   00027_sp05_rca_and_poll.sql (18.3ms)
2026/10/05 00:38:08 OK   00028_sp05_operator_lock.sql (2.42ms)
2026/10/05 00:38:08 OK   00029_sp05_evidence_links.sql (4.55ms)
2026/10/05 00:38:08 OK   00030_sp05_recipe_fence.sql (2.58ms)
2026/10/05 00:38:08 OK   00031_sp05_rca_postcheck.sql (4.46ms)
2026/10/05 00:38:08 OK   00032_sp05_transport_audit.sql (19.06ms)
2026/10/05 00:38:08 OK   00033_sp05_poll_resolution_clock.sql (2.72ms)
2026/10/05 00:38:08 OK   00034_sp06_investigation_ledger.sql (27.05ms)
2026/10/05 00:38:08 OK   00035_sp06_admission_data_classes.sql (7.02ms)
2026/10/05 00:38:08 goose: successfully migrated database to version: 35
2026/10/05 00:38:13 OK   00001_roles_and_schemas.sql (9.84ms)
2026/10/05 00:38:13 goose: successfully migrated database to version: 1
2026/10/05 00:38:13 OK   00002_platform_meta.sql (45.46ms)
2026/10/05 00:38:13 OK   00003_finding.sql (14.7ms)
2026/10/05 00:38:13 OK   00004_incident.sql (9.1ms)
2026/10/05 00:38:13 OK   00005_investigation.sql (6.64ms)
2026/10/05 00:38:13 OK   00006_action_command.sql (12.25ms)
2026/10/05 00:38:13 OK   00007_audit.sql (15.1ms)
2026/10/05 00:38:13 OK   00008_rls.sql (29.6ms)
2026/10/05 00:38:13 OK   00009_idempotency_ledger.sql (39.88ms)
2026/10/05 00:38:13 OK   00010_tenant_provisioning.sql (13.54ms)
2026/10/05 00:38:13 OK   00011_source_registration_history.sql (19.02ms)
2026/10/05 00:38:13 OK   00012_config_registry_lifecycle.sql (15.66ms)
2026/10/05 00:38:13 OK   00013_audit_signed_segments.sql (14.8ms)
2026/10/05 00:38:13 OK   00014_audit_segment_predecessors.sql (8.3ms)
2026/10/05 00:38:13 OK   00015_source_schema_scope.sql (12.5ms)
2026/10/05 00:38:13 OK   00016_cluster_registration_metadata.sql (12.15ms)
2026/10/05 00:38:13 OK   00017_source_data_scope.sql (7.78ms)
2026/10/05 00:38:13 OK   00018_sp04_resources_evidence.sql (16.36ms)
2026/10/05 00:38:13 OK   00019_sp04_archive_ciphertext_bytes.sql (6.7ms)
2026/10/05 00:38:13 OK   00020_sp04_request_ledger.sql (6.91ms)
2026/10/05 00:38:13 OK   00021_sp04_archive_protection.sql (5.31ms)
2026/10/05 00:38:13 OK   00022_sp04_legal_hold_dependencies.sql (4.43ms)
2026/10/05 00:38:13 OK   00023_sp04_archive_query_intent.sql (3.6ms)
2026/10/05 00:38:13 OK   00024_sp05_finding_incident.sql (30.89ms)
2026/10/05 00:38:13 OK   00025_sp05_incident_event_time.sql (19.55ms)
2026/10/05 00:38:13 OK   00026_sp05_source_binding_lock.sql (5.2ms)
2026/10/05 00:38:13 OK   00027_sp05_rca_and_poll.sql (9.18ms)
2026/10/05 00:38:13 OK   00028_sp05_operator_lock.sql (4.64ms)
2026/10/05 00:38:13 OK   00029_sp05_evidence_links.sql (8.4ms)
2026/10/05 00:38:13 OK   00030_sp05_recipe_fence.sql (5.87ms)
2026/10/05 00:38:13 OK   00031_sp05_rca_postcheck.sql (4.68ms)
2026/10/05 00:38:13 OK   00032_sp05_transport_audit.sql (3.42ms)
2026/10/05 00:38:13 OK   00033_sp05_poll_resolution_clock.sql (3.49ms)
2026/10/05 00:38:13 OK   00034_sp06_investigation_ledger.sql (24.3ms)
2026/10/05 00:38:13 OK   00035_sp06_admission_data_classes.sql (4.5ms)
2026/10/05 00:38:13 goose: successfully migrated database to version: 35
2026/10/05 00:38:14 OK   00001_roles_and_schemas.sql (9.08ms)
2026/10/05 00:38:14 goose: successfully migrated database to version: 1
2026/10/05 00:38:14 OK   00002_platform_meta.sql (18.9ms)
2026/10/05 00:38:14 OK   00003_finding.sql (6.19ms)
2026/10/05 00:38:14 OK   00004_incident.sql (12.77ms)
2026/10/05 00:38:14 OK   00005_investigation.sql (7.61ms)
2026/10/05 00:38:14 OK   00006_action_command.sql (5.54ms)
2026/10/05 00:38:14 OK   00007_audit.sql (8.4ms)
2026/10/05 00:38:14 OK   00008_rls.sql (7.99ms)
2026/10/05 00:38:14 OK   00009_idempotency_ledger.sql (6.17ms)
2026/10/05 00:38:14 OK   00010_tenant_provisioning.sql (7.46ms)
2026/10/05 00:38:14 OK   00011_source_registration_history.sql (5.92ms)
2026/10/05 00:38:14 OK   00012_config_registry_lifecycle.sql (13.05ms)
2026/10/05 00:38:14 OK   00013_audit_signed_segments.sql (11.78ms)
2026/10/05 00:38:14 OK   00014_audit_segment_predecessors.sql (20.07ms)
2026/10/05 00:38:14 OK   00015_source_schema_scope.sql (3.81ms)
2026/10/05 00:38:14 OK   00016_cluster_registration_metadata.sql (4.16ms)
2026/10/05 00:38:14 OK   00017_source_data_scope.sql (2.61ms)
2026/10/05 00:38:14 OK   00018_sp04_resources_evidence.sql (12.05ms)
2026/10/05 00:38:14 OK   00019_sp04_archive_ciphertext_bytes.sql (4.01ms)
2026/10/05 00:38:14 OK   00020_sp04_request_ledger.sql (8.79ms)
2026/10/05 00:38:14 OK   00021_sp04_archive_protection.sql (2.59ms)
2026/10/05 00:38:14 OK   00022_sp04_legal_hold_dependencies.sql (6.56ms)
2026/10/05 00:38:14 OK   00023_sp04_archive_query_intent.sql (8.68ms)
2026/10/05 00:38:14 OK   00024_sp05_finding_incident.sql (16.37ms)
2026/10/05 00:38:14 OK   00025_sp05_incident_event_time.sql (2.66ms)
2026/10/05 00:38:14 OK   00026_sp05_source_binding_lock.sql (4.53ms)
2026/10/05 00:38:14 OK   00027_sp05_rca_and_poll.sql (12.99ms)
2026/10/05 00:38:14 OK   00028_sp05_operator_lock.sql (4.38ms)
2026/10/05 00:38:14 OK   00029_sp05_evidence_links.sql (5.2ms)
2026/10/05 00:38:14 OK   00030_sp05_recipe_fence.sql (5.77ms)
2026/10/05 00:38:14 OK   00031_sp05_rca_postcheck.sql (2.69ms)
2026/10/05 00:38:14 OK   00032_sp05_transport_audit.sql (3.63ms)
2026/10/05 00:38:14 OK   00033_sp05_poll_resolution_clock.sql (7.9ms)
2026/10/05 00:38:14 OK   00034_sp06_investigation_ledger.sql (17.16ms)
2026/10/05 00:38:14 OK   00035_sp06_admission_data_classes.sql (2.68ms)
2026/10/05 00:38:14 goose: successfully migrated database to version: 35
2026/10/05 00:38:29 OK   00001_roles_and_schemas.sql (12.31ms)
2026/10/05 00:38:29 goose: successfully migrated database to version: 1
2026/10/05 00:38:29 OK   00002_platform_meta.sql (23.67ms)
2026/10/05 00:38:29 OK   00003_finding.sql (7.67ms)
2026/10/05 00:38:29 OK   00004_incident.sql (4.67ms)
2026/10/05 00:38:29 OK   00005_investigation.sql (19.68ms)
2026/10/05 00:38:29 OK   00006_action_command.sql (9.35ms)
2026/10/05 00:38:29 OK   00007_audit.sql (16.4ms)
2026/10/05 00:38:29 OK   00008_rls.sql (12.38ms)
2026/10/05 00:38:29 OK   00009_idempotency_ledger.sql (6.36ms)
2026/10/05 00:38:29 OK   00010_tenant_provisioning.sql (4.33ms)
2026/10/05 00:38:30 OK   00011_source_registration_history.sql (11.28ms)
2026/10/05 00:38:30 OK   00012_config_registry_lifecycle.sql (13.29ms)
2026/10/05 00:38:30 OK   00013_audit_signed_segments.sql (14.85ms)
2026/10/05 00:38:30 OK   00014_audit_segment_predecessors.sql (11.84ms)
2026/10/05 00:38:30 OK   00015_source_schema_scope.sql (2.81ms)
2026/10/05 00:38:30 OK   00016_cluster_registration_metadata.sql (4.83ms)
2026/10/05 00:38:30 OK   00017_source_data_scope.sql (3.52ms)
2026/10/05 00:38:30 OK   00018_sp04_resources_evidence.sql (11.27ms)
2026/10/05 00:38:30 OK   00019_sp04_archive_ciphertext_bytes.sql (3.59ms)
2026/10/05 00:38:30 OK   00020_sp04_request_ledger.sql (4.47ms)
2026/10/05 00:38:30 OK   00021_sp04_archive_protection.sql (2.91ms)
2026/10/05 00:38:30 OK   00022_sp04_legal_hold_dependencies.sql (4.51ms)
2026/10/05 00:38:30 OK   00023_sp04_archive_query_intent.sql (3ms)
2026/10/05 00:38:30 OK   00024_sp05_finding_incident.sql (22.03ms)
2026/10/05 00:38:30 OK   00025_sp05_incident_event_time.sql (3.65ms)
2026/10/05 00:38:30 OK   00026_sp05_source_binding_lock.sql (3.74ms)
2026/10/05 00:38:30 OK   00027_sp05_rca_and_poll.sql (11.54ms)
2026/10/05 00:38:30 OK   00028_sp05_operator_lock.sql (4.1ms)
2026/10/05 00:38:30 OK   00029_sp05_evidence_links.sql (6.04ms)
2026/10/05 00:38:30 OK   00030_sp05_recipe_fence.sql (4.27ms)
2026/10/05 00:38:30 OK   00031_sp05_rca_postcheck.sql (2.86ms)
2026/10/05 00:38:30 OK   00032_sp05_transport_audit.sql (2.88ms)
2026/10/05 00:38:30 OK   00033_sp05_poll_resolution_clock.sql (2.86ms)
2026/10/05 00:38:30 OK   00034_sp06_investigation_ledger.sql (15.32ms)
2026/10/05 00:38:30 OK   00035_sp06_admission_data_classes.sql (2.88ms)
2026/10/05 00:38:30 goose: successfully migrated database to version: 35
2026/10/05 00:38:30 OK   00001_roles_and_schemas.sql (7.16ms)
2026/10/05 00:38:30 goose: successfully migrated database to version: 1
2026/10/05 00:38:30 OK   00002_platform_meta.sql (17.15ms)
2026/10/05 00:38:30 OK   00003_finding.sql (16.08ms)
2026/10/05 00:38:30 OK   00004_incident.sql (6.73ms)
2026/10/05 00:38:30 OK   00005_investigation.sql (6.5ms)
2026/10/05 00:38:30 OK   00006_action_command.sql (6.04ms)
2026/10/05 00:38:30 OK   00007_audit.sql (9.87ms)
2026/10/05 00:38:30 OK   00008_rls.sql (15.43ms)
2026/10/05 00:38:30 OK   00009_idempotency_ledger.sql (11.78ms)
2026/10/05 00:38:30 OK   00010_tenant_provisioning.sql (5.1ms)
2026/10/05 00:38:30 OK   00011_source_registration_history.sql (6.82ms)
2026/10/05 00:38:30 OK   00012_config_registry_lifecycle.sql (9.96ms)
2026/10/05 00:38:30 OK   00013_audit_signed_segments.sql (11.39ms)
2026/10/05 00:38:30 OK   00014_audit_segment_predecessors.sql (13.78ms)
2026/10/05 00:38:30 OK   00015_source_schema_scope.sql (5.29ms)
2026/10/05 00:38:30 OK   00016_cluster_registration_metadata.sql (5.36ms)
2026/10/05 00:38:30 OK   00017_source_data_scope.sql (4.81ms)
2026/10/05 00:38:30 OK   00018_sp04_resources_evidence.sql (20.54ms)
2026/10/05 00:38:30 OK   00019_sp04_archive_ciphertext_bytes.sql (4.54ms)
2026/10/05 00:38:30 OK   00020_sp04_request_ledger.sql (4.22ms)
2026/10/05 00:38:30 OK   00021_sp04_archive_protection.sql (7.96ms)
2026/10/05 00:38:30 OK   00022_sp04_legal_hold_dependencies.sql (5.26ms)
2026/10/05 00:38:30 OK   00023_sp04_archive_query_intent.sql (3.6ms)
2026/10/05 00:38:30 OK   00024_sp05_finding_incident.sql (14.68ms)
2026/10/05 00:38:30 OK   00025_sp05_incident_event_time.sql (6.86ms)
2026/10/05 00:38:30 OK   00026_sp05_source_binding_lock.sql (4.94ms)
2026/10/05 00:38:30 OK   00027_sp05_rca_and_poll.sql (10.48ms)
2026/10/05 00:38:30 OK   00028_sp05_operator_lock.sql (6.56ms)
2026/10/05 00:38:30 OK   00029_sp05_evidence_links.sql (6.42ms)
2026/10/05 00:38:30 OK   00030_sp05_recipe_fence.sql (2.82ms)
2026/10/05 00:38:30 OK   00031_sp05_rca_postcheck.sql (2.74ms)
2026/10/05 00:38:30 OK   00032_sp05_transport_audit.sql (3.29ms)
2026/10/05 00:38:30 OK   00033_sp05_poll_resolution_clock.sql (3.45ms)
2026/10/05 00:38:30 OK   00034_sp06_investigation_ledger.sql (22.05ms)
2026/10/05 00:38:30 OK   00035_sp06_admission_data_classes.sql (3.54ms)
2026/10/05 00:38:30 goose: successfully migrated database to version: 35
2026/10/05 00:38:31 OK   00001_roles_and_schemas.sql (19.04ms)
2026/10/05 00:38:31 goose: successfully migrated database to version: 1
2026/10/05 00:38:31 OK   00002_platform_meta.sql (19.51ms)
2026/10/05 00:38:31 OK   00003_finding.sql (9.72ms)
2026/10/05 00:38:31 OK   00004_incident.sql (8.31ms)
2026/10/05 00:38:31 OK   00005_investigation.sql (8.24ms)
2026/10/05 00:38:31 OK   00006_action_command.sql (10.47ms)
2026/10/05 00:38:31 OK   00007_audit.sql (13.97ms)
2026/10/05 00:38:31 OK   00008_rls.sql (8.39ms)
2026/10/05 00:38:31 OK   00009_idempotency_ledger.sql (6.43ms)
2026/10/05 00:38:31 OK   00010_tenant_provisioning.sql (17.7ms)
2026/10/05 00:38:31 OK   00011_source_registration_history.sql (6.67ms)
2026/10/05 00:38:31 OK   00012_config_registry_lifecycle.sql (8.41ms)
2026/10/05 00:38:31 OK   00013_audit_signed_segments.sql (13.22ms)
2026/10/05 00:38:31 OK   00014_audit_segment_predecessors.sql (15.9ms)
2026/10/05 00:38:31 OK   00015_source_schema_scope.sql (5.59ms)
2026/10/05 00:38:31 OK   00016_cluster_registration_metadata.sql (8.93ms)
2026/10/05 00:38:31 OK   00017_source_data_scope.sql (8.53ms)
2026/10/05 00:38:31 OK   00018_sp04_resources_evidence.sql (28.48ms)
2026/10/05 00:38:31 OK   00019_sp04_archive_ciphertext_bytes.sql (4.1ms)
2026/10/05 00:38:31 OK   00020_sp04_request_ledger.sql (5.3ms)
2026/10/05 00:38:31 OK   00021_sp04_archive_protection.sql (7.44ms)
2026/10/05 00:38:31 OK   00022_sp04_legal_hold_dependencies.sql (3.26ms)
2026/10/05 00:38:31 OK   00023_sp04_archive_query_intent.sql (6.45ms)
2026/10/05 00:38:31 OK   00024_sp05_finding_incident.sql (31.97ms)
2026/10/05 00:38:31 OK   00025_sp05_incident_event_time.sql (3.48ms)
2026/10/05 00:38:31 OK   00026_sp05_source_binding_lock.sql (3.09ms)
2026/10/05 00:38:31 OK   00027_sp05_rca_and_poll.sql (17.68ms)
2026/10/05 00:38:31 OK   00028_sp05_operator_lock.sql (4.74ms)
2026/10/05 00:38:31 OK   00029_sp05_evidence_links.sql (10.91ms)
2026/10/05 00:38:31 OK   00030_sp05_recipe_fence.sql (8.5ms)
2026/10/05 00:38:31 OK   00031_sp05_rca_postcheck.sql (3.95ms)
2026/10/05 00:38:31 OK   00032_sp05_transport_audit.sql (2.43ms)
2026/10/05 00:38:31 OK   00033_sp05_poll_resolution_clock.sql (3.7ms)
2026/10/05 00:38:31 OK   00034_sp06_investigation_ledger.sql (28.43ms)
2026/10/05 00:38:31 OK   00035_sp06_admission_data_classes.sql (3.71ms)
2026/10/05 00:38:31 goose: successfully migrated database to version: 35
2026/10/05 00:38:31 OK   00001_roles_and_schemas.sql (16.56ms)
2026/10/05 00:38:31 goose: successfully migrated database to version: 1
2026/10/05 00:38:31 OK   00002_platform_meta.sql (43.54ms)
2026/10/05 00:38:31 OK   00003_finding.sql (18.44ms)
2026/10/05 00:38:32 OK   00004_incident.sql (11.06ms)
2026/10/05 00:38:32 OK   00005_investigation.sql (7.77ms)
2026/10/05 00:38:32 OK   00006_action_command.sql (16.68ms)
2026/10/05 00:38:32 OK   00007_audit.sql (14.22ms)
2026/10/05 00:38:32 OK   00008_rls.sql (26.82ms)
2026/10/05 00:38:32 OK   00009_idempotency_ledger.sql (8.82ms)
2026/10/05 00:38:32 OK   00010_tenant_provisioning.sql (4.95ms)
2026/10/05 00:38:32 OK   00011_source_registration_history.sql (8.38ms)
2026/10/05 00:38:32 OK   00012_config_registry_lifecycle.sql (13.65ms)
2026/10/05 00:38:32 OK   00013_audit_signed_segments.sql (20.07ms)
2026/10/05 00:38:32 OK   00014_audit_segment_predecessors.sql (5.28ms)
2026/10/05 00:38:32 OK   00015_source_schema_scope.sql (3.57ms)
2026/10/05 00:38:32 OK   00016_cluster_registration_metadata.sql (10.99ms)
2026/10/05 00:38:32 OK   00017_source_data_scope.sql (9.72ms)
2026/10/05 00:38:32 OK   00018_sp04_resources_evidence.sql (23.79ms)
2026/10/05 00:38:32 OK   00019_sp04_archive_ciphertext_bytes.sql (7.75ms)
2026/10/05 00:38:32 OK   00020_sp04_request_ledger.sql (6.09ms)
2026/10/05 00:38:32 OK   00021_sp04_archive_protection.sql (4.12ms)
2026/10/05 00:38:32 OK   00022_sp04_legal_hold_dependencies.sql (3.71ms)
2026/10/05 00:38:32 OK   00023_sp04_archive_query_intent.sql (4.16ms)
2026/10/05 00:38:32 OK   00024_sp05_finding_incident.sql (27.68ms)
2026/10/05 00:38:32 OK   00025_sp05_incident_event_time.sql (3.62ms)
2026/10/05 00:38:32 OK   00026_sp05_source_binding_lock.sql (6.31ms)
2026/10/05 00:38:32 OK   00027_sp05_rca_and_poll.sql (9.6ms)
2026/10/05 00:38:32 OK   00028_sp05_operator_lock.sql (5.27ms)
2026/10/05 00:38:32 OK   00029_sp05_evidence_links.sql (6.51ms)
2026/10/05 00:38:32 OK   00030_sp05_recipe_fence.sql (5.38ms)
2026/10/05 00:38:32 OK   00031_sp05_rca_postcheck.sql (4.16ms)
2026/10/05 00:38:32 OK   00032_sp05_transport_audit.sql (8.91ms)
2026/10/05 00:38:32 OK   00033_sp05_poll_resolution_clock.sql (3.43ms)
2026/10/05 00:38:32 OK   00034_sp06_investigation_ledger.sql (15.18ms)
2026/10/05 00:38:32 OK   00035_sp06_admission_data_classes.sql (3.42ms)
2026/10/05 00:38:32 goose: successfully migrated database to version: 35
2026/10/05 00:38:39 OK   00001_roles_and_schemas.sql (8.3ms)
2026/10/05 00:38:39 goose: successfully migrated database to version: 1
2026/10/05 00:38:39 OK   00002_platform_meta.sql (32.68ms)
2026/10/05 00:38:39 OK   00003_finding.sql (7.04ms)
2026/10/05 00:38:39 OK   00004_incident.sql (5.3ms)
2026/10/05 00:38:39 OK   00005_investigation.sql (11ms)
2026/10/05 00:38:39 OK   00006_action_command.sql (10.58ms)
2026/10/05 00:38:39 OK   00007_audit.sql (9.96ms)
2026/10/05 00:38:39 OK   00008_rls.sql (30.95ms)
2026/10/05 00:38:39 OK   00009_idempotency_ledger.sql (18.15ms)
2026/10/05 00:38:39 OK   00010_tenant_provisioning.sql (6.49ms)
2026/10/05 00:38:39 OK   00011_source_registration_history.sql (11.86ms)
2026/10/05 00:38:39 OK   00012_config_registry_lifecycle.sql (40.89ms)
2026/10/05 00:38:39 OK   00013_audit_signed_segments.sql (12.44ms)
2026/10/05 00:38:39 OK   00014_audit_segment_predecessors.sql (9.59ms)
2026/10/05 00:38:39 OK   00015_source_schema_scope.sql (4.95ms)
2026/10/05 00:38:39 OK   00016_cluster_registration_metadata.sql (9.76ms)
2026/10/05 00:38:39 OK   00017_source_data_scope.sql (10.19ms)
2026/10/05 00:38:39 OK   00018_sp04_resources_evidence.sql (13.71ms)
2026/10/05 00:38:39 OK   00019_sp04_archive_ciphertext_bytes.sql (7.3ms)
2026/10/05 00:38:39 OK   00020_sp04_request_ledger.sql (15.46ms)
2026/10/05 00:38:39 OK   00021_sp04_archive_protection.sql (4.96ms)
2026/10/05 00:38:39 OK   00022_sp04_legal_hold_dependencies.sql (4.23ms)
2026/10/05 00:38:39 OK   00023_sp04_archive_query_intent.sql (6.31ms)
2026/10/05 00:38:39 OK   00024_sp05_finding_incident.sql (26.73ms)
2026/10/05 00:38:39 OK   00025_sp05_incident_event_time.sql (5.57ms)
2026/10/05 00:38:39 OK   00026_sp05_source_binding_lock.sql (4.47ms)
2026/10/05 00:38:39 OK   00027_sp05_rca_and_poll.sql (9.01ms)
2026/10/05 00:38:39 OK   00028_sp05_operator_lock.sql (9.91ms)
2026/10/05 00:38:39 OK   00029_sp05_evidence_links.sql (8.03ms)
2026/10/05 00:38:39 OK   00030_sp05_recipe_fence.sql (27.45ms)
2026/10/05 00:38:39 OK   00031_sp05_rca_postcheck.sql (4.59ms)
2026/10/05 00:38:39 OK   00032_sp05_transport_audit.sql (4.8ms)
2026/10/05 00:38:39 OK   00033_sp05_poll_resolution_clock.sql (4.6ms)
2026/10/05 00:38:39 OK   00034_sp06_investigation_ledger.sql (28.25ms)
2026/10/05 00:38:39 OK   00035_sp06_admission_data_classes.sql (2.84ms)
2026/10/05 00:38:39 goose: successfully migrated database to version: 35
2026/10/05 00:38:50 OK   00001_roles_and_schemas.sql (21.53ms)
2026/10/05 00:38:50 goose: successfully migrated database to version: 1
2026/10/05 00:38:50 OK   00002_platform_meta.sql (64.12ms)
2026/10/05 00:38:50 OK   00003_finding.sql (35.66ms)
2026/10/05 00:38:50 OK   00004_incident.sql (16.72ms)
2026/10/05 00:38:50 OK   00005_investigation.sql (16.64ms)
2026/10/05 00:38:50 OK   00006_action_command.sql (5.38ms)
2026/10/05 00:38:50 OK   00007_audit.sql (12.85ms)
2026/10/05 00:38:50 OK   00008_rls.sql (16.36ms)
2026/10/05 00:38:50 OK   00009_idempotency_ledger.sql (11.35ms)
2026/10/05 00:38:50 OK   00010_tenant_provisioning.sql (8.85ms)
2026/10/05 00:38:50 OK   00011_source_registration_history.sql (6.71ms)
2026/10/05 00:38:50 OK   00012_config_registry_lifecycle.sql (11.93ms)
2026/10/05 00:38:50 OK   00013_audit_signed_segments.sql (17.01ms)
2026/10/05 00:38:50 OK   00014_audit_segment_predecessors.sql (7.78ms)
2026/10/05 00:38:50 OK   00015_source_schema_scope.sql (3.95ms)
2026/10/05 00:38:50 OK   00016_cluster_registration_metadata.sql (5.25ms)
2026/10/05 00:38:50 OK   00017_source_data_scope.sql (4.81ms)
2026/10/05 00:38:50 OK   00018_sp04_resources_evidence.sql (19.22ms)
2026/10/05 00:38:50 OK   00019_sp04_archive_ciphertext_bytes.sql (7.02ms)
2026/10/05 00:38:50 OK   00020_sp04_request_ledger.sql (6.28ms)
2026/10/05 00:38:50 OK   00021_sp04_archive_protection.sql (6.4ms)
2026/10/05 00:38:50 OK   00022_sp04_legal_hold_dependencies.sql (5.24ms)
2026/10/05 00:38:50 OK   00023_sp04_archive_query_intent.sql (3.67ms)
2026/10/05 00:38:50 OK   00024_sp05_finding_incident.sql (32.59ms)
2026/10/05 00:38:50 OK   00025_sp05_incident_event_time.sql (4.78ms)
2026/10/05 00:38:50 OK   00026_sp05_source_binding_lock.sql (2.81ms)
2026/10/05 00:38:50 OK   00027_sp05_rca_and_poll.sql (10.15ms)
2026/10/05 00:38:50 OK   00028_sp05_operator_lock.sql (4.5ms)
2026/10/05 00:38:50 OK   00029_sp05_evidence_links.sql (8.59ms)
2026/10/05 00:38:50 OK   00030_sp05_recipe_fence.sql (5.57ms)
2026/10/05 00:38:50 OK   00031_sp05_rca_postcheck.sql (3.17ms)
2026/10/05 00:38:50 OK   00032_sp05_transport_audit.sql (5.49ms)
2026/10/05 00:38:50 OK   00033_sp05_poll_resolution_clock.sql (3.56ms)
2026/10/05 00:38:50 OK   00034_sp06_investigation_ledger.sql (27.4ms)
2026/10/05 00:38:50 OK   00035_sp06_admission_data_classes.sql (2.54ms)
2026/10/05 00:38:50 goose: successfully migrated database to version: 35
2026/10/05 00:38:59 OK   00001_roles_and_schemas.sql (33.95ms)
2026/10/05 00:38:59 goose: successfully migrated database to version: 1
2026/10/05 00:38:59 OK   00002_platform_meta.sql (25.95ms)
2026/10/05 00:38:59 OK   00003_finding.sql (13.06ms)
2026/10/05 00:38:59 OK   00004_incident.sql (8.06ms)
2026/10/05 00:38:59 OK   00005_investigation.sql (8.72ms)
2026/10/05 00:38:59 OK   00006_action_command.sql (5.89ms)
2026/10/05 00:38:59 OK   00007_audit.sql (7.85ms)
2026/10/05 00:38:59 OK   00008_rls.sql (7ms)
2026/10/05 00:38:59 OK   00009_idempotency_ledger.sql (5.77ms)
2026/10/05 00:38:59 OK   00010_tenant_provisioning.sql (3.5ms)
2026/10/05 00:38:59 OK   00011_source_registration_history.sql (5.66ms)
2026/10/05 00:39:00 OK   00012_config_registry_lifecycle.sql (30.12ms)
2026/10/05 00:39:00 OK   00013_audit_signed_segments.sql (25.17ms)
2026/10/05 00:39:00 OK   00014_audit_segment_predecessors.sql (9.33ms)
2026/10/05 00:39:00 OK   00015_source_schema_scope.sql (9.52ms)
2026/10/05 00:39:00 OK   00016_cluster_registration_metadata.sql (5.4ms)
2026/10/05 00:39:00 OK   00017_source_data_scope.sql (8.15ms)
2026/10/05 00:39:00 OK   00018_sp04_resources_evidence.sql (28.73ms)
2026/10/05 00:39:00 OK   00019_sp04_archive_ciphertext_bytes.sql (12.93ms)
2026/10/05 00:39:00 OK   00020_sp04_request_ledger.sql (8.18ms)
2026/10/05 00:39:00 OK   00021_sp04_archive_protection.sql (6.28ms)
2026/10/05 00:39:00 OK   00022_sp04_legal_hold_dependencies.sql (5.28ms)
2026/10/05 00:39:00 OK   00023_sp04_archive_query_intent.sql (4.06ms)
2026/10/05 00:39:00 OK   00024_sp05_finding_incident.sql (27.39ms)
2026/10/05 00:39:00 OK   00025_sp05_incident_event_time.sql (3.46ms)
2026/10/05 00:39:00 OK   00026_sp05_source_binding_lock.sql (10.12ms)
2026/10/05 00:39:00 OK   00027_sp05_rca_and_poll.sql (19.05ms)
2026/10/05 00:39:00 OK   00028_sp05_operator_lock.sql (6.44ms)
2026/10/05 00:39:00 OK   00029_sp05_evidence_links.sql (11.84ms)
2026/10/05 00:39:00 OK   00030_sp05_recipe_fence.sql (8.41ms)
2026/10/05 00:39:00 OK   00031_sp05_rca_postcheck.sql (3.86ms)
2026/10/05 00:39:00 OK   00032_sp05_transport_audit.sql (5.2ms)
2026/10/05 00:39:00 OK   00033_sp05_poll_resolution_clock.sql (7.81ms)
2026/10/05 00:39:00 OK   00034_sp06_investigation_ledger.sql (21.38ms)
2026/10/05 00:39:00 OK   00035_sp06_admission_data_classes.sql (7.51ms)
2026/10/05 00:39:00 goose: successfully migrated database to version: 35
2026/10/05 00:39:05 OK   00001_roles_and_schemas.sql (9.14ms)
2026/10/05 00:39:05 goose: successfully migrated database to version: 1
2026/10/05 00:39:05 OK   00002_platform_meta.sql (39.52ms)
2026/10/05 00:39:05 OK   00003_finding.sql (28.7ms)
2026/10/05 00:39:05 OK   00004_incident.sql (4.52ms)
2026/10/05 00:39:05 OK   00005_investigation.sql (5.23ms)
2026/10/05 00:39:05 OK   00006_action_command.sql (5.49ms)
2026/10/05 00:39:05 OK   00007_audit.sql (15.17ms)
2026/10/05 00:39:05 OK   00008_rls.sql (10.99ms)
2026/10/05 00:39:05 OK   00009_idempotency_ledger.sql (13.46ms)
2026/10/05 00:39:05 OK   00010_tenant_provisioning.sql (6.8ms)
2026/10/05 00:39:05 OK   00011_source_registration_history.sql (8.3ms)
2026/10/05 00:39:05 OK   00012_config_registry_lifecycle.sql (7.59ms)
2026/10/05 00:39:05 OK   00013_audit_signed_segments.sql (13.35ms)
2026/10/05 00:39:05 OK   00014_audit_segment_predecessors.sql (5.45ms)
2026/10/05 00:39:05 OK   00015_source_schema_scope.sql (3.41ms)
2026/10/05 00:39:05 OK   00016_cluster_registration_metadata.sql (8.29ms)
2026/10/05 00:39:05 OK   00017_source_data_scope.sql (8.83ms)
2026/10/05 00:39:05 OK   00018_sp04_resources_evidence.sql (39.41ms)
2026/10/05 00:39:05 OK   00019_sp04_archive_ciphertext_bytes.sql (11.79ms)
2026/10/05 00:39:05 OK   00020_sp04_request_ledger.sql (14.48ms)
2026/10/05 00:39:05 OK   00021_sp04_archive_protection.sql (8.83ms)
2026/10/05 00:39:05 OK   00022_sp04_legal_hold_dependencies.sql (10.03ms)
2026/10/05 00:39:05 OK   00023_sp04_archive_query_intent.sql (7.4ms)
2026/10/05 00:39:05 OK   00024_sp05_finding_incident.sql (22.08ms)
2026/10/05 00:39:05 OK   00025_sp05_incident_event_time.sql (7.68ms)
2026/10/05 00:39:05 OK   00026_sp05_source_binding_lock.sql (4.01ms)
2026/10/05 00:39:05 OK   00027_sp05_rca_and_poll.sql (8.98ms)
2026/10/05 00:39:05 OK   00028_sp05_operator_lock.sql (4.98ms)
2026/10/05 00:39:05 OK   00029_sp05_evidence_links.sql (13.43ms)
2026/10/05 00:39:05 OK   00030_sp05_recipe_fence.sql (6.42ms)
2026/10/05 00:39:05 OK   00031_sp05_rca_postcheck.sql (6.04ms)
2026/10/05 00:39:05 OK   00032_sp05_transport_audit.sql (3.73ms)
2026/10/05 00:39:05 OK   00033_sp05_poll_resolution_clock.sql (23.85ms)
2026/10/05 00:39:05 OK   00034_sp06_investigation_ledger.sql (32.57ms)
2026/10/05 00:39:05 OK   00035_sp06_admission_data_classes.sql (3.4ms)
2026/10/05 00:39:05 goose: successfully migrated database to version: 35
2026/10/05 00:39:11 OK   00001_roles_and_schemas.sql (12.38ms)
2026/10/05 00:39:11 goose: successfully migrated database to version: 1
2026/10/05 00:39:11 OK   00002_platform_meta.sql (28.14ms)
2026/10/05 00:39:11 OK   00003_finding.sql (15.79ms)
2026/10/05 00:39:11 OK   00004_incident.sql (8.22ms)
2026/10/05 00:39:11 OK   00005_investigation.sql (16.91ms)
2026/10/05 00:39:11 OK   00006_action_command.sql (9.49ms)
2026/10/05 00:39:11 OK   00007_audit.sql (33.95ms)
2026/10/05 00:39:11 OK   00008_rls.sql (35.74ms)
2026/10/05 00:39:11 OK   00009_idempotency_ledger.sql (30.87ms)
2026/10/05 00:39:11 OK   00010_tenant_provisioning.sql (12.01ms)
2026/10/05 00:39:11 OK   00011_source_registration_history.sql (19.19ms)
2026/10/05 00:39:11 OK   00012_config_registry_lifecycle.sql (24.28ms)
2026/10/05 00:39:11 OK   00013_audit_signed_segments.sql (22.88ms)
2026/10/05 00:39:11 OK   00014_audit_segment_predecessors.sql (8.69ms)
2026/10/05 00:39:11 OK   00015_source_schema_scope.sql (3.53ms)
2026/10/05 00:39:11 OK   00016_cluster_registration_metadata.sql (6.19ms)
2026/10/05 00:39:11 OK   00017_source_data_scope.sql (3.45ms)
2026/10/05 00:39:11 OK   00018_sp04_resources_evidence.sql (31.74ms)
2026/10/05 00:39:11 OK   00019_sp04_archive_ciphertext_bytes.sql (9.06ms)
2026/10/05 00:39:11 OK   00020_sp04_request_ledger.sql (10.17ms)
2026/10/05 00:39:11 OK   00021_sp04_archive_protection.sql (6.35ms)
2026/10/05 00:39:11 OK   00022_sp04_legal_hold_dependencies.sql (9.32ms)
2026/10/05 00:39:11 OK   00023_sp04_archive_query_intent.sql (10.92ms)
2026/10/05 00:39:12 OK   00024_sp05_finding_incident.sql (30.49ms)
2026/10/05 00:39:12 OK   00025_sp05_incident_event_time.sql (7.76ms)
2026/10/05 00:39:12 OK   00026_sp05_source_binding_lock.sql (5.94ms)
2026/10/05 00:39:12 OK   00027_sp05_rca_and_poll.sql (8.07ms)
2026/10/05 00:39:12 OK   00028_sp05_operator_lock.sql (5.13ms)
2026/10/05 00:39:12 OK   00029_sp05_evidence_links.sql (14.38ms)
2026/10/05 00:39:12 OK   00030_sp05_recipe_fence.sql (3.74ms)
2026/10/05 00:39:12 OK   00031_sp05_rca_postcheck.sql (3.38ms)
2026/10/05 00:39:12 OK   00032_sp05_transport_audit.sql (6.26ms)
2026/10/05 00:39:12 OK   00033_sp05_poll_resolution_clock.sql (5.97ms)
2026/10/05 00:39:12 OK   00034_sp06_investigation_ledger.sql (22.05ms)
2026/10/05 00:39:12 OK   00035_sp06_admission_data_classes.sql (15.22ms)
2026/10/05 00:39:12 goose: successfully migrated database to version: 35
2026/10/05 00:39:16 OK   00001_roles_and_schemas.sql (9.66ms)
2026/10/05 00:39:16 goose: successfully migrated database to version: 1
2026/10/05 00:39:17 OK   00002_platform_meta.sql (50.83ms)
2026/10/05 00:39:17 OK   00003_finding.sql (22.15ms)
2026/10/05 00:39:17 OK   00004_incident.sql (11.12ms)
2026/10/05 00:39:17 OK   00005_investigation.sql (10.02ms)
2026/10/05 00:39:17 OK   00006_action_command.sql (4.74ms)
2026/10/05 00:39:17 OK   00007_audit.sql (13.96ms)
2026/10/05 00:39:17 OK   00008_rls.sql (10.29ms)
2026/10/05 00:39:17 OK   00009_idempotency_ledger.sql (6.94ms)
2026/10/05 00:39:17 OK   00010_tenant_provisioning.sql (4.24ms)
2026/10/05 00:39:17 OK   00011_source_registration_history.sql (6.37ms)
2026/10/05 00:39:17 OK   00012_config_registry_lifecycle.sql (9.08ms)
2026/10/05 00:39:17 OK   00013_audit_signed_segments.sql (10.68ms)
2026/10/05 00:39:17 OK   00014_audit_segment_predecessors.sql (12.17ms)
2026/10/05 00:39:17 OK   00015_source_schema_scope.sql (10.75ms)
2026/10/05 00:39:17 OK   00016_cluster_registration_metadata.sql (20.62ms)
2026/10/05 00:39:17 OK   00017_source_data_scope.sql (10.09ms)
2026/10/05 00:39:17 OK   00018_sp04_resources_evidence.sql (22.66ms)
2026/10/05 00:39:17 OK   00019_sp04_archive_ciphertext_bytes.sql (6.77ms)
2026/10/05 00:39:17 OK   00020_sp04_request_ledger.sql (7.98ms)
2026/10/05 00:39:17 OK   00021_sp04_archive_protection.sql (9.94ms)
2026/10/05 00:39:17 OK   00022_sp04_legal_hold_dependencies.sql (4.37ms)
2026/10/05 00:39:17 OK   00023_sp04_archive_query_intent.sql (6.57ms)
2026/10/05 00:39:17 OK   00024_sp05_finding_incident.sql (16.99ms)
2026/10/05 00:39:17 OK   00025_sp05_incident_event_time.sql (13.55ms)
2026/10/05 00:39:17 OK   00026_sp05_source_binding_lock.sql (5.7ms)
2026/10/05 00:39:17 OK   00027_sp05_rca_and_poll.sql (7.6ms)
2026/10/05 00:39:17 OK   00028_sp05_operator_lock.sql (4.18ms)
2026/10/05 00:39:17 OK   00029_sp05_evidence_links.sql (10.26ms)
2026/10/05 00:39:17 OK   00030_sp05_recipe_fence.sql (3.68ms)
2026/10/05 00:39:17 OK   00031_sp05_rca_postcheck.sql (3.79ms)
2026/10/05 00:39:17 OK   00032_sp05_transport_audit.sql (3.38ms)
2026/10/05 00:39:17 OK   00033_sp05_poll_resolution_clock.sql (4.45ms)
2026/10/05 00:39:17 OK   00034_sp06_investigation_ledger.sql (30.33ms)
2026/10/05 00:39:17 OK   00035_sp06_admission_data_classes.sql (9.28ms)
2026/10/05 00:39:17 goose: successfully migrated database to version: 35
2026/10/05 00:39:23 OK   00001_roles_and_schemas.sql (10.95ms)
2026/10/05 00:39:23 goose: successfully migrated database to version: 1
2026/10/05 00:39:23 OK   00002_platform_meta.sql (43ms)
2026/10/05 00:39:23 OK   00003_finding.sql (26.33ms)
2026/10/05 00:39:23 OK   00004_incident.sql (15.16ms)
2026/10/05 00:39:23 OK   00005_investigation.sql (16.63ms)
2026/10/05 00:39:23 OK   00006_action_command.sql (16.99ms)
2026/10/05 00:39:23 OK   00007_audit.sql (16.71ms)
2026/10/05 00:39:23 OK   00008_rls.sql (16.12ms)
2026/10/05 00:39:23 OK   00009_idempotency_ledger.sql (13.43ms)
2026/10/05 00:39:23 OK   00010_tenant_provisioning.sql (9.08ms)
2026/10/05 00:39:24 OK   00011_source_registration_history.sql (10.7ms)
2026/10/05 00:39:24 OK   00012_config_registry_lifecycle.sql (24.54ms)
2026/10/05 00:39:24 OK   00013_audit_signed_segments.sql (16.08ms)
2026/10/05 00:39:24 OK   00014_audit_segment_predecessors.sql (15.7ms)
2026/10/05 00:39:24 OK   00015_source_schema_scope.sql (11.28ms)
2026/10/05 00:39:24 OK   00016_cluster_registration_metadata.sql (4.94ms)
2026/10/05 00:39:24 OK   00017_source_data_scope.sql (4.05ms)
2026/10/05 00:39:24 OK   00018_sp04_resources_evidence.sql (19.87ms)
2026/10/05 00:39:24 OK   00019_sp04_archive_ciphertext_bytes.sql (7.51ms)
2026/10/05 00:39:24 OK   00020_sp04_request_ledger.sql (8.98ms)
2026/10/05 00:39:24 OK   00021_sp04_archive_protection.sql (4.69ms)
2026/10/05 00:39:24 OK   00022_sp04_legal_hold_dependencies.sql (10.15ms)
2026/10/05 00:39:24 OK   00023_sp04_archive_query_intent.sql (3.35ms)
2026/10/05 00:39:24 OK   00024_sp05_finding_incident.sql (24.88ms)
2026/10/05 00:39:24 OK   00025_sp05_incident_event_time.sql (3.84ms)
2026/10/05 00:39:24 OK   00026_sp05_source_binding_lock.sql (4.78ms)
2026/10/05 00:39:24 OK   00027_sp05_rca_and_poll.sql (17.95ms)
2026/10/05 00:39:24 OK   00028_sp05_operator_lock.sql (4.23ms)
2026/10/05 00:39:24 OK   00029_sp05_evidence_links.sql (9.97ms)
2026/10/05 00:39:24 OK   00030_sp05_recipe_fence.sql (4.84ms)
2026/10/05 00:39:24 OK   00031_sp05_rca_postcheck.sql (10.16ms)
2026/10/05 00:39:24 OK   00032_sp05_transport_audit.sql (3.63ms)
2026/10/05 00:39:24 OK   00033_sp05_poll_resolution_clock.sql (2.88ms)
2026/10/05 00:39:24 OK   00034_sp06_investigation_ledger.sql (32.21ms)
2026/10/05 00:39:24 OK   00035_sp06_admission_data_classes.sql (3.76ms)
2026/10/05 00:39:24 goose: successfully migrated database to version: 35
2026/10/05 00:39:33 OK   00001_roles_and_schemas.sql (28.14ms)
2026/10/05 00:39:33 goose: successfully migrated database to version: 1
2026/10/05 00:39:33 OK   00002_platform_meta.sql (31.91ms)
2026/10/05 00:39:33 OK   00003_finding.sql (8.92ms)
2026/10/05 00:39:33 OK   00004_incident.sql (21.25ms)
2026/10/05 00:39:33 OK   00005_investigation.sql (8.93ms)
2026/10/05 00:39:33 OK   00006_action_command.sql (8.84ms)
2026/10/05 00:39:33 OK   00007_audit.sql (16.14ms)
2026/10/05 00:39:33 OK   00008_rls.sql (11.31ms)
2026/10/05 00:39:33 OK   00009_idempotency_ledger.sql (13.25ms)
2026/10/05 00:39:33 OK   00010_tenant_provisioning.sql (13.62ms)
2026/10/05 00:39:33 OK   00011_source_registration_history.sql (39.91ms)
2026/10/05 00:39:33 OK   00012_config_registry_lifecycle.sql (28.01ms)
2026/10/05 00:39:33 OK   00013_audit_signed_segments.sql (14.55ms)
2026/10/05 00:39:33 OK   00014_audit_segment_predecessors.sql (11.94ms)
2026/10/05 00:39:33 OK   00015_source_schema_scope.sql (7.31ms)
2026/10/05 00:39:33 OK   00016_cluster_registration_metadata.sql (16.03ms)
2026/10/05 00:39:33 OK   00017_source_data_scope.sql (4.3ms)
2026/10/05 00:39:33 OK   00018_sp04_resources_evidence.sql (27.28ms)
2026/10/05 00:39:33 OK   00019_sp04_archive_ciphertext_bytes.sql (4.28ms)
2026/10/05 00:39:33 OK   00020_sp04_request_ledger.sql (6.45ms)
2026/10/05 00:39:33 OK   00021_sp04_archive_protection.sql (6.47ms)
2026/10/05 00:39:33 OK   00022_sp04_legal_hold_dependencies.sql (6.19ms)
2026/10/05 00:39:33 OK   00023_sp04_archive_query_intent.sql (5.75ms)
2026/10/05 00:39:33 OK   00024_sp05_finding_incident.sql (19.63ms)
2026/10/05 00:39:33 OK   00025_sp05_incident_event_time.sql (9.2ms)
2026/10/05 00:39:33 OK   00026_sp05_source_binding_lock.sql (5.21ms)
2026/10/05 00:39:33 OK   00027_sp05_rca_and_poll.sql (7.26ms)
2026/10/05 00:39:33 OK   00028_sp05_operator_lock.sql (2.84ms)
2026/10/05 00:39:33 OK   00029_sp05_evidence_links.sql (4.35ms)
2026/10/05 00:39:33 OK   00030_sp05_recipe_fence.sql (4.84ms)
2026/10/05 00:39:33 OK   00031_sp05_rca_postcheck.sql (4.19ms)
2026/10/05 00:39:33 OK   00032_sp05_transport_audit.sql (2.94ms)
2026/10/05 00:39:33 OK   00033_sp05_poll_resolution_clock.sql (3.43ms)
2026/10/05 00:39:33 OK   00034_sp06_investigation_ledger.sql (25.98ms)
2026/10/05 00:39:33 OK   00035_sp06_admission_data_classes.sql (5.71ms)
2026/10/05 00:39:33 goose: successfully migrated database to version: 35
2026/10/05 00:39:43 OK   00001_roles_and_schemas.sql (33.74ms)
2026/10/05 00:39:43 goose: successfully migrated database to version: 1
2026/10/05 00:39:43 OK   00002_platform_meta.sql (27.14ms)
2026/10/05 00:39:43 OK   00003_finding.sql (6.98ms)
2026/10/05 00:39:43 OK   00004_incident.sql (5.52ms)
2026/10/05 00:39:43 OK   00005_investigation.sql (9.88ms)
2026/10/05 00:39:43 OK   00006_action_command.sql (10.18ms)
2026/10/05 00:39:43 OK   00007_audit.sql (14.07ms)
2026/10/05 00:39:43 OK   00008_rls.sql (7.89ms)
2026/10/05 00:39:43 OK   00009_idempotency_ledger.sql (6.61ms)
2026/10/05 00:39:43 OK   00010_tenant_provisioning.sql (8.34ms)
2026/10/05 00:39:43 OK   00011_source_registration_history.sql (10.13ms)
2026/10/05 00:39:43 OK   00012_config_registry_lifecycle.sql (8.36ms)
2026/10/05 00:39:43 OK   00013_audit_signed_segments.sql (16.65ms)
2026/10/05 00:39:43 OK   00014_audit_segment_predecessors.sql (6.15ms)
2026/10/05 00:39:43 OK   00015_source_schema_scope.sql (3.74ms)
2026/10/05 00:39:43 OK   00016_cluster_registration_metadata.sql (4.92ms)
2026/10/05 00:39:43 OK   00017_source_data_scope.sql (5.72ms)
2026/10/05 00:39:44 OK   00018_sp04_resources_evidence.sql (38.07ms)
2026/10/05 00:39:44 OK   00019_sp04_archive_ciphertext_bytes.sql (9.09ms)
2026/10/05 00:39:44 OK   00020_sp04_request_ledger.sql (12.38ms)
2026/10/05 00:39:44 OK   00021_sp04_archive_protection.sql (6.61ms)
2026/10/05 00:39:44 OK   00022_sp04_legal_hold_dependencies.sql (4.77ms)
2026/10/05 00:39:44 OK   00023_sp04_archive_query_intent.sql (7.19ms)
2026/10/05 00:39:44 OK   00024_sp05_finding_incident.sql (16.59ms)
2026/10/05 00:39:44 OK   00025_sp05_incident_event_time.sql (5.5ms)
2026/10/05 00:39:44 OK   00026_sp05_source_binding_lock.sql (4.21ms)
2026/10/05 00:39:44 OK   00027_sp05_rca_and_poll.sql (12.79ms)
2026/10/05 00:39:44 OK   00028_sp05_operator_lock.sql (5ms)
2026/10/05 00:39:44 OK   00029_sp05_evidence_links.sql (6.05ms)
2026/10/05 00:39:44 OK   00030_sp05_recipe_fence.sql (3.48ms)
2026/10/05 00:39:44 OK   00031_sp05_rca_postcheck.sql (6.19ms)
2026/10/05 00:39:44 OK   00032_sp05_transport_audit.sql (4.57ms)
2026/10/05 00:39:44 OK   00033_sp05_poll_resolution_clock.sql (6.41ms)
2026/10/05 00:39:44 OK   00034_sp06_investigation_ledger.sql (38.86ms)
2026/10/05 00:39:44 OK   00035_sp06_admission_data_classes.sql (9.01ms)
2026/10/05 00:39:44 goose: successfully migrated database to version: 35
2026/10/05 00:39:50 OK   00001_roles_and_schemas.sql (38.81ms)
2026/10/05 00:39:50 goose: successfully migrated database to version: 1
2026/10/05 00:39:50 OK   00002_platform_meta.sql (27.41ms)
2026/10/05 00:39:50 OK   00003_finding.sql (10.44ms)
2026/10/05 00:39:50 OK   00004_incident.sql (4.4ms)
2026/10/05 00:39:50 OK   00005_investigation.sql (5.8ms)
2026/10/05 00:39:50 OK   00006_action_command.sql (14.37ms)
2026/10/05 00:39:50 OK   00007_audit.sql (12.91ms)
2026/10/05 00:39:50 OK   00008_rls.sql (33.62ms)
2026/10/05 00:39:50 OK   00009_idempotency_ledger.sql (15.73ms)
2026/10/05 00:39:50 OK   00010_tenant_provisioning.sql (9.57ms)
2026/10/05 00:39:50 OK   00011_source_registration_history.sql (18.66ms)
2026/10/05 00:39:50 OK   00012_config_registry_lifecycle.sql (8.86ms)
2026/10/05 00:39:50 OK   00013_audit_signed_segments.sql (33.1ms)
2026/10/05 00:39:50 OK   00014_audit_segment_predecessors.sql (12.69ms)
2026/10/05 00:39:50 OK   00015_source_schema_scope.sql (6.55ms)
2026/10/05 00:39:50 OK   00016_cluster_registration_metadata.sql (7.24ms)
2026/10/05 00:39:50 OK   00017_source_data_scope.sql (7.86ms)
2026/10/05 00:39:50 OK   00018_sp04_resources_evidence.sql (22.31ms)
2026/10/05 00:39:50 OK   00019_sp04_archive_ciphertext_bytes.sql (6.91ms)
2026/10/05 00:39:50 OK   00020_sp04_request_ledger.sql (8.96ms)
2026/10/05 00:39:50 OK   00021_sp04_archive_protection.sql (4.25ms)
2026/10/05 00:39:50 OK   00022_sp04_legal_hold_dependencies.sql (3.45ms)
2026/10/05 00:39:50 OK   00023_sp04_archive_query_intent.sql (5.8ms)
2026/10/05 00:39:50 OK   00024_sp05_finding_incident.sql (28.02ms)
2026/10/05 00:39:50 OK   00025_sp05_incident_event_time.sql (8.21ms)
2026/10/05 00:39:50 OK   00026_sp05_source_binding_lock.sql (9.05ms)
2026/10/05 00:39:50 OK   00027_sp05_rca_and_poll.sql (10.49ms)
2026/10/05 00:39:50 OK   00028_sp05_operator_lock.sql (4.75ms)
2026/10/05 00:39:50 OK   00029_sp05_evidence_links.sql (25.71ms)
2026/10/05 00:39:50 OK   00030_sp05_recipe_fence.sql (3.49ms)
2026/10/05 00:39:50 OK   00031_sp05_rca_postcheck.sql (2.78ms)
2026/10/05 00:39:50 OK   00032_sp05_transport_audit.sql (2.95ms)
2026/10/05 00:39:50 OK   00033_sp05_poll_resolution_clock.sql (3.49ms)
2026/10/05 00:39:50 OK   00034_sp06_investigation_ledger.sql (35.16ms)
2026/10/05 00:39:50 OK   00035_sp06_admission_data_classes.sql (3.72ms)
2026/10/05 00:39:50 goose: successfully migrated database to version: 35
2026/10/05 00:40:00 OK   00001_roles_and_schemas.sql (19.33ms)
2026/10/05 00:40:00 goose: successfully migrated database to version: 1
2026/10/05 00:40:00 OK   00002_platform_meta.sql (40.15ms)
2026/10/05 00:40:00 OK   00003_finding.sql (24.56ms)
2026/10/05 00:40:00 OK   00004_incident.sql (5.74ms)
2026/10/05 00:40:00 OK   00005_investigation.sql (18.16ms)
2026/10/05 00:40:00 OK   00006_action_command.sql (15.02ms)
2026/10/05 00:40:00 OK   00007_audit.sql (7.81ms)
2026/10/05 00:40:00 OK   00008_rls.sql (18.99ms)
2026/10/05 00:40:00 OK   00009_idempotency_ledger.sql (13.04ms)
2026/10/05 00:40:00 OK   00010_tenant_provisioning.sql (19.74ms)
2026/10/05 00:40:00 OK   00011_source_registration_history.sql (10.01ms)
2026/10/05 00:40:00 OK   00012_config_registry_lifecycle.sql (25.68ms)
2026/10/05 00:40:00 OK   00013_audit_signed_segments.sql (27.19ms)
2026/10/05 00:40:00 OK   00014_audit_segment_predecessors.sql (14.32ms)
2026/10/05 00:40:00 OK   00015_source_schema_scope.sql (8.52ms)
2026/10/05 00:40:00 OK   00016_cluster_registration_metadata.sql (13.25ms)
2026/10/05 00:40:00 OK   00017_source_data_scope.sql (4.94ms)
2026/10/05 00:40:00 OK   00018_sp04_resources_evidence.sql (28.81ms)
2026/10/05 00:40:00 OK   00019_sp04_archive_ciphertext_bytes.sql (4.6ms)
2026/10/05 00:40:00 OK   00020_sp04_request_ledger.sql (5.48ms)
2026/10/05 00:40:00 OK   00021_sp04_archive_protection.sql (4.32ms)
2026/10/05 00:40:00 OK   00022_sp04_legal_hold_dependencies.sql (3.58ms)
2026/10/05 00:40:00 OK   00023_sp04_archive_query_intent.sql (5.53ms)
2026/10/05 00:40:00 OK   00024_sp05_finding_incident.sql (16.49ms)
2026/10/05 00:40:00 OK   00025_sp05_incident_event_time.sql (10.87ms)
2026/10/05 00:40:00 OK   00026_sp05_source_binding_lock.sql (4.65ms)
2026/10/05 00:40:00 OK   00027_sp05_rca_and_poll.sql (9.38ms)
2026/10/05 00:40:00 OK   00028_sp05_operator_lock.sql (10.64ms)
2026/10/05 00:40:00 OK   00029_sp05_evidence_links.sql (11.04ms)
2026/10/05 00:40:00 OK   00030_sp05_recipe_fence.sql (8.1ms)
2026/10/05 00:40:00 OK   00031_sp05_rca_postcheck.sql (4.74ms)
2026/10/05 00:40:00 OK   00032_sp05_transport_audit.sql (6.62ms)
2026/10/05 00:40:00 OK   00033_sp05_poll_resolution_clock.sql (9.02ms)
2026/10/05 00:40:00 OK   00034_sp06_investigation_ledger.sql (16.86ms)
2026/10/05 00:40:00 OK   00035_sp06_admission_data_classes.sql (10.08ms)
2026/10/05 00:40:00 goose: successfully migrated database to version: 35
2026/10/05 00:40:06 OK   00001_roles_and_schemas.sql (28.31ms)
2026/10/05 00:40:06 goose: successfully migrated database to version: 1
2026/10/05 00:40:06 OK   00002_platform_meta.sql (15.03ms)
2026/10/05 00:40:06 OK   00003_finding.sql (16.66ms)
2026/10/05 00:40:06 OK   00004_incident.sql (11.7ms)
2026/10/05 00:40:06 OK   00005_investigation.sql (13.76ms)
2026/10/05 00:40:06 OK   00006_action_command.sql (19.51ms)
2026/10/05 00:40:06 OK   00007_audit.sql (15.4ms)
2026/10/05 00:40:06 OK   00008_rls.sql (15.3ms)
2026/10/05 00:40:06 OK   00009_idempotency_ledger.sql (11.25ms)
2026/10/05 00:40:06 OK   00010_tenant_provisioning.sql (10.85ms)
2026/10/05 00:40:06 OK   00011_source_registration_history.sql (11.25ms)
2026/10/05 00:40:06 OK   00012_config_registry_lifecycle.sql (11.33ms)
2026/10/05 00:40:06 OK   00013_audit_signed_segments.sql (15.04ms)
2026/10/05 00:40:06 OK   00014_audit_segment_predecessors.sql (10.65ms)
2026/10/05 00:40:06 OK   00015_source_schema_scope.sql (4.01ms)
2026/10/05 00:40:06 OK   00016_cluster_registration_metadata.sql (9.98ms)
2026/10/05 00:40:06 OK   00017_source_data_scope.sql (5.12ms)
2026/10/05 00:40:06 OK   00018_sp04_resources_evidence.sql (28.31ms)
2026/10/05 00:40:06 OK   00019_sp04_archive_ciphertext_bytes.sql (7.82ms)
2026/10/05 00:40:06 OK   00020_sp04_request_ledger.sql (6.13ms)
2026/10/05 00:40:06 OK   00021_sp04_archive_protection.sql (4.25ms)
2026/10/05 00:40:06 OK   00022_sp04_legal_hold_dependencies.sql (3.38ms)
2026/10/05 00:40:06 OK   00023_sp04_archive_query_intent.sql (10.57ms)
2026/10/05 00:40:06 OK   00024_sp05_finding_incident.sql (22.5ms)
2026/10/05 00:40:06 OK   00025_sp05_incident_event_time.sql (7.07ms)
2026/10/05 00:40:06 OK   00026_sp05_source_binding_lock.sql (11.11ms)
2026/10/05 00:40:06 OK   00027_sp05_rca_and_poll.sql (18.28ms)
2026/10/05 00:40:06 OK   00028_sp05_operator_lock.sql (10.57ms)
2026/10/05 00:40:06 OK   00029_sp05_evidence_links.sql (5.53ms)
2026/10/05 00:40:06 OK   00030_sp05_recipe_fence.sql (5.37ms)
2026/10/05 00:40:06 OK   00031_sp05_rca_postcheck.sql (7.78ms)
2026/10/05 00:40:06 OK   00032_sp05_transport_audit.sql (9.68ms)
2026/10/05 00:40:06 OK   00033_sp05_poll_resolution_clock.sql (4.32ms)
2026/10/05 00:40:06 OK   00034_sp06_investigation_ledger.sql (17.52ms)
2026/10/05 00:40:06 OK   00035_sp06_admission_data_classes.sql (4.93ms)
2026/10/05 00:40:06 goose: successfully migrated database to version: 35
2026/10/05 00:40:13 OK   00001_roles_and_schemas.sql (16.84ms)
2026/10/05 00:40:13 goose: successfully migrated database to version: 1
2026/10/05 00:40:13 OK   00002_platform_meta.sql (17.1ms)
2026/10/05 00:40:13 OK   00003_finding.sql (7.53ms)
2026/10/05 00:40:13 OK   00004_incident.sql (6.39ms)
2026/10/05 00:40:13 OK   00005_investigation.sql (18.78ms)
2026/10/05 00:40:13 OK   00006_action_command.sql (15.83ms)
2026/10/05 00:40:13 OK   00007_audit.sql (27.78ms)
2026/10/05 00:40:13 OK   00008_rls.sql (11.9ms)
2026/10/05 00:40:13 OK   00009_idempotency_ledger.sql (6.59ms)
2026/10/05 00:40:13 OK   00010_tenant_provisioning.sql (3.69ms)
2026/10/05 00:40:13 OK   00011_source_registration_history.sql (10.96ms)
2026/10/05 00:40:13 OK   00012_config_registry_lifecycle.sql (11.75ms)
2026/10/05 00:40:13 OK   00013_audit_signed_segments.sql (14.76ms)
2026/10/05 00:40:13 OK   00014_audit_segment_predecessors.sql (4.94ms)
2026/10/05 00:40:13 OK   00015_source_schema_scope.sql (5.8ms)
2026/10/05 00:40:13 OK   00016_cluster_registration_metadata.sql (27.88ms)
2026/10/05 00:40:13 OK   00017_source_data_scope.sql (11.85ms)
2026/10/05 00:40:13 OK   00018_sp04_resources_evidence.sql (21.57ms)
2026/10/05 00:40:13 OK   00019_sp04_archive_ciphertext_bytes.sql (14.34ms)
2026/10/05 00:40:13 OK   00020_sp04_request_ledger.sql (7.57ms)
2026/10/05 00:40:13 OK   00021_sp04_archive_protection.sql (9.54ms)
2026/10/05 00:40:13 OK   00022_sp04_legal_hold_dependencies.sql (9.6ms)
2026/10/05 00:40:13 OK   00023_sp04_archive_query_intent.sql (4.33ms)
2026/10/05 00:40:13 OK   00024_sp05_finding_incident.sql (27.12ms)
2026/10/05 00:40:13 OK   00025_sp05_incident_event_time.sql (3.15ms)
2026/10/05 00:40:13 OK   00026_sp05_source_binding_lock.sql (4.88ms)
2026/10/05 00:40:13 OK   00027_sp05_rca_and_poll.sql (14.93ms)
2026/10/05 00:40:13 OK   00028_sp05_operator_lock.sql (6.13ms)
2026/10/05 00:40:13 OK   00029_sp05_evidence_links.sql (6ms)
2026/10/05 00:40:13 OK   00030_sp05_recipe_fence.sql (12.56ms)
2026/10/05 00:40:13 OK   00031_sp05_rca_postcheck.sql (4.18ms)
2026/10/05 00:40:13 OK   00032_sp05_transport_audit.sql (4.44ms)
2026/10/05 00:40:13 OK   00033_sp05_poll_resolution_clock.sql (6.12ms)
2026/10/05 00:40:13 OK   00034_sp06_investigation_ledger.sql (36.97ms)
2026/10/05 00:40:13 OK   00035_sp06_admission_data_classes.sql (6.78ms)
2026/10/05 00:40:13 goose: successfully migrated database to version: 35
2026/10/05 00:40:19 OK   00001_roles_and_schemas.sql (23.21ms)
2026/10/05 00:40:19 goose: successfully migrated database to version: 1
2026/10/05 00:40:19 OK   00002_platform_meta.sql (20.41ms)
2026/10/05 00:40:19 OK   00003_finding.sql (10.79ms)
2026/10/05 00:40:19 OK   00004_incident.sql (4.93ms)
2026/10/05 00:40:19 OK   00005_investigation.sql (11.33ms)
2026/10/05 00:40:19 OK   00006_action_command.sql (6.06ms)
2026/10/05 00:40:19 OK   00007_audit.sql (14.35ms)
2026/10/05 00:40:19 OK   00008_rls.sql (9.9ms)
2026/10/05 00:40:19 OK   00009_idempotency_ledger.sql (43.46ms)
2026/10/05 00:40:19 OK   00010_tenant_provisioning.sql (16.29ms)
2026/10/05 00:40:19 OK   00011_source_registration_history.sql (12.26ms)
2026/10/05 00:40:19 OK   00012_config_registry_lifecycle.sql (10.16ms)
2026/10/05 00:40:19 OK   00013_audit_signed_segments.sql (18.72ms)
2026/10/05 00:40:19 OK   00014_audit_segment_predecessors.sql (10.53ms)
2026/10/05 00:40:19 OK   00015_source_schema_scope.sql (16.03ms)
2026/10/05 00:40:19 OK   00016_cluster_registration_metadata.sql (10.32ms)
2026/10/05 00:40:19 OK   00017_source_data_scope.sql (6.04ms)
2026/10/05 00:40:19 OK   00018_sp04_resources_evidence.sql (24.63ms)
2026/10/05 00:40:19 OK   00019_sp04_archive_ciphertext_bytes.sql (3.92ms)
2026/10/05 00:40:19 OK   00020_sp04_request_ledger.sql (4.96ms)
2026/10/05 00:40:19 OK   00021_sp04_archive_protection.sql (4.75ms)
2026/10/05 00:40:19 OK   00022_sp04_legal_hold_dependencies.sql (4.18ms)
2026/10/05 00:40:19 OK   00023_sp04_archive_query_intent.sql (7.03ms)
2026/10/05 00:40:19 OK   00024_sp05_finding_incident.sql (32ms)
2026/10/05 00:40:19 OK   00025_sp05_incident_event_time.sql (4.54ms)
2026/10/05 00:40:19 OK   00026_sp05_source_binding_lock.sql (3.84ms)
2026/10/05 00:40:19 OK   00027_sp05_rca_and_poll.sql (7.64ms)
2026/10/05 00:40:19 OK   00028_sp05_operator_lock.sql (4.11ms)
2026/10/05 00:40:19 OK   00029_sp05_evidence_links.sql (11.81ms)
2026/10/05 00:40:19 OK   00030_sp05_recipe_fence.sql (7.48ms)
2026/10/05 00:40:19 OK   00031_sp05_rca_postcheck.sql (6.08ms)
2026/10/05 00:40:19 OK   00032_sp05_transport_audit.sql (10.09ms)
2026/10/05 00:40:19 OK   00033_sp05_poll_resolution_clock.sql (8.81ms)
2026/10/05 00:40:19 OK   00034_sp06_investigation_ledger.sql (31.15ms)
2026/10/05 00:40:19 OK   00035_sp06_admission_data_classes.sql (3.49ms)
2026/10/05 00:40:19 goose: successfully migrated database to version: 35
--- FAIL: TestSP05FrozenNodeHardwareUpstreamVerticalAndReplay (18.12s)
    --- FAIL: TestSP05FrozenNodeHardwareUpstreamVerticalAndReplay/conflict (5.37s)
        archive_iam_test.go:41: exit status 1
        archive_iam_test.go:135: owned fixture unavailable during cleanup
        runtime_login_test.go:29: remove isolated runtime LOGIN: failed to connect to `user=postgres database=sp03_mig_9c84c8015d7943b28680cd3099c94c73`: 127.0.0.1:32768 (127.0.0.1): dial error: dial tcp 127.0.0.1:32768: connect: connection refused
    --- FAIL: TestSP05FrozenNodeHardwareUpstreamVerticalAndReplay/degraded (0.00s)
        sp05_finding_test.go:28: connect to disposable PostgreSQL: failed to connect to `user=postgres database=postgres`: 127.0.0.1:32768 (127.0.0.1): dial error: dial tcp 127.0.0.1:32768: connect: connection refused
--- FAIL: TestSP05IncidentConcurrentCorrelationOverrideSplitMergeRecovery (0.00s)
    sp05_finding_test.go:28: connect to disposable PostgreSQL: failed to connect to `user=postgres database=postgres`: 127.0.0.1:32768 (127.0.0.1): dial error: dial tcp 127.0.0.1:32768: connect: connection refused
--- FAIL: TestSP05LegacyOutboxIsPreservedAndExplicitlyQuarantined (0.00s)
    sp05_finding_test.go:28: connect to disposable PostgreSQL: failed to connect to `user=postgres database=postgres`: 127.0.0.1:32768 (127.0.0.1): dial error: dial tcp 127.0.0.1:32768: connect: connection refused
--- FAIL: TestSP05ActualOrbStackInspectionAPIWorkerArchiveAndRestart (0.03s)
    sp05_live_test.go:47: owned Kubernetes fixture command failed ([create -f -])
--- FAIL: TestSP05ResourceNamespaceCannotBeClaimedAsClusterScoped (0.00s)
    sp05_finding_test.go:28: connect to disposable PostgreSQL: failed to connect to `user=postgres database=postgres`: 127.0.0.1:32768 (127.0.0.1): dial error: dial tcp 127.0.0.1:32768: connect: connection refused
--- FAIL: TestSP05ActualLinuxWorkerAuthorizedAnalyzerDurableChain (0.03s)
    sp05_native_worker_test.go:23: owned Kubernetes fixture command failed ([create -f -])
--- FAIL: TestSP05OfficialObservationsActualOrbStackAndControlledProbeFailure (0.03s)
    sp05_official_observations_test.go:55: owned Kubernetes fixture command failed ([create -f -])
--- FAIL: TestSP05EqualSequenceConflictAndTransportAliasAreAudited (0.00s)
    sp05_finding_test.go:28: connect to disposable PostgreSQL: failed to connect to `user=postgres database=postgres`: 127.0.0.1:32768 (127.0.0.1): dial error: dial tcp 127.0.0.1:32768: connect: connection refused
--- FAIL: TestSP05PollBirthClockSurvivesPostgreSQLPrecisionAndRestart (0.00s)
    sp05_finding_test.go:28: connect to disposable PostgreSQL: failed to connect to `user=postgres database=postgres`: 127.0.0.1:32768 (127.0.0.1): dial error: dial tcp 127.0.0.1:32768: connect: connection refused
--- FAIL: TestSP05PollCrashAfterResolveAndLateReplayCannotCreateOccurrence (0.00s)
    --- FAIL: TestSP05PollCrashAfterResolveAndLateReplayCannotCreateOccurrence/crash-before-close (0.00s)
        sp05_finding_test.go:28: connect to disposable PostgreSQL: failed to connect to `user=postgres database=postgres`: 127.0.0.1:32768 (127.0.0.1): dial error: dial tcp 127.0.0.1:32768: connect: connection refused
    --- FAIL: TestSP05PollCrashAfterResolveAndLateReplayCannotCreateOccurrence/late-replay (0.00s)
        sp05_finding_test.go:28: connect to disposable PostgreSQL: failed to connect to `user=postgres database=postgres`: 127.0.0.1:32768 (127.0.0.1): dial error: dial tcp 127.0.0.1:32768: connect: connection refused
--- FAIL: TestSP05FirstHealthyPollDurablyFencesLateAndRepeatedFiring (0.00s)
    sp05_finding_test.go:28: connect to disposable PostgreSQL: failed to connect to `user=postgres database=postgres`: 127.0.0.1:32768 (127.0.0.1): dial error: dial tcp 127.0.0.1:32768: connect: connection refused
--- FAIL: TestSP05EarlierHealthySampleCannotResolveActiveOccurrence (0.00s)
    sp05_finding_test.go:28: connect to disposable PostgreSQL: failed to connect to `user=postgres database=postgres`: 127.0.0.1:32768 (127.0.0.1): dial error: dial tcp 127.0.0.1:32768: connect: connection refused
--- FAIL: TestSP05SIGKILLClaimLeaseRecoverExactlyOnce (0.00s)
    sp05_finding_test.go:28: connect to disposable PostgreSQL: failed to connect to `user=postgres database=postgres`: 127.0.0.1:32768 (127.0.0.1): dial error: dial tcp 127.0.0.1:32768: connect: connection refused
--- FAIL: TestSP05RCARegistryImmutableEvidenceAppendOnlyAndReplayRevocation (0.00s)
    sp05_finding_test.go:28: connect to disposable PostgreSQL: failed to connect to `user=postgres database=postgres`: 127.0.0.1:32768 (127.0.0.1): dial error: dial tcp 127.0.0.1:32768: connect: connection refused
--- FAIL: TestSP05FindingRejectsMissingEvidenceWithoutPartialCommit (0.00s)
    sp05_finding_test.go:28: connect to disposable PostgreSQL: failed to connect to `user=postgres database=postgres`: 127.0.0.1:32768 (127.0.0.1): dial error: dial tcp 127.0.0.1:32768: connect: connection refused
--- FAIL: TestSP05SuppressionRecoveryAndMergeSplitReviewRegression (0.00s)
    sp05_finding_test.go:28: connect to disposable PostgreSQL: failed to connect to `user=postgres database=postgres`: 127.0.0.1:32768 (127.0.0.1): dial error: dial tcp 127.0.0.1:32768: connect: connection refused
--- FAIL: TestSP05ExactNumericTransportConflictAndFormalWindowBoundaries (0.00s)
    sp05_finding_test.go:28: connect to disposable PostgreSQL: failed to connect to `user=postgres database=postgres`: 127.0.0.1:32768 (127.0.0.1): dial error: dial tcp 127.0.0.1:32768: connect: connection refused
--- FAIL: TestSP05GoldenGraphOnlySourceWithdrawAndFindingRevisionFence (0.00s)
    sp05_finding_test.go:28: connect to disposable PostgreSQL: failed to connect to `user=postgres database=postgres`: 127.0.0.1:32768 (127.0.0.1): dial error: dial tcp 127.0.0.1:32768: connect: connection refused
--- FAIL: TestSP05GraphSourceAuthoritySerializesRevocation (0.00s)
    sp05_finding_test.go:28: connect to disposable PostgreSQL: failed to connect to `user=postgres database=postgres`: 127.0.0.1:32768 (127.0.0.1): dial error: dial tcp 127.0.0.1:32768: connect: connection refused
--- FAIL: TestSP05KubernetesBindingCannotForgeHardwareDomain (0.00s)
    sp05_finding_test.go:28: connect to disposable PostgreSQL: failed to connect to `user=postgres database=postgres`: 127.0.0.1:32768 (127.0.0.1): dial error: dial tcp 127.0.0.1:32768: connect: connection refused
--- FAIL: TestSP06ActualArchiveRetentionHoldAndReferenceRevocation (0.00s)
    sp05_finding_test.go:28: connect to disposable PostgreSQL: failed to connect to `user=postgres database=postgres`: 127.0.0.1:32768 (127.0.0.1): dial error: dial tcp 127.0.0.1:32768: connect: connection refused
--- FAIL: TestSP06RealTransitScopedSigningRotationAndTakeoverContext (0.00s)
    sp05_finding_test.go:28: connect to disposable PostgreSQL: failed to connect to `user=postgres database=postgres`: 127.0.0.1:32768 (127.0.0.1): dial error: dial tcp 127.0.0.1:32768: connect: connection refused
--- FAIL: TestSP06JobLeaseReplayAndAtomicBudget (0.00s)
    sp05_finding_test.go:28: connect to disposable PostgreSQL: failed to connect to `user=postgres database=postgres`: 127.0.0.1:32768 (127.0.0.1): dial error: dial tcp 127.0.0.1:32768: connect: connection refused
--- FAIL: TestSP06StandardMCPToolStateReplayAndDenialMatrix (0.00s)
    sp05_finding_test.go:28: connect to disposable PostgreSQL: failed to connect to `user=postgres database=postgres`: 127.0.0.1:32768 (127.0.0.1): dial error: dial tcp 127.0.0.1:32768: connect: connection refused
--- FAIL: TestSP06RealHolmesModelMCPJobAndSSE (0.00s)
    sp05_finding_test.go:28: connect to disposable PostgreSQL: failed to connect to `user=postgres database=postgres`: 127.0.0.1:32768 (127.0.0.1): dial error: dial tcp 127.0.0.1:32768: connect: connection refused
--- FAIL: TestSP06RecoveryNonceTransactionAndValidator (0.00s)
    sp05_finding_test.go:28: connect to disposable PostgreSQL: failed to connect to `user=postgres database=postgres`: 127.0.0.1:32768 (127.0.0.1): dial error: dial tcp 127.0.0.1:32768: connect: connection refused
--- FAIL: TestSP06CancelExpireAndCurrentRevocation (0.00s)
    sp05_finding_test.go:28: connect to disposable PostgreSQL: failed to connect to `user=postgres database=postgres`: 127.0.0.1:32768 (127.0.0.1): dial error: dial tcp 127.0.0.1:32768: connect: connection refused
--- FAIL: TestSP06UnknownModelUsageCannotUndercharge (0.00s)
    sp05_finding_test.go:28: connect to disposable PostgreSQL: failed to connect to `user=postgres database=postgres`: 127.0.0.1:32768 (127.0.0.1): dial error: dial tcp 127.0.0.1:32768: connect: connection refused
--- FAIL: TestSP06NarrowedContextCannotReadOrCommitD1 (0.00s)
    sp05_finding_test.go:28: connect to disposable PostgreSQL: failed to connect to `user=postgres database=postgres`: 127.0.0.1:32768 (127.0.0.1): dial error: dial tcp 127.0.0.1:32768: connect: connection refused
--- FAIL: TestSP06RecoveryReadsChargeBytesAndExhaust (0.00s)
    sp05_finding_test.go:28: connect to disposable PostgreSQL: failed to connect to `user=postgres database=postgres`: 127.0.0.1:32768 (127.0.0.1): dial error: dial tcp 127.0.0.1:32768: connect: connection refused
--- FAIL: TestSP06CachedModelReadChargesOnlyOutputBytes (0.00s)
    sp05_finding_test.go:28: connect to disposable PostgreSQL: failed to connect to `user=postgres database=postgres`: 127.0.0.1:32768 (127.0.0.1): dial error: dial tcp 127.0.0.1:32768: connect: connection refused
--- FAIL: TestSP06SSEBatchRechecksExpiryAndWithdrawal (0.00s)
    --- FAIL: TestSP06SSEBatchRechecksExpiryAndWithdrawal/expiry (0.00s)
        sp05_finding_test.go:28: connect to disposable PostgreSQL: failed to connect to `user=postgres database=postgres`: 127.0.0.1:32768 (127.0.0.1): dial error: dial tcp 127.0.0.1:32768: connect: connection refused
    --- FAIL: TestSP06SSEBatchRechecksExpiryAndWithdrawal/role (0.00s)
        sp05_finding_test.go:28: connect to disposable PostgreSQL: failed to connect to `user=postgres database=postgres`: 127.0.0.1:32768 (127.0.0.1): dial error: dial tcp 127.0.0.1:32768: connect: connection refused
    --- FAIL: TestSP06SSEBatchRechecksExpiryAndWithdrawal/source (0.00s)
        sp05_finding_test.go:28: connect to disposable PostgreSQL: failed to connect to `user=postgres database=postgres`: 127.0.0.1:32768 (127.0.0.1): dial error: dial tcp 127.0.0.1:32768: connect: connection refused
--- FAIL: TestSP06CancelIdempotencyBindsRequest (0.00s)
    sp05_finding_test.go:28: connect to disposable PostgreSQL: failed to connect to `user=postgres database=postgres`: 127.0.0.1:32768 (127.0.0.1): dial error: dial tcp 127.0.0.1:32768: connect: connection refused
--- FAIL: TestSP06ConcurrentRecoveryReadsAtomicBudget (0.00s)
    sp05_finding_test.go:28: connect to disposable PostgreSQL: failed to connect to `user=postgres database=postgres`: 127.0.0.1:32768 (127.0.0.1): dial error: dial tcp 127.0.0.1:32768: connect: connection refused
--- FAIL: TestSP06DurableSSETerminalBatchesCursorAndWithdrawal (0.00s)
    sp05_finding_test.go:28: connect to disposable PostgreSQL: failed to connect to `user=postgres database=postgres`: 127.0.0.1:32768 (127.0.0.1): dial error: dial tcp 127.0.0.1:32768: connect: connection refused
--- FAIL: TestSP06ActiveSSEClosesOnCurrentRoleOrSourceWithdrawal (0.00s)
    --- FAIL: TestSP06ActiveSSEClosesOnCurrentRoleOrSourceWithdrawal/role (0.00s)
        sp05_finding_test.go:28: connect to disposable PostgreSQL: failed to connect to `user=postgres database=postgres`: 127.0.0.1:32768 (127.0.0.1): dial error: dial tcp 127.0.0.1:32768: connect: connection refused
    --- FAIL: TestSP06ActiveSSEClosesOnCurrentRoleOrSourceWithdrawal/source (0.00s)
        sp05_finding_test.go:28: connect to disposable PostgreSQL: failed to connect to `user=postgres database=postgres`: 127.0.0.1:32768 (127.0.0.1): dial error: dial tcp 127.0.0.1:32768: connect: connection refused
--- FAIL: TestSP06SlowSSEClientWriteDeadlineAndDurableRecovery (0.00s)
    sp05_finding_test.go:28: connect to disposable PostgreSQL: failed to connect to `user=postgres database=postgres`: 127.0.0.1:32768 (127.0.0.1): dial error: dial tcp 127.0.0.1:32768: connect: connection refused
--- FAIL: TestSP06ActualCurrentRCARecommendationValidator (0.00s)
    sp05_finding_test.go:28: connect to disposable PostgreSQL: failed to connect to `user=postgres database=postgres`: 127.0.0.1:32768 (127.0.0.1): dial error: dial tcp 127.0.0.1:32768: connect: connection refused
--- FAIL: TestRevokedStepUpCannotBeRecreatedByReplayingSameJWT (0.00s)
    migrations_test.go:394: connect to disposable PostgreSQL: failed to connect to `user=postgres database=postgres`: 127.0.0.1:32768 (127.0.0.1): dial error: dial tcp 127.0.0.1:32768: connect: connection refused
--- FAIL: TestTenantProvisioningAndRoleBindingRevisions (0.00s)
    migrations_test.go:394: connect to disposable PostgreSQL: failed to connect to `user=postgres database=postgres`: 127.0.0.1:32768 (127.0.0.1): dial error: dial tcp 127.0.0.1:32768: connect: connection refused
--- FAIL: TestRealOpenBaoWorkloadPKIIssuanceAndRevocation (0.00s)
    workload_identity_test.go:36: configure workload roles in isolated OpenBao: OPENBAO_UNAVAILABLE: Get "https://127.0.0.1:32770/v1/sys/seal-status": dial tcp 127.0.0.1:32770: connect: connection refused
FAIL
FAIL	ops-platform/test/integration	179.667s
ok  	ops-platform/test/security	(cached)
?   	ops-platform/test/tools/sp05-analyzer-check	[no test files]
?   	ops-platform/test/tools/sp05-worker-check	[no test files]
?   	ops-platform/test/tools/sp06-dispatcher-process	[no test files]
FAIL
make: *** [test-unit] Error 1
